candidate_accession	representative_accession
NP_001008373.1	NP_001008373.1
NP_001009881.1	NP_001009881.1
NP_001012968.3	NP_001012968.3
NP_001018181.1	NP_001018181.1
NP_001018436.1	NP_001018436.1
NP_001021433.1	NP_001021433.1
NP_001021434.1	NP_001021434.1
NP_001021844.1	NP_001021844.1
NP_001025359.1	NP_001025359.1
NP_001029073.1	NP_001029073.1
NP_001035374.2	NP_001035374.2
NP_001035375.2	NP_001035375.2
NP_001039826.1	NP_001039826.1
NP_001072915.1	NP_001072915.1
NP_001073791.1	NP_001073791.1
NP_001086580.1	NP_001086580.1
NP_001087078.1	NP_001087078.1
NP_001087892.1	NP_001087892.1
NP_001096913.1	NP_001096913.1
NP_001100803.2	NP_001100803.2
NP_001101423.1	NP_001101423.1
NP_001107865.1	NP_001107865.1
NP_001124898.1	NP_001124898.1
NP_001142471.1	NP_001142471.1
NP_001153629.1	NP_001153629.1
NP_001157969.1	NP_001157969.1
NP_001162602.2	NP_001162602.2
NP_001165276.2	NP_001165276.2
NP_001169620.1	NP_001169620.1
NP_001169645.1	NP_001169645.1
NP_001171988.1	NP_001171988.1
NP_001172003.1	NP_001172003.1
NP_001190015.1	NP_001190015.1
NP_001190016.1	NP_001190016.1
NP_001192681.1	NP_001192681.1
NP_001193859.1	NP_001193859.1
NP_001248228.1	NP_001248228.1
NP_001248668.1	NP_001248668.1
NP_001256593.1	NP_001256593.1
NP_001258876.2	NP_001258876.2
NP_001259129.1	NP_001259129.1
NP_001259340.1	NP_001259340.1
NP_001262829.1	NP_001262829.1
NP_001262941.1	NP_001262941.1
NP_001263887.1	NP_001263887.1
NP_001267295.1	NP_001267295.1
NP_001284673.1	NP_001284673.1
NP_001284674.1	NP_001284674.1
NP_001285143.1	NP_001285143.1
NP_001285144.1	NP_001285144.1
NP_001286981.1	NP_001286981.1
NP_001297032.1	NP_001297032.1
NP_001300477.1	NP_001300477.1
NP_001300478.1	NP_001300478.1
NP_001304011.2	NP_001304011.2
NP_001310843.1	NP_001310843.1
NP_001313625.1	NP_001313625.1
NP_001315985.1	NP_001315985.1
NP_001317647.1	NP_001317647.1
NP_001318386.1	NP_001318386.1
NP_001326897.1	NP_001326897.1
NP_001326898.1	NP_001326898.1
NP_001336477.1	NP_001336477.1
NP_001336478.1	NP_001336478.1
NP_001336480.1	NP_001336480.1
NP_001347937.1	NP_001347937.1
NP_001348465.1	NP_001348465.1
NP_001348466.1	NP_001348466.1
NP_001352252.1	NP_001352252.1
NP_001352253.1	NP_001352253.1
NP_001359262.1	NP_001359262.1
NP_001360891.1	NP_001360891.1
NP_001360893.1	NP_001360893.1
NP_001366592.1	NP_001366592.1
NP_001366593.1	NP_001366593.1
NP_001366594.1	NP_001366594.1
NP_001375027.1	NP_001375027.1
NP_001375028.1	NP_001375028.1
NP_001375030.1	NP_001375030.1
NP_001375042.1	NP_001375042.1
NP_001375059.1	NP_001375059.1
NP_001375060.1	NP_001375060.1
NP_001375061.1	NP_001375061.1
NP_001375063.1	NP_001375063.1
NP_001375065.1	NP_001375065.1
NP_001375066.1	NP_001375066.1
NP_001376385.2	NP_001376385.2
NP_001386242.1	NP_001386242.1
NP_001386243.1	NP_001386243.1
NP_001388155.1	NP_001388155.1
NP_001401932.1	NP_001401932.1
NP_001401933.1	NP_001401933.1
NP_001401942.1	NP_001401942.1
NP_001401944.1	NP_001401944.1
NP_001402773.1	NP_001402773.1
NP_001413960.1	NP_001413960.1
NP_001416068.1	NP_001416068.1
NP_001431613.1	NP_001431613.1
NP_001431614.1	NP_001431614.1
NP_008930.2	NP_008930.2
NP_014100.2	NP_014100.2
NP_014526.1	NP_014526.1
NP_056084.1	NP_056084.1
NP_060579.3	NP_060579.3
NP_073741.3	NP_073741.3
NP_080433.1	NP_080433.1
NP_190161.2	NP_190161.2
NP_190162.4	NP_190162.4
NP_491621.1	NP_491621.1
NP_491834.1	NP_491834.1
NP_491841.2	NP_491841.2
NP_491842.2	NP_491842.2
NP_492446.3	NP_492446.3
NP_498099.1	NP_498099.1
NP_498100.1	NP_498100.1
NP_505067.1	NP_505067.1
NP_566048.1	NP_566048.1
NP_568798.1	NP_568798.1
NP_585909.2	NP_585909.2
NP_593157.1	NP_593157.1
NP_593571.1	NP_593571.1
NP_594901.1	NP_594901.1
NP_595210.1	NP_595210.1
NP_649693.3	NP_649693.3
NP_705766.3	NP_705766.3
NP_731129.1	NP_731129.1
NP_780681.2	NP_780681.2
NP_932110.1	NP_932110.1
NP_941002.3	NP_941002.3
NP_984654.1	NP_984654.1
NP_996325.1	NP_996325.1
WP_338171640.1	WP_338171640.1
WP_338171946.1	WP_338171946.1
WP_438995095.1	WP_438995095.1
XP_001012854.1	XP_001012854.1
XP_001012858.2	XP_001012858.2
XP_001017236.3	XP_001017236.3
XP_001029623.2	XP_001029623.2
XP_001083145.4	XP_001083145.4
XP_001083177.2	XP_001083177.2
XP_001083489.2	XP_001083489.2
XP_001136690.1	XP_001136690.1
XP_001138296.1	XP_001138296.1
XP_001146430.2	XP_001146430.2
XP_001213434.1	XP_001213434.1
XP_001216971.1	XP_001216971.1
XP_001218835.1	XP_001218835.1
XP_001222246.1	XP_001222246.1
XP_001223997.1	XP_001223997.1
XP_001241318.1	XP_001241318.1
XP_001242254.2	XP_001242254.2
XP_001244943.2	XP_001244943.2
XP_001259904.1	XP_001259904.1
XP_001274270.1	XP_001274270.1
XP_001316155.1	XP_001316155.1
XP_001335519.7	XP_001335519.7
XP_001347437.1	XP_001347437.1
XP_001350055.1	XP_001350055.1
XP_001355451.4	XP_001355451.4
XP_001358484.3	XP_001358484.3
XP_001360053.2	XP_001360053.2
XP_001366127.2	XP_001366127.2
XP_001371537.4	XP_001371537.4
XP_001375646.3	XP_001375646.3
XP_001387852.2	XP_001387852.2
XP_001390259.1	XP_001390259.1
XP_001418510.1	XP_001418510.1
XP_001418861.1	XP_001418861.1
XP_001419800.1	XP_001419800.1
XP_001423802.1	XP_001423802.1
XP_001430679.1	XP_001430679.1
XP_001448621.1	XP_001448621.1
XP_001452417.1	XP_001452417.1
XP_001452852.1	XP_001452852.1
XP_001452853.1	XP_001452853.1
XP_001459083.1	XP_001459083.1
XP_001460016.1	XP_001460016.1
XP_001460964.1	XP_001460964.1
XP_001463285.1	XP_001463285.1
XP_001464279.1	XP_001464279.1
XP_001465112.1	XP_001465112.1
XP_001465192.1	XP_001465192.1
XP_001465471.1	XP_001465471.1
XP_001467936.1	XP_001467936.1
XP_001470115.1	XP_001470115.1
XP_001470386.1	XP_001470386.1
XP_001470395.1	XP_001470395.1
XP_001485907.2	XP_001485907.2
XP_001493802.2	XP_001493802.2
XP_001507658.3	XP_001507658.3
XP_001526920.2	XP_001526920.2
XP_001536995.1	XP_001536995.1
XP_001542787.1	XP_001542787.1
XP_001562273.1	XP_001562273.1
XP_001562283.1	XP_001562283.1
XP_001562573.1	XP_001562573.1
XP_001563382.1	XP_001563382.1
XP_001564261.1	XP_001564261.1
XP_001564906.1	XP_001564906.1
XP_001566114.1	XP_001566114.1
XP_001567621.1	XP_001567621.1
XP_001594402.1	XP_001594402.1
XP_001595356.1	XP_001595356.1
XP_001602043.2	XP_001602043.2
XP_001605928.2	XP_001605928.2
XP_001607530.2	XP_001607530.2
XP_001610602.1	XP_001610602.1
XP_001610626.2	XP_001610626.2
XP_001613866.1	XP_001613866.1
XP_001614111.1	XP_001614111.1
XP_001614467.1	XP_001614467.1
XP_001634038.3	XP_001634038.3
XP_001642660.1	XP_001642660.1
XP_001644771.1	XP_001644771.1
XP_001650674.2	XP_001650674.2
XP_001654283.2	XP_001654283.2
XP_001657730.2	XP_001657730.2
XP_001680977.1	XP_001680977.1
XP_001682729.1	XP_001682729.1
XP_001682818.1	XP_001682818.1
XP_001683139.1	XP_001683139.1
XP_001684046.2	XP_001684046.2
XP_001684056.2	XP_001684056.2
XP_001684357.1	XP_001684357.1
XP_001685568.1	XP_001685568.1
XP_001687695.1	XP_001687695.1
XP_001698547.2	XP_001698547.2
XP_001704540.1	XP_001704540.1
XP_001706266.1	XP_001706266.1
XP_001729249.1	XP_001729249.1
XP_001731664.1	XP_001731664.1
XP_001733457.1	XP_001733457.1
XP_001736885.1	XP_001736885.1
XP_001737054.1	XP_001737054.1
XP_001738379.1	XP_001738379.1
XP_001739718.1	XP_001739718.1
XP_001749366.1	XP_001749366.1
XP_001792741.1	XP_001792741.1
XP_001798719.1	XP_001798719.1
XP_001804010.1	XP_001804010.1
XP_001838227.2	XP_001838227.2
XP_001838228.2	XP_001838228.2
XP_001873555.1	XP_001873555.1
XP_001879989.1	XP_001879989.1
XP_001886014.1	XP_001886014.1
XP_001886810.1	XP_001886810.1
XP_001889490.1	XP_001889490.1
XP_001901178.1	XP_001901178.1
XP_001901645.1	XP_001901645.1
XP_001907009.1	XP_001907009.1
XP_001909248.1	XP_001909248.1
XP_001938556.2	XP_001938556.2
XP_001939760.2	XP_001939760.2
XP_001942202.1	XP_001942202.1
XP_001948412.2	XP_001948412.2
XP_001948967.1	XP_001948967.1
XP_001949146.2	XP_001949146.2
XP_001953204.1	XP_001953204.1
XP_001955278.1	XP_001955278.1
XP_001956794.2	XP_001956794.2
XP_001963903.2	XP_001963903.2
XP_001967033.3	XP_001967033.3
XP_001977058.1	XP_001977058.1
XP_001977427.1	XP_001977427.1
XP_001979140.1	XP_001979140.1
XP_001981903.1	XP_001981903.1
XP_001982316.1	XP_001982316.1
XP_001982492.1	XP_001982492.1
XP_001984355.1	XP_001984355.1
XP_001991738.1	XP_001991738.1
XP_001993762.1	XP_001993762.1
XP_002002499.1	XP_002002499.1
XP_002009921.1	XP_002009921.1
XP_002013919.1	XP_002013919.1
XP_002019938.1	XP_002019938.1
XP_002021959.1	XP_002021959.1
XP_002029718.1	XP_002029718.1
XP_002032160.1	XP_002032160.1
XP_002038641.1	XP_002038641.1
XP_002040334.1	XP_002040334.1
XP_002044042.1	XP_002044042.1
XP_002044502.2	XP_002044502.2
XP_002054239.1	XP_002054239.1
XP_002054643.1	XP_002054643.1
XP_002055171.1	XP_002055171.1
XP_002057837.1	XP_002057837.1
XP_002067337.2	XP_002067337.2
XP_002068933.3	XP_002068933.3
XP_002074206.2	XP_002074206.2
XP_002093463.1	XP_002093463.1
XP_002096708.2	XP_002096708.2
XP_002098250.1	XP_002098250.1
XP_002099149.1	XP_002099149.1
XP_002099778.1	XP_002099778.1
XP_002101128.1	XP_002101128.1
XP_002101355.3	XP_002101355.3
XP_002110527.1	XP_002110527.1
XP_002110980.1	XP_002110980.1
XP_002112101.1	XP_002112101.1
XP_002113905.1	XP_002113905.1
XP_002130666.2	XP_002130666.2
XP_002141038.1	XP_002141038.1
XP_002145514.2	XP_002145514.2
XP_002159462.2	XP_002159462.2
XP_002166747.3	XP_002166747.3
XP_002172430.1	XP_002172430.1
XP_002173576.1	XP_002173576.1
XP_002173589.1	XP_002173589.1
XP_002174416.1	XP_002174416.1
XP_002176015.1	XP_002176015.1
XP_002182621.1	XP_002182621.1
XP_002182622.1	XP_002182622.1
XP_002183822.1	XP_002183822.1
XP_002185169.1	XP_002185169.1
XP_002258796.1	XP_002258796.1
XP_002260015.1	XP_002260015.1
XP_002262345.1	XP_002262345.1
XP_002277771.2	XP_002277771.2
XP_002282332.2	XP_002282332.2
XP_002296066.1	XP_002296066.1
XP_002301312.2	XP_002301312.2
XP_002316267.2	XP_002316267.2
XP_002371366.1	XP_002371366.1
XP_002417175.1	XP_002417175.1
XP_002427922.1	XP_002427922.1
XP_002428725.1	XP_002428725.1
XP_002428784.1	XP_002428784.1
XP_002429204.1	XP_002429204.1
XP_002445676.1	XP_002445676.1
XP_002451420.1	XP_002451420.1
XP_002456119.2	XP_002456119.2
XP_002457894.2	XP_002457894.2
XP_002467309.2	XP_002467309.2
XP_002487018.1	XP_002487018.1
XP_002493638.1	XP_002493638.1
XP_002495756.1	XP_002495756.1
XP_002500013.1	XP_002500013.1
XP_002506204.1	XP_002506204.1
XP_002508084.1	XP_002508084.1
XP_002524216.2	XP_002524216.2
XP_002542107.1	XP_002542107.1
XP_002543040.1	XP_002543040.1
XP_002544722.1	XP_002544722.1
XP_002550238.1	XP_002550238.1
XP_002551518.1	XP_002551518.1
XP_002565473.2	XP_002565473.2
XP_002618757.2	XP_002618757.2
XP_002621078.1	XP_002621078.1
XP_002622545.1	XP_002622545.1
XP_002635156.1	XP_002635156.1
XP_002637804.1	XP_002637804.1
XP_002640105.1	XP_002640105.1
XP_002647026.1	XP_002647026.1
XP_002649102.1	XP_002649102.1
XP_002669192.1	XP_002669192.1
XP_002678238.1	XP_002678238.1
XP_002692192.2	XP_002692192.2
XP_002717334.1	XP_002717334.1
XP_002721862.2	XP_002721862.2
XP_002732726.1	XP_002732726.1
XP_002742099.2	XP_002742099.2
XP_002742930.3	XP_002742930.3
XP_002744874.1	XP_002744874.1
XP_002750184.4	XP_002750184.4
XP_002760981.4	XP_002760981.4
XP_002760982.2	XP_002760982.2
XP_002768168.1	XP_002768168.1
XP_002774596.1	XP_002774596.1
XP_002777337.1	XP_002777337.1
XP_002781408.1	XP_002781408.1
XP_002781666.1	XP_002781666.1
XP_002786575.1	XP_002786575.1
XP_002787397.1	XP_002787397.1
XP_002789310.2	XP_002789310.2
XP_002802516.3	XP_002802516.3
XP_002810865.2	XP_002810865.2
XP_002819963.4	XP_002819963.4
XP_002835340.1	XP_002835340.1
XP_002836366.1	XP_002836366.1
XP_002839346.1	XP_002839346.1
XP_002839720.1	XP_002839720.1
XP_002849429.1	XP_002849429.1
XP_002849859.1	XP_002849859.1
XP_002864273.1	XP_002864273.1
XP_002879814.1	XP_002879814.1
XP_002880188.1	XP_002880188.1
XP_002896602.1	XP_002896602.1
XP_002901367.1	XP_002901367.1
XP_002907686.1	XP_002907686.1
XP_002910390.1	XP_002910390.1
XP_002919704.1	XP_002919704.1
XP_002931502.3	XP_002931502.3
XP_002937419.2	XP_002937419.2
XP_002940378.2	XP_002940378.2
XP_002941502.3	XP_002941502.3
XP_002945638.1	XP_002945638.1
XP_002947087.1	XP_002947087.1
XP_002948895.1	XP_002948895.1
XP_002952137.1	XP_002952137.1
XP_002955154.1	XP_002955154.1
XP_002973804.2	XP_002973804.2
XP_002983593.2	XP_002983593.2
XP_002993209.2	XP_002993209.2
XP_002997731.1	XP_002997731.1
XP_002998992.1	XP_002998992.1
XP_002999251.1	XP_002999251.1
XP_003001273.1	XP_003001273.1
XP_003008038.1	XP_003008038.1
XP_003015730.1	XP_003015730.1
XP_003015780.1	XP_003015780.1
XP_003025305.1	XP_003025305.1
XP_003025551.1	XP_003025551.1
XP_003026759.1	XP_003026759.1
XP_003028342.1	XP_003028342.1
XP_003035643.1	XP_003035643.1
XP_003044635.1	XP_003044635.1
XP_003051370.1	XP_003051370.1
XP_003052397.1	XP_003052397.1
XP_003056692.1	XP_003056692.1
XP_003057915.1	XP_003057915.1
XP_003069514.1	XP_003069514.1
XP_003070420.2	XP_003070420.2
XP_003071814.2	XP_003071814.2
XP_003079952.2	XP_003079952.2
XP_003080206.1	XP_003080206.1
XP_003081277.2	XP_003081277.2
XP_003091213.2	XP_003091213.2
XP_003093191.2	XP_003093191.2
XP_003096489.2	XP_003096489.2
XP_003102379.2	XP_003102379.2
XP_003105101.2	XP_003105101.2
XP_003110555.2	XP_003110555.2
XP_003111878.2	XP_003111878.2
XP_003112162.2	XP_003112162.2
XP_003123800.1	XP_003123800.1
XP_003130685.3	XP_003130685.3
XP_003138034.1	XP_003138034.1
XP_003141256.1	XP_003141256.1
XP_003144894.2	XP_003144894.2
XP_003169626.1	XP_003169626.1
XP_003170112.1	XP_003170112.1
XP_003193639.1	XP_003193639.1
XP_003196316.1	XP_003196316.1
XP_003196621.1	XP_003196621.1
XP_003204892.2	XP_003204892.2
XP_003216346.1	XP_003216346.1
XP_003220335.3	XP_003220335.3
XP_003224050.1	XP_003224050.1
XP_003230929.1	XP_003230929.1
XP_003244629.1	XP_003244629.1
XP_003244630.1	XP_003244630.1
XP_003246117.1	XP_003246117.1
XP_003246627.1	XP_003246627.1
XP_003263083.3	XP_003263083.3
XP_003274127.2	XP_003274127.2
XP_003283863.1	XP_003283863.1
XP_003286312.1	XP_003286312.1
XP_003288739.1	XP_003288739.1
XP_003289155.1	XP_003289155.1
XP_003289906.1	XP_003289906.1
XP_003289908.1	XP_003289908.1
XP_003290813.1	XP_003290813.1
XP_003291448.1	XP_003291448.1
XP_003292526.1	XP_003292526.1
XP_003294600.1	XP_003294600.1
XP_003310670.5	XP_003310670.5
XP_003323340.2	XP_003323340.2
XP_003328311.1	XP_003328311.1
XP_003352980.1	XP_003352980.1
XP_003367656.1	XP_003367656.1
XP_003376021.1	XP_003376021.1
XP_003377757.1	XP_003377757.1
XP_003381219.1	XP_003381219.1
XP_003384352.1	XP_003384352.1
XP_003399069.1	XP_003399069.1
XP_003399070.1	XP_003399070.1
XP_003400629.1	XP_003400629.1
XP_003408161.1	XP_003408161.1
XP_003410746.4	XP_003410746.4
XP_003419525.3	XP_003419525.3
XP_003437714.1	XP_003437714.1
XP_003438633.1	XP_003438633.1
XP_003451809.1	XP_003451809.1
XP_003467902.1	XP_003467902.1
XP_003468693.3	XP_003468693.3
XP_003487869.1	XP_003487869.1
XP_003489038.1	XP_003489038.1
XP_003490519.1	XP_003490519.1
XP_003496554.1	XP_003496554.1
XP_003509434.1	XP_003509434.1
XP_003521938.1	XP_003521938.1
XP_003529982.1	XP_003529982.1
XP_003566984.1	XP_003566984.1
XP_003573837.1	XP_003573837.1
XP_003643001.2	XP_003643001.2
XP_003645818.1	XP_003645818.1
XP_003651921.1	XP_003651921.1
XP_003653296.1	XP_003653296.1
XP_003659822.1	XP_003659822.1
XP_003660620.1	XP_003660620.1
XP_003668012.1	XP_003668012.1
XP_003671423.2	XP_003671423.2
XP_003673936.1	XP_003673936.1
XP_003675821.1	XP_003675821.1
XP_003681521.1	XP_003681521.1
XP_003683572.1	XP_003683572.1
XP_003688720.1	XP_003688720.1
XP_003691868.1	XP_003691868.1
XP_003701838.1	XP_003701838.1
XP_003714845.1	XP_003714845.1
XP_003719067.1	XP_003719067.1
XP_003747415.1	XP_003747415.1
XP_003757286.3	XP_003757286.3
XP_003759662.2	XP_003759662.2
XP_003761347.1	XP_003761347.1
XP_003792582.1	XP_003792582.1
XP_003798832.1	XP_003798832.1
XP_003806732.1	XP_003806732.1
XP_003808011.2	XP_003808011.2
XP_003822327.1	XP_003822327.1
XP_003822328.1	XP_003822328.1
XP_003828536.1	XP_003828536.1
XP_003843481.1	XP_003843481.1
XP_003854459.1	XP_003854459.1
XP_003855523.1	XP_003855523.1
XP_003858515.1	XP_003858515.1
XP_003859469.1	XP_003859469.1
XP_003860728.1	XP_003860728.1
XP_003861627.1	XP_003861627.1
XP_003861637.1	XP_003861637.1
XP_003862183.1	XP_003862183.1
XP_003868035.1	XP_003868035.1
XP_003872217.1	XP_003872217.1
XP_003873468.1	XP_003873468.1
XP_003874320.1	XP_003874320.1
XP_003875128.1	XP_003875128.1
XP_003875442.1	XP_003875442.1
XP_003876343.1	XP_003876343.1
XP_003876353.1	XP_003876353.1
XP_003876913.1	XP_003876913.1
XP_003878093.1	XP_003878093.1
XP_003882578.1	XP_003882578.1
XP_003883088.1	XP_003883088.1
XP_003886376.1	XP_003886376.1
XP_003899912.1	XP_003899912.1
XP_003899913.1	XP_003899913.1
XP_003903561.1	XP_003903561.1
XP_003920278.2	XP_003920278.2
XP_003920859.1	XP_003920859.1
XP_003921600.2	XP_003921600.2
XP_003932554.2	XP_003932554.2
XP_003937307.2	XP_003937307.2
XP_003938441.3	XP_003938441.3
XP_003941182.1	XP_003941182.1
XP_003955406.1	XP_003955406.1
XP_003956289.1	XP_003956289.1
XP_003961518.2	XP_003961518.2
XP_003969058.2	XP_003969058.2
XP_003988250.3	XP_003988250.3
XP_003993559.1	XP_003993559.1
XP_003995504.2	XP_003995504.2
XP_004014322.1	XP_004014322.1
XP_004048245.4	XP_004048245.4
XP_004051405.3	XP_004051405.3
XP_004059103.3	XP_004059103.3
XP_004067543.1	XP_004067543.1
XP_004078069.1	XP_004078069.1
XP_004141224.1	XP_004141224.1
XP_004178092.1	XP_004178092.1
XP_004179187.1	XP_004179187.1
XP_004183989.1	XP_004183989.1
XP_004222039.1	XP_004222039.1
XP_004223684.1	XP_004223684.1
XP_004225050.1	XP_004225050.1
XP_004225105.1	XP_004225105.1
XP_004225899.2	XP_004225899.2
XP_004229872.1	XP_004229872.1
XP_004250756.2	XP_004250756.2
XP_004256050.1	XP_004256050.1
XP_004264258.1	XP_004264258.1
XP_004264931.2	XP_004264931.2
XP_004270894.1	XP_004270894.1
XP_004270896.1	XP_004270896.1
XP_004283093.1	XP_004283093.1
XP_004288636.1	XP_004288636.1
XP_004307468.1	XP_004307468.1
XP_004308427.1	XP_004308427.1
XP_004338200.1	XP_004338200.1
XP_004339627.1	XP_004339627.1
XP_004346582.1	XP_004346582.1
XP_004349811.2	XP_004349811.2
XP_004351884.1	XP_004351884.1
XP_004353585.1	XP_004353585.1
XP_004354618.1	XP_004354618.1
XP_004358200.1	XP_004358200.1
XP_004358201.1	XP_004358201.1
XP_004358207.1	XP_004358207.1
XP_004359409.1	XP_004359409.1
XP_004361754.1	XP_004361754.1
XP_004371699.1	XP_004371699.1
XP_004371785.1	XP_004371785.1
XP_004374522.1	XP_004374522.1
XP_004374523.1	XP_004374523.1
XP_004380330.1	XP_004380330.1
XP_004381375.2	XP_004381375.2
XP_004383907.2	XP_004383907.2
XP_004386310.1	XP_004386310.1
XP_004405651.1	XP_004405651.1
XP_004405653.1	XP_004405653.1
XP_004408575.1	XP_004408575.1
XP_004411052.1	XP_004411052.1
XP_004413813.1	XP_004413813.1
XP_004416505.1	XP_004416505.1
XP_004416506.1	XP_004416506.1
XP_004417375.1	XP_004417375.1
XP_004425313.1	XP_004425313.1
XP_004437534.1	XP_004437534.1
XP_004438616.1	XP_004438616.1
XP_004440107.1	XP_004440107.1
XP_004440864.1	XP_004440864.1
XP_004455874.2	XP_004455874.2
XP_004461583.1	XP_004461583.1
XP_004461584.1	XP_004461584.1
XP_004461585.1	XP_004461585.1
XP_004476563.1	XP_004476563.1
XP_004478178.2	XP_004478178.2
XP_004503175.1	XP_004503175.1
XP_004510903.1	XP_004510903.1
XP_004517977.1	XP_004517977.1
XP_004524901.1	XP_004524901.1
XP_004525671.1	XP_004525671.1
XP_004529741.1	XP_004529741.1
XP_004539755.2	XP_004539755.2
XP_004544531.2	XP_004544531.2
XP_004547002.2	XP_004547002.2
XP_004562451.3	XP_004562451.3
XP_004563709.3	XP_004563709.3
XP_004563710.3	XP_004563710.3
XP_004565176.3	XP_004565176.3
XP_004572326.1	XP_004572326.1
XP_004583893.2	XP_004583893.2
XP_004583894.1	XP_004583894.1
XP_004586295.2	XP_004586295.2
XP_004588734.2	XP_004588734.2
XP_004596832.2	XP_004596832.2
XP_004597950.2	XP_004597950.2
XP_004600734.2	XP_004600734.2
XP_004621539.2	XP_004621539.2
XP_004639170.1	XP_004639170.1
XP_004639441.1	XP_004639441.1
XP_004643446.1	XP_004643446.1
XP_004643447.1	XP_004643447.1
XP_004645796.1	XP_004645796.1
XP_004645797.1	XP_004645797.1
XP_004646802.1	XP_004646802.1
XP_004656597.2	XP_004656597.2
XP_004659699.2	XP_004659699.2
XP_004664904.2	XP_004664904.2
XP_004666164.2	XP_004666164.2
XP_004672399.1	XP_004672399.1
XP_004677848.1	XP_004677848.1
XP_004683436.1	XP_004683436.1
XP_004690385.1	XP_004690385.1
XP_004690386.1	XP_004690386.1
XP_004691251.1	XP_004691251.1
XP_004698166.1	XP_004698166.1
XP_004699478.1	XP_004699478.1
XP_004699479.1	XP_004699479.1
XP_004702509.1	XP_004702509.1
XP_004703572.1	XP_004703572.1
XP_004704739.2	XP_004704739.2
XP_004713537.1	XP_004713537.1
XP_004714657.1	XP_004714657.1
XP_004744198.2	XP_004744198.2
XP_004744199.2	XP_004744199.2
XP_004744200.2	XP_004744200.2
XP_004758030.1	XP_004758030.1
XP_004766868.1	XP_004766868.1
XP_004774186.2	XP_004774186.2
XP_004774509.1	XP_004774509.1
XP_004774511.1	XP_004774511.1
XP_004774512.1	XP_004774512.1
XP_004774513.1	XP_004774513.1
XP_004774514.1	XP_004774514.1
XP_004828842.1	XP_004828842.1
XP_004829618.1	XP_004829618.1
XP_004832032.1	XP_004832032.1
XP_004845215.1	XP_004845215.1
XP_004845219.1	XP_004845219.1
XP_004848010.2	XP_004848010.2
XP_004861843.1	XP_004861843.1
XP_004861844.1	XP_004861844.1
XP_004862518.1	XP_004862518.1
XP_004862523.1	XP_004862523.1
XP_004869297.1	XP_004869297.1
XP_004869298.1	XP_004869298.1
XP_004870270.1	XP_004870270.1
XP_004870271.1	XP_004870271.1
XP_004874422.1	XP_004874422.1
XP_004874424.1	XP_004874424.1
XP_004874425.1	XP_004874425.1
XP_004913600.1	XP_004913600.1
XP_004913601.1	XP_004913601.1
XP_004914067.2	XP_004914067.2
XP_004925449.2	XP_004925449.2
XP_004928356.1	XP_004928356.1
XP_004928359.1	XP_004928359.1
XP_004936847.2	XP_004936847.2
XP_004936849.2	XP_004936849.2
XP_004952077.2	XP_004952077.2
XP_004956242.2	XP_004956242.2
XP_004969499.1	XP_004969499.1
XP_004970558.1	XP_004970558.1
XP_004970560.1	XP_004970560.1
XP_004970561.1	XP_004970561.1
XP_004974217.1	XP_004974217.1
XP_004974218.1	XP_004974218.1
XP_004983297.1	XP_004983297.1
XP_004987785.1	XP_004987785.1
XP_004998234.1	XP_004998234.1
XP_005000160.2	XP_005000160.2
XP_005052708.1	XP_005052708.1
XP_005060784.1	XP_005060784.1
XP_005061003.1	XP_005061003.1
XP_005065514.3	XP_005065514.3
XP_005065515.3	XP_005065515.3
XP_005065713.1	XP_005065713.1
XP_005065714.1	XP_005065714.1
XP_005079231.1	XP_005079231.1
XP_005079234.3	XP_005079234.3
XP_005085227.1	XP_005085227.1
XP_005091309.1	XP_005091309.1
XP_005091310.1	XP_005091310.1
XP_005099789.2	XP_005099789.2
XP_005110337.1	XP_005110337.1
XP_005154984.2	XP_005154984.2
XP_005183158.1	XP_005183158.1
XP_005204617.1	XP_005204617.1
XP_005204619.1	XP_005204619.1
XP_005204620.1	XP_005204620.1
XP_005204621.1	XP_005204621.1
XP_005204622.1	XP_005204622.1
XP_005204623.1	XP_005204623.1
XP_005204624.1	XP_005204624.1
XP_005210441.1	XP_005210441.1
XP_005211401.1	XP_005211401.1
XP_005221725.2	XP_005221725.2
XP_005233902.2	XP_005233902.2
XP_005239787.3	XP_005239787.3
XP_005239788.3	XP_005239788.3
XP_005252264.1	XP_005252264.1
XP_005252265.1	XP_005252265.1
XP_005270733.1	XP_005270733.1
XP_005270735.1	XP_005270735.1
XP_005270736.1	XP_005270736.1
XP_005270737.1	XP_005270737.1
XP_005270738.1	XP_005270738.1
XP_005270739.1	XP_005270739.1
XP_005284872.2	XP_005284872.2
XP_005286489.2	XP_005286489.2
XP_005289868.2	XP_005289868.2
XP_005289869.2	XP_005289869.2
XP_005304361.1	XP_005304361.1
XP_005318221.2	XP_005318221.2
XP_005329063.2	XP_005329063.2
XP_005331560.1	XP_005331560.1
XP_005334347.1	XP_005334347.1
XP_005335240.2	XP_005335240.2
XP_005351980.1	XP_005351980.1
XP_005353606.1	XP_005353606.1
XP_005354857.1	XP_005354857.1
XP_005354858.1	XP_005354858.1
XP_005356552.1	XP_005356552.1
XP_005356750.2	XP_005356750.2
XP_005367090.1	XP_005367090.1
XP_005367093.1	XP_005367093.1
XP_005386066.1	XP_005386066.1
XP_005386067.1	XP_005386067.1
XP_005387247.1	XP_005387247.1
XP_005387248.1	XP_005387248.1
XP_005387970.1	XP_005387970.1
XP_005387971.1	XP_005387971.1
XP_005387972.1	XP_005387972.1
XP_005388322.2	XP_005388322.2
XP_005388325.2	XP_005388325.2
XP_005398632.1	XP_005398632.1
XP_005398633.1	XP_005398633.1
XP_005398634.1	XP_005398634.1
XP_005398635.1	XP_005398635.1
XP_005398636.1	XP_005398636.1
XP_005407126.2	XP_005407126.2
XP_005407127.2	XP_005407127.2
XP_005414852.1	XP_005414852.1
XP_005426940.1	XP_005426940.1
XP_005427984.1	XP_005427984.1
XP_005434532.3	XP_005434532.3
XP_005434533.3	XP_005434533.3
XP_005444661.2	XP_005444661.2
XP_005450611.1	XP_005450611.1
XP_005459875.1	XP_005459875.1
XP_005468331.1	XP_005468331.1
XP_005471702.1	XP_005471702.1
XP_005473306.1	XP_005473306.1
XP_005480410.4	XP_005480410.4
XP_005484323.2	XP_005484323.2
XP_005484324.2	XP_005484324.2
XP_005489867.1	XP_005489867.1
XP_005492189.2	XP_005492189.2
XP_005506004.1	XP_005506004.1
XP_005508101.2	XP_005508101.2
XP_005513366.2	XP_005513366.2
XP_005521218.1	XP_005521218.1
XP_005522680.1	XP_005522680.1
XP_005533564.2	XP_005533564.2
XP_005539526.1	XP_005539526.1
XP_005543414.2	XP_005543414.2
XP_005543415.2	XP_005543415.2
XP_005543416.2	XP_005543416.2
XP_005543417.2	XP_005543417.2
XP_005543418.2	XP_005543418.2
XP_005543419.2	XP_005543419.2
XP_005543420.2	XP_005543420.2
XP_005543421.2	XP_005543421.2
XP_005543422.2	XP_005543422.2
XP_005556632.2	XP_005556632.2
XP_005557309.2	XP_005557309.2
XP_005557314.2	XP_005557314.2
XP_005564958.2	XP_005564958.2
XP_005577644.3	XP_005577644.3
XP_005582128.3	XP_005582128.3
XP_005582131.3	XP_005582131.3
XP_005598295.1	XP_005598295.1
XP_005604411.2	XP_005604411.2
XP_005604412.2	XP_005604412.2
XP_005615850.1	XP_005615850.1
XP_005615852.1	XP_005615852.1
XP_005615853.1	XP_005615853.1
XP_005617633.2	XP_005617633.2
XP_005617634.2	XP_005617634.2
XP_005618232.1	XP_005618232.1
XP_005618233.1	XP_005618233.1
XP_005631681.1	XP_005631681.1
XP_005639738.2	XP_005639738.2
XP_005639739.2	XP_005639739.2
XP_005644804.1	XP_005644804.1
XP_005646054.1	XP_005646054.1
XP_005647929.1	XP_005647929.1
XP_005660853.3	XP_005660853.3
XP_005661572.1	XP_005661572.1
XP_005678461.2	XP_005678461.2
XP_005684186.1	XP_005684186.1
XP_005684187.1	XP_005684187.1
XP_005684188.1	XP_005684188.1
XP_005684189.1	XP_005684189.1
XP_005685133.2	XP_005685133.2
XP_005685142.2	XP_005685142.2
XP_005688068.2	XP_005688068.2
XP_005707015.1	XP_005707015.1
XP_005707457.1	XP_005707457.1
XP_005708772.1	XP_005708772.1
XP_005711485.1	XP_005711485.1
XP_005711830.1	XP_005711830.1
XP_005718582.1	XP_005718582.1
XP_005721695.1	XP_005721695.1
XP_005722335.1	XP_005722335.1
XP_005727680.1	XP_005727680.1
XP_005738211.1	XP_005738211.1
XP_005744671.1	XP_005744671.1
XP_005745534.1	XP_005745534.1
XP_005750345.1	XP_005750345.1
XP_005756740.1	XP_005756740.1
XP_005761589.1	XP_005761589.1
XP_005765084.1	XP_005765084.1
XP_005767553.1	XP_005767553.1
XP_005768257.1	XP_005768257.1
XP_005772830.1	XP_005772830.1
XP_005779585.1	XP_005779585.1
XP_005796241.1	XP_005796241.1
XP_005801063.1	XP_005801063.1
XP_005817825.1	XP_005817825.1
XP_005824635.1	XP_005824635.1
XP_005831329.1	XP_005831329.1
XP_005836114.1	XP_005836114.1
XP_005837147.1	XP_005837147.1
XP_005837928.1	XP_005837928.1
XP_005839390.1	XP_005839390.1
XP_005841882.1	XP_005841882.1
XP_005842993.1	XP_005842993.1
XP_005846091.1	XP_005846091.1
XP_005846892.1	XP_005846892.1
XP_005852427.1	XP_005852427.1
XP_005857535.1	XP_005857535.1
XP_005857952.1	XP_005857952.1
XP_005857953.1	XP_005857953.1
XP_005858140.1	XP_005858140.1
XP_005858141.1	XP_005858141.1
XP_005868318.1	XP_005868318.1
XP_005868319.1	XP_005868319.1
XP_005868320.1	XP_005868320.1
XP_005872526.1	XP_005872526.1
XP_005876608.1	XP_005876608.1
XP_005880370.2	XP_005880370.2
XP_005902703.2	XP_005902703.2
XP_005902704.2	XP_005902704.2
XP_005904893.2	XP_005904893.2
XP_005913047.1	XP_005913047.1
XP_005932857.1	XP_005932857.1
XP_005936094.1	XP_005936094.1
XP_005937344.1	XP_005937344.1
XP_005947255.1	XP_005947255.1
XP_005996421.1	XP_005996421.1
XP_005996422.1	XP_005996422.1
XP_005997657.1	XP_005997657.1
XP_005997658.1	XP_005997658.1
XP_005997659.1	XP_005997659.1
XP_006000217.1	XP_006000217.1
XP_006001967.1	XP_006001967.1
XP_006006033.1	XP_006006033.1
XP_006006035.1	XP_006006035.1
XP_006006036.1	XP_006006036.1
XP_006006037.1	XP_006006037.1
XP_006013296.1	XP_006013296.1
XP_006021481.1	XP_006021481.1
XP_006025077.1	XP_006025077.1
XP_006032019.1	XP_006032019.1
XP_006043257.3	XP_006043257.3
XP_006049008.2	XP_006049008.2
XP_006049009.2	XP_006049009.2
XP_006054034.3	XP_006054034.3
XP_006054038.3	XP_006054038.3
XP_006054039.3	XP_006054039.3
XP_006066910.3	XP_006066910.3
XP_006067838.2	XP_006067838.2
XP_006081535.1	XP_006081535.1
XP_006081536.1	XP_006081536.1
XP_006086709.1	XP_006086709.1
XP_006102188.1	XP_006102188.1
XP_006118300.2	XP_006118300.2
XP_006121206.2	XP_006121206.2
XP_006127358.2	XP_006127358.2
XP_006127359.2	XP_006127359.2
XP_006127360.2	XP_006127360.2
XP_006127361.2	XP_006127361.2
XP_006127362.2	XP_006127362.2
XP_006127363.2	XP_006127363.2
XP_006127364.2	XP_006127364.2
XP_006139822.1	XP_006139822.1
XP_006139904.1	XP_006139904.1
XP_006143582.1	XP_006143582.1
XP_006154847.2	XP_006154847.2
XP_006154848.2	XP_006154848.2
XP_006154849.2	XP_006154849.2
XP_006154850.2	XP_006154850.2
XP_006154851.2	XP_006154851.2
XP_006156648.1	XP_006156648.1
XP_006177973.1	XP_006177973.1
XP_006181823.1	XP_006181823.1
XP_006183594.2	XP_006183594.2
XP_006187373.2	XP_006187373.2
XP_006197667.1	XP_006197667.1
XP_006207920.2	XP_006207920.2
XP_006207921.2	XP_006207921.2
XP_006214924.2	XP_006214924.2
XP_006215992.1	XP_006215992.1
XP_006231840.1	XP_006231840.1
XP_006253593.1	XP_006253593.1
XP_006271195.3	XP_006271195.3
XP_006271928.1	XP_006271928.1
XP_006273271.2	XP_006273271.2
XP_006280286.1	XP_006280286.1
XP_006290622.1	XP_006290622.1
XP_006295859.1	XP_006295859.1
XP_006296116.1	XP_006296116.1
XP_006338856.1	XP_006338856.1
XP_006352078.1	XP_006352078.1
XP_006362956.1	XP_006362956.1
XP_006397741.1	XP_006397741.1
XP_006401665.1	XP_006401665.1
XP_006435620.1	XP_006435620.1
XP_006451882.1	XP_006451882.1
XP_006453908.1	XP_006453908.1
XP_006455572.1	XP_006455572.1
XP_006456115.1	XP_006456115.1
XP_006457792.1	XP_006457792.1
XP_006486408.1	XP_006486408.1
XP_006490961.2	XP_006490961.2
XP_006503043.1	XP_006503043.1
XP_006503046.1	XP_006503046.1
XP_006517250.1	XP_006517250.1
XP_006530893.1	XP_006530893.1
XP_006530896.1	XP_006530896.1
XP_006564876.1	XP_006564876.1
XP_006591354.1	XP_006591354.1
XP_006624317.1	XP_006624317.1
XP_006624419.1	XP_006624419.1
XP_006626679.3	XP_006626679.3
XP_006626837.3	XP_006626837.3
XP_006638342.2	XP_006638342.2
XP_006641546.2	XP_006641546.2
XP_006646192.2	XP_006646192.2
XP_006646477.1	XP_006646477.1
XP_006646478.1	XP_006646478.1
XP_006659702.1	XP_006659702.1
XP_006665655.1	XP_006665655.1
XP_006670371.1	XP_006670371.1
XP_006670492.1	XP_006670492.1
XP_006680218.1	XP_006680218.1
XP_006688512.1	XP_006688512.1
XP_006690971.1	XP_006690971.1
XP_006693665.1	XP_006693665.1
XP_006717346.1	XP_006717346.1
XP_006730390.2	XP_006730390.2
XP_006735724.1	XP_006735724.1
XP_006735765.2	XP_006735765.2
XP_006735766.2	XP_006735766.2
XP_006742410.1	XP_006742410.1
XP_006759553.1	XP_006759553.1
XP_006759555.1	XP_006759555.1
XP_006759558.1	XP_006759558.1
XP_006768384.1	XP_006768384.1
XP_006768385.1	XP_006768385.1
XP_006768386.1	XP_006768386.1
XP_006768387.1	XP_006768387.1
XP_006768388.1	XP_006768388.1
XP_006770982.1	XP_006770982.1
XP_006772814.1	XP_006772814.1
XP_006775531.1	XP_006775531.1
XP_006775532.1	XP_006775532.1
XP_006777109.1	XP_006777109.1
XP_006779833.1	XP_006779833.1
XP_006784220.1	XP_006784220.1
XP_006790070.1	XP_006790070.1
XP_006801061.1	XP_006801061.1
XP_006803698.1	XP_006803698.1
XP_006804455.1	XP_006804455.1
XP_006804571.1	XP_006804571.1
XP_006806721.1	XP_006806721.1
XP_006806722.1	XP_006806722.1
XP_006824330.1	XP_006824330.1
XP_006825661.1	XP_006825661.1
XP_006829140.1	XP_006829140.1
XP_006839835.1	XP_006839835.1
XP_006839836.1	XP_006839836.1
XP_006839837.1	XP_006839837.1
XP_006839838.1	XP_006839838.1
XP_006844884.1	XP_006844884.1
XP_006846360.2	XP_006846360.2
XP_006867688.1	XP_006867688.1
XP_006874089.1	XP_006874089.1
XP_006874448.1	XP_006874448.1
XP_006875025.1	XP_006875025.1
XP_006875026.1	XP_006875026.1
XP_006875117.1	XP_006875117.1
XP_006875245.1	XP_006875245.1
XP_006879745.1	XP_006879745.1
XP_006879746.1	XP_006879746.1
XP_006882572.1	XP_006882572.1
XP_006882573.1	XP_006882573.1
XP_006887177.1	XP_006887177.1
XP_006889912.1	XP_006889912.1
XP_006899893.1	XP_006899893.1
XP_006900927.1	XP_006900927.1
XP_006900928.1	XP_006900928.1
XP_006903189.1	XP_006903189.1
XP_006903190.1	XP_006903190.1
XP_006908809.1	XP_006908809.1
XP_006911274.1	XP_006911274.1
XP_006916138.1	XP_006916138.1
XP_006917201.1	XP_006917201.1
XP_006917202.1	XP_006917202.1
XP_006919263.1	XP_006919263.1
XP_006919264.1	XP_006919264.1
XP_006924237.2	XP_006924237.2
XP_006927873.1	XP_006927873.1
XP_006927876.1	XP_006927876.1
XP_006956168.1	XP_006956168.1
XP_006957852.1	XP_006957852.1
XP_006958906.1	XP_006958906.1
XP_006962245.1	XP_006962245.1
XP_006965104.1	XP_006965104.1
XP_006967826.1	XP_006967826.1
XP_006971829.1	XP_006971829.1
XP_006971829.2	XP_006971829.2
XP_006971830.1	XP_006971830.1
XP_006971830.2	XP_006971830.2
XP_006977793.1	XP_006977793.1
XP_006977793.2	XP_006977793.2
XP_006977794.1	XP_006977794.1
XP_006977794.2	XP_006977794.2
XP_006977795.1	XP_006977795.1
XP_006977795.2	XP_006977795.2
XP_006981763.1	XP_006981763.1
XP_006981840.1	XP_006981840.1
XP_006981841.1	XP_006981841.1
XP_006995263.1	XP_006995263.1
XP_007000459.1	XP_007000459.1
XP_007005349.1	XP_007005349.1
XP_007007262.1	XP_007007262.1
XP_007009280.1	XP_007009280.1
XP_007051991.2	XP_007051991.2
XP_007059717.2	XP_007059717.2
XP_007066759.1	XP_007066759.1
XP_007077263.1	XP_007077263.1
XP_007079871.1	XP_007079871.1
XP_007079872.1	XP_007079872.1
XP_007092037.2	XP_007092037.2
XP_007092809.2	XP_007092809.2
XP_007103012.2	XP_007103012.2
XP_007103016.1	XP_007103016.1
XP_007103018.1	XP_007103018.1
XP_007113824.3	XP_007113824.3
XP_007121433.1	XP_007121433.1
XP_007167677.2	XP_007167677.2
XP_007167678.2	XP_007167678.2
XP_007175927.1	XP_007175927.1
XP_007175929.1	XP_007175929.1
XP_007177016.2	XP_007177016.2
XP_007177017.2	XP_007177017.2
XP_007177018.2	XP_007177018.2
XP_007177019.2	XP_007177019.2
XP_007177020.2	XP_007177020.2
XP_007188490.2	XP_007188490.2
XP_007211537.1	XP_007211537.1
XP_007214457.2	XP_007214457.2
XP_007220456.1	XP_007220456.1
XP_007220905.1	XP_007220905.1
XP_007244898.3	XP_007244898.3
XP_007255211.3	XP_007255211.3
XP_007261853.1	XP_007261853.1
XP_007264728.1	XP_007264728.1
XP_007265131.1	XP_007265131.1
XP_007267683.1	XP_007267683.1
XP_007288456.2	XP_007288456.2
XP_007296187.1	XP_007296187.1
XP_007307086.1	XP_007307086.1
XP_007307639.1	XP_007307639.1
XP_007310725.1	XP_007310725.1
XP_007322161.1	XP_007322161.1
XP_007325921.1	XP_007325921.1
XP_007326127.1	XP_007326127.1
XP_007332722.1	XP_007332722.1
XP_007334386.1	XP_007334386.1
XP_007360772.1	XP_007360772.1
XP_007361473.1	XP_007361473.1
XP_007367060.1	XP_007367060.1
XP_007372751.1	XP_007372751.1
XP_007385304.1	XP_007385304.1
XP_007395577.1	XP_007395577.1
XP_007397984.1	XP_007397984.1
XP_007399053.1	XP_007399053.1
XP_007412201.1	XP_007412201.1
XP_007416777.1	XP_007416777.1
XP_007426469.1	XP_007426469.1
XP_007429302.1	XP_007429302.1
XP_007438008.1	XP_007438008.1
XP_007440740.1	XP_007440740.1
XP_007440742.1	XP_007440742.1
XP_007440958.1	XP_007440958.1
XP_007441079.1	XP_007441079.1
XP_007451713.1	XP_007451713.1
XP_007451714.1	XP_007451714.1
XP_007456169.1	XP_007456169.1
XP_007456170.1	XP_007456170.1
XP_007459541.1	XP_007459541.1
XP_007459667.1	XP_007459667.1
XP_007459668.1	XP_007459668.1
XP_007459669.1	XP_007459669.1
XP_007462216.1	XP_007462216.1
XP_007470966.1	XP_007470966.1
XP_007472033.1	XP_007472033.1
XP_007472034.1	XP_007472034.1
XP_007486861.2	XP_007486861.2
XP_007486862.1	XP_007486862.1
XP_007497970.1	XP_007497970.1
XP_007497972.1	XP_007497972.1
XP_007510735.1	XP_007510735.1
XP_007514974.1	XP_007514974.1
XP_007520606.2	XP_007520606.2
XP_007526400.1	XP_007526400.1
XP_007536737.2	XP_007536737.2
XP_007537940.2	XP_007537940.2
XP_007538494.2	XP_007538494.2
XP_007552208.1	XP_007552208.1
XP_007557954.1	XP_007557954.1
XP_007559345.1	XP_007559345.1
XP_007559682.1	XP_007559682.1
XP_007563784.1	XP_007563784.1
XP_007563785.1	XP_007563785.1
XP_007570959.1	XP_007570959.1
XP_007574855.1	XP_007574855.1
XP_007605348.1	XP_007605348.1
XP_007605756.1	XP_007605756.1
XP_007638464.1	XP_007638464.1
XP_007638465.1	XP_007638465.1
XP_007640534.1	XP_007640534.1
XP_007640535.1	XP_007640535.1
XP_007647545.1	XP_007647545.1
XP_007648150.1	XP_007648150.1
XP_007648930.1	XP_007648930.1
XP_007648938.1	XP_007648938.1
XP_007648943.1	XP_007648943.1
XP_007673653.1	XP_007673653.1
XP_007679896.1	XP_007679896.1
XP_007679948.1	XP_007679948.1
XP_007685299.1	XP_007685299.1
XP_007687565.1	XP_007687565.1
XP_007688467.1	XP_007688467.1
XP_007700797.1	XP_007700797.1
XP_007703335.1	XP_007703335.1
XP_007705972.1	XP_007705972.1
XP_007709304.1	XP_007709304.1
XP_007711183.1	XP_007711183.1
XP_007716961.1	XP_007716961.1
XP_007722719.1	XP_007722719.1
XP_007726729.1	XP_007726729.1
XP_007727574.1	XP_007727574.1
XP_007734503.1	XP_007734503.1
XP_007735568.1	XP_007735568.1
XP_007736236.1	XP_007736236.1
XP_007743311.1	XP_007743311.1
XP_007746005.1	XP_007746005.1
XP_007746721.1	XP_007746721.1
XP_007755338.1	XP_007755338.1
XP_007757740.1	XP_007757740.1
XP_007762067.1	XP_007762067.1
XP_007762614.1	XP_007762614.1
XP_007763991.1	XP_007763991.1
XP_007773114.1	XP_007773114.1
XP_007779974.1	XP_007779974.1
XP_007780713.1	XP_007780713.1
XP_007783653.1	XP_007783653.1
XP_007801908.1	XP_007801908.1
XP_007805028.1	XP_007805028.1
XP_007805709.1	XP_007805709.1
XP_007810737.2	XP_007810737.2
XP_007814529.2	XP_007814529.2
XP_007818907.1	XP_007818907.1
XP_007825954.2	XP_007825954.2
XP_007831807.1	XP_007831807.1
XP_007840734.1	XP_007840734.1
XP_007860646.1	XP_007860646.1
XP_007863124.1	XP_007863124.1
XP_007865860.1	XP_007865860.1
XP_007872835.1	XP_007872835.1
XP_007873976.1	XP_007873976.1
XP_007875434.1	XP_007875434.1
XP_007877345.1	XP_007877345.1
XP_007879753.1	XP_007879753.1
XP_007880728.1	XP_007880728.1
XP_007887629.1	XP_007887629.1
XP_007887630.1	XP_007887630.1
XP_007890275.1	XP_007890275.1
XP_007890278.1	XP_007890278.1
XP_007898722.1	XP_007898722.1
XP_007898723.1	XP_007898723.1
XP_007898724.1	XP_007898724.1
XP_007906237.2	XP_007906237.2
XP_007911322.1	XP_007911322.1
XP_007915972.1	XP_007915972.1
XP_007920958.1	XP_007920958.1
XP_007924184.1	XP_007924184.1
XP_007943078.2	XP_007943078.2
XP_007945169.2	XP_007945169.2
XP_007950108.1	XP_007950108.1
XP_007953992.1	XP_007953992.1
XP_007967849.3	XP_007967849.3
XP_007967853.3	XP_007967853.3
XP_007974602.1	XP_007974602.1
XP_007974645.1	XP_007974645.1
XP_007974660.1	XP_007974660.1
XP_007976930.1	XP_007976930.1
XP_007976931.1	XP_007976931.1
XP_007976932.1	XP_007976932.1
XP_007976933.1	XP_007976933.1
XP_007976934.1	XP_007976934.1
XP_007976936.1	XP_007976936.1
XP_007976938.1	XP_007976938.1
XP_007976939.1	XP_007976939.1
XP_007976940.1	XP_007976940.1
XP_008000870.1	XP_008000870.1
XP_008029007.1	XP_008029007.1
XP_008029810.1	XP_008029810.1
XP_008029956.1	XP_008029956.1
XP_008036636.1	XP_008036636.1
XP_008040598.1	XP_008040598.1
XP_008041423.1	XP_008041423.1
XP_008055202.1	XP_008055202.1
XP_008055203.1	XP_008055203.1
XP_008056418.1	XP_008056418.1
XP_008056420.1	XP_008056420.1
XP_008058916.1	XP_008058916.1
XP_008060648.1	XP_008060648.1
XP_008064654.1	XP_008064654.1
XP_008064655.1	XP_008064655.1
XP_008065742.1	XP_008065742.1
XP_008065743.1	XP_008065743.1
XP_008065744.1	XP_008065744.1
XP_008065746.1	XP_008065746.1
XP_008065747.1	XP_008065747.1
XP_008072023.1	XP_008072023.1
XP_008073078.1	XP_008073078.1
XP_008075007.1	XP_008075007.1
XP_008086092.1	XP_008086092.1
XP_008088251.1	XP_008088251.1
XP_008094635.1	XP_008094635.1
XP_008100524.1	XP_008100524.1
XP_008110583.2	XP_008110583.2
XP_008148626.2	XP_008148626.2
XP_008158972.2	XP_008158972.2
XP_008160022.3	XP_008160022.3
XP_008160201.1	XP_008160201.1
XP_008161101.2	XP_008161101.2
XP_008172327.1	XP_008172327.1
XP_008172328.1	XP_008172328.1
XP_008187015.2	XP_008187015.2
XP_008187016.2	XP_008187016.2
XP_008191588.1	XP_008191588.1
XP_008195200.1	XP_008195200.1
XP_008195304.1	XP_008195304.1
XP_008200928.1	XP_008200928.1
XP_008206276.1	XP_008206276.1
XP_008207093.1	XP_008207093.1
XP_008207094.1	XP_008207094.1
XP_008207096.1	XP_008207096.1
XP_008211725.2	XP_008211725.2
XP_008213344.1	XP_008213344.1
XP_008226638.1	XP_008226638.1
XP_008227694.1	XP_008227694.1
XP_008227695.1	XP_008227695.1
XP_008227696.1	XP_008227696.1
XP_008232824.1	XP_008232824.1
XP_008233482.1	XP_008233482.1
XP_008233483.1	XP_008233483.1
XP_008260089.2	XP_008260089.2
XP_008260091.2	XP_008260091.2
XP_008263459.2	XP_008263459.2
XP_008263465.2	XP_008263465.2
XP_008263466.2	XP_008263466.2
XP_008272597.2	XP_008272597.2
XP_008279697.1	XP_008279697.1
XP_008280012.1	XP_008280012.1
XP_008280014.1	XP_008280014.1
XP_008286359.1	XP_008286359.1
XP_008288024.1	XP_008288024.1
XP_008291631.1	XP_008291631.1
XP_008293103.1	XP_008293103.1
XP_008293389.1	XP_008293389.1
XP_008300828.1	XP_008300828.1
XP_008300829.1	XP_008300829.1
XP_008305618.2	XP_008305618.2
XP_008321472.1	XP_008321472.1
XP_008329455.1	XP_008329455.1
XP_008334553.1	XP_008334553.1
XP_008335424.1	XP_008335424.1
XP_008336746.1	XP_008336746.1
XP_008336747.1	XP_008336747.1
XP_008342981.2	XP_008342981.2
XP_008366936.3	XP_008366936.3
XP_008403768.1	XP_008403768.1
XP_008416285.1	XP_008416285.1
XP_008417055.1	XP_008417055.1
XP_008419657.1	XP_008419657.1
XP_008419658.1	XP_008419658.1
XP_008430394.2	XP_008430394.2
XP_008436075.2	XP_008436075.2
XP_008436076.2	XP_008436076.2
XP_008436740.2	XP_008436740.2
XP_008452466.2	XP_008452466.2
XP_008460141.1	XP_008460141.1
XP_008461703.2	XP_008461703.2
XP_008461706.2	XP_008461706.2
XP_008486592.1	XP_008486592.1
XP_008530386.1	XP_008530386.1
XP_008534050.2	XP_008534050.2
XP_008551848.1	XP_008551848.1
XP_008553783.1	XP_008553783.1
XP_008555871.1	XP_008555871.1
XP_008555872.1	XP_008555872.1
XP_008559711.2	XP_008559711.2
XP_008561208.1	XP_008561208.1
XP_008561211.1	XP_008561211.1
XP_008567713.1	XP_008567713.1
XP_008567714.1	XP_008567714.1
XP_008571703.1	XP_008571703.1
XP_008572370.1	XP_008572370.1
XP_008572373.1	XP_008572373.1
XP_008576334.1	XP_008576334.1
XP_008576335.1	XP_008576335.1
XP_008576336.1	XP_008576336.1
XP_008576530.1	XP_008576530.1
XP_008576590.1	XP_008576590.1
XP_008576658.1	XP_008576658.1
XP_008576726.1	XP_008576726.1
XP_008576797.1	XP_008576797.1
XP_008584357.1	XP_008584357.1
XP_008584358.1	XP_008584358.1
XP_008586798.1	XP_008586798.1
XP_008596832.1	XP_008596832.1
XP_008597947.1	XP_008597947.1
XP_008604362.1	XP_008604362.1
XP_008607174.1	XP_008607174.1
XP_008607805.1	XP_008607805.1
XP_008613268.1	XP_008613268.1
XP_008616227.1	XP_008616227.1
XP_008619911.1	XP_008619911.1
XP_008622396.1	XP_008622396.1
XP_008622757.2	XP_008622757.2
XP_008623381.1	XP_008623381.1
XP_008631262.1	XP_008631262.1
XP_008635430.1	XP_008635430.1
XP_008635431.1	XP_008635431.1
XP_008636639.1	XP_008636639.1
XP_008644883.1	XP_008644883.1
XP_008651260.1	XP_008651260.1
XP_008673212.1	XP_008673212.1
XP_008675218.1	XP_008675218.1
XP_008682114.2	XP_008682114.2
XP_008697416.2	XP_008697416.2
XP_008697417.2	XP_008697417.2
XP_008697418.2	XP_008697418.2
XP_008697419.2	XP_008697419.2
XP_008700858.2	XP_008700858.2
XP_008700859.2	XP_008700859.2
XP_008705723.2	XP_008705723.2
XP_008709244.1	XP_008709244.1
XP_008709248.1	XP_008709248.1
XP_008714998.1	XP_008714998.1
XP_008717219.1	XP_008717219.1
XP_008723922.1	XP_008723922.1
XP_008727826.1	XP_008727826.1
XP_008730922.1	XP_008730922.1
XP_008769686.1	XP_008769686.1
XP_008777451.1	XP_008777451.1
XP_008777465.1	XP_008777465.1
XP_008783591.2	XP_008783591.2
XP_008798250.2	XP_008798250.2
XP_008798251.2	XP_008798251.2
XP_008815645.1	XP_008815645.1
XP_008815937.1	XP_008815937.1
XP_008817327.1	XP_008817327.1
XP_008826527.1	XP_008826527.1
XP_008831308.1	XP_008831308.1
XP_008831311.1	XP_008831311.1
XP_008832797.1	XP_008832797.1
XP_008835761.1	XP_008835761.1
XP_008848745.1	XP_008848745.1
XP_008851550.1	XP_008851550.1
XP_008851551.1	XP_008851551.1
XP_008854832.1	XP_008854832.1
XP_008857851.1	XP_008857851.1
XP_008858606.1	XP_008858606.1
XP_008859681.1	XP_008859681.1
XP_008863540.1	XP_008863540.1
XP_008864725.1	XP_008864725.1
XP_008864726.1	XP_008864726.1
XP_008867690.1	XP_008867690.1
XP_008867691.1	XP_008867691.1
XP_008869976.1	XP_008869976.1
XP_008872951.1	XP_008872951.1
XP_008875065.1	XP_008875065.1
XP_008876106.1	XP_008876106.1
XP_008876107.1	XP_008876107.1
XP_008876878.1	XP_008876878.1
XP_008876879.1	XP_008876879.1
XP_008878364.1	XP_008878364.1
XP_008878365.1	XP_008878365.1
XP_008878366.1	XP_008878366.1
XP_008878367.1	XP_008878367.1
XP_008878368.1	XP_008878368.1
XP_008878369.1	XP_008878369.1
XP_008878370.1	XP_008878370.1
XP_008878371.1	XP_008878371.1
XP_008878372.1	XP_008878372.1
XP_008891394.1	XP_008891394.1
XP_008892307.1	XP_008892307.1
XP_008892308.1	XP_008892308.1
XP_008894020.1	XP_008894020.1
XP_008897394.1	XP_008897394.1
XP_008902287.1	XP_008902287.1
XP_008907239.1	XP_008907239.1
XP_008911422.1	XP_008911422.1
XP_008911423.1	XP_008911423.1
XP_008921073.2	XP_008921073.2
XP_008932442.3	XP_008932442.3
XP_008935477.1	XP_008935477.1
XP_008939825.1	XP_008939825.1
XP_008945958.1	XP_008945958.1
XP_008947235.1	XP_008947235.1
XP_008948249.1	XP_008948249.1
XP_008952141.1	XP_008952141.1
XP_008958316.2	XP_008958316.2
XP_008966154.4	XP_008966154.4
XP_008971461.2	XP_008971461.2
XP_008984094.2	XP_008984094.2
XP_008990148.1	XP_008990148.1
XP_008994336.2	XP_008994336.2
XP_008994345.2	XP_008994345.2
XP_008998371.3	XP_008998371.3
XP_008998372.2	XP_008998372.2
XP_008999469.1	XP_008999469.1
XP_008999470.1	XP_008999470.1
XP_008999473.1	XP_008999473.1
XP_009006577.1	XP_009006577.1
XP_009006580.1	XP_009006580.1
XP_009014086.1	XP_009014086.1
XP_009017211.1	XP_009017211.1
XP_009018282.1	XP_009018282.1
XP_009024588.1	XP_009024588.1
XP_009025290.1	XP_009025290.1
XP_009025333.1	XP_009025333.1
XP_009031038.1	XP_009031038.1
XP_009042968.1	XP_009042968.1
XP_009047891.1	XP_009047891.1
XP_009047892.1	XP_009047892.1
XP_009050864.1	XP_009050864.1
XP_009066214.1	XP_009066214.1
XP_009066324.1	XP_009066324.1
XP_009066325.1	XP_009066325.1
XP_009068180.1	XP_009068180.1
XP_009069813.1	XP_009069813.1
XP_009073683.1	XP_009073683.1
XP_009074842.1	XP_009074842.1
XP_009074844.1	XP_009074844.1
XP_009074982.1	XP_009074982.1
XP_009080587.1	XP_009080587.1
XP_009095843.3	XP_009095843.3
XP_009119918.1	XP_009119918.1
XP_009141834.1	XP_009141834.1
XP_009142351.1	XP_009142351.1
XP_009150060.1	XP_009150060.1
XP_009153435.1	XP_009153435.1
XP_009157148.1	XP_009157148.1
XP_009161442.1	XP_009161442.1
XP_009167693.1	XP_009167693.1
XP_009170587.1	XP_009170587.1
XP_009172460.1	XP_009172460.1
XP_009187316.2	XP_009187316.2
XP_009194667.2	XP_009194667.2
XP_009194669.2	XP_009194669.2
XP_009219208.1	XP_009219208.1
XP_009224906.1	XP_009224906.1
XP_009228155.1	XP_009228155.1
XP_009248554.1	XP_009248554.1
XP_009248562.1	XP_009248562.1
XP_009248569.1	XP_009248569.1
XP_009248576.1	XP_009248576.1
XP_009248583.1	XP_009248583.1
XP_009256808.1	XP_009256808.1
XP_009260117.1	XP_009260117.1
XP_009266117.1	XP_009266117.1
XP_009266842.1	XP_009266842.1
XP_009270496.1	XP_009270496.1
XP_009270732.1	XP_009270732.1
XP_009270734.1	XP_009270734.1
XP_009271366.1	XP_009271366.1
XP_009271374.1	XP_009271374.1
XP_009273458.2	XP_009273458.2
XP_009274987.2	XP_009274987.2
XP_009276983.2	XP_009276983.2
XP_009276984.2	XP_009276984.2
XP_009285647.1	XP_009285647.1
XP_009285648.1	XP_009285648.1
XP_009285649.1	XP_009285649.1
XP_009308225.1	XP_009308225.1
XP_009309581.1	XP_009309581.1
XP_009309789.1	XP_009309789.1
XP_009312302.1	XP_009312302.1
XP_009312864.1	XP_009312864.1
XP_009314189.1	XP_009314189.1
XP_009318460.1	XP_009318460.1
XP_009318461.1	XP_009318461.1
XP_009318462.1	XP_009318462.1
XP_009318579.1	XP_009318579.1
XP_009318580.1	XP_009318580.1
XP_009320190.1	XP_009320190.1
XP_009320191.1	XP_009320191.1
XP_009323782.1	XP_009323782.1
XP_009325533.1	XP_009325533.1
XP_009325534.1	XP_009325534.1
XP_009326403.1	XP_009326403.1
XP_009326404.1	XP_009326404.1
XP_009380422.1	XP_009380422.1
XP_009383977.2	XP_009383977.2
XP_009386399.2	XP_009386399.2
XP_009386404.2	XP_009386404.2
XP_009407504.2	XP_009407504.2
XP_009416524.2	XP_009416524.2
XP_009416525.2	XP_009416525.2
XP_009429037.2	XP_009429037.2
XP_009447227.1	XP_009447227.1
XP_009455098.1	XP_009455098.1
XP_009456122.1	XP_009456122.1
XP_009456138.1	XP_009456138.1
XP_009458724.1	XP_009458724.1
XP_009459334.1	XP_009459334.1
XP_009459536.1	XP_009459536.1
XP_009461768.1	XP_009461768.1
XP_009462320.1	XP_009462320.1
XP_009462322.1	XP_009462322.1
XP_009462323.1	XP_009462323.1
XP_009470334.1	XP_009470334.1
XP_009470335.1	XP_009470335.1
XP_009474258.1	XP_009474258.1
XP_009493312.1	XP_009493312.1
XP_009494941.1	XP_009494941.1
XP_009514979.1	XP_009514979.1
XP_009517098.1	XP_009517098.1
XP_009518919.1	XP_009518919.1
XP_009532023.1	XP_009532023.1
XP_009535326.1	XP_009535326.1
XP_009538938.1	XP_009538938.1
XP_009538939.1	XP_009538939.1
XP_009538940.1	XP_009538940.1
XP_009538941.1	XP_009538941.1
XP_009543136.1	XP_009543136.1
XP_009548436.1	XP_009548436.1
XP_009552884.1	XP_009552884.1
XP_009568586.2	XP_009568586.2
XP_009568587.2	XP_009568587.2
XP_009572149.1	XP_009572149.1
XP_009573034.1	XP_009573034.1
XP_009573227.1	XP_009573227.1
XP_009574872.1	XP_009574872.1
XP_009577903.1	XP_009577903.1
XP_009581555.1	XP_009581555.1
XP_009581563.1	XP_009581563.1
XP_009581570.1	XP_009581570.1
XP_009597739.1	XP_009597739.1
XP_009616860.1	XP_009616860.1
XP_009616861.1	XP_009616861.1
XP_009616862.1	XP_009616862.1
XP_009616864.1	XP_009616864.1
XP_009622962.1	XP_009622962.1
XP_009622965.1	XP_009622965.1
XP_009622966.1	XP_009622966.1
XP_009622967.1	XP_009622967.1
XP_009622968.1	XP_009622968.1
XP_009622971.1	XP_009622971.1
XP_009626263.1	XP_009626263.1
XP_009626761.1	XP_009626761.1
XP_009635545.1	XP_009635545.1
XP_009635546.1	XP_009635546.1
XP_009635897.1	XP_009635897.1
XP_009637045.2	XP_009637045.2
XP_009637046.2	XP_009637046.2
XP_009645319.1	XP_009645319.1
XP_009647517.1	XP_009647517.1
XP_009651646.1	XP_009651646.1
XP_009658250.1	XP_009658250.1
XP_009663440.2	XP_009663440.2
XP_009663441.2	XP_009663441.2
XP_009663442.2	XP_009663442.2
XP_009663443.2	XP_009663443.2
XP_009686874.1	XP_009686874.1
XP_009686877.1	XP_009686877.1
XP_009690326.1	XP_009690326.1
XP_009691686.1	XP_009691686.1
XP_009692771.1	XP_009692771.1
XP_009700648.1	XP_009700648.1
XP_009700649.1	XP_009700649.1
XP_009700713.1	XP_009700713.1
XP_009701011.1	XP_009701011.1
XP_009705044.1	XP_009705044.1
XP_009705045.1	XP_009705045.1
XP_009706370.1	XP_009706370.1
XP_009708674.1	XP_009708674.1
XP_009773757.1	XP_009773757.1
XP_009784748.1	XP_009784748.1
XP_009799247.2	XP_009799247.2
XP_009804072.2	XP_009804072.2
XP_009816961.1	XP_009816961.1
XP_009816962.1	XP_009816962.1
XP_009816963.1	XP_009816963.1
XP_009821701.1	XP_009821701.1
XP_009822687.1	XP_009822687.1
XP_009822688.1	XP_009822688.1
XP_009825190.1	XP_009825190.1
XP_009825191.1	XP_009825191.1
XP_009825192.1	XP_009825192.1
XP_009828542.1	XP_009828542.1
XP_009832245.1	XP_009832245.1
XP_009834382.1	XP_009834382.1
XP_009834385.1	XP_009834385.1
XP_009837120.1	XP_009837120.1
XP_009837121.1	XP_009837121.1
XP_009837122.1	XP_009837122.1
XP_009837123.1	XP_009837123.1
XP_009837124.1	XP_009837124.1
XP_009845673.1	XP_009845673.1
XP_009845674.1	XP_009845674.1
XP_009849671.1	XP_009849671.1
XP_009857103.1	XP_009857103.1
XP_009865819.1	XP_009865819.1
XP_009866460.1	XP_009866460.1
XP_009868420.1	XP_009868420.1
XP_009870921.1	XP_009870921.1
XP_009871869.1	XP_009871869.1
XP_009871870.1	XP_009871870.1
XP_009876008.1	XP_009876008.1
XP_009882062.1	XP_009882062.1
XP_009882593.1	XP_009882593.1
XP_009882917.1	XP_009882917.1
XP_009883372.1	XP_009883372.1
XP_009884140.1	XP_009884140.1
XP_009884141.1	XP_009884141.1
XP_009884143.1	XP_009884143.1
XP_009893412.1	XP_009893412.1
XP_009904867.2	XP_009904867.2
XP_009909088.2	XP_009909088.2
XP_009920607.1	XP_009920607.1
XP_009944284.1	XP_009944284.1
XP_009945242.1	XP_009945242.1
XP_009949880.1	XP_009949880.1
XP_009952410.1	XP_009952410.1
XP_009954228.1	XP_009954228.1
XP_009959158.1	XP_009959158.1
XP_009978855.1	XP_009978855.1
XP_009982359.1	XP_009982359.1
XP_009985836.1	XP_009985836.1
XP_009987935.1	XP_009987935.1
XP_009988347.1	XP_009988347.1
XP_009988348.1	XP_009988348.1
XP_009990122.1	XP_009990122.1
XP_009995755.1	XP_009995755.1
XP_010002327.1	XP_010002327.1
XP_010003686.1	XP_010003686.1
XP_010003687.1	XP_010003687.1
XP_010005337.1	XP_010005337.1
XP_010005523.1	XP_010005523.1
XP_010005594.1	XP_010005594.1
XP_010006624.1	XP_010006624.1
XP_010006625.1	XP_010006625.1
XP_010009084.1	XP_010009084.1
XP_010009085.1	XP_010009085.1
XP_010009520.1	XP_010009520.1
XP_010010565.1	XP_010010565.1
XP_010016028.1	XP_010016028.1
XP_010018428.1	XP_010018428.1
XP_010020411.1	XP_010020411.1
XP_010025711.2	XP_010025711.2
XP_010025712.2	XP_010025712.2
XP_010067440.1	XP_010067440.1
XP_010074825.1	XP_010074825.1
XP_010076936.1	XP_010076936.1
XP_010077956.1	XP_010077956.1
XP_010078505.1	XP_010078505.1
XP_010080925.1	XP_010080925.1
XP_010085959.1	XP_010085959.1
XP_010085960.1	XP_010085960.1
XP_010106745.1	XP_010106745.1
XP_010119908.1	XP_010119908.1
XP_010121530.1	XP_010121530.1
XP_010121531.1	XP_010121531.1
XP_010121644.1	XP_010121644.1
XP_010122754.1	XP_010122754.1
XP_010125892.1	XP_010125892.1
XP_010128837.1	XP_010128837.1
XP_010131547.1	XP_010131547.1
XP_010132702.1	XP_010132702.1
XP_010134987.1	XP_010134987.1
XP_010138250.1	XP_010138250.1
XP_010138257.1	XP_010138257.1
XP_010140609.1	XP_010140609.1
XP_010142161.1	XP_010142161.1
XP_010151733.1	XP_010151733.1
XP_010151741.1	XP_010151741.1
XP_010152625.1	XP_010152625.1
XP_010153870.1	XP_010153870.1
XP_010155817.1	XP_010155817.1
XP_010159084.1	XP_010159084.1
XP_010164259.1	XP_010164259.1
XP_010169491.1	XP_010169491.1
XP_010170847.1	XP_010170847.1
XP_010170891.1	XP_010170891.1
XP_010174687.1	XP_010174687.1
XP_010176277.1	XP_010176277.1
XP_010178512.1	XP_010178512.1
XP_010179913.1	XP_010179913.1
XP_010181026.1	XP_010181026.1
XP_010181027.1	XP_010181027.1
XP_010182987.1	XP_010182987.1
XP_010184293.1	XP_010184293.1
XP_010184294.1	XP_010184294.1
XP_010187608.1	XP_010187608.1
XP_010192644.1	XP_010192644.1
XP_010211699.1	XP_010211699.1
XP_010213514.1	XP_010213514.1
XP_010213515.1	XP_010213515.1
XP_010215516.1	XP_010215516.1
XP_010216017.1	XP_010216017.1
XP_010216317.1	XP_010216317.1
XP_010216318.1	XP_010216318.1
XP_010216319.1	XP_010216319.1
XP_010216320.1	XP_010216320.1
XP_010216699.1	XP_010216699.1
XP_010223301.1	XP_010223301.1
XP_010232550.1	XP_010232550.1
XP_010235411.1	XP_010235411.1
XP_010242910.1	XP_010242910.1
XP_010260654.1	XP_010260654.1
XP_010262612.1	XP_010262612.1
XP_010262614.1	XP_010262614.1
XP_010262615.1	XP_010262615.1
XP_010262616.1	XP_010262616.1
XP_010272621.1	XP_010272621.1
XP_010280149.1	XP_010280149.1
XP_010280150.1	XP_010280150.1
XP_010286661.1	XP_010286661.1
XP_010289222.1	XP_010289222.1
XP_010290358.1	XP_010290358.1
XP_010293464.1	XP_010293464.1
XP_010313089.2	XP_010313089.2
XP_010326827.1	XP_010326827.1
XP_010327138.1	XP_010327138.1
XP_010339176.1	XP_010339176.1
XP_010339181.1	XP_010339181.1
XP_010341362.2	XP_010341362.2
XP_010346131.2	XP_010346131.2
XP_010347265.2	XP_010347265.2
XP_010350176.1	XP_010350176.1
XP_010355344.1	XP_010355344.1
XP_010370385.1	XP_010370385.1
XP_010370396.1	XP_010370396.1
XP_010370406.1	XP_010370406.1
XP_010370411.1	XP_010370411.1
XP_010374674.2	XP_010374674.2
XP_010376100.1	XP_010376100.1
XP_010376584.2	XP_010376584.2
XP_010376585.2	XP_010376585.2
XP_010383198.2	XP_010383198.2
XP_010384302.1	XP_010384302.1
XP_010384306.1	XP_010384306.1
XP_010402028.3	XP_010402028.3
XP_010407928.1	XP_010407928.1
XP_010407929.1	XP_010407929.1
XP_010426004.1	XP_010426004.1
XP_010442950.1	XP_010442950.1
XP_010446035.1	XP_010446035.1
XP_010482781.1	XP_010482781.1
XP_010503185.1	XP_010503185.1
XP_010505660.1	XP_010505660.1
XP_010505661.1	XP_010505661.1
XP_010505662.1	XP_010505662.1
XP_010506546.1	XP_010506546.1
XP_010507214.1	XP_010507214.1
XP_010508136.1	XP_010508136.1
XP_010508978.1	XP_010508978.1
XP_010509247.1	XP_010509247.1
XP_010514897.1	XP_010514897.1
XP_010517334.1	XP_010517334.1
XP_010518183.1	XP_010518183.1
XP_010520911.1	XP_010520911.1
XP_010523705.1	XP_010523705.1
XP_010534524.1	XP_010534524.1
XP_010561253.1	XP_010561253.1
XP_010566962.1	XP_010566962.1
XP_010566963.1	XP_010566963.1
XP_010566965.1	XP_010566965.1
XP_010566966.1	XP_010566966.1
XP_010569489.1	XP_010569489.1
XP_010569724.1	XP_010569724.1
XP_010569725.1	XP_010569725.1
XP_010569726.1	XP_010569726.1
XP_010578793.1	XP_010578793.1
XP_010578794.1	XP_010578794.1
XP_010580669.1	XP_010580669.1
XP_010580671.1	XP_010580671.1
XP_010583528.1	XP_010583528.1
XP_010586542.1	XP_010586542.1
XP_010589577.1	XP_010589577.1
XP_010589579.1	XP_010589579.1
XP_010589580.1	XP_010589580.1
XP_010589581.1	XP_010589581.1
XP_010602423.1	XP_010602423.1
XP_010602433.1	XP_010602433.1
XP_010603803.1	XP_010603803.1
XP_010603805.1	XP_010603805.1
XP_010608628.1	XP_010608628.1
XP_010608629.1	XP_010608629.1
XP_010608630.1	XP_010608630.1
XP_010608631.1	XP_010608631.1
XP_010608633.1	XP_010608633.1
XP_010608635.1	XP_010608635.1
XP_010608636.1	XP_010608636.1
XP_010608637.1	XP_010608637.1
XP_010608638.1	XP_010608638.1
XP_010627365.1	XP_010627365.1
XP_010627391.1	XP_010627391.1
XP_010631441.1	XP_010631441.1
XP_010640319.1	XP_010640319.1
XP_010640320.1	XP_010640320.1
XP_010640321.1	XP_010640321.1
XP_010640645.1	XP_010640645.1
XP_010652956.1	XP_010652956.1
XP_010652957.1	XP_010652957.1
XP_010652958.1	XP_010652958.1
XP_010661598.1	XP_010661598.1
XP_010675574.2	XP_010675574.2
XP_010691246.1	XP_010691246.1
XP_010692284.1	XP_010692284.1
XP_010696624.1	XP_010696624.1
XP_010696640.1	XP_010696640.1
XP_010697324.1	XP_010697324.1
XP_010698123.1	XP_010698123.1
XP_010698990.1	XP_010698990.1
XP_010699860.1	XP_010699860.1
XP_010699870.1	XP_010699870.1
XP_010700422.1	XP_010700422.1
XP_010701944.1	XP_010701944.1
XP_010704083.1	XP_010704083.1
XP_010714419.2	XP_010714419.2
XP_010734002.3	XP_010734002.3
XP_010734264.3	XP_010734264.3
XP_010734594.3	XP_010734594.3
XP_010740941.3	XP_010740941.3
XP_010741475.3	XP_010741475.3
XP_010755595.2	XP_010755595.2
XP_010756320.1	XP_010756320.1
XP_010758093.1	XP_010758093.1
XP_010766954.1	XP_010766954.1
XP_010767073.1	XP_010767073.1
XP_010769291.1	XP_010769291.1
XP_010769923.1	XP_010769923.1
XP_010779257.1	XP_010779257.1
XP_010779267.1	XP_010779267.1
XP_010786987.1	XP_010786987.1
XP_010801817.1	XP_010801817.1
XP_010838336.1	XP_010838336.1
XP_010838339.1	XP_010838339.1
XP_010838340.1	XP_010838340.1
XP_010838341.1	XP_010838341.1
XP_010838343.1	XP_010838343.1
XP_010838344.1	XP_010838344.1
XP_010838345.1	XP_010838345.1
XP_010845473.1	XP_010845473.1
XP_010845475.1	XP_010845475.1
XP_010845476.1	XP_010845476.1
XP_010845477.1	XP_010845477.1
XP_010845478.1	XP_010845478.1
XP_010845479.1	XP_010845479.1
XP_010845480.1	XP_010845480.1
XP_010852323.1	XP_010852323.1
XP_010853403.1	XP_010853403.1
XP_010853406.1	XP_010853406.1
XP_010853416.1	XP_010853416.1
XP_010855423.1	XP_010855423.1
XP_010855424.1	XP_010855424.1
XP_010858327.1	XP_010858327.1
XP_010858328.1	XP_010858328.1
XP_010870772.2	XP_010870772.2
XP_010870775.2	XP_010870775.2
XP_010870776.2	XP_010870776.2
XP_010870777.2	XP_010870777.2
XP_010870779.2	XP_010870779.2
XP_010881540.2	XP_010881540.2
XP_010883902.1	XP_010883902.1
XP_010892808.2	XP_010892808.2
XP_010918989.3	XP_010918989.3
XP_010919583.1	XP_010919583.1
XP_010935839.1	XP_010935839.1
XP_010935840.1	XP_010935840.1
XP_010947553.1	XP_010947553.1
XP_010960064.1	XP_010960064.1
XP_010965742.1	XP_010965742.1
XP_010973343.1	XP_010973343.1
XP_010981296.2	XP_010981296.2
XP_010986888.2	XP_010986888.2
XP_011002088.1	XP_011002088.1
XP_011002619.1	XP_011002619.1
XP_011034817.1	XP_011034817.1
XP_011061540.1	XP_011061540.1
XP_011061541.1	XP_011061541.1
XP_011062657.1	XP_011062657.1
XP_011067847.1	XP_011067847.1
XP_011068095.1	XP_011068095.1
XP_011068341.1	XP_011068341.1
XP_011069389.1	XP_011069389.1
XP_011076790.1	XP_011076790.1
XP_011076791.1	XP_011076791.1
XP_011083273.2	XP_011083273.2
XP_011087448.1	XP_011087448.1
XP_011091205.1	XP_011091205.1
XP_011093188.1	XP_011093188.1
XP_011118846.1	XP_011118846.1
XP_011121936.1	XP_011121936.1
XP_011124713.1	XP_011124713.1
XP_011131238.1	XP_011131238.1
XP_011138295.1	XP_011138295.1
XP_011145295.1	XP_011145295.1
XP_011149980.2	XP_011149980.2
XP_011153403.1	XP_011153403.1
XP_011175208.1	XP_011175208.1
XP_011176058.1	XP_011176058.1
XP_011184128.1	XP_011184128.1
XP_011185126.2	XP_011185126.2
XP_011186488.2	XP_011186488.2
XP_011186923.1	XP_011186923.1
XP_011191026.1	XP_011191026.1
XP_011199171.1	XP_011199171.1
XP_011199594.2	XP_011199594.2
XP_011199596.2	XP_011199596.2
XP_011199765.2	XP_011199765.2
XP_011201334.3	XP_011201334.3
XP_011201366.2	XP_011201366.2
XP_011219275.1	XP_011219275.1
XP_011228395.1	XP_011228395.1
XP_011230839.1	XP_011230839.1
XP_011252673.2	XP_011252673.2
XP_011252675.3	XP_011252675.3
XP_011252676.3	XP_011252676.3
XP_011255916.1	XP_011255916.1
XP_011260342.1	XP_011260342.1
XP_011270604.1	XP_011270604.1
XP_011274568.1	XP_011274568.1
XP_011291415.2	XP_011291415.2
XP_011299067.1	XP_011299067.1
XP_011299461.1	XP_011299461.1
XP_011299462.1	XP_011299462.1
XP_011301529.1	XP_011301529.1
XP_011307593.1	XP_011307593.1
XP_011309656.1	XP_011309656.1
XP_011310643.1	XP_011310643.1
XP_011315887.1	XP_011315887.1
XP_011321357.1	XP_011321357.1
XP_011344388.1	XP_011344388.1
XP_011344393.1	XP_011344393.1
XP_011344395.1	XP_011344395.1
XP_011345865.1	XP_011345865.1
XP_011345866.1	XP_011345866.1
XP_011345867.1	XP_011345867.1
XP_011346704.2	XP_011346704.2
XP_011347505.2	XP_011347505.2
XP_011358462.2	XP_011358462.2
XP_011366931.1	XP_011366931.1
XP_011367792.1	XP_011367792.1
XP_011368783.1	XP_011368783.1
XP_011368785.1	XP_011368785.1
XP_011368786.1	XP_011368786.1
XP_011368787.1	XP_011368787.1
XP_011368788.1	XP_011368788.1
XP_011368789.1	XP_011368789.1
XP_011370377.1	XP_011370377.1
XP_011370378.1	XP_011370378.1
XP_011375664.1	XP_011375664.1
XP_011375681.1	XP_011375681.1
XP_011378321.1	XP_011378321.1
XP_011386925.1	XP_011386925.1
XP_011387117.1	XP_011387117.1
XP_011391307.1	XP_011391307.1
XP_011394085.1	XP_011394085.1
XP_011396496.1	XP_011396496.1
XP_011397968.1	XP_011397968.1
XP_011398707.1	XP_011398707.1
XP_011400653.1	XP_011400653.1
XP_011443992.3	XP_011443992.3
XP_011444007.3	XP_011444007.3
XP_011452105.3	XP_011452105.3
XP_011457156.3	XP_011457156.3
XP_011461822.1	XP_011461822.1
XP_011469116.1	XP_011469116.1
XP_011469805.1	XP_011469805.1
XP_011477159.1	XP_011477159.1
XP_011494253.1	XP_011494253.1
XP_011494261.1	XP_011494261.1
XP_011495371.1	XP_011495371.1
XP_011497014.1	XP_011497014.1
XP_011503747.1	XP_011503747.1
XP_011505827.1	XP_011505827.1
XP_011517313.1	XP_011517313.1
XP_011517317.1	XP_011517317.1
XP_011517318.1	XP_011517318.1
XP_011521577.1	XP_011521577.1
XP_011521578.1	XP_011521578.1
XP_011521580.1	XP_011521580.1
XP_011539401.1	XP_011539401.1
XP_011541531.1	XP_011541531.1
XP_011562226.3	XP_011562226.3
XP_011603768.2	XP_011603768.2
XP_011607326.1	XP_011607326.1
XP_011607984.1	XP_011607984.1
XP_011616023.2	XP_011616023.2
XP_011616476.1	XP_011616476.1
XP_011616477.1	XP_011616477.1
XP_011616478.1	XP_011616478.1
XP_011617953.2	XP_011617953.2
XP_011626668.1	XP_011626668.1
XP_011632332.1	XP_011632332.1
XP_011637091.1	XP_011637091.1
XP_011638103.1	XP_011638103.1
XP_011638110.1	XP_011638110.1
XP_011648330.1	XP_011648330.1
XP_011654960.1	XP_011654960.1
XP_011654962.1	XP_011654962.1
XP_011656690.1	XP_011656690.1
XP_011690925.1	XP_011690925.1
XP_011701557.1	XP_011701557.1
XP_011701849.1	XP_011701849.1
XP_011703316.1	XP_011703316.1
XP_011703319.1	XP_011703319.1
XP_011706976.1	XP_011706976.1
XP_011718760.2	XP_011718760.2
XP_011718761.2	XP_011718761.2
XP_011728368.1	XP_011728368.1
XP_011728371.1	XP_011728371.1
XP_011728372.1	XP_011728372.1
XP_011736630.2	XP_011736630.2
XP_011752597.1	XP_011752597.1
XP_011752598.2	XP_011752598.2
XP_011757587.2	XP_011757587.2
XP_011769403.2	XP_011769403.2
XP_011769404.2	XP_011769404.2
XP_011774464.1	XP_011774464.1
XP_011774797.1	XP_011774797.1
XP_011775392.1	XP_011775392.1
XP_011777192.1	XP_011777192.1
XP_011778071.1	XP_011778071.1
XP_011780052.1	XP_011780052.1
XP_011780900.1	XP_011780900.1
XP_011781669.1	XP_011781669.1
XP_011781670.1	XP_011781670.1
XP_011781671.1	XP_011781671.1
XP_011796352.1	XP_011796352.1
XP_011798085.1	XP_011798085.1
XP_011801268.1	XP_011801268.1
XP_011801269.1	XP_011801269.1
XP_011801272.1	XP_011801272.1
XP_011802013.1	XP_011802013.1
XP_011802014.1	XP_011802014.1
XP_011811726.1	XP_011811726.1
XP_011814592.1	XP_011814592.1
XP_011824787.1	XP_011824787.1
XP_011824788.1	XP_011824788.1
XP_011829158.1	XP_011829158.1
XP_011829159.1	XP_011829159.1
XP_011829160.1	XP_011829160.1
XP_011830602.1	XP_011830602.1
XP_011830603.1	XP_011830603.1
XP_011830605.1	XP_011830605.1
XP_011832716.1	XP_011832716.1
XP_011844040.1	XP_011844040.1
XP_011844041.1	XP_011844041.1
XP_011847593.1	XP_011847593.1
XP_011848754.1	XP_011848754.1
XP_011862095.1	XP_011862095.1
XP_011865835.1	XP_011865835.1
XP_011876768.1	XP_011876768.1
XP_011882687.1	XP_011882687.1
XP_011883510.1	XP_011883510.1
XP_011883512.1	XP_011883512.1
XP_011897457.1	XP_011897457.1
XP_011897458.1	XP_011897458.1
XP_011912278.1	XP_011912278.1
XP_011912282.1	XP_011912282.1
XP_011912283.1	XP_011912283.1
XP_011912285.1	XP_011912285.1
XP_011915910.1	XP_011915910.1
XP_011938044.1	XP_011938044.1
XP_011938045.1	XP_011938045.1
XP_011938046.1	XP_011938046.1
XP_011938047.1	XP_011938047.1
XP_011938049.1	XP_011938049.1
XP_011938050.1	XP_011938050.1
XP_011938051.1	XP_011938051.1
XP_011938052.1	XP_011938052.1
XP_011938053.1	XP_011938053.1
XP_011938054.1	XP_011938054.1
XP_011940085.1	XP_011940085.1
XP_011944588.1	XP_011944588.1
XP_012036096.1	XP_012036096.1
XP_012036102.1	XP_012036102.1
XP_012043861.2	XP_012043861.2
XP_012045135.3	XP_012045135.3
XP_012049038.1	XP_012049038.1
XP_012049631.1	XP_012049631.1
XP_012052484.1	XP_012052484.1
XP_012055672.1	XP_012055672.1
XP_012056331.1	XP_012056331.1
XP_012056579.1	XP_012056579.1
XP_012058147.1	XP_012058147.1
XP_012059479.1	XP_012059479.1
XP_012083529.1	XP_012083529.1
XP_012084952.1	XP_012084952.1
XP_012088636.1	XP_012088636.1
XP_012135112.1	XP_012135112.1
XP_012135119.1	XP_012135119.1
XP_012135126.1	XP_012135126.1
XP_012138482.1	XP_012138482.1
XP_012139654.1	XP_012139654.1
XP_012139654.2	XP_012139654.2
XP_012139658.1	XP_012139658.1
XP_012139658.2	XP_012139658.2
XP_012158900.1	XP_012158900.1
XP_012160671.1	XP_012160671.1
XP_012164660.2	XP_012164660.2
XP_012171589.1	XP_012171589.1
XP_012171590.1	XP_012171590.1
XP_012182497.1	XP_012182497.1
XP_012183637.1	XP_012183637.1
XP_012185725.1	XP_012185725.1
XP_012186443.1	XP_012186443.1
XP_012190669.1	XP_012190669.1
XP_012192616.1	XP_012192616.1
XP_012194080.1	XP_012194080.1
XP_012194472.1	XP_012194472.1
XP_012195952.1	XP_012195952.1
XP_012196811.1	XP_012196811.1
XP_012200204.1	XP_012200204.1
XP_012203563.1	XP_012203563.1
XP_012207044.1	XP_012207044.1
XP_012209898.1	XP_012209898.1
XP_012210490.1	XP_012210490.1
XP_012215601.1	XP_012215601.1
XP_012221012.1	XP_012221012.1
XP_012221013.1	XP_012221013.1
XP_012225684.1	XP_012225684.1
XP_012231764.2	XP_012231764.2
XP_012231772.2	XP_012231772.2
XP_012231832.1	XP_012231832.1
XP_012233915.2	XP_012233915.2
XP_012238563.1	XP_012238563.1
XP_012241875.1	XP_012241875.1
XP_012251752.3	XP_012251752.3
XP_012257862.2	XP_012257862.2
XP_012264065.2	XP_012264065.2
XP_012266386.1	XP_012266386.1
XP_012268646.2	XP_012268646.2
XP_012268650.2	XP_012268650.2
XP_012277786.1	XP_012277786.1
XP_012277794.1	XP_012277794.1
XP_012278522.1	XP_012278522.1
XP_012278523.1	XP_012278523.1
XP_012284839.1	XP_012284839.1
XP_012288662.1	XP_012288662.1
XP_012288663.1	XP_012288663.1
XP_012288664.1	XP_012288664.1
XP_012309837.2	XP_012309837.2
XP_012317515.2	XP_012317515.2
XP_012317517.2	XP_012317517.2
XP_012319090.2	XP_012319090.2
XP_012319115.2	XP_012319115.2
XP_012319129.2	XP_012319129.2
XP_012327665.2	XP_012327665.2
XP_012334676.1	XP_012334676.1
XP_012337069.1	XP_012337069.1
XP_012337167.1	XP_012337167.1
XP_012339495.1	XP_012339495.1
XP_012340028.1	XP_012340028.1
XP_012346805.1	XP_012346805.1
XP_012356279.2	XP_012356279.2
XP_012360963.1	XP_012360963.1
XP_012374255.1	XP_012374255.1
XP_012374256.1	XP_012374256.1
XP_012374257.1	XP_012374257.1
XP_012374258.1	XP_012374258.1
XP_012374259.1	XP_012374259.1
XP_012374260.1	XP_012374260.1
XP_012388860.1	XP_012388860.1
XP_012417792.1	XP_012417792.1
XP_012419663.1	XP_012419663.1
XP_012421565.1	XP_012421565.1
XP_012427285.2	XP_012427285.2
XP_012437624.1	XP_012437624.1
XP_012454265.1	XP_012454265.1
XP_012458312.1	XP_012458312.1
XP_012489804.1	XP_012489804.1
XP_012489805.1	XP_012489805.1
XP_012489815.1	XP_012489815.1
XP_012494798.1	XP_012494798.1
XP_012498062.1	XP_012498062.1
XP_012507307.1	XP_012507307.1
XP_012507308.1	XP_012507308.1
XP_012510299.1	XP_012510299.1
XP_012514841.1	XP_012514841.1
XP_012519933.1	XP_012519933.1
XP_012520448.1	XP_012520448.1
XP_012526586.1	XP_012526586.1
XP_012530493.1	XP_012530493.1
XP_012530568.1	XP_012530568.1
XP_012537193.2	XP_012537193.2
XP_012537195.2	XP_012537195.2
XP_012545243.1	XP_012545243.1
XP_012577027.1	XP_012577027.1
XP_012577215.1	XP_012577215.1
XP_012578032.1	XP_012578032.1
XP_012578033.1	XP_012578033.1
XP_012578034.1	XP_012578034.1
XP_012578035.1	XP_012578035.1
XP_012592145.2	XP_012592145.2
XP_012599687.3	XP_012599687.3
XP_012622232.1	XP_012622232.1
XP_012622236.1	XP_012622236.1
XP_012633688.2	XP_012633688.2
XP_012633689.2	XP_012633689.2
XP_012644413.2	XP_012644413.2
XP_012644415.2	XP_012644415.2
XP_012644416.2	XP_012644416.2
XP_012644518.3	XP_012644518.3
XP_012649273.1	XP_012649273.1
XP_012658750.1	XP_012658750.1
XP_012666093.1	XP_012666093.1
XP_012667543.1	XP_012667543.1
XP_012668448.1	XP_012668448.1
XP_012673690.1	XP_012673690.1
XP_012677214.1	XP_012677214.1
XP_012679578.2	XP_012679578.2
XP_012682444.1	XP_012682444.1
XP_012693187.2	XP_012693187.2
XP_012702587.1	XP_012702587.1
XP_012726375.2	XP_012726375.2
XP_012726377.2	XP_012726377.2
XP_012726653.2	XP_012726653.2
XP_012731603.2	XP_012731603.2
XP_012735659.2	XP_012735659.2
XP_012749340.1	XP_012749340.1
XP_012750428.1	XP_012750428.1
XP_012750430.1	XP_012750430.1
XP_012751812.1	XP_012751812.1
XP_012752221.1	XP_012752221.1
XP_012753096.1	XP_012753096.1
XP_012754894.1	XP_012754894.1
XP_012763192.2	XP_012763192.2
XP_012764195.2	XP_012764195.2
XP_012764701.2	XP_012764701.2
XP_012769039.1	XP_012769039.1
XP_012769809.1	XP_012769809.1
XP_012769833.1	XP_012769833.1
XP_012794718.2	XP_012794718.2
XP_012809044.2	XP_012809044.2
XP_012837707.1	XP_012837707.1
XP_012837708.1	XP_012837708.1
XP_012837709.1	XP_012837709.1
XP_012840155.1	XP_012840155.1
XP_012843633.1	XP_012843633.1
XP_012847746.1	XP_012847746.1
XP_012858268.1	XP_012858268.1
XP_012858270.1	XP_012858270.1
XP_012858271.1	XP_012858271.1
XP_012860383.1	XP_012860383.1
XP_012869330.1	XP_012869330.1
XP_012869331.1	XP_012869331.1
XP_012870209.1	XP_012870209.1
XP_012870210.1	XP_012870210.1
XP_012871361.1	XP_012871361.1
XP_012877764.1	XP_012877764.1
XP_012877765.1	XP_012877765.1
XP_012877766.1	XP_012877766.1
XP_012877767.1	XP_012877767.1
XP_012877768.1	XP_012877768.1
XP_012877769.1	XP_012877769.1
XP_012883432.1	XP_012883432.1
XP_012883433.1	XP_012883433.1
XP_012884398.1	XP_012884398.1
XP_012887228.1	XP_012887228.1
XP_012887230.1	XP_012887230.1
XP_012887231.1	XP_012887231.1
XP_012887232.1	XP_012887232.1
XP_012900000.2	XP_012900000.2
XP_012902079.1	XP_012902079.1
XP_012902084.1	XP_012902084.1
XP_012902085.1	XP_012902085.1
XP_012902086.1	XP_012902086.1
XP_012902293.1	XP_012902293.1
XP_012902294.1	XP_012902294.1
XP_012919142.1	XP_012919142.1
XP_012922716.1	XP_012922716.1
XP_012922717.1	XP_012922717.1
XP_012928808.2	XP_012928808.2
XP_012937713.1	XP_012937713.1
XP_012938764.1	XP_012938764.1
XP_012945774.1	XP_012945774.1
XP_012975376.2	XP_012975376.2
XP_013002075.2	XP_013002075.2
XP_013013788.1	XP_013013788.1
XP_013016081.1	XP_013016081.1
XP_013018412.1	XP_013018412.1
XP_013018929.1	XP_013018929.1
XP_013020188.1	XP_013020188.1
XP_013020723.1	XP_013020723.1
XP_013022525.1	XP_013022525.1
XP_013023073.1	XP_013023073.1
XP_013024322.1	XP_013024322.1
XP_013024691.1	XP_013024691.1
XP_013024994.1	XP_013024994.1
XP_013031748.3	XP_013031748.3
XP_013046321.1	XP_013046321.1
XP_013046323.1	XP_013046323.1
XP_013051275.3	XP_013051275.3
XP_013063605.2	XP_013063605.2
XP_013075831.2	XP_013075831.2
XP_013099459.2	XP_013099459.2
XP_013108490.2	XP_013108490.2
XP_013115105.2	XP_013115105.2
XP_013115108.2	XP_013115108.2
XP_013129864.1	XP_013129864.1
XP_013132208.1	XP_013132208.1
XP_013132213.1	XP_013132213.1
XP_013135410.1	XP_013135410.1
XP_013135411.1	XP_013135411.1
XP_013145383.1	XP_013145383.1
XP_013156457.2	XP_013156457.2
XP_013156458.2	XP_013156458.2
XP_013157255.1	XP_013157255.1
XP_013165314.1	XP_013165314.1
XP_013169960.1	XP_013169960.1
XP_013172768.1	XP_013172768.1
XP_013172917.1	XP_013172917.1
XP_013172967.1	XP_013172967.1
XP_013194358.2	XP_013194358.2
XP_013194359.2	XP_013194359.2
XP_013194361.2	XP_013194361.2
XP_013197542.1	XP_013197542.1
XP_013204000.1	XP_013204000.1
XP_013204001.1	XP_013204001.1
XP_013204002.1	XP_013204002.1
XP_013205151.1	XP_013205151.1
XP_013219287.1	XP_013219287.1
XP_013228101.1	XP_013228101.1
XP_013229820.1	XP_013229820.1
XP_013237909.1	XP_013237909.1
XP_013238104.1	XP_013238104.1
XP_013240522.1	XP_013240522.1
XP_013242799.1	XP_013242799.1
XP_013243039.1	XP_013243039.1
XP_013247211.1	XP_013247211.1
XP_013248342.1	XP_013248342.1
XP_013250027.1	XP_013250027.1
XP_013251235.1	XP_013251235.1
XP_013257788.1	XP_013257788.1
XP_013261467.1	XP_013261467.1
XP_013264209.1	XP_013264209.1
XP_013269482.1	XP_013269482.1
XP_013271319.1	XP_013271319.1
XP_013277641.1	XP_013277641.1
XP_013279530.1	XP_013279530.1
XP_013280400.1	XP_013280400.1
XP_013284896.1	XP_013284896.1
XP_013316456.1	XP_013316456.1
XP_013316457.1	XP_013316457.1
XP_013318062.1	XP_013318062.1
XP_013319075.1	XP_013319075.1
XP_013327690.1	XP_013327690.1
XP_013331812.1	XP_013331812.1
XP_013345312.1	XP_013345312.1
XP_013346095.1	XP_013346095.1
XP_013371473.1	XP_013371473.1
XP_013377153.1	XP_013377153.1
XP_013381617.1	XP_013381617.1
XP_013384286.1	XP_013384286.1
XP_013391307.1	XP_013391307.1
XP_013392206.2	XP_013392206.2
XP_013392207.1	XP_013392207.1
XP_013392395.1	XP_013392395.1
XP_013407419.1	XP_013407419.1
XP_013417089.1	XP_013417089.1
XP_013424488.1	XP_013424488.1
XP_013426514.1	XP_013426514.1
XP_013435316.1	XP_013435316.1
XP_013435889.1	XP_013435889.1
XP_013444996.2	XP_013444996.2
XP_013460725.1	XP_013460725.1
XP_013461597.1	XP_013461597.1
XP_013464704.1	XP_013464704.1
XP_013606485.1	XP_013606485.1
XP_013625523.1	XP_013625523.1
XP_013625525.1	XP_013625525.1
XP_013631521.1	XP_013631521.1
XP_013636800.1	XP_013636800.1
XP_013687676.1	XP_013687676.1
XP_013744828.1	XP_013744828.1
XP_013749653.1	XP_013749653.1
XP_013754263.1	XP_013754263.1
XP_013754380.1	XP_013754380.1
XP_013759083.1	XP_013759083.1
XP_013760484.1	XP_013760484.1
XP_013761651.1	XP_013761651.1
XP_013763083.1	XP_013763083.1
XP_013768241.1	XP_013768241.1
XP_013769382.1	XP_013769382.1
XP_013769383.1	XP_013769383.1
XP_013779979.1	XP_013779979.1
XP_013780782.1	XP_013780782.1
XP_013821622.1	XP_013821622.1
XP_013824011.2	XP_013824011.2
XP_013845164.1	XP_013845164.1
XP_013845165.1	XP_013845165.1
XP_013858883.1	XP_013858883.1
XP_013863569.1	XP_013863569.1
XP_013863881.1	XP_013863881.1
XP_013867187.1	XP_013867187.1
XP_013867189.1	XP_013867189.1
XP_013867684.1	XP_013867684.1
XP_013867685.1	XP_013867685.1
XP_013867686.1	XP_013867686.1
XP_013874279.1	XP_013874279.1
XP_013877260.1	XP_013877260.1
XP_013884272.1	XP_013884272.1
XP_013884273.1	XP_013884273.1
XP_013887771.1	XP_013887771.1
XP_013901626.1	XP_013901626.1
XP_013914811.1	XP_013914811.1
XP_013916247.1	XP_013916247.1
XP_013916249.1	XP_013916249.1
XP_013916250.1	XP_013916250.1
XP_013916960.1	XP_013916960.1
XP_013916976.1	XP_013916976.1
XP_013924466.1	XP_013924466.1
XP_013926433.1	XP_013926433.1
XP_013926434.1	XP_013926434.1
XP_013934935.1	XP_013934935.1
XP_013950029.1	XP_013950029.1
XP_013951462.1	XP_013951462.1
XP_013978789.3	XP_013978789.3
XP_013978791.3	XP_013978791.3
XP_013978792.3	XP_013978792.3
XP_013981058.3	XP_013981058.3
XP_013981059.3	XP_013981059.3
XP_013998014.1	XP_013998014.1
XP_013998015.1	XP_013998015.1
XP_014003641.1	XP_014003641.1
XP_014012982.1	XP_014012982.1
XP_014014483.1	XP_014014483.1
XP_014024361.3	XP_014024361.3
XP_014024364.3	XP_014024364.3
XP_014024365.3	XP_014024365.3
XP_014030398.1	XP_014030398.1
XP_014031569.1	XP_014031569.1
XP_014033431.2	XP_014033431.2
XP_014033433.1	XP_014033433.1
XP_014073373.1	XP_014073373.1
XP_014078541.1	XP_014078541.1
XP_014078983.1	XP_014078983.1
XP_014087136.2	XP_014087136.2
XP_014087137.2	XP_014087137.2
XP_014089394.2	XP_014089394.2
XP_014094601.1	XP_014094601.1
XP_014103885.1	XP_014103885.1
XP_014106240.1	XP_014106240.1
XP_014106241.1	XP_014106241.1
XP_014111013.1	XP_014111013.1
XP_014114347.1	XP_014114347.1
XP_014117238.1	XP_014117238.1
XP_014117517.1	XP_014117517.1
XP_014117518.1	XP_014117518.1
XP_014117519.1	XP_014117519.1
XP_014117520.1	XP_014117520.1
XP_014120626.1	XP_014120626.1
XP_014124518.1	XP_014124518.1
XP_014131625.2	XP_014131625.2
XP_014131626.2	XP_014131626.2
XP_014137179.2	XP_014137179.2
XP_014149212.1	XP_014149212.1
XP_014151004.1	XP_014151004.1
XP_014155214.1	XP_014155214.1
XP_014160402.1	XP_014160402.1
XP_014163307.1	XP_014163307.1
XP_014163647.2	XP_014163647.2
XP_014165056.1	XP_014165056.1
XP_014165348.1	XP_014165348.1
XP_014169812.1	XP_014169812.1
XP_014171349.1	XP_014171349.1
XP_014173202.1	XP_014173202.1
XP_014178402.1	XP_014178402.1
XP_014178791.1	XP_014178791.1
XP_014180529.1	XP_014180529.1
XP_014187932.1	XP_014187932.1
XP_014187933.1	XP_014187933.1
XP_014193903.1	XP_014193903.1
XP_014209787.1	XP_014209787.1
XP_014209789.1	XP_014209789.1
XP_014209790.1	XP_014209790.1
XP_014209791.1	XP_014209791.1
XP_014212038.2	XP_014212038.2
XP_014212816.1	XP_014212816.1
XP_014214156.1	XP_014214156.1
XP_014218163.1	XP_014218163.1
XP_014218210.1	XP_014218210.1
XP_014218214.1	XP_014218214.1
XP_014218507.1	XP_014218507.1
XP_014220259.1	XP_014220259.1
XP_014221535.1	XP_014221535.1
XP_014221539.1	XP_014221539.1
XP_014226714.1	XP_014226714.1
XP_014227509.1	XP_014227509.1
XP_014233024.2	XP_014233024.2
XP_014235780.1	XP_014235780.1
XP_014235785.1	XP_014235785.1
XP_014236265.1	XP_014236265.1
XP_014236267.1	XP_014236267.1
XP_014238180.1	XP_014238180.1
XP_014238181.1	XP_014238181.1
XP_014247085.1	XP_014247085.1
XP_014249181.1	XP_014249181.1
XP_014249185.1	XP_014249185.1
XP_014249186.1	XP_014249186.1
XP_014258882.1	XP_014258882.1
XP_014260196.1	XP_014260196.1
XP_014260197.1	XP_014260197.1
XP_014266865.2	XP_014266865.2
XP_014275726.1	XP_014275726.1
XP_014276153.1	XP_014276153.1
XP_014281589.1	XP_014281589.1
XP_014282026.1	XP_014282026.1
XP_014286639.1	XP_014286639.1
XP_014286640.1	XP_014286640.1
XP_014294347.1	XP_014294347.1
XP_014326080.1	XP_014326080.1
XP_014328012.2	XP_014328012.2
XP_014330008.1	XP_014330008.1
XP_014344880.1	XP_014344880.1
XP_014346366.1	XP_014346366.1
XP_014347436.1	XP_014347436.1
XP_014354548.1	XP_014354548.1
XP_014355364.2	XP_014355364.2
XP_014355413.2	XP_014355413.2
XP_014369994.2	XP_014369994.2
XP_014372833.1	XP_014372833.1
XP_014376054.1	XP_014376054.1
XP_014379937.2	XP_014379937.2
XP_014380926.1	XP_014380926.1
XP_014396725.1	XP_014396725.1
XP_014396726.1	XP_014396726.1
XP_014400266.1	XP_014400266.1
XP_014400267.1	XP_014400267.1
XP_014400268.1	XP_014400268.1
XP_014400269.1	XP_014400269.1
XP_014400270.1	XP_014400270.1
XP_014400271.1	XP_014400271.1
XP_014413744.2	XP_014413744.2
XP_014430658.2	XP_014430658.2
XP_014441338.1	XP_014441338.1
XP_014443626.1	XP_014443626.1
XP_014448041.1	XP_014448041.1
XP_014448054.1	XP_014448054.1
XP_014450312.1	XP_014450312.1
XP_014450672.2	XP_014450672.2
XP_014454138.2	XP_014454138.2
XP_014459007.2	XP_014459007.2
XP_014464169.1	XP_014464169.1
XP_014469122.1	XP_014469122.1
XP_014471907.1	XP_014471907.1
XP_014471908.1	XP_014471908.1
XP_014478078.1	XP_014478078.1
XP_014478079.1	XP_014478079.1
XP_014487370.1	XP_014487370.1
XP_014494880.1	XP_014494880.1
XP_014494881.1	XP_014494881.1
XP_014522933.2	XP_014522933.2
XP_014522958.1	XP_014522958.1
XP_014527222.1	XP_014527222.1
XP_014527976.1	XP_014527976.1
XP_014528980.1	XP_014528980.1
XP_014534244.2	XP_014534244.2
XP_014542888.1	XP_014542888.1
XP_014545748.2	XP_014545748.2
XP_014551878.1	XP_014551878.1
XP_014554492.1	XP_014554492.1
XP_014556119.1	XP_014556119.1
XP_014563532.1	XP_014563532.1
XP_014567115.1	XP_014567115.1
XP_014570354.1	XP_014570354.1
XP_014571266.1	XP_014571266.1
XP_014598484.1	XP_014598484.1
XP_014599432.1	XP_014599432.1
XP_014611640.1	XP_014611640.1
XP_014611642.1	XP_014611642.1
XP_014611643.1	XP_014611643.1
XP_014617006.1	XP_014617006.1
XP_014617007.1	XP_014617007.1
XP_014621390.2	XP_014621390.2
XP_014626660.1	XP_014626660.1
XP_014626664.1	XP_014626664.1
XP_014626665.1	XP_014626665.1
XP_014649270.1	XP_014649270.1
XP_014649271.1	XP_014649271.1
XP_014649272.1	XP_014649272.1
XP_014649273.1	XP_014649273.1
XP_014649274.1	XP_014649274.1
XP_014649275.1	XP_014649275.1
XP_014650510.1	XP_014650510.1
XP_014651055.1	XP_014651055.1
XP_014651056.1	XP_014651056.1
XP_014651058.1	XP_014651058.1
XP_014651059.1	XP_014651059.1
XP_014653098.1	XP_014653098.1
XP_014653100.1	XP_014653100.1
XP_014654099.1	XP_014654099.1
XP_014658653.1	XP_014658653.1
XP_014658938.1	XP_014658938.1
XP_014664767.1	XP_014664767.1
XP_014664775.1	XP_014664775.1
XP_014666352.1	XP_014666352.1
XP_014666353.1	XP_014666353.1
XP_014671432.1	XP_014671432.1
XP_014671434.1	XP_014671434.1
XP_014681268.1	XP_014681268.1
XP_014681269.1	XP_014681269.1
XP_014681270.1	XP_014681270.1
XP_014681272.1	XP_014681272.1
XP_014681273.1	XP_014681273.1
XP_014681432.1	XP_014681432.1
XP_014681435.1	XP_014681435.1
XP_014682439.2	XP_014682439.2
XP_014682440.2	XP_014682440.2
XP_014682441.2	XP_014682441.2
XP_014689801.1	XP_014689801.1
XP_014699772.2	XP_014699772.2
XP_014699773.2	XP_014699773.2
XP_014699774.2	XP_014699774.2
XP_014699775.2	XP_014699775.2
XP_014699776.2	XP_014699776.2
XP_014699777.2	XP_014699777.2
XP_014699778.2	XP_014699778.2
XP_014707287.1	XP_014707287.1
XP_014712492.1	XP_014712492.1
XP_014712494.1	XP_014712494.1
XP_014724617.1	XP_014724617.1
XP_014724619.1	XP_014724619.1
XP_014726115.1	XP_014726115.1
XP_014726117.1	XP_014726117.1
XP_014727795.1	XP_014727795.1
XP_014727796.1	XP_014727796.1
XP_014727797.1	XP_014727797.1
XP_014735891.1	XP_014735891.1
XP_014736883.1	XP_014736883.1
XP_014736884.1	XP_014736884.1
XP_014737169.1	XP_014737169.1
XP_014749247.1	XP_014749247.1
XP_014755895.1	XP_014755895.1
XP_014757943.1	XP_014757943.1
XP_014759198.2	XP_014759198.2
XP_014766760.1	XP_014766760.1
XP_014775237.1	XP_014775237.1
XP_014780906.1	XP_014780906.1
XP_014790674.1	XP_014790674.1
XP_014792126.1	XP_014792126.1
XP_014792144.1	XP_014792144.1
XP_014794745.1	XP_014794745.1
XP_014796509.1	XP_014796509.1
XP_014796510.1	XP_014796510.1
XP_014796511.1	XP_014796511.1
XP_014796512.1	XP_014796512.1
XP_014796513.1	XP_014796513.1
XP_014797674.1	XP_014797674.1
XP_014800560.1	XP_014800560.1
XP_014820543.1	XP_014820543.1
XP_014848343.1	XP_014848343.1
XP_014848346.1	XP_014848346.1
XP_014851747.1	XP_014851747.1
XP_014851749.1	XP_014851749.1
XP_014856072.1	XP_014856072.1
XP_014857573.1	XP_014857573.1
XP_014857574.1	XP_014857574.1
XP_014858328.1	XP_014858328.1
XP_014863077.1	XP_014863077.1
XP_014863079.1	XP_014863079.1
XP_014863080.1	XP_014863080.1
XP_014867270.1	XP_014867270.1
XP_014867271.1	XP_014867271.1
XP_014875034.1	XP_014875034.1
XP_014877103.1	XP_014877103.1
XP_014877106.1	XP_014877106.1
XP_014877107.1	XP_014877107.1
XP_014901661.1	XP_014901661.1
XP_014901662.1	XP_014901662.1
XP_014904642.1	XP_014904642.1
XP_014906221.1	XP_014906221.1
XP_014906222.1	XP_014906222.1
XP_014911526.1	XP_014911526.1
XP_014911527.1	XP_014911527.1
XP_014915066.1	XP_014915066.1
XP_014915070.1	XP_014915070.1
XP_014924577.1	XP_014924577.1
XP_014924581.1	XP_014924581.1
XP_014930279.1	XP_014930279.1
XP_014931745.3	XP_014931745.3
XP_014935387.3	XP_014935387.3
XP_014947460.2	XP_014947460.2
XP_014947461.2	XP_014947461.2
XP_014947462.2	XP_014947462.2
XP_014947463.2	XP_014947463.2
XP_014947464.2	XP_014947464.2
XP_014947465.2	XP_014947465.2
XP_014947466.2	XP_014947466.2
XP_014947467.2	XP_014947467.2
XP_014947468.2	XP_014947468.2
XP_014958634.2	XP_014958634.2
XP_014969451.3	XP_014969451.3
XP_014973508.2	XP_014973508.2
XP_014981580.2	XP_014981580.2
XP_014981582.2	XP_014981582.2
XP_014995693.1	XP_014995693.1
XP_015017368.1	XP_015017368.1
XP_015017369.1	XP_015017369.1
XP_015056459.1	XP_015056459.1
XP_015058753.1	XP_015058753.1
XP_015058754.1	XP_015058754.1
XP_015058755.1	XP_015058755.1
XP_015062211.1	XP_015062211.1
XP_015079772.1	XP_015079772.1
XP_015086026.1	XP_015086026.1
XP_015086028.1	XP_015086028.1
XP_015091639.1	XP_015091639.1
XP_015091642.1	XP_015091642.1
XP_015091644.1	XP_015091644.1
XP_015091645.1	XP_015091645.1
XP_015108719.1	XP_015108719.1
XP_015108865.1	XP_015108865.1
XP_015109471.1	XP_015109471.1
XP_015111651.1	XP_015111651.1
XP_015111652.1	XP_015111652.1
XP_015111653.1	XP_015111653.1
XP_015122401.1	XP_015122401.1
XP_015126227.1	XP_015126227.1
XP_015127455.1	XP_015127455.1
XP_015135716.2	XP_015135716.2
XP_015135717.2	XP_015135717.2
XP_015137766.3	XP_015137766.3
XP_015137767.3	XP_015137767.3
XP_015137768.3	XP_015137768.3
XP_015137772.3	XP_015137772.3
XP_015137773.3	XP_015137773.3
XP_015147894.1	XP_015147894.1
XP_015167051.1	XP_015167051.1
XP_015183070.1	XP_015183070.1
XP_015183071.1	XP_015183071.1
XP_015186857.1	XP_015186857.1
XP_015186859.1	XP_015186859.1
XP_015186862.1	XP_015186862.1
XP_015186863.1	XP_015186863.1
XP_015186864.1	XP_015186864.1
XP_015187097.1	XP_015187097.1
XP_015187107.1	XP_015187107.1
XP_015187987.1	XP_015187987.1
XP_015209412.1	XP_015209412.1
XP_015209413.1	XP_015209413.1
XP_015209414.1	XP_015209414.1
XP_015211115.2	XP_015211115.2
XP_015213187.1	XP_015213187.1
XP_015213189.1	XP_015213189.1
XP_015213193.1	XP_015213193.1
XP_015224082.2	XP_015224082.2
XP_015224083.1	XP_015224083.1
XP_015229681.1	XP_015229681.1
XP_015231012.1	XP_015231012.1
XP_015231052.1	XP_015231052.1
XP_015231053.1	XP_015231053.1
XP_015231054.1	XP_015231054.1
XP_015236215.1	XP_015236215.1
XP_015237348.1	XP_015237348.1
XP_015237349.1	XP_015237349.1
XP_015240234.1	XP_015240234.1
XP_015241473.1	XP_015241473.1
XP_015241474.1	XP_015241474.1
XP_015252248.1	XP_015252248.1
XP_015263598.1	XP_015263598.1
XP_015267467.1	XP_015267467.1
XP_015274726.1	XP_015274726.1
XP_015277785.1	XP_015277785.1
XP_015282288.1	XP_015282288.1
XP_015282573.1	XP_015282573.1
XP_015282574.1	XP_015282574.1
XP_015282575.1	XP_015282575.1
XP_015282847.1	XP_015282847.1
XP_015290090.3	XP_015290090.3
XP_015291319.2	XP_015291319.2
XP_015291324.2	XP_015291324.2
XP_015333560.1	XP_015333560.1
XP_015333561.1	XP_015333561.1
XP_015344242.1	XP_015344242.1
XP_015344243.1	XP_015344243.1
XP_015345932.1	XP_015345932.1
XP_015345933.2	XP_015345933.2
XP_015353324.1	XP_015353324.1
XP_015361547.1	XP_015361547.1
XP_015366218.1	XP_015366218.1
XP_015368603.1	XP_015368603.1
XP_015374780.1	XP_015374780.1
XP_015376595.1	XP_015376595.1
XP_015377735.1	XP_015377735.1
XP_015379698.1	XP_015379698.1
XP_015380080.1	XP_015380080.1
XP_015380082.1	XP_015380082.1
XP_015380103.1	XP_015380103.1
XP_015397062.2	XP_015397062.2
XP_015401360.1	XP_015401360.1
XP_015410030.1	XP_015410030.1
XP_015414695.1	XP_015414695.1
XP_015416646.1	XP_015416646.1
XP_015418609.1	XP_015418609.1
XP_015422430.1	XP_015422430.1
XP_015422431.1	XP_015422431.1
XP_015429028.1	XP_015429028.1
XP_015437343.1	XP_015437343.1
XP_015438979.1	XP_015438979.1
XP_015439628.1	XP_015439628.1
XP_015442437.1	XP_015442437.1
XP_015442438.1	XP_015442438.1
XP_015445942.1	XP_015445942.1
XP_015448920.1	XP_015448920.1
XP_015450658.1	XP_015450658.1
XP_015456725.3	XP_015456725.3
XP_015466230.1	XP_015466230.1
XP_015473499.1	XP_015473499.1
XP_015473500.1	XP_015473500.1
XP_015473501.1	XP_015473501.1
XP_015473502.1	XP_015473502.1
XP_015473503.1	XP_015473503.1
XP_015492002.1	XP_015492002.1
XP_015492003.1	XP_015492003.1
XP_015508613.1	XP_015508613.1
XP_015509038.1	XP_015509038.1
XP_015510887.2	XP_015510887.2
XP_015514209.2	XP_015514209.2
XP_015518117.2	XP_015518117.2
XP_015518362.1	XP_015518362.1
XP_015522643.1	XP_015522643.1
XP_015577912.2	XP_015577912.2
XP_015577930.2	XP_015577930.2
XP_015584508.2	XP_015584508.2
XP_015587444.1	XP_015587444.1
XP_015588820.1	XP_015588820.1
XP_015588821.1	XP_015588821.1
XP_015588822.1	XP_015588822.1
XP_015588823.1	XP_015588823.1
XP_015599025.1	XP_015599025.1
XP_015599027.1	XP_015599027.1
XP_015599029.1	XP_015599029.1
XP_015599030.1	XP_015599030.1
XP_015601694.1	XP_015601694.1
XP_015602611.2	XP_015602611.2
XP_015614651.2	XP_015614651.2
XP_015622135.1	XP_015622135.1
XP_015623679.1	XP_015623679.1
XP_015623680.1	XP_015623680.1
XP_015650948.1	XP_015650948.1
XP_015650949.1	XP_015650949.1
XP_015652739.1	XP_015652739.1
XP_015653778.1	XP_015653778.1
XP_015655729.1	XP_015655729.1
XP_015656841.1	XP_015656841.1
XP_015661360.1	XP_015661360.1
XP_015663277.1	XP_015663277.1
XP_015663902.1	XP_015663902.1
XP_015665185.1	XP_015665185.1
XP_015665206.1	XP_015665206.1
XP_015666144.1	XP_015666144.1
XP_015666145.1	XP_015666145.1
XP_015666381.1	XP_015666381.1
XP_015671912.1	XP_015671912.1
XP_015674013.1	XP_015674013.1
XP_015674303.1	XP_015674303.1
XP_015674418.2	XP_015674418.2
XP_015688435.2	XP_015688435.2
XP_015696938.2	XP_015696938.2
XP_015701243.1	XP_015701243.1
XP_015701278.1	XP_015701278.1
XP_015704094.1	XP_015704094.1
XP_015704097.1	XP_015704097.1
XP_015704098.1	XP_015704098.1
XP_015704777.1	XP_015704777.1
XP_015704779.1	XP_015704779.1
XP_015704780.1	XP_015704780.1
XP_015704781.1	XP_015704781.1
XP_015704783.1	XP_015704783.1
XP_015708686.2	XP_015708686.2
XP_015709849.1	XP_015709849.1
XP_015709850.1	XP_015709850.1
XP_015709851.1	XP_015709851.1
XP_015709854.1	XP_015709854.1
XP_015709855.1	XP_015709855.1
XP_015709856.1	XP_015709856.1
XP_015726032.1	XP_015726032.1
XP_015726043.1	XP_015726043.1
XP_015726044.1	XP_015726044.1
XP_015728995.1	XP_015728995.1
XP_015744699.1	XP_015744699.1
XP_015759252.1	XP_015759252.1
XP_015759976.1	XP_015759976.1
XP_015765481.1	XP_015765481.1
XP_015767131.1	XP_015767131.1
XP_015772092.1	XP_015772092.1
XP_015775354.1	XP_015775354.1
XP_015781699.1	XP_015781699.1
XP_015781700.1	XP_015781700.1
XP_015786075.1	XP_015786075.1
XP_015786076.1	XP_015786076.1
XP_015786077.1	XP_015786077.1
XP_015788987.1	XP_015788987.1
XP_015791509.1	XP_015791509.1
XP_015802481.1	XP_015802481.1
XP_015804612.2	XP_015804612.2
XP_015804613.2	XP_015804613.2
XP_015818975.1	XP_015818975.1
XP_015826745.1	XP_015826745.1
XP_015826746.1	XP_015826746.1
XP_015828022.3	XP_015828022.3
XP_015828684.1	XP_015828684.1
XP_015851963.1	XP_015851963.1
XP_015851963.2	XP_015851963.2
XP_015855736.1	XP_015855736.1
XP_015855818.1	XP_015855818.1
XP_015862178.1	XP_015862178.1
XP_015862178.2	XP_015862178.2
XP_015899318.3	XP_015899318.3
XP_015908091.2	XP_015908091.2
XP_015908093.2	XP_015908093.2
XP_015912364.2	XP_015912364.2
XP_015912539.2	XP_015912539.2
XP_015916399.1	XP_015916399.1
XP_015917743.1	XP_015917743.1
XP_015917747.1	XP_015917747.1
XP_015922920.1	XP_015922920.1
XP_015922921.1	XP_015922921.1
XP_015927698.2	XP_015927698.2
XP_015927702.2	XP_015927702.2
XP_015937464.1	XP_015937464.1
XP_015950871.1	XP_015950871.1
XP_015956550.1	XP_015956550.1
XP_015975790.1	XP_015975790.1
XP_015975793.1	XP_015975793.1
XP_015975794.1	XP_015975794.1
XP_015975796.1	XP_015975796.1
XP_015975797.1	XP_015975797.1
XP_015975798.1	XP_015975798.1
XP_015975799.1	XP_015975799.1
XP_015975800.1	XP_015975800.1
XP_015975801.1	XP_015975801.1
XP_015975802.1	XP_015975802.1
XP_015975803.1	XP_015975803.1
XP_015983332.2	XP_015983332.2
XP_015985733.2	XP_015985733.2
XP_016003088.2	XP_016003088.2
XP_016016469.2	XP_016016469.2
XP_016016471.2	XP_016016471.2
XP_016016472.2	XP_016016472.2
XP_016016540.2	XP_016016540.2
XP_016033527.1	XP_016033527.1
XP_016035713.1	XP_016035713.1
XP_016036175.1	XP_016036175.1
XP_016037645.1	XP_016037645.1
XP_016038559.1	XP_016038559.1
XP_016041861.1	XP_016041861.1
XP_016048620.2	XP_016048620.2
XP_016051812.1	XP_016051812.1
XP_016060494.1	XP_016060494.1
XP_016060495.1	XP_016060495.1
XP_016060496.1	XP_016060496.1
XP_016060497.1	XP_016060497.1
XP_016060498.1	XP_016060498.1
XP_016065848.1	XP_016065848.1
XP_016065850.1	XP_016065850.1
XP_016066328.1	XP_016066328.1
XP_016066330.1	XP_016066330.1
XP_016066331.1	XP_016066331.1
XP_016066332.1	XP_016066332.1
XP_016066333.1	XP_016066333.1
XP_016066334.1	XP_016066334.1
XP_016072825.1	XP_016072825.1
XP_016072827.1	XP_016072827.1
XP_016076011.1	XP_016076011.1
XP_016078419.1	XP_016078419.1
XP_016078421.1	XP_016078421.1
XP_016078422.1	XP_016078422.1
XP_016084722.1	XP_016084722.1
XP_016085954.1	XP_016085954.1
XP_016092658.1	XP_016092658.1
XP_016093776.1	XP_016093776.1
XP_016094520.1	XP_016094520.1
XP_016094521.1	XP_016094521.1
XP_016100264.1	XP_016100264.1
XP_016100265.1	XP_016100265.1
XP_016102345.1	XP_016102345.1
XP_016111424.1	XP_016111424.1
XP_016114746.1	XP_016114746.1
XP_016118866.1	XP_016118866.1
XP_016130800.1	XP_016130800.1
XP_016134731.1	XP_016134731.1
XP_016141568.1	XP_016141568.1
XP_016151809.1	XP_016151809.1
XP_016152116.1	XP_016152116.1
XP_016155673.1	XP_016155673.1
XP_016155674.1	XP_016155674.1
XP_016155675.1	XP_016155675.1
XP_016155677.1	XP_016155677.1
XP_016160306.1	XP_016160306.1
XP_016171288.1	XP_016171288.1
XP_016184263.1	XP_016184263.1
XP_016190183.1	XP_016190183.1
XP_016190186.1	XP_016190186.1
XP_016210475.1	XP_016210475.1
XP_016217902.1	XP_016217902.1
XP_016218198.1	XP_016218198.1
XP_016221045.1	XP_016221045.1
XP_016221046.1	XP_016221046.1
XP_016222384.1	XP_016222384.1
XP_016229019.1	XP_016229019.1
XP_016230482.1	XP_016230482.1
XP_016234673.1	XP_016234673.1
XP_016240097.1	XP_016240097.1
XP_016245500.1	XP_016245500.1
XP_016247227.1	XP_016247227.1
XP_016253048.1	XP_016253048.1
XP_016253049.1	XP_016253049.1
XP_016261713.1	XP_016261713.1
XP_016267313.1	XP_016267313.1
XP_016268800.1	XP_016268800.1
XP_016270840.1	XP_016270840.1
XP_016271336.1	XP_016271336.1
XP_016286813.1	XP_016286813.1
XP_016286816.1	XP_016286816.1
XP_016286817.1	XP_016286817.1
XP_016291215.1	XP_016291215.1
XP_016300628.1	XP_016300628.1
XP_016301057.1	XP_016301057.1
XP_016305973.1	XP_016305973.1
XP_016307450.1	XP_016307450.1
XP_016310073.1	XP_016310073.1
XP_016336616.1	XP_016336616.1
XP_016338827.1	XP_016338827.1
XP_016340461.1	XP_016340461.1
XP_016345598.1	XP_016345598.1
XP_016345599.1	XP_016345599.1
XP_016349495.1	XP_016349495.1
XP_016349496.1	XP_016349496.1
XP_016351038.1	XP_016351038.1
XP_016351039.1	XP_016351039.1
XP_016352674.1	XP_016352674.1
XP_016356555.1	XP_016356555.1
XP_016360822.1	XP_016360822.1
XP_016361298.1	XP_016361298.1
XP_016371755.1	XP_016371755.1
XP_016383428.1	XP_016383428.1
XP_016386818.1	XP_016386818.1
XP_016386819.1	XP_016386819.1
XP_016393783.1	XP_016393783.1
XP_016394903.1	XP_016394903.1
XP_016402288.1	XP_016402288.1
XP_016402702.1	XP_016402702.1
XP_016406419.1	XP_016406419.1
XP_016407772.1	XP_016407772.1
XP_016421013.1	XP_016421013.1
XP_016424917.1	XP_016424917.1
XP_016424918.1	XP_016424918.1
XP_016426867.1	XP_016426867.1
XP_016428783.1	XP_016428783.1
XP_016430341.1	XP_016430341.1
XP_016430342.1	XP_016430342.1
XP_016430343.1	XP_016430343.1
XP_016430344.1	XP_016430344.1
XP_016430345.1	XP_016430345.1
XP_016436229.2	XP_016436229.2
XP_016454952.2	XP_016454952.2
XP_016454953.2	XP_016454953.2
XP_016454954.2	XP_016454954.2
XP_016454955.2	XP_016454955.2
XP_016454956.2	XP_016454956.2
XP_016454957.2	XP_016454957.2
XP_016457054.1	XP_016457054.1
XP_016488714.1	XP_016488714.1
XP_016498763.2	XP_016498763.2
XP_016503983.2	XP_016503983.2
XP_016517668.1	XP_016517668.1
XP_016517670.1	XP_016517670.1
XP_016523768.1	XP_016523768.1
XP_016530364.1	XP_016530364.1
XP_016566112.2	XP_016566112.2
XP_016566114.2	XP_016566114.2
XP_016566383.1	XP_016566383.1
XP_016566386.1	XP_016566386.1
XP_016566387.1	XP_016566387.1
XP_016574627.2	XP_016574627.2
XP_016574630.2	XP_016574630.2
XP_016575479.1	XP_016575479.1
XP_016586152.1	XP_016586152.1
XP_016588830.1	XP_016588830.1
XP_016590364.1	XP_016590364.1
XP_016600586.1	XP_016600586.1
XP_016605186.1	XP_016605186.1
XP_016605801.1	XP_016605801.1
XP_016608005.1	XP_016608005.1
XP_016618487.1	XP_016618487.1
XP_016619867.1	XP_016619867.1
XP_016623621.1	XP_016623621.1
XP_016630688.1	XP_016630688.1
XP_016632124.1	XP_016632124.1
XP_016634721.1	XP_016634721.1
XP_016639086.1	XP_016639086.1
XP_016642001.1	XP_016642001.1
XP_016655024.1	XP_016655024.1
XP_016655704.1	XP_016655704.1
XP_016695416.1	XP_016695416.1
XP_016695417.1	XP_016695417.1
XP_016703007.1	XP_016703007.1
XP_016711823.1	XP_016711823.1
XP_016735192.2	XP_016735192.2
XP_016742862.1	XP_016742862.1
XP_016748275.2	XP_016748275.2
XP_016748276.2	XP_016748276.2
XP_016748279.1	XP_016748279.1
XP_016758685.1	XP_016758685.1
XP_016759626.1	XP_016759626.1
XP_016770424.1	XP_016770424.1
XP_016772964.1	XP_016772964.1
XP_016773863.1	XP_016773863.1
XP_016773866.1	XP_016773866.1
XP_016773867.1	XP_016773867.1
XP_016773868.1	XP_016773868.1
XP_016773872.1	XP_016773872.1
XP_016773873.1	XP_016773873.1
XP_016773876.1	XP_016773876.1
XP_016773885.1	XP_016773885.1
XP_016773918.1	XP_016773918.1
XP_016773923.1	XP_016773923.1
XP_016773934.1	XP_016773934.1
XP_016785293.2	XP_016785293.2
XP_016785294.2	XP_016785294.2
XP_016816567.1	XP_016816567.1
XP_016816569.1	XP_016816569.1
XP_016816571.1	XP_016816571.1
XP_016819746.1	XP_016819746.1
XP_016835195.1	XP_016835195.1
XP_016844667.1	XP_016844667.1
XP_016845980.1	XP_016845980.1
XP_016856292.1	XP_016856292.1
XP_016856293.1	XP_016856293.1
XP_016856294.1	XP_016856294.1
XP_016856295.1	XP_016856295.1
XP_016856296.1	XP_016856296.1
XP_016856297.1	XP_016856297.1
XP_016856299.1	XP_016856299.1
XP_016864477.1	XP_016864477.1
XP_016898289.1	XP_016898289.1
XP_016904506.1	XP_016904506.1
XP_016905654.1	XP_016905654.1
XP_016917326.2	XP_016917326.2
XP_016923904.2	XP_016923904.2
XP_016925338.2	XP_016925338.2
XP_016925340.2	XP_016925340.2
XP_016933192.1	XP_016933192.1
XP_016936530.4	XP_016936530.4
XP_016937128.2	XP_016937128.2
XP_016939607.4	XP_016939607.4
XP_016948563.1	XP_016948563.1
XP_016949515.1	XP_016949515.1
XP_016950463.1	XP_016950463.1
XP_016954318.1	XP_016954318.1
XP_016960212.1	XP_016960212.1
XP_016966617.1	XP_016966617.1
XP_016975725.2	XP_016975725.2
XP_016976892.1	XP_016976892.1
XP_016978872.2	XP_016978872.2
XP_016982020.1	XP_016982020.1
XP_016982659.1	XP_016982659.1
XP_016982665.1	XP_016982665.1
XP_016984866.1	XP_016984866.1
XP_016992854.2	XP_016992854.2
XP_016995202.2	XP_016995202.2
XP_016995416.2	XP_016995416.2
XP_016998654.2	XP_016998654.2
XP_017005829.2	XP_017005829.2
XP_017006425.2	XP_017006425.2
XP_017007432.2	XP_017007432.2
XP_017018095.1	XP_017018095.1
XP_017018096.1	XP_017018096.1
XP_017018119.1	XP_017018119.1
XP_017023240.1	XP_017023240.1
XP_017023292.1	XP_017023292.1
XP_017023639.1	XP_017023639.1
XP_017028214.1	XP_017028214.1
XP_017030579.1	XP_017030579.1
XP_017031799.1	XP_017031799.1
XP_017042572.1	XP_017042572.1
XP_017050472.1	XP_017050472.1
XP_017052509.1	XP_017052509.1
XP_017054800.1	XP_017054800.1
XP_017055353.1	XP_017055353.1
XP_017055354.1	XP_017055354.1
XP_017055356.1	XP_017055356.1
XP_017058115.2	XP_017058115.2
XP_017063709.1	XP_017063709.1
XP_017063711.1	XP_017063711.1
XP_017074170.1	XP_017074170.1
XP_017080009.1	XP_017080009.1
XP_017082597.2	XP_017082597.2
XP_017086113.1	XP_017086113.1
XP_017086763.1	XP_017086763.1
XP_017093155.2	XP_017093155.2
XP_017102785.2	XP_017102785.2
XP_017104311.2	XP_017104311.2
XP_017106509.2	XP_017106509.2
XP_017109961.3	XP_017109961.3
XP_017110255.1	XP_017110255.1
XP_017112355.1	XP_017112355.1
XP_017113264.1	XP_017113264.1
XP_017119937.1	XP_017119937.1
XP_017123851.1	XP_017123851.1
XP_017129525.1	XP_017129525.1
XP_017130559.2	XP_017130559.2
XP_017138563.1	XP_017138563.1
XP_017145054.1	XP_017145054.1
XP_017147153.1	XP_017147153.1
XP_017147172.1	XP_017147172.1
XP_017147180.1	XP_017147180.1
XP_017147189.1	XP_017147189.1
XP_017147197.1	XP_017147197.1
XP_017156002.2	XP_017156002.2
XP_017175628.1	XP_017175628.1
XP_017203136.1	XP_017203136.1
XP_017206032.2	XP_017206032.2
XP_017215862.2	XP_017215862.2
XP_017215863.2	XP_017215863.2
XP_017221499.1	XP_017221499.1
XP_017234592.1	XP_017234592.1
XP_017236141.2	XP_017236141.2
XP_017236606.1	XP_017236606.1
XP_017253991.1	XP_017253991.1
XP_017265315.1	XP_017265315.1
XP_017267703.1	XP_017267703.1
XP_017269123.1	XP_017269123.1
XP_017273755.1	XP_017273755.1
XP_017276471.1	XP_017276471.1
XP_017276472.1	XP_017276472.1
XP_017284193.1	XP_017284193.1
XP_017289798.1	XP_017289798.1
XP_017289799.1	XP_017289799.1
XP_017290518.2	XP_017290518.2
XP_017290519.2	XP_017290519.2
XP_017304101.1	XP_017304101.1
XP_017338037.1	XP_017338037.1
XP_017338038.1	XP_017338038.1
XP_017338340.1	XP_017338340.1
XP_017338341.1	XP_017338341.1
XP_017339661.1	XP_017339661.1
XP_017342731.1	XP_017342731.1
XP_017342733.1	XP_017342733.1
XP_017342734.1	XP_017342734.1
XP_017342735.1	XP_017342735.1
XP_017342736.1	XP_017342736.1
XP_017342737.1	XP_017342737.1
XP_017347509.2	XP_017347509.2
XP_017359489.1	XP_017359489.1
XP_017359490.1	XP_017359490.1
XP_017362791.1	XP_017362791.1
XP_017371078.2	XP_017371078.2
XP_017371079.1	XP_017371079.1
XP_017371083.1	XP_017371083.1
XP_017371085.1	XP_017371085.1
XP_017385645.1	XP_017385645.1
XP_017385647.1	XP_017385647.1
XP_017390922.1	XP_017390922.1
XP_017390923.1	XP_017390923.1
XP_017401481.1	XP_017401481.1
XP_017401482.2	XP_017401482.2
XP_017404283.2	XP_017404283.2
XP_017419230.1	XP_017419230.1
XP_017429290.1	XP_017429290.1
XP_017430681.1	XP_017430681.1
XP_017462656.1	XP_017462656.1
XP_017470871.1	XP_017470871.1
XP_017476841.1	XP_017476841.1
XP_017480402.1	XP_017480402.1
XP_017481647.1	XP_017481647.1
XP_017485241.1	XP_017485241.1
XP_017485893.1	XP_017485893.1
XP_017486427.1	XP_017486427.1
XP_017491430.1	XP_017491430.1
XP_017499265.2	XP_017499265.2
XP_017507754.1	XP_017507754.1
XP_017510046.2	XP_017510046.2
XP_017522600.3	XP_017522600.3
XP_017522601.3	XP_017522601.3
XP_017522603.3	XP_017522603.3
XP_017537559.1	XP_017537559.1
XP_017546577.2	XP_017546577.2
XP_017546578.1	XP_017546578.1
XP_017546579.2	XP_017546579.2
XP_017548726.1	XP_017548726.1
XP_017548727.1	XP_017548727.1
XP_017556345.2	XP_017556345.2
XP_017566470.1	XP_017566470.1
XP_017566883.2	XP_017566883.2
XP_017588959.1	XP_017588959.1
XP_017588960.1	XP_017588960.1
XP_017588961.1	XP_017588961.1
XP_017594235.1	XP_017594235.1
XP_017594236.1	XP_017594236.1
XP_017595948.1	XP_017595948.1
XP_017597042.1	XP_017597042.1
XP_017615758.1	XP_017615758.1
XP_017615759.1	XP_017615759.1
XP_017619350.1	XP_017619350.1
XP_017630604.1	XP_017630604.1
XP_017653627.1	XP_017653627.1
XP_017654044.1	XP_017654044.1
XP_017658736.1	XP_017658736.1
XP_017661010.1	XP_017661010.1
XP_017661012.1	XP_017661012.1
XP_017661678.1	XP_017661678.1
XP_017661682.1	XP_017661682.1
XP_017661683.1	XP_017661683.1
XP_017663775.1	XP_017663775.1
XP_017663777.1	XP_017663777.1
XP_017670385.1	XP_017670385.1
XP_017671604.1	XP_017671604.1
XP_017675746.1	XP_017675746.1
XP_017715414.1	XP_017715414.1
XP_017718908.1	XP_017718908.1
XP_017718909.1	XP_017718909.1
XP_017718910.1	XP_017718910.1
XP_017725188.1	XP_017725188.1
XP_017730087.1	XP_017730087.1
XP_017739545.1	XP_017739545.1
XP_017739547.1	XP_017739547.1
XP_017760834.1	XP_017760834.1
XP_017761521.1	XP_017761521.1
XP_017763725.1	XP_017763725.1
XP_017765300.1	XP_017765300.1
XP_017772001.1	XP_017772001.1
XP_017776732.1	XP_017776732.1
XP_017776733.1	XP_017776733.1
XP_017779095.1	XP_017779095.1
XP_017786162.1	XP_017786162.1
XP_017791040.1	XP_017791040.1
XP_017792713.1	XP_017792713.1
XP_017793446.1	XP_017793446.1
XP_017797425.1	XP_017797425.1
XP_017798528.1	XP_017798528.1
XP_017828682.2	XP_017828682.2
XP_017842706.1	XP_017842706.1
XP_017851742.1	XP_017851742.1
XP_017852902.1	XP_017852902.1
XP_017856721.1	XP_017856721.1
XP_017864348.1	XP_017864348.1
XP_017864349.1	XP_017864349.1
XP_017864350.1	XP_017864350.1
XP_017869898.1	XP_017869898.1
XP_017871029.1	XP_017871029.1
XP_017872212.1	XP_017872212.1
XP_017884915.2	XP_017884915.2
XP_017886248.1	XP_017886248.1
XP_017888999.1	XP_017888999.1
XP_017890571.1	XP_017890571.1
XP_017890578.1	XP_017890578.1
XP_017891882.1	XP_017891882.1
XP_017898183.1	XP_017898183.1
XP_017899670.1	XP_017899670.1
XP_017899679.1	XP_017899679.1
XP_017907943.1	XP_017907943.1
XP_017917437.1	XP_017917437.1
XP_017917438.1	XP_017917438.1
XP_017917439.1	XP_017917439.1
XP_017921099.1	XP_017921099.1
XP_017921100.1	XP_017921100.1
XP_017925938.1	XP_017925938.1
XP_017925939.1	XP_017925939.1
XP_017927644.1	XP_017927644.1
XP_017927646.1	XP_017927646.1
XP_017931315.1	XP_017931315.1
XP_017940436.1	XP_017940436.1
XP_017944920.1	XP_017944920.1
XP_017948967.1	XP_017948967.1
XP_017957939.1	XP_017957939.1
XP_017957940.1	XP_017957940.1
XP_017957941.1	XP_017957941.1
XP_017963451.1	XP_017963451.1
XP_017963555.1	XP_017963555.1
XP_017963556.1	XP_017963556.1
XP_017978416.1	XP_017978416.1
XP_017978436.1	XP_017978436.1
XP_017978443.1	XP_017978443.1
XP_017987315.1	XP_017987315.1
XP_017992978.1	XP_017992978.1
XP_017993958.1	XP_017993958.1
XP_017994817.1	XP_017994817.1
XP_018001635.1	XP_018001635.1
XP_018003887.1	XP_018003887.1
XP_018010113.1	XP_018010113.1
XP_018010132.2	XP_018010132.2
XP_018012354.1	XP_018012354.1
XP_018013072.2	XP_018013072.2
XP_018017775.1	XP_018017775.1
XP_018029550.1	XP_018029550.1
XP_018038692.1	XP_018038692.1
XP_018048473.1	XP_018048473.1
XP_018053268.1	XP_018053268.1
XP_018055976.1	XP_018055976.1
XP_018058189.1	XP_018058189.1
XP_018060394.1	XP_018060394.1
XP_018063636.1	XP_018063636.1
XP_018068516.1	XP_018068516.1
XP_018101780.1	XP_018101780.1
XP_018113141.2	XP_018113141.2
XP_018113269.1	XP_018113269.1
XP_018113271.1	XP_018113271.1
XP_018113272.1	XP_018113272.1
XP_018113273.1	XP_018113273.1
XP_018113920.1	XP_018113920.1
XP_018113924.1	XP_018113924.1
XP_018113925.1	XP_018113925.1
XP_018113926.1	XP_018113926.1
XP_018114578.1	XP_018114578.1
XP_018114592.1	XP_018114592.1
XP_018115914.1	XP_018115914.1
XP_018126351.1	XP_018126351.1
XP_018133237.1	XP_018133237.1
XP_018137934.1	XP_018137934.1
XP_018139950.1	XP_018139950.1
XP_018157114.1	XP_018157114.1
XP_018161174.1	XP_018161174.1
XP_018175717.1	XP_018175717.1
XP_018178486.1	XP_018178486.1
XP_018186747.1	XP_018186747.1
XP_018188437.1	XP_018188437.1
XP_018188484.1	XP_018188484.1
XP_018210927.1	XP_018210927.1
XP_018219598.1	XP_018219598.1
XP_018221680.1	XP_018221680.1
XP_018224320.1	XP_018224320.1
XP_018225749.1	XP_018225749.1
XP_018227080.1	XP_018227080.1
XP_018228945.1	XP_018228945.1
XP_018229249.1	XP_018229249.1
XP_018229534.1	XP_018229534.1
XP_018233830.1	XP_018233830.1
XP_018249527.1	XP_018249527.1
XP_018262397.1	XP_018262397.1
XP_018265743.1	XP_018265743.1
XP_018266586.1	XP_018266586.1
XP_018268695.1	XP_018268695.1
XP_018269738.1	XP_018269738.1
XP_018277156.1	XP_018277156.1
XP_018278398.1	XP_018278398.1
XP_018278525.1	XP_018278525.1
XP_018283578.1	XP_018283578.1
XP_018287007.1	XP_018287007.1
XP_018289267.1	XP_018289267.1
XP_018294168.1	XP_018294168.1
XP_018302047.1	XP_018302047.1
XP_018302048.1	XP_018302048.1
XP_018303849.1	XP_018303849.1
XP_018305094.1	XP_018305094.1
XP_018305405.1	XP_018305405.1
XP_018314162.1	XP_018314162.1
XP_018319863.2	XP_018319863.2
XP_018319864.2	XP_018319864.2
XP_018323170.1	XP_018323170.1
XP_018323171.1	XP_018323171.1
XP_018323172.1	XP_018323172.1
XP_018326793.1	XP_018326793.1
XP_018347661.1	XP_018347661.1
XP_018350965.1	XP_018350965.1
XP_018353705.1	XP_018353705.1
XP_018353812.1	XP_018353812.1
XP_018354148.1	XP_018354148.1
XP_018362655.1	XP_018362655.1
XP_018369518.1	XP_018369518.1
XP_018373876.1	XP_018373876.1
XP_018376440.1	XP_018376440.1
XP_018376895.1	XP_018376895.1
XP_018389066.1	XP_018389066.1
XP_018389204.1	XP_018389204.1
XP_018391559.1	XP_018391559.1
XP_018392248.1	XP_018392248.1
XP_018392249.1	XP_018392249.1
XP_018395723.1	XP_018395723.1
XP_018396849.1	XP_018396849.1
XP_018397182.1	XP_018397182.1
XP_018407169.1	XP_018407169.1
XP_018407990.1	XP_018407990.1
XP_018407991.1	XP_018407991.1
XP_018414230.1	XP_018414230.1
XP_018420817.1	XP_018420817.1
XP_018421251.1	XP_018421251.1
XP_018421252.1	XP_018421252.1
XP_018424619.1	XP_018424619.1
XP_018425750.1	XP_018425750.1
XP_018436492.1	XP_018436492.1
XP_018436494.1	XP_018436494.1
XP_018455906.1	XP_018455906.1
XP_018483677.1	XP_018483677.1
XP_018484051.2	XP_018484051.2
XP_018489671.1	XP_018489671.1
XP_018520460.1	XP_018520460.1
XP_018522432.1	XP_018522432.1
XP_018524047.1	XP_018524047.1
XP_018524050.1	XP_018524050.1
XP_018528356.1	XP_018528356.1
XP_018540841.1	XP_018540841.1
XP_018540850.1	XP_018540850.1
XP_018540861.1	XP_018540861.1
XP_018545836.1	XP_018545836.1
XP_018553810.1	XP_018553810.1
XP_018556922.1	XP_018556922.1
XP_018556923.1	XP_018556923.1
XP_018556925.1	XP_018556925.1
XP_018562851.1	XP_018562851.1
XP_018567190.1	XP_018567190.1
XP_018567191.1	XP_018567191.1
XP_018570409.1	XP_018570409.1
XP_018570410.1	XP_018570410.1
XP_018572666.1	XP_018572666.1
XP_018579238.1	XP_018579238.1
XP_018582617.2	XP_018582617.2
XP_018592399.2	XP_018592399.2
XP_018596853.1	XP_018596853.1
XP_018597688.1	XP_018597688.1
XP_018597689.1	XP_018597689.1
XP_018605180.2	XP_018605180.2
XP_018609174.1	XP_018609174.1
XP_018614973.2	XP_018614973.2
XP_018614974.2	XP_018614974.2
XP_018618215.2	XP_018618215.2
XP_018635135.1	XP_018635135.1
XP_018636990.1	XP_018636990.1
XP_018640119.1	XP_018640119.1
XP_018640767.1	XP_018640767.1
XP_018641540.1	XP_018641540.1
XP_018646614.1	XP_018646614.1
XP_018649388.1	XP_018649388.1
XP_018652643.1	XP_018652643.1
XP_018654326.1	XP_018654326.1
XP_018656685.1	XP_018656685.1
XP_018667665.2	XP_018667665.2
XP_018676943.2	XP_018676943.2
XP_018676944.2	XP_018676944.2
XP_018677018.2	XP_018677018.2
XP_018677022.2	XP_018677022.2
XP_018683475.2	XP_018683475.2
XP_018688071.1	XP_018688071.1
XP_018690333.1	XP_018690333.1
XP_018693349.1	XP_018693349.1
XP_018706632.1	XP_018706632.1
XP_018706989.1	XP_018706989.1
XP_018713496.1	XP_018713496.1
XP_018737131.1	XP_018737131.1
XP_018738703.1	XP_018738703.1
XP_018741965.1	XP_018741965.1
XP_018742337.1	XP_018742337.1
XP_018757700.1	XP_018757700.1
XP_018762788.2	XP_018762788.2
XP_018762792.2	XP_018762792.2
XP_018762799.2	XP_018762799.2
XP_018785712.1	XP_018785712.1
XP_018785742.1	XP_018785742.1
XP_018785743.1	XP_018785743.1
XP_018789881.1	XP_018789881.1
XP_018792394.1	XP_018792394.1
XP_018794654.1	XP_018794654.1
XP_018794655.1	XP_018794655.1
XP_018799270.1	XP_018799270.1
XP_018808624.2	XP_018808624.2
XP_018808712.2	XP_018808712.2
XP_018808719.2	XP_018808719.2
XP_018808727.2	XP_018808727.2
XP_018808732.2	XP_018808732.2
XP_018810500.1	XP_018810500.1
XP_018810503.1	XP_018810503.1
XP_018821867.1	XP_018821867.1
XP_018851704.1	XP_018851704.1
XP_018868374.1	XP_018868374.1
XP_018869108.2	XP_018869108.2
XP_018891436.2	XP_018891436.2
XP_018899017.2	XP_018899017.2
XP_018903271.2	XP_018903271.2
XP_018909802.2	XP_018909802.2
XP_018914226.1	XP_018914226.1
XP_018916601.1	XP_018916601.1
XP_018917437.2	XP_018917437.2
XP_018945551.1	XP_018945551.1
XP_018945552.1	XP_018945552.1
XP_018986758.1	XP_018986758.1
XP_018990988.1	XP_018990988.1
XP_018991457.1	XP_018991457.1
XP_018996018.1	XP_018996018.1
XP_019002627.1	XP_019002627.1
XP_019004252.1	XP_019004252.1
XP_019005402.1	XP_019005402.1
XP_019008745.1	XP_019008745.1
XP_019012738.1	XP_019012738.1
XP_019014401.2	XP_019014401.2
XP_019014413.1	XP_019014413.1
XP_019017994.1	XP_019017994.1
XP_019020896.1	XP_019020896.1
XP_019024883.1	XP_019024883.1
XP_019025297.1	XP_019025297.1
XP_019026818.1	XP_019026818.1
XP_019031677.1	XP_019031677.1
XP_019033200.1	XP_019033200.1
XP_019033913.1	XP_019033913.1
XP_019041598.1	XP_019041598.1
XP_019045670.1	XP_019045670.1
XP_019047450.1	XP_019047450.1
XP_019048623.1	XP_019048623.1
XP_019053714.1	XP_019053714.1
XP_019053717.1	XP_019053717.1
XP_019053718.1	XP_019053718.1
XP_019053719.1	XP_019053719.1
XP_019053720.1	XP_019053720.1
XP_019053721.1	XP_019053721.1
XP_019053722.1	XP_019053722.1
XP_019057711.1	XP_019057711.1
XP_019059767.1	XP_019059767.1
XP_019060284.1	XP_019060284.1
XP_019066635.2	XP_019066635.2
XP_019099841.1	XP_019099841.1
XP_019108451.2	XP_019108451.2
XP_019110404.1	XP_019110404.1
XP_019121882.2	XP_019121882.2
XP_019121883.2	XP_019121883.2
XP_019131165.2	XP_019131165.2
XP_019138765.1	XP_019138765.1
XP_019147543.1	XP_019147543.1
XP_019151201.1	XP_019151201.1
XP_019153525.1	XP_019153525.1
XP_019157274.1	XP_019157274.1
XP_019159469.1	XP_019159469.1
XP_019168479.1	XP_019168479.1
XP_019200492.1	XP_019200492.1
XP_019200494.1	XP_019200494.1
XP_019200495.1	XP_019200495.1
XP_019206347.1	XP_019206347.1
XP_019221410.1	XP_019221410.1
XP_019221412.1	XP_019221412.1
XP_019221413.1	XP_019221413.1
XP_019238250.1	XP_019238250.1
XP_019251690.1	XP_019251690.1
XP_019253174.1	XP_019253174.1
XP_019253175.1	XP_019253175.1
XP_019253176.1	XP_019253176.1
XP_019253270.1	XP_019253270.1
XP_019253271.1	XP_019253271.1
XP_019253272.1	XP_019253272.1
XP_019261293.1	XP_019261293.1
XP_019270221.1	XP_019270221.1
XP_019279037.2	XP_019279037.2
XP_019279044.2	XP_019279044.2
XP_019279045.2	XP_019279045.2
XP_019304818.2	XP_019304818.2
XP_019304821.2	XP_019304821.2
XP_019304822.2	XP_019304822.2
XP_019304823.2	XP_019304823.2
XP_019304824.2	XP_019304824.2
XP_019304826.2	XP_019304826.2
XP_019304827.2	XP_019304827.2
XP_019304828.2	XP_019304828.2
XP_019304829.2	XP_019304829.2
XP_019304830.2	XP_019304830.2
XP_019311532.2	XP_019311532.2
XP_019311534.2	XP_019311534.2
XP_019311535.2	XP_019311535.2
XP_019320782.1	XP_019320782.1
XP_019334762.2	XP_019334762.2
XP_019334764.1	XP_019334764.1
XP_019337651.1	XP_019337651.1
XP_019346650.2	XP_019346650.2
XP_019346651.2	XP_019346651.2
XP_019346652.2	XP_019346652.2
XP_019346653.2	XP_019346653.2
XP_019356838.1	XP_019356838.1
XP_019356845.1	XP_019356845.1
XP_019356846.1	XP_019356846.1
XP_019361233.1	XP_019361233.1
XP_019363768.1	XP_019363768.1
XP_019372911.1	XP_019372911.1
XP_019372912.1	XP_019372912.1
XP_019372913.1	XP_019372913.1
XP_019373285.1	XP_019373285.1
XP_019373287.1	XP_019373287.1
XP_019373288.1	XP_019373288.1
XP_019376553.1	XP_019376553.1
XP_019376560.1	XP_019376560.1
XP_019376568.1	XP_019376568.1
XP_019376575.1	XP_019376575.1
XP_019376582.1	XP_019376582.1
XP_019376590.1	XP_019376590.1
XP_019386883.1	XP_019386883.1
XP_019386974.1	XP_019386974.1
XP_019386982.1	XP_019386982.1
XP_019387736.1	XP_019387736.1
XP_019387738.1	XP_019387738.1
XP_019387739.1	XP_019387739.1
XP_019391291.1	XP_019391291.1
XP_019396841.1	XP_019396841.1
XP_019396850.1	XP_019396850.1
XP_019396859.1	XP_019396859.1
XP_019396870.1	XP_019396870.1
XP_019396879.1	XP_019396879.1
XP_019396887.1	XP_019396887.1
XP_019396895.1	XP_019396895.1
XP_019410577.1	XP_019410577.1
XP_019410578.1	XP_019410578.1
XP_019410579.1	XP_019410579.1
XP_019415461.1	XP_019415461.1
XP_019420120.1	XP_019420120.1
XP_019429291.1	XP_019429291.1
XP_019439439.1	XP_019439439.1
XP_019439443.1	XP_019439443.1
XP_019447339.1	XP_019447339.1
XP_019447341.1	XP_019447341.1
XP_019481048.1	XP_019481048.1
XP_019481052.1	XP_019481052.1
XP_019481053.1	XP_019481053.1
XP_019481056.1	XP_019481056.1
XP_019481476.1	XP_019481476.1
XP_019487184.1	XP_019487184.1
XP_019487185.1	XP_019487185.1
XP_019496607.1	XP_019496607.1
XP_019496608.1	XP_019496608.1
XP_019496609.1	XP_019496609.1
XP_019496610.1	XP_019496610.1
XP_019496612.1	XP_019496612.1
XP_019496616.1	XP_019496616.1
XP_019496617.1	XP_019496617.1
XP_019499035.1	XP_019499035.1
XP_019499044.1	XP_019499044.1
XP_019501162.1	XP_019501162.1
XP_019509919.1	XP_019509919.1
XP_019509920.1	XP_019509920.1
XP_019536486.3	XP_019536486.3
XP_019557128.3	XP_019557128.3
XP_019569486.2	XP_019569486.2
XP_019583744.2	XP_019583744.2
XP_019583750.2	XP_019583750.2
XP_019587090.2	XP_019587090.2
XP_019598406.2	XP_019598406.2
XP_019598407.2	XP_019598407.2
XP_019598408.2	XP_019598408.2
XP_019598409.2	XP_019598409.2
XP_019598410.2	XP_019598410.2
XP_019598411.2	XP_019598411.2
XP_019598413.2	XP_019598413.2
XP_019598414.2	XP_019598414.2
XP_019605677.2	XP_019605677.2
XP_019605679.2	XP_019605679.2
XP_019605680.2	XP_019605680.2
XP_019615300.1	XP_019615300.1
XP_019630198.1	XP_019630198.1
XP_019630200.1	XP_019630200.1
XP_019638296.1	XP_019638296.1
XP_019645255.1	XP_019645255.1
XP_019645575.1	XP_019645575.1
XP_019645576.1	XP_019645576.1
XP_019645577.1	XP_019645577.1
XP_019645578.1	XP_019645578.1
XP_019645579.1	XP_019645579.1
XP_019651944.1	XP_019651944.1
XP_019659546.1	XP_019659546.1
XP_019671391.2	XP_019671391.2
XP_019671397.2	XP_019671397.2
XP_019706880.1	XP_019706880.1
XP_019713734.1	XP_019713734.1
XP_019722325.1	XP_019722325.1
XP_019722326.1	XP_019722326.1
XP_019722455.1	XP_019722455.1
XP_019722456.1	XP_019722456.1
XP_019722528.1	XP_019722528.1
XP_019722530.1	XP_019722530.1
XP_019722531.1	XP_019722531.1
XP_019722532.1	XP_019722532.1
XP_019722725.1	XP_019722725.1
XP_019724260.1	XP_019724260.1
XP_019735648.1	XP_019735648.1
XP_019736803.1	XP_019736803.1
XP_019736808.1	XP_019736808.1
XP_019742494.1	XP_019742494.1
XP_019753337.2	XP_019753337.2
XP_019772068.1	XP_019772068.1
XP_019772069.1	XP_019772069.1
XP_019772914.1	XP_019772914.1
XP_019788044.1	XP_019788044.1
XP_019789141.2	XP_019789141.2
XP_019793350.1	XP_019793350.1
XP_019793352.1	XP_019793352.1
XP_019793353.1	XP_019793353.1
XP_019793354.1	XP_019793354.1
XP_019793355.1	XP_019793355.1
XP_019793356.1	XP_019793356.1
XP_019793357.1	XP_019793357.1
XP_019793358.1	XP_019793358.1
XP_019795951.1	XP_019795951.1
XP_019795954.1	XP_019795954.1
XP_019795955.1	XP_019795955.1
XP_019795956.1	XP_019795956.1
XP_019795958.1	XP_019795958.1
XP_019795959.1	XP_019795959.1
XP_019810362.2	XP_019810362.2
XP_019822077.2	XP_019822077.2
XP_019828726.2	XP_019828726.2
XP_019828727.2	XP_019828727.2
XP_019853366.1	XP_019853366.1
XP_019857828.1	XP_019857828.1
XP_019863494.1	XP_019863494.1
XP_019869059.1	XP_019869059.1
XP_019869826.1	XP_019869826.1
XP_019870050.2	XP_019870050.2
XP_019871204.1	XP_019871204.1
XP_019881718.2	XP_019881718.2
XP_019881719.2	XP_019881719.2
XP_019884896.1	XP_019884896.1
XP_019889143.2	XP_019889143.2
XP_019889509.2	XP_019889509.2
XP_019894782.1	XP_019894782.1
XP_019904667.2	XP_019904667.2
XP_019914462.1	XP_019914462.1
XP_019916365.1	XP_019916365.1
XP_019917637.1	XP_019917637.1
XP_019917895.1	XP_019917895.1
XP_019918224.3	XP_019918224.3
XP_019935736.2	XP_019935736.2
XP_019939119.2	XP_019939119.2
XP_019943413.2	XP_019943413.2
XP_019946930.2	XP_019946930.2
XP_019946931.2	XP_019946931.2
XP_019946932.2	XP_019946932.2
XP_019954729.2	XP_019954729.2
XP_019956466.1	XP_019956466.1
XP_019956470.1	XP_019956470.1
XP_019964101.2	XP_019964101.2
XP_020012915.1	XP_020012915.1
XP_020030970.2	XP_020030970.2
XP_020034286.2	XP_020034286.2
XP_020046435.1	XP_020046435.1
XP_020050423.1	XP_020050423.1
XP_020051613.1	XP_020051613.1
XP_020062073.1	XP_020062073.1
XP_020073255.1	XP_020073255.1
XP_020077428.1	XP_020077428.1
XP_020089497.1	XP_020089497.1
XP_020100754.1	XP_020100754.1
XP_020105988.1	XP_020105988.1
XP_020105989.1	XP_020105989.1
XP_020105990.1	XP_020105990.1
XP_020115114.1	XP_020115114.1
XP_020117747.1	XP_020117747.1
XP_020130848.1	XP_020130848.1
XP_020135081.1	XP_020135081.1
XP_020160650.1	XP_020160650.1
XP_020164033.1	XP_020164033.1
XP_020168423.1	XP_020168423.1
XP_020172563.1	XP_020172563.1
XP_020179664.1	XP_020179664.1
XP_020199392.1	XP_020199392.1
XP_020202225.1	XP_020202225.1
XP_020220237.2	XP_020220237.2
XP_020243303.1	XP_020243303.1
XP_020243307.1	XP_020243307.1
XP_020252224.1	XP_020252224.1
XP_020272890.1	XP_020272890.1
XP_020276746.1	XP_020276746.1
XP_020276747.1	XP_020276747.1
XP_020276749.1	XP_020276749.1
XP_020281195.1	XP_020281195.1
XP_020281196.1	XP_020281196.1
XP_020281563.1	XP_020281563.1
XP_020287925.1	XP_020287925.1
XP_020287927.1	XP_020287927.1
XP_020287929.1	XP_020287929.1
XP_020290191.1	XP_020290191.1
XP_020290192.1	XP_020290192.1
XP_020303337.1	XP_020303337.1
XP_020305878.1	XP_020305878.1
XP_020309974.1	XP_020309974.1
XP_020311231.2	XP_020311231.2
XP_020311232.1	XP_020311232.1
XP_020328872.1	XP_020328872.1
XP_020328873.2	XP_020328873.2
XP_020332146.1	XP_020332146.1
XP_020336762.1	XP_020336762.1
XP_020348497.1	XP_020348497.1
XP_020348498.1	XP_020348498.1
XP_020355041.1	XP_020355041.1
XP_020355044.1	XP_020355044.1
XP_020355045.1	XP_020355045.1
XP_020355046.1	XP_020355046.1
XP_020355047.1	XP_020355047.1
XP_020360838.1	XP_020360838.1
XP_020360839.2	XP_020360839.2
XP_020360840.1	XP_020360840.1
XP_020362968.2	XP_020362968.2
XP_020371415.1	XP_020371415.1
XP_020386280.2	XP_020386280.2
XP_020396479.1	XP_020396479.1
XP_020396480.1	XP_020396480.1
XP_020396481.1	XP_020396481.1
XP_020396483.1	XP_020396483.1
XP_020396485.1	XP_020396485.1
XP_020396486.1	XP_020396486.1
XP_020412441.1	XP_020412441.1
XP_020417748.1	XP_020417748.1
XP_020417749.1	XP_020417749.1
XP_020428728.1	XP_020428728.1
XP_020429358.1	XP_020429358.1
XP_020437551.1	XP_020437551.1
XP_020437552.1	XP_020437552.1
XP_020437865.1	XP_020437865.1
XP_020448055.1	XP_020448055.1
XP_020449472.1	XP_020449472.1
XP_020450232.1	XP_020450232.1
XP_020450235.1	XP_020450235.1
XP_020452470.1	XP_020452470.1
XP_020452471.1	XP_020452471.1
XP_020461854.1	XP_020461854.1
XP_020475811.1	XP_020475811.1
XP_020475812.1	XP_020475812.1
XP_020480384.1	XP_020480384.1
XP_020480385.1	XP_020480385.1
XP_020481183.1	XP_020481183.1
XP_020481315.2	XP_020481315.2
XP_020490197.2	XP_020490197.2
XP_020490198.2	XP_020490198.2
XP_020494246.3	XP_020494246.3
XP_020498830.2	XP_020498830.2
XP_020498831.2	XP_020498831.2
XP_020507047.1	XP_020507047.1
XP_020509278.1	XP_020509278.1
XP_020514865.2	XP_020514865.2
XP_020523177.1	XP_020523177.1
XP_020524035.1	XP_020524035.1
XP_020528504.1	XP_020528504.1
XP_020528506.1	XP_020528506.1
XP_020528507.1	XP_020528507.1
XP_020528508.1	XP_020528508.1
XP_020528515.1	XP_020528515.1
XP_020528516.1	XP_020528516.1
XP_020528519.1	XP_020528519.1
XP_020528520.1	XP_020528520.1
XP_020541230.1	XP_020541230.1
XP_020558215.1	XP_020558215.1
XP_020561637.1	XP_020561637.1
XP_020561638.1	XP_020561638.1
XP_020571077.1	XP_020571077.1
XP_020571078.1	XP_020571078.1
XP_020571079.1	XP_020571079.1
XP_020580324.1	XP_020580324.1
XP_020580333.1	XP_020580333.1
XP_020589751.1	XP_020589751.1
XP_020589752.1	XP_020589752.1
XP_020597048.1	XP_020597048.1
XP_020611547.1	XP_020611547.1
XP_020619589.1	XP_020619589.1
XP_020622487.1	XP_020622487.1
XP_020622750.1	XP_020622750.1
XP_020622751.1	XP_020622751.1
XP_020622752.1	XP_020622752.1
XP_020622821.1	XP_020622821.1
XP_020631266.1	XP_020631266.1
XP_020632744.1	XP_020632744.1
XP_020632745.1	XP_020632745.1
XP_020632795.1	XP_020632795.1
XP_020632796.1	XP_020632796.1
XP_020639372.3	XP_020639372.3
XP_020643741.3	XP_020643741.3
XP_020651245.3	XP_020651245.3
XP_020651246.3	XP_020651246.3
XP_020651248.3	XP_020651248.3
XP_020653029.3	XP_020653029.3
XP_020656527.3	XP_020656527.3
XP_020661480.3	XP_020661480.3
XP_020693678.1	XP_020693678.1
XP_020693679.1	XP_020693679.1
XP_020700332.1	XP_020700332.1
XP_020704577.1	XP_020704577.1
XP_020704686.1	XP_020704686.1
XP_020704687.1	XP_020704687.1
XP_020705116.1	XP_020705116.1
XP_020712232.2	XP_020712232.2
XP_020720578.2	XP_020720578.2
XP_020727103.2	XP_020727103.2
XP_020727104.2	XP_020727104.2
XP_020727105.2	XP_020727105.2
XP_020727106.2	XP_020727106.2
XP_020727107.2	XP_020727107.2
XP_020727108.2	XP_020727108.2
XP_020727109.2	XP_020727109.2
XP_020755184.2	XP_020755184.2
XP_020755964.2	XP_020755964.2
XP_020765640.2	XP_020765640.2
XP_020765641.2	XP_020765641.2
XP_020770246.1	XP_020770246.1
XP_020770253.1	XP_020770253.1
XP_020771126.2	XP_020771126.2
XP_020771128.2	XP_020771128.2
XP_020771129.2	XP_020771129.2
XP_020776572.1	XP_020776572.1
XP_020779939.2	XP_020779939.2
XP_020793126.1	XP_020793126.1
XP_020797275.2	XP_020797275.2
XP_020799446.1	XP_020799446.1
XP_020801764.1	XP_020801764.1
XP_020805629.1	XP_020805629.1
XP_020808184.1	XP_020808184.1
XP_020812996.1	XP_020812996.1
XP_020813312.1	XP_020813312.1
XP_020816706.1	XP_020816706.1
XP_020824083.1	XP_020824083.1
XP_020840801.2	XP_020840801.2
XP_020840802.2	XP_020840802.2
XP_020840803.2	XP_020840803.2
XP_020843438.1	XP_020843438.1
XP_020843440.1	XP_020843440.1
XP_020843441.1	XP_020843441.1
XP_020843442.1	XP_020843442.1
XP_020843443.1	XP_020843443.1
XP_020843444.1	XP_020843444.1
XP_020846167.1	XP_020846167.1
XP_020854055.1	XP_020854055.1
XP_020854057.1	XP_020854057.1
XP_020854058.1	XP_020854058.1
XP_020860085.1	XP_020860085.1
XP_020879832.1	XP_020879832.1
XP_020880433.1	XP_020880433.1
XP_020880434.1	XP_020880434.1
XP_020897480.1	XP_020897480.1
XP_020897481.1	XP_020897481.1
XP_020898328.2	XP_020898328.2
XP_020907289.1	XP_020907289.1
XP_020913012.1	XP_020913012.1
XP_020917669.1	XP_020917669.1
XP_020917678.1	XP_020917678.1
XP_020932301.2	XP_020932301.2
XP_020932302.2	XP_020932302.2
XP_020940147.1	XP_020940147.1
XP_020949875.1	XP_020949875.1
XP_020952293.2	XP_020952293.2
XP_020952294.2	XP_020952294.2
XP_020952295.2	XP_020952295.2
XP_020952296.2	XP_020952296.2
XP_020952297.2	XP_020952297.2
XP_020952298.2	XP_020952298.2
XP_020952299.2	XP_020952299.2
XP_020952300.2	XP_020952300.2
XP_020952301.2	XP_020952301.2
XP_020952302.2	XP_020952302.2
XP_020952303.2	XP_020952303.2
XP_020952304.2	XP_020952304.2
XP_021006193.1	XP_021006193.1
XP_021008166.1	XP_021008166.1
XP_021008168.1	XP_021008168.1
XP_021010302.1	XP_021010302.1
XP_021015375.1	XP_021015375.1
XP_021015378.1	XP_021015378.1
XP_021015379.1	XP_021015379.1
XP_021025428.1	XP_021025428.1
XP_021025429.1	XP_021025429.1
XP_021036674.1	XP_021036674.1
XP_021036676.1	XP_021036676.1
XP_021046891.1	XP_021046891.1
XP_021063975.1	XP_021063975.1
XP_021063976.1	XP_021063976.1
XP_021064053.2	XP_021064053.2
XP_021064054.2	XP_021064054.2
XP_021070668.1	XP_021070668.1
XP_021071067.1	XP_021071067.1
XP_021075945.1	XP_021075945.1
XP_021075946.1	XP_021075946.1
XP_021075949.1	XP_021075949.1
XP_021078959.1	XP_021078959.1
XP_021091233.1	XP_021091233.1
XP_021097660.1	XP_021097660.1
XP_021097661.1	XP_021097661.1
XP_021098218.1	XP_021098218.1
XP_021098222.1	XP_021098222.1
XP_021098223.1	XP_021098223.1
XP_021098224.1	XP_021098224.1
XP_021098225.1	XP_021098225.1
XP_021098226.1	XP_021098226.1
XP_021098227.1	XP_021098227.1
XP_021103629.1	XP_021103629.1
XP_021103631.1	XP_021103631.1
XP_021103632.1	XP_021103632.1
XP_021114256.1	XP_021114256.1
XP_021116601.1	XP_021116601.1
XP_021136341.2	XP_021136341.2
XP_021136342.1	XP_021136342.1
XP_021136343.2	XP_021136343.2
XP_021136344.2	XP_021136344.2
XP_021173220.2	XP_021173220.2
XP_021181048.3	XP_021181048.3
XP_021181118.3	XP_021181118.3
XP_021181141.3	XP_021181141.3
XP_021198091.1	XP_021198091.1
XP_021236124.1	XP_021236124.1
XP_021236125.1	XP_021236125.1
XP_021236126.1	XP_021236126.1
XP_021236127.1	XP_021236127.1
XP_021236128.1	XP_021236128.1
XP_021236175.1	XP_021236175.1
XP_021236177.1	XP_021236177.1
XP_021236178.1	XP_021236178.1
XP_021236179.1	XP_021236179.1
XP_021236180.1	XP_021236180.1
XP_021239404.1	XP_021239404.1
XP_021241970.1	XP_021241970.1
XP_021242437.1	XP_021242437.1
XP_021242438.1	XP_021242438.1
XP_021242439.1	XP_021242439.1
XP_021242440.1	XP_021242440.1
XP_021242442.1	XP_021242442.1
XP_021242443.1	XP_021242443.1
XP_021242444.1	XP_021242444.1
XP_021242446.1	XP_021242446.1
XP_021242447.1	XP_021242447.1
XP_021242448.1	XP_021242448.1
XP_021259931.1	XP_021259931.1
XP_021259936.1	XP_021259936.1
XP_021259937.1	XP_021259937.1
XP_021259938.1	XP_021259938.1
XP_021264275.1	XP_021264275.1
XP_021281138.1	XP_021281138.1
XP_021295319.1	XP_021295319.1
XP_021301054.1	XP_021301054.1
XP_021311463.1	XP_021311463.1
XP_021312794.1	XP_021312794.1
XP_021312795.1	XP_021312795.1
XP_021312796.1	XP_021312796.1
XP_021312798.1	XP_021312798.1
XP_021320533.1	XP_021320533.1
XP_021320534.1	XP_021320534.1
XP_021331832.2	XP_021331832.2
XP_021335997.3	XP_021335997.3
XP_021338679.1	XP_021338679.1
XP_021338789.1	XP_021338789.1
XP_021358550.1	XP_021358550.1
XP_021359551.1	XP_021359551.1
XP_021361899.1	XP_021361899.1
XP_021373809.1	XP_021373809.1
XP_021373819.1	XP_021373819.1
XP_021385132.2	XP_021385132.2
XP_021386796.2	XP_021386796.2
XP_021386798.2	XP_021386798.2
XP_021386809.2	XP_021386809.2
XP_021391809.3	XP_021391809.3
XP_021398626.3	XP_021398626.3
XP_021402578.2	XP_021402578.2
XP_021402579.2	XP_021402579.2
XP_021415801.2	XP_021415801.2
XP_021420764.2	XP_021420764.2
XP_021420766.2	XP_021420766.2
XP_021431940.1	XP_021431940.1
XP_021442231.2	XP_021442231.2
XP_021455302.2	XP_021455302.2
XP_021455303.2	XP_021455303.2
XP_021455305.2	XP_021455305.2
XP_021459337.2	XP_021459337.2
XP_021460216.2	XP_021460216.2
XP_021460218.2	XP_021460218.2
XP_021460219.2	XP_021460219.2
XP_021460220.2	XP_021460220.2
XP_021462460.2	XP_021462460.2
XP_021463367.1	XP_021463367.1
XP_021476291.2	XP_021476291.2
XP_021495922.1	XP_021495922.1
XP_021495923.2	XP_021495923.2
XP_021503455.2	XP_021503455.2
XP_021503458.2	XP_021503458.2
XP_021507550.2	XP_021507550.2
XP_021508937.1	XP_021508937.1
XP_021508938.1	XP_021508938.1
XP_021512398.1	XP_021512398.1
XP_021512406.1	XP_021512406.1
XP_021512413.1	XP_021512413.1
XP_021516706.2	XP_021516706.2
XP_021516721.1	XP_021516721.1
XP_021516729.1	XP_021516729.1
XP_021516734.1	XP_021516734.1
XP_021516743.1	XP_021516743.1
XP_021518298.1	XP_021518298.1
XP_021520857.2	XP_021520857.2
XP_021520858.2	XP_021520858.2
XP_021520859.2	XP_021520859.2
XP_021520860.2	XP_021520860.2
XP_021528900.2	XP_021528900.2
XP_021528902.2	XP_021528902.2
XP_021529273.1	XP_021529273.1
XP_021531041.2	XP_021531041.2
XP_021533617.1	XP_021533617.1
XP_021541152.1	XP_021541152.1
XP_021542196.1	XP_021542196.1
XP_021560483.2	XP_021560483.2
XP_021569421.1	XP_021569421.1
XP_021573022.1	XP_021573022.1
XP_021573023.1	XP_021573023.1
XP_021576903.2	XP_021576903.2
XP_021590320.1	XP_021590320.1
XP_021590321.1	XP_021590321.1
XP_021590323.1	XP_021590323.1
XP_021612096.1	XP_021612096.1
XP_021624907.1	XP_021624907.1
XP_021651196.2	XP_021651196.2
XP_021656007.1	XP_021656007.1
XP_021686220.2	XP_021686220.2
XP_021708017.1	XP_021708017.1
XP_021708025.1	XP_021708025.1
XP_021708653.1	XP_021708653.1
XP_021726127.1	XP_021726127.1
XP_021728697.1	XP_021728697.1
XP_021738235.1	XP_021738235.1
XP_021748878.1	XP_021748878.1
XP_021754869.1	XP_021754869.1
XP_021757267.1	XP_021757267.1
XP_021769051.1	XP_021769051.1
XP_021769377.1	XP_021769377.1
XP_021769380.1	XP_021769380.1
XP_021781340.2	XP_021781340.2
XP_021794915.2	XP_021794915.2
XP_021813884.1	XP_021813884.1
XP_021825583.1	XP_021825583.1
XP_021829092.1	XP_021829092.1
XP_021829094.1	XP_021829094.1
XP_021833486.1	XP_021833486.1
XP_021845604.2	XP_021845604.2
XP_021856500.1	XP_021856500.1
XP_021862205.2	XP_021862205.2
XP_021862206.1	XP_021862206.1
XP_021862207.2	XP_021862207.2
XP_021862208.1	XP_021862208.1
XP_021866796.1	XP_021866796.1
XP_021867907.1	XP_021867907.1
XP_021868655.1	XP_021868655.1
XP_021873836.1	XP_021873836.1
XP_021875150.1	XP_021875150.1
XP_021877751.1	XP_021877751.1
XP_021877756.1	XP_021877756.1
XP_021880757.1	XP_021880757.1
XP_021882544.1	XP_021882544.1
XP_021885217.1	XP_021885217.1
XP_021885404.1	XP_021885404.1
XP_021885473.1	XP_021885473.1
XP_021886100.1	XP_021886100.1
XP_021886485.1	XP_021886485.1
XP_021904138.1	XP_021904138.1
XP_021904140.1	XP_021904140.1
XP_021904141.1	XP_021904141.1
XP_021904290.1	XP_021904290.1
XP_021904291.1	XP_021904291.1
XP_021913297.1	XP_021913297.1
XP_021918330.1	XP_021918330.1
XP_021918331.1	XP_021918331.1
XP_021918332.1	XP_021918332.1
XP_021918333.1	XP_021918333.1
XP_021936550.1	XP_021936550.1
XP_021936561.1	XP_021936561.1
XP_021937603.1	XP_021937603.1
XP_021939423.1	XP_021939423.1
XP_021941400.1	XP_021941400.1
XP_021941401.1	XP_021941401.1
XP_021943471.1	XP_021943471.1
XP_021945701.1	XP_021945701.1
XP_021951376.1	XP_021951376.1
XP_021954756.1	XP_021954756.1
XP_021965473.1	XP_021965473.1
XP_021965963.1	XP_021965963.1
XP_021977161.1	XP_021977161.1
XP_021997176.1	XP_021997176.1
XP_021997177.1	XP_021997177.1
XP_022027881.1	XP_022027881.1
XP_022027882.1	XP_022027882.1
XP_022027884.1	XP_022027884.1
XP_022027886.1	XP_022027886.1
XP_022030169.1	XP_022030169.1
XP_022047896.2	XP_022047896.2
XP_022047897.1	XP_022047897.1
XP_022052936.2	XP_022052936.2
XP_022053579.2	XP_022053579.2
XP_022053794.2	XP_022053794.2
XP_022060587.2	XP_022060587.2
XP_022066959.1	XP_022066959.1
XP_022066961.1	XP_022066961.1
XP_022081932.1	XP_022081932.1
XP_022081933.1	XP_022081933.1
XP_022081934.1	XP_022081934.1
XP_022092070.1	XP_022092070.1
XP_022106166.1	XP_022106166.1
XP_022106951.1	XP_022106951.1
XP_022106952.1	XP_022106952.1
XP_022106953.1	XP_022106953.1
XP_022106954.1	XP_022106954.1
XP_022106956.1	XP_022106956.1
XP_022106957.1	XP_022106957.1
XP_022108217.1	XP_022108217.1
XP_022108227.1	XP_022108227.1
XP_022113175.2	XP_022113175.2
XP_022113176.2	XP_022113176.2
XP_022113177.2	XP_022113177.2
XP_022113204.2	XP_022113204.2
XP_022113206.2	XP_022113206.2
XP_022129881.1	XP_022129881.1
XP_022139265.1	XP_022139265.1
XP_022139704.1	XP_022139704.1
XP_022153383.1	XP_022153383.1
XP_022159996.1	XP_022159996.1
XP_022159997.1	XP_022159997.1
XP_022165139.1	XP_022165139.1
XP_022171097.1	XP_022171097.1
XP_022176531.1	XP_022176531.1
XP_022176536.1	XP_022176536.1
XP_022177420.1	XP_022177420.1
XP_022177948.1	XP_022177948.1
XP_022178120.1	XP_022178120.1
XP_022182352.1	XP_022182352.1
XP_022182353.1	XP_022182353.1
XP_022186361.2	XP_022186361.2
XP_022208506.2	XP_022208506.2
XP_022232993.2	XP_022232993.2
XP_022232994.2	XP_022232994.2
XP_022234700.2	XP_022234700.2
XP_022242293.1	XP_022242293.1
XP_022246270.1	XP_022246270.1
XP_022250769.1	XP_022250769.1
XP_022256849.1	XP_022256849.1
XP_022261499.1	XP_022261499.1
XP_022267209.2	XP_022267209.2
XP_022283606.1	XP_022283606.1
XP_022283608.1	XP_022283608.1
XP_022283609.1	XP_022283609.1
XP_022283610.1	XP_022283610.1
XP_022283611.1	XP_022283611.1
XP_022283612.1	XP_022283612.1
XP_022283613.1	XP_022283613.1
XP_022286148.2	XP_022286148.2
XP_022314742.2	XP_022314742.2
XP_022314743.2	XP_022314743.2
XP_022316945.2	XP_022316945.2
XP_022330847.2	XP_022330847.2
XP_022341414.2	XP_022341414.2
XP_022341415.2	XP_022341415.2
XP_022351882.1	XP_022351882.1
XP_022351883.1	XP_022351883.1
XP_022351884.1	XP_022351884.1
XP_022351885.1	XP_022351885.1
XP_022351886.1	XP_022351886.1
XP_022351887.1	XP_022351887.1
XP_022351889.1	XP_022351889.1
XP_022351890.1	XP_022351890.1
XP_022351891.1	XP_022351891.1
XP_022360441.1	XP_022360441.1
XP_022360443.1	XP_022360443.1
XP_022362996.1	XP_022362996.1
XP_022368095.1	XP_022368095.1
XP_022368096.1	XP_022368096.1
XP_022368208.1	XP_022368208.1
XP_022368210.1	XP_022368210.1
XP_022368211.1	XP_022368211.1
XP_022368212.1	XP_022368212.1
XP_022374500.1	XP_022374500.1
XP_022376511.1	XP_022376511.1
XP_022384977.1	XP_022384977.1
XP_022386297.1	XP_022386297.1
XP_022396965.1	XP_022396965.1
XP_022397787.1	XP_022397787.1
XP_022414640.1	XP_022414640.1
XP_022414642.1	XP_022414642.1
XP_022414643.1	XP_022414643.1
XP_022414646.1	XP_022414646.1
XP_022431401.1	XP_022431401.1
XP_022431402.1	XP_022431402.1
XP_022431403.1	XP_022431403.1
XP_022431404.1	XP_022431404.1
XP_022431405.1	XP_022431405.1
XP_022431406.1	XP_022431406.1
XP_022431407.1	XP_022431407.1
XP_022436378.1	XP_022436378.1
XP_022437071.2	XP_022437071.2
XP_022447472.1	XP_022447472.1
XP_022447473.1	XP_022447473.1
XP_022449648.1	XP_022449648.1
XP_022449676.1	XP_022449676.1
XP_022449687.1	XP_022449687.1
XP_022457929.1	XP_022457929.1
XP_022462079.1	XP_022462079.1
XP_022466846.1	XP_022466846.1
XP_022471199.1	XP_022471199.1
XP_022480550.1	XP_022480550.1
XP_022492304.1	XP_022492304.1
XP_022497021.1	XP_022497021.1
XP_022501690.1	XP_022501690.1
XP_022504415.1	XP_022504415.1
XP_022505916.1	XP_022505916.1
XP_022509659.1	XP_022509659.1
XP_022515885.1	XP_022515885.1
XP_022519969.2	XP_022519969.2
XP_022519970.2	XP_022519970.2
XP_022519971.2	XP_022519971.2
XP_022519972.2	XP_022519972.2
XP_022519973.2	XP_022519973.2
XP_022523360.2	XP_022523360.2
XP_022526112.2	XP_022526112.2
XP_022529829.2	XP_022529829.2
XP_022538847.2	XP_022538847.2
XP_022550668.2	XP_022550668.2
XP_022580044.1	XP_022580044.1
XP_022582763.1	XP_022582763.1
XP_022598501.1	XP_022598501.1
XP_022598683.1	XP_022598683.1
XP_022608717.1	XP_022608717.1
XP_022609061.1	XP_022609061.1
XP_022609062.1	XP_022609062.1
XP_022609064.1	XP_022609064.1
XP_022609065.1	XP_022609065.1
XP_022609781.1	XP_022609781.1
XP_022611100.1	XP_022611100.1
XP_022616670.1	XP_022616670.1
XP_022620511.1	XP_022620511.1
XP_022620512.1	XP_022620512.1
XP_022630897.1	XP_022630897.1
XP_022643350.1	XP_022643350.1
XP_022643352.1	XP_022643352.1
XP_022650337.1	XP_022650337.1
XP_022650338.1	XP_022650338.1
XP_022650344.1	XP_022650344.1
XP_022651015.1	XP_022651015.1
XP_022651017.1	XP_022651017.1
XP_022667592.1	XP_022667592.1
XP_022667594.1	XP_022667594.1
XP_022667596.1	XP_022667596.1
XP_022667597.1	XP_022667597.1
XP_022667598.1	XP_022667598.1
XP_022667599.1	XP_022667599.1
XP_022668705.1	XP_022668705.1
XP_022668706.1	XP_022668706.1
XP_022682625.1	XP_022682625.1
XP_022682834.1	XP_022682834.1
XP_022688761.1	XP_022688761.1
XP_022690211.1	XP_022690211.1
XP_022690212.1	XP_022690212.1
XP_022690213.1	XP_022690213.1
XP_022690329.1	XP_022690329.1
XP_022690336.1	XP_022690336.1
XP_022690346.1	XP_022690346.1
XP_022691692.1	XP_022691692.1
XP_022698932.1	XP_022698932.1
XP_022746059.1	XP_022746059.1
XP_022757134.1	XP_022757134.1
XP_022764267.1	XP_022764267.1
XP_022769500.1	XP_022769500.1
XP_022777733.1	XP_022777733.1
XP_022783244.1	XP_022783244.1
XP_022783255.1	XP_022783255.1
XP_022797038.1	XP_022797038.1
XP_022799522.1	XP_022799522.1
XP_022799784.1	XP_022799784.1
XP_022801046.1	XP_022801046.1
XP_022801047.1	XP_022801047.1
XP_022810326.1	XP_022810326.1
XP_022810458.1	XP_022810458.1
XP_022813005.1	XP_022813005.1
XP_022813699.1	XP_022813699.1
XP_022818667.1	XP_022818667.1
XP_022824380.1	XP_022824380.1
XP_022826574.1	XP_022826574.1
XP_022826575.1	XP_022826575.1
XP_022826661.1	XP_022826661.1
XP_022826999.1	XP_022826999.1
XP_022827000.1	XP_022827000.1
XP_022841796.1	XP_022841796.1
XP_022841798.1	XP_022841798.1
XP_022841799.1	XP_022841799.1
XP_022841800.1	XP_022841800.1
XP_022849924.1	XP_022849924.1
XP_022853474.1	XP_022853474.1
XP_022853475.1	XP_022853475.1
XP_022856732.1	XP_022856732.1
XP_022865476.1	XP_022865476.1
XP_022865477.1	XP_022865477.1
XP_022865478.1	XP_022865478.1
XP_022865480.1	XP_022865480.1
XP_022865481.1	XP_022865481.1
XP_022865482.1	XP_022865482.1
XP_022874771.1	XP_022874771.1
XP_022880694.1	XP_022880694.1
XP_022880700.1	XP_022880700.1
XP_022880707.1	XP_022880707.1
XP_022886671.1	XP_022886671.1
XP_022886672.1	XP_022886672.1
XP_022896679.1	XP_022896679.1
XP_022900919.1	XP_022900919.1
XP_022909764.1	XP_022909764.1
XP_022910021.2	XP_022910021.2
XP_022910022.2	XP_022910022.2
XP_022910024.2	XP_022910024.2
XP_022919849.1	XP_022919849.1
XP_022936827.1	XP_022936827.1
XP_022942900.1	XP_022942900.1
XP_022964317.1	XP_022964317.1
XP_022976478.1	XP_022976478.1
XP_022995668.1	XP_022995668.1
XP_022999815.1	XP_022999815.1
XP_023010621.1	XP_023010621.1
XP_023013226.2	XP_023013226.2
XP_023017587.2	XP_023017587.2
XP_023017588.2	XP_023017588.2
XP_023017589.1	XP_023017589.1
XP_023024830.2	XP_023024830.2
XP_023028182.2	XP_023028182.2
XP_023030228.1	XP_023030228.1
XP_023030229.1	XP_023030229.1
XP_023034811.1	XP_023034811.1
XP_023034813.1	XP_023034813.1
XP_023034814.1	XP_023034814.1
XP_023035779.1	XP_023035779.1
XP_023044267.1	XP_023044267.1
XP_023044283.1	XP_023044283.1
XP_023044294.1	XP_023044294.1
XP_023044300.1	XP_023044300.1
XP_023044305.1	XP_023044305.1
XP_023044312.1	XP_023044312.1
XP_023044318.1	XP_023044318.1
XP_023044323.1	XP_023044323.1
XP_023044333.1	XP_023044333.1
XP_023045235.1	XP_023045235.1
XP_023065645.1	XP_023065645.1
XP_023070702.1	XP_023070702.1
XP_023070704.1	XP_023070704.1
XP_023070707.1	XP_023070707.1
XP_023073868.2	XP_023073868.2
XP_023074000.2	XP_023074000.2
XP_023085313.1	XP_023085313.1
XP_023085316.1	XP_023085316.1
XP_023085318.1	XP_023085318.1
XP_023085319.1	XP_023085319.1
XP_023092246.1	XP_023092246.1
XP_023092378.1	XP_023092378.1
XP_023095443.2	XP_023095443.2
XP_023095444.2	XP_023095444.2
XP_023100674.1	XP_023100674.1
XP_023100676.1	XP_023100676.1
XP_023128012.2	XP_023128012.2
XP_023129871.1	XP_023129871.1
XP_023129872.1	XP_023129872.1
XP_023131608.1	XP_023131608.1
XP_023133349.2	XP_023133349.2
XP_023142104.2	XP_023142104.2
XP_023144395.1	XP_023144395.1
XP_023146968.2	XP_023146968.2
XP_023166061.1	XP_023166061.1
XP_023169229.2	XP_023169229.2
XP_023174535.2	XP_023174535.2
XP_023187391.1	XP_023187391.1
XP_023195439.1	XP_023195439.1
XP_023197046.1	XP_023197046.1
XP_023199937.1	XP_023199937.1
XP_023201158.1	XP_023201158.1
XP_023201159.1	XP_023201159.1
XP_023215892.1	XP_023215892.1
XP_023216437.1	XP_023216437.1
XP_023216438.1	XP_023216438.1
XP_023216439.1	XP_023216439.1
XP_023217277.1	XP_023217277.1
XP_023217278.1	XP_023217278.1
XP_023220751.1	XP_023220751.1
XP_023220754.1	XP_023220754.1
XP_023226330.1	XP_023226330.1
XP_023230344.1	XP_023230344.1
XP_023232658.1	XP_023232658.1
XP_023232661.1	XP_023232661.1
XP_023232662.1	XP_023232662.1
XP_023236258.1	XP_023236258.1
XP_023246207.1	XP_023246207.1
XP_023249304.1	XP_023249304.1
XP_023255936.1	XP_023255936.1
XP_023269233.1	XP_023269233.1
XP_023281280.1	XP_023281280.1
XP_023284679.1	XP_023284679.1
XP_023285466.1	XP_023285466.1
XP_023286484.1	XP_023286484.1
XP_023286485.1	XP_023286485.1
XP_023286486.1	XP_023286486.1
XP_023289019.1	XP_023289019.1
XP_023293887.2	XP_023293887.2
XP_023309430.2	XP_023309430.2
XP_023315787.1	XP_023315787.1
XP_023315802.1	XP_023315802.1
XP_023316276.1	XP_023316276.1
XP_023324817.1	XP_023324817.1
XP_023328132.1	XP_023328132.1
XP_023330306.1	XP_023330306.1
XP_023340002.1	XP_023340002.1
XP_023340006.1	XP_023340006.1
XP_023341024.1	XP_023341024.1
XP_023341026.1	XP_023341026.1
XP_023341027.1	XP_023341027.1
XP_023341028.1	XP_023341028.1
XP_023349946.2	XP_023349946.2
XP_023349947.2	XP_023349947.2
XP_023353050.1	XP_023353050.1
XP_023353057.1	XP_023353057.1
XP_023363322.1	XP_023363322.1
XP_023364074.1	XP_023364074.1
XP_023364075.1	XP_023364075.1
XP_023366665.1	XP_023366665.1
XP_023366667.1	XP_023366667.1
XP_023367232.1	XP_023367232.1
XP_023367233.1	XP_023367233.1
XP_023374907.1	XP_023374907.1
XP_023374910.1	XP_023374910.1
XP_023374911.1	XP_023374911.1
XP_023374912.1	XP_023374912.1
XP_023378671.1	XP_023378671.1
XP_023378689.1	XP_023378689.1
XP_023378692.1	XP_023378692.1
XP_023378693.1	XP_023378693.1
XP_023386425.1	XP_023386425.1
XP_023391450.1	XP_023391450.1
XP_023391953.1	XP_023391953.1
XP_023392551.1	XP_023392551.1
XP_023392552.1	XP_023392552.1
XP_023392553.1	XP_023392553.1
XP_023392554.1	XP_023392554.1
XP_023392555.1	XP_023392555.1
XP_023393542.1	XP_023393542.1
XP_023393545.1	XP_023393545.1
XP_023393546.1	XP_023393546.1
XP_023393547.1	XP_023393547.1
XP_023401350.1	XP_023401350.1
XP_023416406.2	XP_023416406.2
XP_023423030.1	XP_023423030.1
XP_023425124.1	XP_023425124.1
XP_023435559.1	XP_023435559.1
XP_023454088.2	XP_023454088.2
XP_023455437.1	XP_023455437.1
XP_023456359.1	XP_023456359.1
XP_023464206.1	XP_023464206.1
XP_023464426.1	XP_023464426.1
XP_023469084.1	XP_023469084.1
XP_023482880.1	XP_023482880.1
XP_023482881.1	XP_023482881.1
XP_023492581.2	XP_023492581.2
XP_023492582.2	XP_023492582.2
XP_023492583.2	XP_023492583.2
XP_023492584.2	XP_023492584.2
XP_023492585.2	XP_023492585.2
XP_023492704.2	XP_023492704.2
XP_023492705.2	XP_023492705.2
XP_023515183.1	XP_023515183.1
XP_023535086.1	XP_023535086.1
XP_023553678.1	XP_023553678.1
XP_023554910.1	XP_023554910.1
XP_023554912.1	XP_023554912.1
XP_023554913.1	XP_023554913.1
XP_023557603.1	XP_023557603.1
XP_023562346.1	XP_023562346.1
XP_023579967.1	XP_023579967.1
XP_023582750.1	XP_023582750.1
XP_023582831.1	XP_023582831.1
XP_023582833.1	XP_023582833.1
XP_023582834.1	XP_023582834.1
XP_023582835.1	XP_023582835.1
XP_023582836.1	XP_023582836.1
XP_023582837.1	XP_023582837.1
XP_023582838.1	XP_023582838.1
XP_023585240.1	XP_023585240.1
XP_023585241.1	XP_023585241.1
XP_023585242.1	XP_023585242.1
XP_023591576.1	XP_023591576.1
XP_023591577.1	XP_023591577.1
XP_023591582.1	XP_023591582.1
XP_023594027.1	XP_023594027.1
XP_023599316.1	XP_023599316.1
XP_023599321.1	XP_023599321.1
XP_023599322.1	XP_023599322.1
XP_023599323.1	XP_023599323.1
XP_023602544.1	XP_023602544.1
XP_023604553.1	XP_023604553.1
XP_023606202.1	XP_023606202.1
XP_023606203.1	XP_023606203.1
XP_023606206.1	XP_023606206.1
XP_023607501.1	XP_023607501.1
XP_023607800.1	XP_023607800.1
XP_023607807.1	XP_023607807.1
XP_023607815.1	XP_023607815.1
XP_023607958.1	XP_023607958.1
XP_023608591.1	XP_023608591.1
XP_023621785.1	XP_023621785.1
XP_023622826.1	XP_023622826.1
XP_023638245.1	XP_023638245.1
XP_023638719.1	XP_023638719.1
XP_023638720.1	XP_023638720.1
XP_023638906.1	XP_023638906.1
XP_023639489.1	XP_023639489.1
XP_023646201.1	XP_023646201.1
XP_023658732.2	XP_023658732.2
XP_023668638.2	XP_023668638.2
XP_023674764.2	XP_023674764.2
XP_023674765.2	XP_023674765.2
XP_023674766.2	XP_023674766.2
XP_023674767.2	XP_023674767.2
XP_023675829.1	XP_023675829.1
XP_023675830.1	XP_023675830.1
XP_023676598.2	XP_023676598.2
XP_023679027.1	XP_023679027.1
XP_023679429.2	XP_023679429.2
XP_023684762.1	XP_023684762.1
XP_023684771.1	XP_023684771.1
XP_023708327.1	XP_023708327.1
XP_023708328.1	XP_023708328.1
XP_023711087.1	XP_023711087.1
XP_023711095.1	XP_023711095.1
XP_023712396.1	XP_023712396.1
XP_023712399.1	XP_023712399.1
XP_023718893.2	XP_023718893.2
XP_023721340.1	XP_023721340.1
XP_023725886.1	XP_023725886.1
XP_023761732.1	XP_023761732.1
XP_023762927.1	XP_023762927.1
XP_023765447.1	XP_023765447.1
XP_023765452.1	XP_023765452.1
XP_023765455.1	XP_023765455.1
XP_023771124.1	XP_023771124.1
XP_023775875.1	XP_023775875.1
XP_023777623.1	XP_023777623.1
XP_023777624.1	XP_023777624.1
XP_023777625.1	XP_023777625.1
XP_023788177.1	XP_023788177.1
XP_023788178.1	XP_023788178.1
XP_023799417.1	XP_023799417.1
XP_023800349.1	XP_023800349.1
XP_023800350.1	XP_023800350.1
XP_023805880.1	XP_023805880.1
XP_023816070.1	XP_023816070.1
XP_023816071.1	XP_023816071.1
XP_023826709.1	XP_023826709.1
XP_023831545.2	XP_023831545.2
XP_023841749.1	XP_023841749.1
XP_023851485.1	XP_023851485.1
XP_023856267.1	XP_023856267.1
XP_023856268.1	XP_023856268.1
XP_023857946.2	XP_023857946.2
XP_023858330.1	XP_023858330.1
XP_023859510.1	XP_023859510.1
XP_023859512.1	XP_023859512.1
XP_023859514.1	XP_023859514.1
XP_023863957.1	XP_023863957.1
XP_023877233.2	XP_023877233.2
XP_023883811.2	XP_023883811.2
XP_023911656.1	XP_023911656.1
XP_023920037.1	XP_023920037.1
XP_023923486.1	XP_023923486.1
XP_023928498.1	XP_023928498.1
XP_023940447.2	XP_023940447.2
XP_023940508.1	XP_023940508.1
XP_023940510.1	XP_023940510.1
XP_023943678.1	XP_023943678.1
XP_023959889.2	XP_023959889.2
XP_023965390.3	XP_023965390.3
XP_023975567.1	XP_023975567.1
XP_023975568.1	XP_023975568.1
XP_023975569.1	XP_023975569.1
XP_023978503.2	XP_023978503.2
XP_023978507.2	XP_023978507.2
XP_023988631.1	XP_023988631.1
XP_023988632.1	XP_023988632.1
XP_023988953.1	XP_023988953.1
XP_023995149.2	XP_023995149.2
XP_024004208.1	XP_024004208.1
XP_024009401.1	XP_024009401.1
XP_024018839.1	XP_024018839.1
XP_024029233.1	XP_024029233.1
XP_024029235.1	XP_024029235.1
XP_024029243.1	XP_024029243.1
XP_024029244.1	XP_024029244.1
XP_024029245.1	XP_024029245.1
XP_024033398.1	XP_024033398.1
XP_024033567.1	XP_024033567.1
XP_024044189.1	XP_024044189.1
XP_024044190.1	XP_024044190.1
XP_024050797.2	XP_024050797.2
XP_024056463.1	XP_024056463.1
XP_024056464.1	XP_024056464.1
XP_024056465.1	XP_024056465.1
XP_024056466.1	XP_024056466.1
XP_024070197.2	XP_024070197.2
XP_024070198.2	XP_024070198.2
XP_024074835.1	XP_024074835.1
XP_024074836.1	XP_024074836.1
XP_024088897.1	XP_024088897.1
XP_024088899.1	XP_024088899.1
XP_024103103.2	XP_024103103.2
XP_024103112.3	XP_024103112.3
XP_024103113.3	XP_024103113.3
XP_024103115.3	XP_024103115.3
XP_024109906.3	XP_024109906.3
XP_024110138.1	XP_024110138.1
XP_024113612.1	XP_024113612.1
XP_024113614.1	XP_024113614.1
XP_024123909.1	XP_024123909.1
XP_024131367.1	XP_024131367.1
XP_024131368.1	XP_024131368.1
XP_024131369.1	XP_024131369.1
XP_024131895.1	XP_024131895.1
XP_024134001.1	XP_024134001.1
XP_024134004.1	XP_024134004.1
XP_024136027.1	XP_024136027.1
XP_024140397.1	XP_024140397.1
XP_024150707.1	XP_024150707.1
XP_024159458.1	XP_024159458.1
XP_024172853.1	XP_024172853.1
XP_024177144.1	XP_024177144.1
XP_024183065.1	XP_024183065.1
XP_024212316.2	XP_024212316.2
XP_024214403.1	XP_024214403.1
XP_024222967.1	XP_024222967.1
XP_024230504.1	XP_024230504.1
XP_024235795.1	XP_024235795.1
XP_024235796.1	XP_024235796.1
XP_024242512.1	XP_024242512.1
XP_024251274.2	XP_024251274.2
XP_024251275.1	XP_024251275.1
XP_024274189.1	XP_024274189.1
XP_024274956.1	XP_024274956.1
XP_024274957.1	XP_024274957.1
XP_024276101.1	XP_024276101.1
XP_024276111.1	XP_024276111.1
XP_024278032.1	XP_024278032.1
XP_024278035.1	XP_024278035.1
XP_024278036.1	XP_024278036.1
XP_024278037.1	XP_024278037.1
XP_024278038.1	XP_024278038.1
XP_024278039.1	XP_024278039.1
XP_024279831.1	XP_024279831.1
XP_024296930.1	XP_024296930.1
XP_024315907.1	XP_024315907.1
XP_024323796.1	XP_024323796.1
XP_024324050.1	XP_024324050.1
XP_024329166.1	XP_024329166.1
XP_024329275.1	XP_024329275.1
XP_024334734.1	XP_024334734.1
XP_024338809.1	XP_024338809.1
XP_024342304.1	XP_024342304.1
XP_024343597.1	XP_024343597.1
XP_024345203.1	XP_024345203.1
XP_024346307.1	XP_024346307.1
XP_024346310.1	XP_024346310.1
XP_024346311.1	XP_024346311.1
XP_024346312.1	XP_024346312.1
XP_024353496.1	XP_024353496.1
XP_024359639.1	XP_024359639.1
XP_024362777.1	XP_024362777.1
XP_024362778.1	XP_024362778.1
XP_024362779.1	XP_024362779.1
XP_024364303.1	XP_024364303.1
XP_024384294.1	XP_024384294.1
XP_024405321.1	XP_024405321.1
XP_024407222.2	XP_024407222.2
XP_024415702.2	XP_024415702.2
XP_024419271.1	XP_024419271.1
XP_024419272.1	XP_024419272.1
XP_024427036.2	XP_024427036.2
XP_024429502.2	XP_024429502.2
XP_024430061.2	XP_024430061.2
XP_024440969.2	XP_024440969.2
XP_024502878.1	XP_024502878.1
XP_024505120.1	XP_024505120.1
XP_024506718.1	XP_024506718.1
XP_024506719.1	XP_024506719.1
XP_024506876.1	XP_024506876.1
XP_024507607.1	XP_024507607.1
XP_024512657.1	XP_024512657.1
XP_024513729.1	XP_024513729.1
XP_024519033.1	XP_024519033.1
XP_024522649.1	XP_024522649.1
XP_024522694.1	XP_024522694.1
XP_024524838.1	XP_024524838.1
XP_024526321.1	XP_024526321.1
XP_024535821.1	XP_024535821.1
XP_024535824.1	XP_024535824.1
XP_024538334.1	XP_024538334.1
XP_024538335.1	XP_024538335.1
XP_024546442.1	XP_024546442.1
XP_024546443.1	XP_024546443.1
XP_024546477.1	XP_024546477.1
XP_024550206.1	XP_024550206.1
XP_024550207.1	XP_024550207.1
XP_024550208.1	XP_024550208.1
XP_024571927.1	XP_024571927.1
XP_024573172.1	XP_024573172.1
XP_024576121.1	XP_024576121.1
XP_024583981.1	XP_024583981.1
XP_024584121.1	XP_024584121.1
XP_024584661.1	XP_024584661.1
XP_024586396.1	XP_024586396.1
XP_024595030.1	XP_024595030.1
XP_024595031.1	XP_024595031.1
XP_024595032.1	XP_024595032.1
XP_024595033.1	XP_024595033.1
XP_024595034.1	XP_024595034.1
XP_024603168.1	XP_024603168.1
XP_024604552.1	XP_024604552.1
XP_024605910.1	XP_024605910.1
XP_024608282.1	XP_024608282.1
XP_024608283.1	XP_024608283.1
XP_024609583.1	XP_024609583.1
XP_024609585.1	XP_024609585.1
XP_024609586.1	XP_024609586.1
XP_024609587.1	XP_024609587.1
XP_024611485.1	XP_024611485.1
XP_024611488.1	XP_024611488.1
XP_024611489.1	XP_024611489.1
XP_024665587.1	XP_024665587.1
XP_024667123.1	XP_024667123.1
XP_024685636.1	XP_024685636.1
XP_024694795.1	XP_024694795.1
XP_024708946.1	XP_024708946.1
XP_024712820.1	XP_024712820.1
XP_024718248.1	XP_024718248.1
XP_024719710.1	XP_024719710.1
XP_024725671.1	XP_024725671.1
XP_024730985.1	XP_024730985.1
XP_024732721.1	XP_024732721.1
XP_024740672.1	XP_024740672.1
XP_024745681.1	XP_024745681.1
XP_024745966.1	XP_024745966.1
XP_024754327.1	XP_024754327.1
XP_024755390.2	XP_024755390.2
XP_024759481.2	XP_024759481.2
XP_024764280.2	XP_024764280.2
XP_024767439.1	XP_024767439.1
XP_024771610.1	XP_024771610.1
XP_024784640.1	XP_024784640.1
XP_024834709.1	XP_024834709.1
XP_024834710.1	XP_024834710.1
XP_024834711.1	XP_024834711.1
XP_024843101.1	XP_024843101.1
XP_024845179.1	XP_024845179.1
XP_024845180.1	XP_024845180.1
XP_024851421.1	XP_024851421.1
XP_024873485.1	XP_024873485.1
XP_024874830.1	XP_024874830.1
XP_024874831.1	XP_024874831.1
XP_024874832.1	XP_024874832.1
XP_024874833.1	XP_024874833.1
XP_024879929.1	XP_024879929.1
XP_024879930.1	XP_024879930.1
XP_024883093.1	XP_024883093.1
XP_024883098.1	XP_024883098.1
XP_024901973.1	XP_024901973.1
XP_024903525.1	XP_024903525.1
XP_024903529.1	XP_024903529.1
XP_024903530.1	XP_024903530.1
XP_024903531.1	XP_024903531.1
XP_024903532.1	XP_024903532.1
XP_024905462.1	XP_024905462.1
XP_024905466.1	XP_024905466.1
XP_024905467.1	XP_024905467.1
XP_024907682.1	XP_024907682.1
XP_024907683.1	XP_024907683.1
XP_024907684.1	XP_024907684.1
XP_024907685.1	XP_024907685.1
XP_024907686.1	XP_024907686.1
XP_024913332.1	XP_024913332.1
XP_024919888.1	XP_024919888.1
XP_024919893.1	XP_024919893.1
XP_024919897.1	XP_024919897.1
XP_024919907.1	XP_024919907.1
XP_024942610.1	XP_024942610.1
XP_024942612.1	XP_024942612.1
XP_024942613.1	XP_024942613.1
XP_024944310.1	XP_024944310.1
XP_024944311.1	XP_024944311.1
XP_024965683.1	XP_024965683.1
XP_024980365.1	XP_024980365.1
XP_024980366.1	XP_024980366.1
XP_024981111.1	XP_024981111.1
XP_024981115.1	XP_024981115.1
XP_024981116.1	XP_024981116.1
XP_024990021.1	XP_024990021.1
XP_024990023.1	XP_024990023.1
XP_024996377.1	XP_024996377.1
XP_025003119.2	XP_025003119.2
XP_025016160.1	XP_025016160.1
XP_025021311.1	XP_025021311.1
XP_025026744.1	XP_025026744.1
XP_025026746.1	XP_025026746.1
XP_025030604.1	XP_025030604.1
XP_025039452.1	XP_025039452.1
XP_025047133.1	XP_025047133.1
XP_025047134.1	XP_025047134.1
XP_025047136.1	XP_025047136.1
XP_025047137.1	XP_025047137.1
XP_025053449.1	XP_025053449.1
XP_025053451.1	XP_025053451.1
XP_025060210.1	XP_025060210.1
XP_025061581.1	XP_025061581.1
XP_025061582.1	XP_025061582.1
XP_025061583.1	XP_025061583.1
XP_025061584.1	XP_025061584.1
XP_025077619.1	XP_025077619.1
XP_025082762.1	XP_025082762.1
XP_025082763.1	XP_025082763.1
XP_025083854.1	XP_025083854.1
XP_025083858.1	XP_025083858.1
XP_025109952.1	XP_025109952.1
XP_025109953.1	XP_025109953.1
XP_025115204.1	XP_025115204.1
XP_025115205.1	XP_025115205.1
XP_025124413.1	XP_025124413.1
XP_025124416.1	XP_025124416.1
XP_025124418.1	XP_025124418.1
XP_025124419.1	XP_025124419.1
XP_025126508.3	XP_025126508.3
XP_025126509.3	XP_025126509.3
XP_025137758.3	XP_025137758.3
XP_025137762.3	XP_025137762.3
XP_025137764.3	XP_025137764.3
XP_025137765.3	XP_025137765.3
XP_025137766.3	XP_025137766.3
XP_025137767.3	XP_025137767.3
XP_025142312.2	XP_025142312.2
XP_025144525.2	XP_025144525.2
XP_025144527.2	XP_025144527.2
XP_025144528.2	XP_025144528.2
XP_025144529.2	XP_025144529.2
XP_025144530.2	XP_025144530.2
XP_025144531.2	XP_025144531.2
XP_025144532.2	XP_025144532.2
XP_025144533.2	XP_025144533.2
XP_025152145.3	XP_025152145.3
XP_025171211.1	XP_025171211.1
XP_025174358.2	XP_025174358.2
XP_025191439.1	XP_025191439.1
XP_025197001.1	XP_025197001.1
XP_025198194.1	XP_025198194.1
XP_025198653.1	XP_025198653.1
XP_025201167.1	XP_025201167.1
XP_025207390.1	XP_025207390.1
XP_025207629.1	XP_025207629.1
XP_025211179.1	XP_025211179.1
XP_025215871.1	XP_025215871.1
XP_025215872.1	XP_025215872.1
XP_025215874.1	XP_025215874.1
XP_025215876.1	XP_025215876.1
XP_025227215.1	XP_025227215.1
XP_025227216.1	XP_025227216.1
XP_025227217.1	XP_025227217.1
XP_025241682.1	XP_025241682.1
XP_025241691.1	XP_025241691.1
XP_025241700.1	XP_025241700.1
XP_025244162.1	XP_025244162.1
XP_025244163.1	XP_025244163.1
XP_025244164.1	XP_025244164.1
XP_025244167.1	XP_025244167.1
XP_025244170.1	XP_025244170.1
XP_025244171.1	XP_025244171.1
XP_025245169.1	XP_025245169.1
XP_025253632.1	XP_025253632.1
XP_025271200.1	XP_025271200.1
XP_025271201.1	XP_025271201.1
XP_025278942.1	XP_025278942.1
XP_025302952.3	XP_025302952.3
XP_025302953.3	XP_025302953.3
XP_025319876.1	XP_025319876.1
XP_025337966.1	XP_025337966.1
XP_025344753.1	XP_025344753.1
XP_025346528.1	XP_025346528.1
XP_025348333.1	XP_025348333.1
XP_025350628.1	XP_025350628.1
XP_025353586.1	XP_025353586.1
XP_025353803.1	XP_025353803.1
XP_025360273.1	XP_025360273.1
XP_025360930.1	XP_025360930.1
XP_025361804.1	XP_025361804.1
XP_025368293.1	XP_025368293.1
XP_025370238.1	XP_025370238.1
XP_025371703.1	XP_025371703.1
XP_025374251.1	XP_025374251.1
XP_025378711.1	XP_025378711.1
XP_025380229.1	XP_025380229.1
XP_025381796.1	XP_025381796.1
XP_025396568.1	XP_025396568.1
XP_025408428.1	XP_025408428.1
XP_025414044.1	XP_025414044.1
XP_025415022.1	XP_025415022.1
XP_025415023.1	XP_025415023.1
XP_025421153.1	XP_025421153.1
XP_025421288.1	XP_025421288.1
XP_025427726.1	XP_025427726.1
XP_025444125.1	XP_025444125.1
XP_025456430.1	XP_025456430.1
XP_025469185.1	XP_025469185.1
XP_025475857.1	XP_025475857.1
XP_025490661.1	XP_025490661.1
XP_025509193.1	XP_025509193.1
XP_025519427.1	XP_025519427.1
XP_025522698.1	XP_025522698.1
XP_025539501.1	XP_025539501.1
XP_025547134.1	XP_025547134.1
XP_025562456.1	XP_025562456.1
XP_025576465.1	XP_025576465.1
XP_025586625.2	XP_025586625.2
XP_025587591.1	XP_025587591.1
XP_025598707.1	XP_025598707.1
XP_025600019.1	XP_025600019.1
XP_025600492.1	XP_025600492.1
XP_025615836.1	XP_025615836.1
XP_025634227.1	XP_025634227.1
XP_025690266.1	XP_025690266.1
XP_025707491.1	XP_025707491.1
XP_025707496.1	XP_025707496.1
XP_025708157.1	XP_025708157.1
XP_025708158.1	XP_025708158.1
XP_025708159.1	XP_025708159.1
XP_025723332.2	XP_025723332.2
XP_025727404.1	XP_025727404.1
XP_025727405.1	XP_025727405.1
XP_025727407.1	XP_025727407.1
XP_025727408.1	XP_025727408.1
XP_025727409.1	XP_025727409.1
XP_025727410.1	XP_025727410.1
XP_025727411.1	XP_025727411.1
XP_025727413.1	XP_025727413.1
XP_025734373.1	XP_025734373.1
XP_025741638.1	XP_025741638.1
XP_025757970.1	XP_025757970.1
XP_025771406.1	XP_025771406.1
XP_025776385.1	XP_025776385.1
XP_025779213.1	XP_025779213.1
XP_025786327.1	XP_025786327.1
XP_025786813.1	XP_025786813.1
XP_025787341.1	XP_025787341.1
XP_025798529.1	XP_025798529.1
XP_025800485.1	XP_025800485.1
XP_025800493.1	XP_025800493.1
XP_025800978.1	XP_025800978.1
XP_025814515.1	XP_025814515.1
XP_025816016.1	XP_025816016.1
XP_025818580.1	XP_025818580.1
XP_025821781.1	XP_025821781.1
XP_025821782.1	XP_025821782.1
XP_025835228.1	XP_025835228.1
XP_025835229.1	XP_025835229.1
XP_025835721.1	XP_025835721.1
XP_025836043.1	XP_025836043.1
XP_025839969.1	XP_025839969.1
XP_025839974.1	XP_025839974.1
XP_025856656.1	XP_025856656.1
XP_025860468.2	XP_025860468.2
XP_025860469.2	XP_025860469.2
XP_025867512.2	XP_025867512.2
XP_025875929.2	XP_025875929.2
XP_025878118.1	XP_025878118.1
XP_025890084.1	XP_025890084.1
XP_025890106.1	XP_025890106.1
XP_025892255.1	XP_025892255.1
XP_025892499.1	XP_025892499.1
XP_025892506.1	XP_025892506.1
XP_025892516.1	XP_025892516.1
XP_025892525.1	XP_025892525.1
XP_025892531.1	XP_025892531.1
XP_025894026.1	XP_025894026.1
XP_025904327.1	XP_025904327.1
XP_025904328.1	XP_025904328.1
XP_025904562.1	XP_025904562.1
XP_025911787.1	XP_025911787.1
XP_025915826.1	XP_025915826.1
XP_025924599.1	XP_025924599.1
XP_025924600.1	XP_025924600.1
XP_025924601.1	XP_025924601.1
XP_025929559.1	XP_025929559.1
XP_025929560.1	XP_025929560.1
XP_025942380.1	XP_025942380.1
XP_025942383.1	XP_025942383.1
XP_025942384.1	XP_025942384.1
XP_025942387.1	XP_025942387.1
XP_025944188.1	XP_025944188.1
XP_025944194.1	XP_025944194.1
XP_025944195.1	XP_025944195.1
XP_025944196.1	XP_025944196.1
XP_025944197.1	XP_025944197.1
XP_025944198.1	XP_025944198.1
XP_025944199.1	XP_025944199.1
XP_025944200.1	XP_025944200.1
XP_025944202.1	XP_025944202.1
XP_025944203.1	XP_025944203.1
XP_025944204.1	XP_025944204.1
XP_025944205.1	XP_025944205.1
XP_025947750.1	XP_025947750.1
XP_025947752.1	XP_025947752.1
XP_025947753.1	XP_025947753.1
XP_025947755.1	XP_025947755.1
XP_025961273.1	XP_025961273.1
XP_025961282.1	XP_025961282.1
XP_025962481.1	XP_025962481.1
XP_025962482.1	XP_025962482.1
XP_025984684.1	XP_025984684.1
XP_025984685.1	XP_025984685.1
XP_025984687.2	XP_025984687.2
XP_025985835.1	XP_025985835.1
XP_025989874.2	XP_025989874.2
XP_025989876.2	XP_025989876.2
XP_025989877.2	XP_025989877.2
XP_025989878.2	XP_025989878.2
XP_026002797.2	XP_026002797.2
XP_026002802.2	XP_026002802.2
XP_026012750.1	XP_026012750.1
XP_026012751.1	XP_026012751.1
XP_026029729.2	XP_026029729.2
XP_026034694.1	XP_026034694.1
XP_026041432.2	XP_026041432.2
XP_026043785.1	XP_026043785.1
XP_026043787.1	XP_026043787.1
XP_026054870.1	XP_026054870.1
XP_026055454.1	XP_026055454.1
XP_026055460.1	XP_026055460.1
XP_026067916.1	XP_026067916.1
XP_026070951.1	XP_026070951.1
XP_026078395.1	XP_026078395.1
XP_026078396.1	XP_026078396.1
XP_026078744.1	XP_026078744.1
XP_026092405.1	XP_026092405.1
XP_026092406.1	XP_026092406.1
XP_026110897.1	XP_026110897.1
XP_026112189.1	XP_026112189.1
XP_026112190.1	XP_026112190.1
XP_026115721.1	XP_026115721.1
XP_026123401.1	XP_026123401.1
XP_026132772.1	XP_026132772.1
XP_026144880.1	XP_026144880.1
XP_026144881.1	XP_026144881.1
XP_026147986.2	XP_026147986.2
XP_026149098.1	XP_026149098.1
XP_026150234.1	XP_026150234.1
XP_026150235.1	XP_026150235.1
XP_026156967.1	XP_026156967.1
XP_026156968.1	XP_026156968.1
XP_026172142.1	XP_026172142.1
XP_026177467.1	XP_026177467.1
XP_026177468.1	XP_026177468.1
XP_026177469.1	XP_026177469.1
XP_026178249.1	XP_026178249.1
XP_026179075.1	XP_026179075.1
XP_026190586.1	XP_026190586.1
XP_026191404.1	XP_026191404.1
XP_026198882.1	XP_026198882.1
XP_026198883.1	XP_026198883.1
XP_026199974.1	XP_026199974.1
XP_026201430.1	XP_026201430.1
XP_026201431.1	XP_026201431.1
XP_026202403.1	XP_026202403.1
XP_026202404.1	XP_026202404.1
XP_026208022.1	XP_026208022.1
XP_026218379.1	XP_026218379.1
XP_026229009.1	XP_026229009.1
XP_026233923.1	XP_026233923.1
XP_026237443.1	XP_026237443.1
XP_026237459.1	XP_026237459.1
XP_026237465.1	XP_026237465.1
XP_026237470.1	XP_026237470.1
XP_026237480.1	XP_026237480.1
XP_026237482.1	XP_026237482.1
XP_026248070.2	XP_026248070.2
XP_026248071.2	XP_026248071.2
XP_026252869.2	XP_026252869.2
XP_026252871.2	XP_026252871.2
XP_026258093.2	XP_026258093.2
XP_026258094.2	XP_026258094.2
XP_026260238.2	XP_026260238.2
XP_026260240.2	XP_026260240.2
XP_026263306.1	XP_026263306.1
XP_026263307.1	XP_026263307.1
XP_026271604.1	XP_026271604.1
XP_026278437.1	XP_026278437.1
XP_026278438.1	XP_026278438.1
XP_026278439.1	XP_026278439.1
XP_026278440.1	XP_026278440.1
XP_026280921.1	XP_026280921.1
XP_026282126.1	XP_026282126.1
XP_026286232.1	XP_026286232.1
XP_026294735.1	XP_026294735.1
XP_026294736.1	XP_026294736.1
XP_026300859.1	XP_026300859.1
XP_026312652.1	XP_026312652.1
XP_026312653.1	XP_026312653.1
XP_026312654.1	XP_026312654.1
XP_026316511.1	XP_026316511.1
XP_026325860.1	XP_026325860.1
XP_026325861.1	XP_026325861.1
XP_026325862.1	XP_026325862.1
XP_026325863.1	XP_026325863.1
XP_026325864.1	XP_026325864.1
XP_026325865.1	XP_026325865.1
XP_026325866.1	XP_026325866.1
XP_026331983.1	XP_026331983.1
XP_026332010.1	XP_026332010.1
XP_026332458.1	XP_026332458.1
XP_026343520.2	XP_026343520.2
XP_026353867.1	XP_026353867.1
XP_026374516.2	XP_026374516.2
XP_026380219.1	XP_026380219.1
XP_026381603.1	XP_026381603.1
XP_026389088.1	XP_026389088.1
XP_026391805.1	XP_026391805.1
XP_026391806.1	XP_026391806.1
XP_026391812.1	XP_026391812.1
XP_026398269.1	XP_026398269.1
XP_026399331.1	XP_026399331.1
XP_026399333.1	XP_026399333.1
XP_026399369.1	XP_026399369.1
XP_026399375.1	XP_026399375.1
XP_026399377.1	XP_026399377.1
XP_026409496.1	XP_026409496.1
XP_026411851.1	XP_026411851.1
XP_026414234.1	XP_026414234.1
XP_026418992.1	XP_026418992.1
XP_026444255.1	XP_026444255.1
XP_026444261.1	XP_026444261.1
XP_026444262.1	XP_026444262.1
XP_026448490.1	XP_026448490.1
XP_026463767.1	XP_026463767.1
XP_026463768.1	XP_026463768.1
XP_026464555.1	XP_026464555.1
XP_026466251.1	XP_026466251.1
XP_026466300.1	XP_026466300.1
XP_026466301.1	XP_026466301.1
XP_026466548.1	XP_026466548.1
XP_026470218.1	XP_026470218.1
XP_026470219.1	XP_026470219.1
XP_026470220.1	XP_026470220.1
XP_026470376.1	XP_026470376.1
XP_026470378.1	XP_026470378.1
XP_026481807.1	XP_026481807.1
XP_026490323.2	XP_026490323.2
XP_026493357.1	XP_026493357.1
XP_026493358.1	XP_026493358.1
XP_026500025.2	XP_026500025.2
XP_026504912.1	XP_026504912.1
XP_026507517.1	XP_026507517.1
XP_026507576.1	XP_026507576.1
XP_026507580.1	XP_026507580.1
XP_026508124.1	XP_026508124.1
XP_026521661.1	XP_026521661.1
XP_026526364.1	XP_026526364.1
XP_026526371.1	XP_026526371.1
XP_026527968.1	XP_026527968.1
XP_026528307.1	XP_026528307.1
XP_026528309.1	XP_026528309.1
XP_026528310.1	XP_026528310.1
XP_026530414.1	XP_026530414.1
XP_026531673.1	XP_026531673.1
XP_026544483.1	XP_026544483.1
XP_026556784.1	XP_026556784.1
XP_026556786.1	XP_026556786.1
XP_026559661.1	XP_026559661.1
XP_026559665.1	XP_026559665.1
XP_026562880.1	XP_026562880.1
XP_026562883.1	XP_026562883.1
XP_026565839.1	XP_026565839.1
XP_026569710.1	XP_026569710.1
XP_026572141.1	XP_026572141.1
XP_026572142.1	XP_026572142.1
XP_026573389.1	XP_026573389.1
XP_026573438.1	XP_026573438.1
XP_026602077.1	XP_026602077.1
XP_026611062.1	XP_026611062.1
XP_026622531.1	XP_026622531.1
XP_026637697.1	XP_026637697.1
XP_026638736.1	XP_026638736.1
XP_026638863.1	XP_026638863.1
XP_026647573.1	XP_026647573.1
XP_026674519.1	XP_026674519.1
XP_026674523.1	XP_026674523.1
XP_026674524.1	XP_026674524.1
XP_026674525.1	XP_026674525.1
XP_026687349.1	XP_026687349.1
XP_026688019.1	XP_026688019.1
XP_026697877.1	XP_026697877.1
XP_026698614.1	XP_026698614.1
XP_026698615.1	XP_026698615.1
XP_026698616.1	XP_026698616.1
XP_026709478.1	XP_026709478.1
XP_026709480.1	XP_026709480.1
XP_026712517.1	XP_026712517.1
XP_026721373.1	XP_026721373.1
XP_026721925.1	XP_026721925.1
XP_026721926.1	XP_026721926.1
XP_026721928.1	XP_026721928.1
XP_026721929.1	XP_026721929.1
XP_026727767.1	XP_026727767.1
XP_026730141.1	XP_026730141.1
XP_026730142.1	XP_026730142.1
XP_026730143.1	XP_026730143.1
XP_026730144.1	XP_026730144.1
XP_026730146.1	XP_026730146.1
XP_026730813.1	XP_026730813.1
XP_026731039.1	XP_026731039.1
XP_026741346.1	XP_026741346.1
XP_026741347.1	XP_026741347.1
XP_026749914.2	XP_026749914.2
XP_026749917.1	XP_026749917.1
XP_026752574.1	XP_026752574.1
XP_026752577.2	XP_026752577.2
XP_026752757.2	XP_026752757.2
XP_026770425.3	XP_026770425.3
XP_026786878.3	XP_026786878.3
XP_026793366.3	XP_026793366.3
XP_026803617.3	XP_026803617.3
XP_026804404.1	XP_026804404.1
XP_026809762.1	XP_026809762.1
XP_026810509.1	XP_026810509.1
XP_026819407.1	XP_026819407.1
XP_026819821.1	XP_026819821.1
XP_026820222.1	XP_026820222.1
XP_026820360.1	XP_026820360.1
XP_026821039.1	XP_026821039.1
XP_026823125.1	XP_026823125.1
XP_026826568.1	XP_026826568.1
XP_026831235.1	XP_026831235.1
XP_026833980.1	XP_026833980.1
XP_026839722.1	XP_026839722.1
XP_026846327.1	XP_026846327.1
XP_026849288.1	XP_026849288.1
XP_026865044.3	XP_026865044.3
XP_026867530.2	XP_026867530.2
XP_026883685.2	XP_026883685.2
XP_026886223.2	XP_026886223.2
XP_026900332.1	XP_026900332.1
XP_026900334.1	XP_026900334.1
XP_026903994.2	XP_026903994.2
XP_026903995.2	XP_026903995.2
XP_026914977.1	XP_026914977.1
XP_026914984.1	XP_026914984.1
XP_026928992.2	XP_026928992.2
XP_026945868.1	XP_026945868.1
XP_026945869.1	XP_026945869.1
XP_026945871.1	XP_026945871.1
XP_026945872.1	XP_026945872.1
XP_026947930.1	XP_026947930.1
XP_026947931.1	XP_026947931.1
XP_026950021.1	XP_026950021.1
XP_026950023.1	XP_026950023.1
XP_026950024.1	XP_026950024.1
XP_026950025.1	XP_026950025.1
XP_026950026.1	XP_026950026.1
XP_026950027.1	XP_026950027.1
XP_026950029.1	XP_026950029.1
XP_026950030.1	XP_026950030.1
XP_026950031.1	XP_026950031.1
XP_026950033.1	XP_026950033.1
XP_026964328.1	XP_026964328.1
XP_026964329.1	XP_026964329.1
XP_026964330.1	XP_026964330.1
XP_026964332.1	XP_026964332.1
XP_026964333.1	XP_026964333.1
XP_026964334.1	XP_026964334.1
XP_026964335.1	XP_026964335.1
XP_026964336.1	XP_026964336.1
XP_026964337.1	XP_026964337.1
XP_026977813.1	XP_026977813.1
XP_026981176.1	XP_026981176.1
XP_026989707.2	XP_026989707.2
XP_026989708.2	XP_026989708.2
XP_026994354.1	XP_026994354.1
XP_026995674.2	XP_026995674.2
XP_027023436.1	XP_027023436.1
XP_027023437.1	XP_027023437.1
XP_027023438.1	XP_027023438.1
XP_027023439.1	XP_027023439.1
XP_027032758.2	XP_027032758.2
XP_027032759.2	XP_027032759.2
XP_027033345.1	XP_027033345.1
XP_027037473.1	XP_027037473.1
XP_027038225.1	XP_027038225.1
XP_027047782.1	XP_027047782.1
XP_027047783.1	XP_027047783.1
XP_027047784.1	XP_027047784.1
XP_027049580.1	XP_027049580.1
XP_027050891.1	XP_027050891.1
XP_027058964.1	XP_027058964.1
XP_027062074.2	XP_027062074.2
XP_027073217.1	XP_027073217.1
XP_027079369.1	XP_027079369.1
XP_027079370.1	XP_027079370.1
XP_027079371.1	XP_027079371.1
XP_027079372.1	XP_027079372.1
XP_027104376.2	XP_027104376.2
XP_027104379.2	XP_027104379.2
XP_027108192.1	XP_027108192.1
XP_027110929.1	XP_027110929.1
XP_027110938.1	XP_027110938.1
XP_027115025.2	XP_027115025.2
XP_027133412.1	XP_027133412.1
XP_027145900.1	XP_027145900.1
XP_027145901.1	XP_027145901.1
XP_027145902.1	XP_027145902.1
XP_027160167.1	XP_027160167.1
XP_027180065.1	XP_027180065.1
XP_027180067.1	XP_027180067.1
XP_027180068.1	XP_027180068.1
XP_027180069.1	XP_027180069.1
XP_027194751.2	XP_027194751.2
XP_027196412.2	XP_027196412.2
XP_027199103.2	XP_027199103.2
XP_027200223.2	XP_027200223.2
XP_027202932.1	XP_027202932.1
XP_027204607.2	XP_027204607.2
XP_027213576.2	XP_027213576.2
XP_027213577.2	XP_027213577.2
XP_027213578.2	XP_027213578.2
XP_027221762.1	XP_027221762.1
XP_027237896.2	XP_027237896.2
XP_027257527.1	XP_027257527.1
XP_027257528.1	XP_027257528.1
XP_027257531.1	XP_027257531.1
XP_027257532.1	XP_027257532.1
XP_027258220.1	XP_027258220.1
XP_027258222.1	XP_027258222.1
XP_027258223.1	XP_027258223.1
XP_027258224.1	XP_027258224.1
XP_027258225.1	XP_027258225.1
XP_027258226.1	XP_027258226.1
XP_027261225.1	XP_027261225.1
XP_027261226.1	XP_027261226.1
XP_027261227.1	XP_027261227.1
XP_027261325.1	XP_027261325.1
XP_027265490.1	XP_027265490.1
XP_027265492.1	XP_027265492.1
XP_027265493.1	XP_027265493.1
XP_027273678.1	XP_027273678.1
XP_027290039.2	XP_027290039.2
XP_027290318.2	XP_027290318.2
XP_027292618.1	XP_027292618.1
XP_027297238.1	XP_027297238.1
XP_027306362.2	XP_027306362.2
XP_027323007.3	XP_027323007.3
XP_027334651.1	XP_027334651.1
XP_027334652.1	XP_027334652.1
XP_027336294.1	XP_027336294.1
XP_027336295.1	XP_027336295.1
XP_027336296.1	XP_027336296.1
XP_027336781.1	XP_027336781.1
XP_027341409.1	XP_027341409.1
XP_027341410.1	XP_027341410.1
XP_027341411.1	XP_027341411.1
XP_027369434.1	XP_027369434.1
XP_027375751.1	XP_027375751.1
XP_027375752.1	XP_027375752.1
XP_027405963.1	XP_027405963.1
XP_027415541.1	XP_027415541.1
XP_027415542.1	XP_027415542.1
XP_027432801.1	XP_027432801.1
XP_027432826.1	XP_027432826.1
XP_027432835.1	XP_027432835.1
XP_027432840.1	XP_027432840.1
XP_027432848.1	XP_027432848.1
XP_027432855.1	XP_027432855.1
XP_027432865.1	XP_027432865.1
XP_027432875.1	XP_027432875.1
XP_027432883.1	XP_027432883.1
XP_027432891.1	XP_027432891.1
XP_027432897.1	XP_027432897.1
XP_027435220.2	XP_027435220.2
XP_027435221.2	XP_027435221.2
XP_027450986.1	XP_027450986.1
XP_027470779.2	XP_027470779.2
XP_027470782.2	XP_027470782.2
XP_027470783.2	XP_027470783.2
XP_027475347.1	XP_027475347.1
XP_027475348.1	XP_027475348.1
XP_027475349.1	XP_027475349.1
XP_027475350.1	XP_027475350.1
XP_027475351.1	XP_027475351.1
XP_027484653.1	XP_027484653.1
XP_027485304.1	XP_027485304.1
XP_027490383.1	XP_027490383.1
XP_027490386.1	XP_027490386.1
XP_027490599.1	XP_027490599.1
XP_027490601.1	XP_027490601.1
XP_027490604.1	XP_027490604.1
XP_027490605.1	XP_027490605.1
XP_027499757.1	XP_027499757.1
XP_027499758.1	XP_027499758.1
XP_027499759.1	XP_027499759.1
XP_027499760.1	XP_027499760.1
XP_027499761.1	XP_027499761.1
XP_027502593.1	XP_027502593.1
XP_027504293.1	XP_027504293.1
XP_027504649.1	XP_027504649.1
XP_027504650.1	XP_027504650.1
XP_027526560.1	XP_027526560.1
XP_027526563.1	XP_027526563.1
XP_027527269.1	XP_027527269.1
XP_027527270.1	XP_027527270.1
XP_027527271.1	XP_027527271.1
XP_027536743.1	XP_027536743.1
XP_027536752.1	XP_027536752.1
XP_027536761.1	XP_027536761.1
XP_027536770.1	XP_027536770.1
XP_027536778.1	XP_027536778.1
XP_027536788.1	XP_027536788.1
XP_027539172.1	XP_027539172.1
XP_027539173.1	XP_027539173.1
XP_027542707.1	XP_027542707.1
XP_027572994.1	XP_027572994.1
XP_027572995.1	XP_027572995.1
XP_027572996.1	XP_027572996.1
XP_027572997.1	XP_027572997.1
XP_027587641.1	XP_027587641.1
XP_027588323.1	XP_027588323.1
XP_027595184.1	XP_027595184.1
XP_027595186.1	XP_027595186.1
XP_027599049.1	XP_027599049.1
XP_027599050.1	XP_027599050.1
XP_027608292.1	XP_027608292.1
XP_027612763.1	XP_027612763.1
XP_027615207.1	XP_027615207.1
XP_027618034.1	XP_027618034.1
XP_027626152.1	XP_027626152.1
XP_027626174.1	XP_027626174.1
XP_027628028.1	XP_027628028.1
XP_027628029.1	XP_027628029.1
XP_027628030.1	XP_027628030.1
XP_027628031.1	XP_027628031.1
XP_027628032.1	XP_027628032.1
XP_027628033.1	XP_027628033.1
XP_027628034.1	XP_027628034.1
XP_027628035.1	XP_027628035.1
XP_027630779.1	XP_027630779.1
XP_027675059.2	XP_027675059.2
XP_027693792.1	XP_027693792.1
XP_027693797.1	XP_027693797.1
XP_027693798.1	XP_027693798.1
XP_027693799.1	XP_027693799.1
XP_027693800.1	XP_027693800.1
XP_027697372.1	XP_027697372.1
XP_027714608.1	XP_027714608.1
XP_027714609.1	XP_027714609.1
XP_027719175.1	XP_027719175.1
XP_027719177.1	XP_027719177.1
XP_027724927.1	XP_027724927.1
XP_027725210.1	XP_027725210.1
XP_027725211.1	XP_027725211.1
XP_027725213.1	XP_027725213.1
XP_027725214.1	XP_027725214.1
XP_027730731.1	XP_027730731.1
XP_027730734.1	XP_027730734.1
XP_027730735.1	XP_027730735.1
XP_027730737.1	XP_027730737.1
XP_027730738.1	XP_027730738.1
XP_027730739.1	XP_027730739.1
XP_027730740.1	XP_027730740.1
XP_027734749.1	XP_027734749.1
XP_027734750.1	XP_027734750.1
XP_027735621.1	XP_027735621.1
XP_027736547.1	XP_027736547.1
XP_027738305.1	XP_027738305.1
XP_027738314.1	XP_027738314.1
XP_027745513.1	XP_027745513.1
XP_027750242.1	XP_027750242.1
XP_027750251.1	XP_027750251.1
XP_027750257.1	XP_027750257.1
XP_027768761.1	XP_027768761.1
XP_027776369.2	XP_027776369.2
XP_027776371.2	XP_027776371.2
XP_027776372.2	XP_027776372.2
XP_027783609.1	XP_027783609.1
XP_027784350.1	XP_027784350.1
XP_027794945.1	XP_027794945.1
XP_027794946.2	XP_027794946.2
XP_027799716.2	XP_027799716.2
XP_027799717.2	XP_027799717.2
XP_027800027.2	XP_027800027.2
XP_027800783.1	XP_027800783.1
XP_027820047.1	XP_027820047.1
XP_027820049.1	XP_027820049.1
XP_027820051.1	XP_027820051.1
XP_027820052.1	XP_027820052.1
XP_027820055.1	XP_027820055.1
XP_027826051.1	XP_027826051.1
XP_027827292.1	XP_027827292.1
XP_027833620.1	XP_027833620.1
XP_027835975.1	XP_027835975.1
XP_027835976.1	XP_027835976.1
XP_027837907.2	XP_027837907.2
XP_027838060.2	XP_027838060.2
XP_027839531.1	XP_027839531.1
XP_027842056.2	XP_027842056.2
XP_027849555.2	XP_027849555.2
XP_027849985.2	XP_027849985.2
XP_027853066.2	XP_027853066.2
XP_027861476.1	XP_027861476.1
XP_027869322.1	XP_027869322.1
XP_027870435.1	XP_027870435.1
XP_027883781.1	XP_027883781.1
XP_027883806.1	XP_027883806.1
XP_027889464.1	XP_027889464.1
XP_027890296.1	XP_027890296.1
XP_027890297.1	XP_027890297.1
XP_027892184.1	XP_027892184.1
XP_027892185.1	XP_027892185.1
XP_027907055.1	XP_027907055.1
XP_027907428.1	XP_027907428.1
XP_027940463.1	XP_027940463.1
XP_027950336.1	XP_027950336.1
XP_027950337.1	XP_027950337.1
XP_027973770.1	XP_027973770.1
XP_027978019.1	XP_027978019.1
XP_027978020.1	XP_027978020.1
XP_027978023.1	XP_027978023.1
XP_027978024.1	XP_027978024.1
XP_027978025.1	XP_027978025.1
XP_027982797.2	XP_027982797.2
XP_027997951.2	XP_027997951.2
XP_028002010.2	XP_028002010.2
XP_028020373.1	XP_028020373.1
XP_028026461.1	XP_028026461.1
XP_028026638.1	XP_028026638.1
XP_028026640.1	XP_028026640.1
XP_028038854.1	XP_028038854.1
XP_028038855.1	XP_028038855.1
XP_028039666.1	XP_028039666.1
XP_028039694.1	XP_028039694.1
XP_028046509.1	XP_028046509.1
XP_028068060.2	XP_028068060.2
XP_028117361.2	XP_028117361.2
XP_028123985.2	XP_028123985.2
XP_028123986.2	XP_028123986.2
XP_028123987.2	XP_028123987.2
XP_028125758.2	XP_028125758.2
XP_028128847.1	XP_028128847.1
XP_028128848.1	XP_028128848.1
XP_028133499.2	XP_028133499.2
XP_028133507.1	XP_028133507.1
XP_028136681.1	XP_028136681.1
XP_028155649.1	XP_028155649.1
XP_028155650.1	XP_028155650.1
XP_028155931.1	XP_028155931.1
XP_028155935.1	XP_028155935.1
XP_028155940.1	XP_028155940.1
XP_028155941.1	XP_028155941.1
XP_028171154.1	XP_028171154.1
XP_028173180.1	XP_028173180.1
XP_028178731.1	XP_028178731.1
XP_028191198.1	XP_028191198.1
XP_028215568.1	XP_028215568.1
XP_028215571.1	XP_028215571.1
XP_028215573.1	XP_028215573.1
XP_028224132.1	XP_028224132.1
XP_028236517.1	XP_028236517.1
XP_028255783.1	XP_028255783.1
XP_028255784.1	XP_028255784.1
XP_028255785.1	XP_028255785.1
XP_028255786.1	XP_028255786.1
XP_028257771.1	XP_028257771.1
XP_028259272.1	XP_028259272.1
XP_028270195.1	XP_028270195.1
XP_028270329.1	XP_028270329.1
XP_028281118.1	XP_028281118.1
XP_028286886.1	XP_028286886.1
XP_028288542.1	XP_028288542.1
XP_028288543.1	XP_028288543.1
XP_028290507.1	XP_028290507.1
XP_028290869.1	XP_028290869.1
XP_028299664.1	XP_028299664.1
XP_028312415.1	XP_028312415.1
XP_028312416.1	XP_028312416.1
XP_028313520.1	XP_028313520.1
XP_028313521.1	XP_028313521.1
XP_028313522.1	XP_028313522.1
XP_028317689.1	XP_028317689.1
XP_028317690.1	XP_028317690.1
XP_028317691.1	XP_028317691.1
XP_028327423.1	XP_028327423.1
XP_028331786.1	XP_028331786.1
XP_028331788.1	XP_028331788.1
XP_028331844.1	XP_028331844.1
XP_028332219.1	XP_028332219.1
XP_028332220.1	XP_028332220.1
XP_028333757.1	XP_028333757.1
XP_028345191.1	XP_028345191.1
XP_028345192.1	XP_028345192.1
XP_028345193.1	XP_028345193.1
XP_028345194.1	XP_028345194.1
XP_028348824.1	XP_028348824.1
XP_028348827.1	XP_028348827.1
XP_028348828.1	XP_028348828.1
XP_028348829.1	XP_028348829.1
XP_028349909.2	XP_028349909.2
XP_028350966.1	XP_028350966.1
XP_028357888.1	XP_028357888.1
XP_028363057.1	XP_028363057.1
XP_028363064.1	XP_028363064.1
XP_028363222.1	XP_028363222.1
XP_028366905.1	XP_028366905.1
XP_028366906.1	XP_028366906.1
XP_028371246.1	XP_028371246.1
XP_028371257.1	XP_028371257.1
XP_028371737.1	XP_028371737.1
XP_028392736.1	XP_028392736.1
XP_028401105.1	XP_028401105.1
XP_028405404.1	XP_028405404.1
XP_028406866.1	XP_028406866.1
XP_028411518.1	XP_028411518.1
XP_028411541.1	XP_028411541.1
XP_028414747.1	XP_028414747.1
XP_028414758.1	XP_028414758.1
XP_028415805.1	XP_028415805.1
XP_028424477.1	XP_028424477.1
XP_028425233.1	XP_028425233.1
XP_028425234.1	XP_028425234.1
XP_028433401.1	XP_028433401.1
XP_028433402.1	XP_028433402.1
XP_028433834.1	XP_028433834.1
XP_028434283.1	XP_028434283.1
XP_028437335.1	XP_028437335.1
XP_028437336.1	XP_028437336.1
XP_028443137.1	XP_028443137.1
XP_028443140.1	XP_028443140.1
XP_028452677.1	XP_028452677.1
XP_028468794.1	XP_028468794.1
XP_028469653.1	XP_028469653.1
XP_028474173.1	XP_028474173.1
XP_028478043.1	XP_028478043.1
XP_028478388.1	XP_028478388.1
XP_028485814.1	XP_028485814.1
XP_028489247.1	XP_028489247.1
XP_028491898.1	XP_028491898.1
XP_028494641.1	XP_028494641.1
XP_028505099.1	XP_028505099.1
XP_028510846.1	XP_028510846.1
XP_028511292.1	XP_028511292.1
XP_028526400.1	XP_028526400.1
XP_028527034.1	XP_028527034.1
XP_028527860.1	XP_028527860.1
XP_028529769.1	XP_028529769.1
XP_028532713.1	XP_028532713.1
XP_028534750.1	XP_028534750.1
XP_028535216.1	XP_028535216.1
XP_028535276.1	XP_028535276.1
XP_028538500.1	XP_028538500.1
XP_028539494.1	XP_028539494.1
XP_028539999.1	XP_028539999.1
XP_028543167.1	XP_028543167.1
XP_028544833.1	XP_028544833.1
XP_028546239.1	XP_028546239.1
XP_028546294.1	XP_028546294.1
XP_028553785.1	XP_028553785.1
XP_028565863.2	XP_028565863.2
XP_028589308.2	XP_028589308.2
XP_028594258.2	XP_028594258.2
XP_028596034.1	XP_028596034.1
XP_028596035.1	XP_028596035.1
XP_028604193.2	XP_028604193.2
XP_028605120.2	XP_028605120.2
XP_028611352.1	XP_028611352.1
XP_028611353.1	XP_028611353.1
XP_028615913.1	XP_028615913.1
XP_028615915.1	XP_028615915.1
XP_028615916.1	XP_028615916.1
XP_028628019.1	XP_028628019.1
XP_028628022.1	XP_028628022.1
XP_028628024.1	XP_028628024.1
XP_028628025.1	XP_028628025.1
XP_028628026.1	XP_028628026.1
XP_028633315.1	XP_028633315.1
XP_028634034.1	XP_028634034.1
XP_028634035.1	XP_028634035.1
XP_028638590.1	XP_028638590.1
XP_028641107.1	XP_028641107.1
XP_028641112.1	XP_028641112.1
XP_028641120.1	XP_028641120.1
XP_028641129.1	XP_028641129.1
XP_028641138.1	XP_028641138.1
XP_028641147.1	XP_028641147.1
XP_028660175.1	XP_028660175.1
XP_028665097.1	XP_028665097.1
XP_028666694.2	XP_028666694.2
XP_028666695.2	XP_028666695.2
XP_028666696.2	XP_028666696.2
XP_028673801.1	XP_028673801.1
XP_028674915.2	XP_028674915.2
XP_028689173.2	XP_028689173.2
XP_028689614.1	XP_028689614.1
XP_028689616.1	XP_028689616.1
XP_028691133.1	XP_028691133.1
XP_028711796.1	XP_028711796.1
XP_028713771.1	XP_028713771.1
XP_028729516.1	XP_028729516.1
XP_028729517.1	XP_028729517.1
XP_028744453.1	XP_028744453.1
XP_028744460.1	XP_028744460.1
XP_028744468.1	XP_028744468.1
XP_028744474.1	XP_028744474.1
XP_028744477.1	XP_028744477.1
XP_028744488.1	XP_028744488.1
XP_028747669.1	XP_028747669.1
XP_028749515.1	XP_028749515.1
XP_028749518.1	XP_028749518.1
XP_028749520.1	XP_028749520.1
XP_028769072.1	XP_028769072.1
XP_028770798.1	XP_028770798.1
XP_028770813.1	XP_028770813.1
XP_028770821.1	XP_028770821.1
XP_028776140.1	XP_028776140.1
XP_028776142.1	XP_028776142.1
XP_028776143.1	XP_028776143.1
XP_028783921.1	XP_028783921.1
XP_028811985.1	XP_028811985.1
XP_028820442.1	XP_028820442.1
XP_028824395.1	XP_028824395.1
XP_028825484.1	XP_028825484.1
XP_028851116.1	XP_028851116.1
XP_028853007.1	XP_028853007.1
XP_028856684.1	XP_028856684.1
XP_028861161.1	XP_028861161.1
XP_028863006.1	XP_028863006.1
XP_028864510.1	XP_028864510.1
XP_028864565.1	XP_028864565.1
XP_028865173.1	XP_028865173.1
XP_028868523.1	XP_028868523.1
XP_028868549.1	XP_028868549.1
XP_028870753.1	XP_028870753.1
XP_028870814.1	XP_028870814.1
XP_028876048.1	XP_028876048.1
XP_028876677.1	XP_028876677.1
XP_028878209.1	XP_028878209.1
XP_028879257.1	XP_028879257.1
XP_028880346.1	XP_028880346.1
XP_028881385.1	XP_028881385.1
XP_028881717.1	XP_028881717.1
XP_028883089.1	XP_028883089.1
XP_028883795.1	XP_028883795.1
XP_028888976.2	XP_028888976.2
XP_028897758.1	XP_028897758.1
XP_028909820.1	XP_028909820.1
XP_028909821.1	XP_028909821.1
XP_028914892.1	XP_028914892.1
XP_028922845.1	XP_028922845.1
XP_028930986.1	XP_028930986.1
XP_028930987.1	XP_028930987.1
XP_028939219.1	XP_028939219.1
XP_028939220.1	XP_028939220.1
XP_028939221.1	XP_028939221.1
XP_028939222.1	XP_028939222.1
XP_028957313.1	XP_028957313.1
XP_028967003.1	XP_028967003.1
XP_028967712.1	XP_028967712.1
XP_028967980.1	XP_028967980.1
XP_028978708.2	XP_028978708.2
XP_028978709.2	XP_028978709.2
XP_028980215.2	XP_028980215.2
XP_028980216.2	XP_028980216.2
XP_028980217.2	XP_028980217.2
XP_028980218.1	XP_028980218.1
XP_028985237.1	XP_028985237.1
XP_028989116.1	XP_028989116.1
XP_029001012.1	XP_029001012.1
XP_029003598.1	XP_029003598.1
XP_029003599.1	XP_029003599.1
XP_029004135.1	XP_029004135.1
XP_029016724.1	XP_029016724.1
XP_029016725.1	XP_029016725.1
XP_029017640.1	XP_029017640.1
XP_029023421.1	XP_029023421.1
XP_029039049.1	XP_029039049.1
XP_029039052.1	XP_029039052.1
XP_029040542.2	XP_029040542.2
XP_029040543.1	XP_029040543.1
XP_029048339.1	XP_029048339.1
XP_029049663.1	XP_029049663.1
XP_029049668.1	XP_029049668.1
XP_029049669.1	XP_029049669.1
XP_029049670.1	XP_029049670.1
XP_029052025.1	XP_029052025.1
XP_029059025.1	XP_029059025.1
XP_029059027.1	XP_029059027.1
XP_029059028.1	XP_029059028.1
XP_029059029.1	XP_029059029.1
XP_029063741.1	XP_029063741.1
XP_029063748.1	XP_029063748.1
XP_029065369.1	XP_029065369.1
XP_029073229.1	XP_029073229.1
XP_029073231.1	XP_029073231.1
XP_029083285.1	XP_029083285.1
XP_029083286.1	XP_029083286.1
XP_029083287.1	XP_029083287.1
XP_029083288.1	XP_029083288.1
XP_029083289.1	XP_029083289.1
XP_029083290.1	XP_029083290.1
XP_029083292.1	XP_029083292.1
XP_029083293.1	XP_029083293.1
XP_029083294.1	XP_029083294.1
XP_029083295.1	XP_029083295.1
XP_029095357.1	XP_029095357.1
XP_029109594.1	XP_029109594.1
XP_029122609.1	XP_029122609.1
XP_029124988.1	XP_029124988.1
XP_029128398.2	XP_029128398.2
XP_029140976.1	XP_029140976.1
XP_029156461.1	XP_029156461.1
XP_029159850.1	XP_029159850.1
XP_029175283.1	XP_029175283.1
XP_029175284.1	XP_029175284.1
XP_029175879.1	XP_029175879.1
XP_029175880.1	XP_029175880.1
XP_029175881.1	XP_029175881.1
XP_029175882.1	XP_029175882.1
XP_029175883.1	XP_029175883.1
XP_029177605.1	XP_029177605.1
XP_029184746.2	XP_029184746.2
XP_029187252.2	XP_029187252.2
XP_029189525.2	XP_029189525.2
XP_029191114.2	XP_029191114.2
XP_029194937.2	XP_029194937.2
XP_029194938.2	XP_029194938.2
XP_029215226.1	XP_029215226.1
XP_029215358.1	XP_029215358.1
XP_029217206.1	XP_029217206.1
XP_029224764.1	XP_029224764.1
XP_029226510.1	XP_029226510.1
XP_029227808.1	XP_029227808.1
XP_029229998.1	XP_029229998.1
XP_029230401.1	XP_029230401.1
XP_029230812.1	XP_029230812.1
XP_029232468.1	XP_029232468.1
XP_029235584.1	XP_029235584.1
XP_029235669.1	XP_029235669.1
XP_029236470.1	XP_029236470.1
XP_029236592.1	XP_029236592.1
XP_029238828.1	XP_029238828.1
XP_029239260.1	XP_029239260.1
XP_029240990.1	XP_029240990.1
XP_029282945.1	XP_029282945.1
XP_029285314.1	XP_029285314.1
XP_029295582.1	XP_029295582.1
XP_029295940.1	XP_029295940.1
XP_029295943.1	XP_029295943.1
XP_029308204.1	XP_029308204.1
XP_029308205.1	XP_029308205.1
XP_029313074.1	XP_029313074.1
XP_029313579.1	XP_029313579.1
XP_029313581.1	XP_029313581.1
XP_029313582.1	XP_029313582.1
XP_029320809.1	XP_029320809.1
XP_029324095.1	XP_029324095.1
XP_029324473.1	XP_029324473.1
XP_029324476.1	XP_029324476.1
XP_029327815.1	XP_029327815.1
XP_029327816.1	XP_029327816.1
XP_029332660.1	XP_029332660.1
XP_029332661.1	XP_029332661.1
XP_029336334.1	XP_029336334.1
XP_029344379.1	XP_029344379.1
XP_029346101.1	XP_029346101.1
XP_029354936.1	XP_029354936.1
XP_029356370.1	XP_029356370.1
XP_029360167.1	XP_029360167.1
XP_029360168.1	XP_029360168.1
XP_029366270.1	XP_029366270.1
XP_029366271.1	XP_029366271.1
XP_029367291.1	XP_029367291.1
XP_029367292.1	XP_029367292.1
XP_029370613.1	XP_029370613.1
XP_029383753.1	XP_029383753.1
XP_029385079.1	XP_029385079.1
XP_029395321.1	XP_029395321.1
XP_029395325.1	XP_029395325.1
XP_029395326.1	XP_029395326.1
XP_029395327.1	XP_029395327.1
XP_029395328.1	XP_029395328.1
XP_029399864.1	XP_029399864.1
XP_029403032.1	XP_029403032.1
XP_029403182.1	XP_029403182.1
XP_029403185.1	XP_029403185.1
XP_029403186.1	XP_029403186.1
XP_029410641.1	XP_029410641.1
XP_029417063.1	XP_029417063.1
XP_029417064.1	XP_029417064.1
XP_029417065.1	XP_029417065.1
XP_029417066.1	XP_029417066.1
XP_029417125.1	XP_029417125.1
XP_029419363.1	XP_029419363.1
XP_029421468.1	XP_029421468.1
XP_029431431.1	XP_029431431.1
XP_029431438.1	XP_029431438.1
XP_029431445.1	XP_029431445.1
XP_029431452.1	XP_029431452.1
XP_029444482.1	XP_029444482.1
XP_029445869.1	XP_029445869.1
XP_029445870.1	XP_029445870.1
XP_029445871.1	XP_029445871.1
XP_029445872.1	XP_029445872.1
XP_029464371.1	XP_029464371.1
XP_029464372.1	XP_029464372.1
XP_029470736.1	XP_029470736.1
XP_029470737.1	XP_029470737.1
XP_029472956.1	XP_029472956.1
XP_029474682.1	XP_029474682.1
XP_029474683.1	XP_029474683.1
XP_029474684.1	XP_029474684.1
XP_029474685.1	XP_029474685.1
XP_029474686.1	XP_029474686.1
XP_029474687.1	XP_029474687.1
XP_029482568.2	XP_029482568.2
XP_029485197.1	XP_029485197.1
XP_029485198.1	XP_029485198.1
XP_029489036.2	XP_029489036.2
XP_029494525.1	XP_029494525.1
XP_029495442.1	XP_029495442.1
XP_029497605.1	XP_029497605.1
XP_029497606.1	XP_029497606.1
XP_029514413.1	XP_029514413.1
XP_029514415.1	XP_029514415.1
XP_029518960.2	XP_029518960.2
XP_029518961.2	XP_029518961.2
XP_029523340.1	XP_029523340.1
XP_029552921.1	XP_029552921.1
XP_029555318.1	XP_029555318.1
XP_029563730.1	XP_029563730.1
XP_029563731.1	XP_029563731.1
XP_029563732.1	XP_029563732.1
XP_029563733.1	XP_029563733.1
XP_029564659.1	XP_029564659.1
XP_029564668.1	XP_029564668.1
XP_029573950.1	XP_029573950.1
XP_029573951.1	XP_029573951.1
XP_029573952.1	XP_029573952.1
XP_029576929.1	XP_029576929.1
XP_029578091.1	XP_029578091.1
XP_029588129.1	XP_029588129.1
XP_029588130.1	XP_029588130.1
XP_029588131.1	XP_029588131.1
XP_029590897.1	XP_029590897.1
XP_029590898.1	XP_029590898.1
XP_029590899.1	XP_029590899.1
XP_029606439.1	XP_029606439.1
XP_029606441.1	XP_029606441.1
XP_029614997.1	XP_029614997.1
XP_029619733.1	XP_029619733.1
XP_029619734.1	XP_029619734.1
XP_029623704.1	XP_029623704.1
XP_029634137.1	XP_029634137.1
XP_029634138.1	XP_029634138.1
XP_029634709.1	XP_029634709.1
XP_029647154.1	XP_029647154.1
XP_029666814.1	XP_029666814.1
XP_029666979.1	XP_029666979.1
XP_029666981.1	XP_029666981.1
XP_029666982.1	XP_029666982.1
XP_029671994.1	XP_029671994.1
XP_029679562.1	XP_029679562.1
XP_029680946.1	XP_029680946.1
XP_029680998.1	XP_029680998.1
XP_029685992.1	XP_029685992.1
XP_029685993.1	XP_029685993.1
XP_029685994.1	XP_029685994.1
XP_029685995.1	XP_029685995.1
XP_029687618.1	XP_029687618.1
XP_029698558.1	XP_029698558.1
XP_029700635.1	XP_029700635.1
XP_029719960.2	XP_029719960.2
XP_029736934.1	XP_029736934.1
XP_029737194.1	XP_029737194.1
XP_029740554.1	XP_029740554.1
XP_029744675.1	XP_029744675.1
XP_029747116.1	XP_029747116.1
XP_029751375.1	XP_029751375.1
XP_029764743.1	XP_029764743.1
XP_029765512.1	XP_029765512.1
XP_029771306.1	XP_029771306.1
XP_029776887.1	XP_029776887.1
XP_029776893.1	XP_029776893.1
XP_029776894.1	XP_029776894.1
XP_029781217.1	XP_029781217.1
XP_029781218.1	XP_029781218.1
XP_029796949.1	XP_029796949.1
XP_029796950.1	XP_029796950.1
XP_029798351.1	XP_029798351.1
XP_029798354.1	XP_029798354.1
XP_029801993.1	XP_029801993.1
XP_029801997.1	XP_029801997.1
XP_029801998.1	XP_029801998.1
XP_029801999.1	XP_029801999.1
XP_029802000.1	XP_029802000.1
XP_029802001.1	XP_029802001.1
XP_029802002.1	XP_029802002.1
XP_029802003.1	XP_029802003.1
XP_029810571.1	XP_029810571.1
XP_029810572.1	XP_029810572.1
XP_029826435.2	XP_029826435.2
XP_029826437.2	XP_029826437.2
XP_029826984.2	XP_029826984.2
XP_029826986.2	XP_029826986.2
XP_029826987.2	XP_029826987.2
XP_029828615.2	XP_029828615.2
XP_029838900.2	XP_029838900.2
XP_029844203.2	XP_029844203.2
XP_029844204.2	XP_029844204.2
XP_029844205.2	XP_029844205.2
XP_029859400.1	XP_029859400.1
XP_029859401.1	XP_029859401.1
XP_029860669.1	XP_029860669.1
XP_029860670.1	XP_029860670.1
XP_029860671.1	XP_029860671.1
XP_029860676.1	XP_029860676.1
XP_029864786.1	XP_029864786.1
XP_029881389.2	XP_029881389.2
XP_029890075.1	XP_029890075.1
XP_029890078.2	XP_029890078.2
XP_029897657.1	XP_029897657.1
XP_029897658.1	XP_029897658.1
XP_029897659.1	XP_029897659.1
XP_029897660.1	XP_029897660.1
XP_029897662.1	XP_029897662.1
XP_029905209.1	XP_029905209.1
XP_029915973.1	XP_029915973.1
XP_029916247.1	XP_029916247.1
XP_029916248.1	XP_029916248.1
XP_029920311.1	XP_029920311.1
XP_029920312.1	XP_029920312.1
XP_029927716.1	XP_029927716.1
XP_029934353.1	XP_029934353.1
XP_029935687.1	XP_029935687.1
XP_029937053.1	XP_029937053.1
XP_029943097.1	XP_029943097.1
XP_029945134.1	XP_029945134.1
XP_029954163.1	XP_029954163.1
XP_029955866.1	XP_029955866.1
XP_029958489.1	XP_029958489.1
XP_029960124.1	XP_029960124.1
XP_029961548.1	XP_029961548.1
XP_029976777.1	XP_029976777.1
XP_029976778.1	XP_029976778.1
XP_029976779.1	XP_029976779.1
XP_029977470.1	XP_029977470.1
XP_029985450.1	XP_029985450.1
XP_029985452.1	XP_029985452.1
XP_029985453.1	XP_029985453.1
XP_029985454.1	XP_029985454.1
XP_029985614.1	XP_029985614.1
XP_029985615.1	XP_029985615.1
XP_029998444.1	XP_029998444.1
XP_030000069.1	XP_030000069.1
XP_030003454.1	XP_030003454.1
XP_030003455.1	XP_030003455.1
XP_030014357.1	XP_030014357.1
XP_030014358.1	XP_030014358.1
XP_030019035.1	XP_030019035.1
XP_030028326.2	XP_030028326.2
XP_030028578.2	XP_030028578.2
XP_030028580.1	XP_030028580.1
XP_030028585.2	XP_030028585.2
XP_030028594.2	XP_030028594.2
XP_030034085.2	XP_030034085.2
XP_030047802.1	XP_030047802.1
XP_030049089.1	XP_030049089.1
XP_030049546.1	XP_030049546.1
XP_030055127.1	XP_030055127.1
XP_030060214.1	XP_030060214.1
XP_030060215.1	XP_030060215.1
XP_030061280.1	XP_030061280.1
XP_030061290.1	XP_030061290.1
XP_030061317.1	XP_030061317.1
XP_030061318.1	XP_030061318.1
XP_030076099.1	XP_030076099.1
XP_030076100.1	XP_030076100.1
XP_030076102.1	XP_030076102.1
XP_030080107.1	XP_030080107.1
XP_030082225.2	XP_030082225.2
XP_030082227.2	XP_030082227.2
XP_030083614.1	XP_030083614.1
XP_030084714.2	XP_030084714.2
XP_030092520.2	XP_030092520.2
XP_030106934.1	XP_030106934.1
XP_030114338.4	XP_030114338.4
XP_030114457.4	XP_030114457.4
XP_030114458.4	XP_030114458.4
XP_030120290.4	XP_030120290.4
XP_030121574.1	XP_030121574.1
XP_030121575.1	XP_030121575.1
XP_030121576.1	XP_030121576.1
XP_030134628.4	XP_030134628.4
XP_030134630.4	XP_030134630.4
XP_030138093.1	XP_030138093.1
XP_030148831.1	XP_030148831.1
XP_030153906.1	XP_030153906.1
XP_030153907.1	XP_030153907.1
XP_030179565.1	XP_030179565.1
XP_030180463.1	XP_030180463.1
XP_030180466.1	XP_030180466.1
XP_030180467.1	XP_030180467.1
XP_030180468.1	XP_030180468.1
XP_030180469.1	XP_030180469.1
XP_030180470.1	XP_030180470.1
XP_030180471.1	XP_030180471.1
XP_030180472.1	XP_030180472.1
XP_030180473.1	XP_030180473.1
XP_030180474.1	XP_030180474.1
XP_030187564.1	XP_030187564.1
XP_030188636.1	XP_030188636.1
XP_030188642.1	XP_030188642.1
XP_030196598.1	XP_030196598.1
XP_030202940.1	XP_030202940.1
XP_030204960.1	XP_030204960.1
XP_030204961.1	XP_030204961.1
XP_030213892.1	XP_030213892.1
XP_030213893.1	XP_030213893.1
XP_030213894.1	XP_030213894.1
XP_030213896.1	XP_030213896.1
XP_030214736.1	XP_030214736.1
XP_030214738.1	XP_030214738.1
XP_030226048.1	XP_030226048.1
XP_030228538.1	XP_030228538.1
XP_030233662.1	XP_030233662.1
XP_030240712.1	XP_030240712.1
XP_030243867.1	XP_030243867.1
XP_030245235.1	XP_030245235.1
XP_030245663.1	XP_030245663.1
XP_030249804.1	XP_030249804.1
XP_030249805.1	XP_030249805.1
XP_030249806.1	XP_030249806.1
XP_030254625.1	XP_030254625.1
XP_030256713.1	XP_030256713.1
XP_030267637.1	XP_030267637.1
XP_030267638.1	XP_030267638.1
XP_030271301.1	XP_030271301.1
XP_030272048.1	XP_030272048.1
XP_030272526.1	XP_030272526.1
XP_030289691.1	XP_030289691.1
XP_030289693.1	XP_030289693.1
XP_030289728.1	XP_030289728.1
XP_030289730.1	XP_030289730.1
XP_030300858.1	XP_030300858.1
XP_030301820.1	XP_030301820.1
XP_030301821.1	XP_030301821.1
XP_030310908.1	XP_030310908.1
XP_030310910.1	XP_030310910.1
XP_030313615.1	XP_030313615.1
XP_030323346.1	XP_030323346.1
XP_030323618.1	XP_030323618.1
XP_030323619.1	XP_030323619.1
XP_030323620.1	XP_030323620.1
XP_030323621.1	XP_030323621.1
XP_030323623.1	XP_030323623.1
XP_030326764.1	XP_030326764.1
XP_030326769.1	XP_030326769.1
XP_030326770.1	XP_030326770.1
XP_030326941.1	XP_030326941.1
XP_030326942.1	XP_030326942.1
XP_030345690.1	XP_030345690.1
XP_030345697.1	XP_030345697.1
XP_030349705.1	XP_030349705.1
XP_030349707.1	XP_030349707.1
XP_030357435.1	XP_030357435.1
XP_030357444.1	XP_030357444.1
XP_030364519.1	XP_030364519.1
XP_030364541.1	XP_030364541.1
XP_030364551.1	XP_030364551.1
XP_030364586.1	XP_030364586.1
XP_030366977.1	XP_030366977.1
XP_030368050.1	XP_030368050.1
XP_030368051.1	XP_030368051.1
XP_030371518.1	XP_030371518.1
XP_030371631.1	XP_030371631.1
XP_030371632.1	XP_030371632.1
XP_030372260.1	XP_030372260.1
XP_030372261.1	XP_030372261.1
XP_030375881.1	XP_030375881.1
XP_030378521.1	XP_030378521.1
XP_030378525.1	XP_030378525.1
XP_030378526.1	XP_030378526.1
XP_030378527.1	XP_030378527.1
XP_030379428.1	XP_030379428.1
XP_030386585.1	XP_030386585.1
XP_030386586.1	XP_030386586.1
XP_030386587.1	XP_030386587.1
XP_030386588.1	XP_030386588.1
XP_030386589.1	XP_030386589.1
XP_030406128.1	XP_030406128.1
XP_030406129.1	XP_030406129.1
XP_030407533.1	XP_030407533.1
XP_030407534.1	XP_030407534.1
XP_030407535.1	XP_030407535.1
XP_030407536.1	XP_030407536.1
XP_030422530.1	XP_030422530.1
XP_030422533.1	XP_030422533.1
XP_030423519.1	XP_030423519.1
XP_030423521.1	XP_030423521.1
XP_030423522.1	XP_030423522.1
XP_030423523.1	XP_030423523.1
XP_030425050.1	XP_030425050.1
XP_030427312.1	XP_030427312.1
XP_030427315.1	XP_030427315.1
XP_030438128.1	XP_030438128.1
XP_030438129.1	XP_030438129.1
XP_030451241.1	XP_030451241.1
XP_030457301.2	XP_030457301.2
XP_030469770.1	XP_030469770.1
XP_030469773.1	XP_030469773.1
XP_030488952.2	XP_030488952.2
XP_030490206.2	XP_030490206.2
XP_030511929.1	XP_030511929.1
XP_030517185.1	XP_030517185.1
XP_030534566.1	XP_030534566.1
XP_030535287.1	XP_030535287.1
XP_030550273.1	XP_030550273.1
XP_030556408.1	XP_030556408.1
XP_030563298.1	XP_030563298.1
XP_030566115.1	XP_030566115.1
XP_030566724.1	XP_030566724.1
XP_030573258.1	XP_030573258.1
XP_030580409.1	XP_030580409.1
XP_030584201.1	XP_030584201.1
XP_030593543.1	XP_030593543.1
XP_030593881.1	XP_030593881.1
XP_030596209.1	XP_030596209.1
XP_030610897.1	XP_030610897.1
XP_030610898.1	XP_030610898.1
XP_030612615.1	XP_030612615.1
XP_030615314.1	XP_030615314.1
XP_030621713.1	XP_030621713.1
XP_030630842.1	XP_030630842.1
XP_030631588.1	XP_030631588.1
XP_030632495.1	XP_030632495.1
XP_030639091.1	XP_030639091.1
XP_030641823.1	XP_030641823.1
XP_030645237.1	XP_030645237.1
XP_030647196.1	XP_030647196.1
XP_030653154.1	XP_030653154.1
XP_030653157.1	XP_030653157.1
XP_030653164.1	XP_030653164.1
XP_030654442.1	XP_030654442.1
XP_030656419.1	XP_030656419.1
XP_030656421.1	XP_030656421.1
XP_030656428.1	XP_030656428.1
XP_030656435.1	XP_030656435.1
XP_030656441.1	XP_030656441.1
XP_030656448.1	XP_030656448.1
XP_030665077.1	XP_030665077.1
XP_030665091.1	XP_030665091.1
XP_030665096.1	XP_030665096.1
XP_030666822.1	XP_030666822.1
XP_030666823.1	XP_030666823.1
XP_030666825.1	XP_030666825.1
XP_030669762.1	XP_030669762.1
XP_030674668.1	XP_030674668.1
XP_030674669.1	XP_030674669.1
XP_030674670.1	XP_030674670.1
XP_030674671.1	XP_030674671.1
XP_030674672.1	XP_030674672.1
XP_030674673.1	XP_030674673.1
XP_030688206.2	XP_030688206.2
XP_030688708.1	XP_030688708.1
XP_030688890.1	XP_030688890.1
XP_030688891.1	XP_030688891.1
XP_030689789.2	XP_030689789.2
XP_030689790.2	XP_030689790.2
XP_030712473.2	XP_030712473.2
XP_030725998.2	XP_030725998.2
XP_030726000.2	XP_030726000.2
XP_030726001.2	XP_030726001.2
XP_030726003.2	XP_030726003.2
XP_030726004.2	XP_030726004.2
XP_030726005.2	XP_030726005.2
XP_030747194.1	XP_030747194.1
XP_030747195.1	XP_030747195.1
XP_030752263.1	XP_030752263.1
XP_030752264.1	XP_030752264.1
XP_030759025.1	XP_030759025.1
XP_030759027.1	XP_030759027.1
XP_030763799.1	XP_030763799.1
XP_030763803.1	XP_030763803.1
XP_030766300.1	XP_030766300.1
XP_030775158.1	XP_030775158.1
XP_030775159.1	XP_030775159.1
XP_030775160.1	XP_030775160.1
XP_030775161.1	XP_030775161.1
XP_030781213.1	XP_030781213.1
XP_030781214.1	XP_030781214.1
XP_030781215.1	XP_030781215.1
XP_030781216.1	XP_030781216.1
XP_030797807.1	XP_030797807.1
XP_030797810.1	XP_030797810.1
XP_030797811.1	XP_030797811.1
XP_030797812.1	XP_030797812.1
XP_030797813.1	XP_030797813.1
XP_030808992.1	XP_030808992.1
XP_030811772.1	XP_030811772.1
XP_030824178.1	XP_030824178.1
XP_030824265.1	XP_030824265.1
XP_030824274.1	XP_030824274.1
XP_030824283.1	XP_030824283.1
XP_030824292.1	XP_030824292.1
XP_030825776.1	XP_030825776.1
XP_030827727.1	XP_030827727.1
XP_030827966.1	XP_030827966.1
XP_030831737.1	XP_030831737.1
XP_030833126.1	XP_030833126.1
XP_030852754.1	XP_030852754.1
XP_030852755.1	XP_030852755.1
XP_030858742.2	XP_030858742.2
XP_030858743.2	XP_030858743.2
XP_030858744.2	XP_030858744.2
XP_030866361.2	XP_030866361.2
XP_030871433.1	XP_030871433.1
XP_030872336.3	XP_030872336.3
XP_030893831.1	XP_030893831.1
XP_030893838.1	XP_030893838.1
XP_030893839.1	XP_030893839.1
XP_030906660.1	XP_030906660.1
XP_030906662.1	XP_030906662.1
XP_030907402.2	XP_030907402.2
XP_030908710.2	XP_030908710.2
XP_030908711.2	XP_030908711.2
XP_030908712.2	XP_030908712.2
XP_030908713.2	XP_030908713.2
XP_030914437.1	XP_030914437.1
XP_030917340.1	XP_030917340.1
XP_030918038.1	XP_030918038.1
XP_030918039.1	XP_030918039.1
XP_030918625.1	XP_030918625.1
XP_030929015.1	XP_030929015.1
XP_030929281.1	XP_030929281.1
XP_030929283.1	XP_030929283.1
XP_030929284.1	XP_030929284.1
XP_030929285.1	XP_030929285.1
XP_030929286.1	XP_030929286.1
XP_030929288.1	XP_030929288.1
XP_030929289.1	XP_030929289.1
XP_030930146.1	XP_030930146.1
XP_030931541.1	XP_030931541.1
XP_030949394.1	XP_030949394.1
XP_030976374.1	XP_030976374.1
XP_030980345.1	XP_030980345.1
XP_030984764.1	XP_030984764.1
XP_030992807.1	XP_030992807.1
XP_030996722.1	XP_030996722.1
XP_031000465.1	XP_031000465.1
XP_031001827.1	XP_031001827.1
XP_031004500.1	XP_031004500.1
XP_031016316.1	XP_031016316.1
XP_031021331.1	XP_031021331.1
XP_031023286.1	XP_031023286.1
XP_031025970.1	XP_031025970.1
XP_031026930.1	XP_031026930.1
XP_031033992.2	XP_031033992.2
XP_031041423.2	XP_031041423.2
XP_031058667.1	XP_031058667.1
XP_031067938.1	XP_031067938.1
XP_031074665.1	XP_031074665.1
XP_031087982.1	XP_031087982.1
XP_031093097.1	XP_031093097.1
XP_031093927.1	XP_031093927.1
XP_031093928.1	XP_031093928.1
XP_031094696.1	XP_031094696.1
XP_031094697.1	XP_031094697.1
XP_031116137.1	XP_031116137.1
XP_031120101.1	XP_031120101.1
XP_031130782.1	XP_031130782.1
XP_031137432.1	XP_031137432.1
XP_031138200.2	XP_031138200.2
XP_031138202.1	XP_031138202.1
XP_031142948.1	XP_031142948.1
XP_031142949.1	XP_031142949.1
XP_031147098.1	XP_031147098.1
XP_031154094.1	XP_031154094.1
XP_031154095.1	XP_031154095.1
XP_031154502.1	XP_031154502.1
XP_031161561.1	XP_031161561.1
XP_031164985.1	XP_031164985.1
XP_031196620.1	XP_031196620.1
XP_031196621.1	XP_031196621.1
XP_031196622.1	XP_031196622.1
XP_031196623.1	XP_031196623.1
XP_031196624.1	XP_031196624.1
XP_031196625.1	XP_031196625.1
XP_031215882.1	XP_031215882.1
XP_031215883.1	XP_031215883.1
XP_031216370.1	XP_031216370.1
XP_031216372.1	XP_031216372.1
XP_031220725.1	XP_031220725.1
XP_031220726.1	XP_031220726.1
XP_031220727.1	XP_031220727.1
XP_031233986.1	XP_031233986.1
XP_031245472.1	XP_031245472.1
XP_031267741.1	XP_031267741.1
XP_031268169.1	XP_031268169.1
XP_031273982.1	XP_031273982.1
XP_031284064.1	XP_031284064.1
XP_031298920.2	XP_031298920.2
XP_031303182.1	XP_031303182.1
XP_031303190.1	XP_031303190.1
XP_031303194.1	XP_031303194.1
XP_031320991.2	XP_031320991.2
XP_031320993.2	XP_031320993.2
XP_031320994.2	XP_031320994.2
XP_031320996.2	XP_031320996.2
XP_031320997.2	XP_031320997.2
XP_031320998.2	XP_031320998.2
XP_031320999.2	XP_031320999.2
XP_031321000.2	XP_031321000.2
XP_031321001.2	XP_031321001.2
XP_031327864.1	XP_031327864.1
XP_031333601.1	XP_031333601.1
XP_031339382.1	XP_031339382.1
XP_031339454.1	XP_031339454.1
XP_031339455.1	XP_031339455.1
XP_031339456.1	XP_031339456.1
XP_031340714.1	XP_031340714.1
XP_031357852.1	XP_031357852.1
XP_031367670.1	XP_031367670.1
XP_031369255.1	XP_031369255.1
XP_031369256.1	XP_031369256.1
XP_031370336.1	XP_031370336.1
XP_031383996.1	XP_031383996.1
XP_031386877.1	XP_031386877.1
XP_031402610.1	XP_031402610.1
XP_031406003.1	XP_031406003.1
XP_031426923.1	XP_031426923.1
XP_031430303.1	XP_031430303.1
XP_031430304.1	XP_031430304.1
XP_031441647.1	XP_031441647.1
XP_031445053.1	XP_031445053.1
XP_031445054.1	XP_031445054.1
XP_031458294.1	XP_031458294.1
XP_031458297.1	XP_031458297.1
XP_031458349.1	XP_031458349.1
XP_031458367.1	XP_031458367.1
XP_031458375.1	XP_031458375.1
XP_031462964.1	XP_031462964.1
XP_031466042.1	XP_031466042.1
XP_031466044.1	XP_031466044.1
XP_031471948.1	XP_031471948.1
XP_031494537.1	XP_031494537.1
XP_031495245.1	XP_031495245.1
XP_031497641.1	XP_031497641.1
XP_031497645.1	XP_031497645.1
XP_031497646.1	XP_031497646.1
XP_031508283.1	XP_031508283.1
XP_031509501.1	XP_031509501.1
XP_031509502.1	XP_031509502.1
XP_031509935.1	XP_031509935.1
XP_031509938.1	XP_031509938.1
XP_031509939.1	XP_031509939.1
XP_031509941.1	XP_031509941.1
XP_031509942.1	XP_031509942.1
XP_031509943.1	XP_031509943.1
XP_031509944.1	XP_031509944.1
XP_031524627.1	XP_031524627.1
XP_031524639.1	XP_031524639.1
XP_031524640.1	XP_031524640.1
XP_031524643.1	XP_031524643.1
XP_031524644.1	XP_031524644.1
XP_031524649.1	XP_031524649.1
XP_031524652.1	XP_031524652.1
XP_031524654.1	XP_031524654.1
XP_031524657.1	XP_031524657.1
XP_031540108.1	XP_031540108.1
XP_031540110.1	XP_031540110.1
XP_031540111.1	XP_031540111.1
XP_031540112.1	XP_031540112.1
XP_031540114.1	XP_031540114.1
XP_031551887.1	XP_031551887.1
XP_031551888.1	XP_031551888.1
XP_031552562.1	XP_031552562.1
XP_031561471.1	XP_031561471.1
XP_031563966.1	XP_031563966.1
XP_031574591.1	XP_031574591.1
XP_031595566.1	XP_031595566.1
XP_031602460.2	XP_031602460.2
XP_031604979.1	XP_031604979.1
XP_031604980.1	XP_031604980.1
XP_031604981.1	XP_031604981.1
XP_031607229.1	XP_031607229.1
XP_031607234.1	XP_031607234.1
XP_031607475.2	XP_031607475.2
XP_031611277.1	XP_031611277.1
XP_031617119.1	XP_031617119.1
XP_031620987.1	XP_031620987.1
XP_031620997.1	XP_031620997.1
XP_031622537.1	XP_031622537.1
XP_031637338.1	XP_031637338.1
XP_031637339.1	XP_031637339.1
XP_031637340.1	XP_031637340.1
XP_031637341.1	XP_031637341.1
XP_031637400.1	XP_031637400.1
XP_031638699.1	XP_031638699.1
XP_031649215.1	XP_031649215.1
XP_031670358.1	XP_031670358.1
XP_031685408.1	XP_031685408.1
XP_031685409.1	XP_031685409.1
XP_031687071.1	XP_031687071.1
XP_031699909.1	XP_031699909.1
XP_031704674.1	XP_031704674.1
XP_031705061.1	XP_031705061.1
XP_031705063.1	XP_031705063.1
XP_031709637.1	XP_031709637.1
XP_031709638.1	XP_031709638.1
XP_031712243.1	XP_031712243.1
XP_031729659.1	XP_031729659.1
XP_031731864.1	XP_031731864.1
XP_031731865.1	XP_031731865.1
XP_031731866.1	XP_031731866.1
XP_031731886.1	XP_031731886.1
XP_031756816.1	XP_031756816.1
XP_031756817.1	XP_031756817.1
XP_031758378.1	XP_031758378.1
XP_031758380.1	XP_031758380.1
XP_031758383.1	XP_031758383.1
XP_031773158.1	XP_031773158.1
XP_031779510.1	XP_031779510.1
XP_031779511.1	XP_031779511.1
XP_031779512.1	XP_031779512.1
XP_031781966.1	XP_031781966.1
XP_031784909.1	XP_031784909.1
XP_031785013.1	XP_031785013.1
XP_031785019.1	XP_031785019.1
XP_031785021.1	XP_031785021.1
XP_031793710.1	XP_031793710.1
XP_031793714.1	XP_031793714.1
XP_031793723.1	XP_031793723.1
XP_031795649.1	XP_031795649.1
XP_031795650.1	XP_031795650.1
XP_031799833.1	XP_031799833.1
XP_031810319.1	XP_031810319.1
XP_031821886.1	XP_031821886.1
XP_031821893.1	XP_031821893.1
XP_031821901.1	XP_031821901.1
XP_031821909.1	XP_031821909.1
XP_031821928.1	XP_031821928.1
XP_031821934.1	XP_031821934.1
XP_031824971.1	XP_031824971.1
XP_031824973.1	XP_031824973.1
XP_031824974.1	XP_031824974.1
XP_031824975.1	XP_031824975.1
XP_031824976.1	XP_031824976.1
XP_031832674.1	XP_031832674.1
XP_031835401.1	XP_031835401.1
XP_031836567.1	XP_031836567.1
XP_031844899.1	XP_031844899.1
XP_031844900.1	XP_031844900.1
XP_031851327.1	XP_031851327.1
XP_031861895.1	XP_031861895.1
XP_031863646.2	XP_031863646.2
XP_031865535.1	XP_031865535.1
XP_031874246.1	XP_031874246.1
XP_031892607.1	XP_031892607.1
XP_031895053.1	XP_031895053.1
XP_031902833.1	XP_031902833.1
XP_031908160.1	XP_031908160.1
XP_031916447.1	XP_031916447.1
XP_031922399.1	XP_031922399.1
XP_031925558.1	XP_031925558.1
XP_031934426.1	XP_031934426.1
XP_031944311.1	XP_031944311.1
XP_031950703.1	XP_031950703.1
XP_031951295.1	XP_031951295.1
XP_031951296.1	XP_031951296.1
XP_031951837.1	XP_031951837.1
XP_031951840.1	XP_031951840.1
XP_031956708.1	XP_031956708.1
XP_031973207.1	XP_031973207.1
XP_031973209.1	XP_031973209.1
XP_031973210.1	XP_031973210.1
XP_031974166.1	XP_031974166.1
XP_031974175.1	XP_031974175.1
XP_031974183.1	XP_031974183.1
XP_031974194.1	XP_031974194.1
XP_031977730.1	XP_031977730.1
XP_031993399.1	XP_031993399.1
XP_031993403.1	XP_031993403.1
XP_032000243.1	XP_032000243.1
XP_032008981.2	XP_032008981.2
XP_032012857.1	XP_032012857.1
XP_032012858.1	XP_032012858.1
XP_032012862.1	XP_032012862.1
XP_032012863.1	XP_032012863.1
XP_032012865.1	XP_032012865.1
XP_032013197.1	XP_032013197.1
XP_032013198.1	XP_032013198.1
XP_032013199.1	XP_032013199.1
XP_032020335.1	XP_032020335.1
XP_032037577.1	XP_032037577.1
XP_032038754.1	XP_032038754.1
XP_032047980.1	XP_032047980.1
XP_032047981.1	XP_032047981.1
XP_032047982.1	XP_032047982.1
XP_032051717.1	XP_032051717.1
XP_032061639.1	XP_032061639.1
XP_032061641.1	XP_032061641.1
XP_032062187.1	XP_032062187.1
XP_032063179.1	XP_032063179.1
XP_032069011.1	XP_032069011.1
XP_032069012.1	XP_032069012.1
XP_032069112.1	XP_032069112.1
XP_032069115.1	XP_032069115.1
XP_032074080.1	XP_032074080.1
XP_032074087.1	XP_032074087.1
XP_032074088.1	XP_032074088.1
XP_032075376.1	XP_032075376.1
XP_032075377.1	XP_032075377.1
XP_032086423.1	XP_032086423.1
XP_032090309.1	XP_032090309.1
XP_032093051.1	XP_032093051.1
XP_032111573.1	XP_032111573.1
XP_032111574.1	XP_032111574.1
XP_032111575.1	XP_032111575.1
XP_032122209.1	XP_032122209.1
XP_032122212.1	XP_032122212.1
XP_032122213.1	XP_032122213.1
XP_032122214.1	XP_032122214.1
XP_032122215.1	XP_032122215.1
XP_032122217.1	XP_032122217.1
XP_032122219.1	XP_032122219.1
XP_032126181.1	XP_032126181.1
XP_032126182.1	XP_032126182.1
XP_032133218.1	XP_032133218.1
XP_032133236.1	XP_032133236.1
XP_032133245.1	XP_032133245.1
XP_032133249.1	XP_032133249.1
XP_032134729.1	XP_032134729.1
XP_032139004.1	XP_032139004.1
XP_032139005.1	XP_032139005.1
XP_032152886.1	XP_032152886.1
XP_032152888.1	XP_032152888.1
XP_032152889.1	XP_032152889.1
XP_032152890.1	XP_032152890.1
XP_032152891.1	XP_032152891.1
XP_032152892.1	XP_032152892.1
XP_032152893.1	XP_032152893.1
XP_032152894.1	XP_032152894.1
XP_032152895.1	XP_032152895.1
XP_032158968.1	XP_032158968.1
XP_032158975.1	XP_032158975.1
XP_032158976.1	XP_032158976.1
XP_032158977.1	XP_032158977.1
XP_032158978.1	XP_032158978.1
XP_032158979.1	XP_032158979.1
XP_032158980.1	XP_032158980.1
XP_032158981.1	XP_032158981.1
XP_032158982.1	XP_032158982.1
XP_032164585.1	XP_032164585.1
XP_032179739.1	XP_032179739.1
XP_032179740.1	XP_032179740.1
XP_032179741.1	XP_032179741.1
XP_032179743.1	XP_032179743.1
XP_032191771.1	XP_032191771.1
XP_032193694.1	XP_032193694.1
XP_032193697.1	XP_032193697.1
XP_032193698.1	XP_032193698.1
XP_032193699.1	XP_032193699.1
XP_032205656.1	XP_032205656.1
XP_032212939.1	XP_032212939.1
XP_032212940.1	XP_032212940.1
XP_032248811.1	XP_032248811.1
XP_032248812.1	XP_032248812.1
XP_032251752.1	XP_032251752.1
XP_032260010.1	XP_032260010.1
XP_032260014.1	XP_032260014.1
XP_032270338.1	XP_032270338.1
XP_032271114.1	XP_032271114.1
XP_032271115.1	XP_032271115.1
XP_032271116.1	XP_032271116.1
XP_032280468.1	XP_032280468.1
XP_032280470.1	XP_032280470.1
XP_032284828.1	XP_032284828.1
XP_032284837.1	XP_032284837.1
XP_032284846.1	XP_032284846.1
XP_032284854.1	XP_032284854.1
XP_032284862.1	XP_032284862.1
XP_032284871.1	XP_032284871.1
XP_032284880.1	XP_032284880.1
XP_032284887.1	XP_032284887.1
XP_032288818.1	XP_032288818.1
XP_032293741.1	XP_032293741.1
XP_032293743.1	XP_032293743.1
XP_032293744.1	XP_032293744.1
XP_032296162.1	XP_032296162.1
XP_032296165.1	XP_032296165.1
XP_032297722.1	XP_032297722.1
XP_032308154.1	XP_032308154.1
XP_032308160.1	XP_032308160.1
XP_032308161.1	XP_032308161.1
XP_032308873.1	XP_032308873.1
XP_032308875.1	XP_032308875.1
XP_032325715.1	XP_032325715.1
XP_032350151.1	XP_032350151.1
XP_032350153.1	XP_032350153.1
XP_032350154.1	XP_032350154.1
XP_032350155.1	XP_032350155.1
XP_032350156.1	XP_032350156.1
XP_032350157.1	XP_032350157.1
XP_032350158.1	XP_032350158.1
XP_032350160.1	XP_032350160.1
XP_032350161.1	XP_032350161.1
XP_032350162.1	XP_032350162.1
XP_032358043.1	XP_032358043.1
XP_032359288.1	XP_032359288.1
XP_032371593.1	XP_032371593.1
XP_032371984.1	XP_032371984.1
XP_032374327.1	XP_032374327.1
XP_032379035.1	XP_032379035.1
XP_032381257.1	XP_032381257.1
XP_032391002.1	XP_032391002.1
XP_032391003.1	XP_032391003.1
XP_032407311.1	XP_032407311.1
XP_032415256.1	XP_032415256.1
XP_032416466.1	XP_032416466.1
XP_032428273.1	XP_032428273.1
XP_032430574.1	XP_032430574.1
XP_032433666.1	XP_032433666.1
XP_032435044.1	XP_032435044.1
XP_032435045.1	XP_032435045.1
XP_032436193.1	XP_032436193.1
XP_032436195.1	XP_032436195.1
XP_032456805.1	XP_032456805.1
XP_032469840.1	XP_032469840.1
XP_032469841.1	XP_032469841.1
XP_032479894.1	XP_032479894.1
XP_032482261.1	XP_032482261.1
XP_032482561.1	XP_032482561.1
XP_032482562.1	XP_032482562.1
XP_032491723.1	XP_032491723.1
XP_032491725.1	XP_032491725.1
XP_032491726.1	XP_032491726.1
XP_032491728.1	XP_032491728.1
XP_032491729.1	XP_032491729.1
XP_032491730.1	XP_032491730.1
XP_032496689.1	XP_032496689.1
XP_032514516.1	XP_032514516.1
XP_032514517.1	XP_032514517.1
XP_032518246.2	XP_032518246.2
XP_032518372.2	XP_032518372.2
XP_032523824.1	XP_032523824.1
XP_032523825.1	XP_032523825.1
XP_032530986.1	XP_032530986.1
XP_032530990.1	XP_032530990.1
XP_032532718.1	XP_032532718.1
XP_032532720.1	XP_032532720.1
XP_032545980.1	XP_032545980.1
XP_032551824.1	XP_032551824.1
XP_032557091.1	XP_032557091.1
XP_032573381.1	XP_032573381.1
XP_032578948.1	XP_032578948.1
XP_032580701.1	XP_032580701.1
XP_032582190.1	XP_032582190.1
XP_032588186.1	XP_032588186.1
XP_032588189.1	XP_032588189.1
XP_032593607.1	XP_032593607.1
XP_032594195.1	XP_032594195.1
XP_032595256.1	XP_032595256.1
XP_032595766.1	XP_032595766.1
XP_032595767.1	XP_032595767.1
XP_032620030.1	XP_032620030.1
XP_032620896.1	XP_032620896.1
XP_032620898.1	XP_032620898.1
XP_032639957.1	XP_032639957.1
XP_032651024.1	XP_032651024.1
XP_032651028.1	XP_032651028.1
XP_032651035.1	XP_032651035.1
XP_032651041.1	XP_032651041.1
XP_032654944.1	XP_032654944.1
XP_032668934.1	XP_032668934.1
XP_032669266.1	XP_032669266.1
XP_032669267.1	XP_032669267.1
XP_032669269.1	XP_032669269.1
XP_032677283.1	XP_032677283.1
XP_032689678.1	XP_032689678.1
XP_032689687.1	XP_032689687.1
XP_032696350.1	XP_032696350.1
XP_032696356.1	XP_032696356.1
XP_032696357.1	XP_032696357.1
XP_032696358.1	XP_032696358.1
XP_032700075.1	XP_032700075.1
XP_032700078.1	XP_032700078.1
XP_032700079.1	XP_032700079.1
XP_032700080.1	XP_032700080.1
XP_032700081.1	XP_032700081.1
XP_032700082.1	XP_032700082.1
XP_032700083.1	XP_032700083.1
XP_032700084.1	XP_032700084.1
XP_032703679.1	XP_032703679.1
XP_032710415.1	XP_032710415.1
XP_032710417.1	XP_032710417.1
XP_032710418.1	XP_032710418.1
XP_032710419.1	XP_032710419.1
XP_032717744.1	XP_032717744.1
XP_032735127.1	XP_032735127.1
XP_032737491.1	XP_032737491.1
XP_032740569.1	XP_032740569.1
XP_032740572.1	XP_032740572.1
XP_032740956.1	XP_032740956.1
XP_032747429.1	XP_032747429.1
XP_032747430.1	XP_032747430.1
XP_032750715.1	XP_032750715.1
XP_032750716.1	XP_032750716.1
XP_032754917.1	XP_032754917.1
XP_032754920.1	XP_032754920.1
XP_032756549.1	XP_032756549.1
XP_032756566.1	XP_032756566.1
XP_032756574.1	XP_032756574.1
XP_032756582.1	XP_032756582.1
XP_032756592.1	XP_032756592.1
XP_032788950.2	XP_032788950.2
XP_032790206.1	XP_032790206.1
XP_032790212.1	XP_032790212.1
XP_032790666.2	XP_032790666.2
XP_032793496.2	XP_032793496.2
XP_032795375.1	XP_032795375.1
XP_032795376.1	XP_032795376.1
XP_032795377.1	XP_032795377.1
XP_032807421.2	XP_032807421.2
XP_032813419.2	XP_032813419.2
XP_032813420.2	XP_032813420.2
XP_032814652.2	XP_032814652.2
XP_032824562.2	XP_032824562.2
XP_032837629.2	XP_032837629.2
XP_032837630.2	XP_032837630.2
XP_032837631.2	XP_032837631.2
XP_032837692.1	XP_032837692.1
XP_032837693.1	XP_032837693.1
XP_032864682.1	XP_032864682.1
XP_032864684.1	XP_032864684.1
XP_032864685.1	XP_032864685.1
XP_032865045.1	XP_032865045.1
XP_032873571.1	XP_032873571.1
XP_032873572.1	XP_032873572.1
XP_032874481.1	XP_032874481.1
XP_032874482.1	XP_032874482.1
XP_032874483.1	XP_032874483.1
XP_032874484.1	XP_032874484.1
XP_032874485.1	XP_032874485.1
XP_032884509.1	XP_032884509.1
XP_032884512.1	XP_032884512.1
XP_032891212.1	XP_032891212.1
XP_032891213.1	XP_032891213.1
XP_032891470.1	XP_032891470.1
XP_032892254.1	XP_032892254.1
XP_032901051.1	XP_032901051.1
XP_032903952.1	XP_032903952.1
XP_032903960.1	XP_032903960.1
XP_032903968.1	XP_032903968.1
XP_032903976.1	XP_032903976.1
XP_032918837.2	XP_032918837.2
XP_032920780.1	XP_032920780.1
XP_032920787.1	XP_032920787.1
XP_032920797.1	XP_032920797.1
XP_032920805.1	XP_032920805.1
XP_032923025.1	XP_032923025.1
XP_032925825.1	XP_032925825.1
XP_032941488.1	XP_032941488.1
XP_032941615.1	XP_032941615.1
XP_032941618.1	XP_032941618.1
XP_032962581.1	XP_032962581.1
XP_032966587.1	XP_032966587.1
XP_032966588.1	XP_032966588.1
XP_032969353.1	XP_032969353.1
XP_032969354.1	XP_032969354.1
XP_032969355.1	XP_032969355.1
XP_032969356.1	XP_032969356.1
XP_032969357.1	XP_032969357.1
XP_032969358.1	XP_032969358.1
XP_032969359.1	XP_032969359.1
XP_032969360.1	XP_032969360.1
XP_032969361.1	XP_032969361.1
XP_032975858.1	XP_032975858.1
XP_032978578.1	XP_032978578.1
XP_032978581.1	XP_032978581.1
XP_032978582.1	XP_032978582.1
XP_032984465.1	XP_032984465.1
XP_032984466.1	XP_032984466.1
XP_033008017.1	XP_033008017.1
XP_033008019.1	XP_033008019.1
XP_033009980.1	XP_033009980.1
XP_033009981.1	XP_033009981.1
XP_033009982.1	XP_033009982.1
XP_033009984.1	XP_033009984.1
XP_033012649.1	XP_033012649.1
XP_033012650.1	XP_033012650.1
XP_033012651.1	XP_033012651.1
XP_033019660.1	XP_033019660.1
XP_033020744.1	XP_033020744.1
XP_033030526.1	XP_033030526.1
XP_033034657.1	XP_033034657.1
XP_033034658.1	XP_033034658.1
XP_033036065.1	XP_033036065.1
XP_033062617.1	XP_033062617.1
XP_033064639.1	XP_033064639.1
XP_033074235.1	XP_033074235.1
XP_033074236.1	XP_033074236.1
XP_033074237.1	XP_033074237.1
XP_033074238.1	XP_033074238.1
XP_033074239.1	XP_033074239.1
XP_033082245.1	XP_033082245.1
XP_033082247.1	XP_033082247.1
XP_033082248.1	XP_033082248.1
XP_033082249.1	XP_033082249.1
XP_033082250.1	XP_033082250.1
XP_033082251.1	XP_033082251.1
XP_033082252.1	XP_033082252.1
XP_033082253.1	XP_033082253.1
XP_033082254.1	XP_033082254.1
XP_033082255.1	XP_033082255.1
XP_033092797.1	XP_033092797.1
XP_033092800.1	XP_033092800.1
XP_033092802.1	XP_033092802.1
XP_033092803.1	XP_033092803.1
XP_033100612.1	XP_033100612.1
XP_033109496.1	XP_033109496.1
XP_033118057.1	XP_033118057.1
XP_033120822.1	XP_033120822.1
XP_033124193.1	XP_033124193.1
XP_033128506.1	XP_033128506.1
XP_033149935.1	XP_033149935.1
XP_033150390.1	XP_033150390.1
XP_033159909.1	XP_033159909.1
XP_033164449.1	XP_033164449.1
XP_033164899.1	XP_033164899.1
XP_033164900.1	XP_033164900.1
XP_033167335.1	XP_033167335.1
XP_033168684.1	XP_033168684.1
XP_033168685.1	XP_033168685.1
XP_033168807.1	XP_033168807.1
XP_033170507.1	XP_033170507.1
XP_033170789.1	XP_033170789.1
XP_033171874.1	XP_033171874.1
XP_033171962.1	XP_033171962.1
XP_033176334.1	XP_033176334.1
XP_033179881.1	XP_033179881.1
XP_033179882.1	XP_033179882.1
XP_033179883.1	XP_033179883.1
XP_033186488.1	XP_033186488.1
XP_033186489.1	XP_033186489.1
XP_033189634.1	XP_033189634.1
XP_033189640.1	XP_033189640.1
XP_033192429.1	XP_033192429.1
XP_033194337.1	XP_033194337.1
XP_033207769.1	XP_033207769.1
XP_033209764.1	XP_033209764.1
XP_033209774.1	XP_033209774.1
XP_033216575.1	XP_033216575.1
XP_033216578.1	XP_033216578.1
XP_033218686.1	XP_033218686.1
XP_033218690.1	XP_033218690.1
XP_033218691.1	XP_033218691.1
XP_033218692.1	XP_033218692.1
XP_033222113.1	XP_033222113.1
XP_033232071.1	XP_033232071.1
XP_033232073.1	XP_033232073.1
XP_033232074.1	XP_033232074.1
XP_033232076.1	XP_033232076.1
XP_033232077.1	XP_033232077.1
XP_033232078.1	XP_033232078.1
XP_033232079.1	XP_033232079.1
XP_033238888.1	XP_033238888.1
XP_033238889.1	XP_033238889.1
XP_033238890.1	XP_033238890.1
XP_033240934.1	XP_033240934.1
XP_033240941.1	XP_033240941.1
XP_033240942.1	XP_033240942.1
XP_033240943.1	XP_033240943.1
XP_033240944.1	XP_033240944.1
XP_033240945.1	XP_033240945.1
XP_033248122.1	XP_033248122.1
XP_033248126.1	XP_033248126.1
XP_033248128.1	XP_033248128.1
XP_033248956.1	XP_033248956.1
XP_033248959.1	XP_033248959.1
XP_033259391.2	XP_033259391.2
XP_033267273.1	XP_033267273.1
XP_033267275.1	XP_033267275.1
XP_033267277.1	XP_033267277.1
XP_033267279.1	XP_033267279.1
XP_033267281.1	XP_033267281.1
XP_033267282.1	XP_033267282.1
XP_033267283.1	XP_033267283.1
XP_033270441.1	XP_033270441.1
XP_033270473.1	XP_033270473.1
XP_033291396.1	XP_033291396.1
XP_033291397.1	XP_033291397.1
XP_033291398.1	XP_033291398.1
XP_033291399.1	XP_033291399.1
XP_033291400.1	XP_033291400.1
XP_033291401.1	XP_033291401.1
XP_033291402.1	XP_033291402.1
XP_033292582.2	XP_033292582.2
XP_033299152.1	XP_033299152.1
XP_033299153.1	XP_033299153.1
XP_033309341.1	XP_033309341.1
XP_033320535.1	XP_033320535.1
XP_033320544.1	XP_033320544.1
XP_033325940.1	XP_033325940.1
XP_033325940.2	XP_033325940.2
XP_033335840.1	XP_033335840.1
XP_033335840.2	XP_033335840.2
XP_033342902.1	XP_033342902.1
XP_033342902.2	XP_033342902.2
XP_033342908.1	XP_033342908.1
XP_033342908.2	XP_033342908.2
XP_033343303.1	XP_033343303.1
XP_033343305.1	XP_033343305.1
XP_033343306.1	XP_033343306.1
XP_033349279.1	XP_033349279.1
XP_033358021.1	XP_033358021.1
XP_033366641.1	XP_033366641.1
XP_033367217.1	XP_033367217.1
XP_033367253.1	XP_033367253.1
XP_033367254.1	XP_033367254.1
XP_033368046.1	XP_033368046.1
XP_033376238.1	XP_033376238.1
XP_033378099.1	XP_033378099.1
XP_033383574.1	XP_033383574.1
XP_033387890.1	XP_033387890.1
XP_033391105.1	XP_033391105.1
XP_033393954.1	XP_033393954.1
XP_033404643.1	XP_033404643.1
XP_033404907.1	XP_033404907.1
XP_033409009.1	XP_033409009.1
XP_033414011.1	XP_033414011.1
XP_033421183.1	XP_033421183.1
XP_033436167.1	XP_033436167.1
XP_033440969.1	XP_033440969.1
XP_033447723.1	XP_033447723.1
XP_033452116.1	XP_033452116.1
XP_033453190.1	XP_033453190.1
XP_033458998.1	XP_033458998.1
XP_033463550.1	XP_033463550.1
XP_033466623.2	XP_033466623.2
XP_033466624.2	XP_033466624.2
XP_033474392.1	XP_033474392.1
XP_033475606.1	XP_033475606.1
XP_033477639.2	XP_033477639.2
XP_033483045.1	XP_033483045.1
XP_033494106.1	XP_033494106.1
XP_033497650.1	XP_033497650.1
XP_033515356.1	XP_033515356.1
XP_033516679.1	XP_033516679.1
XP_033516682.1	XP_033516682.1
XP_033520516.1	XP_033520516.1
XP_033527570.1	XP_033527570.1
XP_033527966.1	XP_033527966.1
XP_033529261.1	XP_033529261.1
XP_033534095.1	XP_033534095.1
XP_033534463.1	XP_033534463.1
XP_033534516.1	XP_033534516.1
XP_033549904.1	XP_033549904.1
XP_033550244.1	XP_033550244.1
XP_033554456.1	XP_033554456.1
XP_033558840.1	XP_033558840.1
XP_033567851.1	XP_033567851.1
XP_033570745.1	XP_033570745.1
XP_033570993.1	XP_033570993.1
XP_033587930.1	XP_033587930.1
XP_033594191.1	XP_033594191.1
XP_033603557.1	XP_033603557.1
XP_033605714.1	XP_033605714.1
XP_033606427.1	XP_033606427.1
XP_033613671.1	XP_033613671.1
XP_033613672.1	XP_033613672.1
XP_033613673.1	XP_033613673.1
XP_033613675.1	XP_033613675.1
XP_033623255.1	XP_033623255.1
XP_033624656.1	XP_033624656.1
XP_033626501.1	XP_033626501.1
XP_033634006.1	XP_033634006.1
XP_033636664.1	XP_033636664.1
XP_033646926.1	XP_033646926.1
XP_033651644.1	XP_033651644.1
XP_033655542.1	XP_033655542.1
XP_033657569.1	XP_033657569.1
XP_033665561.1	XP_033665561.1
XP_033666571.1	XP_033666571.1
XP_033668775.1	XP_033668775.1
XP_033679111.1	XP_033679111.1
XP_033679519.1	XP_033679519.1
XP_033683149.1	XP_033683149.1
XP_033708645.1	XP_033708645.1
XP_033708646.1	XP_033708646.1
XP_033713763.1	XP_033713763.1
XP_033716719.1	XP_033716719.1
XP_033716720.1	XP_033716720.1
XP_033716723.1	XP_033716723.1
XP_033722574.1	XP_033722574.1
XP_033729361.1	XP_033729361.1
XP_033733315.1	XP_033733315.1
XP_033736912.1	XP_033736912.1
XP_033736916.1	XP_033736916.1
XP_033751109.1	XP_033751109.1
XP_033755472.1	XP_033755472.1
XP_033755473.1	XP_033755473.1
XP_033768666.1	XP_033768666.1
XP_033769044.1	XP_033769044.1
XP_033771991.1	XP_033771991.1
XP_033771993.1	XP_033771993.1
XP_033771994.1	XP_033771994.1
XP_033771995.1	XP_033771995.1
XP_033771996.1	XP_033771996.1
XP_033771997.1	XP_033771997.1
XP_033783579.1	XP_033783579.1
XP_033783592.1	XP_033783592.1
XP_033785512.1	XP_033785512.1
XP_033785521.1	XP_033785521.1
XP_033785528.1	XP_033785528.1
XP_033785538.1	XP_033785538.1
XP_033785550.1	XP_033785550.1
XP_033785632.1	XP_033785632.1
XP_033787341.1	XP_033787341.1
XP_033797602.1	XP_033797602.1
XP_033810161.1	XP_033810161.1
XP_033810162.1	XP_033810162.1
XP_033810164.1	XP_033810164.1
XP_033820862.1	XP_033820862.1
XP_033828232.1	XP_033828232.1
XP_033828756.1	XP_033828756.1
XP_033840882.1	XP_033840882.1
XP_033841775.2	XP_033841775.2
XP_033847502.1	XP_033847502.1
XP_033856416.3	XP_033856416.3
XP_033856417.3	XP_033856417.3
XP_033862780.2	XP_033862780.2
XP_033870940.3	XP_033870940.3
XP_033875544.3	XP_033875544.3
XP_033896030.3	XP_033896030.3
XP_033899197.2	XP_033899197.2
XP_033899198.2	XP_033899198.2
XP_033911230.1	XP_033911230.1
XP_033914330.3	XP_033914330.3
XP_033914331.3	XP_033914331.3
XP_033917156.1	XP_033917156.1
XP_033920083.1	XP_033920083.1
XP_033923543.1	XP_033923543.1
XP_033927735.1	XP_033927735.1
XP_033928864.1	XP_033928864.1
XP_033929746.1	XP_033929746.1
XP_033929747.1	XP_033929747.1
XP_033933274.1	XP_033933274.1
XP_033936405.1	XP_033936405.1
XP_033947463.1	XP_033947463.1
XP_033947736.1	XP_033947736.1
XP_033947738.1	XP_033947738.1
XP_033950931.1	XP_033950931.1
XP_033950932.1	XP_033950932.1
XP_033957833.2	XP_033957833.2
XP_033957834.1	XP_033957834.1
XP_033959202.1	XP_033959202.1
XP_033959203.1	XP_033959203.1
XP_033962659.1	XP_033962659.1
XP_033973878.1	XP_033973878.1
XP_033974871.1	XP_033974871.1
XP_033978270.1	XP_033978270.1
XP_033980580.1	XP_033980580.1
XP_033980581.1	XP_033980581.1
XP_033983896.1	XP_033983896.1
XP_034002849.1	XP_034002849.1
XP_034004299.1	XP_034004299.1
XP_034008612.1	XP_034008612.1
XP_034008613.1	XP_034008613.1
XP_034008614.1	XP_034008614.1
XP_034010151.1	XP_034010151.1
XP_034016990.1	XP_034016990.1
XP_034026078.1	XP_034026078.1
XP_034026081.1	XP_034026081.1
XP_034026082.1	XP_034026082.1
XP_034026883.1	XP_034026883.1
XP_034026885.1	XP_034026885.1
XP_034026886.1	XP_034026886.1
XP_034028324.1	XP_034028324.1
XP_034031151.1	XP_034031151.1
XP_034035296.1	XP_034035296.1
XP_034041906.1	XP_034041906.1
XP_034049812.1	XP_034049812.1
XP_034056658.1	XP_034056658.1
XP_034064530.1	XP_034064530.1
XP_034070216.1	XP_034070216.1
XP_034076716.1	XP_034076716.1
XP_034078049.1	XP_034078049.1
XP_034078055.1	XP_034078055.1
XP_034078066.1	XP_034078066.1
XP_034078073.1	XP_034078073.1
XP_034092770.1	XP_034092770.1
XP_034092790.1	XP_034092790.1
XP_034093284.1	XP_034093284.1
XP_034093394.1	XP_034093394.1
XP_034097007.1	XP_034097007.1
XP_034114069.1	XP_034114069.1
XP_034117278.1	XP_034117278.1
XP_034119019.2	XP_034119019.2
XP_034119710.1	XP_034119710.1
XP_034119719.1	XP_034119719.1
XP_034119729.1	XP_034119729.1
XP_034119738.1	XP_034119738.1
XP_034127449.1	XP_034127449.1
XP_034127450.1	XP_034127450.1
XP_034127678.1	XP_034127678.1
XP_034133175.1	XP_034133175.1
XP_034136014.1	XP_034136014.1
XP_034138853.1	XP_034138853.1
XP_034138854.1	XP_034138854.1
XP_034138855.1	XP_034138855.1
XP_034138857.1	XP_034138857.1
XP_034138858.1	XP_034138858.1
XP_034138859.1	XP_034138859.1
XP_034138860.1	XP_034138860.1
XP_034138861.1	XP_034138861.1
XP_034138862.1	XP_034138862.1
XP_034138863.1	XP_034138863.1
XP_034138881.1	XP_034138881.1
XP_034138882.1	XP_034138882.1
XP_034138883.1	XP_034138883.1
XP_034138884.1	XP_034138884.1
XP_034152270.1	XP_034152270.1
XP_034152271.1	XP_034152271.1
XP_034155519.2	XP_034155519.2
XP_034165525.2	XP_034165525.2
XP_034169200.2	XP_034169200.2
XP_034182578.2	XP_034182578.2
XP_034183525.2	XP_034183525.2
XP_034183527.1	XP_034183527.1
XP_034192016.2	XP_034192016.2
XP_034193314.1	XP_034193314.1
XP_034193316.1	XP_034193316.1
XP_034193322.1	XP_034193322.1
XP_034193329.1	XP_034193329.1
XP_034205277.1	XP_034205277.1
XP_034205278.1	XP_034205278.1
XP_034206051.1	XP_034206051.1
XP_034206055.1	XP_034206055.1
XP_034211489.1	XP_034211489.1
XP_034211759.1	XP_034211759.1
XP_034211761.1	XP_034211761.1
XP_034211762.1	XP_034211762.1
XP_034238553.1	XP_034238553.1
XP_034239280.1	XP_034239280.1
XP_034239388.1	XP_034239388.1
XP_034242153.1	XP_034242153.1
XP_034242552.1	XP_034242552.1
XP_034242553.1	XP_034242553.1
XP_034242554.1	XP_034242554.1
XP_034249002.1	XP_034249002.1
XP_034249009.1	XP_034249009.1
XP_034257118.1	XP_034257118.1
XP_034257119.1	XP_034257119.1
XP_034257120.1	XP_034257120.1
XP_034258535.1	XP_034258535.1
XP_034266001.1	XP_034266001.1
XP_034267687.1	XP_034267687.1
XP_034267688.1	XP_034267688.1
XP_034267689.1	XP_034267689.1
XP_034270974.1	XP_034270974.1
XP_034270976.1	XP_034270976.1
XP_034281219.2	XP_034281219.2
XP_034296947.1	XP_034296947.1
XP_034323580.1	XP_034323580.1
XP_034358633.1	XP_034358633.1
XP_034358634.1	XP_034358634.1
XP_034358635.1	XP_034358635.1
XP_034365621.1	XP_034365621.1
XP_034365624.1	XP_034365624.1
XP_034366849.1	XP_034366849.1
XP_034366850.1	XP_034366850.1
XP_034374013.1	XP_034374013.1
XP_034374022.2	XP_034374022.2
XP_034378367.1	XP_034378367.1
XP_034378369.1	XP_034378369.1
XP_034385359.1	XP_034385359.1
XP_034386432.1	XP_034386432.1
XP_034397837.1	XP_034397837.1
XP_034398264.1	XP_034398264.1
XP_034401728.1	XP_034401728.1
XP_034401729.1	XP_034401729.1
XP_034410328.1	XP_034410328.1
XP_034415271.1	XP_034415271.1
XP_034422817.1	XP_034422817.1
XP_034423629.1	XP_034423629.1
XP_034424300.1	XP_034424300.1
XP_034427493.1	XP_034427493.1
XP_034428464.1	XP_034428464.1
XP_034428465.1	XP_034428465.1
XP_034428466.1	XP_034428466.1
XP_034437693.1	XP_034437693.1
XP_034438094.1	XP_034438094.1
XP_034438095.1	XP_034438095.1
XP_034438096.1	XP_034438096.1
XP_034438097.1	XP_034438097.1
XP_034450651.1	XP_034450651.1
XP_034451806.1	XP_034451806.1
XP_034455722.1	XP_034455722.1
XP_034455723.1	XP_034455723.1
XP_034467614.1	XP_034467614.1
XP_034467615.1	XP_034467615.1
XP_034472209.1	XP_034472209.1
XP_034485196.1	XP_034485196.1
XP_034485204.1	XP_034485204.1
XP_034486977.1	XP_034486977.1
XP_034489413.1	XP_034489413.1
XP_034490845.1	XP_034490845.1
XP_034490851.1	XP_034490851.1
XP_034494915.1	XP_034494915.1
XP_034502671.1	XP_034502671.1
XP_034502676.1	XP_034502676.1
XP_034502677.1	XP_034502677.1
XP_034502678.1	XP_034502678.1
XP_034502679.1	XP_034502679.1
XP_034502680.1	XP_034502680.1
XP_034502681.1	XP_034502681.1
XP_034502682.1	XP_034502682.1
XP_034502683.1	XP_034502683.1
XP_034502688.1	XP_034502688.1
XP_034502689.1	XP_034502689.1
XP_034508477.1	XP_034508477.1
XP_034508490.1	XP_034508490.1
XP_034508498.1	XP_034508498.1
XP_034508505.1	XP_034508505.1
XP_034508512.1	XP_034508512.1
XP_034508519.1	XP_034508519.1
XP_034508526.1	XP_034508526.1
XP_034508534.1	XP_034508534.1
XP_034508540.1	XP_034508540.1
XP_034508547.1	XP_034508547.1
XP_034536200.1	XP_034536200.1
XP_034547788.1	XP_034547788.1
XP_034548216.1	XP_034548216.1
XP_034552896.1	XP_034552896.1
XP_034560357.1	XP_034560357.1
XP_034561548.1	XP_034561548.1
XP_034561563.1	XP_034561563.1
XP_034561572.1	XP_034561572.1
XP_034562375.1	XP_034562375.1
XP_034563312.1	XP_034563312.1
XP_034573990.1	XP_034573990.1
XP_034590547.1	XP_034590547.1
XP_034590555.1	XP_034590555.1
XP_034594259.1	XP_034594259.1
XP_034595946.1	XP_034595946.1
XP_034595947.1	XP_034595947.1
XP_034595948.1	XP_034595948.1
XP_034599802.1	XP_034599802.1
XP_034599804.1	XP_034599804.1
XP_034599805.1	XP_034599805.1
XP_034616062.1	XP_034616062.1
XP_034617400.1	XP_034617400.1
XP_034617401.1	XP_034617401.1
XP_034617402.1	XP_034617402.1
XP_034629530.1	XP_034629530.1
XP_034629532.1	XP_034629532.1
XP_034631549.1	XP_034631549.1
XP_034631550.1	XP_034631550.1
XP_034636100.1	XP_034636100.1
XP_034636104.1	XP_034636104.1
XP_034644774.1	XP_034644774.1
XP_034644775.1	XP_034644775.1
XP_034658796.1	XP_034658796.1
XP_034662045.1	XP_034662045.1
XP_034662046.1	XP_034662046.1
XP_034662104.1	XP_034662104.1
XP_034663295.1	XP_034663295.1
XP_034670366.1	XP_034670366.1
XP_034670376.1	XP_034670376.1
XP_034671449.1	XP_034671449.1
XP_034671450.1	XP_034671450.1
XP_034671451.1	XP_034671451.1
XP_034671453.1	XP_034671453.1
XP_034671454.1	XP_034671454.1
XP_034671455.1	XP_034671455.1
XP_034671456.1	XP_034671456.1
XP_034671459.1	XP_034671459.1
XP_034672273.1	XP_034672273.1
XP_034678973.1	XP_034678973.1
XP_034678974.1	XP_034678974.1
XP_034689889.1	XP_034689889.1
XP_034689890.1	XP_034689890.1
XP_034704632.1	XP_034704632.1
XP_034704636.1	XP_034704636.1
XP_034709343.1	XP_034709343.1
XP_034715816.1	XP_034715816.1
XP_034717806.1	XP_034717806.1
XP_034717807.1	XP_034717807.1
XP_034726675.1	XP_034726675.1
XP_034728436.1	XP_034728436.1
XP_034728438.1	XP_034728438.1
XP_034730668.1	XP_034730668.1
XP_034730669.1	XP_034730669.1
XP_034735731.1	XP_034735731.1
XP_034736387.1	XP_034736387.1
XP_034747821.1	XP_034747821.1
XP_034747822.1	XP_034747822.1
XP_034796016.3	XP_034796016.3
XP_034796017.3	XP_034796017.3
XP_034821173.3	XP_034821173.3
XP_034821230.3	XP_034821230.3
XP_034823527.1	XP_034823527.1
XP_034826415.1	XP_034826415.1
XP_034832757.1	XP_034832757.1
XP_034833107.1	XP_034833107.1
XP_034833108.1	XP_034833108.1
XP_034833327.1	XP_034833327.1
XP_034843095.1	XP_034843095.1
XP_034854780.1	XP_034854780.1
XP_034854781.1	XP_034854781.1
XP_034854782.1	XP_034854782.1
XP_034854783.1	XP_034854783.1
XP_034854784.1	XP_034854784.1
XP_034868903.1	XP_034868903.1
XP_034870624.1	XP_034870624.1
XP_034870626.1	XP_034870626.1
XP_034874434.1	XP_034874434.1
XP_034874435.1	XP_034874435.1
XP_034874436.1	XP_034874436.1
XP_034874438.1	XP_034874438.1
XP_034874439.1	XP_034874439.1
XP_034874440.1	XP_034874440.1
XP_034874441.1	XP_034874441.1
XP_034874442.1	XP_034874442.1
XP_034874444.1	XP_034874444.1
XP_034880312.1	XP_034880312.1
XP_034880313.1	XP_034880313.1
XP_034880316.1	XP_034880316.1
XP_034880317.1	XP_034880317.1
XP_034881139.1	XP_034881139.1
XP_034881140.1	XP_034881140.1
XP_034904433.1	XP_034904433.1
XP_034905808.1	XP_034905808.1
XP_034928501.1	XP_034928501.1
XP_034937966.1	XP_034937966.1
XP_034945506.1	XP_034945506.1
XP_034947286.1	XP_034947286.1
XP_034947287.1	XP_034947287.1
XP_034950350.1	XP_034950350.1
XP_034951431.1	XP_034951431.1
XP_034954968.1	XP_034954968.1
XP_034955508.1	XP_034955508.1
XP_034955681.2	XP_034955681.2
XP_034957177.2	XP_034957177.2
XP_034977908.2	XP_034977908.2
XP_034985698.1	XP_034985698.1
XP_034985699.1	XP_034985699.1
XP_034999019.1	XP_034999019.1
XP_035002545.2	XP_035002545.2
XP_035020533.1	XP_035020533.1
XP_035020534.1	XP_035020534.1
XP_035021424.1	XP_035021424.1
XP_035032364.1	XP_035032364.1
XP_035032365.1	XP_035032365.1
XP_035032366.1	XP_035032366.1
XP_035039360.2	XP_035039360.2
XP_035107361.1	XP_035107361.1
XP_035107366.1	XP_035107366.1
XP_035107367.1	XP_035107367.1
XP_035107368.1	XP_035107368.1
XP_035107369.1	XP_035107369.1
XP_035107370.1	XP_035107370.1
XP_035107371.1	XP_035107371.1
XP_035118870.1	XP_035118870.1
XP_035147226.1	XP_035147226.1
XP_035147227.1	XP_035147227.1
XP_035147685.3	XP_035147685.3
XP_035147686.3	XP_035147686.3
XP_035159200.1	XP_035159200.1
XP_035159221.1	XP_035159221.1
XP_035162958.2	XP_035162958.2
XP_035165228.1	XP_035165228.1
XP_035165229.1	XP_035165229.1
XP_035165230.1	XP_035165230.1
XP_035166208.1	XP_035166208.1
XP_035170224.1	XP_035170224.1
XP_035170225.1	XP_035170225.1
XP_035173535.1	XP_035173535.1
XP_035173536.1	XP_035173536.1
XP_035173702.1	XP_035173702.1
XP_035173703.1	XP_035173703.1
XP_035173704.1	XP_035173704.1
XP_035173705.1	XP_035173705.1
XP_035188773.1	XP_035188773.1
XP_035188774.1	XP_035188774.1
XP_035188775.1	XP_035188775.1
XP_035188778.1	XP_035188778.1
XP_035192266.1	XP_035192266.1
XP_035192267.1	XP_035192267.1
XP_035209533.1	XP_035209533.1
XP_035211712.1	XP_035211712.1
XP_035211720.1	XP_035211720.1
XP_035211721.1	XP_035211721.1
XP_035211722.1	XP_035211722.1
XP_035213267.1	XP_035213267.1
XP_035213268.1	XP_035213268.1
XP_035214538.1	XP_035214538.1
XP_035217146.1	XP_035217146.1
XP_035217149.1	XP_035217149.1
XP_035218434.1	XP_035218434.1
XP_035220491.1	XP_035220491.1
XP_035221553.1	XP_035221553.1
XP_035227150.1	XP_035227150.1
XP_035228991.1	XP_035228991.1
XP_035228992.1	XP_035228992.1
XP_035228993.1	XP_035228993.1
XP_035228994.1	XP_035228994.1
XP_035229063.1	XP_035229063.1
XP_035229544.1	XP_035229544.1
XP_035236281.1	XP_035236281.1
XP_035236283.1	XP_035236283.1
XP_035247980.1	XP_035247980.1
XP_035251960.1	XP_035251960.1
XP_035251961.1	XP_035251961.1
XP_035251962.1	XP_035251962.1
XP_035261085.1	XP_035261085.1
XP_035268006.1	XP_035268006.1
XP_035275041.1	XP_035275041.1
XP_035278713.1	XP_035278713.1
XP_035287228.1	XP_035287228.1
XP_035295615.1	XP_035295615.1
XP_035296540.1	XP_035296540.1
XP_035298675.1	XP_035298675.1
XP_035298912.1	XP_035298912.1
XP_035302957.1	XP_035302957.1
XP_035309775.1	XP_035309775.1
XP_035315410.1	XP_035315410.1
XP_035316310.1	XP_035316310.1
XP_035317270.1	XP_035317270.1
XP_035317271.1	XP_035317271.1
XP_035321574.1	XP_035321574.1
XP_035324016.1	XP_035324016.1
XP_035326592.1	XP_035326592.1
XP_035332786.1	XP_035332786.1
XP_035347246.1	XP_035347246.1
XP_035361586.1	XP_035361586.1
XP_035364160.1	XP_035364160.1
XP_035373762.1	XP_035373762.1
XP_035376851.1	XP_035376851.1
XP_035377182.1	XP_035377182.1
XP_035394032.2	XP_035394032.2
XP_035399260.1	XP_035399260.1
XP_035401239.1	XP_035401239.1
XP_035409435.1	XP_035409435.1
XP_035409438.1	XP_035409438.1
XP_035409439.1	XP_035409439.1
XP_035409441.1	XP_035409441.1
XP_035421126.1	XP_035421126.1
XP_035421127.1	XP_035421127.1
XP_035421128.1	XP_035421128.1
XP_035428323.1	XP_035428323.1
XP_035437283.2	XP_035437283.2
XP_035437433.2	XP_035437433.2
XP_035437457.2	XP_035437457.2
XP_035447021.1	XP_035447021.1
XP_035447022.1	XP_035447022.1
XP_035451959.2	XP_035451959.2
XP_035451960.2	XP_035451960.2
XP_035468199.1	XP_035468199.1
XP_035468200.1	XP_035468200.1
XP_035475063.2	XP_035475063.2
XP_035475064.2	XP_035475064.2
XP_035475065.2	XP_035475065.2
XP_035483594.2	XP_035483594.2
XP_035491045.2	XP_035491045.2
XP_035494551.1	XP_035494551.1
XP_035494554.1	XP_035494554.1
XP_035504719.2	XP_035504719.2
XP_035509204.1	XP_035509204.1
XP_035509330.1	XP_035509330.1
XP_035513830.1	XP_035513830.1
XP_035513831.1	XP_035513831.1
XP_035513997.1	XP_035513997.1
XP_035526843.1	XP_035526843.1
XP_035527467.1	XP_035527467.1
XP_035537743.1	XP_035537743.1
XP_035537744.1	XP_035537744.1
XP_035538034.1	XP_035538034.1
XP_035543685.1	XP_035543685.1
XP_035554958.1	XP_035554958.1
XP_035554959.1	XP_035554959.1
XP_035554960.1	XP_035554960.1
XP_035556637.1	XP_035556637.1
XP_035569914.2	XP_035569914.2
XP_035569915.2	XP_035569915.2
XP_035583580.1	XP_035583580.1
XP_035587669.1	XP_035587669.1
XP_035592659.2	XP_035592659.2
XP_035596021.1	XP_035596021.1
XP_035596031.1	XP_035596031.1
XP_035596041.1	XP_035596041.1
XP_035597485.1	XP_035597485.1
XP_035602488.2	XP_035602488.2
XP_035604734.1	XP_035604734.1
XP_035604743.1	XP_035604743.1
XP_035642064.1	XP_035642064.1
XP_035642081.1	XP_035642081.1
XP_035642088.1	XP_035642088.1
XP_035642098.1	XP_035642098.1
XP_035642107.1	XP_035642107.1
XP_035642115.1	XP_035642115.1
XP_035642363.1	XP_035642363.1
XP_035645911.2	XP_035645911.2
XP_035648816.1	XP_035648816.1
XP_035648817.1	XP_035648817.1
XP_035653948.1	XP_035653948.1
XP_035657908.1	XP_035657908.1
XP_035658119.1	XP_035658119.1
XP_035667157.1	XP_035667157.1
XP_035678442.1	XP_035678442.1
XP_035678443.1	XP_035678443.1
XP_035699267.1	XP_035699267.1
XP_035702279.1	XP_035702279.1
XP_035706582.1	XP_035706582.1
XP_035717964.1	XP_035717964.1
XP_035717965.1	XP_035717965.1
XP_035719133.1	XP_035719133.1
XP_035727165.1	XP_035727165.1
XP_035730157.1	XP_035730157.1
XP_035740601.1	XP_035740601.1
XP_035740603.1	XP_035740603.1
XP_035744827.1	XP_035744827.1
XP_035744828.1	XP_035744828.1
XP_035744829.1	XP_035744829.1
XP_035744830.1	XP_035744830.1
XP_035748738.1	XP_035748738.1
XP_035749021.1	XP_035749021.1
XP_035749023.1	XP_035749023.1
XP_035750016.1	XP_035750016.1
XP_035750017.1	XP_035750017.1
XP_035750019.1	XP_035750019.1
XP_035750020.1	XP_035750020.1
XP_035750021.1	XP_035750021.1
XP_035756077.1	XP_035756077.1
XP_035756078.1	XP_035756078.1
XP_035763211.1	XP_035763211.1
XP_035773472.1	XP_035773472.1
XP_035777759.1	XP_035777759.1
XP_035777761.1	XP_035777761.1
XP_035777762.1	XP_035777762.1
XP_035781289.1	XP_035781289.1
XP_035786707.1	XP_035786707.1
XP_035816831.1	XP_035816831.1
XP_035816832.1	XP_035816832.1
XP_035816833.1	XP_035816833.1
XP_035816834.1	XP_035816834.1
XP_035832528.1	XP_035832528.1
XP_035833090.1	XP_035833090.1
XP_035844220.1	XP_035844220.1
XP_035849732.1	XP_035849732.1
XP_035849734.1	XP_035849734.1
XP_035861976.1	XP_035861976.1
XP_035863191.1	XP_035863191.1
XP_035869407.1	XP_035869407.1
XP_035876352.1	XP_035876352.1
XP_035877696.1	XP_035877696.1
XP_035877697.1	XP_035877697.1
XP_035877698.1	XP_035877698.1
XP_035881969.1	XP_035881969.1
XP_035881970.1	XP_035881970.1
XP_035881971.1	XP_035881971.1
XP_035881972.1	XP_035881972.1
XP_035881973.1	XP_035881973.1
XP_035881974.1	XP_035881974.1
XP_035881975.1	XP_035881975.1
XP_035881976.1	XP_035881976.1
XP_035891232.1	XP_035891232.1
XP_035897739.1	XP_035897739.1
XP_035897769.1	XP_035897769.1
XP_035900771.1	XP_035900771.1
XP_035916872.1	XP_035916872.1
XP_035919689.1	XP_035919689.1
XP_035955537.2	XP_035955537.2
XP_035959875.2	XP_035959875.2
XP_035972867.2	XP_035972867.2
XP_035975712.1	XP_035975712.1
XP_035975722.1	XP_035975722.1
XP_035978121.1	XP_035978121.1
XP_035996701.1	XP_035996701.1
XP_035999510.1	XP_035999510.1
XP_035999912.1	XP_035999912.1
XP_036017576.1	XP_036017576.1
XP_036019916.1	XP_036019916.1
XP_036019917.1	XP_036019917.1
XP_036019918.1	XP_036019918.1
XP_036019919.1	XP_036019919.1
XP_036019920.1	XP_036019920.1
XP_036019921.1	XP_036019921.1
XP_036019922.1	XP_036019922.1
XP_036033118.1	XP_036033118.1
XP_036033119.1	XP_036033119.1
XP_036033120.1	XP_036033120.1
XP_036033121.1	XP_036033121.1
XP_036033122.1	XP_036033122.1
XP_036033124.1	XP_036033124.1
XP_036042991.1	XP_036042991.1
XP_036042995.1	XP_036042995.1
XP_036042996.1	XP_036042996.1
XP_036042998.1	XP_036042998.1
XP_036043658.1	XP_036043658.1
XP_036043659.1	XP_036043659.1
XP_036043660.1	XP_036043660.1
XP_036044233.1	XP_036044233.1
XP_036044234.1	XP_036044234.1
XP_036044236.1	XP_036044236.1
XP_036060163.1	XP_036060163.1
XP_036062778.1	XP_036062778.1
XP_036062779.1	XP_036062779.1
XP_036062780.1	XP_036062780.1
XP_036062781.1	XP_036062781.1
XP_036081521.1	XP_036081521.1
XP_036082200.1	XP_036082200.1
XP_036082201.1	XP_036082201.1
XP_036087145.1	XP_036087145.1
XP_036087146.1	XP_036087146.1
XP_036087147.1	XP_036087147.1
XP_036087148.1	XP_036087148.1
XP_036094817.1	XP_036094817.1
XP_036094819.1	XP_036094819.1
XP_036094820.1	XP_036094820.1
XP_036094821.1	XP_036094821.1
XP_036094824.1	XP_036094824.1
XP_036098378.1	XP_036098378.1
XP_036098381.1	XP_036098381.1
XP_036098384.1	XP_036098384.1
XP_036112627.1	XP_036112627.1
XP_036112628.1	XP_036112628.1
XP_036112629.1	XP_036112629.1
XP_036112630.1	XP_036112630.1
XP_036115629.1	XP_036115629.1
XP_036115630.1	XP_036115630.1
XP_036115631.1	XP_036115631.1
XP_036117330.1	XP_036117330.1
XP_036131248.1	XP_036131248.1
XP_036134982.1	XP_036134982.1
XP_036134983.1	XP_036134983.1
XP_036134985.1	XP_036134985.1
XP_036134986.1	XP_036134986.1
XP_036135318.1	XP_036135318.1
XP_036135319.1	XP_036135319.1
XP_036151685.1	XP_036151685.1
XP_036151687.1	XP_036151687.1
XP_036154789.1	XP_036154789.1
XP_036164310.1	XP_036164310.1
XP_036164311.1	XP_036164311.1
XP_036164312.1	XP_036164312.1
XP_036164313.1	XP_036164313.1
XP_036164314.1	XP_036164314.1
XP_036164709.1	XP_036164709.1
XP_036164710.1	XP_036164710.1
XP_036164711.1	XP_036164711.1
XP_036164712.1	XP_036164712.1
XP_036164713.1	XP_036164713.1
XP_036164714.1	XP_036164714.1
XP_036164715.1	XP_036164715.1
XP_036186523.1	XP_036186523.1
XP_036186528.1	XP_036186528.1
XP_036186529.1	XP_036186529.1
XP_036186530.1	XP_036186530.1
XP_036201423.1	XP_036201423.1
XP_036201424.1	XP_036201424.1
XP_036203369.1	XP_036203369.1
XP_036203371.1	XP_036203371.1
XP_036203372.1	XP_036203372.1
XP_036203374.1	XP_036203374.1
XP_036203375.1	XP_036203375.1
XP_036203376.1	XP_036203376.1
XP_036203377.1	XP_036203377.1
XP_036207695.1	XP_036207695.1
XP_036224501.2	XP_036224501.2
XP_036243448.1	XP_036243448.1
XP_036243450.1	XP_036243450.1
XP_036246484.1	XP_036246484.1
XP_036252165.2	XP_036252165.2
XP_036259131.1	XP_036259131.1
XP_036259188.1	XP_036259188.1
XP_036262420.1	XP_036262420.1
XP_036262421.1	XP_036262421.1
XP_036262422.1	XP_036262422.1
XP_036262424.1	XP_036262424.1
XP_036265153.1	XP_036265153.1
XP_036265154.1	XP_036265154.1
XP_036265156.1	XP_036265156.1
XP_036265325.1	XP_036265325.1
XP_036273140.2	XP_036273140.2
XP_036289502.1	XP_036289502.1
XP_036289506.1	XP_036289506.1
XP_036289507.1	XP_036289507.1
XP_036296555.1	XP_036296555.1
XP_036303118.1	XP_036303118.1
XP_036303119.1	XP_036303119.1
XP_036303120.1	XP_036303120.1
XP_036303121.1	XP_036303121.1
XP_036303122.1	XP_036303122.1
XP_036303123.1	XP_036303123.1
XP_036303124.1	XP_036303124.1
XP_036309326.1	XP_036309326.1
XP_036309335.1	XP_036309335.1
XP_036318551.1	XP_036318551.1
XP_036318555.1	XP_036318555.1
XP_036334712.1	XP_036334712.1
XP_036337813.1	XP_036337813.1
XP_036339512.1	XP_036339512.1
XP_036339514.1	XP_036339514.1
XP_036345463.1	XP_036345463.1
XP_036345574.1	XP_036345574.1
XP_036348407.2	XP_036348407.2
XP_036350198.2	XP_036350198.2
XP_036350199.2	XP_036350199.2
XP_036367472.1	XP_036367472.1
XP_036368524.1	XP_036368524.1
XP_036375665.1	XP_036375665.1
XP_036377974.1	XP_036377974.1
XP_036382550.1	XP_036382550.1
XP_036382555.1	XP_036382555.1
XP_036384747.1	XP_036384747.1
XP_036390871.1	XP_036390871.1
XP_036390872.1	XP_036390872.1
XP_036398094.1	XP_036398094.1
XP_036399493.1	XP_036399493.1
XP_036410367.1	XP_036410367.1
XP_036411489.1	XP_036411489.1
XP_036421533.1	XP_036421533.1
XP_036428401.1	XP_036428401.1
XP_036429089.1	XP_036429089.1
XP_036439964.1	XP_036439964.1
XP_036439965.1	XP_036439965.1
XP_036446504.1	XP_036446504.1
XP_036446976.1	XP_036446976.1
XP_036446978.1	XP_036446978.1
XP_036454800.1	XP_036454800.1
XP_036490891.1	XP_036490891.1
XP_036498716.1	XP_036498716.1
XP_036533415.1	XP_036533415.1
XP_036540232.1	XP_036540232.1
XP_036588603.1	XP_036588603.1
XP_036589048.1	XP_036589048.1
XP_036594752.1	XP_036594752.1
XP_036605189.1	XP_036605189.1
XP_036605190.1	XP_036605190.1
XP_036610467.1	XP_036610467.1
XP_036610468.1	XP_036610468.1
XP_036610469.1	XP_036610469.1
XP_036610470.1	XP_036610470.1
XP_036610471.1	XP_036610471.1
XP_036617108.1	XP_036617108.1
XP_036618531.1	XP_036618531.1
XP_036618549.1	XP_036618549.1
XP_036620454.1	XP_036620454.1
XP_036620455.1	XP_036620455.1
XP_036622522.1	XP_036622522.1
XP_036622534.1	XP_036622534.1
XP_036626227.1	XP_036626227.1
XP_036626696.1	XP_036626696.1
XP_036636133.1	XP_036636133.1
XP_036663922.1	XP_036663922.1
XP_036672945.3	XP_036672945.3
XP_036676308.2	XP_036676308.2
XP_036689719.1	XP_036689719.1
XP_036698790.1	XP_036698790.1
XP_036700821.1	XP_036700821.1
XP_036700830.1	XP_036700830.1
XP_036700836.1	XP_036700836.1
XP_036700846.1	XP_036700846.1
XP_036700854.1	XP_036700854.1
XP_036700862.1	XP_036700862.1
XP_036701996.1	XP_036701996.1
XP_036701998.1	XP_036701998.1
XP_036701999.1	XP_036701999.1
XP_036702000.1	XP_036702000.1
XP_036702627.1	XP_036702627.1
XP_036702628.1	XP_036702628.1
XP_036702630.1	XP_036702630.1
XP_036702631.1	XP_036702631.1
XP_036710716.1	XP_036710716.1
XP_036710718.1	XP_036710718.1
XP_036710719.1	XP_036710719.1
XP_036710720.1	XP_036710720.1
XP_036710722.1	XP_036710722.1
XP_036710724.1	XP_036710724.1
XP_036714470.1	XP_036714470.1
XP_036715702.1	XP_036715702.1
XP_036715703.1	XP_036715703.1
XP_036715704.1	XP_036715704.1
XP_036736913.2	XP_036736913.2
XP_036736914.2	XP_036736914.2
XP_036749138.1	XP_036749138.1
XP_036749139.1	XP_036749139.1
XP_036749140.1	XP_036749140.1
XP_036749141.1	XP_036749141.1
XP_036749143.1	XP_036749143.1
XP_036749144.1	XP_036749144.1
XP_036749145.1	XP_036749145.1
XP_036749146.1	XP_036749146.1
XP_036749147.1	XP_036749147.1
XP_036752568.2	XP_036752568.2
XP_036752569.2	XP_036752569.2
XP_036752570.2	XP_036752570.2
XP_036752571.2	XP_036752571.2
XP_036760224.2	XP_036760224.2
XP_036760231.2	XP_036760231.2
XP_036760234.2	XP_036760234.2
XP_036768152.1	XP_036768152.1
XP_036768153.2	XP_036768153.2
XP_036768154.1	XP_036768154.1
XP_036770047.2	XP_036770047.2
XP_036781709.2	XP_036781709.2
XP_036781717.2	XP_036781717.2
XP_036781727.2	XP_036781727.2
XP_036781736.2	XP_036781736.2
XP_036792439.1	XP_036792439.1
XP_036808944.1	XP_036808944.1
XP_036826771.1	XP_036826771.1
XP_036855895.2	XP_036855895.2
XP_036855919.1	XP_036855919.1
XP_036857355.1	XP_036857355.1
XP_036857356.1	XP_036857356.1
XP_036880749.2	XP_036880749.2
XP_036882952.1	XP_036882952.1
XP_036888212.1	XP_036888212.1
XP_036888214.1	XP_036888214.1
XP_036892025.1	XP_036892025.1
XP_036892028.1	XP_036892028.1
XP_036892029.1	XP_036892029.1
XP_036892030.1	XP_036892030.1
XP_036899160.1	XP_036899160.1
XP_036899162.1	XP_036899162.1
XP_036899164.1	XP_036899164.1
XP_036899165.1	XP_036899165.1
XP_036899166.1	XP_036899166.1
XP_036899167.1	XP_036899167.1
XP_036899168.1	XP_036899168.1
XP_036899169.1	XP_036899169.1
XP_036899170.1	XP_036899170.1
XP_036908809.1	XP_036908809.1
XP_036914017.1	XP_036914017.1
XP_036914018.1	XP_036914018.1
XP_036914019.1	XP_036914019.1
XP_036918876.1	XP_036918876.1
XP_036918877.1	XP_036918877.1
XP_036922254.1	XP_036922254.1
XP_036922255.1	XP_036922255.1
XP_036929907.1	XP_036929907.1
XP_036929908.1	XP_036929908.1
XP_036929909.1	XP_036929909.1
XP_036934803.1	XP_036934803.1
XP_036936737.1	XP_036936737.1
XP_036948229.1	XP_036948229.1
XP_036948230.1	XP_036948230.1
XP_036952711.1	XP_036952711.1
XP_036953026.1	XP_036953026.1
XP_036954344.1	XP_036954344.1
XP_036970170.1	XP_036970170.1
XP_036970179.1	XP_036970179.1
XP_036982525.2	XP_036982525.2
XP_036986672.2	XP_036986672.2
XP_036986673.2	XP_036986673.2
XP_036986674.2	XP_036986674.2
XP_036993547.1	XP_036993547.1
XP_036993548.1	XP_036993548.1
XP_036997482.2	XP_036997482.2
XP_036997484.2	XP_036997484.2
XP_037015770.2	XP_037015770.2
XP_037021392.2	XP_037021392.2
XP_037024443.1	XP_037024443.1
XP_037028494.1	XP_037028494.1
XP_037031832.1	XP_037031832.1
XP_037031836.1	XP_037031836.1
XP_037036514.1	XP_037036514.1
XP_037036908.1	XP_037036908.1
XP_037039462.1	XP_037039462.1
XP_037047264.2	XP_037047264.2
XP_037058685.1	XP_037058685.1
XP_037061559.1	XP_037061559.1
XP_037061562.1	XP_037061562.1
XP_037061563.1	XP_037061563.1
XP_037061966.1	XP_037061966.1
XP_037061967.1	XP_037061967.1
XP_037065406.1	XP_037065406.1
XP_037067880.1	XP_037067880.1
XP_037071935.1	XP_037071935.1
XP_037082044.1	XP_037082044.1
XP_037082824.1	XP_037082824.1
XP_037085910.1	XP_037085910.1
XP_037093234.1	XP_037093234.1
XP_037093235.1	XP_037093235.1
XP_037094913.1	XP_037094913.1
XP_037103637.1	XP_037103637.1
XP_037106434.1	XP_037106434.1
XP_037113814.1	XP_037113814.1
XP_037113817.1	XP_037113817.1
XP_037115837.1	XP_037115837.1
XP_037115838.1	XP_037115838.1
XP_037115839.1	XP_037115839.1
XP_037115840.1	XP_037115840.1
XP_037120211.1	XP_037120211.1
XP_037129471.1	XP_037129471.1
XP_037133421.1	XP_037133421.1
XP_037135241.1	XP_037135241.1
XP_037135242.1	XP_037135242.1
XP_037139985.1	XP_037139985.1
XP_037145442.1	XP_037145442.1
XP_037151106.1	XP_037151106.1
XP_037151377.1	XP_037151377.1
XP_037154327.1	XP_037154327.1
XP_037160480.1	XP_037160480.1
XP_037164472.1	XP_037164472.1
XP_037168973.1	XP_037168973.1
XP_037174476.1	XP_037174476.1
XP_037182407.1	XP_037182407.1
XP_037196591.1	XP_037196591.1
XP_037196974.1	XP_037196974.1
XP_037197205.1	XP_037197205.1
XP_037199774.1	XP_037199774.1
XP_037211242.1	XP_037211242.1
XP_037217463.1	XP_037217463.1
XP_037217750.1	XP_037217750.1
XP_037220743.1	XP_037220743.1
XP_037228171.1	XP_037228171.1
XP_037228621.1	XP_037228621.1
XP_037228623.1	XP_037228623.1
XP_037228624.1	XP_037228624.1
XP_037228625.1	XP_037228625.1
XP_037228626.1	XP_037228626.1
XP_037228627.1	XP_037228627.1
XP_037229176.1	XP_037229176.1
XP_037229179.1	XP_037229179.1
XP_037230743.1	XP_037230743.1
XP_037238886.1	XP_037238886.1
XP_037238888.1	XP_037238888.1
XP_037260725.1	XP_037260725.1
XP_037260727.1	XP_037260727.1
XP_037264663.1	XP_037264663.1
XP_037264664.1	XP_037264664.1
XP_037269860.2	XP_037269860.2
XP_037275570.1	XP_037275570.1
XP_037283477.1	XP_037283477.1
XP_037283478.1	XP_037283478.1
XP_037288070.2	XP_037288070.2
XP_037288072.2	XP_037288072.2
XP_037293433.1	XP_037293433.1
XP_037293434.1	XP_037293434.1
XP_037301281.1	XP_037301281.1
XP_037302100.1	XP_037302100.1
XP_037302285.1	XP_037302285.1
XP_037302286.1	XP_037302286.1
XP_037310862.2	XP_037310862.2
XP_037310863.2	XP_037310863.2
XP_037312160.2	XP_037312160.2
XP_037312161.2	XP_037312161.2
XP_037312162.2	XP_037312162.2
XP_037320593.2	XP_037320593.2
XP_037325740.2	XP_037325740.2
XP_037325742.2	XP_037325742.2
XP_037329644.2	XP_037329644.2
XP_037337828.2	XP_037337828.2
XP_037337829.2	XP_037337829.2
XP_037338575.2	XP_037338575.2
XP_037338878.2	XP_037338878.2
XP_037350837.1	XP_037350837.1
XP_037356317.1	XP_037356317.1
XP_037356319.1	XP_037356319.1
XP_037356320.1	XP_037356320.1
XP_037366412.1	XP_037366412.1
XP_037372186.1	XP_037372186.1
XP_037373598.1	XP_037373598.1
XP_037384943.2	XP_037384943.2
XP_037384945.1	XP_037384945.1
XP_037385523.1	XP_037385523.1
XP_037385524.1	XP_037385524.1
XP_037397336.1	XP_037397336.1
XP_037397337.1	XP_037397337.1
XP_037404907.1	XP_037404907.1
XP_037404915.1	XP_037404915.1
XP_037406457.1	XP_037406457.1
XP_037407323.1	XP_037407323.1
XP_037410001.1	XP_037410001.1
XP_037413858.1	XP_037413858.1
XP_037414760.1	XP_037414760.1
XP_037414761.1	XP_037414761.1
XP_037414762.1	XP_037414762.1
XP_037414763.1	XP_037414763.1
XP_037418075.1	XP_037418075.1
XP_037422638.1	XP_037422638.1
XP_037428538.1	XP_037428538.1
XP_037428539.1	XP_037428539.1
XP_037428540.1	XP_037428540.1
XP_037445085.1	XP_037445085.1
XP_037450610.1	XP_037450610.1
XP_037458016.1	XP_037458016.1
XP_037459842.1	XP_037459842.1
XP_037464542.1	XP_037464542.1
XP_037503438.1	XP_037503438.1
XP_037503442.1	XP_037503442.1
XP_037521343.1	XP_037521343.1
XP_037527433.1	XP_037527433.1
XP_037533014.1	XP_037533014.1
XP_037536397.1	XP_037536397.1
XP_037536874.1	XP_037536874.1
XP_037546716.1	XP_037546716.1
XP_037549270.1	XP_037549270.1
XP_037549771.1	XP_037549771.1
XP_037553509.1	XP_037553509.1
XP_037553824.1	XP_037553824.1
XP_037556229.1	XP_037556229.1
XP_037556230.1	XP_037556230.1
XP_037559597.2	XP_037559597.2
XP_037581588.1	XP_037581588.1
XP_037581595.1	XP_037581595.1
XP_037581600.1	XP_037581600.1
XP_037586953.1	XP_037586953.1
XP_037586958.1	XP_037586958.1
XP_037589812.1	XP_037589812.1
XP_037589813.1	XP_037589813.1
XP_037589814.1	XP_037589814.1
XP_037605201.1	XP_037605201.1
XP_037611810.1	XP_037611810.1
XP_037613208.1	XP_037613208.1
XP_037613209.1	XP_037613209.1
XP_037613210.1	XP_037613210.1
XP_037625943.1	XP_037625943.1
XP_037625946.1	XP_037625946.1
XP_037632883.1	XP_037632883.1
XP_037633220.1	XP_037633220.1
XP_037633222.1	XP_037633222.1
XP_037633224.1	XP_037633224.1
XP_037633226.1	XP_037633226.1
XP_037633228.1	XP_037633228.1
XP_037633230.1	XP_037633230.1
XP_037641513.1	XP_037641513.1
XP_037651962.1	XP_037651962.1
XP_037651963.1	XP_037651963.1
XP_037651964.1	XP_037651964.1
XP_037654837.1	XP_037654837.1
XP_037654838.1	XP_037654838.1
XP_037654839.1	XP_037654839.1
XP_037657194.1	XP_037657194.1
XP_037657196.1	XP_037657196.1
XP_037671846.1	XP_037671846.1
XP_037671847.1	XP_037671847.1
XP_037683149.1	XP_037683149.1
XP_037683150.1	XP_037683150.1
XP_037683151.1	XP_037683151.1
XP_037683152.1	XP_037683152.1
XP_037683153.1	XP_037683153.1
XP_037683154.1	XP_037683154.1
XP_037693890.1	XP_037693890.1
XP_037693891.1	XP_037693891.1
XP_037694140.1	XP_037694140.1
XP_037694141.1	XP_037694141.1
XP_037694142.1	XP_037694142.1
XP_037694143.1	XP_037694143.1
XP_037694144.1	XP_037694144.1
XP_037706858.1	XP_037706858.1
XP_037706859.1	XP_037706859.1
XP_037706860.1	XP_037706860.1
XP_037718525.1	XP_037718525.1
XP_037723871.1	XP_037723871.1
XP_037725338.1	XP_037725338.1
XP_037726088.1	XP_037726088.1
XP_037727780.1	XP_037727780.1
XP_037728825.1	XP_037728825.1
XP_037729100.1	XP_037729100.1
XP_037729101.1	XP_037729101.1
XP_037732708.1	XP_037732708.1
XP_037733540.1	XP_037733540.1
XP_037746852.1	XP_037746852.1
XP_037746853.1	XP_037746853.1
XP_037749287.1	XP_037749287.1
XP_037749288.1	XP_037749288.1
XP_037749289.1	XP_037749289.1
XP_037757677.1	XP_037757677.1
XP_037757681.1	XP_037757681.1
XP_037757684.1	XP_037757684.1
XP_037762612.1	XP_037762612.1
XP_037762616.1	XP_037762616.1
XP_037762617.1	XP_037762617.1
XP_037762618.1	XP_037762618.1
XP_037775964.1	XP_037775964.1
XP_037783010.1	XP_037783010.1
XP_037786038.1	XP_037786038.1
XP_037786250.1	XP_037786250.1
XP_037786470.1	XP_037786470.1
XP_037793242.1	XP_037793242.1
XP_037809322.1	XP_037809322.1
XP_037810513.1	XP_037810513.1
XP_037813916.1	XP_037813916.1
XP_037815351.1	XP_037815351.1
XP_037822082.1	XP_037822082.1
XP_037831816.1	XP_037831816.1
XP_037831817.1	XP_037831817.1
XP_037836962.1	XP_037836962.1
XP_037838070.1	XP_037838070.1
XP_037844624.2	XP_037844624.2
XP_037855127.2	XP_037855127.2
XP_037855128.2	XP_037855128.2
XP_037864436.1	XP_037864436.1
XP_037864437.1	XP_037864437.1
XP_037873064.1	XP_037873064.1
XP_037873951.1	XP_037873951.1
XP_037873952.1	XP_037873952.1
XP_037881338.1	XP_037881338.1
XP_037887901.1	XP_037887901.1
XP_037892357.1	XP_037892357.1
XP_037892378.1	XP_037892378.1
XP_037893764.1	XP_037893764.1
XP_037898354.1	XP_037898354.1
XP_037899403.1	XP_037899403.1
XP_037899404.1	XP_037899404.1
XP_037899423.1	XP_037899423.1
XP_037899424.1	XP_037899424.1
XP_037905614.1	XP_037905614.1
XP_037915288.1	XP_037915288.1
XP_037915335.1	XP_037915335.1
XP_037916548.1	XP_037916548.1
XP_037916549.1	XP_037916549.1
XP_037916551.1	XP_037916551.1
XP_037927821.1	XP_037927821.1
XP_037934377.1	XP_037934377.1
XP_037934378.1	XP_037934378.1
XP_037937834.1	XP_037937834.1
XP_037937835.1	XP_037937835.1
XP_037937836.1	XP_037937836.1
XP_037937837.1	XP_037937837.1
XP_037937839.1	XP_037937839.1
XP_037937842.1	XP_037937842.1
XP_037937843.1	XP_037937843.1
XP_037937844.1	XP_037937844.1
XP_037939410.1	XP_037939410.1
XP_037952551.1	XP_037952551.1
XP_037979956.1	XP_037979956.1
XP_037979959.1	XP_037979959.1
XP_037981771.1	XP_037981771.1
XP_037981774.1	XP_037981774.1
XP_037982551.1	XP_037982551.1
XP_037983249.1	XP_037983249.1
XP_037983250.1	XP_037983250.1
XP_037983251.1	XP_037983251.1
XP_037983253.1	XP_037983253.1
XP_037983254.1	XP_037983254.1
XP_037984498.1	XP_037984498.1
XP_038000116.1	XP_038000116.1
XP_038000119.1	XP_038000119.1
XP_038003967.1	XP_038003967.1
XP_038026360.1	XP_038026360.1
XP_038026565.1	XP_038026565.1
XP_038030612.2	XP_038030612.2
XP_038039121.2	XP_038039121.2
XP_038039122.1	XP_038039122.1
XP_038039124.2	XP_038039124.2
XP_038056335.1	XP_038056335.1
XP_038058262.1	XP_038058262.1
XP_038070014.1	XP_038070014.1
XP_038072650.1	XP_038072650.1
XP_038072652.1	XP_038072652.1
XP_038077444.1	XP_038077444.1
XP_038115337.1	XP_038115337.1
XP_038118905.1	XP_038118905.1
XP_038119861.1	XP_038119861.1
XP_038122347.1	XP_038122347.1
XP_038122348.1	XP_038122348.1
XP_038122349.1	XP_038122349.1
XP_038133259.1	XP_038133259.1
XP_038133260.1	XP_038133260.1
XP_038133261.1	XP_038133261.1
XP_038138542.1	XP_038138542.1
XP_038138801.1	XP_038138801.1
XP_038142985.1	XP_038142985.1
XP_038142993.1	XP_038142993.1
XP_038152731.1	XP_038152731.1
XP_038153350.1	XP_038153350.1
XP_038155707.1	XP_038155707.1
XP_038155708.1	XP_038155708.1
XP_038156700.1	XP_038156700.1
XP_038168864.1	XP_038168864.1
XP_038168865.1	XP_038168865.1
XP_038177533.1	XP_038177533.1
XP_038177536.1	XP_038177536.1
XP_038178989.1	XP_038178989.1
XP_038178990.1	XP_038178990.1
XP_038178991.1	XP_038178991.1
XP_038183180.1	XP_038183180.1
XP_038183188.1	XP_038183188.1
XP_038188717.1	XP_038188717.1
XP_038188718.1	XP_038188718.1
XP_038188719.1	XP_038188719.1
XP_038188720.1	XP_038188720.1
XP_038188721.1	XP_038188721.1
XP_038188722.1	XP_038188722.1
XP_038189481.1	XP_038189481.1
XP_038189482.1	XP_038189482.1
XP_038189483.1	XP_038189483.1
XP_038189485.1	XP_038189485.1
XP_038189487.1	XP_038189487.1
XP_038191397.1	XP_038191397.1
XP_038191402.1	XP_038191402.1
XP_038191403.1	XP_038191403.1
XP_038212391.1	XP_038212391.1
XP_038212392.1	XP_038212392.1
XP_038212394.1	XP_038212394.1
XP_038212395.1	XP_038212395.1
XP_038212878.1	XP_038212878.1
XP_038212882.1	XP_038212882.1
XP_038218672.1	XP_038218672.1
XP_038218674.1	XP_038218674.1
XP_038221993.1	XP_038221993.1
XP_038224332.1	XP_038224332.1
XP_038224333.1	XP_038224333.1
XP_038249020.1	XP_038249020.1
XP_038249215.1	XP_038249215.1
XP_038249216.1	XP_038249216.1
XP_038249219.1	XP_038249219.1
XP_038249220.1	XP_038249220.1
XP_038258239.1	XP_038258239.1
XP_038259080.1	XP_038259080.1
XP_038264690.1	XP_038264690.1
XP_038264691.1	XP_038264691.1
XP_038270690.1	XP_038270690.1
XP_038301448.1	XP_038301448.1
XP_038301449.1	XP_038301449.1
XP_038387009.1	XP_038387009.1
XP_038387010.1	XP_038387010.1
XP_038387011.1	XP_038387011.1
XP_038387013.1	XP_038387013.1
XP_038439267.1	XP_038439267.1
XP_038439268.1	XP_038439268.1
XP_038515316.1	XP_038515316.1
XP_038550700.1	XP_038550700.1
XP_038557056.1	XP_038557056.1
XP_038558436.1	XP_038558436.1
XP_038558636.1	XP_038558636.1
XP_038558637.1	XP_038558637.1
XP_038567839.1	XP_038567839.1
XP_038570959.1	XP_038570959.1
XP_038570960.1	XP_038570960.1
XP_038579830.1	XP_038579830.1
XP_038591568.1	XP_038591568.1
XP_038591569.1	XP_038591569.1
XP_038591570.1	XP_038591570.1
XP_038609266.1	XP_038609266.1
XP_038611574.1	XP_038611574.1
XP_038616489.1	XP_038616489.1
XP_038621706.1	XP_038621706.1
XP_038626043.1	XP_038626043.1
XP_038626427.1	XP_038626427.1
XP_038626428.1	XP_038626428.1
XP_038634746.1	XP_038634746.1
XP_038634747.1	XP_038634747.1
XP_038650167.1	XP_038650167.1
XP_038650168.1	XP_038650168.1
XP_038650169.1	XP_038650169.1
XP_038650170.1	XP_038650170.1
XP_038653124.1	XP_038653124.1
XP_038653125.1	XP_038653125.1
XP_038653126.1	XP_038653126.1
XP_038653127.1	XP_038653127.1
XP_038654167.1	XP_038654167.1
XP_038660747.1	XP_038660747.1
XP_038660749.1	XP_038660749.1
XP_038660750.1	XP_038660750.1
XP_038661494.1	XP_038661494.1
XP_038661495.1	XP_038661495.1
XP_038662614.1	XP_038662614.1
XP_038683677.1	XP_038683677.1
XP_038683678.1	XP_038683678.1
XP_038686092.1	XP_038686092.1
XP_038690565.1	XP_038690565.1
XP_038706857.1	XP_038706857.1
XP_038706858.1	XP_038706858.1
XP_038708162.1	XP_038708162.1
XP_038708163.1	XP_038708163.1
XP_038708164.1	XP_038708164.1
XP_038709986.1	XP_038709986.1
XP_038729703.1	XP_038729703.1
XP_038735291.1	XP_038735291.1
XP_038748928.1	XP_038748928.1
XP_038751068.1	XP_038751068.1
XP_038757758.1	XP_038757758.1
XP_038763468.1	XP_038763468.1
XP_038763696.1	XP_038763696.1
XP_038766223.1	XP_038766223.1
XP_038770704.1	XP_038770704.1
XP_038773043.1	XP_038773043.1
XP_038777045.1	XP_038777045.1
XP_038787939.1	XP_038787939.1
XP_038791840.1	XP_038791840.1
XP_038791951.1	XP_038791951.1
XP_038792486.2	XP_038792486.2
XP_038799471.1	XP_038799471.1
XP_038802670.2	XP_038802670.2
XP_038810245.1	XP_038810245.1
XP_038810759.1	XP_038810759.1
XP_038811180.1	XP_038811180.1
XP_038822628.1	XP_038822628.1
XP_038825260.1	XP_038825260.1
XP_038827603.1	XP_038827603.1
XP_038827604.1	XP_038827604.1
XP_038828969.1	XP_038828969.1
XP_038838047.1	XP_038838047.1
XP_038838048.1	XP_038838048.1
XP_038845970.1	XP_038845970.1
XP_038845980.1	XP_038845980.1
XP_038846303.1	XP_038846303.1
XP_038849658.1	XP_038849658.1
XP_038852562.1	XP_038852562.1
XP_038855609.1	XP_038855609.1
XP_038857493.1	XP_038857493.1
XP_038858705.1	XP_038858705.1
XP_038858707.1	XP_038858707.1
XP_038872848.1	XP_038872848.1
XP_038877320.1	XP_038877320.1
XP_038890315.1	XP_038890315.1
XP_038899128.1	XP_038899128.1
XP_038914663.1	XP_038914663.1
XP_038916013.1	XP_038916013.1
XP_038918834.1	XP_038918834.1
XP_038920330.1	XP_038920330.1
XP_038930657.1	XP_038930657.1
XP_038951675.1	XP_038951675.1
XP_038952169.1	XP_038952169.1
XP_038952171.1	XP_038952171.1
XP_038953651.1	XP_038953651.1
XP_038958452.1	XP_038958452.1
XP_038958454.1	XP_038958454.1
XP_038958456.1	XP_038958456.1
XP_038965900.1	XP_038965900.1
XP_038965902.1	XP_038965902.1
XP_038965903.1	XP_038965903.1
XP_038965904.1	XP_038965904.1
XP_038966019.1	XP_038966019.1
XP_038970044.1	XP_038970044.1
XP_038972327.1	XP_038972327.1
XP_038972328.1	XP_038972328.1
XP_038972330.1	XP_038972330.1
XP_038978933.1	XP_038978933.1
XP_038979270.1	XP_038979270.1
XP_038981452.1	XP_038981452.1
XP_038981453.1	XP_038981453.1
XP_038987536.1	XP_038987536.1
XP_038988420.1	XP_038988420.1
XP_038988421.1	XP_038988421.1
XP_038994527.1	XP_038994527.1
XP_038994528.1	XP_038994528.1
XP_038997873.1	XP_038997873.1
XP_039003979.1	XP_039003979.1
XP_039003980.1	XP_039003980.1
XP_039016960.1	XP_039016960.1
XP_039017381.1	XP_039017381.1
XP_039023594.1	XP_039023594.1
XP_039025786.1	XP_039025786.1
XP_039075052.1	XP_039075052.1
XP_039075738.1	XP_039075738.1
XP_039075740.1	XP_039075740.1
XP_039075741.1	XP_039075741.1
XP_039075742.1	XP_039075742.1
XP_039078379.1	XP_039078379.1
XP_039078380.1	XP_039078380.1
XP_039078381.1	XP_039078381.1
XP_039094540.1	XP_039094540.1
XP_039094556.1	XP_039094556.1
XP_039094560.1	XP_039094560.1
XP_039094571.1	XP_039094571.1
XP_039094580.1	XP_039094580.1
XP_039094588.1	XP_039094588.1
XP_039094597.1	XP_039094597.1
XP_039094605.1	XP_039094605.1
XP_039094613.1	XP_039094613.1
XP_039097649.1	XP_039097649.1
XP_039097660.1	XP_039097660.1
XP_039113653.1	XP_039113653.1
XP_039125146.1	XP_039125146.1
XP_039129166.1	XP_039129166.1
XP_039134390.1	XP_039134390.1
XP_039149426.1	XP_039149426.1
XP_039152468.1	XP_039152468.1
XP_039153230.1	XP_039153230.1
XP_039154093.1	XP_039154093.1
XP_039154094.1	XP_039154094.1
XP_039164016.1	XP_039164016.1
XP_039165924.1	XP_039165924.1
XP_039167308.1	XP_039167308.1
XP_039170288.1	XP_039170288.1
XP_039175976.1	XP_039175976.1
XP_039175979.1	XP_039175979.1
XP_039185195.1	XP_039185195.1
XP_039185196.1	XP_039185196.1
XP_039199378.1	XP_039199378.1
XP_039199382.1	XP_039199382.1
XP_039199834.1	XP_039199834.1
XP_039199835.1	XP_039199835.1
XP_039199837.1	XP_039199837.1
XP_039208359.1	XP_039208359.1
XP_039219358.1	XP_039219358.1
XP_039219730.1	XP_039219730.1
XP_039231518.1	XP_039231518.1
XP_039231540.1	XP_039231540.1
XP_039235335.1	XP_039235335.1
XP_039236663.1	XP_039236663.1
XP_039242857.1	XP_039242857.1
XP_039242858.1	XP_039242858.1
XP_039250386.2	XP_039250386.2
XP_039254761.2	XP_039254761.2
XP_039255416.2	XP_039255416.2
XP_039258608.2	XP_039258608.2
XP_039291026.1	XP_039291026.1
XP_039293550.1	XP_039293550.1
XP_039297324.1	XP_039297324.1
XP_039298445.1	XP_039298445.1
XP_039301461.1	XP_039301461.1
XP_039305916.1	XP_039305916.1
XP_039312999.1	XP_039312999.1
XP_039339600.1	XP_039339600.1
XP_039339606.1	XP_039339606.1
XP_039339607.1	XP_039339607.1
XP_039339608.1	XP_039339608.1
XP_039359753.1	XP_039359753.1
XP_039359754.1	XP_039359754.1
XP_039359755.1	XP_039359755.1
XP_039378277.1	XP_039378277.1
XP_039378279.1	XP_039378279.1
XP_039379948.1	XP_039379948.1
XP_039379949.1	XP_039379949.1
XP_039379950.1	XP_039379950.1
XP_039379951.1	XP_039379951.1
XP_039379952.1	XP_039379952.1
XP_039399349.1	XP_039399349.1
XP_039399351.1	XP_039399351.1
XP_039399353.1	XP_039399353.1
XP_039401872.1	XP_039401872.1
XP_039401875.1	XP_039401875.1
XP_039402671.1	XP_039402671.1
XP_039402673.1	XP_039402673.1
XP_039411632.1	XP_039411632.1
XP_039411634.1	XP_039411634.1
XP_039411635.1	XP_039411635.1
XP_039414334.1	XP_039414334.1
XP_039422987.1	XP_039422987.1
XP_039434838.1	XP_039434838.1
XP_039434839.1	XP_039434839.1
XP_039434840.1	XP_039434840.1
XP_039436987.1	XP_039436987.1
XP_039444416.1	XP_039444416.1
XP_039447535.1	XP_039447535.1
XP_039457038.1	XP_039457038.1
XP_039457039.1	XP_039457039.1
XP_039461897.1	XP_039461897.1
XP_039476741.1	XP_039476741.1
XP_039476742.1	XP_039476742.1
XP_039476743.1	XP_039476743.1
XP_039476744.1	XP_039476744.1
XP_039487984.1	XP_039487984.1
XP_039492499.1	XP_039492499.1
XP_039496026.1	XP_039496026.1
XP_039496187.1	XP_039496187.1
XP_039497251.1	XP_039497251.1
XP_039497619.1	XP_039497619.1
XP_039498009.1	XP_039498009.1
XP_039498010.1	XP_039498010.1
XP_039498011.1	XP_039498011.1
XP_039498012.1	XP_039498012.1
XP_039508804.1	XP_039508804.1
XP_039513295.1	XP_039513295.1
XP_039513302.1	XP_039513302.1
XP_039515889.1	XP_039515889.1
XP_039517372.1	XP_039517372.1
XP_039518053.1	XP_039518053.1
XP_039518054.1	XP_039518054.1
XP_039518428.1	XP_039518428.1
XP_039518429.1	XP_039518429.1
XP_039536960.1	XP_039536960.1
XP_039550454.1	XP_039550454.1
XP_039550455.1	XP_039550455.1
XP_039550456.1	XP_039550456.1
XP_039565690.1	XP_039565690.1
XP_039565693.1	XP_039565693.1
XP_039565826.1	XP_039565826.1
XP_039567239.1	XP_039567239.1
XP_039567240.1	XP_039567240.1
XP_039570743.1	XP_039570743.1
XP_039570744.1	XP_039570744.1
XP_039570745.1	XP_039570745.1
XP_039570746.1	XP_039570746.1
XP_039577285.1	XP_039577285.1
XP_039585649.1	XP_039585649.1
XP_039591623.1	XP_039591623.1
XP_039591625.1	XP_039591625.1
XP_039591626.1	XP_039591626.1
XP_039591627.1	XP_039591627.1
XP_039592843.1	XP_039592843.1
XP_039595951.1	XP_039595951.1
XP_039606542.1	XP_039606542.1
XP_039609808.1	XP_039609808.1
XP_039614310.1	XP_039614310.1
XP_039614311.1	XP_039614311.1
XP_039614312.1	XP_039614312.1
XP_039618804.1	XP_039618804.1
XP_039618805.1	XP_039618805.1
XP_039644948.1	XP_039644948.1
XP_039646351.1	XP_039646351.1
XP_039651464.1	XP_039651464.1
XP_039659581.1	XP_039659581.1
XP_039660058.1	XP_039660058.1
XP_039660060.1	XP_039660060.1
XP_039662769.1	XP_039662769.1
XP_039667433.1	XP_039667433.1
XP_039677000.1	XP_039677000.1
XP_039677001.1	XP_039677001.1
XP_039695642.1	XP_039695642.1
XP_039695643.1	XP_039695643.1
XP_039716165.1	XP_039716165.1
XP_039716168.1	XP_039716168.1
XP_039731551.1	XP_039731551.1
XP_039731554.1	XP_039731554.1
XP_039731555.1	XP_039731555.1
XP_039731556.1	XP_039731556.1
XP_039731557.1	XP_039731557.1
XP_039731558.1	XP_039731558.1
XP_039736756.1	XP_039736756.1
XP_039736757.1	XP_039736757.1
XP_039736758.1	XP_039736758.1
XP_039736759.1	XP_039736759.1
XP_039742246.1	XP_039742246.1
XP_039757006.1	XP_039757006.1
XP_039757165.1	XP_039757165.1
XP_039757166.1	XP_039757166.1
XP_039757265.1	XP_039757265.1
XP_039758634.1	XP_039758634.1
XP_039764496.1	XP_039764496.1
XP_039769881.1	XP_039769881.1
XP_039784680.1	XP_039784680.1
XP_039787959.1	XP_039787959.1
XP_039787960.1	XP_039787960.1
XP_039794292.1	XP_039794292.1
XP_039808366.1	XP_039808366.1
XP_039809762.1	XP_039809762.1
XP_039812672.1	XP_039812672.1
XP_039812674.1	XP_039812674.1
XP_039817807.1	XP_039817807.1
XP_039817809.1	XP_039817809.1
XP_039817810.1	XP_039817810.1
XP_039817811.1	XP_039817811.1
XP_039825237.1	XP_039825237.1
XP_039845553.1	XP_039845553.1
XP_039845596.1	XP_039845596.1
XP_039848428.1	XP_039848428.1
XP_039849942.1	XP_039849942.1
XP_039849943.1	XP_039849943.1
XP_039849945.1	XP_039849945.1
XP_039849946.1	XP_039849946.1
XP_039849947.1	XP_039849947.1
XP_039855023.1	XP_039855023.1
XP_039855024.1	XP_039855024.1
XP_039860017.1	XP_039860017.1
XP_039860021.1	XP_039860021.1
XP_039867764.1	XP_039867764.1
XP_039868984.1	XP_039868984.1
XP_039874722.1	XP_039874722.1
XP_039874723.1	XP_039874723.1
XP_039875523.1	XP_039875523.1
XP_039875526.1	XP_039875526.1
XP_039876189.1	XP_039876189.1
XP_039876190.1	XP_039876190.1
XP_039879255.1	XP_039879255.1
XP_039906661.1	XP_039906661.1
XP_039926004.2	XP_039926004.2
XP_039928350.1	XP_039928350.1
XP_039928353.1	XP_039928353.1
XP_039928354.1	XP_039928354.1
XP_039928355.1	XP_039928355.1
XP_039931420.1	XP_039931420.1
XP_039931572.1	XP_039931572.1
XP_039931578.1	XP_039931578.1
XP_039931585.1	XP_039931585.1
XP_039931595.1	XP_039931595.1
XP_039945923.1	XP_039945923.1
XP_039945924.1	XP_039945924.1
XP_039946151.1	XP_039946151.1
XP_039958543.1	XP_039958543.1
XP_039959379.1	XP_039959379.1
XP_039959405.1	XP_039959405.1
XP_039963145.1	XP_039963145.1
XP_039963146.1	XP_039963146.1
XP_039966054.1	XP_039966054.1
XP_039971281.1	XP_039971281.1
XP_039974330.1	XP_039974330.1
XP_039974331.1	XP_039974331.1
XP_039974332.1	XP_039974332.1
XP_039978633.1	XP_039978633.1
XP_039983264.1	XP_039983264.1
XP_039984561.1	XP_039984561.1
XP_039984565.1	XP_039984565.1
XP_039984566.1	XP_039984566.1
XP_039984567.1	XP_039984567.1
XP_039984568.1	XP_039984568.1
XP_039987997.1	XP_039987997.1
XP_039992020.1	XP_039992020.1
XP_040011037.1	XP_040011037.1
XP_040011396.1	XP_040011396.1
XP_040021860.2	XP_040021860.2
XP_040023082.2	XP_040023082.2
XP_040023083.2	XP_040023083.2
XP_040023084.1	XP_040023084.1
XP_040023100.1	XP_040023100.1
XP_040033283.2	XP_040033283.2
XP_040033284.2	XP_040033284.2
XP_040039989.2	XP_040039989.2
XP_040045096.2	XP_040045096.2
XP_040051270.2	XP_040051270.2
XP_040052582.1	XP_040052582.1
XP_040081814.1	XP_040081814.1
XP_040081820.1	XP_040081820.1
XP_040081822.1	XP_040081822.1
XP_040081825.1	XP_040081825.1
XP_040081830.1	XP_040081830.1
XP_040087051.1	XP_040087051.1
XP_040087052.1	XP_040087052.1
XP_040087053.1	XP_040087053.1
XP_040087054.1	XP_040087054.1
XP_040087055.1	XP_040087055.1
XP_040087056.1	XP_040087056.1
XP_040087057.1	XP_040087057.1
XP_040087059.1	XP_040087059.1
XP_040087060.1	XP_040087060.1
XP_040087061.1	XP_040087061.1
XP_040087062.1	XP_040087062.1
XP_040087063.1	XP_040087063.1
XP_040087064.1	XP_040087064.1
XP_040087065.1	XP_040087065.1
XP_040087066.1	XP_040087066.1
XP_040087067.1	XP_040087067.1
XP_040100759.1	XP_040100759.1
XP_040100787.1	XP_040100787.1
XP_040100796.1	XP_040100796.1
XP_040100805.1	XP_040100805.1
XP_040100812.1	XP_040100812.1
XP_040100821.1	XP_040100821.1
XP_040100828.1	XP_040100828.1
XP_040100837.1	XP_040100837.1
XP_040100863.1	XP_040100863.1
XP_040103968.1	XP_040103968.1
XP_040103969.1	XP_040103969.1
XP_040109402.1	XP_040109402.1
XP_040109403.1	XP_040109403.1
XP_040111953.1	XP_040111953.1
XP_040118137.1	XP_040118137.1
XP_040133347.1	XP_040133347.1
XP_040140153.1	XP_040140153.1
XP_040141526.1	XP_040141526.1
XP_040141527.1	XP_040141527.1
XP_040154642.1	XP_040154642.1
XP_040155871.1	XP_040155871.1
XP_040156512.1	XP_040156512.1
XP_040158407.1	XP_040158407.1
XP_040160640.1	XP_040160640.1
XP_040184649.1	XP_040184649.1
XP_040184650.1	XP_040184650.1
XP_040184651.1	XP_040184651.1
XP_040184883.1	XP_040184883.1
XP_040196533.1	XP_040196533.1
XP_040196541.1	XP_040196541.1
XP_040208536.1	XP_040208536.1
XP_040209354.1	XP_040209354.1
XP_040211435.1	XP_040211435.1
XP_040211436.1	XP_040211436.1
XP_040211437.1	XP_040211437.1
XP_040211438.1	XP_040211438.1
XP_040211439.1	XP_040211439.1
XP_040211440.1	XP_040211440.1
XP_040216401.1	XP_040216401.1
XP_040218334.2	XP_040218334.2
XP_040223711.2	XP_040223711.2
XP_040224177.2	XP_040224177.2
XP_040227358.2	XP_040227358.2
XP_040241297.2	XP_040241297.2
XP_040256922.1	XP_040256922.1
XP_040264743.1	XP_040264743.1
XP_040265035.1	XP_040265035.1
XP_040265037.1	XP_040265037.1
XP_040266002.1	XP_040266002.1
XP_040272937.1	XP_040272937.1
XP_040272938.1	XP_040272938.1
XP_040277312.1	XP_040277312.1
XP_040277313.1	XP_040277313.1
XP_040290163.1	XP_040290163.1
XP_040306195.1	XP_040306195.1
XP_040306202.1	XP_040306202.1
XP_040306203.1	XP_040306203.1
XP_040306204.1	XP_040306204.1
XP_040307015.1	XP_040307015.1
XP_040322103.1	XP_040322103.1
XP_040326181.1	XP_040326181.1
XP_040326183.1	XP_040326183.1
XP_040326184.1	XP_040326184.1
XP_040326185.1	XP_040326185.1
XP_040326186.1	XP_040326186.1
XP_040326187.1	XP_040326187.1
XP_040326188.1	XP_040326188.1
XP_040326189.1	XP_040326189.1
XP_040326190.1	XP_040326190.1
XP_040326192.1	XP_040326192.1
XP_040349616.1	XP_040349616.1
XP_040349625.1	XP_040349625.1
XP_040353918.1	XP_040353918.1
XP_040360272.1	XP_040360272.1
XP_040365490.1	XP_040365490.1
XP_040365494.1	XP_040365494.1
XP_040365498.1	XP_040365498.1
XP_040365499.1	XP_040365499.1
XP_040365501.1	XP_040365501.1
XP_040365523.1	XP_040365523.1
XP_040396767.1	XP_040396767.1
XP_040396769.1	XP_040396769.1
XP_040396770.1	XP_040396770.1
XP_040396771.1	XP_040396771.1
XP_040396773.1	XP_040396773.1
XP_040397020.1	XP_040397020.1
XP_040397023.1	XP_040397023.1
XP_040397025.1	XP_040397025.1
XP_040397026.1	XP_040397026.1
XP_040399378.1	XP_040399378.1
XP_040403942.1	XP_040403942.1
XP_040404221.1	XP_040404221.1
XP_040404222.1	XP_040404222.1
XP_040404223.1	XP_040404223.1
XP_040404224.1	XP_040404224.1
XP_040420991.1	XP_040420991.1
XP_040420993.1	XP_040420993.1
XP_040420995.1	XP_040420995.1
XP_040420997.1	XP_040420997.1
XP_040434676.1	XP_040434676.1
XP_040434899.1	XP_040434899.1
XP_040434901.1	XP_040434901.1
XP_040434903.1	XP_040434903.1
XP_040434904.1	XP_040434904.1
XP_040435485.1	XP_040435485.1
XP_040435487.1	XP_040435487.1
XP_040435488.1	XP_040435488.1
XP_040442558.1	XP_040442558.1
XP_040442560.1	XP_040442560.1
XP_040442562.1	XP_040442562.1
XP_040442563.1	XP_040442563.1
XP_040445423.1	XP_040445423.1
XP_040445425.1	XP_040445425.1
XP_040467192.1	XP_040467192.1
XP_040467194.1	XP_040467194.1
XP_040476102.1	XP_040476102.1
XP_040476106.1	XP_040476106.1
XP_040476107.1	XP_040476107.1
XP_040476108.1	XP_040476108.1
XP_040476109.1	XP_040476109.1
XP_040476110.1	XP_040476110.1
XP_040483233.1	XP_040483233.1
XP_040483234.1	XP_040483234.1
XP_040483235.1	XP_040483235.1
XP_040483237.1	XP_040483237.1
XP_040483240.1	XP_040483240.1
XP_040486120.1	XP_040486120.1
XP_040521294.1	XP_040521294.1
XP_040534026.1	XP_040534026.1
XP_040542875.1	XP_040542875.1
XP_040542883.1	XP_040542883.1
XP_040564662.1	XP_040564662.1
XP_040565192.1	XP_040565192.1
XP_040566363.1	XP_040566363.1
XP_040566364.1	XP_040566364.1
XP_040566365.1	XP_040566365.1
XP_040574371.1	XP_040574371.1
XP_040584843.1	XP_040584843.1
XP_040584845.1	XP_040584845.1
XP_040591226.1	XP_040591226.1
XP_040603928.1	XP_040603928.1
XP_040611288.1	XP_040611288.1
XP_040612054.1	XP_040612054.1
XP_040612058.1	XP_040612058.1
XP_040612059.1	XP_040612059.1
XP_040612919.1	XP_040612919.1
XP_040612921.1	XP_040612921.1
XP_040612922.1	XP_040612922.1
XP_040612923.1	XP_040612923.1
XP_040612924.1	XP_040612924.1
XP_040612925.1	XP_040612925.1
XP_040612926.1	XP_040612926.1
XP_040620060.1	XP_040620060.1
XP_040621728.1	XP_040621728.1
XP_040621955.1	XP_040621955.1
XP_040627158.1	XP_040627158.1
XP_040627703.1	XP_040627703.1
XP_040636768.1	XP_040636768.1
XP_040637013.1	XP_040637013.1
XP_040648530.1	XP_040648530.1
XP_040653881.1	XP_040653881.1
XP_040657470.1	XP_040657470.1
XP_040667918.1	XP_040667918.1
XP_040680360.1	XP_040680360.1
XP_040682400.1	XP_040682400.1
XP_040695210.1	XP_040695210.1
XP_040702074.1	XP_040702074.1
XP_040712932.1	XP_040712932.1
XP_040716658.1	XP_040716658.1
XP_040724327.1	XP_040724327.1
XP_040725857.1	XP_040725857.1
XP_040726731.1	XP_040726731.1
XP_040727650.1	XP_040727650.1
XP_040735303.1	XP_040735303.1
XP_040742856.1	XP_040742856.1
XP_040742899.1	XP_040742899.1
XP_040744724.1	XP_040744724.1
XP_040745008.1	XP_040745008.1
XP_040758916.1	XP_040758916.1
XP_040761361.1	XP_040761361.1
XP_040762944.1	XP_040762944.1
XP_040767302.1	XP_040767302.1
XP_040776134.1	XP_040776134.1
XP_040778434.1	XP_040778434.1
XP_040784466.1	XP_040784466.1
XP_040785135.1	XP_040785135.1
XP_040789994.1	XP_040789994.1
XP_040791118.1	XP_040791118.1
XP_040798280.1	XP_040798280.1
XP_040816420.2	XP_040816420.2
XP_040833323.1	XP_040833323.1
XP_040833324.1	XP_040833324.1
XP_040834470.1	XP_040834470.1
XP_040837886.1	XP_040837886.1
XP_040838669.1	XP_040838669.1
XP_040838671.1	XP_040838671.1
XP_040841900.1	XP_040841900.1
XP_040841901.1	XP_040841901.1
XP_040841902.1	XP_040841902.1
XP_040841903.1	XP_040841903.1
XP_040848487.1	XP_040848487.1
XP_040848488.1	XP_040848488.1
XP_040852026.1	XP_040852026.1
XP_040860585.1	XP_040860585.1
XP_040860586.1	XP_040860586.1
XP_040860587.1	XP_040860587.1
XP_040860588.1	XP_040860588.1
XP_040867963.1	XP_040867963.1
XP_040881398.1	XP_040881398.1
XP_040883658.1	XP_040883658.1
XP_040885475.1	XP_040885475.1
XP_040895910.1	XP_040895910.1
XP_040896194.1	XP_040896194.1
XP_040898038.1	XP_040898038.1
XP_040898522.1	XP_040898522.1
XP_040901248.1	XP_040901248.1
XP_040909925.1	XP_040909925.1
XP_040922328.1	XP_040922328.1
XP_040922330.1	XP_040922330.1
XP_040934118.1	XP_040934118.1
XP_040936832.1	XP_040936832.1
XP_040936833.1	XP_040936833.1
XP_040936834.1	XP_040936834.1
XP_040936835.1	XP_040936835.1
XP_040938698.1	XP_040938698.1
XP_040938699.1	XP_040938699.1
XP_040959693.1	XP_040959693.1
XP_040961743.1	XP_040961743.1
XP_040961744.1	XP_040961744.1
XP_040962603.1	XP_040962603.1
XP_040977871.1	XP_040977871.1
XP_040977872.1	XP_040977872.1
XP_040977874.1	XP_040977874.1
XP_040984101.1	XP_040984101.1
XP_040985835.1	XP_040985835.1
XP_040999424.1	XP_040999424.1
XP_040999627.1	XP_040999627.1
XP_040999858.1	XP_040999858.1
XP_041000498.1	XP_041000498.1
XP_041000499.1	XP_041000499.1
XP_041007903.1	XP_041007903.1
XP_041007904.1	XP_041007904.1
XP_041007905.1	XP_041007905.1
XP_041007906.1	XP_041007906.1
XP_041021294.1	XP_041021294.1
XP_041029643.1	XP_041029643.1
XP_041029644.1	XP_041029644.1
XP_041040435.1	XP_041040435.1
XP_041040436.1	XP_041040436.1
XP_041040437.1	XP_041040437.1
XP_041040438.1	XP_041040438.1
XP_041040439.1	XP_041040439.1
XP_041040440.1	XP_041040440.1
XP_041040442.1	XP_041040442.1
XP_041040443.1	XP_041040443.1
XP_041041140.1	XP_041041140.1
XP_041041419.1	XP_041041419.1
XP_041041420.1	XP_041041420.1
XP_041041421.1	XP_041041421.1
XP_041041422.1	XP_041041422.1
XP_041041423.1	XP_041041423.1
XP_041041424.1	XP_041041424.1
XP_041041425.1	XP_041041425.1
XP_041042572.1	XP_041042572.1
XP_041047080.1	XP_041047080.1
XP_041064102.1	XP_041064102.1
XP_041064104.1	XP_041064104.1
XP_041064105.1	XP_041064105.1
XP_041078013.1	XP_041078013.1
XP_041083121.1	XP_041083121.1
XP_041087258.1	XP_041087258.1
XP_041092528.1	XP_041092528.1
XP_041092536.1	XP_041092536.1
XP_041092544.1	XP_041092544.1
XP_041092553.1	XP_041092553.1
XP_041092561.1	XP_041092561.1
XP_041092568.1	XP_041092568.1
XP_041092576.1	XP_041092576.1
XP_041099911.1	XP_041099911.1
XP_041100636.1	XP_041100636.1
XP_041100637.1	XP_041100637.1
XP_041102475.1	XP_041102475.1
XP_041102477.1	XP_041102477.1
XP_041102478.1	XP_041102478.1
XP_041102482.1	XP_041102482.1
XP_041102940.1	XP_041102940.1
XP_041102941.1	XP_041102941.1
XP_041104395.1	XP_041104395.1
XP_041111495.1	XP_041111495.1
XP_041125096.1	XP_041125096.1
XP_041125097.1	XP_041125097.1
XP_041126782.1	XP_041126782.1
XP_041133397.1	XP_041133397.1
XP_041137985.1	XP_041137985.1
XP_041147202.1	XP_041147202.1
XP_041147816.1	XP_041147816.1
XP_041154895.1	XP_041154895.1
XP_041160902.1	XP_041160902.1
XP_041167966.1	XP_041167966.1
XP_041174488.1	XP_041174488.1
XP_041179005.1	XP_041179005.1
XP_041188250.1	XP_041188250.1
XP_041189552.1	XP_041189552.1
XP_041200313.1	XP_041200313.1
XP_041202812.1	XP_041202812.1
XP_041205480.1	XP_041205480.1
XP_041214185.1	XP_041214185.1
XP_041218177.1	XP_041218177.1
XP_041227112.1	XP_041227112.1
XP_041236390.1	XP_041236390.1
XP_041243545.1	XP_041243545.1
XP_041246866.1	XP_041246866.1
XP_041255429.1	XP_041255429.1
XP_041256741.1	XP_041256741.1
XP_041264762.1	XP_041264762.1
XP_041267763.1	XP_041267763.1
XP_041267764.1	XP_041267764.1
XP_041270553.1	XP_041270553.1
XP_041270554.1	XP_041270554.1
XP_041270678.1	XP_041270678.1
XP_041277254.1	XP_041277254.1
XP_041288615.1	XP_041288615.1
XP_041292358.1	XP_041292358.1
XP_041306814.1	XP_041306814.1
XP_041314863.1	XP_041314863.1
XP_041324592.1	XP_041324592.1
XP_041326694.1	XP_041326694.1
XP_041336689.1	XP_041336689.1
XP_041336690.1	XP_041336690.1
XP_041338948.1	XP_041338948.1
XP_041338950.1	XP_041338950.1
XP_041344001.1	XP_041344001.1
XP_041359696.1	XP_041359696.1
XP_041359697.1	XP_041359697.1
XP_041359698.1	XP_041359698.1
XP_041370368.1	XP_041370368.1
XP_041374134.1	XP_041374134.1
XP_041374641.1	XP_041374641.1
XP_041377060.1	XP_041377060.1
XP_041405441.1	XP_041405441.1
XP_041408636.1	XP_041408636.1
XP_041413597.1	XP_041413597.1
XP_041415272.1	XP_041415272.1
XP_041415594.1	XP_041415594.1
XP_041417412.1	XP_041417412.1
XP_041417414.1	XP_041417414.1
XP_041417415.1	XP_041417415.1
XP_041417416.1	XP_041417416.1
XP_041417417.1	XP_041417417.1
XP_041417418.1	XP_041417418.1
XP_041417419.1	XP_041417419.1
XP_041417420.1	XP_041417420.1
XP_041421764.1	XP_041421764.1
XP_041431779.1	XP_041431779.1
XP_041436093.1	XP_041436093.1
XP_041436095.1	XP_041436095.1
XP_041436096.1	XP_041436096.1
XP_041436097.1	XP_041436097.1
XP_041436843.1	XP_041436843.1
XP_041448403.1	XP_041448403.1
XP_041451380.1	XP_041451380.1
XP_041455142.1	XP_041455142.1
XP_041458205.1	XP_041458205.1
XP_041458206.1	XP_041458206.1
XP_041459767.1	XP_041459767.1
XP_041464207.1	XP_041464207.1
XP_041476057.1	XP_041476057.1
XP_041488135.1	XP_041488135.1
XP_041488136.1	XP_041488136.1
XP_041497582.1	XP_041497582.1
XP_041497583.1	XP_041497583.1
XP_041497584.1	XP_041497584.1
XP_041501583.1	XP_041501583.1
XP_041501587.1	XP_041501587.1
XP_041501588.1	XP_041501588.1
XP_041506086.1	XP_041506086.1
XP_041506087.1	XP_041506087.1
XP_041507489.1	XP_041507489.1
XP_041507490.1	XP_041507490.1
XP_041507491.1	XP_041507491.1
XP_041507492.1	XP_041507492.1
XP_041507493.1	XP_041507493.1
XP_041507494.1	XP_041507494.1
XP_041515943.1	XP_041515943.1
XP_041515947.1	XP_041515947.1
XP_041515948.1	XP_041515948.1
XP_041516613.1	XP_041516613.1
XP_041516614.1	XP_041516614.1
XP_041519314.1	XP_041519314.1
XP_041544198.1	XP_041544198.1
XP_041562003.1	XP_041562003.1
XP_041564977.1	XP_041564977.1
XP_041564986.1	XP_041564986.1
XP_041566793.1	XP_041566793.1
XP_041566795.1	XP_041566795.1
XP_041568032.2	XP_041568032.2
XP_041578215.1	XP_041578215.1
XP_041578216.1	XP_041578216.1
XP_041587682.1	XP_041587682.1
XP_041587683.1	XP_041587683.1
XP_041587684.1	XP_041587684.1
XP_041587685.1	XP_041587685.1
XP_041594350.1	XP_041594350.1
XP_041594351.1	XP_041594351.1
XP_041594352.1	XP_041594352.1
XP_041594353.1	XP_041594353.1
XP_041594354.1	XP_041594354.1
XP_041594355.1	XP_041594355.1
XP_041594356.1	XP_041594356.1
XP_041594357.1	XP_041594357.1
XP_041594358.1	XP_041594358.1
XP_041598414.1	XP_041598414.1
XP_041598417.1	XP_041598417.1
XP_041598418.1	XP_041598418.1
XP_041598419.1	XP_041598419.1
XP_041622046.1	XP_041622046.1
XP_041622047.1	XP_041622047.1
XP_041643161.1	XP_041643161.1
XP_041643234.1	XP_041643234.1
XP_041643609.1	XP_041643609.1
XP_041646969.1	XP_041646969.1
XP_041646970.1	XP_041646970.1
XP_041649597.1	XP_041649597.1
XP_041664921.1	XP_041664921.1
XP_041664922.1	XP_041664922.1
XP_041670674.1	XP_041670674.1
XP_041672127.1	XP_041672127.1
XP_041677076.1	XP_041677076.1
XP_041682034.1	XP_041682034.1
XP_041693853.1	XP_041693853.1
XP_041696084.2	XP_041696084.2
XP_041696090.2	XP_041696090.2
XP_041696091.2	XP_041696091.2
XP_041696092.2	XP_041696092.2
XP_041696093.2	XP_041696093.2
XP_041696094.2	XP_041696094.2
XP_041699027.1	XP_041699027.1
XP_041705307.1	XP_041705307.1
XP_041705308.1	XP_041705308.1
XP_041705309.1	XP_041705309.1
XP_041717892.2	XP_041717892.2
XP_041730558.1	XP_041730558.1
XP_041734246.1	XP_041734246.1
XP_041734253.1	XP_041734253.1
XP_041736944.2	XP_041736944.2
XP_041739598.1	XP_041739598.1
XP_041746371.1	XP_041746371.1
XP_041759342.1	XP_041759342.1
XP_041759343.2	XP_041759343.2
XP_041760352.1	XP_041760352.1
XP_041760355.1	XP_041760355.1
XP_041761038.1	XP_041761038.1
XP_041761929.1	XP_041761929.1
XP_041764236.1	XP_041764236.1
XP_041766472.1	XP_041766472.1
XP_041771722.1	XP_041771722.1
XP_041787570.1	XP_041787570.1
XP_041790972.1	XP_041790972.1
XP_041792684.1	XP_041792684.1
XP_041793559.1	XP_041793559.1
XP_041794164.1	XP_041794164.1
XP_041798447.1	XP_041798447.1
XP_041798448.1	XP_041798448.1
XP_041810988.1	XP_041810988.1
XP_041817882.1	XP_041817882.1
XP_041818816.1	XP_041818816.1
XP_041824896.1	XP_041824896.1
XP_041824897.1	XP_041824897.1
XP_041824898.1	XP_041824898.1
XP_041824900.1	XP_041824900.1
XP_041824901.1	XP_041824901.1
XP_041830844.1	XP_041830844.1
XP_041844027.1	XP_041844027.1
XP_041847120.1	XP_041847120.1
XP_041854760.1	XP_041854760.1
XP_041854762.1	XP_041854762.1
XP_041854763.1	XP_041854763.1
XP_041854764.1	XP_041854764.1
XP_041854765.1	XP_041854765.1
XP_041855212.1	XP_041855212.1
XP_041861937.1	XP_041861937.1
XP_041861938.1	XP_041861938.1
XP_041867454.1	XP_041867454.1
XP_041867455.1	XP_041867455.1
XP_041867456.1	XP_041867456.1
XP_041886636.1	XP_041886636.1
XP_041886637.1	XP_041886637.1
XP_041886638.1	XP_041886638.1
XP_041889161.1	XP_041889161.1
XP_041889163.1	XP_041889163.1
XP_041889164.1	XP_041889164.1
XP_041898737.1	XP_041898737.1
XP_041912475.1	XP_041912475.1
XP_041912476.1	XP_041912476.1
XP_041912477.1	XP_041912477.1
XP_041912478.1	XP_041912478.1
XP_041912479.1	XP_041912479.1
XP_041916754.1	XP_041916754.1
XP_041923470.1	XP_041923470.1
XP_041931713.1	XP_041931713.1
XP_041931714.1	XP_041931714.1
XP_041931715.1	XP_041931715.1
XP_041931716.1	XP_041931716.1
XP_041941169.1	XP_041941169.1
XP_041956314.1	XP_041956314.1
XP_041956315.1	XP_041956315.1
XP_041956683.1	XP_041956683.1
XP_041972541.1	XP_041972541.1
XP_041981044.1	XP_041981044.1
XP_041981365.1	XP_041981365.1
XP_041981374.1	XP_041981374.1
XP_041981414.1	XP_041981414.1
XP_042021175.1	XP_042021175.1
XP_042026644.1	XP_042026644.1
XP_042028670.1	XP_042028670.1
XP_042028671.1	XP_042028671.1
XP_042028672.1	XP_042028672.1
XP_042029062.1	XP_042029062.1
XP_042038997.1	XP_042038997.1
XP_042044065.1	XP_042044065.1
XP_042044078.1	XP_042044078.1
XP_042053954.1	XP_042053954.1
XP_042066031.1	XP_042066031.1
XP_042072236.1	XP_042072236.1
XP_042087518.1	XP_042087518.1
XP_042087519.1	XP_042087519.1
XP_042093647.1	XP_042093647.1
XP_042093837.1	XP_042093837.1
XP_042098998.1	XP_042098998.1
XP_042104043.1	XP_042104043.1
XP_042104065.1	XP_042104065.1
XP_042104069.1	XP_042104069.1
XP_042107958.1	XP_042107958.1
XP_042107965.1	XP_042107965.1
XP_042116435.1	XP_042116435.1
XP_042117286.1	XP_042117286.1
XP_042117286.2	XP_042117286.2
XP_042117288.1	XP_042117288.1
XP_042117288.2	XP_042117288.2
XP_042117561.1	XP_042117561.1
XP_042133282.1	XP_042133282.1
XP_042133282.2	XP_042133282.2
XP_042133898.1	XP_042133898.1
XP_042133898.2	XP_042133898.2
XP_042134527.1	XP_042134527.1
XP_042134530.1	XP_042134530.1
XP_042134531.1	XP_042134531.1
XP_042134537.1	XP_042134537.1
XP_042148452.1	XP_042148452.1
XP_042151374.1	XP_042151374.1
XP_042151375.1	XP_042151375.1
XP_042187127.1	XP_042187127.1
XP_042187855.1	XP_042187855.1
XP_042187856.1	XP_042187856.1
XP_042188530.1	XP_042188530.1
XP_042188647.1	XP_042188647.1
XP_042191906.1	XP_042191906.1
XP_042199285.1	XP_042199285.1
XP_042199286.1	XP_042199286.1
XP_042203257.1	XP_042203257.1
XP_042203278.1	XP_042203278.1
XP_042210442.1	XP_042210442.1
XP_042210444.1	XP_042210444.1
XP_042217793.1	XP_042217793.1
XP_042225266.1	XP_042225266.1
XP_042234354.1	XP_042234354.1
XP_042234355.1	XP_042234355.1
XP_042252666.1	XP_042252666.1
XP_042254917.1	XP_042254917.1
XP_042266366.1	XP_042266366.1
XP_042272027.1	XP_042272027.1
XP_042272030.1	XP_042272030.1
XP_042272031.1	XP_042272031.1
XP_042272032.1	XP_042272032.1
XP_042272034.1	XP_042272034.1
XP_042277211.1	XP_042277211.1
XP_042277284.1	XP_042277284.1
XP_042277286.1	XP_042277286.1
XP_042277287.1	XP_042277287.1
XP_042277288.1	XP_042277288.1
XP_042277289.1	XP_042277289.1
XP_042277290.1	XP_042277290.1
XP_042277291.1	XP_042277291.1
XP_042280850.1	XP_042280850.1
XP_042291515.1	XP_042291515.1
XP_042291516.1	XP_042291516.1
XP_042293548.1	XP_042293548.1
XP_042297176.1	XP_042297176.1
XP_042305695.1	XP_042305695.1
XP_042307952.1	XP_042307952.1
XP_042319853.1	XP_042319853.1
XP_042319854.1	XP_042319854.1
XP_042321824.1	XP_042321824.1
XP_042321825.1	XP_042321825.1
XP_042321826.1	XP_042321826.1
XP_042331845.1	XP_042331845.1
XP_042338527.1	XP_042338527.1
XP_042343811.1	XP_042343811.1
XP_042343922.1	XP_042343922.1
XP_042346725.1	XP_042346725.1
XP_042346726.1	XP_042346726.1
XP_042363060.1	XP_042363060.1
XP_042363061.1	XP_042363061.1
XP_042363800.1	XP_042363800.1
XP_042366751.1	XP_042366751.1
XP_042369285.1	XP_042369285.1
XP_042378534.1	XP_042378534.1
XP_042384342.1	XP_042384342.1
XP_042387859.1	XP_042387859.1
XP_042390498.1	XP_042390498.1
XP_042395197.1	XP_042395197.1
XP_042411610.1	XP_042411610.1
XP_042416340.1	XP_042416340.1
XP_042420012.1	XP_042420012.1
XP_042422501.1	XP_042422501.1
XP_042429332.1	XP_042429332.1
XP_042430451.1	XP_042430451.1
XP_042431065.1	XP_042431065.1
XP_042431067.1	XP_042431067.1
XP_042432566.1	XP_042432566.1
XP_042455795.1	XP_042455795.1
XP_042460576.1	XP_042460576.1
XP_042461027.1	XP_042461027.1
XP_042470207.1	XP_042470207.1
XP_042470212.1	XP_042470212.1
XP_042470215.1	XP_042470215.1
XP_042479206.1	XP_042479206.1
XP_042483611.1	XP_042483611.1
XP_042494090.1	XP_042494090.1
XP_042494093.1	XP_042494093.1
XP_042511123.1	XP_042511123.1
XP_042511124.1	XP_042511124.1
XP_042532352.1	XP_042532352.1
XP_042535179.1	XP_042535179.1
XP_042535186.1	XP_042535186.1
XP_042535193.1	XP_042535193.1
XP_042535201.1	XP_042535201.1
XP_042535209.1	XP_042535209.1
XP_042535215.1	XP_042535215.1
XP_042542185.1	XP_042542185.1
XP_042542969.1	XP_042542969.1
XP_042542971.1	XP_042542971.1
XP_042542972.1	XP_042542972.1
XP_042549361.1	XP_042549361.1
XP_042549362.1	XP_042549362.1
XP_042549363.1	XP_042549363.1
XP_042551167.1	XP_042551167.1
XP_042551168.1	XP_042551168.1
XP_042562491.1	XP_042562491.1
XP_042569569.1	XP_042569569.1
XP_042569571.1	XP_042569571.1
XP_042569572.1	XP_042569572.1
XP_042580611.1	XP_042580611.1
XP_042581082.1	XP_042581082.1
XP_042583837.1	XP_042583837.1
XP_042591050.1	XP_042591050.1
XP_042591391.1	XP_042591391.1
XP_042591392.1	XP_042591392.1
XP_042601569.1	XP_042601569.1
XP_042601570.1	XP_042601570.1
XP_042601571.1	XP_042601571.1
XP_042607333.1	XP_042607333.1
XP_042610488.1	XP_042610488.1
XP_042612613.1	XP_042612613.1
XP_042612617.1	XP_042612617.1
XP_042613359.1	XP_042613359.1
XP_042616290.1	XP_042616290.1
XP_042623232.1	XP_042623232.1
XP_042623233.1	XP_042623233.1
XP_042623539.1	XP_042623539.1
XP_042632702.1	XP_042632702.1
XP_042636024.1	XP_042636024.1
XP_042636609.1	XP_042636609.1
XP_042637264.1	XP_042637264.1
XP_042637590.1	XP_042637590.1
XP_042643508.1	XP_042643508.1
XP_042643511.1	XP_042643511.1
XP_042653473.1	XP_042653473.1
XP_042657664.1	XP_042657664.1
XP_042660723.1	XP_042660723.1
XP_042662834.1	XP_042662834.1
XP_042664614.1	XP_042664614.1
XP_042664615.1	XP_042664615.1
XP_042664616.1	XP_042664616.1
XP_042672735.1	XP_042672735.1
XP_042674935.1	XP_042674935.1
XP_042674944.1	XP_042674944.1
XP_042677325.1	XP_042677325.1
XP_042681653.1	XP_042681653.1
XP_042681655.1	XP_042681655.1
XP_042682896.1	XP_042682896.1
XP_042692395.1	XP_042692395.1
XP_042707356.2	XP_042707356.2
XP_042707357.2	XP_042707357.2
XP_042725800.1	XP_042725800.1
XP_042725802.1	XP_042725802.1
XP_042728930.1	XP_042728930.1
XP_042728935.1	XP_042728935.1
XP_042731319.1	XP_042731319.1
XP_042731322.1	XP_042731322.1
XP_042733067.1	XP_042733067.1
XP_042733322.1	XP_042733322.1
XP_042733326.1	XP_042733326.1
XP_042733327.1	XP_042733327.1
XP_042733328.1	XP_042733328.1
XP_042744307.1	XP_042744307.1
XP_042752185.1	XP_042752185.1
XP_042752186.1	XP_042752186.1
XP_042760915.1	XP_042760915.1
XP_042760916.1	XP_042760916.1
XP_042769834.1	XP_042769834.1
XP_042769839.1	XP_042769839.1
XP_042769840.1	XP_042769840.1
XP_042769841.1	XP_042769841.1
XP_042774078.1	XP_042774078.1
XP_042774079.1	XP_042774079.1
XP_042774080.1	XP_042774080.1
XP_042774081.1	XP_042774081.1
XP_042774084.1	XP_042774084.1
XP_042801159.1	XP_042801159.1
XP_042807237.1	XP_042807237.1
XP_042807238.1	XP_042807238.1
XP_042807239.1	XP_042807239.1
XP_042809373.1	XP_042809373.1
XP_042809382.1	XP_042809382.1
XP_042814030.1	XP_042814030.1
XP_042820915.1	XP_042820915.1
XP_042820916.1	XP_042820916.1
XP_042820917.1	XP_042820917.1
XP_042853099.1	XP_042853099.1
XP_042853100.1	XP_042853100.1
XP_042853101.1	XP_042853101.1
XP_042853104.1	XP_042853104.1
XP_042853105.1	XP_042853105.1
XP_042853106.1	XP_042853106.1
XP_042853728.1	XP_042853728.1
XP_042853730.1	XP_042853730.1
XP_042859934.1	XP_042859934.1
XP_042861697.1	XP_042861697.1
XP_042871121.1	XP_042871121.1
XP_042875974.1	XP_042875974.1
XP_042875975.1	XP_042875975.1
XP_042875976.1	XP_042875976.1
XP_042878475.1	XP_042878475.1
XP_042887769.1	XP_042887769.1
XP_042894476.1	XP_042894476.1
XP_042896155.1	XP_042896155.1
XP_042896508.1	XP_042896508.1
XP_042901377.1	XP_042901377.1
XP_042904646.1	XP_042904646.1
XP_042913656.2	XP_042913656.2
XP_042913657.2	XP_042913657.2
XP_042914714.1	XP_042914714.1
XP_042916680.1	XP_042916680.1
XP_042917398.1	XP_042917398.1
XP_042920761.1	XP_042920761.1
XP_042923941.1	XP_042923941.1
XP_042923955.1	XP_042923955.1
XP_042930986.1	XP_042930986.1
XP_042933116.1	XP_042933116.1
XP_042936366.1	XP_042936366.1
XP_042937991.1	XP_042937991.1
XP_042949077.1	XP_042949077.1
XP_042951348.1	XP_042951348.1
XP_042951349.1	XP_042951349.1
XP_042955001.1	XP_042955001.1
XP_042968336.1	XP_042968336.1
XP_042968725.1	XP_042968725.1
XP_042968726.1	XP_042968726.1
XP_042968727.1	XP_042968727.1
XP_042968728.1	XP_042968728.1
XP_042977741.1	XP_042977741.1
XP_042977743.1	XP_042977743.1
XP_042977744.1	XP_042977744.1
XP_042993864.1	XP_042993864.1
XP_042995265.1	XP_042995265.1
XP_043003919.1	XP_043003919.1
XP_043012250.1	XP_043012250.1
XP_043012251.1	XP_043012251.1
XP_043012252.1	XP_043012252.1
XP_043029818.1	XP_043029818.1
XP_043031264.1	XP_043031264.1
XP_043033941.1	XP_043033941.1
XP_043040820.1	XP_043040820.1
XP_043041843.1	XP_043041843.1
XP_043045434.1	XP_043045434.1
XP_043050699.1	XP_043050699.1
XP_043052409.1	XP_043052409.1
XP_043057422.1	XP_043057422.1
XP_043065147.1	XP_043065147.1
XP_043071926.1	XP_043071926.1
XP_043074224.1	XP_043074224.1
XP_043074225.1	XP_043074225.1
XP_043074226.1	XP_043074226.1
XP_043074227.1	XP_043074227.1
XP_043085379.1	XP_043085379.1
XP_043086069.1	XP_043086069.1
XP_043095847.1	XP_043095847.1
XP_043095848.1	XP_043095848.1
XP_043095849.1	XP_043095849.1
XP_043095850.1	XP_043095850.1
XP_043095851.1	XP_043095851.1
XP_043095852.1	XP_043095852.1
XP_043095987.1	XP_043095987.1
XP_043101384.1	XP_043101384.1
XP_043109016.1	XP_043109016.1
XP_043109018.1	XP_043109018.1
XP_043117889.1	XP_043117889.1
XP_043123517.1	XP_043123517.1
XP_043134405.1	XP_043134405.1
XP_043136228.1	XP_043136228.1
XP_043146956.1	XP_043146956.1
XP_043156452.1	XP_043156452.1
XP_043165248.1	XP_043165248.1
XP_043165368.1	XP_043165368.1
XP_043172359.1	XP_043172359.1
XP_043174981.1	XP_043174981.1
XP_043176342.1	XP_043176342.1
XP_043180876.1	XP_043180876.1
XP_043190643.1	XP_043190643.1
XP_043191957.1	XP_043191957.1
XP_043191958.1	XP_043191958.1
XP_043197016.1	XP_043197016.1
XP_043215244.1	XP_043215244.1
XP_043220575.1	XP_043220575.1
XP_043225052.1	XP_043225052.1
XP_043225053.1	XP_043225053.1
XP_043231879.1	XP_043231879.1
XP_043237533.1	XP_043237533.1
XP_043244956.1	XP_043244956.1
XP_043246780.1	XP_043246780.1
XP_043255000.1	XP_043255000.1
XP_043255872.1	XP_043255872.1
XP_043257053.1	XP_043257053.1
XP_043261389.1	XP_043261389.1
XP_043261390.1	XP_043261390.1
XP_043263200.1	XP_043263200.1
XP_043280666.1	XP_043280666.1
XP_043280667.1	XP_043280667.1
XP_043283794.1	XP_043283794.1
XP_043284441.1	XP_043284441.1
XP_043284835.1	XP_043284835.1
XP_043284839.1	XP_043284839.1
XP_043284891.1	XP_043284891.1
XP_043284893.1	XP_043284893.1
XP_043286884.1	XP_043286884.1
XP_043293594.1	XP_043293594.1
XP_043293595.1	XP_043293595.1
XP_043307108.1	XP_043307108.1
XP_043307110.1	XP_043307110.1
XP_043308844.1	XP_043308844.1
XP_043308847.1	XP_043308847.1
XP_043308849.1	XP_043308849.1
XP_043308851.1	XP_043308851.1
XP_043317246.1	XP_043317246.1
XP_043317249.1	XP_043317249.1
XP_043317250.1	XP_043317250.1
XP_043317251.1	XP_043317251.1
XP_043317252.1	XP_043317252.1
XP_043317253.1	XP_043317253.1
XP_043317254.1	XP_043317254.1
XP_043317255.1	XP_043317255.1
XP_043326686.1	XP_043326686.1
XP_043326687.1	XP_043326687.1
XP_043329315.1	XP_043329315.1
XP_043335320.1	XP_043335320.1
XP_043335322.1	XP_043335322.1
XP_043345062.1	XP_043345062.1
XP_043345063.1	XP_043345063.1
XP_043347183.1	XP_043347183.1
XP_043347184.1	XP_043347184.1
XP_043347185.1	XP_043347185.1
XP_043350784.1	XP_043350784.1
XP_043364416.1	XP_043364416.1
XP_043365443.1	XP_043365443.1
XP_043375488.1	XP_043375488.1
XP_043382148.1	XP_043382148.1
XP_043396217.1	XP_043396217.1
XP_043396218.1	XP_043396218.1
XP_043402828.1	XP_043402828.1
XP_043402829.1	XP_043402829.1
XP_043403198.1	XP_043403198.1
XP_043403200.1	XP_043403200.1
XP_043403201.1	XP_043403201.1
XP_043407812.1	XP_043407812.1
XP_043407813.1	XP_043407813.1
XP_043407814.1	XP_043407814.1
XP_043409063.1	XP_043409063.1
XP_043420254.1	XP_043420254.1
XP_043422514.1	XP_043422514.1
XP_043422519.1	XP_043422519.1
XP_043422522.1	XP_043422522.1
XP_043430901.1	XP_043430901.1
XP_043430904.1	XP_043430904.1
XP_043430905.1	XP_043430905.1
XP_043430906.1	XP_043430906.1
XP_043430907.1	XP_043430907.1
XP_043430908.1	XP_043430908.1
XP_043430911.1	XP_043430911.1
XP_043430912.1	XP_043430912.1
XP_043430913.1	XP_043430913.1
XP_043430914.1	XP_043430914.1
XP_043430915.1	XP_043430915.1
XP_043430916.1	XP_043430916.1
XP_043430917.1	XP_043430917.1
XP_043437332.1	XP_043437332.1
XP_043448786.1	XP_043448786.1
XP_043448809.1	XP_043448809.1
XP_043455098.1	XP_043455098.1
XP_043457238.1	XP_043457238.1
XP_043457248.1	XP_043457248.1
XP_043460868.1	XP_043460868.1
XP_043460870.1	XP_043460870.1
XP_043465926.1	XP_043465926.1
XP_043468865.1	XP_043468865.1
XP_043472474.1	XP_043472474.1
XP_043473254.1	XP_043473254.1
XP_043473261.1	XP_043473261.1
XP_043476464.1	XP_043476464.1
XP_043477255.1	XP_043477255.1
XP_043477258.1	XP_043477258.1
XP_043486716.1	XP_043486716.1
XP_043486719.1	XP_043486719.1
XP_043486720.1	XP_043486720.1
XP_043486722.1	XP_043486722.1
XP_043495250.1	XP_043495250.1
XP_043498326.1	XP_043498326.1
XP_043502842.1	XP_043502842.1
XP_043506808.1	XP_043506808.1
XP_043506809.1	XP_043506809.1
XP_043506810.1	XP_043506810.1
XP_043506811.1	XP_043506811.1
XP_043506812.1	XP_043506812.1
XP_043506813.1	XP_043506813.1
XP_043511520.1	XP_043511520.1
XP_043518732.1	XP_043518732.1
XP_043521904.1	XP_043521904.1
XP_043521905.1	XP_043521905.1
XP_043525304.1	XP_043525304.1
XP_043525305.1	XP_043525305.1
XP_043531056.1	XP_043531056.1
XP_043545555.1	XP_043545555.1
XP_043545557.1	XP_043545557.1
XP_043545558.1	XP_043545558.1
XP_043545560.1	XP_043545560.1
XP_043545561.1	XP_043545561.1
XP_043545562.1	XP_043545562.1
XP_043545563.1	XP_043545563.1
XP_043546500.1	XP_043546500.1
XP_043546501.1	XP_043546501.1
XP_043556033.1	XP_043556033.1
XP_043562753.1	XP_043562753.1
XP_043562762.1	XP_043562762.1
XP_043562883.1	XP_043562883.1
XP_043569140.1	XP_043569140.1
XP_043569176.1	XP_043569176.1
XP_043569180.1	XP_043569180.1
XP_043583689.1	XP_043583689.1
XP_043590848.1	XP_043590848.1
XP_043590850.1	XP_043590850.1
XP_043594336.1	XP_043594336.1
XP_043594340.1	XP_043594340.1
XP_043594341.1	XP_043594341.1
XP_043598404.1	XP_043598404.1
XP_043598405.1	XP_043598405.1
XP_043598407.1	XP_043598407.1
XP_043598408.1	XP_043598408.1
XP_043598409.1	XP_043598409.1
XP_043605336.1	XP_043605336.1
XP_043605338.1	XP_043605338.1
XP_043605342.1	XP_043605342.1
XP_043619531.1	XP_043619531.1
XP_043623972.1	XP_043623972.1
XP_043628434.1	XP_043628434.1
XP_043628556.1	XP_043628556.1
XP_043647497.1	XP_043647497.1
XP_043651802.1	XP_043651802.1
XP_043652807.1	XP_043652807.1
XP_043656510.1	XP_043656510.1
XP_043659019.1	XP_043659019.1
XP_043659959.1	XP_043659959.1
XP_043661379.1	XP_043661379.1
XP_043664677.1	XP_043664677.1
XP_043667887.1	XP_043667887.1
XP_043670927.1	XP_043670927.1
XP_043678518.1	XP_043678518.1
XP_043678520.1	XP_043678520.1
XP_043680088.1	XP_043680088.1
XP_043680091.1	XP_043680091.1
XP_043680092.1	XP_043680092.1
XP_043699415.1	XP_043699415.1
XP_043699416.1	XP_043699416.1
XP_043702202.1	XP_043702202.1
XP_043716193.1	XP_043716193.1
XP_043722283.1	XP_043722283.1
XP_043723045.1	XP_043723045.1
XP_043727684.1	XP_043727684.1
XP_043727694.1	XP_043727694.1
XP_043729585.1	XP_043729585.1
XP_043734725.1	XP_043734725.1
XP_043734727.1	XP_043734727.1
XP_043734728.1	XP_043734728.1
XP_043734729.1	XP_043734729.1
XP_043734730.1	XP_043734730.1
XP_043734731.1	XP_043734731.1
XP_043734732.1	XP_043734732.1
XP_043734733.1	XP_043734733.1
XP_043739575.1	XP_043739575.1
XP_043739576.1	XP_043739576.1
XP_043783226.1	XP_043783226.1
XP_043783229.1	XP_043783229.1
XP_043783231.1	XP_043783231.1
XP_043783233.1	XP_043783233.1
XP_043785667.1	XP_043785667.1
XP_043798634.1	XP_043798634.1
XP_043798636.1	XP_043798636.1
XP_043798637.1	XP_043798637.1
XP_043800827.1	XP_043800827.1
XP_043824967.1	XP_043824967.1
XP_043826890.1	XP_043826890.1
XP_043831952.1	XP_043831952.1
XP_043831953.1	XP_043831953.1
XP_043832493.1	XP_043832493.1
XP_043832494.1	XP_043832494.1
XP_043832495.1	XP_043832495.1
XP_043837540.1	XP_043837540.1
XP_043837546.1	XP_043837546.1
XP_043837555.1	XP_043837555.1
XP_043839594.1	XP_043839594.1
XP_043839595.1	XP_043839595.1
XP_043858668.1	XP_043858668.1
XP_043858669.1	XP_043858669.1
XP_043858671.1	XP_043858671.1
XP_043858672.1	XP_043858672.1
XP_043858673.1	XP_043858673.1
XP_043858674.1	XP_043858674.1
XP_043858675.1	XP_043858675.1
XP_043867514.1	XP_043867514.1
XP_043867515.1	XP_043867515.1
XP_043867516.1	XP_043867516.1
XP_043867517.1	XP_043867517.1
XP_043869918.1	XP_043869918.1
XP_043873400.1	XP_043873400.1
XP_043873401.1	XP_043873401.1
XP_043881584.1	XP_043881584.1
XP_043881654.1	XP_043881654.1
XP_043881655.1	XP_043881655.1
XP_043885876.1	XP_043885876.1
XP_043889656.1	XP_043889656.1
XP_043889658.1	XP_043889658.1
XP_043889660.1	XP_043889660.1
XP_043895477.1	XP_043895477.1
XP_043907938.1	XP_043907938.1
XP_043907939.1	XP_043907939.1
XP_043913485.1	XP_043913485.1
XP_043913486.1	XP_043913486.1
XP_043919646.1	XP_043919646.1
XP_043919648.1	XP_043919648.1
XP_043920125.1	XP_043920125.1
XP_043920126.1	XP_043920126.1
XP_043921343.1	XP_043921343.1
XP_043937917.1	XP_043937917.1
XP_043942789.1	XP_043942789.1
XP_043948886.2	XP_043948886.2
XP_043948887.2	XP_043948887.2
XP_043959588.1	XP_043959588.1
XP_043960360.1	XP_043960360.1
XP_043962445.1	XP_043962445.1
XP_043967546.1	XP_043967546.1
XP_043967879.1	XP_043967879.1
XP_043972532.1	XP_043972532.1
XP_043985274.1	XP_043985274.1
XP_043995207.1	XP_043995207.1
XP_043995208.1	XP_043995208.1
XP_044004630.1	XP_044004630.1
XP_044004631.1	XP_044004631.1
XP_044009397.1	XP_044009397.1
XP_044010567.1	XP_044010567.1
XP_044011521.1	XP_044011521.1
XP_044011556.1	XP_044011556.1
XP_044011589.1	XP_044011589.1
XP_044013874.1	XP_044013874.1
XP_044015019.1	XP_044015019.1
XP_044026899.1	XP_044026899.1
XP_044026979.1	XP_044026979.1
XP_044032638.1	XP_044032638.1
XP_044035659.1	XP_044035659.1
XP_044051422.1	XP_044051422.1
XP_044052687.1	XP_044052687.1
XP_044055269.1	XP_044055269.1
XP_044055274.1	XP_044055274.1
XP_044063197.1	XP_044063197.1
XP_044082492.1	XP_044082492.1
XP_044082493.1	XP_044082493.1
XP_044089965.1	XP_044089965.1
XP_044089972.1	XP_044089972.1
XP_044094170.1	XP_044094170.1
XP_044094172.1	XP_044094172.1
XP_044094173.1	XP_044094173.1
XP_044094174.1	XP_044094174.1
XP_044094175.1	XP_044094175.1
XP_044094176.1	XP_044094176.1
XP_044094177.1	XP_044094177.1
XP_044112125.1	XP_044112125.1
XP_044112126.1	XP_044112126.1
XP_044115389.1	XP_044115389.1
XP_044115390.1	XP_044115390.1
XP_044121709.1	XP_044121709.1
XP_044121712.1	XP_044121712.1
XP_044121713.1	XP_044121713.1
XP_044122320.1	XP_044122320.1
XP_044122350.1	XP_044122350.1
XP_044125448.1	XP_044125448.1
XP_044125449.1	XP_044125449.1
XP_044126752.1	XP_044126752.1
XP_044129522.1	XP_044129522.1
XP_044132056.1	XP_044132056.1
XP_044132057.1	XP_044132057.1
XP_044151099.1	XP_044151099.1
XP_044157857.1	XP_044157857.1
XP_044164545.1	XP_044164545.1
XP_044178375.1	XP_044178375.1
XP_044193220.1	XP_044193220.1
XP_044195536.1	XP_044195536.1
XP_044215872.1	XP_044215872.1
XP_044217164.1	XP_044217164.1
XP_044217168.1	XP_044217168.1
XP_044217169.1	XP_044217169.1
XP_044217170.1	XP_044217170.1
XP_044217171.1	XP_044217171.1
XP_044226203.1	XP_044226203.1
XP_044232709.1	XP_044232709.1
XP_044232729.1	XP_044232729.1
XP_044232737.1	XP_044232737.1
XP_044232745.1	XP_044232745.1
XP_044232754.1	XP_044232754.1
XP_044232762.1	XP_044232762.1
XP_044232770.1	XP_044232770.1
XP_044239796.1	XP_044239796.1
XP_044239797.1	XP_044239797.1
XP_044239798.1	XP_044239798.1
XP_044239799.1	XP_044239799.1
XP_044239800.1	XP_044239800.1
XP_044239801.1	XP_044239801.1
XP_044239802.1	XP_044239802.1
XP_044239811.1	XP_044239811.1
XP_044247051.2	XP_044247051.2
XP_044247053.2	XP_044247053.2
XP_044247054.2	XP_044247054.2
XP_044247055.2	XP_044247055.2
XP_044255317.1	XP_044255317.1
XP_044255610.1	XP_044255610.1
XP_044255611.1	XP_044255611.1
XP_044255612.1	XP_044255612.1
XP_044255615.1	XP_044255615.1
XP_044258970.1	XP_044258970.1
XP_044263223.1	XP_044263223.1
XP_044263224.1	XP_044263224.1
XP_044264015.1	XP_044264015.1
XP_044281026.1	XP_044281026.1
XP_044281027.1	XP_044281027.1
XP_044283594.1	XP_044283594.1
XP_044285838.1	XP_044285838.1
XP_044285843.1	XP_044285843.1
XP_044285844.1	XP_044285844.1
XP_044298860.1	XP_044298860.1
XP_044298862.1	XP_044298862.1
XP_044301857.1	XP_044301857.1
XP_044301869.1	XP_044301869.1
XP_044301871.1	XP_044301871.1
XP_044301872.1	XP_044301872.1
XP_044301874.1	XP_044301874.1
XP_044304480.1	XP_044304480.1
XP_044304482.1	XP_044304482.1
XP_044304483.1	XP_044304483.1
XP_044312864.1	XP_044312864.1
XP_044322620.1	XP_044322620.1
XP_044322628.1	XP_044322628.1
XP_044336145.1	XP_044336145.1
XP_044341135.1	XP_044341135.1
XP_044345051.1	XP_044345051.1
XP_044349809.1	XP_044349809.1
XP_044350874.1	XP_044350874.1
XP_044350875.1	XP_044350875.1
XP_044365365.1	XP_044365365.1
XP_044367715.1	XP_044367715.1
XP_044373004.1	XP_044373004.1
XP_044394031.1	XP_044394031.1
XP_044407519.1	XP_044407519.1
XP_044411020.1	XP_044411020.1
XP_044439089.1	XP_044439089.1
XP_044448961.1	XP_044448961.1
XP_044473777.1	XP_044473777.1
XP_044493769.1	XP_044493769.1
XP_044501424.1	XP_044501424.1
XP_044503319.1	XP_044503319.1
XP_044503320.1	XP_044503320.1
XP_044508515.1	XP_044508515.1
XP_044508519.1	XP_044508519.1
XP_044517357.1	XP_044517357.1
XP_044519226.1	XP_044519226.1
XP_044520093.1	XP_044520093.1
XP_044520094.1	XP_044520094.1
XP_044531915.1	XP_044531915.1
XP_044535880.1	XP_044535880.1
XP_044535881.1	XP_044535881.1
XP_044536209.1	XP_044536209.1
XP_044537827.1	XP_044537827.1
XP_044549904.1	XP_044549904.1
XP_044552041.1	XP_044552041.1
XP_044554385.1	XP_044554385.1
XP_044562947.1	XP_044562947.1
XP_044566703.1	XP_044566703.1
XP_044570341.1	XP_044570341.1
XP_044577649.1	XP_044577649.1
XP_044581089.1	XP_044581089.1
XP_044583446.1	XP_044583446.1
XP_044583682.1	XP_044583682.1
XP_044586873.1	XP_044586873.1
XP_044590659.1	XP_044590659.1
XP_044612795.2	XP_044612795.2
XP_044612796.2	XP_044612796.2
XP_044612801.2	XP_044612801.2
XP_044617090.2	XP_044617090.2
XP_044647939.1	XP_044647939.1
XP_044648261.1	XP_044648261.1
XP_044651905.1	XP_044651905.1
XP_044652212.1	XP_044652212.1
XP_044652213.1	XP_044652213.1
XP_044659496.1	XP_044659496.1
XP_044665010.1	XP_044665010.1
XP_044669419.1	XP_044669419.1
XP_044675941.1	XP_044675941.1
XP_044687101.1	XP_044687101.1
XP_044689954.1	XP_044689954.1
XP_044693337.1	XP_044693337.1
XP_044693376.1	XP_044693376.1
XP_044699164.1	XP_044699164.1
XP_044709907.1	XP_044709907.1
XP_044710785.1	XP_044710785.1
XP_044717807.1	XP_044717807.1
XP_044718991.1	XP_044718991.1
XP_044719342.1	XP_044719342.1
XP_044728381.1	XP_044728381.1
XP_044728798.1	XP_044728798.1
XP_044736544.1	XP_044736544.1
XP_044736545.1	XP_044736545.1
XP_044736547.1	XP_044736547.1
XP_044740188.1	XP_044740188.1
XP_044742229.1	XP_044742229.1
XP_044745441.1	XP_044745441.1
XP_044746316.1	XP_044746316.1
XP_044746317.1	XP_044746317.1
XP_044746318.1	XP_044746318.1
XP_044748094.1	XP_044748094.1
XP_044749036.1	XP_044749036.1
XP_044755934.1	XP_044755934.1
XP_044769806.1	XP_044769806.1
XP_044772582.1	XP_044772582.1
XP_044772876.1	XP_044772876.1
XP_044772877.1	XP_044772877.1
XP_044772878.1	XP_044772878.1
XP_044776648.1	XP_044776648.1
XP_044776649.1	XP_044776649.1
XP_044781379.1	XP_044781379.1
XP_044783977.1	XP_044783977.1
XP_044796185.2	XP_044796185.2
XP_044800954.1	XP_044800954.1
XP_044800955.1	XP_044800955.1
XP_044843520.1	XP_044843520.1
XP_044843521.1	XP_044843521.1
XP_044859226.1	XP_044859226.1
XP_044859227.1	XP_044859227.1
XP_044859455.1	XP_044859455.1
XP_044859456.1	XP_044859456.1
XP_044859457.1	XP_044859457.1
XP_044859458.1	XP_044859458.1
XP_044859459.1	XP_044859459.1
XP_044878051.1	XP_044878051.1
XP_044878134.1	XP_044878134.1
XP_044879249.1	XP_044879249.1
XP_044879251.1	XP_044879251.1
XP_044882484.1	XP_044882484.1
XP_044882488.1	XP_044882488.1
XP_044891753.1	XP_044891753.1
XP_044891759.1	XP_044891759.1
XP_044891760.1	XP_044891760.1
XP_044891761.1	XP_044891761.1
XP_044891762.1	XP_044891762.1
XP_044891763.1	XP_044891763.1
XP_044891764.1	XP_044891764.1
XP_044891765.1	XP_044891765.1
XP_044891766.1	XP_044891766.1
XP_044891767.1	XP_044891767.1
XP_044899436.1	XP_044899436.1
XP_044899437.1	XP_044899437.1
XP_044901717.1	XP_044901717.1
XP_044901718.1	XP_044901718.1
XP_044901719.1	XP_044901719.1
XP_044901720.1	XP_044901720.1
XP_044918518.1	XP_044918518.1
XP_044918524.1	XP_044918524.1
XP_044919436.1	XP_044919436.1
XP_044920460.1	XP_044920460.1
XP_044920461.1	XP_044920461.1
XP_044931971.1	XP_044931971.1
XP_044942022.1	XP_044942022.1
XP_044942023.1	XP_044942023.1
XP_044945070.1	XP_044945070.1
XP_044945079.1	XP_044945079.1
XP_044954790.1	XP_044954790.1
XP_044956439.1	XP_044956439.1
XP_044968435.1	XP_044968435.1
XP_044968441.1	XP_044968441.1
XP_044968448.1	XP_044968448.1
XP_044976619.1	XP_044976619.1
XP_044977729.1	XP_044977729.1
XP_044990146.1	XP_044990146.1
XP_044990148.1	XP_044990148.1
XP_044994952.1	XP_044994952.1
XP_044995076.1	XP_044995076.1
XP_044995077.1	XP_044995077.1
XP_044995079.1	XP_044995079.1
XP_044995080.1	XP_044995080.1
XP_044995877.1	XP_044995877.1
XP_044998458.1	XP_044998458.1
XP_044998461.1	XP_044998461.1
XP_045001422.1	XP_045001422.1
XP_045001423.1	XP_045001423.1
XP_045005626.1	XP_045005626.1
XP_045033148.1	XP_045033148.1
XP_045033149.1	XP_045033149.1
XP_045033150.1	XP_045033150.1
XP_045033151.1	XP_045033151.1
XP_045033152.1	XP_045033152.1
XP_045033153.1	XP_045033153.1
XP_045033333.1	XP_045033333.1
XP_045051228.2	XP_045051228.2
XP_045051229.2	XP_045051229.2
XP_045068190.1	XP_045068190.1
XP_045068192.1	XP_045068192.1
XP_045068193.1	XP_045068193.1
XP_045077975.1	XP_045077975.1
XP_045077976.1	XP_045077976.1
XP_045081587.1	XP_045081587.1
XP_045081589.1	XP_045081589.1
XP_045094870.1	XP_045094870.1
XP_045094886.1	XP_045094886.1
XP_045094917.1	XP_045094917.1
XP_045096710.1	XP_045096710.1
XP_045096879.1	XP_045096879.1
XP_045122737.1	XP_045122737.1
XP_045133619.1	XP_045133619.1
XP_045133621.1	XP_045133621.1
XP_045133622.1	XP_045133622.1
XP_045137385.1	XP_045137385.1
XP_045138032.1	XP_045138032.1
XP_045138033.1	XP_045138033.1
XP_045145353.1	XP_045145353.1
XP_045145355.1	XP_045145355.1
XP_045147906.1	XP_045147906.1
XP_045147907.1	XP_045147907.1
XP_045147908.1	XP_045147908.1
XP_045147909.1	XP_045147909.1
XP_045149659.1	XP_045149659.1
XP_045192008.2	XP_045192008.2
XP_045192009.2	XP_045192009.2
XP_045208092.2	XP_045208092.2
XP_045242223.1	XP_045242223.1
XP_045249464.1	XP_045249464.1
XP_045249872.2	XP_045249872.2
XP_045249874.2	XP_045249874.2
XP_045256326.1	XP_045256326.1
XP_045262481.1	XP_045262481.1
XP_045273646.1	XP_045273646.1
XP_045278521.1	XP_045278521.1
XP_045284929.1	XP_045284929.1
XP_045290880.1	XP_045290880.1
XP_045298435.1	XP_045298435.1
XP_045298446.1	XP_045298446.1
XP_045298656.1	XP_045298656.1
XP_045298657.1	XP_045298657.1
XP_045318433.1	XP_045318433.1
XP_045325861.1	XP_045325861.1
XP_045325868.1	XP_045325868.1
XP_045325870.1	XP_045325870.1
XP_045333333.1	XP_045333333.1
XP_045333338.1	XP_045333338.1
XP_045333339.1	XP_045333339.1
XP_045333340.1	XP_045333340.1
XP_045333341.1	XP_045333341.1
XP_045333342.1	XP_045333342.1
XP_045333344.1	XP_045333344.1
XP_045333346.1	XP_045333346.1
XP_045333347.1	XP_045333347.1
XP_045333348.1	XP_045333348.1
XP_045333349.1	XP_045333349.1
XP_045333350.1	XP_045333350.1
XP_045333351.1	XP_045333351.1
XP_045341522.1	XP_045341522.1
XP_045360607.1	XP_045360607.1
XP_045360610.1	XP_045360610.1
XP_045388906.1	XP_045388906.1
XP_045389085.1	XP_045389085.1
XP_045389086.1	XP_045389086.1
XP_045389087.1	XP_045389087.1
XP_045389089.1	XP_045389089.1
XP_045403966.1	XP_045403966.1
XP_045403967.1	XP_045403967.1
XP_045403968.1	XP_045403968.1
XP_045403970.1	XP_045403970.1
XP_045403971.1	XP_045403971.1
XP_045403972.1	XP_045403972.1
XP_045411823.1	XP_045411823.1
XP_045411824.1	XP_045411824.1
XP_045418105.1	XP_045418105.1
XP_045418147.1	XP_045418147.1
XP_045418149.1	XP_045418149.1
XP_045418150.1	XP_045418150.1
XP_045418151.1	XP_045418151.1
XP_045421633.1	XP_045421633.1
XP_045421634.1	XP_045421634.1
XP_045422047.1	XP_045422047.1
XP_045422051.1	XP_045422051.1
XP_045427621.1	XP_045427621.1
XP_045436027.1	XP_045436027.1
XP_045436028.1	XP_045436028.1
XP_045436029.1	XP_045436029.1
XP_045440560.1	XP_045440560.1
XP_045450288.1	XP_045450288.1
XP_045452000.1	XP_045452000.1
XP_045452125.1	XP_045452125.1
XP_045452126.1	XP_045452126.1
XP_045455787.1	XP_045455787.1
XP_045460906.1	XP_045460906.1
XP_045460908.1	XP_045460908.1
XP_045467098.1	XP_045467098.1
XP_045474456.1	XP_045474456.1
XP_045479410.1	XP_045479410.1
XP_045480956.1	XP_045480956.1
XP_045480963.1	XP_045480963.1
XP_045480965.1	XP_045480965.1
XP_045480967.1	XP_045480967.1
XP_045480971.1	XP_045480971.1
XP_045480972.1	XP_045480972.1
XP_045480973.1	XP_045480973.1
XP_045480977.1	XP_045480977.1
XP_045480983.1	XP_045480983.1
XP_045484219.1	XP_045484219.1
XP_045499845.1	XP_045499845.1
XP_045500013.1	XP_045500013.1
XP_045500014.1	XP_045500014.1
XP_045500019.1	XP_045500019.1
XP_045501288.1	XP_045501288.1
XP_045505071.1	XP_045505071.1
XP_045512431.1	XP_045512431.1
XP_045512432.1	XP_045512432.1
XP_045512533.1	XP_045512533.1
XP_045523748.1	XP_045523748.1
XP_045524382.1	XP_045524382.1
XP_045524611.1	XP_045524611.1
XP_045525164.1	XP_045525164.1
XP_045538745.1	XP_045538745.1
XP_045540484.1	XP_045540484.1
XP_045543726.2	XP_045543726.2
XP_045545251.2	XP_045545251.2
XP_045580978.1	XP_045580978.1
XP_045580979.1	XP_045580979.1
XP_045600668.1	XP_045600668.1
XP_045600677.1	XP_045600677.1
XP_045600703.1	XP_045600703.1
XP_045600710.1	XP_045600710.1
XP_045600718.1	XP_045600718.1
XP_045605906.2	XP_045605906.2
XP_045620743.2	XP_045620743.2
XP_045636887.1	XP_045636887.1
XP_045636890.1	XP_045636890.1
XP_045636891.1	XP_045636891.1
XP_045636892.1	XP_045636892.1
XP_045651884.1	XP_045651884.1
XP_045651885.1	XP_045651885.1
XP_045655482.1	XP_045655482.1
XP_045655483.1	XP_045655483.1
XP_045655484.1	XP_045655484.1
XP_045655485.1	XP_045655485.1
XP_045655487.1	XP_045655487.1
XP_045655488.1	XP_045655488.1
XP_045655489.1	XP_045655489.1
XP_045655490.1	XP_045655490.1
XP_045655491.1	XP_045655491.1
XP_045655495.1	XP_045655495.1
XP_045668778.1	XP_045668778.1
XP_045674781.1	XP_045674781.1
XP_045674785.1	XP_045674785.1
XP_045674786.1	XP_045674786.1
XP_045674787.1	XP_045674787.1
XP_045696207.1	XP_045696207.1
XP_045696211.1	XP_045696211.1
XP_045696212.1	XP_045696212.1
XP_045704048.1	XP_045704048.1
XP_045704049.1	XP_045704049.1
XP_045711391.1	XP_045711391.1
XP_045713859.1	XP_045713859.1
XP_045714380.1	XP_045714380.1
XP_045714405.1	XP_045714405.1
XP_045714410.1	XP_045714410.1
XP_045714420.1	XP_045714420.1
XP_045714427.1	XP_045714427.1
XP_045714435.1	XP_045714435.1
XP_045714444.1	XP_045714444.1
XP_045719634.1	XP_045719634.1
XP_045719638.1	XP_045719638.1
XP_045749475.1	XP_045749475.1
XP_045753641.1	XP_045753641.1
XP_045753642.1	XP_045753642.1
XP_045753643.1	XP_045753643.1
XP_045753644.1	XP_045753644.1
XP_045753645.1	XP_045753645.1
XP_045753646.1	XP_045753646.1
XP_045753647.1	XP_045753647.1
XP_045753648.1	XP_045753648.1
XP_045753649.1	XP_045753649.1
XP_045762406.1	XP_045762406.1
XP_045773695.1	XP_045773695.1
XP_045773696.1	XP_045773696.1
XP_045773699.1	XP_045773699.1
XP_045773703.1	XP_045773703.1
XP_045776007.1	XP_045776007.1
XP_045801360.1	XP_045801360.1
XP_045802135.1	XP_045802135.1
XP_045820026.1	XP_045820026.1
XP_045820027.1	XP_045820027.1
XP_045826156.1	XP_045826156.1
XP_045844014.1	XP_045844014.1
XP_045844015.1	XP_045844015.1
XP_045854620.1	XP_045854620.1
XP_045855019.1	XP_045855019.1
XP_045855020.1	XP_045855020.1
XP_045869709.1	XP_045869709.1
XP_045871965.1	XP_045871965.1
XP_045871966.1	XP_045871966.1
XP_045877684.1	XP_045877684.1
XP_045877687.1	XP_045877687.1
XP_045877688.1	XP_045877688.1
XP_045877689.1	XP_045877689.1
XP_045877691.1	XP_045877691.1
XP_045888168.1	XP_045888168.1
XP_045890712.1	XP_045890712.1
XP_045891696.1	XP_045891696.1
XP_045905691.1	XP_045905691.1
XP_045905692.1	XP_045905692.1
XP_045905693.1	XP_045905693.1
XP_045913856.1	XP_045913856.1
XP_045913857.1	XP_045913857.1
XP_045918542.1	XP_045918542.1
XP_045925614.1	XP_045925614.1
XP_045932647.1	XP_045932647.1
XP_045948596.1	XP_045948596.1
XP_045961138.1	XP_045961138.1
XP_045963728.1	XP_045963728.1
XP_045968992.1	XP_045968992.1
XP_045970913.1	XP_045970913.1
XP_045970948.1	XP_045970948.1
XP_045974837.1	XP_045974837.1
XP_045977954.1	XP_045977954.1
XP_045988178.1	XP_045988178.1
XP_045993375.1	XP_045993375.1
XP_045996585.1	XP_045996585.1
XP_046002396.1	XP_046002396.1
XP_046010988.1	XP_046010988.1
XP_046015711.1	XP_046015711.1
XP_046016319.1	XP_046016319.1
XP_046022184.1	XP_046022184.1
XP_046026379.1	XP_046026379.1
XP_046026512.1	XP_046026512.1
XP_046028666.1	XP_046028666.1
XP_046033309.1	XP_046033309.1
XP_046038562.1	XP_046038562.1
XP_046039039.1	XP_046039039.1
XP_046046691.1	XP_046046691.1
XP_046056032.1	XP_046056032.1
XP_046058884.1	XP_046058884.1
XP_046075787.1	XP_046075787.1
XP_046083684.1	XP_046083684.1
XP_046084883.1	XP_046084883.1
XP_046092540.1	XP_046092540.1
XP_046103481.1	XP_046103481.1
XP_046106711.1	XP_046106711.1
XP_046107847.1	XP_046107847.1
XP_046115756.1	XP_046115756.1
XP_046116459.1	XP_046116459.1
XP_046120791.1	XP_046120791.1
XP_046132698.2	XP_046132698.2
XP_046133792.2	XP_046133792.2
XP_046141969.1	XP_046141969.1
XP_046148338.1	XP_046148338.1
XP_046156251.1	XP_046156251.1
XP_046156256.1	XP_046156256.1
XP_046156257.1	XP_046156257.1
XP_046156258.1	XP_046156258.1
XP_046168390.1	XP_046168390.1
XP_046168398.1	XP_046168398.1
XP_046183083.1	XP_046183083.1
XP_046197099.1	XP_046197099.1
XP_046197139.1	XP_046197139.1
XP_046201620.1	XP_046201620.1
XP_046202466.1	XP_046202466.1
XP_046202468.1	XP_046202468.1
XP_046202469.1	XP_046202469.1
XP_046202470.1	XP_046202470.1
XP_046204317.1	XP_046204317.1
XP_046205016.1	XP_046205016.1
XP_046209398.1	XP_046209398.1
XP_046209400.1	XP_046209400.1
XP_046209401.1	XP_046209401.1
XP_046209402.1	XP_046209402.1
XP_046217778.1	XP_046217778.1
XP_046223866.1	XP_046223866.1
XP_046223867.1	XP_046223867.1
XP_046227473.1	XP_046227473.1
XP_046233764.1	XP_046233764.1
XP_046241301.1	XP_046241301.1
XP_046241304.1	XP_046241304.1
XP_046243189.1	XP_046243189.1
XP_046247703.1	XP_046247703.1
XP_046247706.1	XP_046247706.1
XP_046247707.1	XP_046247707.1
XP_046247708.1	XP_046247708.1
XP_046247709.1	XP_046247709.1
XP_046247710.1	XP_046247710.1
XP_046247711.1	XP_046247711.1
XP_046247712.1	XP_046247712.1
XP_046247713.1	XP_046247713.1
XP_046255979.1	XP_046255979.1
XP_046255980.1	XP_046255980.1
XP_046270190.1	XP_046270190.1
XP_046272884.1	XP_046272884.1
XP_046272885.1	XP_046272885.1
XP_046281853.1	XP_046281853.1
XP_046286322.1	XP_046286322.1
XP_046286323.1	XP_046286323.1
XP_046301493.1	XP_046301493.1
XP_046301495.1	XP_046301495.1
XP_046304330.1	XP_046304330.1
XP_046307111.1	XP_046307111.1
XP_046307112.1	XP_046307112.1
XP_046307113.1	XP_046307113.1
XP_046307114.1	XP_046307114.1
XP_046307115.1	XP_046307115.1
XP_046307116.1	XP_046307116.1
XP_046307117.1	XP_046307117.1
XP_046309864.1	XP_046309864.1
XP_046315718.1	XP_046315718.1
XP_046328600.1	XP_046328600.1
XP_046345083.2	XP_046345083.2
XP_046374754.2	XP_046374754.2
XP_046374755.2	XP_046374755.2
XP_046382620.1	XP_046382620.1
XP_046382622.1	XP_046382622.1
XP_046384521.1	XP_046384521.1
XP_046386424.1	XP_046386424.1
XP_046386425.1	XP_046386425.1
XP_046386426.1	XP_046386426.1
XP_046386429.1	XP_046386429.1
XP_046398388.1	XP_046398388.1
XP_046400116.1	XP_046400116.1
XP_046400117.1	XP_046400117.1
XP_046400118.1	XP_046400118.1
XP_046405480.1	XP_046405480.1
XP_046405481.1	XP_046405481.1
XP_046416127.1	XP_046416127.1
XP_046416128.1	XP_046416128.1
XP_046416129.1	XP_046416129.1
XP_046420261.1	XP_046420261.1
XP_046420262.1	XP_046420262.1
XP_046430293.1	XP_046430293.1
XP_046430294.1	XP_046430294.1
XP_046430588.1	XP_046430588.1
XP_046430590.1	XP_046430590.1
XP_046430591.1	XP_046430591.1
XP_046430592.1	XP_046430592.1
XP_046431876.1	XP_046431876.1
XP_046432447.1	XP_046432447.1
XP_046448487.1	XP_046448487.1
XP_046448488.1	XP_046448488.1
XP_046448489.1	XP_046448489.1
XP_046448490.1	XP_046448490.1
XP_046448491.1	XP_046448491.1
XP_046448904.1	XP_046448904.1
XP_046449361.1	XP_046449361.1
XP_046455837.1	XP_046455837.1
XP_046462442.1	XP_046462442.1
XP_046470928.1	XP_046470928.1
XP_046470929.1	XP_046470929.1
XP_046470930.1	XP_046470930.1
XP_046476537.1	XP_046476537.1
XP_046486841.1	XP_046486841.1
XP_046486842.1	XP_046486842.1
XP_046487826.1	XP_046487826.1
XP_046487827.1	XP_046487827.1
XP_046487828.1	XP_046487828.1
XP_046487829.1	XP_046487829.1
XP_046489207.1	XP_046489207.1
XP_046489554.1	XP_046489554.1
XP_046499543.1	XP_046499543.1
XP_046517256.1	XP_046517256.1
XP_046517261.1	XP_046517261.1
XP_046520674.1	XP_046520674.1
XP_046520675.1	XP_046520675.1
XP_046520680.1	XP_046520680.1
XP_046520681.1	XP_046520681.1
XP_046522633.1	XP_046522633.1
XP_046522636.1	XP_046522636.1
XP_046527173.1	XP_046527173.1
XP_046535837.1	XP_046535837.1
XP_046537985.1	XP_046537985.1
XP_046551942.1	XP_046551942.1
XP_046553934.1	XP_046553934.1
XP_046575300.1	XP_046575300.1
XP_046575301.1	XP_046575301.1
XP_046575505.1	XP_046575505.1
XP_046599519.1	XP_046599519.1
XP_046600396.1	XP_046600396.1
XP_046600397.1	XP_046600397.1
XP_046609764.1	XP_046609764.1
XP_046609765.1	XP_046609765.1
XP_046609766.1	XP_046609766.1
XP_046613995.1	XP_046613995.1
XP_046625814.1	XP_046625814.1
XP_046625815.1	XP_046625815.1
XP_046626229.1	XP_046626229.1
XP_046626632.1	XP_046626632.1
XP_046636454.1	XP_046636454.1
XP_046640710.1	XP_046640710.1
XP_046640711.1	XP_046640711.1
XP_046640712.1	XP_046640712.1
XP_046640713.1	XP_046640713.1
XP_046654778.1	XP_046654778.1
XP_046655714.1	XP_046655714.1
XP_046657950.1	XP_046657950.1
XP_046664903.1	XP_046664903.1
XP_046677392.1	XP_046677392.1
XP_046677397.1	XP_046677397.1
XP_046677932.1	XP_046677932.1
XP_046677934.1	XP_046677934.1
XP_046682065.1	XP_046682065.1
XP_046696588.1	XP_046696588.1
XP_046696589.1	XP_046696589.1
XP_046698341.1	XP_046698341.1
XP_046699668.1	XP_046699668.1
XP_046702327.1	XP_046702327.1
XP_046709764.1	XP_046709764.1
XP_046709994.1	XP_046709994.1
XP_046709995.1	XP_046709995.1
XP_046725008.1	XP_046725008.1
XP_046725009.1	XP_046725009.1
XP_046725010.1	XP_046725010.1
XP_046740040.1	XP_046740040.1
XP_046740041.1	XP_046740041.1
XP_046740042.1	XP_046740042.1
XP_046741863.1	XP_046741863.1
XP_046741864.1	XP_046741864.1
XP_046749313.1	XP_046749313.1
XP_046750297.1	XP_046750297.1
XP_046750319.1	XP_046750319.1
XP_046750412.1	XP_046750412.1
XP_046750414.1	XP_046750414.1
XP_046750415.1	XP_046750415.1
XP_046767729.1	XP_046767729.1
XP_046767730.1	XP_046767730.1
XP_046767733.1	XP_046767733.1
XP_046767735.1	XP_046767735.1
XP_046782526.1	XP_046782526.1
XP_046801301.1	XP_046801301.1
XP_046801920.1	XP_046801920.1
XP_046805964.1	XP_046805964.1
XP_046815745.1	XP_046815745.1
XP_046819223.1	XP_046819223.1
XP_046832788.1	XP_046832788.1
XP_046832790.1	XP_046832790.1
XP_046833741.1	XP_046833741.1
XP_046838417.1	XP_046838417.1
XP_046842379.1	XP_046842379.1
XP_046842387.1	XP_046842387.1
XP_046842481.1	XP_046842481.1
XP_046842482.1	XP_046842482.1
XP_046842483.1	XP_046842483.1
XP_046847191.1	XP_046847191.1
XP_046847249.1	XP_046847249.1
XP_046857203.1	XP_046857203.1
XP_046868403.1	XP_046868403.1
XP_046871435.1	XP_046871435.1
XP_046872748.1	XP_046872748.1
XP_046875372.1	XP_046875372.1
XP_046875373.1	XP_046875373.1
XP_046880158.1	XP_046880158.1
XP_046883737.1	XP_046883737.1
XP_046883746.1	XP_046883746.1
XP_046888846.1	XP_046888846.1
XP_046898091.1	XP_046898091.1
XP_046905371.1	XP_046905371.1
XP_046908777.1	XP_046908777.1
XP_046909034.1	XP_046909034.1
XP_046910502.2	XP_046910502.2
XP_046910503.2	XP_046910503.2
XP_046910885.2	XP_046910885.2
XP_046913111.2	XP_046913111.2
XP_046920246.2	XP_046920246.2
XP_046921532.1	XP_046921532.1
XP_046926887.1	XP_046926887.1
XP_046934330.1	XP_046934330.1
XP_046934331.1	XP_046934331.1
XP_046939215.1	XP_046939215.1
XP_046950122.1	XP_046950122.1
XP_046950130.1	XP_046950130.1
XP_046958979.1	XP_046958979.1
XP_046958991.1	XP_046958991.1
XP_046958996.1	XP_046958996.1
XP_046966727.1	XP_046966727.1
XP_046966728.1	XP_046966728.1
XP_046967825.1	XP_046967825.1
XP_046968044.1	XP_046968044.1
XP_046968221.1	XP_046968221.1
XP_046980995.1	XP_046980995.1
XP_046981645.1	XP_046981645.1
XP_046981648.1	XP_046981648.1
XP_046984533.1	XP_046984533.1
XP_046999182.1	XP_046999182.1
XP_046999183.1	XP_046999183.1
XP_046999988.1	XP_046999988.1
XP_046999989.1	XP_046999989.1
XP_046999990.1	XP_046999990.1
XP_046999991.1	XP_046999991.1
XP_047001482.1	XP_047001482.1
XP_047001483.1	XP_047001483.1
XP_047004417.1	XP_047004417.1
XP_047007564.1	XP_047007564.1
XP_047007565.1	XP_047007565.1
XP_047028402.1	XP_047028402.1
XP_047028403.1	XP_047028403.1
XP_047028502.1	XP_047028502.1
XP_047028503.1	XP_047028503.1
XP_047028504.1	XP_047028504.1
XP_047028524.1	XP_047028524.1
XP_047028984.1	XP_047028984.1
XP_047028985.1	XP_047028985.1
XP_047035771.1	XP_047035771.1
XP_047035772.1	XP_047035772.1
XP_047045487.1	XP_047045487.1
XP_047050060.1	XP_047050060.1
XP_047053218.1	XP_047053218.1
XP_047053820.1	XP_047053820.1
XP_047056543.1	XP_047056543.1
XP_047056547.1	XP_047056547.1
XP_047056548.1	XP_047056548.1
XP_047057031.1	XP_047057031.1
XP_047057160.1	XP_047057160.1
XP_047061502.1	XP_047061502.1
XP_047078836.1	XP_047078836.1
XP_047100162.1	XP_047100162.1
XP_047101997.1	XP_047101997.1
XP_047113387.1	XP_047113387.1
XP_047117106.1	XP_047117106.1
XP_047117108.1	XP_047117108.1
XP_047117109.1	XP_047117109.1
XP_047117451.1	XP_047117451.1
XP_047117454.1	XP_047117454.1
XP_047117455.1	XP_047117455.1
XP_047121850.1	XP_047121850.1
XP_047121851.1	XP_047121851.1
XP_047122644.1	XP_047122644.1
XP_047136816.2	XP_047136816.2
XP_047146010.1	XP_047146010.1
XP_047146770.2	XP_047146770.2
XP_047153944.1	XP_047153944.1
XP_047161948.1	XP_047161948.1
XP_047180364.1	XP_047180364.1
XP_047185189.1	XP_047185189.1
XP_047191055.1	XP_047191055.1
XP_047191056.1	XP_047191056.1
XP_047192736.1	XP_047192736.1
XP_047192737.1	XP_047192737.1
XP_047192738.1	XP_047192738.1
XP_047197197.1	XP_047197197.1
XP_047206556.1	XP_047206556.1
XP_047206557.1	XP_047206557.1
XP_047218167.1	XP_047218167.1
XP_047219418.1	XP_047219418.1
XP_047231093.1	XP_047231093.1
XP_047231094.1	XP_047231094.1
XP_047233844.1	XP_047233844.1
XP_047233845.1	XP_047233845.1
XP_047236186.1	XP_047236186.1
XP_047237471.1	XP_047237471.1
XP_047237472.1	XP_047237472.1
XP_047240281.1	XP_047240281.1
XP_047240282.1	XP_047240282.1
XP_047254343.1	XP_047254343.1
XP_047264887.1	XP_047264887.1
XP_047270782.1	XP_047270782.1
XP_047272285.1	XP_047272285.1
XP_047272286.1	XP_047272286.1
XP_047272288.1	XP_047272288.1
XP_047272290.1	XP_047272290.1
XP_047272295.1	XP_047272295.1
XP_047272296.1	XP_047272296.1
XP_047272303.1	XP_047272303.1
XP_047272305.1	XP_047272305.1
XP_047272306.1	XP_047272306.1
XP_047272307.1	XP_047272307.1
XP_047272311.1	XP_047272311.1
XP_047272320.1	XP_047272320.1
XP_047272325.1	XP_047272325.1
XP_047272327.1	XP_047272327.1
XP_047272336.1	XP_047272336.1
XP_047272337.1	XP_047272337.1
XP_047272344.1	XP_047272344.1
XP_047272345.1	XP_047272345.1
XP_047272348.1	XP_047272348.1
XP_047272350.1	XP_047272350.1
XP_047272354.1	XP_047272354.1
XP_047272362.1	XP_047272362.1
XP_047272365.1	XP_047272365.1
XP_047272367.1	XP_047272367.1
XP_047272369.1	XP_047272369.1
XP_047272372.1	XP_047272372.1
XP_047272373.1	XP_047272373.1
XP_047272377.1	XP_047272377.1
XP_047272384.1	XP_047272384.1
XP_047272620.1	XP_047272620.1
XP_047272624.1	XP_047272624.1
XP_047272816.1	XP_047272816.1
XP_047272817.1	XP_047272817.1
XP_047272818.1	XP_047272818.1
XP_047272820.1	XP_047272820.1
XP_047279826.1	XP_047279826.1
XP_047290431.1	XP_047290431.1
XP_047290432.1	XP_047290432.1
XP_047290433.1	XP_047290433.1
XP_047318051.1	XP_047318051.1
XP_047329261.1	XP_047329261.1
XP_047329293.1	XP_047329293.1
XP_047342676.1	XP_047342676.1
XP_047345837.1	XP_047345837.1
XP_047351588.1	XP_047351588.1
XP_047363614.1	XP_047363614.1
XP_047363615.1	XP_047363615.1
XP_047373328.1	XP_047373328.1
XP_047376219.1	XP_047376219.1
XP_047376220.1	XP_047376220.1
XP_047377363.1	XP_047377363.1
XP_047377379.1	XP_047377379.1
XP_047377385.1	XP_047377385.1
XP_047377390.1	XP_047377390.1
XP_047377397.1	XP_047377397.1
XP_047377404.1	XP_047377404.1
XP_047377411.1	XP_047377411.1
XP_047377416.1	XP_047377416.1
XP_047379849.1	XP_047379849.1
XP_047379852.1	XP_047379852.1
XP_047379853.1	XP_047379853.1
XP_047384240.1	XP_047384240.1
XP_047384241.1	XP_047384241.1
XP_047384242.1	XP_047384242.1
XP_047411412.1	XP_047411412.1
XP_047411566.1	XP_047411566.1
XP_047411569.1	XP_047411569.1
XP_047411570.1	XP_047411570.1
XP_047411571.1	XP_047411571.1
XP_047424847.1	XP_047424847.1
XP_047436180.1	XP_047436180.1
XP_047443805.1	XP_047443805.1
XP_047446772.1	XP_047446772.1
XP_047448090.1	XP_047448090.1
XP_047455753.1	XP_047455753.1
XP_047461750.1	XP_047461750.1
XP_047461751.1	XP_047461751.1
XP_047461752.1	XP_047461752.1
XP_047461754.1	XP_047461754.1
XP_047464626.1	XP_047464626.1
XP_047485652.1	XP_047485652.1
XP_047492853.1	XP_047492853.1
XP_047493698.1	XP_047493698.1
XP_047497190.1	XP_047497190.1
XP_047497191.1	XP_047497191.1
XP_047497192.1	XP_047497192.1
XP_047505858.1	XP_047505858.1
XP_047506227.1	XP_047506227.1
XP_047520838.1	XP_047520838.1
XP_047520846.1	XP_047520846.1
XP_047520851.1	XP_047520851.1
XP_047520978.1	XP_047520978.1
XP_047520979.1	XP_047520979.1
XP_047532411.1	XP_047532411.1
XP_047532412.1	XP_047532412.1
XP_047532413.1	XP_047532413.1
XP_047533901.1	XP_047533901.1
XP_047533945.1	XP_047533945.1
XP_047533946.1	XP_047533946.1
XP_047533948.1	XP_047533948.1
XP_047540020.1	XP_047540020.1
XP_047540021.1	XP_047540021.1
XP_047547234.1	XP_047547234.1
XP_047554898.1	XP_047554898.1
XP_047554903.1	XP_047554903.1
XP_047554904.1	XP_047554904.1
XP_047554905.1	XP_047554905.1
XP_047554906.1	XP_047554906.1
XP_047554908.1	XP_047554908.1
XP_047567106.1	XP_047567106.1
XP_047567107.1	XP_047567107.1
XP_047567108.1	XP_047567108.1
XP_047584154.1	XP_047584154.1
XP_047584156.1	XP_047584156.1
XP_047584158.1	XP_047584158.1
XP_047584159.1	XP_047584159.1
XP_047584160.1	XP_047584160.1
XP_047584161.1	XP_047584161.1
XP_047584162.1	XP_047584162.1
XP_047584163.1	XP_047584163.1
XP_047584164.1	XP_047584164.1
XP_047585223.1	XP_047585223.1
XP_047585425.1	XP_047585425.1
XP_047597109.1	XP_047597109.1
XP_047604468.1	XP_047604468.1
XP_047610576.1	XP_047610576.1
XP_047611243.1	XP_047611243.1
XP_047611245.1	XP_047611245.1
XP_047611246.1	XP_047611246.1
XP_047611247.1	XP_047611247.1
XP_047611248.1	XP_047611248.1
XP_047611249.1	XP_047611249.1
XP_047623796.1	XP_047623796.1
XP_047623885.1	XP_047623885.1
XP_047631467.1	XP_047631467.1
XP_047634134.1	XP_047634134.1
XP_047634137.1	XP_047634137.1
XP_047645054.1	XP_047645054.1
XP_047645055.1	XP_047645055.1
XP_047645056.1	XP_047645056.1
XP_047645057.1	XP_047645057.1
XP_047645058.1	XP_047645058.1
XP_047645059.1	XP_047645059.1
XP_047645060.1	XP_047645060.1
XP_047645061.1	XP_047645061.1
XP_047645063.1	XP_047645063.1
XP_047645697.1	XP_047645697.1
XP_047645698.1	XP_047645698.1
XP_047663038.1	XP_047663038.1
XP_047663039.1	XP_047663039.1
XP_047665760.1	XP_047665760.1
XP_047665761.1	XP_047665761.1
XP_047672495.1	XP_047672495.1
XP_047673314.1	XP_047673314.1
XP_047673336.1	XP_047673336.1
XP_047687506.1	XP_047687506.1
XP_047687511.1	XP_047687511.1
XP_047687512.1	XP_047687512.1
XP_047687513.1	XP_047687513.1
XP_047692374.1	XP_047692374.1
XP_047711123.1	XP_047711123.1
XP_047711131.1	XP_047711131.1
XP_047722633.1	XP_047722633.1
XP_047722635.1	XP_047722635.1
XP_047725537.1	XP_047725537.1
XP_047725544.1	XP_047725544.1
XP_047725545.1	XP_047725545.1
XP_047725546.1	XP_047725546.1
XP_047725547.1	XP_047725547.1
XP_047725548.1	XP_047725548.1
XP_047725549.1	XP_047725549.1
XP_047725550.1	XP_047725550.1
XP_047725551.1	XP_047725551.1
XP_047725552.1	XP_047725552.1
XP_047732785.1	XP_047732785.1
XP_047744579.1	XP_047744579.1
XP_047762686.1	XP_047762686.1
XP_047764676.1	XP_047764676.1
XP_047772424.1	XP_047772424.1
XP_047773766.1	XP_047773766.1
XP_047776923.1	XP_047776923.1
XP_047784167.1	XP_047784167.1
XP_047785917.1	XP_047785917.1
XP_047788984.1	XP_047788984.1
XP_047800549.1	XP_047800549.1
XP_047803944.1	XP_047803944.1
XP_047817731.1	XP_047817731.1
XP_047821765.1	XP_047821765.1
XP_047823614.1	XP_047823614.1
XP_047827632.1	XP_047827632.1
XP_047830407.1	XP_047830407.1
XP_047834256.1	XP_047834256.1
XP_047837093.1	XP_047837093.1
XP_047843873.1	XP_047843873.1
XP_047849393.1	XP_047849393.1
XP_047853577.1	XP_047853577.1
XP_047855881.1	XP_047855881.1
XP_047862686.1	XP_047862686.1
XP_047864425.1	XP_047864425.1
XP_047872648.1	XP_047872648.1
XP_047875039.1	XP_047875039.1
XP_047877764.1	XP_047877764.1
XP_047887599.1	XP_047887599.1
XP_047888308.1	XP_047888308.1
XP_047891955.1	XP_047891955.1
XP_047893651.1	XP_047893651.1
XP_047917866.2	XP_047917866.2
XP_047932329.2	XP_047932329.2
XP_047932330.2	XP_047932330.2
XP_047936479.2	XP_047936479.2
XP_047936480.2	XP_047936480.2
XP_047936481.2	XP_047936481.2
XP_047936482.2	XP_047936482.2
XP_047954551.1	XP_047954551.1
XP_047962259.1	XP_047962259.1
XP_047962260.1	XP_047962260.1
XP_047962574.1	XP_047962574.1
XP_047979644.1	XP_047979644.1
XP_047979689.1	XP_047979689.1
XP_047979690.1	XP_047979690.1
XP_047979691.1	XP_047979691.1
XP_047979692.1	XP_047979692.1
XP_047980940.1	XP_047980940.1
XP_047995976.1	XP_047995976.1
XP_047995977.1	XP_047995977.1
XP_047997483.1	XP_047997483.1
XP_047997484.1	XP_047997484.1
XP_047997486.1	XP_047997486.1
XP_048000807.1	XP_048000807.1
XP_048026250.1	XP_048026250.1
XP_048026748.1	XP_048026748.1
XP_048035067.1	XP_048035067.1
XP_048040961.1	XP_048040961.1
XP_048040963.1	XP_048040963.1
XP_048040964.1	XP_048040964.1
XP_048045199.1	XP_048045199.1
XP_048045202.1	XP_048045202.1
XP_048045788.1	XP_048045788.1
XP_048057173.1	XP_048057173.1
XP_048057174.1	XP_048057174.1
XP_048057175.1	XP_048057175.1
XP_048057176.1	XP_048057176.1
XP_048057177.1	XP_048057177.1
XP_048057178.1	XP_048057178.1
XP_048067474.1	XP_048067474.1
XP_048067475.1	XP_048067475.1
XP_048067476.1	XP_048067476.1
XP_048067477.1	XP_048067477.1
XP_048067478.1	XP_048067478.1
XP_048074248.1	XP_048074248.1
XP_048076580.1	XP_048076580.1
XP_048076581.1	XP_048076581.1
XP_048076582.1	XP_048076582.1
XP_048076583.1	XP_048076583.1
XP_048076586.1	XP_048076586.1
XP_048076587.1	XP_048076587.1
XP_048084880.1	XP_048084880.1
XP_048084881.1	XP_048084881.1
XP_048084882.1	XP_048084882.1
XP_048084883.1	XP_048084883.1
XP_048099795.1	XP_048099795.1
XP_048099796.1	XP_048099796.1
XP_048100388.1	XP_048100388.1
XP_048100389.1	XP_048100389.1
XP_048101746.1	XP_048101746.1
XP_048108023.1	XP_048108023.1
XP_048122950.1	XP_048122950.1
XP_048140118.1	XP_048140118.1
XP_048140367.1	XP_048140367.1
XP_048140368.1	XP_048140368.1
XP_048140369.1	XP_048140369.1
XP_048140371.1	XP_048140371.1
XP_048147178.1	XP_048147178.1
XP_048147180.1	XP_048147180.1
XP_048147181.1	XP_048147181.1
XP_048147512.1	XP_048147512.1
XP_048147514.1	XP_048147514.1
XP_048150054.1	XP_048150054.1
XP_048168244.1	XP_048168244.1
XP_048168246.1	XP_048168246.1
XP_048168247.1	XP_048168247.1
XP_048172783.1	XP_048172783.1
XP_048186721.1	XP_048186721.1
XP_048186732.1	XP_048186732.1
XP_048186740.1	XP_048186740.1
XP_048187075.1	XP_048187075.1
XP_048187080.1	XP_048187080.1
XP_048207268.1	XP_048207268.1
XP_048207270.1	XP_048207270.1
XP_048207271.1	XP_048207271.1
XP_048207272.1	XP_048207272.1
XP_048207273.1	XP_048207273.1
XP_048207275.1	XP_048207275.1
XP_048211605.1	XP_048211605.1
XP_048211606.1	XP_048211606.1
XP_048211608.1	XP_048211608.1
XP_048216539.1	XP_048216539.1
XP_048223540.1	XP_048223540.1
XP_048224245.1	XP_048224245.1
XP_048237871.1	XP_048237871.1
XP_048253385.1	XP_048253385.1
XP_048255497.1	XP_048255497.1
XP_048255498.1	XP_048255498.1
XP_048255499.1	XP_048255499.1
XP_048265554.1	XP_048265554.1
XP_048265556.1	XP_048265556.1
XP_048265557.1	XP_048265557.1
XP_048270473.1	XP_048270473.1
XP_048284501.1	XP_048284501.1
XP_048303594.1	XP_048303594.1
XP_048303596.1	XP_048303596.1
XP_048303597.1	XP_048303597.1
XP_048303598.1	XP_048303598.1
XP_048309280.1	XP_048309280.1
XP_048309281.1	XP_048309281.1
XP_048309282.1	XP_048309282.1
XP_048309284.1	XP_048309284.1
XP_048309285.1	XP_048309285.1
XP_048309286.1	XP_048309286.1
XP_048309287.1	XP_048309287.1
XP_048311880.1	XP_048311880.1
XP_048311884.1	XP_048311884.1
XP_048311885.1	XP_048311885.1
XP_048311886.1	XP_048311886.1
XP_048311888.1	XP_048311888.1
XP_048313824.1	XP_048313824.1
XP_048314669.1	XP_048314669.1
XP_048316754.1	XP_048316754.1
XP_048321121.2	XP_048321121.2
XP_048326001.1	XP_048326001.1
XP_048352906.1	XP_048352906.1
XP_048359735.1	XP_048359735.1
XP_048360536.1	XP_048360536.1
XP_048360537.1	XP_048360537.1
XP_048367450.1	XP_048367450.1
XP_048368535.1	XP_048368535.1
XP_048368543.1	XP_048368543.1
XP_048371757.1	XP_048371757.1
XP_048371758.1	XP_048371758.1
XP_048371876.1	XP_048371876.1
XP_048383718.1	XP_048383718.1
XP_048383871.2	XP_048383871.2
XP_048395051.1	XP_048395051.1
XP_048395054.1	XP_048395054.1
XP_048402377.1	XP_048402377.1
XP_048402378.1	XP_048402378.1
XP_048416861.2	XP_048416861.2
XP_048418254.1	XP_048418254.1
XP_048418264.1	XP_048418264.1
XP_048418273.1	XP_048418273.1
XP_048418280.1	XP_048418280.1
XP_048418290.1	XP_048418290.1
XP_048418298.1	XP_048418298.1
XP_048431449.1	XP_048431449.1
XP_048441675.1	XP_048441675.1
XP_048446418.1	XP_048446418.1
XP_048448335.1	XP_048448335.1
XP_048450865.1	XP_048450865.1
XP_048457636.1	XP_048457636.1
XP_048457638.1	XP_048457638.1
XP_048457639.1	XP_048457639.1
XP_048461986.1	XP_048461986.1
XP_048461987.1	XP_048461987.1
XP_048470665.1	XP_048470665.1
XP_048470666.1	XP_048470666.1
XP_048470779.1	XP_048470779.1
XP_048470785.1	XP_048470785.1
XP_048470791.1	XP_048470791.1
XP_048470800.1	XP_048470800.1
XP_048470805.1	XP_048470805.1
XP_048476916.1	XP_048476916.1
XP_048483365.1	XP_048483365.1
XP_048483371.1	XP_048483371.1
XP_048483374.2	XP_048483374.2
XP_048484374.1	XP_048484374.1
XP_048495177.1	XP_048495177.1
XP_048495178.1	XP_048495178.1
XP_048495179.1	XP_048495179.1
XP_048514047.1	XP_048514047.1
XP_048517492.1	XP_048517492.1
XP_048517493.1	XP_048517493.1
XP_048517494.1	XP_048517494.1
XP_048517495.1	XP_048517495.1
XP_048517496.1	XP_048517496.1
XP_048518933.1	XP_048518933.1
XP_048518935.1	XP_048518935.1
XP_048518939.1	XP_048518939.1
XP_048538465.1	XP_048538465.1
XP_048546833.1	XP_048546833.1
XP_048564291.1	XP_048564291.1
XP_048565113.1	XP_048565113.1
XP_048565114.1	XP_048565114.1
XP_048569003.1	XP_048569003.1
XP_048571702.1	XP_048571702.1
XP_048571705.1	XP_048571705.1
XP_048577049.1	XP_048577049.1
XP_048579308.1	XP_048579308.1
XP_048579309.1	XP_048579309.1
XP_048579310.1	XP_048579310.1
XP_048583969.1	XP_048583969.1
XP_048587852.1	XP_048587852.1
XP_048587853.1	XP_048587853.1
XP_048598756.1	XP_048598756.1
XP_048606707.1	XP_048606707.1
XP_048623082.1	XP_048623082.1
XP_048656152.1	XP_048656152.1
XP_048656421.1	XP_048656421.1
XP_048656422.1	XP_048656422.1
XP_048656423.1	XP_048656423.1
XP_048656424.1	XP_048656424.1
XP_048656425.1	XP_048656425.1
XP_048656426.1	XP_048656426.1
XP_048656427.1	XP_048656427.1
XP_048656428.1	XP_048656428.1
XP_048665734.1	XP_048665734.1
XP_048669933.1	XP_048669933.1
XP_048671333.1	XP_048671333.1
XP_048671337.1	XP_048671337.1
XP_048671338.1	XP_048671338.1
XP_048671339.1	XP_048671339.1
XP_048671340.1	XP_048671340.1
XP_048671341.1	XP_048671341.1
XP_048671342.1	XP_048671342.1
XP_048671343.1	XP_048671343.1
XP_048671344.1	XP_048671344.1
XP_048671345.1	XP_048671345.1
XP_048672502.2	XP_048672502.2
XP_048693725.1	XP_048693725.1
XP_048693726.1	XP_048693726.1
XP_048695488.1	XP_048695488.1
XP_048695489.1	XP_048695489.1
XP_048695491.1	XP_048695491.1
XP_048695493.1	XP_048695493.1
XP_048695494.1	XP_048695494.1
XP_048695496.2	XP_048695496.2
XP_048695498.1	XP_048695498.1
XP_048705749.2	XP_048705749.2
XP_048706513.2	XP_048706513.2
XP_048716205.1	XP_048716205.1
XP_048716212.1	XP_048716212.1
XP_048727948.1	XP_048727948.1
XP_048727949.1	XP_048727949.1
XP_048728451.2	XP_048728451.2
XP_048732713.1	XP_048732713.1
XP_048735724.2	XP_048735724.2
XP_048763317.2	XP_048763317.2
XP_048763319.2	XP_048763319.2
XP_048787127.1	XP_048787127.1
XP_048787128.1	XP_048787128.1
XP_048788083.1	XP_048788083.1
XP_048788085.1	XP_048788085.1
XP_048788086.1	XP_048788086.1
XP_048788087.1	XP_048788087.1
XP_048788088.1	XP_048788088.1
XP_048796721.1	XP_048796721.1
XP_048802858.1	XP_048802858.1
XP_048802864.1	XP_048802864.1
XP_048806891.1	XP_048806891.1
XP_048814320.1	XP_048814320.1
XP_048828353.1	XP_048828353.1
XP_048845770.1	XP_048845770.1
XP_048845771.1	XP_048845771.1
XP_048845772.1	XP_048845772.1
XP_048848777.1	XP_048848777.1
XP_048850018.1	XP_048850018.1
XP_048870499.1	XP_048870499.1
XP_048874612.1	XP_048874612.1
XP_048874613.1	XP_048874613.1
XP_048881456.1	XP_048881456.1
XP_048884621.1	XP_048884621.1
XP_048886615.1	XP_048886615.1
XP_048950237.1	XP_048950237.1
XP_048950238.1	XP_048950238.1
XP_048950239.1	XP_048950239.1
XP_048971962.1	XP_048971962.1
XP_048971974.1	XP_048971974.1
XP_049097897.1	XP_049097897.1
XP_049101814.1	XP_049101814.1
XP_049107900.1	XP_049107900.1
XP_049110807.1	XP_049110807.1
XP_049111300.1	XP_049111300.1
XP_049113653.1	XP_049113653.1
XP_049121728.1	XP_049121728.1
XP_049124859.1	XP_049124859.1
XP_049129773.1	XP_049129773.1
XP_049145052.1	XP_049145052.1
XP_049151541.1	XP_049151541.1
XP_049157510.1	XP_049157510.1
XP_049163500.1	XP_049163500.1
XP_049168328.1	XP_049168328.1
XP_049175007.1	XP_049175007.1
XP_049176984.1	XP_049176984.1
XP_049182174.1	XP_049182174.1
XP_049189026.1	XP_049189026.1
XP_049191938.1	XP_049191938.1
XP_049192051.1	XP_049192051.1
XP_049193429.1	XP_049193429.1
XP_049198753.1	XP_049198753.1
XP_049203544.1	XP_049203544.1
XP_049204042.1	XP_049204042.1
XP_049204159.1	XP_049204159.1
XP_049205887.1	XP_049205887.1
XP_049211880.1	XP_049211880.1
XP_049213784.1	XP_049213784.1
XP_049216056.1	XP_049216056.1
XP_049219840.1	XP_049219840.1
XP_049222036.1	XP_049222036.1
XP_049225343.1	XP_049225343.1
XP_049234430.1	XP_049234430.1
XP_049235363.1	XP_049235363.1
XP_049237205.1	XP_049237205.1
XP_049240086.1	XP_049240086.1
XP_049240594.1	XP_049240594.1
XP_049248908.1	XP_049248908.1
XP_049251497.1	XP_049251497.1
XP_049252815.1	XP_049252815.1
XP_049261310.1	XP_049261310.1
XP_049270949.1	XP_049270949.1
XP_049280040.1	XP_049280040.1
XP_049280552.1	XP_049280552.1
XP_049285636.1	XP_049285636.1
XP_049287353.1	XP_049287353.1
XP_049290367.1	XP_049290367.1
XP_049310982.1	XP_049310982.1
XP_049318130.1	XP_049318130.1
XP_049327355.1	XP_049327355.1
XP_049344350.1	XP_049344350.1
XP_049344351.1	XP_049344351.1
XP_049351498.1	XP_049351498.1
XP_049356556.1	XP_049356556.1
XP_049372663.1	XP_049372663.1
XP_049375572.1	XP_049375572.1
XP_049375573.1	XP_049375573.1
XP_049375574.1	XP_049375574.1
XP_049381076.1	XP_049381076.1
XP_049381077.1	XP_049381077.1
XP_049398855.1	XP_049398855.1
XP_049400938.1	XP_049400938.1
XP_049406762.1	XP_049406762.1
XP_049406763.1	XP_049406763.1
XP_049410980.1	XP_049410980.1
XP_049416335.1	XP_049416335.1
XP_049418593.1	XP_049418593.1
XP_049420706.1	XP_049420706.1
XP_049420707.1	XP_049420707.1
XP_049434982.1	XP_049434982.1
XP_049435243.1	XP_049435243.1
XP_049440336.1	XP_049440336.1
XP_049443017.1	XP_049443017.1
XP_049457975.1	XP_049457975.1
XP_049457976.1	XP_049457976.1
XP_049477191.1	XP_049477191.1
XP_049479895.1	XP_049479895.1
XP_049479897.1	XP_049479897.1
XP_049479898.1	XP_049479898.1
XP_049479899.1	XP_049479899.1
XP_049479900.1	XP_049479900.1
XP_049479901.1	XP_049479901.1
XP_049480712.1	XP_049480712.1
XP_049500822.1	XP_049500822.1
XP_049504884.1	XP_049504884.1
XP_049509741.1	XP_049509741.1
XP_049509813.1	XP_049509813.1
XP_049509872.1	XP_049509872.1
XP_049512977.1	XP_049512977.1
XP_049514353.1	XP_049514353.1
XP_049515654.1	XP_049515654.1
XP_049515678.1	XP_049515678.1
XP_049519184.1	XP_049519184.1
XP_049519185.1	XP_049519185.1
XP_049531661.1	XP_049531661.1
XP_049534847.1	XP_049534847.1
XP_049544512.1	XP_049544512.1
XP_049548634.1	XP_049548634.1
XP_049555722.1	XP_049555722.1
XP_049563714.1	XP_049563714.1
XP_049564198.1	XP_049564198.1
XP_049566853.1	XP_049566853.1
XP_049566854.1	XP_049566854.1
XP_049569335.1	XP_049569335.1
XP_049574165.1	XP_049574165.1
XP_049585239.1	XP_049585239.1
XP_049585358.1	XP_049585358.1
XP_049585368.1	XP_049585368.1
XP_049585376.1	XP_049585376.1
XP_049585386.1	XP_049585386.1
XP_049604595.1	XP_049604595.1
XP_049604596.1	XP_049604596.1
XP_049606498.1	XP_049606498.1
XP_049614738.1	XP_049614738.1
XP_049618621.1	XP_049618621.1
XP_049618622.1	XP_049618622.1
XP_049618623.1	XP_049618623.1
XP_049618624.1	XP_049618624.1
XP_049618625.1	XP_049618625.1
XP_049619796.1	XP_049619796.1
XP_049619797.1	XP_049619797.1
XP_049619799.1	XP_049619799.1
XP_049622028.1	XP_049622028.1
XP_049622035.1	XP_049622035.1
XP_049623867.1	XP_049623867.1
XP_049623868.1	XP_049623868.1
XP_049630574.1	XP_049630574.1
XP_049630575.1	XP_049630575.1
XP_049633423.1	XP_049633423.1
XP_049635560.1	XP_049635560.1
XP_049640085.1	XP_049640085.1
XP_049640087.1	XP_049640087.1
XP_049642022.1	XP_049642022.1
XP_049650381.1	XP_049650381.1
XP_049650382.1	XP_049650382.1
XP_049650383.1	XP_049650383.1
XP_049650384.1	XP_049650384.1
XP_049651637.1	XP_049651637.1
XP_049651638.1	XP_049651638.1
XP_049651639.1	XP_049651639.1
XP_049654196.1	XP_049654196.1
XP_049654197.1	XP_049654197.1
XP_049660789.1	XP_049660789.1
XP_049663027.1	XP_049663027.1
XP_049663028.1	XP_049663028.1
XP_049663029.1	XP_049663029.1
XP_049663032.1	XP_049663032.1
XP_049680029.1	XP_049680029.1
XP_049680030.1	XP_049680030.1
XP_049680031.1	XP_049680031.1
XP_049680032.1	XP_049680032.1
XP_049680033.1	XP_049680033.1
XP_049691597.1	XP_049691597.1
XP_049701878.1	XP_049701878.1
XP_049702089.1	XP_049702089.1
XP_049714621.1	XP_049714621.1
XP_049720004.1	XP_049720004.1
XP_049720006.1	XP_049720006.1
XP_049735200.1	XP_049735200.1
XP_049735206.1	XP_049735206.1
XP_049735207.1	XP_049735207.1
XP_049735208.1	XP_049735208.1
XP_049735209.1	XP_049735209.1
XP_049735210.1	XP_049735210.1
XP_049735211.1	XP_049735211.1
XP_049737681.1	XP_049737681.1
XP_049737682.1	XP_049737682.1
XP_049748192.1	XP_049748192.1
XP_049751874.1	XP_049751874.1
XP_049751879.1	XP_049751879.1
XP_049763208.1	XP_049763208.1
XP_049763209.1	XP_049763209.1
XP_049765968.1	XP_049765968.1
XP_049765969.1	XP_049765969.1
XP_049765970.1	XP_049765970.1
XP_049768688.1	XP_049768688.1
XP_049781136.1	XP_049781136.1
XP_049783111.1	XP_049783111.1
XP_049786385.1	XP_049786385.1
XP_049787365.1	XP_049787365.1
XP_049788093.1	XP_049788093.1
XP_049789032.1	XP_049789032.1
XP_049789033.1	XP_049789033.1
XP_049792130.1	XP_049792130.1
XP_049792131.1	XP_049792131.1
XP_049792133.1	XP_049792133.1
XP_049795150.1	XP_049795150.1
XP_049805240.1	XP_049805240.1
XP_049805246.1	XP_049805246.1
XP_049805247.1	XP_049805247.1
XP_049805248.1	XP_049805248.1
XP_049808441.1	XP_049808441.1
XP_049815676.1	XP_049815676.1
XP_049815677.1	XP_049815677.1
XP_049830004.1	XP_049830004.1
XP_049830637.1	XP_049830637.1
XP_049830910.1	XP_049830910.1
XP_049830913.1	XP_049830913.1
XP_049830914.1	XP_049830914.1
XP_049833503.1	XP_049833503.1
XP_049833504.1	XP_049833504.1
XP_049835963.1	XP_049835963.1
XP_049841973.1	XP_049841973.1
XP_049844955.1	XP_049844955.1
XP_049849328.1	XP_049849328.1
XP_049871654.1	XP_049871654.1
XP_049875355.1	XP_049875355.1
XP_049875361.1	XP_049875361.1
XP_049875417.1	XP_049875417.1
XP_049879971.1	XP_049879971.1
XP_049884280.1	XP_049884280.1
XP_049884291.1	XP_049884291.1
XP_049891400.1	XP_049891400.1
XP_049891401.1	XP_049891401.1
XP_049903555.1	XP_049903555.1
XP_049906445.1	XP_049906445.1
XP_049907729.1	XP_049907729.1
XP_049907731.1	XP_049907731.1
XP_049910324.1	XP_049910324.1
XP_049913269.1	XP_049913269.1
XP_049915843.1	XP_049915843.1
XP_049915844.1	XP_049915844.1
XP_049938682.1	XP_049938682.1
XP_049938683.1	XP_049938683.1
XP_049939546.1	XP_049939546.1
XP_049944269.1	XP_049944269.1
XP_049954311.1	XP_049954311.1
XP_049954313.1	XP_049954313.1
XP_049963170.1	XP_049963170.1
XP_049963173.1	XP_049963173.1
XP_049963174.1	XP_049963174.1
XP_049964178.1	XP_049964178.1
XP_049964180.1	XP_049964180.1
XP_049964594.1	XP_049964594.1
XP_049973054.1	XP_049973054.1
XP_049975772.1	XP_049975772.1
XP_049975773.1	XP_049975773.1
XP_049975774.1	XP_049975774.1
XP_049975775.1	XP_049975775.1
XP_049989889.1	XP_049989889.1
XP_049992309.1	XP_049992309.1
XP_049992310.1	XP_049992310.1
XP_049992311.1	XP_049992311.1
XP_049992312.1	XP_049992312.1
XP_049992313.1	XP_049992313.1
XP_049992315.1	XP_049992315.1
XP_049993152.1	XP_049993152.1
XP_050000475.1	XP_050000475.1
XP_050000478.1	XP_050000478.1
XP_050000480.1	XP_050000480.1
XP_050000481.1	XP_050000481.1
XP_050000482.1	XP_050000482.1
XP_050000483.1	XP_050000483.1
XP_050000681.1	XP_050000681.1
XP_050000682.1	XP_050000682.1
XP_050008505.1	XP_050008505.1
XP_050008506.1	XP_050008506.1
XP_050008507.1	XP_050008507.1
XP_050009737.1	XP_050009737.1
XP_050009740.1	XP_050009740.1
XP_050009741.1	XP_050009741.1
XP_050009742.1	XP_050009742.1
XP_050009743.1	XP_050009743.1
XP_050039271.2	XP_050039271.2
XP_050050061.1	XP_050050061.1
XP_050050062.1	XP_050050062.1
XP_050050063.1	XP_050050063.1
XP_050050619.2	XP_050050619.2
XP_050058072.1	XP_050058072.1
XP_050058890.1	XP_050058890.1
XP_050062296.1	XP_050062296.1
XP_050062298.1	XP_050062298.1
XP_050068096.1	XP_050068096.1
XP_050069097.1	XP_050069097.1
XP_050069229.1	XP_050069229.1
XP_050071819.1	XP_050071819.1
XP_050079386.1	XP_050079386.1
XP_050087048.1	XP_050087048.1
XP_050087049.1	XP_050087049.1
XP_050089177.1	XP_050089177.1
XP_050095384.1	XP_050095384.1
XP_050099929.1	XP_050099929.1
XP_050110715.1	XP_050110715.1
XP_050122988.1	XP_050122988.1
XP_050162460.1	XP_050162460.1
XP_050162461.1	XP_050162461.1
XP_050167185.1	XP_050167185.1
XP_050176230.1	XP_050176230.1
XP_050176242.1	XP_050176242.1
XP_050176250.1	XP_050176250.1
XP_050176258.1	XP_050176258.1
XP_050183195.1	XP_050183195.1
XP_050185016.1	XP_050185016.1
XP_050185017.1	XP_050185017.1
XP_050185018.1	XP_050185018.1
XP_050185019.1	XP_050185019.1
XP_050185641.1	XP_050185641.1
XP_050185642.1	XP_050185642.1
XP_050191590.1	XP_050191590.1
XP_050197154.1	XP_050197154.1
XP_050210628.1	XP_050210628.1
XP_050217246.1	XP_050217246.1
XP_050237655.1	XP_050237655.1
XP_050247562.1	XP_050247562.1
XP_050249834.1	XP_050249834.1
XP_050250558.1	XP_050250558.1
XP_050250559.1	XP_050250559.1
XP_050250560.1	XP_050250560.1
XP_050250561.1	XP_050250561.1
XP_050250562.1	XP_050250562.1
XP_050250565.1	XP_050250565.1
XP_050250570.1	XP_050250570.1
XP_050250572.1	XP_050250572.1
XP_050250576.1	XP_050250576.1
XP_050293013.1	XP_050293013.1
XP_050296069.1	XP_050296069.1
XP_050296070.1	XP_050296070.1
XP_050300384.1	XP_050300384.1
XP_050300385.1	XP_050300385.1
XP_050301195.1	XP_050301195.1
XP_050301196.1	XP_050301196.1
XP_050301198.1	XP_050301198.1
XP_050301199.1	XP_050301199.1
XP_050301200.1	XP_050301200.1
XP_050307942.1	XP_050307942.1
XP_050329585.1	XP_050329585.1
XP_050329699.1	XP_050329699.1
XP_050337024.1	XP_050337024.1
XP_050337033.1	XP_050337033.1
XP_050344107.1	XP_050344107.1
XP_050344113.1	XP_050344113.1
XP_050344427.1	XP_050344427.1
XP_050344429.1	XP_050344429.1
XP_050350253.1	XP_050350253.1
XP_050350254.1	XP_050350254.1
XP_050350255.1	XP_050350255.1
XP_050355876.1	XP_050355876.1
XP_050368629.1	XP_050368629.1
XP_050384980.1	XP_050384980.1
XP_050386095.1	XP_050386095.1
XP_050386164.1	XP_050386164.1
XP_050396577.1	XP_050396577.1
XP_050396578.1	XP_050396578.1
XP_050396579.1	XP_050396579.1
XP_050400481.1	XP_050400481.1
XP_050400482.1	XP_050400482.1
XP_050400483.1	XP_050400483.1
XP_050403754.1	XP_050403754.1
XP_050403756.1	XP_050403756.1
XP_050404279.1	XP_050404279.1
XP_050404280.1	XP_050404280.1
XP_050405949.1	XP_050405949.1
XP_050428103.1	XP_050428103.1
XP_050428104.1	XP_050428104.1
XP_050432069.1	XP_050432069.1
XP_050432092.1	XP_050432092.1
XP_050432229.1	XP_050432229.1
XP_050434356.1	XP_050434356.1
XP_050434849.1	XP_050434849.1
XP_050441886.1	XP_050441886.1
XP_050441887.1	XP_050441887.1
XP_050441888.1	XP_050441888.1
XP_050445403.1	XP_050445403.1
XP_050445404.1	XP_050445404.1
XP_050445405.1	XP_050445405.1
XP_050448462.1	XP_050448462.1
XP_050450436.1	XP_050450436.1
XP_050450437.1	XP_050450437.1
XP_050460851.1	XP_050460851.1
XP_050463401.1	XP_050463401.1
XP_050463403.1	XP_050463403.1
XP_050470204.1	XP_050470204.1
XP_050477093.1	XP_050477093.1
XP_050480189.1	XP_050480189.1
XP_050489265.1	XP_050489265.1
XP_050489266.1	XP_050489266.1
XP_050489267.1	XP_050489267.1
XP_050503966.1	XP_050503966.1
XP_050519951.1	XP_050519951.1
XP_050529179.1	XP_050529179.1
XP_050538255.1	XP_050538255.1
XP_050540983.1	XP_050540983.1
XP_050540985.1	XP_050540985.1
XP_050542685.1	XP_050542685.1
XP_050542686.1	XP_050542686.1
XP_050544758.1	XP_050544758.1
XP_050550122.1	XP_050550122.1
XP_050550126.1	XP_050550126.1
XP_050562974.1	XP_050562974.1
XP_050565147.1	XP_050565147.1
XP_050565148.1	XP_050565148.1
XP_050573105.1	XP_050573105.1
XP_050573106.1	XP_050573106.1
XP_050573107.1	XP_050573107.1
XP_050573108.1	XP_050573108.1
XP_050581682.1	XP_050581682.1
XP_050581685.1	XP_050581685.1
XP_050582773.1	XP_050582773.1
XP_050582781.1	XP_050582781.1
XP_050592705.1	XP_050592705.1
XP_050592706.1	XP_050592706.1
XP_050592707.1	XP_050592707.1
XP_050592708.1	XP_050592708.1
XP_050612846.1	XP_050612846.1
XP_050612848.1	XP_050612848.1
XP_050616897.1	XP_050616897.1
XP_050630751.1	XP_050630751.1
XP_050630752.1	XP_050630752.1
XP_050648889.1	XP_050648889.1
XP_050648890.1	XP_050648890.1
XP_050658504.1	XP_050658504.1
XP_050658511.1	XP_050658511.1
XP_050658521.1	XP_050658521.1
XP_050658531.1	XP_050658531.1
XP_050658540.1	XP_050658540.1
XP_050658544.1	XP_050658544.1
XP_050658549.1	XP_050658549.1
XP_050658550.1	XP_050658550.1
XP_050658556.1	XP_050658556.1
XP_050661594.1	XP_050661594.1
XP_050666873.1	XP_050666873.1
XP_050666874.1	XP_050666874.1
XP_050666948.1	XP_050666948.1
XP_050671336.1	XP_050671336.1
XP_050679392.1	XP_050679392.1
XP_050683039.1	XP_050683039.1
XP_050687744.1	XP_050687744.1
XP_050687745.1	XP_050687745.1
XP_050687795.1	XP_050687795.1
XP_050689744.1	XP_050689744.1
XP_050706758.1	XP_050706758.1
XP_050714227.1	XP_050714227.1
XP_050731423.1	XP_050731423.1
XP_050748044.1	XP_050748044.1
XP_050748045.1	XP_050748045.1
XP_050748046.1	XP_050748046.1
XP_050748686.1	XP_050748686.1
XP_050756480.1	XP_050756480.1
XP_050756482.1	XP_050756482.1
XP_050756483.1	XP_050756483.1
XP_050759851.1	XP_050759851.1
XP_050759852.1	XP_050759852.1
XP_050769132.1	XP_050769132.1
XP_050769133.1	XP_050769133.1
XP_050769545.1	XP_050769545.1
XP_050778500.1	XP_050778500.1
XP_050778501.1	XP_050778501.1
XP_050794128.1	XP_050794128.1
XP_050794129.1	XP_050794129.1
XP_050794130.1	XP_050794130.1
XP_050794131.1	XP_050794131.1
XP_050795059.1	XP_050795059.1
XP_050795060.1	XP_050795060.1
XP_050801517.1	XP_050801517.1
XP_050801519.1	XP_050801519.1
XP_050801520.1	XP_050801520.1
XP_050801521.1	XP_050801521.1
XP_050801522.1	XP_050801522.1
XP_050802981.1	XP_050802981.1
XP_050802984.1	XP_050802984.1
XP_050816497.1	XP_050816497.1
XP_050816498.1	XP_050816498.1
XP_050816500.1	XP_050816500.1
XP_050819560.1	XP_050819560.1
XP_050819563.1	XP_050819563.1
XP_050819565.1	XP_050819565.1
XP_050819566.1	XP_050819566.1
XP_050840794.1	XP_050840794.1
XP_050842614.1	XP_050842614.1
XP_050845210.1	XP_050845210.1
XP_050845219.1	XP_050845219.1
XP_050845888.1	XP_050845888.1
XP_050853117.1	XP_050853117.1
XP_050861400.1	XP_050861400.1
XP_050861402.1	XP_050861402.1
XP_050873263.1	XP_050873263.1
XP_050875422.1	XP_050875422.1
XP_050880158.1	XP_050880158.1
XP_050880164.1	XP_050880164.1
XP_050883057.1	XP_050883057.1
XP_050922338.1	XP_050922338.1
XP_050952941.1	XP_050952941.1
XP_050965359.1	XP_050965359.1
XP_050965788.1	XP_050965788.1
XP_050970817.1	XP_050970817.1
XP_050979533.1	XP_050979533.1
XP_050979534.1	XP_050979534.1
XP_050980259.1	XP_050980259.1
XP_050988363.1	XP_050988363.1
XP_050988364.1	XP_050988364.1
XP_050991962.1	XP_050991962.1
XP_051002056.1	XP_051002056.1
XP_051007011.1	XP_051007011.1
XP_051007012.1	XP_051007012.1
XP_051007124.1	XP_051007124.1
XP_051007125.1	XP_051007125.1
XP_051025230.1	XP_051025230.1
XP_051027756.1	XP_051027756.1
XP_051027757.1	XP_051027757.1
XP_051027758.1	XP_051027758.1
XP_051027759.1	XP_051027759.1
XP_051027760.1	XP_051027760.1
XP_051028539.1	XP_051028539.1
XP_051028541.1	XP_051028541.1
XP_051028542.1	XP_051028542.1
XP_051028780.1	XP_051028780.1
XP_051038597.1	XP_051038597.1
XP_051038598.1	XP_051038598.1
XP_051038928.1	XP_051038928.1
XP_051038929.1	XP_051038929.1
XP_051038930.1	XP_051038930.1
XP_051038931.1	XP_051038931.1
XP_051044370.1	XP_051044370.1
XP_051044372.1	XP_051044372.1
XP_051044373.1	XP_051044373.1
XP_051044374.1	XP_051044374.1
XP_051044375.1	XP_051044375.1
XP_051044376.1	XP_051044376.1
XP_051044377.1	XP_051044377.1
XP_051044378.1	XP_051044378.1
XP_051049864.1	XP_051049864.1
XP_051049865.1	XP_051049865.1
XP_051050099.1	XP_051050099.1
XP_051050100.1	XP_051050100.1
XP_051050101.1	XP_051050101.1
XP_051051033.1	XP_051051033.1
XP_051051034.1	XP_051051034.1
XP_051051036.1	XP_051051036.1
XP_051051037.1	XP_051051037.1
XP_051051038.1	XP_051051038.1
XP_051061626.1	XP_051061626.1
XP_051061627.1	XP_051061627.1
XP_051064539.1	XP_051064539.1
XP_051064540.1	XP_051064540.1
XP_051071109.1	XP_051071109.1
XP_051075205.1	XP_051075205.1
XP_051120144.1	XP_051120144.1
XP_051122232.1	XP_051122232.1
XP_051144048.1	XP_051144048.1
XP_051152194.1	XP_051152194.1
XP_051157141.1	XP_051157141.1
XP_051160139.1	XP_051160139.1
XP_051163503.1	XP_051163503.1
XP_051167756.1	XP_051167756.1
XP_051170113.1	XP_051170113.1
XP_051172701.1	XP_051172701.1
XP_051173066.1	XP_051173066.1
XP_051173069.1	XP_051173069.1
XP_051173359.1	XP_051173359.1
XP_051189823.1	XP_051189823.1
XP_051190281.1	XP_051190281.1
XP_051195514.1	XP_051195514.1
XP_051202087.1	XP_051202087.1
XP_051225369.1	XP_051225369.1
XP_051226717.1	XP_051226717.1
XP_051226724.1	XP_051226724.1
XP_051226725.1	XP_051226725.1
XP_051233176.1	XP_051233176.1
XP_051233179.1	XP_051233179.1
XP_051234192.1	XP_051234192.1
XP_051245698.1	XP_051245698.1
XP_051245700.1	XP_051245700.1
XP_051262972.1	XP_051262972.1
XP_051266812.1	XP_051266812.1
XP_051273586.1	XP_051273586.1
XP_051277502.1	XP_051277502.1
XP_051278400.1	XP_051278400.1
XP_051278401.1	XP_051278401.1
XP_051289702.1	XP_051289702.1
XP_051295822.1	XP_051295822.1
XP_051295936.1	XP_051295936.1
XP_051298966.1	XP_051298966.1
XP_051301879.1	XP_051301879.1
XP_051305543.1	XP_051305543.1
XP_051309157.1	XP_051309157.1
XP_051313125.1	XP_051313125.1
XP_051318277.1	XP_051318277.1
XP_051325570.1	XP_051325570.1
XP_051327788.1	XP_051327788.1
XP_051337624.1	XP_051337624.1
XP_051342389.1	XP_051342389.1
XP_051349857.1	XP_051349857.1
XP_051361517.1	XP_051361517.1
XP_051362790.1	XP_051362790.1
XP_051363575.1	XP_051363575.1
XP_051374753.1	XP_051374753.1
XP_051375181.1	XP_051375181.1
XP_051376195.1	XP_051376195.1
XP_051381815.1	XP_051381815.1
XP_051384618.1	XP_051384618.1
XP_051386020.1	XP_051386020.1
XP_051386124.1	XP_051386124.1
XP_051388991.1	XP_051388991.1
XP_051389058.1	XP_051389058.1
XP_051389059.1	XP_051389059.1
XP_051390037.1	XP_051390037.1
XP_051390127.1	XP_051390127.1
XP_051399223.1	XP_051399223.1
XP_051403705.1	XP_051403705.1
XP_051406045.1	XP_051406045.1
XP_051406116.1	XP_051406116.1
XP_051406993.1	XP_051406993.1
XP_051407457.1	XP_051407457.1
XP_051408766.1	XP_051408766.1
XP_051414505.1	XP_051414505.1
XP_051414690.1	XP_051414690.1
XP_051414839.1	XP_051414839.1
XP_051416704.1	XP_051416704.1
XP_051416835.1	XP_051416835.1
XP_051417734.1	XP_051417734.1
XP_051422892.1	XP_051422892.1
XP_051425493.1	XP_051425493.1
XP_051426527.1	XP_051426527.1
XP_051428175.1	XP_051428175.1
XP_051429515.1	XP_051429515.1
XP_051432567.1	XP_051432567.1
XP_051432841.1	XP_051432841.1
XP_051435058.1	XP_051435058.1
XP_051439683.1	XP_051439683.1
XP_051444075.1	XP_051444075.1
XP_051446248.1	XP_051446248.1
XP_051448506.1	XP_051448506.1
XP_051450805.1	XP_051450805.1
XP_051450806.1	XP_051450806.1
XP_051455476.1	XP_051455476.1
XP_051455477.1	XP_051455477.1
XP_051455530.1	XP_051455530.1
XP_051455531.1	XP_051455531.1
XP_051460365.1	XP_051460365.1
XP_051460696.1	XP_051460696.1
XP_051460952.1	XP_051460952.1
XP_051461913.1	XP_051461913.1
XP_051462678.1	XP_051462678.1
XP_051465958.1	XP_051465958.1
XP_051465959.1	XP_051465959.1
XP_051465960.1	XP_051465960.1
XP_051465961.1	XP_051465961.1
XP_051465962.1	XP_051465962.1
XP_051465963.1	XP_051465963.1
XP_051468570.1	XP_051468570.1
XP_051481724.1	XP_051481724.1
XP_051481728.1	XP_051481728.1
XP_051481729.1	XP_051481729.1
XP_051481730.1	XP_051481730.1
XP_051485400.1	XP_051485400.1
XP_051498924.1	XP_051498924.1
XP_051498927.1	XP_051498927.1
XP_051498928.1	XP_051498928.1
XP_051498929.1	XP_051498929.1
XP_051499596.1	XP_051499596.1
XP_051499597.1	XP_051499597.1
XP_051499598.1	XP_051499598.1
XP_051503348.1	XP_051503348.1
XP_051515435.1	XP_051515435.1
XP_051515437.1	XP_051515437.1
XP_051518860.1	XP_051518860.1
XP_051520433.1	XP_051520433.1
XP_051520434.1	XP_051520434.1
XP_051520435.1	XP_051520435.1
XP_051523307.1	XP_051523307.1
XP_051527445.1	XP_051527445.1
XP_051529814.1	XP_051529814.1
XP_051530432.1	XP_051530432.1
XP_051532269.1	XP_051532269.1
XP_051537323.1	XP_051537323.1
XP_051537331.1	XP_051537331.1
XP_051547779.1	XP_051547779.1
XP_051547805.1	XP_051547805.1
XP_051547807.1	XP_051547807.1
XP_051559313.1	XP_051559313.1
XP_051576079.1	XP_051576079.1
XP_051576080.1	XP_051576080.1
XP_051576081.1	XP_051576081.1
XP_051588264.1	XP_051588264.1
XP_051591105.1	XP_051591105.1
XP_051598419.1	XP_051598419.1
XP_051603933.1	XP_051603933.1
XP_051604642.1	XP_051604642.1
XP_051616453.1	XP_051616453.1
XP_051621745.1	XP_051621745.1
XP_051623470.1	XP_051623470.1
XP_051644064.1	XP_051644064.1
XP_051644065.1	XP_051644065.1
XP_051654948.1	XP_051654948.1
XP_051655351.1	XP_051655351.1
XP_051655374.1	XP_051655374.1
XP_051657291.1	XP_051657291.1
XP_051657295.1	XP_051657295.1
XP_051658398.1	XP_051658398.1
XP_051658399.1	XP_051658399.1
XP_051661554.1	XP_051661554.1
XP_051672587.1	XP_051672587.1
XP_051689851.1	XP_051689851.1
XP_051689852.1	XP_051689852.1
XP_051689853.1	XP_051689853.1
XP_051689855.1	XP_051689855.1
XP_051689856.1	XP_051689856.1
XP_051709368.1	XP_051709368.1
XP_051710036.1	XP_051710036.1
XP_051710037.1	XP_051710037.1
XP_051721279.1	XP_051721279.1
XP_051721280.1	XP_051721280.1
XP_051727881.1	XP_051727881.1
XP_051727882.1	XP_051727882.1
XP_051727883.1	XP_051727883.1
XP_051727884.1	XP_051727884.1
XP_051737046.1	XP_051737046.1
XP_051749593.1	XP_051749593.1
XP_051750289.1	XP_051750289.1
XP_051755075.1	XP_051755075.1
XP_051755076.1	XP_051755076.1
XP_051769990.1	XP_051769990.1
XP_051769991.1	XP_051769991.1
XP_051771088.1	XP_051771088.1
XP_051784563.1	XP_051784563.1
XP_051785444.1	XP_051785444.1
XP_051788658.1	XP_051788658.1
XP_051788659.1	XP_051788659.1
XP_051803116.1	XP_051803116.1
XP_051803414.1	XP_051803414.1
XP_051806706.1	XP_051806706.1
XP_051811846.1	XP_051811846.1
XP_051819335.1	XP_051819335.1
XP_051819336.1	XP_051819336.1
XP_051822489.1	XP_051822489.1
XP_051825785.1	XP_051825785.1
XP_051825786.1	XP_051825786.1
XP_051835775.1	XP_051835775.1
XP_051847738.1	XP_051847738.1
XP_051847749.1	XP_051847749.1
XP_051847757.1	XP_051847757.1
XP_051847762.1	XP_051847762.1
XP_051847763.1	XP_051847763.1
XP_051852993.1	XP_051852993.1
XP_051853001.1	XP_051853001.1
XP_051853010.1	XP_051853010.1
XP_051855642.1	XP_051855642.1
XP_051855644.1	XP_051855644.1
XP_051855645.1	XP_051855645.1
XP_051855646.1	XP_051855646.1
XP_051855647.1	XP_051855647.1
XP_051855648.1	XP_051855648.1
XP_051857814.1	XP_051857814.1
XP_051857815.1	XP_051857815.1
XP_051857816.1	XP_051857816.1
XP_051858276.1	XP_051858276.1
XP_051858277.1	XP_051858277.1
XP_051863402.1	XP_051863402.1
XP_051863403.1	XP_051863403.1
XP_051863404.1	XP_051863404.1
XP_051863405.1	XP_051863405.1
XP_051863406.1	XP_051863406.1
XP_051868540.1	XP_051868540.1
XP_051868542.1	XP_051868542.1
XP_051868543.1	XP_051868543.1
XP_051868544.1	XP_051868544.1
XP_051868545.1	XP_051868545.1
XP_051871545.1	XP_051871545.1
XP_051872483.1	XP_051872483.1
XP_051872484.1	XP_051872484.1
XP_051876597.1	XP_051876597.1
XP_051876644.1	XP_051876644.1
XP_051876646.1	XP_051876646.1
XP_051884195.1	XP_051884195.1
XP_051894356.1	XP_051894356.1
XP_051910829.1	XP_051910829.1
XP_051920277.1	XP_051920277.1
XP_051920278.1	XP_051920278.1
XP_051921708.1	XP_051921708.1
XP_051923084.1	XP_051923084.1
XP_051924792.1	XP_051924792.1
XP_051925593.1	XP_051925593.1
XP_051925594.1	XP_051925594.1
XP_051925878.1	XP_051925878.1
XP_051929272.1	XP_051929272.1
XP_051929275.1	XP_051929275.1
XP_051946907.1	XP_051946907.1
XP_051947972.1	XP_051947972.1
XP_051948430.1	XP_051948430.1
XP_051950961.1	XP_051950961.1
XP_051950978.1	XP_051950978.1
XP_051955645.1	XP_051955645.1
XP_051957682.1	XP_051957682.1
XP_051968261.1	XP_051968261.1
XP_051968889.1	XP_051968889.1
XP_051980538.1	XP_051980538.1
XP_051981116.1	XP_051981116.1
XP_051983038.1	XP_051983038.1
XP_051983046.1	XP_051983046.1
XP_051992703.1	XP_051992703.1
XP_051999959.1	XP_051999959.1
XP_052012266.1	XP_052012266.1
XP_052012269.1	XP_052012269.1
XP_052012270.1	XP_052012270.1
XP_052012975.1	XP_052012975.1
XP_052015373.1	XP_052015373.1
XP_052015375.1	XP_052015375.1
XP_052015376.1	XP_052015376.1
XP_052015474.1	XP_052015474.1
XP_052015475.1	XP_052015475.1
XP_052022281.1	XP_052022281.1
XP_052022282.1	XP_052022282.1
XP_052022284.1	XP_052022284.1
XP_052032913.1	XP_052032913.1
XP_052032914.1	XP_052032914.1
XP_052032915.1	XP_052032915.1
XP_052032917.1	XP_052032917.1
XP_052032918.1	XP_052032918.1
XP_052032919.1	XP_052032919.1
XP_052046266.1	XP_052046266.1
XP_052046273.1	XP_052046273.1
XP_052059653.1	XP_052059653.1
XP_052061566.1	XP_052061566.1
XP_052061598.1	XP_052061598.1
XP_052061606.1	XP_052061606.1
XP_052093966.1	XP_052093966.1
XP_052093967.1	XP_052093967.1
XP_052093969.1	XP_052093969.1
XP_052093970.1	XP_052093970.1
XP_052100894.1	XP_052100894.1
XP_052122959.1	XP_052122959.1
XP_052126864.1	XP_052126864.1
XP_052132600.1	XP_052132600.1
XP_052133046.1	XP_052133046.1
XP_052133909.1	XP_052133909.1
XP_052138221.1	XP_052138221.1
XP_052138236.1	XP_052138236.1
XP_052141595.1	XP_052141595.1
XP_052141596.1	XP_052141596.1
XP_052141597.1	XP_052141597.1
XP_052160105.1	XP_052160105.1
XP_052164331.1	XP_052164331.1
XP_052164332.1	XP_052164332.1
XP_052166962.1	XP_052166962.1
XP_052170500.1	XP_052170500.1
XP_052170508.1	XP_052170508.1
XP_052170517.1	XP_052170517.1
XP_052178221.1	XP_052178221.1
XP_052192436.1	XP_052192436.1
XP_052192438.1	XP_052192438.1
XP_052196480.1	XP_052196480.1
XP_052226805.1	XP_052226805.1
XP_052226807.1	XP_052226807.1
XP_052226808.1	XP_052226808.1
XP_052231194.1	XP_052231194.1
XP_052231195.1	XP_052231195.1
XP_052233237.1	XP_052233237.1
XP_052253587.1	XP_052253587.1
XP_052253588.1	XP_052253588.1
XP_052257104.1	XP_052257104.1
XP_052280832.1	XP_052280832.1
XP_052282288.1	XP_052282288.1
XP_052282290.1	XP_052282290.1
XP_052282291.1	XP_052282291.1
XP_052283310.1	XP_052283310.1
XP_052283311.1	XP_052283311.1
XP_052283312.1	XP_052283312.1
XP_052289727.1	XP_052289727.1
XP_052289729.1	XP_052289729.1
XP_052322192.1	XP_052322192.1
XP_052327815.1	XP_052327815.1
XP_052335929.1	XP_052335929.1
XP_052336010.1	XP_052336010.1
XP_052336011.1	XP_052336011.1
XP_052336012.1	XP_052336012.1
XP_052336013.1	XP_052336013.1
XP_052397285.1	XP_052397285.1
XP_052397286.1	XP_052397286.1
XP_052412734.1	XP_052412734.1
XP_052412735.1	XP_052412735.1
XP_052413073.1	XP_052413073.1
XP_052417164.1	XP_052417164.1
XP_052426791.1	XP_052426791.1
XP_052441022.1	XP_052441022.1
XP_052441023.1	XP_052441023.1
XP_052441024.1	XP_052441024.1
XP_052447416.1	XP_052447416.1
XP_052450790.1	XP_052450790.1
XP_052457637.1	XP_052457637.1
XP_052466822.1	XP_052466822.1
XP_052467389.1	XP_052467389.1
XP_052479901.1	XP_052479901.1
XP_052493003.1	XP_052493003.1
XP_052500905.1	XP_052500905.1
XP_052502479.1	XP_052502479.1
XP_052502481.1	XP_052502481.1
XP_052502482.1	XP_052502482.1
XP_052502483.1	XP_052502483.1
XP_052506930.1	XP_052506930.1
XP_052511969.1	XP_052511969.1
XP_052514963.1	XP_052514963.1
XP_052514964.1	XP_052514964.1
XP_052517876.1	XP_052517876.1
XP_052521787.1	XP_052521787.1
XP_052521790.1	XP_052521790.1
XP_052526157.1	XP_052526157.1
XP_052526160.1	XP_052526160.1
XP_052526161.1	XP_052526161.1
XP_052542711.1	XP_052542711.1
XP_052549774.1	XP_052549774.1
XP_052549775.1	XP_052549775.1
XP_052556671.1	XP_052556671.1
XP_052556673.1	XP_052556673.1
XP_052556674.1	XP_052556674.1
XP_052556675.1	XP_052556675.1
XP_052559465.1	XP_052559465.1
XP_052559466.1	XP_052559466.1
XP_052559467.1	XP_052559467.1
XP_052559469.1	XP_052559469.1
XP_052559470.1	XP_052559470.1
XP_052569664.1	XP_052569664.1
XP_052569666.1	XP_052569666.1
XP_052574290.1	XP_052574290.1
XP_052583966.1	XP_052583966.1
XP_052584007.1	XP_052584007.1
XP_052584010.1	XP_052584010.1
XP_052584011.1	XP_052584011.1
XP_052584012.1	XP_052584012.1
XP_052584013.1	XP_052584013.1
XP_052584163.1	XP_052584163.1
XP_052584164.1	XP_052584164.1
XP_052584165.1	XP_052584165.1
XP_052598896.1	XP_052598896.1
XP_052598897.1	XP_052598897.1
XP_052599526.1	XP_052599526.1
XP_052599529.1	XP_052599529.1
XP_052599530.1	XP_052599530.1
XP_052631922.1	XP_052631922.1
XP_052631924.1	XP_052631924.1
XP_052631925.1	XP_052631925.1
XP_052632962.1	XP_052632962.1
XP_052638011.1	XP_052638011.1
XP_052638021.1	XP_052638021.1
XP_052638031.1	XP_052638031.1
XP_052638042.1	XP_052638042.1
XP_052638050.1	XP_052638050.1
XP_052651969.1	XP_052651969.1
XP_052658362.1	XP_052658362.1
XP_052658365.1	XP_052658365.1
XP_052658366.1	XP_052658366.1
XP_052658367.1	XP_052658367.1
XP_052661148.1	XP_052661148.1
XP_052675256.1	XP_052675256.1
XP_052685050.1	XP_052685050.1
XP_052685051.1	XP_052685051.1
XP_052700997.1	XP_052700997.1
XP_052715074.1	XP_052715074.1
XP_052716108.1	XP_052716108.1
XP_052728388.1	XP_052728388.1
XP_052741979.1	XP_052741979.1
XP_052741981.1	XP_052741981.1
XP_052742358.1	XP_052742358.1
XP_052748029.1	XP_052748029.1
XP_052748030.1	XP_052748030.1
XP_052750677.1	XP_052750677.1
XP_052755637.1	XP_052755637.1
XP_052775836.1	XP_052775836.1
XP_052792029.1	XP_052792029.1
XP_052796185.1	XP_052796185.1
XP_052797071.1	XP_052797071.1
XP_052806180.1	XP_052806180.1
XP_052817016.1	XP_052817016.1
XP_052822962.1	XP_052822962.1
XP_052829853.1	XP_052829853.1
XP_052832076.1	XP_052832076.1
XP_052845693.1	XP_052845693.1
XP_052849048.1	XP_052849048.1
XP_052852207.1	XP_052852207.1
XP_052856925.1	XP_052856925.1
XP_052858041.1	XP_052858041.1
XP_052858970.1	XP_052858970.1
XP_052861930.1	XP_052861930.1
XP_052866106.1	XP_052866106.1
XP_052868512.1	XP_052868512.1
XP_052870304.1	XP_052870304.1
XP_052882231.1	XP_052882231.1
XP_052886632.1	XP_052886632.1
XP_052890470.1	XP_052890470.1
XP_052893218.1	XP_052893218.1
XP_052894209.1	XP_052894209.1
XP_052902700.1	XP_052902700.1
XP_052903199.1	XP_052903199.1
XP_052912033.1	XP_052912033.1
XP_052913796.1	XP_052913796.1
XP_052915733.1	XP_052915733.1
XP_052920937.1	XP_052920937.1
XP_052922623.1	XP_052922623.1
XP_052924613.1	XP_052924613.1
XP_052928232.1	XP_052928232.1
XP_052928428.1	XP_052928428.1
XP_052936920.1	XP_052936920.1
XP_052937617.1	XP_052937617.1
XP_052939906.1	XP_052939906.1
XP_052945209.1	XP_052945209.1
XP_052945747.1	XP_052945747.1
XP_052950023.1	XP_052950023.1
XP_052957233.1	XP_052957233.1
XP_052962117.1	XP_052962117.1
XP_052967892.1	XP_052967892.1
XP_052971724.1	XP_052971724.1
XP_052974662.1	XP_052974662.1
XP_052980527.1	XP_052980527.1
XP_052981464.1	XP_052981464.1
XP_052985050.1	XP_052985050.1
XP_052990637.1	XP_052990637.1
XP_052999169.1	XP_052999169.1
XP_053005069.1	XP_053005069.1
XP_053008759.1	XP_053008759.1
XP_053009337.1	XP_053009337.1
XP_053025419.1	XP_053025419.1
XP_053026555.1	XP_053026555.1
XP_053036447.1	XP_053036447.1
XP_053041287.1	XP_053041287.1
XP_053043629.2	XP_053043629.2
XP_053048601.2	XP_053048601.2
XP_053058247.1	XP_053058247.1
XP_053066483.1	XP_053066483.1
XP_053066484.1	XP_053066484.1
XP_053066485.1	XP_053066485.1
XP_053087450.1	XP_053087450.1
XP_053087451.1	XP_053087451.1
XP_053094761.1	XP_053094761.1
XP_053096706.1	XP_053096706.1
XP_053102518.1	XP_053102518.1
XP_053102519.1	XP_053102519.1
XP_053105007.1	XP_053105007.1
XP_053105008.1	XP_053105008.1
XP_053122112.1	XP_053122112.1
XP_053126833.1	XP_053126833.1
XP_053133654.1	XP_053133654.1
XP_053152187.1	XP_053152187.1
XP_053152190.1	XP_053152190.1
XP_053156640.1	XP_053156640.1
XP_053156644.1	XP_053156644.1
XP_053173757.1	XP_053173757.1
XP_053173764.1	XP_053173764.1
XP_053179026.1	XP_053179026.1
XP_053180647.1	XP_053180647.1
XP_053182057.1	XP_053182057.1
XP_053182746.1	XP_053182746.1
XP_053189966.1	XP_053189966.1
XP_053197355.1	XP_053197355.1
XP_053198444.1	XP_053198444.1
XP_053203492.1	XP_053203492.1
XP_053203493.1	XP_053203493.1
XP_053203494.1	XP_053203494.1
XP_053203495.1	XP_053203495.1
XP_053203745.1	XP_053203745.1
XP_053204244.1	XP_053204244.1
XP_053204245.1	XP_053204245.1
XP_053213158.1	XP_053213158.1
XP_053224795.1	XP_053224795.1
XP_053224796.1	XP_053224796.1
XP_053248412.1	XP_053248412.1
XP_053253516.1	XP_053253516.1
XP_053253517.1	XP_053253517.1
XP_053253518.1	XP_053253518.1
XP_053253519.1	XP_053253519.1
XP_053256173.1	XP_053256173.1
XP_053256174.1	XP_053256174.1
XP_053263817.1	XP_053263817.1
XP_053264836.1	XP_053264836.1
XP_053265912.1	XP_053265912.1
XP_053269003.1	XP_053269003.1
XP_053269827.1	XP_053269827.1
XP_053276091.1	XP_053276091.1
XP_053277010.1	XP_053277010.1
XP_053280096.1	XP_053280096.1
XP_053286291.1	XP_053286291.1
XP_053286292.1	XP_053286292.1
XP_053286293.1	XP_053286293.1
XP_053289377.1	XP_053289377.1
XP_053289378.1	XP_053289378.1
XP_053303255.1	XP_053303255.1
XP_053303966.1	XP_053303966.1
XP_053304773.1	XP_053304773.1
XP_053305540.1	XP_053305540.1
XP_053305541.1	XP_053305541.1
XP_053322434.1	XP_053322434.1
XP_053323295.1	XP_053323295.1
XP_053323587.1	XP_053323587.1
XP_053326372.1	XP_053326372.1
XP_053337665.1	XP_053337665.1
XP_053338632.1	XP_053338632.1
XP_053338633.1	XP_053338633.1
XP_053346172.1	XP_053346172.1
XP_053346173.1	XP_053346173.1
XP_053348463.1	XP_053348463.1
XP_053348464.1	XP_053348464.1
XP_053351469.1	XP_053351469.1
XP_053351470.1	XP_053351470.1
XP_053351471.1	XP_053351471.1
XP_053366719.1	XP_053366719.1
XP_053366720.1	XP_053366720.1
XP_053366845.1	XP_053366845.1
XP_053373681.1	XP_053373681.1
XP_053373906.1	XP_053373906.1
XP_053374217.1	XP_053374217.1
XP_053395690.1	XP_053395690.1
XP_053405451.1	XP_053405451.1
XP_053405452.1	XP_053405452.1
XP_053405453.1	XP_053405453.1
XP_053413618.1	XP_053413618.1
XP_053418248.1	XP_053418248.1
XP_053418249.1	XP_053418249.1
XP_053418250.1	XP_053418250.1
XP_053429164.1	XP_053429164.1
XP_053429165.1	XP_053429165.1
XP_053432471.1	XP_053432471.1
XP_053432472.1	XP_053432472.1
XP_053432473.1	XP_053432473.1
XP_053432474.1	XP_053432474.1
XP_053432477.1	XP_053432477.1
XP_053432478.1	XP_053432478.1
XP_053432479.1	XP_053432479.1
XP_053433464.1	XP_053433464.1
XP_053433482.1	XP_053433482.1
XP_053433489.1	XP_053433489.1
XP_053438126.1	XP_053438126.1
XP_053438127.1	XP_053438127.1
XP_053438129.1	XP_053438129.1
XP_053443651.1	XP_053443651.1
XP_053443660.1	XP_053443660.1
XP_053449120.1	XP_053449120.1
XP_053449129.1	XP_053449129.1
XP_053449137.1	XP_053449137.1
XP_053466529.1	XP_053466529.1
XP_053472904.1	XP_053472904.1
XP_053477177.1	XP_053477177.1
XP_053494826.1	XP_053494826.1
XP_053495210.1	XP_053495210.1
XP_053496038.1	XP_053496038.1
XP_053496039.1	XP_053496039.1
XP_053498943.1	XP_053498943.1
XP_053498947.1	XP_053498947.1
XP_053498948.1	XP_053498948.1
XP_053498949.1	XP_053498949.1
XP_053498950.1	XP_053498950.1
XP_053498951.1	XP_053498951.1
XP_053498952.1	XP_053498952.1
XP_053511406.1	XP_053511406.1
XP_053511407.1	XP_053511407.1
XP_053511408.1	XP_053511408.1
XP_053511409.1	XP_053511409.1
XP_053511410.1	XP_053511410.1
XP_053511411.1	XP_053511411.1
XP_053511412.1	XP_053511412.1
XP_053511413.1	XP_053511413.1
XP_053511414.1	XP_053511414.1
XP_053512170.1	XP_053512170.1
XP_053512175.1	XP_053512175.1
XP_053512176.1	XP_053512176.1
XP_053519174.1	XP_053519174.1
XP_053519175.1	XP_053519175.1
XP_053519176.1	XP_053519176.1
XP_053520422.1	XP_053520422.1
XP_053530544.1	XP_053530544.1
XP_053549440.1	XP_053549440.1
XP_053549441.1	XP_053549441.1
XP_053556794.1	XP_053556794.1
XP_053557336.1	XP_053557336.1
XP_053557337.1	XP_053557337.1
XP_053557338.1	XP_053557338.1
XP_053558405.1	XP_053558405.1
XP_053569869.1	XP_053569869.1
XP_053570495.1	XP_053570495.1
XP_053575932.1	XP_053575932.1
XP_053575933.1	XP_053575933.1
XP_053587774.1	XP_053587774.1
XP_053591837.1	XP_053591837.1
XP_053592076.1	XP_053592076.1
XP_053593920.1	XP_053593920.1
XP_053593921.1	XP_053593921.1
XP_053608172.1	XP_053608172.1
XP_053608176.1	XP_053608176.1
XP_053608421.1	XP_053608421.1
XP_053608505.1	XP_053608505.1
XP_053611914.1	XP_053611914.1
XP_053618550.1	XP_053618550.1
XP_053646402.2	XP_053646402.2
XP_053657507.2	XP_053657507.2
XP_053658447.1	XP_053658447.1
XP_053659361.1	XP_053659361.1
XP_053660103.1	XP_053660103.1
XP_053663613.1	XP_053663613.1
XP_053669250.1	XP_053669250.1
XP_053670634.1	XP_053670634.1
XP_053672015.1	XP_053672015.1
XP_053674543.1	XP_053674543.1
XP_053679709.1	XP_053679709.1
XP_053681455.1	XP_053681455.1
XP_053684892.1	XP_053684892.1
XP_053694306.1	XP_053694306.1
XP_053695202.1	XP_053695202.1
XP_053696653.1	XP_053696653.1
XP_053697857.1	XP_053697857.1
XP_053709221.1	XP_053709221.1
XP_053709230.1	XP_053709230.1
XP_053709240.1	XP_053709240.1
XP_053715803.1	XP_053715803.1
XP_053719787.1	XP_053719787.1
XP_053719788.1	XP_053719788.1
XP_053721988.1	XP_053721988.1
XP_053725937.1	XP_053725937.1
XP_053727410.1	XP_053727410.1
XP_053727412.1	XP_053727412.1
XP_053734413.1	XP_053734413.1
XP_053743238.1	XP_053743238.1
XP_053743239.1	XP_053743239.1
XP_053762843.1	XP_053762843.1
XP_053762844.1	XP_053762844.1
XP_053763819.1	XP_053763819.1
XP_053769769.1	XP_053769769.1
XP_053769771.1	XP_053769771.1
XP_053771269.1	XP_053771269.1
XP_053771270.1	XP_053771270.1
XP_053771271.1	XP_053771271.1
XP_053776065.1	XP_053776065.1
XP_053776066.1	XP_053776066.1
XP_053776067.1	XP_053776067.1
XP_053776068.1	XP_053776068.1
XP_053776069.1	XP_053776069.1
XP_053776071.1	XP_053776071.1
XP_053779575.1	XP_053779575.1
XP_053787304.1	XP_053787304.1
XP_053787306.1	XP_053787306.1
XP_053799544.1	XP_053799544.1
XP_053805849.1	XP_053805849.1
XP_053805851.1	XP_053805851.1
XP_053805852.1	XP_053805852.1
XP_053805853.1	XP_053805853.1
XP_053809003.1	XP_053809003.1
XP_053813492.1	XP_053813492.1
XP_053813501.1	XP_053813501.1
XP_053824167.1	XP_053824167.1
XP_053825083.1	XP_053825083.1
XP_053825084.1	XP_053825084.1
XP_053840693.1	XP_053840693.1
XP_053840695.1	XP_053840695.1
XP_053840696.1	XP_053840696.1
XP_053840697.1	XP_053840697.1
XP_053843500.1	XP_053843500.1
XP_053846969.1	XP_053846969.1
XP_053846978.1	XP_053846978.1
XP_053858921.1	XP_053858921.1
XP_053858923.1	XP_053858923.1
XP_053858924.1	XP_053858924.1
XP_053858925.1	XP_053858925.1
XP_053875165.1	XP_053875165.1
XP_053875166.1	XP_053875166.1
XP_053875167.1	XP_053875167.1
XP_053875168.1	XP_053875168.1
XP_053875169.1	XP_053875169.1
XP_053875170.1	XP_053875170.1
XP_053875171.1	XP_053875171.1
XP_053876787.1	XP_053876787.1
XP_053887631.1	XP_053887631.1
XP_053887633.1	XP_053887633.1
XP_053887634.1	XP_053887634.1
XP_053891779.1	XP_053891779.1
XP_053891780.1	XP_053891780.1
XP_053893090.1	XP_053893090.1
XP_053893092.1	XP_053893092.1
XP_053904793.1	XP_053904793.1
XP_053904794.1	XP_053904794.1
XP_053909861.1	XP_053909861.1
XP_053909862.1	XP_053909862.1
XP_053910077.1	XP_053910077.1
XP_053910078.1	XP_053910078.1
XP_053910079.1	XP_053910079.1
XP_053910080.1	XP_053910080.1
XP_053910081.1	XP_053910081.1
XP_053910083.1	XP_053910083.1
XP_053911582.1	XP_053911582.1
XP_053914148.1	XP_053914148.1
XP_053914149.1	XP_053914149.1
XP_053914150.1	XP_053914150.1
XP_053914968.1	XP_053914968.1
XP_053928355.1	XP_053928355.1
XP_053928359.1	XP_053928359.1
XP_053935054.1	XP_053935054.1
XP_053948280.1	XP_053948280.1
XP_053948285.1	XP_053948285.1
XP_053949617.1	XP_053949617.1
XP_053951294.1	XP_053951294.1
XP_053954637.1	XP_053954637.1
XP_053969668.1	XP_053969668.1
XP_053974972.1	XP_053974972.1
XP_053974982.1	XP_053974982.1
XP_053974990.1	XP_053974990.1
XP_053974998.1	XP_053974998.1
XP_053975009.1	XP_053975009.1
XP_053978339.1	XP_053978339.1
XP_053978340.1	XP_053978340.1
XP_053978341.1	XP_053978341.1
XP_053982172.1	XP_053982172.1
XP_053982690.1	XP_053982690.1
XP_053982694.1	XP_053982694.1
XP_053982695.1	XP_053982695.1
XP_053986805.1	XP_053986805.1
XP_053992321.1	XP_053992321.1
XP_053992449.1	XP_053992449.1
XP_053992450.1	XP_053992450.1
XP_053998379.1	XP_053998379.1
XP_053998383.1	XP_053998383.1
XP_053998384.1	XP_053998384.1
XP_054004212.1	XP_054004212.1
XP_054004213.1	XP_054004213.1
XP_054004214.1	XP_054004214.1
XP_054004215.1	XP_054004215.1
XP_054004216.1	XP_054004216.1
XP_054010758.1	XP_054010758.1
XP_054014320.1	XP_054014320.1
XP_054014321.1	XP_054014321.1
XP_054020141.1	XP_054020141.1
XP_054020142.1	XP_054020142.1
XP_054020143.1	XP_054020143.1
XP_054020144.1	XP_054020144.1
XP_054020929.1	XP_054020929.1
XP_054026133.1	XP_054026133.1
XP_054027386.1	XP_054027386.1
XP_054034946.1	XP_054034946.1
XP_054039922.1	XP_054039922.1
XP_054040669.1	XP_054040669.1
XP_054040670.1	XP_054040670.1
XP_054040671.1	XP_054040671.1
XP_054040672.1	XP_054040672.1
XP_054041480.1	XP_054041480.1
XP_054041481.1	XP_054041481.1
XP_054041482.1	XP_054041482.1
XP_054041483.1	XP_054041483.1
XP_054041484.1	XP_054041484.1
XP_054041485.1	XP_054041485.1
XP_054041486.1	XP_054041486.1
XP_054041488.1	XP_054041488.1
XP_054045906.1	XP_054045906.1
XP_054045907.1	XP_054045907.1
XP_054045908.1	XP_054045908.1
XP_054045909.1	XP_054045909.1
XP_054045910.1	XP_054045910.1
XP_054045912.1	XP_054045912.1
XP_054045913.1	XP_054045913.1
XP_054045914.1	XP_054045914.1
XP_054045915.1	XP_054045915.1
XP_054045916.1	XP_054045916.1
XP_054047320.1	XP_054047320.1
XP_054054647.1	XP_054054647.1
XP_054066436.1	XP_054066436.1
XP_054066442.1	XP_054066442.1
XP_054066443.1	XP_054066443.1
XP_054085769.1	XP_054085769.1
XP_054087823.1	XP_054087823.1
XP_054108125.1	XP_054108125.1
XP_054108127.1	XP_054108127.1
XP_054111128.1	XP_054111128.1
XP_054114560.1	XP_054114560.1
XP_054114561.1	XP_054114561.1
XP_054117534.1	XP_054117534.1
XP_054129555.1	XP_054129555.1
XP_054138144.1	XP_054138144.1
XP_054139889.1	XP_054139889.1
XP_054139907.1	XP_054139907.1
XP_054140965.1	XP_054140965.1
XP_054140966.1	XP_054140966.1
XP_054140967.1	XP_054140967.1
XP_054140968.1	XP_054140968.1
XP_054141565.1	XP_054141565.1
XP_054152329.1	XP_054152329.1
XP_054153059.1	XP_054153059.1
XP_054153443.1	XP_054153443.1
XP_054155634.1	XP_054155634.1
XP_054157377.1	XP_054157377.1
XP_054163353.1	XP_054163353.1
XP_054167000.1	XP_054167000.1
XP_054168918.1	XP_054168918.1
XP_054191489.1	XP_054191489.1
XP_054191495.1	XP_054191495.1
XP_054191503.1	XP_054191503.1
XP_054191507.1	XP_054191507.1
XP_054191513.1	XP_054191513.1
XP_054191523.1	XP_054191523.1
XP_054207474.1	XP_054207474.1
XP_054219782.1	XP_054219782.1
XP_054237661.1	XP_054237661.1
XP_054240594.1	XP_054240594.1
XP_054245558.1	XP_054245558.1
XP_054245559.1	XP_054245559.1
XP_054246072.1	XP_054246072.1
XP_054253202.1	XP_054253202.1
XP_054253226.1	XP_054253226.1
XP_054253227.1	XP_054253227.1
XP_054261488.1	XP_054261488.1
XP_054261880.1	XP_054261880.1
XP_054262101.1	XP_054262101.1
XP_054264432.1	XP_054264432.1
XP_054264530.1	XP_054264530.1
XP_054271458.1	XP_054271458.1
XP_054277163.1	XP_054277163.1
XP_054281331.1	XP_054281331.1
XP_054288914.1	XP_054288914.1
XP_054296169.1	XP_054296169.1
XP_054309016.2	XP_054309016.2
XP_054309017.2	XP_054309017.2
XP_054309018.2	XP_054309018.2
XP_054309019.2	XP_054309019.2
XP_054309020.2	XP_054309020.2
XP_054309021.2	XP_054309021.2
XP_054343705.1	XP_054343705.1
XP_054343728.1	XP_054343728.1
XP_054343737.1	XP_054343737.1
XP_054343755.1	XP_054343755.1
XP_054344248.1	XP_054344248.1
XP_054344249.1	XP_054344249.1
XP_054345718.1	XP_054345718.1
XP_054345721.1	XP_054345721.1
XP_054356627.1	XP_054356627.1
XP_054359117.1	XP_054359117.1
XP_054359118.1	XP_054359118.1
XP_054360848.1	XP_054360848.1
XP_054360850.1	XP_054360850.1
XP_054368580.1	XP_054368580.1
XP_054373898.1	XP_054373898.1
XP_054374253.1	XP_054374253.1
XP_054376126.2	XP_054376126.2
XP_054376130.2	XP_054376130.2
XP_054376131.2	XP_054376131.2
XP_054376134.2	XP_054376134.2
XP_054376135.2	XP_054376135.2
XP_054376136.2	XP_054376136.2
XP_054378107.1	XP_054378107.1
XP_054389857.1	XP_054389857.1
XP_054389858.1	XP_054389858.1
XP_054389859.1	XP_054389859.1
XP_054389860.1	XP_054389860.1
XP_054410713.1	XP_054410713.1
XP_054410722.1	XP_054410722.1
XP_054410729.1	XP_054410729.1
XP_054410732.1	XP_054410732.1
XP_054410733.1	XP_054410733.1
XP_054410737.1	XP_054410737.1
XP_054410739.1	XP_054410739.1
XP_054410741.1	XP_054410741.1
XP_054411370.1	XP_054411370.1
XP_054411641.2	XP_054411641.2
XP_054411646.2	XP_054411646.2
XP_054426294.1	XP_054426294.1
XP_054427007.1	XP_054427007.1
XP_054429087.1	XP_054429087.1
XP_054429097.1	XP_054429097.1
XP_054429106.1	XP_054429106.1
XP_054429114.1	XP_054429114.1
XP_054429124.1	XP_054429124.1
XP_054429133.1	XP_054429133.1
XP_054429141.1	XP_054429141.1
XP_054429151.1	XP_054429151.1
XP_054434318.1	XP_054434318.1
XP_054434319.1	XP_054434319.1
XP_054434504.1	XP_054434504.1
XP_054434506.1	XP_054434506.1
XP_054434507.1	XP_054434507.1
XP_054434508.1	XP_054434508.1
XP_054438912.1	XP_054438912.1
XP_054438915.1	XP_054438915.1
XP_054448083.1	XP_054448083.1
XP_054454909.1	XP_054454909.1
XP_054458363.1	XP_054458363.1
XP_054462320.1	XP_054462320.1
XP_054466579.1	XP_054466579.1
XP_054467122.1	XP_054467122.1
XP_054467123.1	XP_054467123.1
XP_054474057.1	XP_054474057.1
XP_054477670.1	XP_054477670.1
XP_054478870.1	XP_054478870.1
XP_054490692.2	XP_054490692.2
XP_054494748.2	XP_054494748.2
XP_054494751.2	XP_054494751.2
XP_054496738.1	XP_054496738.1
XP_054507637.1	XP_054507637.1
XP_054507638.1	XP_054507638.1
XP_054507641.1	XP_054507641.1
XP_054508361.2	XP_054508361.2
XP_054517089.1	XP_054517089.1
XP_054522939.1	XP_054522939.1
XP_054522941.1	XP_054522941.1
XP_054522964.1	XP_054522964.1
XP_054522967.1	XP_054522967.1
XP_054522971.1	XP_054522971.1
XP_054522975.1	XP_054522975.1
XP_054522991.1	XP_054522991.1
XP_054522995.1	XP_054522995.1
XP_054522996.1	XP_054522996.1
XP_054522997.1	XP_054522997.1
XP_054522999.1	XP_054522999.1
XP_054523002.1	XP_054523002.1
XP_054523007.1	XP_054523007.1
XP_054523009.1	XP_054523009.1
XP_054523014.1	XP_054523014.1
XP_054523024.1	XP_054523024.1
XP_054543789.1	XP_054543789.1
XP_054543790.1	XP_054543790.1
XP_054545620.1	XP_054545620.1
XP_054545627.1	XP_054545627.1
XP_054545628.1	XP_054545628.1
XP_054547423.1	XP_054547423.1
XP_054547427.1	XP_054547427.1
XP_054547428.1	XP_054547428.1
XP_054547429.1	XP_054547429.1
XP_054566575.1	XP_054566575.1
XP_054571100.1	XP_054571100.1
XP_054571227.1	XP_054571227.1
XP_054571228.1	XP_054571228.1
XP_054571229.1	XP_054571229.1
XP_054572572.1	XP_054572572.1
XP_054572573.1	XP_054572573.1
XP_054582673.1	XP_054582673.1
XP_054582675.1	XP_054582675.1
XP_054582676.1	XP_054582676.1
XP_054588587.1	XP_054588587.1
XP_054619204.1	XP_054619204.1
XP_054619205.1	XP_054619205.1
XP_054622192.1	XP_054622192.1
XP_054624760.1	XP_054624760.1
XP_054626822.1	XP_054626822.1
XP_054629566.1	XP_054629566.1
XP_054630538.1	XP_054630538.1
XP_054638940.1	XP_054638940.1
XP_054638941.1	XP_054638941.1
XP_054644990.1	XP_054644990.1
XP_054664286.1	XP_054664286.1
XP_054664832.1	XP_054664832.1
XP_054664833.1	XP_054664833.1
XP_054664834.1	XP_054664834.1
XP_054664835.1	XP_054664835.1
XP_054665545.1	XP_054665545.1
XP_054665550.1	XP_054665550.1
XP_054665551.1	XP_054665551.1
XP_054665554.1	XP_054665554.1
XP_054665556.1	XP_054665556.1
XP_054665557.1	XP_054665557.1
XP_054670368.1	XP_054670368.1
XP_054673153.1	XP_054673153.1
XP_054673154.1	XP_054673154.1
XP_054673155.1	XP_054673155.1
XP_054673156.1	XP_054673156.1
XP_054673158.1	XP_054673158.1
XP_054689943.1	XP_054689943.1
XP_054689946.1	XP_054689946.1
XP_054689947.1	XP_054689947.1
XP_054689948.1	XP_054689948.1
XP_054696400.1	XP_054696400.1
XP_054696401.1	XP_054696401.1
XP_054706334.1	XP_054706334.1
XP_054706873.1	XP_054706873.1
XP_054709823.1	XP_054709823.1
XP_054709824.1	XP_054709824.1
XP_054710871.1	XP_054710871.1
XP_054712673.1	XP_054712673.1
XP_054712674.1	XP_054712674.1
XP_054712755.1	XP_054712755.1
XP_054714294.1	XP_054714294.1
XP_054714615.1	XP_054714615.1
XP_054714915.1	XP_054714915.1
XP_054714953.1	XP_054714953.1
XP_054714954.1	XP_054714954.1
XP_054722292.1	XP_054722292.1
XP_054722719.1	XP_054722719.1
XP_054723914.1	XP_054723914.1
XP_054730046.1	XP_054730046.1
XP_054731203.1	XP_054731203.1
XP_054731205.1	XP_054731205.1
XP_054731392.1	XP_054731392.1
XP_054731394.1	XP_054731394.1
XP_054733720.1	XP_054733720.1
XP_054747414.1	XP_054747414.1
XP_054748592.1	XP_054748592.1
XP_054752013.2	XP_054752013.2
XP_054756542.2	XP_054756542.2
XP_054784088.1	XP_054784088.1
XP_054798933.1	XP_054798933.1
XP_054798936.1	XP_054798936.1
XP_054798939.1	XP_054798939.1
XP_054806402.1	XP_054806402.1
XP_054806404.1	XP_054806404.1
XP_054806405.1	XP_054806405.1
XP_054815389.1	XP_054815389.1
XP_054815390.1	XP_054815390.1
XP_054836030.1	XP_054836030.1
XP_054836032.1	XP_054836032.1
XP_054836033.1	XP_054836033.1
XP_054841145.1	XP_054841145.1
XP_054841146.1	XP_054841146.1
XP_054842443.1	XP_054842443.1
XP_054842758.1	XP_054842758.1
XP_054842759.1	XP_054842759.1
XP_054847994.1	XP_054847994.1
XP_054856625.1	XP_054856625.1
XP_054857347.1	XP_054857347.1
XP_054867133.1	XP_054867133.1
XP_054867136.1	XP_054867136.1
XP_054867137.1	XP_054867137.1
XP_054867138.1	XP_054867138.1
XP_054867139.1	XP_054867139.1
XP_054874111.1	XP_054874111.1
XP_054893006.1	XP_054893006.1
XP_054893890.1	XP_054893890.1
XP_054893891.1	XP_054893891.1
XP_054895394.1	XP_054895394.1
XP_054898200.1	XP_054898200.1
XP_054904859.1	XP_054904859.1
XP_054911032.1	XP_054911032.1
XP_054911040.1	XP_054911040.1
XP_054911830.1	XP_054911830.1
XP_054913538.1	XP_054913538.1
XP_054917629.1	XP_054917629.1
XP_054917630.1	XP_054917630.1
XP_054929106.2	XP_054929106.2
XP_054931353.1	XP_054931353.1
XP_054931354.1	XP_054931354.1
XP_054935002.1	XP_054935002.1
XP_054935003.1	XP_054935003.1
XP_054938119.1	XP_054938119.1
XP_054942611.1	XP_054942611.1
XP_054948554.1	XP_054948554.1
XP_054948829.2	XP_054948829.2
XP_054948837.2	XP_054948837.2
XP_054950390.1	XP_054950390.1
XP_054968251.1	XP_054968251.1
XP_054976512.1	XP_054976512.1
XP_054976518.1	XP_054976518.1
XP_054983160.1	XP_054983160.1
XP_054983176.1	XP_054983176.1
XP_054996684.1	XP_054996684.1
XP_054996685.1	XP_054996685.1
XP_054996686.1	XP_054996686.1
XP_054996687.1	XP_054996687.1
XP_054996688.1	XP_054996688.1
XP_054996689.1	XP_054996689.1
XP_054996690.1	XP_054996690.1
XP_054996692.1	XP_054996692.1
XP_054996693.1	XP_054996693.1
XP_054996694.1	XP_054996694.1
XP_054998210.1	XP_054998210.1
XP_054998242.1	XP_054998242.1
XP_054998246.1	XP_054998246.1
XP_054998252.1	XP_054998252.1
XP_054998262.1	XP_054998262.1
XP_055001481.1	XP_055001481.1
XP_055001483.1	XP_055001483.1
XP_055001484.1	XP_055001484.1
XP_055003337.1	XP_055003337.1
XP_055003642.1	XP_055003642.1
XP_055006795.1	XP_055006795.1
XP_055010830.1	XP_055010830.1
XP_055013604.1	XP_055013604.1
XP_055019105.1	XP_055019105.1
XP_055019106.1	XP_055019106.1
XP_055021302.1	XP_055021302.1
XP_055021396.1	XP_055021396.1
XP_055032102.1	XP_055032102.1
XP_055032363.2	XP_055032363.2
XP_055045307.2	XP_055045307.2
XP_055061884.2	XP_055061884.2
XP_055065424.2	XP_055065424.2
XP_055074979.2	XP_055074979.2
XP_055074980.2	XP_055074980.2
XP_055080089.1	XP_055080089.1
XP_055081113.1	XP_055081113.1
XP_055087864.1	XP_055087864.1
XP_055087865.1	XP_055087865.1
XP_055089229.1	XP_055089229.1
XP_055089230.1	XP_055089230.1
XP_055089231.1	XP_055089231.1
XP_055089232.1	XP_055089232.1
XP_055089233.1	XP_055089233.1
XP_055089234.1	XP_055089234.1
XP_055089235.1	XP_055089235.1
XP_055089237.1	XP_055089237.1
XP_055089238.1	XP_055089238.1
XP_055089240.1	XP_055089240.1
XP_055091191.1	XP_055091191.1
XP_055091193.1	XP_055091193.1
XP_055091194.1	XP_055091194.1
XP_055091195.1	XP_055091195.1
XP_055091196.1	XP_055091196.1
XP_055091197.1	XP_055091197.1
XP_055091198.1	XP_055091198.1
XP_055091199.1	XP_055091199.1
XP_055091200.1	XP_055091200.1
XP_055101599.1	XP_055101599.1
XP_055101600.1	XP_055101600.1
XP_055128044.1	XP_055128044.1
XP_055128048.1	XP_055128048.1
XP_055128049.1	XP_055128049.1
XP_055131011.1	XP_055131011.1
XP_055144663.1	XP_055144663.1
XP_055145009.1	XP_055145009.1
XP_055153520.1	XP_055153520.1
XP_055153521.1	XP_055153521.1
XP_055153522.1	XP_055153522.1
XP_055153523.1	XP_055153523.1
XP_055153524.1	XP_055153524.1
XP_055153525.1	XP_055153525.1
XP_055163889.1	XP_055163889.1
XP_055163890.1	XP_055163890.1
XP_055167791.1	XP_055167791.1
XP_055167801.1	XP_055167801.1
XP_055168045.1	XP_055168045.1
XP_055168050.1	XP_055168050.1
XP_055188172.1	XP_055188172.1
XP_055190470.1	XP_055190470.1
XP_055197565.1	XP_055197565.1
XP_055197706.1	XP_055197706.1
XP_055197708.1	XP_055197708.1
XP_055197709.1	XP_055197709.1
XP_055197710.1	XP_055197710.1
XP_055197711.1	XP_055197711.1
XP_055197712.1	XP_055197712.1
XP_055197713.1	XP_055197713.1
XP_055197714.1	XP_055197714.1
XP_055197716.1	XP_055197716.1
XP_055204726.2	XP_055204726.2
XP_055204762.2	XP_055204762.2
XP_055204764.2	XP_055204764.2
XP_055204786.2	XP_055204786.2
XP_055204792.2	XP_055204792.2
XP_055204803.2	XP_055204803.2
XP_055204804.2	XP_055204804.2
XP_055204805.2	XP_055204805.2
XP_055204826.2	XP_055204826.2
XP_055204846.2	XP_055204846.2
XP_055204854.2	XP_055204854.2
XP_055206675.1	XP_055206675.1
XP_055206677.1	XP_055206677.1
XP_055208364.1	XP_055208364.1
XP_055210290.2	XP_055210290.2
XP_055221982.1	XP_055221982.1
XP_055257358.1	XP_055257358.1
XP_055268787.1	XP_055268787.1
XP_055271720.1	XP_055271720.1
XP_055278257.1	XP_055278257.1
XP_055278258.1	XP_055278258.1
XP_055283380.1	XP_055283380.1
XP_055283385.1	XP_055283385.1
XP_055283386.1	XP_055283386.1
XP_055283387.1	XP_055283387.1
XP_055286006.1	XP_055286006.1
XP_055292225.1	XP_055292225.1
XP_055292227.1	XP_055292227.1
XP_055292228.1	XP_055292228.1
XP_055297756.1	XP_055297756.1
XP_055308241.1	XP_055308241.1
XP_055314063.1	XP_055314063.1
XP_055317715.1	XP_055317715.1
XP_055326807.1	XP_055326807.1
XP_055326808.1	XP_055326808.1
XP_055326809.1	XP_055326809.1
XP_055326810.1	XP_055326810.1
XP_055326966.1	XP_055326966.1
XP_055326972.1	XP_055326972.1
XP_055327857.1	XP_055327857.1
XP_055337826.1	XP_055337826.1
XP_055337881.1	XP_055337881.1
XP_055337892.1	XP_055337892.1
XP_055341516.1	XP_055341516.1
XP_055341519.1	XP_055341519.1
XP_055341520.1	XP_055341520.1
XP_055341521.1	XP_055341521.1
XP_055341523.1	XP_055341523.1
XP_055343349.1	XP_055343349.1
XP_055352385.1	XP_055352385.1
XP_055352458.1	XP_055352458.1
XP_055356209.1	XP_055356209.1
XP_055370923.1	XP_055370923.1
XP_055372893.1	XP_055372893.1
XP_055378125.1	XP_055378125.1
XP_055378126.1	XP_055378126.1
XP_055379872.1	XP_055379872.1
XP_055399982.1	XP_055399982.1
XP_055399983.1	XP_055399983.1
XP_055410291.1	XP_055410291.1
XP_055410295.1	XP_055410295.1
XP_055410464.1	XP_055410464.1
XP_055410465.1	XP_055410465.1
XP_055434946.1	XP_055434946.1
XP_055434948.1	XP_055434948.1
XP_055434949.1	XP_055434949.1
XP_055434950.1	XP_055434950.1
XP_055434951.1	XP_055434951.1
XP_055441866.1	XP_055441866.1
XP_055453930.1	XP_055453930.1
XP_055469870.1	XP_055469870.1
XP_055475161.1	XP_055475161.1
XP_055475162.1	XP_055475162.1
XP_055477181.1	XP_055477181.1
XP_055477182.1	XP_055477182.1
XP_055477183.1	XP_055477183.1
XP_055477185.1	XP_055477185.1
XP_055484681.1	XP_055484681.1
XP_055484682.1	XP_055484682.1
XP_055484683.1	XP_055484683.1
XP_055484684.1	XP_055484684.1
XP_055484685.1	XP_055484685.1
XP_055484686.1	XP_055484686.1
XP_055484687.1	XP_055484687.1
XP_055484688.1	XP_055484688.1
XP_055485135.1	XP_055485135.1
XP_055485138.1	XP_055485138.1
XP_055485139.1	XP_055485139.1
XP_055485285.1	XP_055485285.1
XP_055485286.1	XP_055485286.1
XP_055487627.1	XP_055487627.1
XP_055487634.1	XP_055487634.1
XP_055487641.1	XP_055487641.1
XP_055488906.1	XP_055488906.1
XP_055497716.1	XP_055497716.1
XP_055497719.1	XP_055497719.1
XP_055497720.1	XP_055497720.1
XP_055504381.1	XP_055504381.1
XP_055513235.1	XP_055513235.1
XP_055515152.1	XP_055515152.1
XP_055515160.1	XP_055515160.1
XP_055515168.1	XP_055515168.1
XP_055515178.1	XP_055515178.1
XP_055520969.1	XP_055520969.1
XP_055520974.1	XP_055520974.1
XP_055531327.1	XP_055531327.1
XP_055541142.1	XP_055541142.1
XP_055541581.1	XP_055541581.1
XP_055548485.1	XP_055548485.1
XP_055549163.1	XP_055549163.1
XP_055554189.1	XP_055554189.1
XP_055554370.1	XP_055554370.1
XP_055554372.1	XP_055554372.1
XP_055554373.1	XP_055554373.1
XP_055555155.1	XP_055555155.1
XP_055555158.1	XP_055555158.1
XP_055563007.1	XP_055563007.1
XP_055580609.1	XP_055580609.1
XP_055605909.1	XP_055605909.1
XP_055606068.1	XP_055606068.1
XP_055606178.1	XP_055606178.1
XP_055612000.1	XP_055612000.1
XP_055612006.1	XP_055612006.1
XP_055620964.1	XP_055620964.1
XP_055636780.1	XP_055636780.1
XP_055636807.1	XP_055636807.1
XP_055636811.1	XP_055636811.1
XP_055640736.1	XP_055640736.1
XP_055640741.1	XP_055640741.1
XP_055646253.1	XP_055646253.1
XP_055646255.1	XP_055646255.1
XP_055646256.1	XP_055646256.1
XP_055649059.1	XP_055649059.1
XP_055659775.1	XP_055659775.1
XP_055670818.1	XP_055670818.1
XP_055670820.1	XP_055670820.1
XP_055670821.1	XP_055670821.1
XP_055676654.1	XP_055676654.1
XP_055687812.1	XP_055687812.1
XP_055690819.1	XP_055690819.1
XP_055690845.1	XP_055690845.1
XP_055693737.1	XP_055693737.1
XP_055693738.1	XP_055693738.1
XP_055695201.1	XP_055695201.1
XP_055699093.1	XP_055699093.1
XP_055703072.1	XP_055703072.1
XP_055705758.1	XP_055705758.1
XP_055705759.1	XP_055705759.1
XP_055713117.1	XP_055713117.1
XP_055716857.1	XP_055716857.1
XP_055717662.1	XP_055717662.1
XP_055717664.1	XP_055717664.1
XP_055717666.1	XP_055717666.1
XP_055717667.1	XP_055717667.1
XP_055717668.1	XP_055717668.1
XP_055717669.1	XP_055717669.1
XP_055732933.1	XP_055732933.1
XP_055732934.1	XP_055732934.1
XP_055737262.1	XP_055737262.1
XP_055749736.1	XP_055749736.1
XP_055749737.1	XP_055749737.1
XP_055749738.1	XP_055749738.1
XP_055755834.1	XP_055755834.1
XP_055776574.1	XP_055776574.1
XP_055777492.1	XP_055777492.1
XP_055779186.1	XP_055779186.1
XP_055779187.1	XP_055779187.1
XP_055779188.1	XP_055779188.1
XP_055779189.1	XP_055779189.1
XP_055779340.1	XP_055779340.1
XP_055779342.1	XP_055779342.1
XP_055780466.1	XP_055780466.1
XP_055789465.1	XP_055789465.1
XP_055795539.1	XP_055795539.1
XP_055795540.1	XP_055795540.1
XP_055807393.1	XP_055807393.1
XP_055813850.1	XP_055813850.1
XP_055813861.1	XP_055813861.1
XP_055817347.1	XP_055817347.1
XP_055831544.1	XP_055831544.1
XP_055835804.1	XP_055835804.1
XP_055835806.1	XP_055835806.1
XP_055835807.1	XP_055835807.1
XP_055835808.1	XP_055835808.1
XP_055841779.1	XP_055841779.1
XP_055843063.1	XP_055843063.1
XP_055844912.1	XP_055844912.1
XP_055851128.1	XP_055851128.1
XP_055854203.1	XP_055854203.1
XP_055854204.1	XP_055854204.1
XP_055859642.1	XP_055859642.1
XP_055860704.1	XP_055860704.1
XP_055886581.1	XP_055886581.1
XP_055886589.1	XP_055886589.1
XP_055886590.1	XP_055886590.1
XP_055886591.1	XP_055886591.1
XP_055891971.1	XP_055891971.1
XP_055902645.1	XP_055902645.1
XP_055905143.1	XP_055905143.1
XP_055909668.1	XP_055909668.1
XP_055911320.1	XP_055911320.1
XP_055911321.1	XP_055911321.1
XP_055911322.1	XP_055911322.1
XP_055911950.1	XP_055911950.1
XP_055929315.1	XP_055929315.1
XP_055931794.1	XP_055931794.1
XP_055935142.1	XP_055935142.1
XP_055935810.1	XP_055935810.1
XP_055943450.1	XP_055943450.1
XP_055947198.1	XP_055947198.1
XP_055947200.1	XP_055947200.1
XP_055947894.1	XP_055947894.1
XP_055950439.1	XP_055950439.1
XP_055950440.1	XP_055950440.1
XP_055950441.1	XP_055950441.1
XP_055951153.1	XP_055951153.1
XP_055951237.1	XP_055951237.1
XP_055952649.1	XP_055952649.1
XP_055954182.1	XP_055954182.1
XP_055954186.1	XP_055954186.1
XP_055954187.1	XP_055954187.1
XP_055965013.1	XP_055965013.1
XP_055968547.1	XP_055968547.1
XP_055968553.1	XP_055968553.1
XP_055968554.1	XP_055968554.1
XP_055968555.1	XP_055968555.1
XP_055968556.1	XP_055968556.1
XP_055978220.1	XP_055978220.1
XP_055978221.1	XP_055978221.1
XP_055978222.1	XP_055978222.1
XP_055978223.1	XP_055978223.1
XP_055978224.1	XP_055978224.1
XP_055978225.1	XP_055978225.1
XP_055978226.1	XP_055978226.1
XP_055978227.1	XP_055978227.1
XP_055978228.1	XP_055978228.1
XP_055978230.1	XP_055978230.1
XP_055978507.1	XP_055978507.1
XP_055978510.1	XP_055978510.1
XP_055988061.1	XP_055988061.1
XP_055990294.1	XP_055990294.1
XP_055992177.1	XP_055992177.1
XP_055992178.1	XP_055992178.1
XP_056018008.1	XP_056018008.1
XP_056018010.1	XP_056018010.1
XP_056018011.1	XP_056018011.1
XP_056026541.1	XP_056026541.1
XP_056027259.1	XP_056027259.1
XP_056035617.1	XP_056035617.1
XP_056036783.1	XP_056036783.1
XP_056037428.1	XP_056037428.1
XP_056037491.1	XP_056037491.1
XP_056038093.1	XP_056038093.1
XP_056041216.1	XP_056041216.1
XP_056046661.1	XP_056046661.1
XP_056051997.1	XP_056051997.1
XP_056055550.1	XP_056055550.1
XP_056062716.1	XP_056062716.1
XP_056064027.1	XP_056064027.1
XP_056069188.1	XP_056069188.1
XP_056072773.1	XP_056072773.1
XP_056078950.1	XP_056078950.1
XP_056079330.1	XP_056079330.1
XP_056084519.1	XP_056084519.1
XP_056084917.1	XP_056084917.1
XP_056088747.1	XP_056088747.1
XP_056088748.1	XP_056088748.1
XP_056089792.1	XP_056089792.1
XP_056089793.1	XP_056089793.1
XP_056089939.1	XP_056089939.1
XP_056093637.1	XP_056093637.1
XP_056101810.1	XP_056101810.1
XP_056110428.1	XP_056110428.1
XP_056110429.1	XP_056110429.1
XP_056110430.1	XP_056110430.1
XP_056110431.1	XP_056110431.1
XP_056110432.1	XP_056110432.1
XP_056110433.1	XP_056110433.1
XP_056110434.1	XP_056110434.1
XP_056110435.1	XP_056110435.1
XP_056111536.1	XP_056111536.1
XP_056113678.1	XP_056113678.1
XP_056113679.1	XP_056113679.1
XP_056113680.1	XP_056113680.1
XP_056131803.1	XP_056131803.1
XP_056131805.1	XP_056131805.1
XP_056134270.1	XP_056134270.1
XP_056140585.1	XP_056140585.1
XP_056142111.1	XP_056142111.1
XP_056142956.1	XP_056142956.1
XP_056153498.1	XP_056153498.1
XP_056154241.1	XP_056154241.1
XP_056155684.1	XP_056155684.1
XP_056164293.1	XP_056164293.1
XP_056168556.1	XP_056168556.1
XP_056169241.1	XP_056169241.1
XP_056173235.1	XP_056173235.1
XP_056173236.1	XP_056173236.1
XP_056179742.1	XP_056179742.1
XP_056179744.1	XP_056179744.1
XP_056179745.1	XP_056179745.1
XP_056179746.1	XP_056179746.1
XP_056211775.1	XP_056211775.1
XP_056211777.1	XP_056211777.1
XP_056211778.1	XP_056211778.1
XP_056220510.1	XP_056220510.1
XP_056221256.1	XP_056221256.1
XP_056232082.1	XP_056232082.1
XP_056233477.1	XP_056233477.1
XP_056234383.1	XP_056234383.1
XP_056254782.1	XP_056254782.1
XP_056267837.1	XP_056267837.1
XP_056267844.1	XP_056267844.1
XP_056267854.1	XP_056267854.1
XP_056269044.1	XP_056269044.1
XP_056269045.1	XP_056269045.1
XP_056269046.1	XP_056269046.1
XP_056269047.1	XP_056269047.1
XP_056269048.1	XP_056269048.1
XP_056270531.1	XP_056270531.1
XP_056274931.1	XP_056274931.1
XP_056275649.1	XP_056275649.1
XP_056285835.1	XP_056285835.1
XP_056290310.1	XP_056290310.1
XP_056290311.1	XP_056290311.1
XP_056300550.1	XP_056300550.1
XP_056304982.1	XP_056304982.1
XP_056314480.1	XP_056314480.1
XP_056314809.1	XP_056314809.1
XP_056317780.1	XP_056317780.1
XP_056317781.1	XP_056317781.1
XP_056326006.1	XP_056326006.1
XP_056326042.1	XP_056326042.1
XP_056335740.1	XP_056335740.1
XP_056335741.1	XP_056335741.1
XP_056340535.1	XP_056340535.1
XP_056341114.1	XP_056341114.1
XP_056341116.1	XP_056341116.1
XP_056341117.1	XP_056341117.1
XP_056341118.1	XP_056341118.1
XP_056354199.1	XP_056354199.1
XP_056354201.1	XP_056354201.1
XP_056356730.1	XP_056356730.1
XP_056365912.1	XP_056365912.1
XP_056369364.1	XP_056369364.1
XP_056369367.1	XP_056369367.1
XP_056370236.1	XP_056370236.1
XP_056370239.1	XP_056370239.1
XP_056375395.1	XP_056375395.1
XP_056376708.1	XP_056376708.1
XP_056376712.1	XP_056376712.1
XP_056382318.1	XP_056382318.1
XP_056382319.1	XP_056382319.1
XP_056384511.1	XP_056384511.1
XP_056384512.1	XP_056384512.1
XP_056388204.1	XP_056388204.1
XP_056397571.1	XP_056397571.1
XP_056422444.1	XP_056422444.1
XP_056433044.1	XP_056433044.1
XP_056439117.1	XP_056439117.1
XP_056439118.1	XP_056439118.1
XP_056440280.1	XP_056440280.1
XP_056447652.1	XP_056447652.1
XP_056447653.1	XP_056447653.1
XP_056448014.1	XP_056448014.1
XP_056457454.1	XP_056457454.1
XP_056459733.1	XP_056459733.1
XP_056459734.1	XP_056459734.1
XP_056464045.1	XP_056464045.1
XP_056468626.1	XP_056468626.1
XP_056471130.1	XP_056471130.1
XP_056486397.1	XP_056486397.1
XP_056487854.1	XP_056487854.1
XP_056494800.1	XP_056494800.1
XP_056496916.1	XP_056496916.1
XP_056513821.1	XP_056513821.1
XP_056526504.1	XP_056526504.1
XP_056533079.1	XP_056533079.1
XP_056548739.1	XP_056548739.1
XP_056559413.1	XP_056559413.1
XP_056563926.1	XP_056563926.1
XP_056575846.1	XP_056575846.1
XP_056590031.1	XP_056590031.1
XP_056597989.1	XP_056597989.1
XP_056597990.1	XP_056597990.1
XP_056597991.1	XP_056597991.1
XP_056605061.1	XP_056605061.1
XP_056617820.1	XP_056617820.1
XP_056626480.1	XP_056626480.1
XP_056626481.1	XP_056626481.1
XP_056627918.1	XP_056627918.1
XP_056627919.1	XP_056627919.1
XP_056638933.1	XP_056638933.1
XP_056638935.1	XP_056638935.1
XP_056641163.1	XP_056641163.1
XP_056645152.1	XP_056645152.1
XP_056646252.1	XP_056646252.1
XP_056648150.1	XP_056648150.1
XP_056657585.1	XP_056657585.1
XP_056659863.1	XP_056659863.1
XP_056659864.1	XP_056659864.1
XP_056668248.1	XP_056668248.1
XP_056668249.1	XP_056668249.1
XP_056668250.1	XP_056668250.1
XP_056668252.1	XP_056668252.1
XP_056668253.1	XP_056668253.1
XP_056668254.1	XP_056668254.1
XP_056671102.1	XP_056671102.1
XP_056671105.1	XP_056671105.1
XP_056671106.1	XP_056671106.1
XP_056671107.1	XP_056671107.1
XP_056671108.1	XP_056671108.1
XP_056671109.1	XP_056671109.1
XP_056680792.1	XP_056680792.1
XP_056680794.1	XP_056680794.1
XP_056703900.1	XP_056703900.1
XP_056704591.1	XP_056704591.1
XP_056709005.1	XP_056709005.1
XP_056713526.1	XP_056713526.1
XP_056718197.1	XP_056718197.1
XP_056718493.1	XP_056718493.1
XP_056723612.1	XP_056723612.1
XP_056733224.1	XP_056733224.1
XP_056741957.1	XP_056741957.1
XP_056752790.1	XP_056752790.1
XP_056770906.1	XP_056770906.1
XP_056776620.1	XP_056776620.1
XP_056794137.1	XP_056794137.1
XP_056796613.1	XP_056796613.1
XP_056805731.1	XP_056805731.1
XP_056819116.1	XP_056819116.1
XP_056835062.1	XP_056835062.1
XP_056850139.1	XP_056850139.1
XP_056869600.1	XP_056869600.1
XP_056869601.1	XP_056869601.1
XP_056869602.1	XP_056869602.1
XP_056876209.1	XP_056876209.1
XP_056876210.1	XP_056876210.1
XP_056876211.1	XP_056876211.1
XP_056881708.1	XP_056881708.1
XP_056888666.1	XP_056888666.1
XP_056888827.1	XP_056888827.1
XP_056888828.1	XP_056888828.1
XP_056888830.1	XP_056888830.1
XP_056893412.1	XP_056893412.1
XP_056899837.1	XP_056899837.1
XP_056901035.1	XP_056901035.1
XP_056917729.1	XP_056917729.1
XP_056934572.1	XP_056934572.1
XP_056952312.1	XP_056952312.1
XP_056956921.1	XP_056956921.1
XP_056962381.1	XP_056962381.1
XP_056973671.1	XP_056973671.1
XP_056988605.1	XP_056988605.1
XP_057000119.1	XP_057000119.1
XP_057013568.1	XP_057013568.1
XP_057026540.1	XP_057026540.1
XP_057036408.1	XP_057036408.1
XP_057043265.1	XP_057043265.1
XP_057058229.1	XP_057058229.1
XP_057066120.1	XP_057066120.1
XP_057067699.1	XP_057067699.1
XP_057071673.1	XP_057071673.1
XP_057090876.1	XP_057090876.1
XP_057101401.1	XP_057101401.1
XP_057107311.1	XP_057107311.1
XP_057118957.1	XP_057118957.1
XP_057122205.1	XP_057122205.1
XP_057134583.1	XP_057134583.1
XP_057148809.1	XP_057148809.1
XP_057161672.1	XP_057161672.1
XP_057161673.1	XP_057161673.1
XP_057161676.1	XP_057161676.1
XP_057161677.1	XP_057161677.1
XP_057166773.1	XP_057166773.1
XP_057173164.1	XP_057173164.1
XP_057175822.1	XP_057175822.1
XP_057175823.1	XP_057175823.1
XP_057196433.1	XP_057196433.1
XP_057196434.1	XP_057196434.1
XP_057196436.1	XP_057196436.1
XP_057196437.1	XP_057196437.1
XP_057198008.1	XP_057198008.1
XP_057210226.1	XP_057210226.1
XP_057214466.1	XP_057214466.1
XP_057214468.1	XP_057214468.1
XP_057215212.1	XP_057215212.1
XP_057219846.1	XP_057219846.1
XP_057219848.1	XP_057219848.1
XP_057223010.1	XP_057223010.1
XP_057223014.1	XP_057223014.1
XP_057223015.1	XP_057223015.1
XP_057225978.1	XP_057225978.1
XP_057225980.1	XP_057225980.1
XP_057225981.1	XP_057225981.1
XP_057226775.1	XP_057226775.1
XP_057226776.1	XP_057226776.1
XP_057226778.1	XP_057226778.1
XP_057226779.1	XP_057226779.1
XP_057230159.1	XP_057230159.1
XP_057231671.1	XP_057231671.1
XP_057252511.1	XP_057252511.1
XP_057260710.1	XP_057260710.1
XP_057261392.1	XP_057261392.1
XP_057261439.1	XP_057261439.1
XP_057269527.1	XP_057269527.1
XP_057269529.1	XP_057269529.1
XP_057284715.1	XP_057284715.1
XP_057284737.1	XP_057284737.1
XP_057284738.1	XP_057284738.1
XP_057284740.1	XP_057284740.1
XP_057284741.1	XP_057284741.1
XP_057284742.1	XP_057284742.1
XP_057284743.1	XP_057284743.1
XP_057288623.1	XP_057288623.1
XP_057292181.1	XP_057292181.1
XP_057293659.1	XP_057293659.1
XP_057300256.1	XP_057300256.1
XP_057300318.1	XP_057300318.1
XP_057300319.1	XP_057300319.1
XP_057300563.1	XP_057300563.1
XP_057321630.1	XP_057321630.1
XP_057321800.1	XP_057321800.1
XP_057328461.1	XP_057328461.1
XP_057328716.1	XP_057328716.1
XP_057328929.1	XP_057328929.1
XP_057329019.1	XP_057329019.1
XP_057329965.1	XP_057329965.1
XP_057331138.1	XP_057331138.1
XP_057331139.1	XP_057331139.1
XP_057334608.1	XP_057334608.1
XP_057354323.1	XP_057354323.1
XP_057354508.1	XP_057354508.1
XP_057354509.1	XP_057354509.1
XP_057354511.1	XP_057354511.1
XP_057365194.1	XP_057365194.1
XP_057368026.1	XP_057368026.1
XP_057368151.1	XP_057368151.1
XP_057376575.1	XP_057376575.1
XP_057378286.1	XP_057378286.1
XP_057378289.1	XP_057378289.1
XP_057390804.1	XP_057390804.1
XP_057390805.1	XP_057390805.1
XP_057396067.1	XP_057396067.1
XP_057396068.1	XP_057396068.1
XP_057396070.1	XP_057396070.1
XP_057396071.1	XP_057396071.1
XP_057396072.1	XP_057396072.1
XP_057396299.1	XP_057396299.1
XP_057396300.1	XP_057396300.1
XP_057397863.1	XP_057397863.1
XP_057397865.1	XP_057397865.1
XP_057397870.1	XP_057397870.1
XP_057397876.1	XP_057397876.1
XP_057397884.1	XP_057397884.1
XP_057397888.1	XP_057397888.1
XP_057404077.1	XP_057404077.1
XP_057409161.1	XP_057409161.1
XP_057409162.1	XP_057409162.1
XP_057420561.1	XP_057420561.1
XP_057420587.1	XP_057420587.1
XP_057434293.1	XP_057434293.1
XP_057455294.1	XP_057455294.1
XP_057461527.1	XP_057461527.1
XP_057475650.1	XP_057475650.1
XP_057484167.1	XP_057484167.1
XP_057499270.1	XP_057499270.1
XP_057500740.1	XP_057500740.1
XP_057500742.1	XP_057500742.1
XP_057509028.1	XP_057509028.1
XP_057522831.1	XP_057522831.1
XP_057522832.1	XP_057522832.1
XP_057523725.1	XP_057523725.1
XP_057531190.1	XP_057531190.1
XP_057532511.1	XP_057532511.1
XP_057564493.1	XP_057564493.1
XP_057564494.1	XP_057564494.1
XP_057566823.1	XP_057566823.1
XP_057566829.1	XP_057566829.1
XP_057566836.1	XP_057566836.1
XP_057566843.1	XP_057566843.1
XP_057566847.1	XP_057566847.1
XP_057566852.1	XP_057566852.1
XP_057566853.1	XP_057566853.1
XP_057566859.1	XP_057566859.1
XP_057568845.1	XP_057568845.1
XP_057568847.1	XP_057568847.1
XP_057568848.1	XP_057568848.1
XP_057568849.1	XP_057568849.1
XP_057568850.1	XP_057568850.1
XP_057578060.1	XP_057578060.1
XP_057578062.1	XP_057578062.1
XP_057578063.1	XP_057578063.1
XP_057578064.1	XP_057578064.1
XP_057578066.1	XP_057578066.1
XP_057578067.1	XP_057578067.1
XP_057581596.1	XP_057581596.1
XP_057581597.1	XP_057581597.1
XP_057587810.1	XP_057587810.1
XP_057587811.1	XP_057587811.1
XP_057587812.1	XP_057587812.1
XP_057596377.1	XP_057596377.1
XP_057596381.1	XP_057596381.1
XP_057609850.1	XP_057609850.1
XP_057609852.1	XP_057609852.1
XP_057609853.1	XP_057609853.1
XP_057635801.1	XP_057635801.1
XP_057635802.1	XP_057635802.1
XP_057641036.1	XP_057641036.1
XP_057641037.1	XP_057641037.1
XP_057641038.1	XP_057641038.1
XP_057641039.1	XP_057641039.1
XP_057641041.1	XP_057641041.1
XP_057641042.1	XP_057641042.1
XP_057641043.1	XP_057641043.1
XP_057643656.1	XP_057643656.1
XP_057643659.1	XP_057643659.1
XP_057643660.1	XP_057643660.1
XP_057643661.1	XP_057643661.1
XP_057643907.1	XP_057643907.1
XP_057643908.1	XP_057643908.1
XP_057643909.1	XP_057643909.1
XP_057645556.1	XP_057645556.1
XP_057645559.1	XP_057645559.1
XP_057645560.1	XP_057645560.1
XP_057645788.1	XP_057645788.1
XP_057645790.1	XP_057645790.1
XP_057651004.1	XP_057651004.1
XP_057652542.1	XP_057652542.1
XP_057658885.1	XP_057658885.1
XP_057670531.1	XP_057670531.1
XP_057680601.1	XP_057680601.1
XP_057680602.1	XP_057680602.1
XP_057681522.1	XP_057681522.1
XP_057681523.1	XP_057681523.1
XP_057684324.1	XP_057684324.1
XP_057687000.1	XP_057687000.1
XP_057687007.1	XP_057687007.1
XP_057687285.1	XP_057687285.1
XP_057688013.1	XP_057688013.1
XP_057690168.1	XP_057690168.1
XP_057690169.1	XP_057690169.1
XP_057696357.1	XP_057696357.1
XP_057729433.1	XP_057729433.1
XP_057743108.1	XP_057743108.1
XP_057749032.1	XP_057749032.1
XP_057792025.1	XP_057792025.1
XP_057792036.1	XP_057792036.1
XP_057804061.1	XP_057804061.1
XP_057836071.2	XP_057836071.2
XP_057836073.2	XP_057836073.2
XP_057838059.2	XP_057838059.2
XP_057838060.2	XP_057838060.2
XP_057838061.2	XP_057838061.2
XP_057838062.2	XP_057838062.2
XP_057843649.1	XP_057843649.1
XP_057843652.1	XP_057843652.1
XP_057845494.2	XP_057845494.2
XP_057845496.1	XP_057845496.1
XP_057845497.2	XP_057845497.2
XP_057851220.1	XP_057851220.1
XP_057881523.1	XP_057881523.1
XP_057885766.1	XP_057885766.1
XP_057890272.1	XP_057890272.1
XP_057899510.1	XP_057899510.1
XP_057899511.1	XP_057899511.1
XP_057899694.1	XP_057899694.1
XP_057899697.1	XP_057899697.1
XP_057902388.2	XP_057902388.2
XP_057908752.2	XP_057908752.2
XP_057916454.2	XP_057916454.2
XP_057916456.2	XP_057916456.2
XP_057917212.2	XP_057917212.2
XP_057927335.2	XP_057927335.2
XP_057927996.2	XP_057927996.2
XP_057929506.2	XP_057929506.2
XP_057971574.1	XP_057971574.1
XP_057971575.1	XP_057971575.1
XP_057971576.1	XP_057971576.1
XP_057971577.1	XP_057971577.1
XP_057971578.1	XP_057971578.1
XP_057979927.1	XP_057979927.1
XP_057980259.1	XP_057980259.1
XP_057980260.1	XP_057980260.1
XP_058010825.1	XP_058010825.1
XP_058016428.1	XP_058016428.1
XP_058016429.1	XP_058016429.1
XP_058024543.1	XP_058024543.1
XP_058025371.1	XP_058025371.1
XP_058025372.1	XP_058025372.1
XP_058034660.1	XP_058034660.1
XP_058034661.1	XP_058034661.1
XP_058034662.1	XP_058034662.1
XP_058035210.1	XP_058035210.1
XP_058038807.1	XP_058038807.1
XP_058053709.1	XP_058053709.1
XP_058058321.1	XP_058058321.1
XP_058060968.1	XP_058060968.1
XP_058062325.1	XP_058062325.1
XP_058072147.1	XP_058072147.1
XP_058072149.1	XP_058072149.1
XP_058072150.1	XP_058072150.1
XP_058072153.1	XP_058072153.1
XP_058072154.1	XP_058072154.1
XP_058072155.1	XP_058072155.1
XP_058086576.1	XP_058086576.1
XP_058095824.1	XP_058095824.1
XP_058095825.1	XP_058095825.1
XP_058095826.1	XP_058095826.1
XP_058109505.1	XP_058109505.1
XP_058109508.1	XP_058109508.1
XP_058121315.1	XP_058121315.1
XP_058121323.1	XP_058121323.1
XP_058121331.1	XP_058121331.1
XP_058125659.1	XP_058125659.1
XP_058125660.1	XP_058125660.1
XP_058125666.1	XP_058125666.1
XP_058129508.1	XP_058129508.1
XP_058130527.1	XP_058130527.1
XP_058130528.1	XP_058130528.1
XP_058131354.1	XP_058131354.1
XP_058131365.1	XP_058131365.1
XP_058136026.1	XP_058136026.1
XP_058157548.1	XP_058157548.1
XP_058157550.1	XP_058157550.1
XP_058159563.1	XP_058159563.1
XP_058159564.1	XP_058159564.1
XP_058159565.1	XP_058159565.1
XP_058159566.1	XP_058159566.1
XP_058159567.1	XP_058159567.1
XP_058162169.1	XP_058162169.1
XP_058162494.1	XP_058162494.1
XP_058178336.1	XP_058178336.1
XP_058184423.1	XP_058184423.1
XP_058184425.1	XP_058184425.1
XP_058184426.1	XP_058184426.1
XP_058207139.1	XP_058207139.1
XP_058217749.1	XP_058217749.1
XP_058226191.1	XP_058226191.1
XP_058230296.1	XP_058230296.1
XP_058238320.1	XP_058238320.1
XP_058238321.1	XP_058238321.1
XP_058261180.1	XP_058261180.1
XP_058262958.1	XP_058262958.1
XP_058262959.1	XP_058262959.1
XP_058263298.1	XP_058263298.1
XP_058265389.1	XP_058265389.1
XP_058265390.1	XP_058265390.1
XP_058265391.1	XP_058265391.1
XP_058265392.1	XP_058265392.1
XP_058268544.1	XP_058268544.1
XP_058268623.1	XP_058268623.1
XP_058286327.1	XP_058286327.1
XP_058286329.1	XP_058286329.1
XP_058286330.1	XP_058286330.1
XP_058286331.1	XP_058286331.1
XP_058286332.1	XP_058286332.1
XP_058286333.1	XP_058286333.1
XP_058286334.1	XP_058286334.1
XP_058286335.1	XP_058286335.1
XP_058286336.1	XP_058286336.1
XP_058294790.1	XP_058294790.1
XP_058294794.1	XP_058294794.1
XP_058296748.1	XP_058296748.1
XP_058296749.1	XP_058296749.1
XP_058296750.1	XP_058296750.1
XP_058296945.1	XP_058296945.1
XP_058296946.1	XP_058296946.1
XP_058301235.1	XP_058301235.1
XP_058301236.1	XP_058301236.1
XP_058304764.1	XP_058304764.1
XP_058323727.1	XP_058323727.1
XP_058327632.1	XP_058327632.1
XP_058340041.1	XP_058340041.1
XP_058342416.1	XP_058342416.1
XP_058344691.1	XP_058344691.1
XP_058346905.1	XP_058346905.1
XP_058352446.1	XP_058352446.1
XP_058355352.1	XP_058355352.1
XP_058369117.1	XP_058369117.1
XP_058382650.1	XP_058382650.1
XP_058383761.1	XP_058383761.1
XP_058383762.1	XP_058383762.1
XP_058383763.1	XP_058383763.1
XP_058388695.1	XP_058388695.1
XP_058408384.1	XP_058408384.1
XP_058408386.1	XP_058408386.1
XP_058408387.1	XP_058408387.1
XP_058408388.1	XP_058408388.1
XP_058408389.1	XP_058408389.1
XP_058408390.1	XP_058408390.1
XP_058408391.1	XP_058408391.1
XP_058408392.1	XP_058408392.1
XP_058408393.1	XP_058408393.1
XP_058408394.1	XP_058408394.1
XP_058420355.1	XP_058420355.1
XP_058420356.1	XP_058420356.1
XP_058421473.1	XP_058421473.1
XP_058421474.1	XP_058421474.1
XP_058421476.1	XP_058421476.1
XP_058421478.1	XP_058421478.1
XP_058421479.1	XP_058421479.1
XP_058421480.1	XP_058421480.1
XP_058429083.1	XP_058429083.1
XP_058429084.1	XP_058429084.1
XP_058429085.1	XP_058429085.1
XP_058440072.1	XP_058440072.1
XP_058440073.1	XP_058440073.1
XP_058440074.1	XP_058440074.1
XP_058440075.1	XP_058440075.1
XP_058440076.1	XP_058440076.1
XP_058440077.1	XP_058440077.1
XP_058445784.1	XP_058445784.1
XP_058446217.1	XP_058446217.1
XP_058446221.1	XP_058446221.1
XP_058446222.1	XP_058446222.1
XP_058451299.1	XP_058451299.1
XP_058454264.1	XP_058454264.1
XP_058458615.1	XP_058458615.1
XP_058458617.1	XP_058458617.1
XP_058475628.1	XP_058475628.1
XP_058475629.1	XP_058475629.1
XP_058476672.1	XP_058476672.1
XP_058485764.1	XP_058485764.1
XP_058491442.1	XP_058491442.1
XP_058492227.1	XP_058492227.1
XP_058492229.1	XP_058492229.1
XP_058494182.1	XP_058494182.1
XP_058494184.1	XP_058494184.1
XP_058496990.1	XP_058496990.1
XP_058503309.1	XP_058503309.1
XP_058503310.1	XP_058503310.1
XP_058511102.1	XP_058511102.1
XP_058511115.1	XP_058511115.1
XP_058511122.1	XP_058511122.1
XP_058512269.1	XP_058512269.1
XP_058525649.1	XP_058525649.1
XP_058525650.1	XP_058525650.1
XP_058528323.1	XP_058528323.1
XP_058528327.1	XP_058528327.1
XP_058528328.1	XP_058528328.1
XP_058531162.1	XP_058531162.1
XP_058531163.1	XP_058531163.1
XP_058536086.1	XP_058536086.1
XP_058537159.1	XP_058537159.1
XP_058537564.1	XP_058537564.1
XP_058545279.1	XP_058545279.1
XP_058551528.1	XP_058551528.1
XP_058551532.1	XP_058551532.1
XP_058551533.1	XP_058551533.1
XP_058571223.1	XP_058571223.1
XP_058571231.1	XP_058571231.1
XP_058573355.1	XP_058573355.1
XP_058573359.1	XP_058573359.1
XP_058573360.1	XP_058573360.1
XP_058573361.1	XP_058573361.1
XP_058573362.1	XP_058573362.1
XP_058573363.1	XP_058573363.1
XP_058573364.1	XP_058573364.1
XP_058573365.1	XP_058573365.1
XP_058573367.1	XP_058573367.1
XP_058573368.1	XP_058573368.1
XP_058573370.1	XP_058573370.1
XP_058584706.1	XP_058584706.1
XP_058584711.1	XP_058584711.1
XP_058603149.1	XP_058603149.1
XP_058603150.1	XP_058603150.1
XP_058609661.1	XP_058609661.1
XP_058609662.1	XP_058609662.1
XP_058609663.1	XP_058609663.1
XP_058619727.1	XP_058619727.1
XP_058632219.1	XP_058632219.1
XP_058632538.1	XP_058632538.1
XP_058638317.1	XP_058638317.1
XP_058650579.1	XP_058650579.1
XP_058650580.1	XP_058650580.1
XP_058650648.1	XP_058650648.1
XP_058662335.1	XP_058662335.1
XP_058662343.1	XP_058662343.1
XP_058664231.1	XP_058664231.1
XP_058668612.1	XP_058668612.1
XP_058669472.1	XP_058669472.1
XP_058678321.1	XP_058678321.1
XP_058679254.1	XP_058679254.1
XP_058679338.1	XP_058679338.1
XP_058682237.1	XP_058682237.1
XP_058682241.1	XP_058682241.1
XP_058682434.1	XP_058682434.1
XP_058682435.1	XP_058682435.1
XP_058687521.1	XP_058687521.1
XP_058687522.1	XP_058687522.1
XP_058687523.1	XP_058687523.1
XP_058687524.1	XP_058687524.1
XP_058687528.1	XP_058687528.1
XP_058698345.1	XP_058698345.1
XP_058698347.1	XP_058698347.1
XP_058701538.1	XP_058701538.1
XP_058717456.1	XP_058717456.1
XP_058730097.1	XP_058730097.1
XP_058744094.1	XP_058744094.1
XP_058754854.1	XP_058754854.1
XP_058756572.1	XP_058756572.1
XP_058779579.1	XP_058779579.1
XP_058786459.1	XP_058786459.1
XP_058787517.1	XP_058787517.1
XP_058787536.1	XP_058787536.1
XP_058790493.1	XP_058790493.1
XP_058790494.1	XP_058790494.1
XP_058790495.1	XP_058790495.1
XP_058790496.1	XP_058790496.1
XP_058790497.1	XP_058790497.1
XP_058790498.1	XP_058790498.1
XP_058798400.1	XP_058798400.1
XP_058800106.1	XP_058800106.1
XP_058800109.1	XP_058800109.1
XP_058800110.1	XP_058800110.1
XP_058800868.1	XP_058800868.1
XP_058804646.1	XP_058804646.1
XP_058804648.1	XP_058804648.1
XP_058809727.1	XP_058809727.1
XP_058810123.1	XP_058810123.1
XP_058822384.1	XP_058822384.1
XP_058822385.1	XP_058822385.1
XP_058824449.1	XP_058824449.1
XP_058824451.1	XP_058824451.1
XP_058824452.1	XP_058824452.1
XP_058824858.1	XP_058824858.1
XP_058825343.1	XP_058825343.1
XP_058825345.1	XP_058825345.1
XP_058829022.1	XP_058829022.1
XP_058844645.1	XP_058844645.1
XP_058844652.1	XP_058844652.1
XP_058851436.1	XP_058851436.1
XP_058851507.1	XP_058851507.1
XP_058851572.1	XP_058851572.1
XP_058851922.1	XP_058851922.1
XP_058875644.1	XP_058875644.1
XP_058875645.1	XP_058875645.1
XP_058879216.1	XP_058879216.1
XP_058879217.1	XP_058879217.1
XP_058879218.1	XP_058879218.1
XP_058881202.1	XP_058881202.1
XP_058881206.1	XP_058881206.1
XP_058891166.1	XP_058891166.1
XP_058893908.1	XP_058893908.1
XP_058893943.1	XP_058893943.1
XP_058893954.1	XP_058893954.1
XP_058893964.1	XP_058893964.1
XP_058899813.1	XP_058899813.1
XP_058899814.2	XP_058899814.2
XP_058914321.1	XP_058914321.1
XP_058916647.1	XP_058916647.1
XP_058916648.1	XP_058916648.1
XP_058916650.1	XP_058916650.1
XP_058916652.1	XP_058916652.1
XP_058919249.1	XP_058919249.1
XP_058919250.1	XP_058919250.1
XP_058925618.1	XP_058925618.1
XP_058928413.1	XP_058928413.1
XP_058928416.1	XP_058928416.1
XP_058928418.1	XP_058928418.1
XP_058944236.2	XP_058944236.2
XP_058951047.2	XP_058951047.2
XP_058951835.2	XP_058951835.2
XP_058956575.2	XP_058956575.2
XP_058956620.1	XP_058956620.1
XP_058964734.2	XP_058964734.2
XP_058977667.1	XP_058977667.1
XP_058985004.1	XP_058985004.1
XP_058985015.1	XP_058985015.1
XP_058985016.1	XP_058985016.1
XP_058992612.1	XP_058992612.1
XP_058992615.1	XP_058992615.1
XP_058992616.1	XP_058992616.1
XP_058992617.1	XP_058992617.1
XP_058992618.1	XP_058992618.1
XP_058992620.1	XP_058992620.1
XP_058992621.1	XP_058992621.1
XP_058992622.1	XP_058992622.1
XP_058992623.1	XP_058992623.1
XP_058998727.1	XP_058998727.1
XP_058998731.1	XP_058998731.1
XP_058998732.1	XP_058998732.1
XP_058998733.1	XP_058998733.1
XP_058998736.1	XP_058998736.1
XP_059000472.1	XP_059000472.1
XP_059000483.1	XP_059000483.1
XP_059007236.1	XP_059007236.1
XP_059007237.1	XP_059007237.1
XP_059007238.1	XP_059007238.1
XP_059029586.1	XP_059029586.1
XP_059029587.1	XP_059029587.1
XP_059045062.1	XP_059045062.1
XP_059045165.1	XP_059045165.1
XP_059048004.1	XP_059048004.1
XP_059055815.1	XP_059055815.1
XP_059062906.1	XP_059062906.1
XP_059062911.1	XP_059062911.1
XP_059072178.1	XP_059072178.1
XP_059083652.1	XP_059083652.1
XP_059089022.1	XP_059089022.1
XP_059090184.1	XP_059090184.1
XP_059094465.1	XP_059094465.1
XP_059094948.1	XP_059094948.1
XP_059109107.1	XP_059109107.1
XP_059110651.1	XP_059110651.1
XP_059110653.1	XP_059110653.1
XP_059110654.1	XP_059110654.1
XP_059110655.1	XP_059110655.1
XP_059110658.1	XP_059110658.1
XP_059110659.1	XP_059110659.1
XP_059117135.1	XP_059117135.1
XP_059118749.1	XP_059118749.1
XP_059118753.1	XP_059118753.1
XP_059118754.1	XP_059118754.1
XP_059120498.1	XP_059120498.1
XP_059132464.1	XP_059132464.1
XP_059132465.1	XP_059132465.1
XP_059140156.1	XP_059140156.1
XP_059149833.1	XP_059149833.1
XP_059154714.1	XP_059154714.1
XP_059160708.1	XP_059160708.1
XP_059167940.1	XP_059167940.1
XP_059180608.1	XP_059180608.1
XP_059182551.1	XP_059182551.1
XP_059193158.1	XP_059193158.1
XP_059193159.1	XP_059193159.1
XP_059193160.1	XP_059193160.1
XP_059193161.1	XP_059193161.1
XP_059194188.1	XP_059194188.1
XP_059195656.1	XP_059195656.1
XP_059197538.1	XP_059197538.1
XP_059205642.1	XP_059205642.1
XP_059208967.1	XP_059208967.1
XP_059223016.1	XP_059223016.1
XP_059224181.1	XP_059224181.1
XP_059230724.1	XP_059230724.1
XP_059230726.1	XP_059230726.1
XP_059230728.1	XP_059230728.1
XP_059230729.1	XP_059230729.1
XP_059230730.1	XP_059230730.1
XP_059230731.1	XP_059230731.1
XP_059230732.1	XP_059230732.1
XP_059230733.1	XP_059230733.1
XP_059230734.1	XP_059230734.1
XP_059237159.1	XP_059237159.1
XP_059259994.1	XP_059259994.1
XP_059267718.1	XP_059267718.1
XP_059267722.1	XP_059267722.1
XP_059267723.1	XP_059267723.1
XP_059272754.1	XP_059272754.1
XP_059297420.1	XP_059297420.1
XP_059297423.1	XP_059297423.1
XP_059297424.1	XP_059297424.1
XP_059297425.1	XP_059297425.1
XP_059301184.1	XP_059301184.1
XP_059301185.1	XP_059301185.1
XP_059309942.1	XP_059309942.1
XP_059310511.1	XP_059310511.1
XP_059310514.1	XP_059310514.1
XP_059310516.1	XP_059310516.1
XP_059312732.1	XP_059312732.1
XP_059320996.1	XP_059320996.1
XP_059321113.1	XP_059321113.1
XP_059333865.1	XP_059333865.1
XP_059333866.1	XP_059333866.1
XP_059333867.1	XP_059333867.1
XP_059341985.1	XP_059341985.1
XP_059341995.1	XP_059341995.1
XP_059348195.1	XP_059348195.1
XP_059348476.1	XP_059348476.1
XP_059348479.1	XP_059348479.1
XP_059352770.1	XP_059352770.1
XP_059352771.1	XP_059352771.1
XP_059352772.1	XP_059352772.1
XP_059352773.1	XP_059352773.1
XP_059352774.1	XP_059352774.1
XP_059352775.1	XP_059352775.1
XP_059365855.1	XP_059365855.1
XP_059365856.1	XP_059365856.1
XP_059368662.1	XP_059368662.1
XP_059384400.1	XP_059384400.1
XP_059386546.1	XP_059386546.1
XP_059386547.1	XP_059386547.1
XP_059386877.1	XP_059386877.1
XP_059388110.1	XP_059388110.1
XP_059388202.1	XP_059388202.1
XP_059388203.1	XP_059388203.1
XP_059397512.1	XP_059397512.1
XP_059400899.1	XP_059400899.1
XP_059400915.1	XP_059400915.1
XP_059400920.1	XP_059400920.1
XP_059405665.1	XP_059405665.1
XP_059405666.1	XP_059405666.1
XP_059406098.1	XP_059406098.1
XP_059412647.1	XP_059412647.1
XP_059412648.1	XP_059412648.1
XP_059412649.1	XP_059412649.1
XP_059412650.1	XP_059412650.1
XP_059441063.1	XP_059441063.1
XP_059456121.1	XP_059456121.1
XP_059456124.1	XP_059456124.1
XP_059456281.1	XP_059456281.1
XP_059469571.1	XP_059469571.1
XP_059474305.1	XP_059474305.1
XP_059474307.1	XP_059474307.1
XP_059474308.1	XP_059474308.1
XP_059474832.1	XP_059474832.1
XP_059483087.1	XP_059483087.1
XP_059483277.1	XP_059483277.1
XP_059495137.1	XP_059495137.1
XP_059495142.1	XP_059495142.1
XP_059500607.1	XP_059500607.1
XP_059500608.1	XP_059500608.1
XP_059500609.1	XP_059500609.1
XP_059513043.1	XP_059513043.1
XP_059513048.1	XP_059513048.1
XP_059513049.1	XP_059513049.1
XP_059513050.1	XP_059513050.1
XP_059513051.1	XP_059513051.1
XP_059524067.1	XP_059524067.1
XP_059524068.1	XP_059524068.1
XP_059536842.1	XP_059536842.1
XP_059545549.1	XP_059545549.1
XP_059545551.1	XP_059545551.1
XP_059545552.1	XP_059545552.1
XP_059545553.1	XP_059545553.1
XP_059545554.1	XP_059545554.1
XP_059545555.1	XP_059545555.1
XP_059545556.1	XP_059545556.1
XP_059545557.1	XP_059545557.1
XP_059545558.1	XP_059545558.1
XP_059545559.1	XP_059545559.1
XP_059545560.1	XP_059545560.1
XP_059545561.1	XP_059545561.1
XP_059550221.1	XP_059550221.1
XP_059550658.1	XP_059550658.1
XP_059550659.1	XP_059550659.1
XP_059550660.1	XP_059550660.1
XP_059550661.1	XP_059550661.1
XP_059550662.1	XP_059550662.1
XP_059550663.1	XP_059550663.1
XP_059566402.1	XP_059566402.1
XP_059566403.1	XP_059566403.1
XP_059567854.1	XP_059567854.1
XP_059567865.1	XP_059567865.1
XP_059580435.1	XP_059580435.1
XP_059580436.1	XP_059580436.1
XP_059580437.1	XP_059580437.1
XP_059580814.1	XP_059580814.1
XP_059581099.1	XP_059581099.1
XP_059583816.1	XP_059583816.1
XP_059583817.1	XP_059583817.1
XP_059583819.1	XP_059583819.1
XP_059594734.1	XP_059594734.1
XP_059598172.1	XP_059598172.1
XP_059608990.1	XP_059608990.1
XP_059610581.1	XP_059610581.1
XP_059619982.1	XP_059619982.1
XP_059620199.1	XP_059620199.1
XP_059624492.1	XP_059624492.1
XP_059624495.1	XP_059624495.1
XP_059624497.1	XP_059624497.1
XP_059628091.1	XP_059628091.1
XP_059634043.1	XP_059634043.1
XP_059634044.1	XP_059634044.1
XP_059651507.1	XP_059651507.1
XP_059661516.1	XP_059661516.1
XP_059661517.1	XP_059661517.1
XP_059674749.1	XP_059674749.1
XP_059677560.1	XP_059677560.1
XP_059677561.1	XP_059677561.1
XP_059677562.1	XP_059677562.1
XP_059680803.1	XP_059680803.1
XP_059680804.1	XP_059680804.1
XP_059689267.1	XP_059689267.1
XP_059689411.1	XP_059689411.1
XP_059692219.1	XP_059692219.1
XP_059693193.1	XP_059693193.1
XP_059693195.1	XP_059693195.1
XP_059696966.1	XP_059696966.1
XP_059709797.1	XP_059709797.1
XP_059709799.1	XP_059709799.1
XP_059709800.1	XP_059709800.1
XP_059711069.1	XP_059711069.1
XP_059711077.1	XP_059711077.1
XP_059711082.1	XP_059711082.1
XP_059711092.1	XP_059711092.1
XP_059713054.1	XP_059713054.1
XP_059713056.1	XP_059713056.1
XP_059729161.1	XP_059729161.1
XP_059733404.1	XP_059733404.1
XP_059733405.1	XP_059733405.1
XP_059733406.1	XP_059733406.1
XP_059740603.1	XP_059740603.1
XP_059759774.1	XP_059759774.1
XP_059759775.1	XP_059759775.1
XP_059759778.1	XP_059759778.1
XP_059759779.1	XP_059759779.1
XP_059765318.1	XP_059765318.1
XP_059772064.1	XP_059772064.1
XP_059772065.1	XP_059772065.1
XP_059772620.1	XP_059772620.1
XP_059772621.1	XP_059772621.1
XP_059772622.1	XP_059772622.1
XP_059772623.1	XP_059772623.1
XP_059778466.1	XP_059778466.1
XP_059778472.1	XP_059778472.1
XP_059778476.1	XP_059778476.1
XP_059778483.1	XP_059778483.1
XP_059778492.1	XP_059778492.1
XP_059778501.1	XP_059778501.1
XP_059778511.1	XP_059778511.1
XP_059778521.1	XP_059778521.1
XP_059780474.1	XP_059780474.1
XP_059780476.1	XP_059780476.1
XP_059780477.1	XP_059780477.1
XP_059780478.1	XP_059780478.1
XP_059787755.1	XP_059787755.1
XP_059801108.1	XP_059801108.1
XP_059801109.1	XP_059801109.1
XP_059812572.1	XP_059812572.1
XP_059812573.1	XP_059812573.1
XP_059825827.1	XP_059825827.1
XP_059825829.1	XP_059825829.1
XP_059825830.1	XP_059825830.1
XP_059827982.1	XP_059827982.1
XP_059830443.1	XP_059830443.1
XP_059840221.1	XP_059840221.1
XP_059848874.1	XP_059848874.1
XP_059856015.1	XP_059856015.1
XP_059856016.1	XP_059856016.1
XP_059862347.1	XP_059862347.1
XP_059865664.1	XP_059865664.1
XP_059865665.1	XP_059865665.1
XP_059870969.1	XP_059870969.1
XP_059870971.1	XP_059870971.1
XP_059870973.1	XP_059870973.1
XP_059870974.1	XP_059870974.1
XP_059870975.1	XP_059870975.1
XP_059875022.1	XP_059875022.1
XP_059875023.1	XP_059875023.1
XP_059878020.1	XP_059878020.1
XP_059878044.1	XP_059878044.1
XP_059878050.1	XP_059878050.1
XP_059878059.1	XP_059878059.1
XP_059878068.1	XP_059878068.1
XP_059878076.1	XP_059878076.1
XP_059878084.1	XP_059878084.1
XP_059892597.1	XP_059892597.1
XP_059899100.1	XP_059899100.1
XP_059900733.1	XP_059900733.1
XP_059900734.1	XP_059900734.1
XP_059910186.1	XP_059910186.1
XP_059910187.1	XP_059910187.1
XP_059911126.1	XP_059911126.1
XP_059911127.1	XP_059911127.1
XP_059911128.1	XP_059911128.1
XP_059911129.1	XP_059911129.1
XP_059911130.1	XP_059911130.1
XP_059921399.1	XP_059921399.1
XP_059922329.1	XP_059922329.1
XP_059922330.1	XP_059922330.1
XP_059927663.1	XP_059927663.1
XP_059940592.1	XP_059940592.1
XP_059940593.1	XP_059940593.1
XP_059945785.1	XP_059945785.1
XP_059945786.1	XP_059945786.1
XP_059945787.1	XP_059945787.1
XP_059945789.1	XP_059945789.1
XP_059945790.1	XP_059945790.1
XP_059945791.1	XP_059945791.1
XP_059945792.1	XP_059945792.1
XP_059945793.1	XP_059945793.1
XP_059945794.1	XP_059945794.1
XP_059948693.1	XP_059948693.1
XP_059948694.1	XP_059948694.1
XP_059949071.1	XP_059949071.1
XP_059949075.1	XP_059949075.1
XP_059949076.1	XP_059949076.1
XP_059951490.1	XP_059951490.1
XP_059957618.1	XP_059957618.1
XP_059957621.1	XP_059957621.1
XP_059957622.1	XP_059957622.1
XP_059957623.1	XP_059957623.1
XP_059959642.1	XP_059959642.1
XP_059967491.1	XP_059967491.1
XP_059982781.1	XP_059982781.1
XP_059985914.1	XP_059985914.1
XP_059996045.1	XP_059996045.1
XP_059999169.1	XP_059999169.1
XP_059999174.1	XP_059999174.1
XP_059999175.1	XP_059999175.1
XP_059999176.1	XP_059999176.1
XP_060002835.1	XP_060002835.1
XP_060002837.1	XP_060002837.1
XP_060011348.1	XP_060011348.1
XP_060014929.1	XP_060014929.1
XP_060014930.1	XP_060014930.1
XP_060014931.1	XP_060014931.1
XP_060014933.1	XP_060014933.1
XP_060019370.1	XP_060019370.1
XP_060032323.1	XP_060032323.1
XP_060041566.1	XP_060041566.1
XP_060041567.1	XP_060041567.1
XP_060041568.1	XP_060041568.1
XP_060047120.1	XP_060047120.1
XP_060055456.1	XP_060055456.1
XP_060055460.1	XP_060055460.1
XP_060055461.1	XP_060055461.1
XP_060057070.1	XP_060057070.1
XP_060057071.1	XP_060057071.1
XP_060062187.1	XP_060062187.1
XP_060062190.1	XP_060062190.1
XP_060062191.1	XP_060062191.1
XP_060062192.1	XP_060062192.1
XP_060062193.1	XP_060062193.1
XP_060067206.1	XP_060067206.1
XP_060072336.1	XP_060072336.1
XP_060074932.1	XP_060074932.1
XP_060075331.1	XP_060075331.1
XP_060081260.1	XP_060081260.1
XP_060087796.1	XP_060087796.1
XP_060091426.1	XP_060091426.1
XP_060091847.1	XP_060091847.1
XP_060091848.1	XP_060091848.1
XP_060104214.1	XP_060104214.1
XP_060109899.1	XP_060109899.1
XP_060109955.1	XP_060109955.1
XP_060110316.1	XP_060110316.1
XP_060121489.1	XP_060121489.1
XP_060122012.1	XP_060122012.1
XP_060132073.1	XP_060132073.1
XP_060132074.1	XP_060132074.1
XP_060132888.1	XP_060132888.1
XP_060134156.1	XP_060134156.1
XP_060151628.1	XP_060151628.1
XP_060159064.1	XP_060159064.1
XP_060175451.1	XP_060175451.1
XP_060175454.1	XP_060175454.1
XP_060175456.1	XP_060175456.1
XP_060178899.1	XP_060178899.1
XP_060200548.1	XP_060200548.1
XP_060216215.1	XP_060216215.1
XP_060216218.1	XP_060216218.1
XP_060216221.1	XP_060216221.1
XP_060216222.1	XP_060216222.1
XP_060216224.1	XP_060216224.1
XP_060218703.1	XP_060218703.1
XP_060222080.1	XP_060222080.1
XP_060222081.1	XP_060222081.1
XP_060236348.1	XP_060236348.1
XP_060236532.1	XP_060236532.1
XP_060236638.1	XP_060236638.1
XP_060236639.1	XP_060236639.1
XP_060248259.1	XP_060248259.1
XP_060253917.1	XP_060253917.1
XP_060265051.1	XP_060265051.1
XP_060265057.1	XP_060265057.1
XP_060265063.1	XP_060265063.1
XP_060265067.1	XP_060265067.1
XP_060265076.1	XP_060265076.1
XP_060265080.1	XP_060265080.1
XP_060265093.1	XP_060265093.1
XP_060265101.1	XP_060265101.1
XP_060274760.1	XP_060274760.1
XP_060274767.1	XP_060274767.1
XP_060274768.1	XP_060274768.1
XP_060274773.1	XP_060274773.1
XP_060274774.1	XP_060274774.1
XP_060274783.1	XP_060274783.1
XP_060274794.1	XP_060274794.1
XP_060274796.1	XP_060274796.1
XP_060274797.1	XP_060274797.1
XP_060274798.1	XP_060274798.1
XP_060274800.1	XP_060274800.1
XP_060274801.1	XP_060274801.1
XP_060274803.1	XP_060274803.1
XP_060274804.1	XP_060274804.1
XP_060276635.1	XP_060276635.1
XP_060279774.1	XP_060279774.1
XP_060282975.1	XP_060282975.1
XP_060284144.1	XP_060284144.1
XP_060292523.1	XP_060292523.1
XP_060297049.1	XP_060297049.1
XP_060302686.1	XP_060302686.1
XP_060304768.1	XP_060304768.1
XP_060311238.1	XP_060311238.1
XP_060325000.1	XP_060325000.1
XP_060334676.1	XP_060334676.1
XP_060334876.1	XP_060334876.1
XP_060336866.1	XP_060336866.1
XP_060345837.1	XP_060345837.1
XP_060346748.1	XP_060346748.1
XP_060359560.1	XP_060359560.1
XP_060371693.1	XP_060371693.1
XP_060379775.1	XP_060379775.1
XP_060381048.1	XP_060381048.1
XP_060389959.1	XP_060389959.1
XP_060390002.1	XP_060390002.1
XP_060406670.1	XP_060406670.1
XP_060414372.1	XP_060414372.1
XP_060435926.1	XP_060435926.1
XP_060436969.1	XP_060436969.1
XP_060444089.1	XP_060444089.1
XP_060452191.1	XP_060452191.1
XP_060456096.1	XP_060456096.1
XP_060456760.1	XP_060456760.1
XP_060456786.1	XP_060456786.1
XP_060462930.3	XP_060462930.3
XP_060465899.2	XP_060465899.2
XP_060465903.2	XP_060465903.2
XP_060465904.2	XP_060465904.2
XP_060480533.3	XP_060480533.3
XP_060480534.3	XP_060480534.3
XP_060480535.3	XP_060480535.3
XP_060480536.3	XP_060480536.3
XP_060480537.3	XP_060480537.3
XP_060480538.3	XP_060480538.3
XP_060490321.2	XP_060490321.2
XP_060490322.2	XP_060490322.2
XP_060515046.1	XP_060515046.1
XP_060525945.1	XP_060525945.1
XP_060525946.1	XP_060525946.1
XP_060532348.1	XP_060532348.1
XP_060532421.1	XP_060532421.1
XP_060533881.1	XP_060533881.1
XP_060536082.1	XP_060536082.1
XP_060538496.1	XP_060538496.1
XP_060538497.1	XP_060538497.1
XP_060546645.1	XP_060546645.1
XP_060553002.1	XP_060553002.1
XP_060558381.1	XP_060558381.1
XP_060571762.1	XP_060571762.1
XP_060579399.1	XP_060579399.1
XP_060579400.1	XP_060579400.1
XP_060579643.1	XP_060579643.1
XP_060583516.1	XP_060583516.1
XP_060583518.1	XP_060583518.1
XP_060601859.1	XP_060601859.1
XP_060614234.2	XP_060614234.2
XP_060617594.2	XP_060617594.2
XP_060618072.2	XP_060618072.2
XP_060629495.2	XP_060629495.2
XP_060630039.2	XP_060630039.2
XP_060630040.2	XP_060630040.2
XP_060638462.2	XP_060638462.2
XP_060643846.2	XP_060643846.2
XP_060645193.1	XP_060645193.1
XP_060645621.1	XP_060645621.1
XP_060645623.1	XP_060645623.1
XP_060645624.1	XP_060645624.1
XP_060645625.1	XP_060645625.1
XP_060645626.1	XP_060645626.1
XP_060661743.1	XP_060661743.1
XP_060661744.1	XP_060661744.1
XP_060661745.1	XP_060661745.1
XP_060661746.1	XP_060661746.1
XP_060662872.1	XP_060662872.1
XP_060662873.1	XP_060662873.1
XP_060664577.1	XP_060664577.1
XP_060664582.1	XP_060664582.1
XP_060664583.1	XP_060664583.1
XP_060664584.1	XP_060664584.1
XP_060664604.1	XP_060664604.1
XP_060680561.1	XP_060680561.1
XP_060680564.1	XP_060680564.1
XP_060680565.1	XP_060680565.1
XP_060680566.1	XP_060680566.1
XP_060681577.1	XP_060681577.1
XP_060686447.1	XP_060686447.1
XP_060686450.1	XP_060686450.1
XP_060686451.1	XP_060686451.1
XP_060694100.1	XP_060694100.1
XP_060694265.1	XP_060694265.1
XP_060699499.1	XP_060699499.1
XP_060704709.1	XP_060704709.1
XP_060715034.1	XP_060715034.1
XP_060715035.1	XP_060715035.1
XP_060715036.1	XP_060715036.1
XP_060719201.1	XP_060719201.1
XP_060719209.1	XP_060719209.1
XP_060721607.1	XP_060721607.1
XP_060721608.1	XP_060721608.1
XP_060721609.1	XP_060721609.1
XP_060721610.1	XP_060721610.1
XP_060727243.1	XP_060727243.1
XP_060739803.1	XP_060739803.1
XP_060749380.1	XP_060749380.1
XP_060749381.1	XP_060749381.1
XP_060749382.1	XP_060749382.1
XP_060753200.1	XP_060753200.1
XP_060753209.1	XP_060753209.1
XP_060753218.1	XP_060753218.1
XP_060760666.1	XP_060760666.1
XP_060760667.1	XP_060760667.1
XP_060760668.1	XP_060760668.1
XP_060762968.1	XP_060762968.1
XP_060767950.1	XP_060767950.1
XP_060776438.1	XP_060776438.1
XP_060793761.1	XP_060793761.1
XP_060793766.1	XP_060793766.1
XP_060793767.1	XP_060793767.1
XP_060795320.1	XP_060795320.1
XP_060795321.1	XP_060795321.1
XP_060796070.1	XP_060796070.1
XP_060796071.1	XP_060796071.1
XP_060796072.1	XP_060796072.1
XP_060804190.1	XP_060804190.1
XP_060804391.1	XP_060804391.1
XP_060815947.1	XP_060815947.1
XP_060815950.1	XP_060815950.1
XP_060817558.1	XP_060817558.1
XP_060817563.1	XP_060817563.1
XP_060818520.1	XP_060818520.1
XP_060818521.1	XP_060818521.1
XP_060818522.1	XP_060818522.1
XP_060821694.1	XP_060821694.1
XP_060828042.1	XP_060828042.1
XP_060828043.1	XP_060828043.1
XP_060833874.1	XP_060833874.1
XP_060835055.1	XP_060835055.1
XP_060835056.1	XP_060835056.1
XP_060835058.1	XP_060835058.1
XP_060838608.1	XP_060838608.1
XP_060841499.1	XP_060841499.1
XP_060841908.1	XP_060841908.1
XP_060846980.1	XP_060846980.1
XP_060849958.1	XP_060849958.1
XP_060851481.1	XP_060851481.1
XP_060856559.1	XP_060856559.1
XP_060862607.1	XP_060862607.1
XP_060863293.1	XP_060863293.1
XP_060863334.1	XP_060863334.1
XP_060864264.1	XP_060864264.1
XP_060864268.1	XP_060864268.1
XP_060868942.1	XP_060868942.1
XP_060868943.1	XP_060868943.1
XP_060868944.1	XP_060868944.1
XP_060876317.1	XP_060876317.1
XP_060876322.1	XP_060876322.1
XP_060878824.1	XP_060878824.1
XP_060884229.1	XP_060884229.1
XP_060890627.1	XP_060890627.1
XP_060894015.1	XP_060894015.1
XP_060894504.1	XP_060894504.1
XP_060901644.1	XP_060901644.1
XP_060906980.1	XP_060906980.1
XP_060906982.1	XP_060906982.1
XP_060915318.1	XP_060915318.1
XP_060915320.1	XP_060915320.1
XP_060919988.1	XP_060919988.1
XP_060924030.1	XP_060924030.1
XP_060927044.1	XP_060927044.1
XP_060927177.1	XP_060927177.1
XP_060934086.1	XP_060934086.1
XP_060934087.1	XP_060934087.1
XP_060937271.1	XP_060937271.1
XP_060948819.1	XP_060948819.1
XP_060950009.1	XP_060950009.1
XP_060951179.1	XP_060951179.1
XP_060964268.1	XP_060964268.1
XP_060977864.1	XP_060977864.1
XP_060977866.1	XP_060977866.1
XP_060977867.1	XP_060977867.1
XP_060977868.1	XP_060977868.1
XP_060977869.1	XP_060977869.1
XP_060977870.1	XP_060977870.1
XP_060977871.1	XP_060977871.1
XP_060982347.1	XP_060982347.1
XP_060982348.1	XP_060982348.1
XP_060985321.1	XP_060985321.1
XP_060985334.1	XP_060985334.1
XP_060985335.1	XP_060985335.1
XP_060994445.1	XP_060994445.1
XP_060994446.1	XP_060994446.1
XP_061014078.1	XP_061014078.1
XP_061014079.1	XP_061014079.1
XP_061019693.1	XP_061019693.1
XP_061019697.1	XP_061019697.1
XP_061019699.1	XP_061019699.1
XP_061019700.1	XP_061019700.1
XP_061019702.1	XP_061019702.1
XP_061021761.1	XP_061021761.1
XP_061021772.1	XP_061021772.1
XP_061023028.1	XP_061023028.1
XP_061028635.1	XP_061028635.1
XP_061028636.1	XP_061028636.1
XP_061037515.1	XP_061037515.1
XP_061040193.1	XP_061040193.1
XP_061040194.1	XP_061040194.1
XP_061040195.1	XP_061040195.1
XP_061040196.1	XP_061040196.1
XP_061040197.1	XP_061040197.1
XP_061040198.1	XP_061040198.1
XP_061043925.1	XP_061043925.1
XP_061043928.1	XP_061043928.1
XP_061043929.1	XP_061043929.1
XP_061043931.1	XP_061043931.1
XP_061044466.1	XP_061044466.1
XP_061045098.1	XP_061045098.1
XP_061045099.1	XP_061045099.1
XP_061056547.1	XP_061056547.1
XP_061056549.1	XP_061056549.1
XP_061056551.1	XP_061056551.1
XP_061056552.1	XP_061056552.1
XP_061056553.1	XP_061056553.1
XP_061057851.1	XP_061057851.1
XP_061077350.1	XP_061077350.1
XP_061078204.1	XP_061078204.1
XP_061078205.1	XP_061078205.1
XP_061094094.1	XP_061094094.1
XP_061094095.1	XP_061094095.1
XP_061094096.1	XP_061094096.1
XP_061098168.1	XP_061098168.1
XP_061098169.1	XP_061098169.1
XP_061110563.1	XP_061110563.1
XP_061116919.1	XP_061116919.1
XP_061119809.1	XP_061119809.1
XP_061120975.1	XP_061120975.1
XP_061121943.1	XP_061121943.1
XP_061123655.1	XP_061123655.1
XP_061132732.1	XP_061132732.1
XP_061134106.1	XP_061134106.1
XP_061134107.1	XP_061134107.1
XP_061134108.1	XP_061134108.1
XP_061134109.1	XP_061134109.1
XP_061134110.1	XP_061134110.1
XP_061134827.1	XP_061134827.1
XP_061134828.1	XP_061134828.1
XP_061144967.1	XP_061144967.1
XP_061154095.1	XP_061154095.1
XP_061154096.1	XP_061154096.1
XP_061163026.1	XP_061163026.1
XP_061164708.1	XP_061164708.1
XP_061166417.1	XP_061166417.1
XP_061181698.1	XP_061181698.1
XP_061181712.1	XP_061181712.1
XP_061196233.1	XP_061196233.1
XP_061196234.1	XP_061196234.1
XP_061196235.1	XP_061196235.1
XP_061199930.1	XP_061199930.1
XP_061200405.1	XP_061200405.1
XP_061200810.1	XP_061200810.1
XP_061200812.1	XP_061200812.1
XP_061200813.1	XP_061200813.1
XP_061206836.1	XP_061206836.1
XP_061215450.1	XP_061215450.1
XP_061225641.1	XP_061225641.1
XP_061225642.1	XP_061225642.1
XP_061225644.1	XP_061225644.1
XP_061225645.1	XP_061225645.1
XP_061225646.1	XP_061225646.1
XP_061225911.1	XP_061225911.1
XP_061232805.1	XP_061232805.1
XP_061243107.1	XP_061243107.1
XP_061243108.1	XP_061243108.1
XP_061243109.1	XP_061243109.1
XP_061243110.1	XP_061243110.1
XP_061243111.1	XP_061243111.1
XP_061243112.1	XP_061243112.1
XP_061243113.1	XP_061243113.1
XP_061243115.1	XP_061243115.1
XP_061243116.1	XP_061243116.1
XP_061249877.1	XP_061249877.1
XP_061249878.1	XP_061249878.1
XP_061262635.1	XP_061262635.1
XP_061262636.1	XP_061262636.1
XP_061267938.1	XP_061267938.1
XP_061267942.1	XP_061267942.1
XP_061267943.1	XP_061267943.1
XP_061267944.1	XP_061267944.1
XP_061267945.1	XP_061267945.1
XP_061267946.1	XP_061267946.1
XP_061267947.1	XP_061267947.1
XP_061267948.1	XP_061267948.1
XP_061267949.1	XP_061267949.1
XP_061267950.1	XP_061267950.1
XP_061282061.1	XP_061282061.1
XP_061282065.1	XP_061282065.1
XP_061282066.1	XP_061282066.1
XP_061282067.1	XP_061282067.1
XP_061282068.1	XP_061282068.1
XP_061282069.1	XP_061282069.1
XP_061282071.1	XP_061282071.1
XP_061292229.1	XP_061292229.1
XP_061312257.1	XP_061312257.1
XP_061324149.1	XP_061324149.1
XP_061325058.1	XP_061325058.1
XP_061331825.1	XP_061331825.1
XP_061334384.1	XP_061334384.1
XP_061343490.1	XP_061343490.1
XP_061347542.1	XP_061347542.1
XP_061354676.1	XP_061354676.1
XP_061354677.1	XP_061354677.1
XP_061365881.1	XP_061365881.1
XP_061368949.1	XP_061368949.1
XP_061368950.1	XP_061368950.1
XP_061368951.1	XP_061368951.1
XP_061376759.1	XP_061376759.1
XP_061376761.1	XP_061376761.1
XP_061376762.1	XP_061376762.1
XP_061376763.1	XP_061376763.1
XP_061386516.1	XP_061386516.1
XP_061386517.1	XP_061386517.1
XP_061387572.1	XP_061387572.1
XP_061390114.1	XP_061390114.1
XP_061391096.1	XP_061391096.1
XP_061391098.1	XP_061391098.1
XP_061411006.1	XP_061411006.1
XP_061412051.1	XP_061412051.1
XP_061421459.1	XP_061421459.1
XP_061426759.1	XP_061426759.1
XP_061426760.1	XP_061426760.1
XP_061426761.1	XP_061426761.1
XP_061442460.1	XP_061442460.1
XP_061444300.1	XP_061444300.1
XP_061444308.1	XP_061444308.1
XP_061444317.1	XP_061444317.1
XP_061449983.1	XP_061449983.1
XP_061461616.1	XP_061461616.1
XP_061475802.1	XP_061475802.1
XP_061475842.1	XP_061475842.1
XP_061482539.1	XP_061482539.1
XP_061482564.1	XP_061482564.1
XP_061482572.1	XP_061482572.1
XP_061482580.1	XP_061482580.1
XP_061488977.1	XP_061488977.1
XP_061499368.1	XP_061499368.1
XP_061499369.1	XP_061499369.1
XP_061503011.1	XP_061503011.1
XP_061505637.1	XP_061505637.1
XP_061520259.1	XP_061520259.1
XP_061522287.1	XP_061522287.1
XP_061525183.1	XP_061525183.1
XP_061527721.1	XP_061527721.1
XP_061527722.1	XP_061527722.1
XP_061528099.1	XP_061528099.1
XP_061531830.1	XP_061531830.1
XP_061531831.1	XP_061531831.1
XP_061540718.1	XP_061540718.1
XP_061540719.1	XP_061540719.1
XP_061540720.1	XP_061540720.1
XP_061540721.1	XP_061540721.1
XP_061540723.1	XP_061540723.1
XP_061540724.1	XP_061540724.1
XP_061540725.1	XP_061540725.1
XP_061562385.1	XP_061562385.1
XP_061564785.1	XP_061564785.1
XP_061569125.1	XP_061569125.1
XP_061572402.1	XP_061572402.1
XP_061585034.1	XP_061585034.1
XP_061585536.1	XP_061585536.1
XP_061585537.1	XP_061585537.1
XP_061585538.1	XP_061585538.1
XP_061585539.1	XP_061585539.1
XP_061594844.1	XP_061594844.1
XP_061597037.1	XP_061597037.1
XP_061601692.1	XP_061601692.1
XP_061612599.1	XP_061612599.1
XP_061614601.1	XP_061614601.1
XP_061615507.1	XP_061615507.1
XP_061621530.1	XP_061621530.1
XP_061623433.1	XP_061623433.1
XP_061624054.1	XP_061624054.1
XP_061624055.1	XP_061624055.1
XP_061632573.1	XP_061632573.1
XP_061636337.1	XP_061636337.1
XP_061636338.1	XP_061636338.1
XP_061636339.1	XP_061636339.1
XP_061661852.1	XP_061661852.1
XP_061661853.1	XP_061661853.1
XP_061666945.1	XP_061666945.1
XP_061670658.1	XP_061670658.1
XP_061671822.1	XP_061671822.1
XP_061672721.1	XP_061672721.1
XP_061672722.1	XP_061672722.1
XP_061673530.1	XP_061673530.1
XP_061675616.1	XP_061675616.1
XP_061681485.1	XP_061681485.1
XP_061681487.1	XP_061681487.1
XP_061681488.1	XP_061681488.1
XP_061681489.1	XP_061681489.1
XP_061681490.1	XP_061681490.1
XP_061681491.1	XP_061681491.1
XP_061681492.1	XP_061681492.1
XP_061681493.1	XP_061681493.1
XP_061681494.1	XP_061681494.1
XP_061717719.1	XP_061717719.1
XP_061717720.1	XP_061717720.1
XP_061717725.1	XP_061717725.1
XP_061717918.1	XP_061717918.1
XP_061717935.1	XP_061717935.1
XP_061720024.1	XP_061720024.1
XP_061723712.1	XP_061723712.1
XP_061732898.1	XP_061732898.1
XP_061738534.1	XP_061738534.1
XP_061738918.1	XP_061738918.1
XP_061738920.1	XP_061738920.1
XP_061762118.1	XP_061762118.1
XP_061762343.1	XP_061762343.1
XP_061762344.1	XP_061762344.1
XP_061765138.1	XP_061765138.1
XP_061765139.1	XP_061765139.1
XP_061772183.1	XP_061772183.1
XP_061778327.1	XP_061778327.1
XP_061807050.1	XP_061807050.1
XP_061807051.1	XP_061807051.1
XP_061820546.1	XP_061820546.1
XP_061821897.1	XP_061821897.1
XP_061822178.1	XP_061822178.1
XP_061822179.1	XP_061822179.1
XP_061822181.1	XP_061822181.1
XP_061832069.2	XP_061832069.2
XP_061837813.1	XP_061837813.1
XP_061842503.1	XP_061842503.1
XP_061850618.1	XP_061850618.1
XP_061850619.1	XP_061850619.1
XP_061850620.1	XP_061850620.1
XP_061850621.1	XP_061850621.1
XP_061850622.1	XP_061850622.1
XP_061850623.1	XP_061850623.1
XP_061850624.1	XP_061850624.1
XP_061853175.1	XP_061853175.1
XP_061860242.1	XP_061860242.1
XP_061860245.1	XP_061860245.1
XP_061863333.1	XP_061863333.1
XP_061863334.1	XP_061863334.1
XP_061873951.1	XP_061873951.1
XP_061873952.1	XP_061873952.1
XP_061873953.1	XP_061873953.1
XP_061873954.1	XP_061873954.1
XP_061873955.1	XP_061873955.1
XP_061875525.1	XP_061875525.1
XP_061875526.1	XP_061875526.1
XP_061875528.1	XP_061875528.1
XP_061875529.1	XP_061875529.1
XP_061875530.1	XP_061875530.1
XP_061875531.1	XP_061875531.1
XP_061875532.1	XP_061875532.1
XP_061875533.1	XP_061875533.1
XP_061877715.1	XP_061877715.1
XP_061877716.1	XP_061877716.1
XP_061877718.1	XP_061877718.1
XP_061879496.1	XP_061879496.1
XP_061883934.1	XP_061883934.1
XP_061906738.1	XP_061906738.1
XP_061906851.1	XP_061906851.1
XP_061911992.1	XP_061911992.1
XP_061911994.1	XP_061911994.1
XP_061919399.1	XP_061919399.1
XP_061919401.1	XP_061919401.1
XP_061928056.1	XP_061928056.1
XP_061938279.1	XP_061938279.1
XP_061938280.1	XP_061938280.1
XP_061938281.1	XP_061938281.1
XP_061962023.1	XP_061962023.1
XP_061969715.1	XP_061969715.1
XP_061969716.1	XP_061969716.1
XP_061974250.1	XP_061974250.1
XP_061995625.1	XP_061995625.1
XP_061997209.1	XP_061997209.1
XP_061997940.1	XP_061997940.1
XP_062007452.1	XP_062007452.1
XP_062007453.1	XP_062007453.1
XP_062011315.1	XP_062011315.1
XP_062032721.1	XP_062032721.1
XP_062032722.1	XP_062032722.1
XP_062047317.1	XP_062047317.1
XP_062047320.1	XP_062047320.1
XP_062047321.1	XP_062047321.1
XP_062047322.1	XP_062047322.1
XP_062047323.1	XP_062047323.1
XP_062047324.1	XP_062047324.1
XP_062047326.1	XP_062047326.1
XP_062047327.1	XP_062047327.1
XP_062047328.1	XP_062047328.1
XP_062051985.1	XP_062051985.1
XP_062058443.1	XP_062058443.1
XP_062064505.1	XP_062064505.1
XP_062064506.1	XP_062064506.1
XP_062064507.1	XP_062064507.1
XP_062067098.1	XP_062067098.1
XP_062067099.1	XP_062067099.1
XP_062067714.1	XP_062067714.1
XP_062067715.1	XP_062067715.1
XP_062068486.1	XP_062068486.1
XP_062068487.1	XP_062068487.1
XP_062068489.1	XP_062068489.1
XP_062068490.1	XP_062068490.1
XP_062090177.1	XP_062090177.1
XP_062090607.1	XP_062090607.1
XP_062092624.1	XP_062092624.1
XP_062092627.1	XP_062092627.1
XP_062122490.1	XP_062122490.1
XP_062122857.1	XP_062122857.1
XP_062122858.1	XP_062122858.1
XP_062122859.1	XP_062122859.1
XP_062138205.1	XP_062138205.1
XP_062138206.1	XP_062138206.1
XP_062138207.1	XP_062138207.1
XP_062139447.1	XP_062139447.1
XP_062139448.1	XP_062139448.1
XP_062139450.1	XP_062139450.1
XP_062139451.1	XP_062139451.1
XP_062140475.1	XP_062140475.1
XP_062141254.1	XP_062141254.1
XP_062141255.1	XP_062141255.1
XP_062141256.1	XP_062141256.1
XP_062141257.1	XP_062141257.1
XP_062141258.1	XP_062141258.1
XP_062143091.1	XP_062143091.1
XP_062154456.1	XP_062154456.1
XP_062154459.1	XP_062154459.1
XP_062154841.1	XP_062154841.1
XP_062154842.1	XP_062154842.1
XP_062168759.1	XP_062168759.1
XP_062191974.1	XP_062191974.1
XP_062191975.1	XP_062191975.1
XP_062191978.1	XP_062191978.1
XP_062191979.1	XP_062191979.1
XP_062195821.1	XP_062195821.1
XP_062195822.1	XP_062195822.1
XP_062199865.1	XP_062199865.1
XP_062200597.1	XP_062200597.1
XP_062205321.1	XP_062205321.1
XP_062206474.1	XP_062206474.1
XP_062217160.1	XP_062217160.1
XP_062217164.1	XP_062217164.1
XP_062224264.1	XP_062224264.1
XP_062224265.1	XP_062224265.1
XP_062225889.1	XP_062225889.1
XP_062234857.1	XP_062234857.1
XP_062235932.1	XP_062235932.1
XP_062237460.1	XP_062237460.1
XP_062238085.1	XP_062238085.1
XP_062245054.1	XP_062245054.1
XP_062251236.1	XP_062251236.1
XP_062251237.1	XP_062251237.1
XP_062251238.1	XP_062251238.1
XP_062256090.1	XP_062256090.1
XP_062266384.1	XP_062266384.1
XP_062273254.1	XP_062273254.1
XP_062273406.1	XP_062273406.1
XP_062273407.1	XP_062273407.1
XP_062276102.1	XP_062276102.1
XP_062278322.1	XP_062278322.1
XP_062279725.1	XP_062279725.1
XP_062292035.1	XP_062292035.1
XP_062297649.1	XP_062297649.1
XP_062298682.1	XP_062298682.1
XP_062301706.1	XP_062301706.1
XP_062301707.1	XP_062301707.1
XP_062301708.1	XP_062301708.1
XP_062307562.1	XP_062307562.1
XP_062307775.1	XP_062307775.1
XP_062308176.1	XP_062308176.1
XP_062308177.1	XP_062308177.1
XP_062308178.1	XP_062308178.1
XP_062321208.1	XP_062321208.1
XP_062321209.1	XP_062321209.1
XP_062327415.1	XP_062327415.1
XP_062330826.1	XP_062330826.1
XP_062336133.1	XP_062336133.1
XP_062350074.1	XP_062350074.1
XP_062353803.1	XP_062353803.1
XP_062353804.1	XP_062353804.1
XP_062353805.1	XP_062353805.1
XP_062353806.1	XP_062353806.1
XP_062355851.1	XP_062355851.1
XP_062355860.1	XP_062355860.1
XP_062356118.1	XP_062356118.1
XP_062367999.1	XP_062367999.1
XP_062369001.1	XP_062369001.1
XP_062369002.1	XP_062369002.1
XP_062369003.1	XP_062369003.1
XP_062369653.1	XP_062369653.1
XP_062369654.1	XP_062369654.1
XP_062377665.1	XP_062377665.1
XP_062386082.1	XP_062386082.1
XP_062386083.1	XP_062386083.1
XP_062388553.1	XP_062388553.1
XP_062398871.1	XP_062398871.1
XP_062399604.1	XP_062399604.1
XP_062405858.1	XP_062405858.1
XP_062411599.1	XP_062411599.1
XP_062423969.1	XP_062423969.1
XP_062423970.1	XP_062423970.1
XP_062423971.1	XP_062423971.1
XP_062424966.1	XP_062424966.1
XP_062437035.1	XP_062437035.1
XP_062437039.1	XP_062437039.1
XP_062437041.1	XP_062437041.1
XP_062437042.1	XP_062437042.1
XP_062437043.1	XP_062437043.1
XP_062442291.1	XP_062442291.1
XP_062454828.1	XP_062454828.1
XP_062455067.1	XP_062455067.1
XP_062455069.1	XP_062455069.1
XP_062455829.1	XP_062455829.1
XP_062455830.1	XP_062455830.1
XP_062455831.1	XP_062455831.1
XP_062466856.1	XP_062466856.1
XP_062468335.1	XP_062468335.1
XP_062468336.1	XP_062468336.1
XP_062473325.1	XP_062473325.1
XP_062477053.1	XP_062477053.1
XP_062479166.1	XP_062479166.1
XP_062479168.1	XP_062479168.1
XP_062496124.1	XP_062496124.1
XP_062496356.1	XP_062496356.1
XP_062501967.1	XP_062501967.1
XP_062509269.1	XP_062509269.1
XP_062517408.1	XP_062517408.1
XP_062519707.1	XP_062519707.1
XP_062519708.1	XP_062519708.1
XP_062540428.1	XP_062540428.1
XP_062554231.1	XP_062554231.1
XP_062554997.1	XP_062554997.1
XP_062555625.1	XP_062555625.1
XP_062555629.1	XP_062555629.1
XP_062561238.1	XP_062561238.1
XP_062572537.1	XP_062572537.1
XP_062573266.1	XP_062573266.1
XP_062573267.1	XP_062573267.1
XP_062573268.1	XP_062573268.1
XP_062573269.1	XP_062573269.1
XP_062573270.1	XP_062573270.1
XP_062574633.1	XP_062574633.1
XP_062595778.1	XP_062595778.1
XP_062595799.1	XP_062595799.1
XP_062623462.1	XP_062623462.1
XP_062625222.1	XP_062625222.1
XP_062626215.1	XP_062626215.1
XP_062638361.1	XP_062638361.1
XP_062639215.1	XP_062639215.1
XP_062643107.1	XP_062643107.1
XP_062650056.1	XP_062650056.1
XP_062655859.1	XP_062655859.1
XP_062662183.1	XP_062662183.1
XP_062671310.1	XP_062671310.1
XP_062672578.1	XP_062672578.1
XP_062674120.1	XP_062674120.1
XP_062677758.1	XP_062677758.1
XP_062686608.1	XP_062686608.1
XP_062690230.1	XP_062690230.1
XP_062695947.1	XP_062695947.1
XP_062709957.1	XP_062709957.1
XP_062715040.1	XP_062715040.1
XP_062715041.1	XP_062715041.1
XP_062716059.1	XP_062716059.1
XP_062722456.1	XP_062722456.1
XP_062726789.1	XP_062726789.1
XP_062733393.1	XP_062733393.1
XP_062738039.1	XP_062738039.1
XP_062744663.1	XP_062744663.1
XP_062749016.1	XP_062749016.1
XP_062752110.1	XP_062752110.1
XP_062755517.1	XP_062755517.1
XP_062766894.1	XP_062766894.1
XP_062771189.1	XP_062771189.1
XP_062777727.1	XP_062777727.1
XP_062780259.1	XP_062780259.1
XP_062788352.1	XP_062788352.1
XP_062788363.1	XP_062788363.1
XP_062789756.1	XP_062789756.1
XP_062792532.1	XP_062792532.1
XP_062801575.1	XP_062801575.1
XP_062805833.1	XP_062805833.1
XP_062811136.1	XP_062811136.1
XP_062821538.1	XP_062821538.1
XP_062828125.1	XP_062828125.1
XP_062828127.1	XP_062828127.1
XP_062834005.1	XP_062834005.1
XP_062834006.1	XP_062834006.1
XP_062845844.1	XP_062845844.1
XP_062847890.1	XP_062847890.1
XP_062859302.1	XP_062859302.1
XP_062859759.1	XP_062859759.1
XP_062859760.1	XP_062859760.1
XP_062866054.1	XP_062866054.1
XP_062870940.1	XP_062870940.1
XP_062870941.1	XP_062870941.1
XP_062870942.1	XP_062870942.1
XP_062873689.1	XP_062873689.1
XP_062876823.1	XP_062876823.1
XP_062880865.1	XP_062880865.1
XP_062883046.1	XP_062883046.1
XP_062885581.1	XP_062885581.1
XP_062894103.1	XP_062894103.1
XP_062894104.1	XP_062894104.1
XP_062900369.1	XP_062900369.1
XP_062905400.1	XP_062905400.1
XP_062920432.1	XP_062920432.1
XP_062920434.1	XP_062920434.1
XP_062922969.1	XP_062922969.1
XP_062924902.1	XP_062924902.1
XP_062925657.1	XP_062925657.1
XP_062925658.1	XP_062925658.1
XP_062925659.1	XP_062925659.1
XP_062925660.1	XP_062925660.1
XP_062936752.1	XP_062936752.1
XP_062936754.1	XP_062936754.1
XP_062936756.1	XP_062936756.1
XP_062936757.1	XP_062936757.1
XP_062936758.1	XP_062936758.1
XP_062941558.1	XP_062941558.1
XP_062941561.1	XP_062941561.1
XP_062941562.1	XP_062941562.1
XP_062941563.1	XP_062941563.1
XP_062941564.1	XP_062941564.1
XP_062941876.1	XP_062941876.1
XP_062941877.1	XP_062941877.1
XP_062949290.1	XP_062949290.1
XP_062956268.1	XP_062956268.1
XP_062956269.1	XP_062956269.1
XP_062956270.1	XP_062956270.1
XP_062960258.1	XP_062960258.1
XP_062960259.1	XP_062960259.1
XP_062960260.1	XP_062960260.1
XP_062960261.1	XP_062960261.1
XP_062960263.1	XP_062960263.1
XP_062960264.1	XP_062960264.1
XP_062960265.1	XP_062960265.1
XP_062960266.1	XP_062960266.1
XP_062960267.1	XP_062960267.1
XP_062960268.1	XP_062960268.1
XP_062968180.1	XP_062968180.1
XP_062968181.1	XP_062968181.1
XP_062981445.1	XP_062981445.1
XP_062984048.1	XP_062984048.1
XP_062985468.1	XP_062985468.1
XP_062986263.1	XP_062986263.1
XP_062986264.1	XP_062986264.1
XP_062986266.1	XP_062986266.1
XP_062994879.1	XP_062994879.1
XP_062997180.1	XP_062997180.1
XP_063002033.1	XP_063002033.1
XP_063005228.1	XP_063005228.1
XP_063022185.1	XP_063022185.1
XP_063022186.1	XP_063022186.1
XP_063023824.1	XP_063023824.1
XP_063037170.1	XP_063037170.1
XP_063037171.1	XP_063037171.1
XP_063037172.1	XP_063037172.1
XP_063037288.1	XP_063037288.1
XP_063037291.1	XP_063037291.1
XP_063042149.1	XP_063042149.1
XP_063042150.1	XP_063042150.1
XP_063044620.1	XP_063044620.1
XP_063046476.1	XP_063046476.1
XP_063051197.1	XP_063051197.1
XP_063057481.1	XP_063057481.1
XP_063057482.1	XP_063057482.1
XP_063057483.1	XP_063057483.1
XP_063062263.1	XP_063062263.1
XP_063091238.1	XP_063091238.1
XP_063091240.1	XP_063091240.1
XP_063091241.1	XP_063091241.1
XP_063091242.1	XP_063091242.1
XP_063091243.1	XP_063091243.1
XP_063091245.1	XP_063091245.1
XP_063091246.1	XP_063091246.1
XP_063099916.1	XP_063099916.1
XP_063103215.1	XP_063103215.1
XP_063109838.1	XP_063109838.1
XP_063114018.1	XP_063114018.1
XP_063114493.1	XP_063114493.1
XP_063127683.1	XP_063127683.1
XP_063127685.1	XP_063127685.1
XP_063127687.1	XP_063127687.1
XP_063132778.1	XP_063132778.1
XP_063132781.1	XP_063132781.1
XP_063134086.1	XP_063134086.1
XP_063134087.1	XP_063134087.1
XP_063143789.1	XP_063143789.1
XP_063143792.1	XP_063143792.1
XP_063144175.1	XP_063144175.1
XP_063151274.1	XP_063151274.1
XP_063151634.1	XP_063151634.1
XP_063151636.1	XP_063151636.1
XP_063151638.1	XP_063151638.1
XP_063152652.1	XP_063152652.1
XP_063154019.1	XP_063154019.1
XP_063154021.1	XP_063154021.1
XP_063154785.1	XP_063154785.1
XP_063154786.1	XP_063154786.1
XP_063159542.1	XP_063159542.1
XP_063169320.1	XP_063169320.1
XP_063172753.1	XP_063172753.1
XP_063175244.1	XP_063175244.1
XP_063175245.1	XP_063175245.1
XP_063175663.1	XP_063175663.1
XP_063175664.1	XP_063175664.1
XP_063175665.1	XP_063175665.1
XP_063175667.1	XP_063175667.1
XP_063175680.1	XP_063175680.1
XP_063175682.1	XP_063175682.1
XP_063180636.1	XP_063180636.1
XP_063182270.1	XP_063182270.1
XP_063182271.1	XP_063182271.1
XP_063182272.1	XP_063182272.1
XP_063182273.1	XP_063182273.1
XP_063182274.1	XP_063182274.1
XP_063182275.1	XP_063182275.1
XP_063182276.1	XP_063182276.1
XP_063198801.1	XP_063198801.1
XP_063198806.1	XP_063198806.1
XP_063217319.1	XP_063217319.1
XP_063217527.1	XP_063217527.1
XP_063226362.1	XP_063226362.1
XP_063226364.1	XP_063226364.1
XP_063226365.1	XP_063226365.1
XP_063228739.1	XP_063228739.1
XP_063235132.1	XP_063235132.1
XP_063237132.1	XP_063237132.1
XP_063237133.1	XP_063237133.1
XP_063255698.1	XP_063255698.1
XP_063255708.1	XP_063255708.1
XP_063255719.1	XP_063255719.1
XP_063263147.1	XP_063263147.1
XP_063263149.1	XP_063263149.1
XP_063267063.1	XP_063267063.1
XP_063270536.1	XP_063270536.1
XP_063278409.1	XP_063278409.1
XP_063278410.1	XP_063278410.1
XP_063278428.1	XP_063278428.1
XP_063278430.1	XP_063278430.1
XP_063283897.1	XP_063283897.1
XP_063293708.1	XP_063293708.1
XP_063293709.1	XP_063293709.1
XP_063294567.1	XP_063294567.1
XP_063294568.1	XP_063294568.1
XP_063306871.1	XP_063306871.1
XP_063307991.1	XP_063307991.1
XP_063307992.1	XP_063307992.1
XP_063307993.1	XP_063307993.1
XP_063309660.1	XP_063309660.1
XP_063309661.1	XP_063309661.1
XP_063311048.1	XP_063311048.1
XP_063311049.1	XP_063311049.1
XP_063335224.1	XP_063335224.1
XP_063338157.1	XP_063338157.1
XP_063340397.1	XP_063340397.1
XP_063342839.1	XP_063342839.1
XP_063346048.1	XP_063346048.1
XP_063346050.1	XP_063346050.1
XP_063346052.1	XP_063346052.1
XP_063346053.1	XP_063346053.1
XP_063346521.1	XP_063346521.1
XP_063356866.1	XP_063356866.1
XP_063356868.1	XP_063356868.1
XP_063364999.1	XP_063364999.1
XP_063365209.1	XP_063365209.1
XP_063365210.1	XP_063365210.1
XP_063368068.1	XP_063368068.1
XP_063368069.1	XP_063368069.1
XP_063369894.1	XP_063369894.1
XP_063383299.1	XP_063383299.1
XP_063384994.1	XP_063384994.1
XP_063385055.1	XP_063385055.1
XP_063385454.1	XP_063385454.1
XP_063385474.1	XP_063385474.1
XP_063388029.1	XP_063388029.1
XP_063424975.1	XP_063424975.1
XP_063424976.1	XP_063424976.1
XP_063424977.1	XP_063424977.1
XP_063432004.1	XP_063432004.1
XP_063441473.1	XP_063441473.1
XP_063445128.1	XP_063445128.1
XP_063450030.1	XP_063450030.1
XP_063460266.1	XP_063460266.1
XP_063460267.1	XP_063460267.1
XP_063460268.1	XP_063460268.1
XP_063463612.1	XP_063463612.1
XP_063463614.1	XP_063463614.1
XP_063463619.1	XP_063463619.1
XP_063463623.1	XP_063463623.1
XP_063463625.1	XP_063463625.1
XP_063463627.1	XP_063463627.1
XP_063463628.1	XP_063463628.1
XP_063463631.1	XP_063463631.1
XP_063463633.1	XP_063463633.1
XP_063463636.1	XP_063463636.1
XP_063463639.1	XP_063463639.1
XP_063463640.1	XP_063463640.1
XP_063463642.1	XP_063463642.1
XP_063463643.1	XP_063463643.1
XP_063463648.1	XP_063463648.1
XP_063463650.1	XP_063463650.1
XP_063463653.1	XP_063463653.1
XP_063464588.1	XP_063464588.1
XP_063468245.1	XP_063468245.1
XP_063468247.1	XP_063468247.1
XP_063468248.1	XP_063468248.1
XP_063468249.1	XP_063468249.1
XP_063468250.1	XP_063468250.1
XP_063468252.1	XP_063468252.1
XP_063468253.1	XP_063468253.1
XP_063468254.1	XP_063468254.1
XP_063468255.1	XP_063468255.1
XP_063468256.1	XP_063468256.1
XP_063468257.1	XP_063468257.1
XP_063468258.1	XP_063468258.1
XP_063468259.1	XP_063468259.1
XP_063468260.1	XP_063468260.1
XP_063469892.1	XP_063469892.1
XP_063469895.1	XP_063469895.1
XP_063469896.1	XP_063469896.1
XP_063469897.1	XP_063469897.1
XP_063469899.1	XP_063469899.1
XP_063469900.1	XP_063469900.1
XP_063469903.1	XP_063469903.1
XP_063492346.1	XP_063492346.1
XP_063493383.1	XP_063493383.1
XP_063493384.1	XP_063493384.1
XP_063505720.1	XP_063505720.1
XP_063505721.1	XP_063505721.1
XP_063505722.1	XP_063505722.1
XP_063505723.1	XP_063505723.1
XP_063505724.1	XP_063505724.1
XP_063505725.1	XP_063505725.1
XP_063505726.1	XP_063505726.1
XP_063511096.1	XP_063511096.1
XP_063511097.1	XP_063511097.1
XP_063511992.1	XP_063511992.1
XP_063511997.1	XP_063511997.1
XP_063512006.1	XP_063512006.1
XP_063512007.1	XP_063512007.1
XP_063512008.1	XP_063512008.1
XP_063512011.1	XP_063512011.1
XP_063512014.1	XP_063512014.1
XP_063512024.1	XP_063512024.1
XP_063512034.1	XP_063512034.1
XP_063512036.1	XP_063512036.1
XP_063512039.1	XP_063512039.1
XP_063512046.1	XP_063512046.1
XP_063512048.1	XP_063512048.1
XP_063512050.1	XP_063512050.1
XP_063512055.1	XP_063512055.1
XP_063512067.1	XP_063512067.1
XP_063512072.1	XP_063512072.1
XP_063512077.1	XP_063512077.1
XP_063512087.1	XP_063512087.1
XP_063512093.1	XP_063512093.1
XP_063512096.1	XP_063512096.1
XP_063512097.1	XP_063512097.1
XP_063521507.1	XP_063521507.1
XP_063521509.1	XP_063521509.1
XP_063521510.1	XP_063521510.1
XP_063521511.1	XP_063521511.1
XP_063526930.1	XP_063526930.1
XP_063526931.1	XP_063526931.1
XP_063526932.1	XP_063526932.1
XP_063538357.1	XP_063538357.1
XP_063538364.1	XP_063538364.1
XP_063538365.1	XP_063538365.1
XP_063538366.1	XP_063538366.1
XP_063538512.1	XP_063538512.1
XP_063539635.1	XP_063539635.1
XP_063542142.1	XP_063542142.1
XP_063552582.1	XP_063552582.1
XP_063554784.1	XP_063554784.1
XP_063554795.1	XP_063554795.1
XP_063570342.1	XP_063570342.1
XP_063574922.1	XP_063574922.1
XP_063574925.1	XP_063574925.1
XP_063574928.1	XP_063574928.1
XP_063574929.1	XP_063574929.1
XP_063574930.1	XP_063574930.1
XP_063574931.1	XP_063574931.1
XP_063574932.1	XP_063574932.1
XP_063580517.1	XP_063580517.1
XP_063588036.1	XP_063588036.1
XP_063588037.1	XP_063588037.1
XP_063588038.1	XP_063588038.1
XP_063591051.1	XP_063591051.1
XP_063591297.1	XP_063591297.1
XP_063595494.1	XP_063595494.1
XP_063595495.1	XP_063595495.1
XP_063609255.1	XP_063609255.1
XP_063624900.1	XP_063624900.1
XP_063624932.1	XP_063624932.1
XP_063624954.1	XP_063624954.1
XP_063627247.1	XP_063627247.1
XP_063627248.1	XP_063627248.1
XP_063629470.1	XP_063629470.1
XP_063638572.1	XP_063638572.1
XP_063643797.1	XP_063643797.1
XP_063643798.1	XP_063643798.1
XP_063643801.1	XP_063643801.1
XP_063667145.1	XP_063667145.1
XP_063667146.1	XP_063667146.1
XP_063667148.1	XP_063667148.1
XP_063673548.1	XP_063673548.1
XP_063673590.1	XP_063673590.1
XP_063673596.1	XP_063673596.1
XP_063673597.1	XP_063673597.1
XP_063673598.1	XP_063673598.1
XP_063673599.1	XP_063673599.1
XP_063673600.1	XP_063673600.1
XP_063673602.1	XP_063673602.1
XP_063673603.1	XP_063673603.1
XP_063673604.1	XP_063673604.1
XP_063673607.1	XP_063673607.1
XP_063673613.1	XP_063673613.1
XP_063673614.1	XP_063673614.1
XP_063673638.1	XP_063673638.1
XP_063675007.1	XP_063675007.1
XP_063676426.1	XP_063676426.1
XP_063677412.1	XP_063677412.1
XP_063681540.1	XP_063681540.1
XP_063681541.1	XP_063681541.1
XP_063681748.1	XP_063681748.1
XP_063681749.1	XP_063681749.1
XP_063689072.1	XP_063689072.1
XP_063696058.1	XP_063696058.1
XP_063699349.1	XP_063699349.1
XP_063701482.1	XP_063701482.1
XP_063708236.1	XP_063708236.1
XP_063709584.1	XP_063709584.1
XP_063710925.1	XP_063710925.1
XP_063711357.1	XP_063711357.1
XP_063721556.1	XP_063721556.1
XP_063721557.1	XP_063721557.1
XP_063721558.1	XP_063721558.1
XP_063725873.1	XP_063725873.1
XP_063728768.1	XP_063728768.1
XP_063736064.1	XP_063736064.1
XP_063738412.1	XP_063738412.1
XP_063747848.1	XP_063747848.1
XP_063748586.1	XP_063748586.1
XP_063753561.1	XP_063753561.1
XP_063753689.1	XP_063753689.1
XP_063756177.1	XP_063756177.1
XP_063768713.1	XP_063768713.1
XP_063768714.1	XP_063768714.1
XP_063769834.1	XP_063769834.1
XP_063769835.1	XP_063769835.1
XP_063778105.1	XP_063778105.1
XP_063778840.1	XP_063778840.1
XP_063794958.1	XP_063794958.1
XP_063801087.1	XP_063801087.1
XP_063801088.1	XP_063801088.1
XP_063801422.1	XP_063801422.1
XP_063801423.1	XP_063801423.1
XP_063801424.1	XP_063801424.1
XP_063819567.1	XP_063819567.1
XP_063819571.1	XP_063819571.1
XP_063828540.1	XP_063828540.1
XP_063828553.1	XP_063828553.1
XP_063828554.1	XP_063828554.1
XP_063828951.1	XP_063828951.1
XP_063830168.1	XP_063830168.1
XP_063830169.1	XP_063830169.1
XP_063830177.1	XP_063830177.1
XP_063833938.1	XP_063833938.1
XP_063851031.1	XP_063851031.1
XP_063861505.1	XP_063861505.1
XP_063863183.1	XP_063863183.1
XP_063863551.1	XP_063863551.1
XP_063863553.1	XP_063863553.1
XP_063863554.1	XP_063863554.1
XP_063863556.1	XP_063863556.1
XP_063863557.1	XP_063863557.1
XP_063863560.1	XP_063863560.1
XP_063873771.1	XP_063873771.1
XP_063906414.1	XP_063906414.1
XP_063908059.1	XP_063908059.1
XP_063908492.1	XP_063908492.1
XP_063912331.1	XP_063912331.1
XP_063912334.1	XP_063912334.1
XP_063927527.1	XP_063927527.1
XP_063927738.1	XP_063927738.1
XP_063927740.1	XP_063927740.1
XP_063927741.1	XP_063927741.1
XP_063927742.1	XP_063927742.1
XP_063927743.1	XP_063927743.1
XP_063927764.1	XP_063927764.1
XP_063927819.1	XP_063927819.1
XP_063927820.1	XP_063927820.1
XP_063933129.1	XP_063933129.1
XP_063934000.1	XP_063934000.1
XP_063934082.1	XP_063934082.1
XP_063943701.1	XP_063943701.1
XP_063952126.1	XP_063952126.1
XP_063962269.1	XP_063962269.1
XP_063962271.1	XP_063962271.1
XP_063976162.1	XP_063976162.1
XP_063977983.1	XP_063977983.1
XP_063979185.1	XP_063979185.1
XP_063979187.1	XP_063979187.1
XP_063984238.1	XP_063984238.1
XP_063985370.1	XP_063985370.1
XP_063987628.1	XP_063987628.1
XP_063987629.1	XP_063987629.1
XP_064003454.1	XP_064003454.1
XP_064003457.1	XP_064003457.1
XP_064003458.1	XP_064003458.1
XP_064003459.1	XP_064003459.1
XP_064016420.1	XP_064016420.1
XP_064017295.1	XP_064017295.1
XP_064017296.1	XP_064017296.1
XP_064017297.1	XP_064017297.1
XP_064017298.1	XP_064017298.1
XP_064018870.1	XP_064018870.1
XP_064032344.1	XP_064032344.1
XP_064032346.1	XP_064032346.1
XP_064032347.1	XP_064032347.1
XP_064032348.1	XP_064032348.1
XP_064032934.1	XP_064032934.1
XP_064032936.1	XP_064032936.1
XP_064033101.1	XP_064033101.1
XP_064033102.1	XP_064033102.1
XP_064033103.1	XP_064033103.1
XP_064034022.1	XP_064034022.1
XP_064034023.1	XP_064034023.1
XP_064046183.1	XP_064046183.1
XP_064046184.1	XP_064046184.1
XP_064046185.1	XP_064046185.1
XP_064046186.1	XP_064046186.1
XP_064046187.1	XP_064046187.1
XP_064059876.1	XP_064059876.1
XP_064059877.1	XP_064059877.1
XP_064059878.1	XP_064059878.1
XP_064061074.1	XP_064061074.1
XP_064061075.1	XP_064061075.1
XP_064061076.1	XP_064061076.1
XP_064061767.1	XP_064061767.1
XP_064061768.1	XP_064061768.1
XP_064073240.1	XP_064073240.1
XP_064075087.1	XP_064075087.1
XP_064084448.1	XP_064084448.1
XP_064084449.1	XP_064084449.1
XP_064084450.1	XP_064084450.1
XP_064094373.1	XP_064094373.1
XP_064094390.1	XP_064094390.1
XP_064109006.1	XP_064109006.1
XP_064109588.1	XP_064109588.1
XP_064112875.1	XP_064112875.1
XP_064126526.1	XP_064126526.1
XP_064126530.1	XP_064126530.1
XP_064129625.1	XP_064129625.1
XP_064130220.1	XP_064130220.1
XP_064130221.1	XP_064130221.1
XP_064138034.1	XP_064138034.1
XP_064138039.1	XP_064138039.1
XP_064138040.1	XP_064138040.1
XP_064138041.1	XP_064138041.1
XP_064138042.1	XP_064138042.1
XP_064138043.1	XP_064138043.1
XP_064138044.1	XP_064138044.1
XP_064141040.1	XP_064141040.1
XP_064141041.1	XP_064141041.1
XP_064147226.1	XP_064147226.1
XP_064147228.1	XP_064147228.1
XP_064147229.1	XP_064147229.1
XP_064153167.1	XP_064153167.1
XP_064153169.1	XP_064153169.1
XP_064163700.1	XP_064163700.1
XP_064168239.1	XP_064168239.1
XP_064168240.1	XP_064168240.1
XP_064168241.1	XP_064168241.1
XP_064177508.1	XP_064177508.1
XP_064188470.1	XP_064188470.1
XP_064191861.1	XP_064191861.1
XP_064194513.1	XP_064194513.1
XP_064203858.1	XP_064203858.1
XP_064211663.1	XP_064211663.1
XP_064215192.1	XP_064215192.1
XP_064217352.1	XP_064217352.1
XP_064217680.1	XP_064217680.1
XP_064224597.1	XP_064224597.1
XP_064224602.1	XP_064224602.1
XP_064224603.1	XP_064224603.1
XP_064224604.1	XP_064224604.1
XP_064228424.1	XP_064228424.1
XP_064228426.1	XP_064228426.1
XP_064228427.1	XP_064228427.1
XP_064228428.1	XP_064228428.1
XP_064228429.1	XP_064228429.1
XP_064228431.1	XP_064228431.1
XP_064231922.1	XP_064231922.1
XP_064232147.1	XP_064232147.1
XP_064232149.1	XP_064232149.1
XP_064232150.1	XP_064232150.1
XP_064232151.1	XP_064232151.1
XP_064232152.1	XP_064232152.1
XP_064232153.1	XP_064232153.1
XP_064242406.1	XP_064242406.1
XP_064259826.1	XP_064259826.1
XP_064261573.1	XP_064261573.1
XP_064261581.1	XP_064261581.1
XP_064261584.1	XP_064261584.1
XP_064261585.1	XP_064261585.1
XP_064284948.1	XP_064284948.1
XP_064284952.1	XP_064284952.1
XP_064284953.1	XP_064284953.1
XP_064285088.1	XP_064285088.1
XP_064285098.1	XP_064285098.1
XP_064285103.1	XP_064285103.1
XP_064285109.1	XP_064285109.1
XP_064294729.1	XP_064294729.1
XP_064294732.1	XP_064294732.1
XP_064294733.1	XP_064294733.1
XP_064294968.1	XP_064294968.1
XP_064294970.1	XP_064294970.1
XP_064294972.1	XP_064294972.1
XP_064296006.1	XP_064296006.1
XP_064296007.1	XP_064296007.1
XP_064299412.1	XP_064299412.1
XP_064299413.1	XP_064299413.1
XP_064299414.1	XP_064299414.1
XP_064299415.1	XP_064299415.1
XP_064299417.1	XP_064299417.1
XP_064300959.1	XP_064300959.1
XP_064311152.1	XP_064311152.1
XP_064311154.1	XP_064311154.1
XP_064315494.1	XP_064315494.1
XP_064335462.1	XP_064335462.1
XP_064346182.1	XP_064346182.1
XP_064346183.1	XP_064346183.1
XP_064356214.1	XP_064356214.1
XP_064356215.1	XP_064356215.1
XP_064356794.1	XP_064356794.1
XP_064357946.1	XP_064357946.1
XP_064357947.1	XP_064357947.1
XP_064359266.1	XP_064359266.1
XP_064361930.1	XP_064361930.1
XP_064362890.1	XP_064362890.1
XP_064362891.1	XP_064362891.1
XP_064362892.1	XP_064362892.1
XP_064362893.1	XP_064362893.1
XP_064362894.1	XP_064362894.1
XP_064362895.1	XP_064362895.1
XP_064375638.1	XP_064375638.1
XP_064375639.1	XP_064375639.1
XP_064375641.1	XP_064375641.1
XP_064385379.1	XP_064385379.1
XP_064386491.1	XP_064386491.1
XP_064391704.1	XP_064391704.1
XP_064410755.1	XP_064410755.1
XP_064410756.1	XP_064410756.1
XP_064414145.1	XP_064414145.1
XP_064432376.1	XP_064432376.1
XP_064435327.1	XP_064435327.1
XP_064435328.1	XP_064435328.1
XP_064437732.1	XP_064437732.1
XP_064437733.1	XP_064437733.1
XP_064452359.1	XP_064452359.1
XP_064452950.1	XP_064452950.1
XP_064458449.1	XP_064458449.1
XP_064458450.1	XP_064458450.1
XP_064459794.1	XP_064459794.1
XP_064466847.1	XP_064466847.1
XP_064476721.1	XP_064476721.1
XP_064476722.1	XP_064476722.1
XP_064476723.1	XP_064476723.1
XP_064477867.1	XP_064477867.1
XP_064477869.1	XP_064477869.1
XP_064492542.1	XP_064492542.1
XP_064498613.1	XP_064498613.1
XP_064498614.1	XP_064498614.1
XP_064498615.1	XP_064498615.1
XP_064498616.1	XP_064498616.1
XP_064499150.1	XP_064499150.1
XP_064499153.1	XP_064499153.1
XP_064516933.1	XP_064516933.1
XP_064516943.1	XP_064516943.1
XP_064516953.1	XP_064516953.1
XP_064516962.1	XP_064516962.1
XP_064516970.1	XP_064516970.1
XP_064521290.1	XP_064521290.1
XP_064521292.1	XP_064521292.1
XP_064537085.1	XP_064537085.1
XP_064537090.1	XP_064537090.1
XP_064546935.1	XP_064546935.1
XP_064549543.1	XP_064549543.1
XP_064551118.1	XP_064551118.1
XP_064552694.1	XP_064552694.1
XP_064552695.1	XP_064552695.1
XP_064552696.1	XP_064552696.1
XP_064552697.1	XP_064552697.1
XP_064552698.1	XP_064552698.1
XP_064552699.1	XP_064552699.1
XP_064555108.1	XP_064555108.1
XP_064556036.1	XP_064556036.1
XP_064560105.1	XP_064560105.1
XP_064561606.1	XP_064561606.1
XP_064561608.1	XP_064561608.1
XP_064561609.1	XP_064561609.1
XP_064561610.1	XP_064561610.1
XP_064575361.1	XP_064575361.1
XP_064575363.1	XP_064575363.1
XP_064575364.1	XP_064575364.1
XP_064579117.1	XP_064579117.1
XP_064591809.1	XP_064591809.1
XP_064591810.1	XP_064591810.1
XP_064591811.1	XP_064591811.1
XP_064591813.1	XP_064591813.1
XP_064592350.1	XP_064592350.1
XP_064593024.1	XP_064593024.1
XP_064594868.1	XP_064594868.1
XP_064597905.1	XP_064597905.1
XP_064604613.1	XP_064604613.1
XP_064604614.1	XP_064604614.1
XP_064608430.1	XP_064608430.1
XP_064610438.1	XP_064610438.1
XP_064610439.1	XP_064610439.1
XP_064619134.1	XP_064619134.1
XP_064619135.1	XP_064619135.1
XP_064626815.1	XP_064626815.1
XP_064626816.1	XP_064626816.1
XP_064626817.1	XP_064626817.1
XP_064641316.1	XP_064641316.1
XP_064644026.1	XP_064644026.1
XP_064644515.1	XP_064644515.1
XP_064644516.1	XP_064644516.1
XP_064658741.1	XP_064658741.1
XP_064663257.1	XP_064663257.1
XP_064669782.1	XP_064669782.1
XP_064675362.1	XP_064675362.1
XP_064677394.1	XP_064677394.1
XP_064680587.1	XP_064680587.1
XP_064681655.1	XP_064681655.1
XP_064682680.1	XP_064682680.1
XP_064684880.1	XP_064684880.1
XP_064689793.1	XP_064689793.1
XP_064689980.1	XP_064689980.1
XP_064696721.1	XP_064696721.1
XP_064702812.1	XP_064702812.1
XP_064706722.1	XP_064706722.1
XP_064710601.1	XP_064710601.1
XP_064713737.1	XP_064713737.1
XP_064714244.1	XP_064714244.1
XP_064718345.1	XP_064718345.1
XP_064722839.1	XP_064722839.1
XP_064723019.1	XP_064723019.1
XP_064727868.1	XP_064727868.1
XP_064729816.1	XP_064729816.1
XP_064732130.1	XP_064732130.1
XP_064736836.1	XP_064736836.1
XP_064744693.1	XP_064744693.1
XP_064745781.1	XP_064745781.1
XP_064748975.1	XP_064748975.1
XP_064753656.1	XP_064753656.1
XP_064757617.1	XP_064757617.1
XP_064758743.1	XP_064758743.1
XP_064762669.1	XP_064762669.1
XP_064766001.1	XP_064766001.1
XP_064770724.1	XP_064770724.1
XP_064772178.1	XP_064772178.1
XP_064780010.1	XP_064780010.1
XP_064785455.1	XP_064785455.1
XP_064791931.1	XP_064791931.1
XP_064791936.1	XP_064791936.1
XP_064791937.1	XP_064791937.1
XP_064791939.1	XP_064791939.1
XP_064792620.1	XP_064792620.1
XP_064805148.1	XP_064805148.1
XP_064807420.1	XP_064807420.1
XP_064830794.1	XP_064830794.1
XP_064836084.1	XP_064836084.1
XP_064836086.1	XP_064836086.1
XP_064838251.1	XP_064838251.1
XP_064839400.1	XP_064839400.1
XP_064839401.1	XP_064839401.1
XP_064839402.1	XP_064839402.1
XP_064845287.1	XP_064845287.1
XP_064845288.1	XP_064845288.1
XP_064846622.1	XP_064846622.1
XP_064846631.1	XP_064846631.1
XP_064854750.1	XP_064854750.1
XP_064859289.1	XP_064859289.1
XP_064865929.1	XP_064865929.1
XP_064873902.1	XP_064873902.1
XP_064876444.1	XP_064876444.1
XP_064882997.1	XP_064882997.1
XP_064884695.1	XP_064884695.1
XP_064901910.1	XP_064901910.1
XP_064906728.1	XP_064906728.1
XP_064908790.1	XP_064908790.1
XP_064908792.1	XP_064908792.1
XP_064927102.1	XP_064927102.1
XP_064927105.1	XP_064927105.1
XP_064927106.1	XP_064927106.1
XP_064927107.1	XP_064927107.1
XP_064938216.1	XP_064938216.1
XP_064938217.1	XP_064938217.1
XP_064941724.1	XP_064941724.1
XP_064950890.1	XP_064950890.1
XP_064970941.1	XP_064970941.1
XP_064970942.1	XP_064970942.1
XP_064973812.1	XP_064973812.1
XP_064973813.1	XP_064973813.1
XP_064973818.1	XP_064973818.1
XP_065012212.1	XP_065012212.1
XP_065014373.1	XP_065014373.1
XP_065016767.1	XP_065016767.1
XP_065016768.1	XP_065016768.1
XP_065016772.1	XP_065016772.1
XP_065016773.1	XP_065016773.1
XP_065016776.1	XP_065016776.1
XP_065025367.1	XP_065025367.1
XP_065029582.1	XP_065029582.1
XP_065045485.1	XP_065045485.1
XP_065045486.1	XP_065045486.1
XP_065048497.1	XP_065048497.1
XP_065048499.1	XP_065048499.1
XP_065048502.1	XP_065048502.1
XP_065049757.1	XP_065049757.1
XP_065052876.1	XP_065052876.1
XP_065052877.1	XP_065052877.1
XP_065057578.1	XP_065057578.1
XP_065059780.1	XP_065059780.1
XP_065064418.1	XP_065064418.1
XP_065070206.1	XP_065070206.1
XP_065079756.1	XP_065079756.1
XP_065082292.1	XP_065082292.1
XP_065084205.1	XP_065084205.1
XP_065087243.1	XP_065087243.1
XP_065095067.1	XP_065095067.1
XP_065098409.1	XP_065098409.1
XP_065102331.2	XP_065102331.2
XP_065109700.1	XP_065109700.1
XP_065125181.1	XP_065125181.1
XP_065125182.1	XP_065125182.1
XP_065145614.1	XP_065145614.1
XP_065149899.1	XP_065149899.1
XP_065149906.1	XP_065149906.1
XP_065158898.1	XP_065158898.1
XP_065167221.1	XP_065167221.1
XP_065168487.1	XP_065168487.1
XP_065169879.1	XP_065169879.1
XP_065173049.1	XP_065173049.1
XP_065174669.1	XP_065174669.1
XP_065174670.1	XP_065174670.1
XP_065175943.1	XP_065175943.1
XP_065179704.1	XP_065179704.1
XP_065184643.1	XP_065184643.1
XP_065185210.1	XP_065185210.1
XP_065188468.1	XP_065188468.1
XP_065190394.1	XP_065190394.1
XP_065201731.1	XP_065201731.1
XP_065217117.1	XP_065217117.1
XP_065224572.1	XP_065224572.1
XP_065254000.1	XP_065254000.1
XP_065254001.1	XP_065254001.1
XP_065254002.1	XP_065254002.1
XP_065255131.1	XP_065255131.1
XP_065262038.1	XP_065262038.1
XP_065262169.1	XP_065262169.1
XP_065264260.1	XP_065264260.1
XP_065264974.1	XP_065264974.1
XP_065272404.1	XP_065272404.1
XP_065282720.1	XP_065282720.1
XP_065284719.1	XP_065284719.1
XP_065290129.1	XP_065290129.1
XP_065312471.1	XP_065312471.1
XP_065314870.1	XP_065314870.1
XP_065322973.1	XP_065322973.1
XP_065325335.1	XP_065325335.1
XP_065325336.1	XP_065325336.1
XP_065327300.1	XP_065327300.1
XP_065327303.1	XP_065327303.1
XP_065327922.1	XP_065327922.1
XP_065329560.1	XP_065329560.1
XP_065333144.1	XP_065333144.1
XP_065333145.1	XP_065333145.1
XP_065333147.1	XP_065333147.1
XP_065334472.1	XP_065334472.1
XP_065334755.1	XP_065334755.1
XP_065335897.1	XP_065335897.1
XP_065335906.1	XP_065335906.1
XP_065345461.1	XP_065345461.1
XP_065348402.1	XP_065348402.1
XP_065353684.1	XP_065353684.1
XP_065353686.1	XP_065353686.1
XP_065354637.1	XP_065354637.1
XP_065361362.1	XP_065361362.1
XP_065362740.1	XP_065362740.1
XP_065362976.1	XP_065362976.1
XP_065363476.1	XP_065363476.1
XP_065378552.1	XP_065378552.1
XP_065378555.1	XP_065378555.1
XP_065378574.1	XP_065378574.1
XP_065378577.1	XP_065378577.1
XP_065378578.1	XP_065378578.1
XP_065378580.1	XP_065378580.1
XP_065386840.1	XP_065386840.1
XP_065402154.1	XP_065402154.1
XP_065438976.1	XP_065438976.1
XP_065440270.1	XP_065440270.1
XP_065440271.1	XP_065440271.1
XP_065440272.1	XP_065440272.1
XP_065440273.1	XP_065440273.1
XP_065440274.1	XP_065440274.1
XP_065455142.1	XP_065455142.1
XP_065455497.1	XP_065455497.1
XP_065478629.1	XP_065478629.1
XP_065485673.1	XP_065485673.1
XP_065485674.1	XP_065485674.1
XP_065485675.1	XP_065485675.1
XP_065485676.1	XP_065485676.1
XP_065485805.1	XP_065485805.1
XP_065496911.1	XP_065496911.1
XP_065511710.1	XP_065511710.1
XP_065511712.1	XP_065511712.1
XP_065511713.1	XP_065511713.1
XP_065511871.1	XP_065511871.1
XP_065511872.1	XP_065511872.1
XP_065511874.1	XP_065511874.1
XP_065512340.1	XP_065512340.1
XP_065512341.1	XP_065512341.1
XP_065512342.1	XP_065512342.1
XP_065514186.1	XP_065514186.1
XP_065516512.1	XP_065516512.1
XP_065516513.1	XP_065516513.1
XP_065516515.1	XP_065516515.1
XP_065517525.1	XP_065517525.1
XP_065517920.1	XP_065517920.1
XP_065517923.1	XP_065517923.1
XP_065517924.1	XP_065517924.1
XP_065517925.1	XP_065517925.1
XP_065518247.1	XP_065518247.1
XP_065520864.1	XP_065520864.1
XP_065522741.1	XP_065522741.1
XP_065523739.1	XP_065523739.1
XP_065523740.1	XP_065523740.1
XP_065523741.1	XP_065523741.1
XP_065523742.1	XP_065523742.1
XP_065523743.1	XP_065523743.1
XP_065529402.1	XP_065529402.1
XP_065529404.1	XP_065529404.1
XP_065529405.1	XP_065529405.1
XP_065529406.1	XP_065529406.1
XP_065529407.1	XP_065529407.1
XP_065560363.1	XP_065560363.1
XP_065560786.1	XP_065560786.1
XP_065560787.1	XP_065560787.1
XP_065560789.1	XP_065560789.1
XP_065568342.1	XP_065568342.1
XP_065568343.1	XP_065568343.1
XP_065578770.1	XP_065578770.1
XP_065581190.1	XP_065581190.1
XP_065581191.1	XP_065581191.1
XP_065587506.1	XP_065587506.1
XP_065589326.1	XP_065589326.1
XP_065594949.1	XP_065594949.1
XP_065594984.1	XP_065594984.1
XP_065595879.1	XP_065595879.1
XP_065601739.1	XP_065601739.1
XP_065601740.1	XP_065601740.1
XP_065608891.1	XP_065608891.1
XP_065608892.1	XP_065608892.1
XP_065608893.1	XP_065608893.1
XP_065608894.1	XP_065608894.1
XP_065621027.1	XP_065621027.1
XP_065621028.1	XP_065621028.1
XP_065635992.1	XP_065635992.1
XP_065635994.1	XP_065635994.1
XP_065640627.1	XP_065640627.1
XP_065666975.1	XP_065666975.1
XP_065672386.1	XP_065672386.1
XP_065674456.1	XP_065674456.1
XP_065674482.1	XP_065674482.1
XP_065674483.1	XP_065674483.1
XP_065676739.1	XP_065676739.1
XP_065688222.1	XP_065688222.1
XP_065688223.1	XP_065688223.1
XP_065688224.1	XP_065688224.1
XP_065688417.1	XP_065688417.1
XP_065697727.2	XP_065697727.2
XP_065697729.2	XP_065697729.2
XP_065704683.1	XP_065704683.1
XP_065716714.1	XP_065716714.1
XP_065716715.1	XP_065716715.1
XP_065717468.1	XP_065717468.1
XP_065728541.1	XP_065728541.1
XP_065730178.1	XP_065730178.1
XP_065730179.1	XP_065730179.1
XP_065731648.1	XP_065731648.1
XP_065731649.1	XP_065731649.1
XP_065731651.1	XP_065731651.1
XP_065731652.1	XP_065731652.1
XP_065731653.1	XP_065731653.1
XP_065731657.1	XP_065731657.1
XP_065731659.1	XP_065731659.1
XP_065731660.1	XP_065731660.1
XP_065731661.1	XP_065731661.1
XP_065731664.1	XP_065731664.1
XP_065731665.1	XP_065731665.1
XP_065731964.1	XP_065731964.1
XP_065731967.1	XP_065731967.1
XP_065731969.1	XP_065731969.1
XP_065734511.1	XP_065734511.1
XP_065734512.1	XP_065734512.1
XP_065739069.1	XP_065739069.1
XP_065754768.1	XP_065754768.1
XP_065761480.1	XP_065761480.1
XP_065761481.1	XP_065761481.1
XP_065769215.1	XP_065769215.1
XP_065769224.1	XP_065769224.1
XP_065769234.1	XP_065769234.1
XP_065769242.1	XP_065769242.1
XP_065769250.1	XP_065769250.1
XP_065769258.1	XP_065769258.1
XP_065769266.1	XP_065769266.1
XP_065777314.1	XP_065777314.1
XP_065781363.1	XP_065781363.1
XP_065781364.1	XP_065781364.1
XP_065793566.1	XP_065793566.1
XP_065796343.1	XP_065796343.1
XP_065796345.1	XP_065796345.1
XP_065803437.1	XP_065803437.1
XP_065803440.1	XP_065803440.1
XP_065803441.1	XP_065803441.1
XP_065804877.1	XP_065804877.1
XP_065804980.1	XP_065804980.1
XP_065804981.1	XP_065804981.1
XP_065824212.1	XP_065824212.1
XP_065827162.1	XP_065827162.1
XP_065834819.1	XP_065834819.1
XP_065836938.1	XP_065836938.1
XP_065839363.1	XP_065839363.1
XP_065862069.1	XP_065862069.1
XP_065864820.1	XP_065864820.1
XP_065872244.1	XP_065872244.1
XP_065889789.1	XP_065889789.1
XP_065891227.1	XP_065891227.1
XP_065905408.1	XP_065905408.1
XP_065905412.1	XP_065905412.1
XP_065923441.1	XP_065923441.1
XP_065945821.1	XP_065945821.1
XP_065946410.1	XP_065946410.1
XP_065952533.1	XP_065952533.1
XP_065968965.1	XP_065968965.1
XP_065971503.1	XP_065971503.1
XP_066009319.1	XP_066009319.1
XP_066021319.1	XP_066021319.1
XP_066021320.1	XP_066021320.1
XP_066028741.1	XP_066028741.1
XP_066029142.1	XP_066029142.1
XP_066030953.1	XP_066030953.1
XP_066037343.1	XP_066037343.1
XP_066037816.1	XP_066037816.1
XP_066042013.1	XP_066042013.1
XP_066042021.1	XP_066042021.1
XP_066042027.1	XP_066042027.1
XP_066042035.1	XP_066042035.1
XP_066048923.1	XP_066048923.1
XP_066048924.1	XP_066048924.1
XP_066048925.1	XP_066048925.1
XP_066048926.1	XP_066048926.1
XP_066050365.1	XP_066050365.1
XP_066055774.1	XP_066055774.1
XP_066065711.1	XP_066065711.1
XP_066068044.1	XP_066068044.1
XP_066069379.1	XP_066069379.1
XP_066072483.1	XP_066072483.1
XP_066073996.1	XP_066073996.1
XP_066075452.1	XP_066075452.1
XP_066082812.1	XP_066082812.1
XP_066083895.1	XP_066083895.1
XP_066085896.1	XP_066085896.1
XP_066098564.1	XP_066098564.1
XP_066098565.1	XP_066098565.1
XP_066098566.1	XP_066098566.1
XP_066099548.1	XP_066099548.1
XP_066099557.1	XP_066099557.1
XP_066107818.1	XP_066107818.1
XP_066107819.1	XP_066107819.1
XP_066107821.1	XP_066107821.1
XP_066107822.1	XP_066107822.1
XP_066113049.1	XP_066113049.1
XP_066113052.1	XP_066113052.1
XP_066113053.1	XP_066113053.1
XP_066113054.1	XP_066113054.1
XP_066125276.1	XP_066125276.1
XP_066125279.1	XP_066125279.1
XP_066125280.1	XP_066125280.1
XP_066125281.1	XP_066125281.1
XP_066125282.1	XP_066125282.1
XP_066125283.1	XP_066125283.1
XP_066125284.1	XP_066125284.1
XP_066125285.1	XP_066125285.1
XP_066129740.1	XP_066129740.1
XP_066129742.1	XP_066129742.1
XP_066129743.1	XP_066129743.1
XP_066129744.1	XP_066129744.1
XP_066136192.1	XP_066136192.1
XP_066136193.1	XP_066136193.1
XP_066139205.1	XP_066139205.1
XP_066139206.1	XP_066139206.1
XP_066141430.1	XP_066141430.1
XP_066143206.1	XP_066143206.1
XP_066143207.1	XP_066143207.1
XP_066149697.1	XP_066149697.1
XP_066149701.1	XP_066149701.1
XP_066154561.1	XP_066154561.1
XP_066160171.1	XP_066160171.1
XP_066160172.1	XP_066160172.1
XP_066161508.1	XP_066161508.1
XP_066163577.1	XP_066163577.1
XP_066163579.1	XP_066163579.1
XP_066163580.1	XP_066163580.1
XP_066171644.1	XP_066171644.1
XP_066181571.1	XP_066181571.1
XP_066181573.1	XP_066181573.1
XP_066181574.1	XP_066181574.1
XP_066181576.1	XP_066181576.1
XP_066182776.1	XP_066182776.1
XP_066182783.1	XP_066182783.1
XP_066182792.1	XP_066182792.1
XP_066182801.1	XP_066182801.1
XP_066183979.1	XP_066183979.1
XP_066194908.1	XP_066194908.1
XP_066194910.1	XP_066194910.1
XP_066194988.1	XP_066194988.1
XP_066206096.1	XP_066206096.1
XP_066206097.1	XP_066206097.1
XP_066206098.1	XP_066206098.1
XP_066216605.1	XP_066216605.1
XP_066216613.1	XP_066216613.1
XP_066216618.1	XP_066216618.1
XP_066216624.1	XP_066216624.1
XP_066223959.1	XP_066223959.1
XP_066223963.1	XP_066223963.1
XP_066223964.1	XP_066223964.1
XP_066223965.1	XP_066223965.1
XP_066230822.1	XP_066230822.1
XP_066230828.1	XP_066230828.1
XP_066232383.1	XP_066232383.1
XP_066232386.1	XP_066232386.1
XP_066232387.1	XP_066232387.1
XP_066232388.1	XP_066232388.1
XP_066232389.1	XP_066232389.1
XP_066232390.1	XP_066232390.1
XP_066232391.1	XP_066232391.1
XP_066232392.1	XP_066232392.1
XP_066237785.1	XP_066237785.1
XP_066237786.1	XP_066237786.1
XP_066240773.1	XP_066240773.1
XP_066240774.1	XP_066240774.1
XP_066246283.1	XP_066246283.1
XP_066253615.1	XP_066253615.1
XP_066253616.1	XP_066253616.1
XP_066253921.1	XP_066253921.1
XP_066255404.1	XP_066255404.1
XP_066255405.1	XP_066255405.1
XP_066257230.1	XP_066257230.1
XP_066273916.1	XP_066273916.1
XP_066290000.1	XP_066290000.1
XP_066290001.1	XP_066290001.1
XP_066298102.1	XP_066298102.1
XP_066298104.1	XP_066298104.1
XP_066298105.1	XP_066298105.1
XP_066298106.1	XP_066298106.1
XP_066298107.1	XP_066298107.1
XP_066301005.1	XP_066301005.1
XP_066301020.1	XP_066301020.1
XP_066309362.1	XP_066309362.1
XP_066310188.1	XP_066310188.1
XP_066311498.1	XP_066311498.1
XP_066312254.1	XP_066312254.1
XP_066312289.1	XP_066312289.1
XP_066312290.1	XP_066312290.1
XP_066329159.1	XP_066329159.1
XP_066351075.1	XP_066351075.1
XP_066351076.1	XP_066351076.1
XP_066351077.1	XP_066351077.1
XP_066386210.1	XP_066386210.1
XP_066397151.1	XP_066397151.1
XP_066412273.1	XP_066412273.1
XP_066412274.1	XP_066412274.1
XP_066415396.1	XP_066415396.1
XP_066416078.1	XP_066416078.1
XP_066416086.1	XP_066416086.1
XP_066416095.1	XP_066416095.1
XP_066416102.1	XP_066416102.1
XP_066425594.1	XP_066425594.1
XP_066426320.1	XP_066426320.1
XP_066438764.1	XP_066438764.1
XP_066438765.1	XP_066438765.1
XP_066440036.1	XP_066440036.1
XP_066440037.1	XP_066440037.1
XP_066441296.1	XP_066441296.1
XP_066453689.1	XP_066453689.1
XP_066458932.1	XP_066458932.1
XP_066460192.1	XP_066460192.1
XP_066467070.1	XP_066467070.1
XP_066469931.1	XP_066469931.1
XP_066469932.1	XP_066469932.1
XP_066471809.1	XP_066471809.1
XP_066479231.1	XP_066479231.1
XP_066479235.1	XP_066479235.1
XP_066479236.1	XP_066479236.1
XP_066481614.1	XP_066481614.1
XP_066481615.1	XP_066481615.1
XP_066484482.1	XP_066484482.1
XP_066493666.1	XP_066493666.1
XP_066493667.1	XP_066493667.1
XP_066510043.1	XP_066510043.1
XP_066510511.1	XP_066510511.1
XP_066510512.1	XP_066510512.1
XP_066520670.1	XP_066520670.1
XP_066520671.1	XP_066520671.1
XP_066520752.1	XP_066520752.1
XP_066528897.1	XP_066528897.1
XP_066528898.1	XP_066528898.1
XP_066528899.1	XP_066528899.1
XP_066530753.1	XP_066530753.1
XP_066539578.1	XP_066539578.1
XP_066539579.1	XP_066539579.1
XP_066546721.1	XP_066546721.1
XP_066546722.1	XP_066546722.1
XP_066546723.1	XP_066546723.1
XP_066548155.1	XP_066548155.1
XP_066548157.1	XP_066548157.1
XP_066548158.1	XP_066548158.1
XP_066548159.1	XP_066548159.1
XP_066554868.1	XP_066554868.1
XP_066554869.1	XP_066554869.1
XP_066567157.1	XP_066567157.1
XP_066568083.1	XP_066568083.1
XP_066569558.1	XP_066569558.1
XP_066573897.1	XP_066573897.1
XP_066573899.1	XP_066573899.1
XP_066589303.1	XP_066589303.1
XP_066596029.1	XP_066596029.1
XP_066596030.1	XP_066596030.1
XP_066597631.1	XP_066597631.1
XP_066599303.1	XP_066599303.1
XP_066604362.1	XP_066604362.1
XP_066607517.1	XP_066607517.1
XP_066609205.1	XP_066609205.1
XP_066611807.1	XP_066611807.1
XP_066612331.1	XP_066612331.1
XP_066624107.1	XP_066624107.1
XP_066625113.1	XP_066625113.1
XP_066625322.1	XP_066625322.1
XP_066632465.1	XP_066632465.1
XP_066636909.1	XP_066636909.1
XP_066641605.1	XP_066641605.1
XP_066642845.1	XP_066642845.1
XP_066656259.1	XP_066656259.1
XP_066656480.1	XP_066656480.1
XP_066659974.1	XP_066659974.1
XP_066661467.1	XP_066661467.1
XP_066665944.1	XP_066665944.1
XP_066667468.1	XP_066667468.1
XP_066678614.1	XP_066678614.1
XP_066680028.1	XP_066680028.1
XP_066687638.1	XP_066687638.1
XP_066702053.1	XP_066702053.1
XP_066704603.1	XP_066704603.1
XP_066714588.1	XP_066714588.1
XP_066726961.1	XP_066726961.1
XP_066734240.1	XP_066734240.1
XP_066744055.1	XP_066744055.1
XP_066744392.1	XP_066744392.1
XP_066746735.1	XP_066746735.1
XP_066753493.1	XP_066753493.1
XP_066754973.1	XP_066754973.1
XP_066757639.1	XP_066757639.1
XP_066758297.1	XP_066758297.1
XP_066763070.1	XP_066763070.1
XP_066764867.1	XP_066764867.1
XP_066769007.1	XP_066769007.1
XP_066772331.1	XP_066772331.1
XP_066776521.1	XP_066776521.1
XP_066776999.1	XP_066776999.1
XP_066783548.1	XP_066783548.1
XP_066784690.1	XP_066784690.1
XP_066788089.1	XP_066788089.1
XP_066791293.1	XP_066791293.1
XP_066795446.1	XP_066795446.1
XP_066797870.1	XP_066797870.1
XP_066800217.1	XP_066800217.1
XP_066800696.1	XP_066800696.1
XP_066821229.1	XP_066821229.1
XP_066821230.1	XP_066821230.1
XP_066825736.1	XP_066825736.1
XP_066829607.1	XP_066829607.1
XP_066843318.1	XP_066843318.1
XP_066847663.1	XP_066847663.1
XP_066848682.1	XP_066848682.1
XP_066848683.1	XP_066848683.1
XP_066848684.1	XP_066848684.1
XP_066857673.1	XP_066857673.1
XP_066860687.1	XP_066860687.1
XP_066863695.1	XP_066863695.1
XP_066863702.1	XP_066863702.1
XP_066863706.1	XP_066863706.1
XP_066863708.1	XP_066863708.1
XP_066863719.1	XP_066863719.1
XP_066863727.1	XP_066863727.1
XP_066863736.1	XP_066863736.1
XP_066863741.1	XP_066863741.1
XP_066863755.1	XP_066863755.1
XP_066863758.1	XP_066863758.1
XP_066863761.1	XP_066863761.1
XP_066874743.1	XP_066874743.1
XP_066874744.1	XP_066874744.1
XP_066897318.1	XP_066897318.1
XP_066912118.1	XP_066912118.1
XP_066916356.1	XP_066916356.1
XP_066929045.1	XP_066929045.1
XP_066931411.1	XP_066931411.1
XP_066940608.1	XP_066940608.1
XP_066940611.1	XP_066940611.1
XP_066941316.1	XP_066941316.1
XP_066955448.1	XP_066955448.1
XP_066955449.1	XP_066955449.1
XP_066955450.1	XP_066955450.1
XP_066955451.1	XP_066955451.1
XP_066959068.1	XP_066959068.1
XP_066986536.1	XP_066986536.1
XP_066994458.1	XP_066994458.1
XP_066997183.2	XP_066997183.2
XP_067003930.2	XP_067003930.2
XP_067003931.2	XP_067003931.2
XP_067006313.1	XP_067006313.1
XP_067006314.1	XP_067006314.1
XP_067006315.1	XP_067006315.1
XP_067011577.2	XP_067011577.2
XP_067011783.2	XP_067011783.2
XP_067016358.1	XP_067016358.1
XP_067020743.1	XP_067020743.1
XP_067020744.1	XP_067020744.1
XP_067028065.1	XP_067028065.1
XP_067048804.1	XP_067048804.1
XP_067048805.1	XP_067048805.1
XP_067051782.1	XP_067051782.1
XP_067055323.1	XP_067055323.1
XP_067060502.1	XP_067060502.1
XP_067061751.1	XP_067061751.1
XP_067062299.1	XP_067062299.1
XP_067062309.1	XP_067062309.1
XP_067063622.1	XP_067063622.1
XP_067063704.1	XP_067063704.1
XP_067063950.1	XP_067063950.1
XP_067064708.1	XP_067064708.1
XP_067065658.1	XP_067065658.1
XP_067067013.1	XP_067067013.1
XP_067070874.1	XP_067070874.1
XP_067071839.1	XP_067071839.1
XP_067080010.1	XP_067080010.1
XP_067080780.1	XP_067080780.1
XP_067081659.1	XP_067081659.1
XP_067082112.1	XP_067082112.1
XP_067082526.1	XP_067082526.1
XP_067083072.1	XP_067083072.1
XP_067083489.1	XP_067083489.1
XP_067084016.1	XP_067084016.1
XP_067084406.1	XP_067084406.1
XP_067086578.1	XP_067086578.1
XP_067094562.1	XP_067094562.1
XP_067094563.1	XP_067094563.1
XP_067101075.1	XP_067101075.1
XP_067108022.1	XP_067108022.1
XP_067111940.1	XP_067111940.1
XP_067118656.1	XP_067118656.1
XP_067120297.1	XP_067120297.1
XP_067122746.1	XP_067122746.1
XP_067125662.1	XP_067125662.1
XP_067131870.1	XP_067131870.1
XP_067133552.1	XP_067133552.1
XP_067133897.1	XP_067133897.1
XP_067133913.1	XP_067133913.1
XP_067139358.1	XP_067139358.1
XP_067139359.1	XP_067139359.1
XP_067147138.1	XP_067147138.1
XP_067147946.1	XP_067147946.1
XP_067157357.1	XP_067157357.1
XP_067157359.1	XP_067157359.1
XP_067158669.1	XP_067158669.1
XP_067158670.1	XP_067158670.1
XP_067170926.1	XP_067170926.1
XP_067170927.1	XP_067170927.1
XP_067172276.1	XP_067172276.1
XP_067172277.1	XP_067172277.1
XP_067172278.1	XP_067172278.1
XP_067172855.1	XP_067172855.1
XP_067172862.1	XP_067172862.1
XP_067172863.1	XP_067172863.1
XP_067172864.1	XP_067172864.1
XP_067172865.1	XP_067172865.1
XP_067176043.1	XP_067176043.1
XP_067177255.1	XP_067177255.1
XP_067177802.1	XP_067177802.1
XP_067177812.1	XP_067177812.1
XP_067179078.1	XP_067179078.1
XP_067179150.1	XP_067179150.1
XP_067179379.1	XP_067179379.1
XP_067180145.1	XP_067180145.1
XP_067181063.1	XP_067181063.1
XP_067183208.1	XP_067183208.1
XP_067187002.1	XP_067187002.1
XP_067188544.1	XP_067188544.1
XP_067189159.1	XP_067189159.1
XP_067191083.1	XP_067191083.1
XP_067191475.1	XP_067191475.1
XP_067192122.1	XP_067192122.1
XP_067193536.1	XP_067193536.1
XP_067194720.1	XP_067194720.1
XP_067196266.1	XP_067196266.1
XP_067200328.1	XP_067200328.1
XP_067210901.1	XP_067210901.1
XP_067211381.1	XP_067211381.1
XP_067211382.1	XP_067211382.1
XP_067225251.1	XP_067225251.1
XP_067225556.1	XP_067225556.1
XP_067226931.1	XP_067226931.1
XP_067248563.1	XP_067248563.1
XP_067248573.1	XP_067248573.1
XP_067258377.1	XP_067258377.1
XP_067258379.1	XP_067258379.1
XP_067262434.1	XP_067262434.1
XP_067263515.1	XP_067263515.1
XP_067268459.1	XP_067268459.1
XP_067268460.1	XP_067268460.1
XP_067268461.1	XP_067268461.1
XP_067268462.1	XP_067268462.1
XP_067268463.1	XP_067268463.1
XP_067281743.1	XP_067281743.1
XP_067281744.1	XP_067281744.1
XP_067281745.1	XP_067281745.1
XP_067281746.1	XP_067281746.1
XP_067285485.1	XP_067285485.1
XP_067286197.1	XP_067286197.1
XP_067293705.1	XP_067293705.1
XP_067296058.1	XP_067296058.1
XP_067296065.1	XP_067296065.1
XP_067296139.1	XP_067296139.1
XP_067301633.1	XP_067301633.1
XP_067305327.1	XP_067305327.1
XP_067305328.1	XP_067305328.1
XP_067342376.1	XP_067342376.1
XP_067344173.1	XP_067344173.1
XP_067351254.1	XP_067351254.1
XP_067363137.1	XP_067363137.1
XP_067363147.1	XP_067363147.1
XP_067366681.1	XP_067366681.1
XP_067366682.1	XP_067366682.1
XP_067369099.1	XP_067369099.1
XP_067369100.1	XP_067369100.1
XP_067375953.1	XP_067375953.1
XP_067375955.1	XP_067375955.1
XP_067375957.1	XP_067375957.1
XP_067375958.1	XP_067375958.1
XP_067377387.1	XP_067377387.1
XP_067377388.1	XP_067377388.1
XP_067377389.1	XP_067377389.1
XP_067385668.1	XP_067385668.1
XP_067385676.1	XP_067385676.1
XP_067385685.1	XP_067385685.1
XP_067385694.1	XP_067385694.1
XP_067385703.1	XP_067385703.1
XP_067391712.1	XP_067391712.1
XP_067391713.1	XP_067391713.1
XP_067398665.1	XP_067398665.1
XP_067398666.1	XP_067398666.1
XP_067399959.1	XP_067399959.1
XP_067406862.1	XP_067406862.1
XP_067424611.1	XP_067424611.1
XP_067424612.1	XP_067424612.1
XP_067424613.1	XP_067424613.1
XP_067424614.1	XP_067424614.1
XP_067424618.1	XP_067424618.1
XP_067424620.1	XP_067424620.1
XP_067431624.1	XP_067431624.1
XP_067433813.1	XP_067433813.1
XP_067452364.1	XP_067452364.1
XP_067452366.1	XP_067452366.1
XP_067452367.1	XP_067452367.1
XP_067452368.1	XP_067452368.1
XP_067452370.1	XP_067452370.1
XP_067458219.1	XP_067458219.1
XP_067467562.1	XP_067467562.1
XP_067467563.1	XP_067467563.1
XP_067471310.1	XP_067471310.1
XP_067471327.1	XP_067471327.1
XP_067471335.1	XP_067471335.1
XP_067471345.1	XP_067471345.1
XP_067475769.1	XP_067475769.1
XP_067488152.1	XP_067488152.1
XP_067490815.1	XP_067490815.1
XP_067493060.1	XP_067493060.1
XP_067498547.1	XP_067498547.1
XP_067502050.1	XP_067502050.1
XP_067511661.1	XP_067511661.1
XP_067526706.1	XP_067526706.1
XP_067526879.1	XP_067526879.1
XP_067528600.1	XP_067528600.1
XP_067531073.1	XP_067531073.1
XP_067537632.1	XP_067537632.1
XP_067539713.1	XP_067539713.1
XP_067541060.1	XP_067541060.1
XP_067543351.1	XP_067543351.1
XP_067551031.1	XP_067551031.1
XP_067561619.1	XP_067561619.1
XP_067561629.1	XP_067561629.1
XP_067577483.1	XP_067577483.1
XP_067577484.1	XP_067577484.1
XP_067582200.1	XP_067582200.1
XP_067582201.1	XP_067582201.1
XP_067582202.1	XP_067582202.1
XP_067582203.1	XP_067582203.1
XP_067582204.1	XP_067582204.1
XP_067582205.1	XP_067582205.1
XP_067582206.1	XP_067582206.1
XP_067582207.1	XP_067582207.1
XP_067582208.1	XP_067582208.1
XP_067582209.1	XP_067582209.1
XP_067586454.1	XP_067586454.1
XP_067586455.1	XP_067586455.1
XP_067600877.1	XP_067600877.1
XP_067600880.1	XP_067600880.1
XP_067600881.1	XP_067600881.1
XP_067600882.1	XP_067600882.1
XP_067600883.1	XP_067600883.1
XP_067600884.1	XP_067600884.1
XP_067600885.1	XP_067600885.1
XP_067604829.1	XP_067604829.1
XP_067604830.1	XP_067604830.1
XP_067604831.1	XP_067604831.1
XP_067619976.1	XP_067619976.1
XP_067637405.1	XP_067637405.1
XP_067639500.1	XP_067639500.1
XP_067639501.1	XP_067639501.1
XP_067642220.1	XP_067642220.1
XP_067642222.1	XP_067642222.1
XP_067644036.1	XP_067644036.1
XP_067650739.1	XP_067650739.1
XP_067666540.1	XP_067666540.1
XP_067678143.1	XP_067678143.1
XP_067678146.1	XP_067678146.1
XP_067685867.1	XP_067685867.1
XP_067686031.1	XP_067686031.1
XP_067690240.1	XP_067690240.1
XP_067691511.1	XP_067691511.1
XP_067692079.1	XP_067692079.1
XP_067693438.1	XP_067693438.1
XP_067693514.1	XP_067693514.1
XP_067693766.1	XP_067693766.1
XP_067694558.1	XP_067694558.1
XP_067695512.1	XP_067695512.1
XP_067698599.1	XP_067698599.1
XP_067699852.1	XP_067699852.1
XP_067700408.1	XP_067700408.1
XP_067701723.1	XP_067701723.1
XP_067701801.1	XP_067701801.1
XP_067702029.1	XP_067702029.1
XP_067702779.1	XP_067702779.1
XP_067703700.1	XP_067703700.1
XP_067706730.1	XP_067706730.1
XP_067707979.1	XP_067707979.1
XP_067708526.1	XP_067708526.1
XP_067709868.1	XP_067709868.1
XP_067709947.1	XP_067709947.1
XP_067710975.1	XP_067710975.1
XP_067711925.1	XP_067711925.1
XP_067717667.1	XP_067717667.1
XP_067717717.1	XP_067717717.1
XP_067720154.1	XP_067720154.1
XP_067724708.1	XP_067724708.1
XP_067725763.1	XP_067725763.1
XP_067730392.1	XP_067730392.1
XP_067731511.1	XP_067731511.1
XP_067731766.1	XP_067731766.1
XP_067734089.1	XP_067734089.1
XP_067735915.1	XP_067735915.1
XP_067736754.1	XP_067736754.1
XP_067737024.1	XP_067737024.1
XP_067737899.1	XP_067737899.1
XP_067744527.1	XP_067744527.1
XP_067745090.1	XP_067745090.1
XP_067746315.1	XP_067746315.1
XP_067746316.1	XP_067746316.1
XP_067746619.1	XP_067746619.1
XP_067749980.1	XP_067749980.1
XP_067754789.1	XP_067754789.1
XP_067755739.1	XP_067755739.1
XP_067756246.1	XP_067756246.1
XP_067756255.1	XP_067756255.1
XP_067757505.1	XP_067757505.1
XP_067757592.1	XP_067757592.1
XP_067757826.1	XP_067757826.1
XP_067758582.1	XP_067758582.1
XP_067759408.1	XP_067759408.1
XP_067765086.1	XP_067765086.1
XP_067774456.1	XP_067774456.1
XP_067774854.1	XP_067774854.1
XP_067784632.1	XP_067784632.1
XP_067790913.1	XP_067790913.1
XP_067797301.1	XP_067797301.1
XP_067798208.1	XP_067798208.1
XP_067800421.1	XP_067800421.1
XP_067801792.1	XP_067801792.1
XP_067802012.1	XP_067802012.1
XP_067805503.1	XP_067805503.1
XP_067805895.1	XP_067805895.1
XP_067810018.1	XP_067810018.1
XP_067812626.1	XP_067812626.1
XP_067814639.1	XP_067814639.1
XP_067815251.1	XP_067815251.1
XP_067815920.1	XP_067815920.1
XP_067816777.1	XP_067816777.1
XP_067817321.1	XP_067817321.1
XP_067818339.1	XP_067818339.1
XP_067820328.1	XP_067820328.1
XP_067821307.1	XP_067821307.1
XP_067825080.1	XP_067825080.1
XP_067838753.1	XP_067838753.1
XP_067839279.1	XP_067839279.1
XP_067846300.1	XP_067846300.1
XP_067846302.1	XP_067846302.1
XP_067854008.1	XP_067854008.1
XP_067858015.1	XP_067858015.1
XP_067858016.1	XP_067858016.1
XP_067858017.1	XP_067858017.1
XP_067858019.1	XP_067858019.1
XP_067858020.1	XP_067858020.1
XP_067863371.1	XP_067863371.1
XP_067869411.1	XP_067869411.1
XP_067870381.1	XP_067870381.1
XP_067885555.1	XP_067885555.1
XP_067885556.1	XP_067885556.1
XP_067885557.1	XP_067885557.1
XP_067885559.1	XP_067885559.1
XP_067886163.1	XP_067886163.1
XP_067886164.1	XP_067886164.1
XP_067893227.1	XP_067893227.1
XP_067893229.1	XP_067893229.1
XP_067905517.1	XP_067905517.1
XP_067905518.1	XP_067905518.1
XP_067914865.1	XP_067914865.1
XP_067914875.1	XP_067914875.1
XP_067914883.1	XP_067914883.1
XP_067914893.1	XP_067914893.1
XP_067914903.1	XP_067914903.1
XP_067914912.1	XP_067914912.1
XP_067922198.1	XP_067922198.1
XP_067924639.1	XP_067924639.1
XP_067925486.1	XP_067925486.1
XP_067925590.1	XP_067925590.1
XP_067928401.1	XP_067928401.1
XP_067928440.1	XP_067928440.1
XP_067929695.1	XP_067929695.1
XP_067934213.1	XP_067934213.1
XP_067935578.1	XP_067935578.1
XP_067947425.1	XP_067947425.1
XP_067957587.1	XP_067957587.1
XP_067972406.1	XP_067972406.1
XP_067972407.1	XP_067972407.1
XP_067978647.1	XP_067978647.1
XP_067978650.1	XP_067978650.1
XP_067982164.2	XP_067982164.2
XP_067982165.2	XP_067982165.2
XP_067991170.2	XP_067991170.2
XP_067996702.1	XP_067996702.1
XP_067996705.1	XP_067996705.1
XP_068002130.1	XP_068002130.1
XP_068002131.1	XP_068002131.1
XP_068003836.1	XP_068003836.1
XP_068003838.1	XP_068003838.1
XP_068006657.1	XP_068006657.1
XP_068028619.1	XP_068028619.1
XP_068032110.1	XP_068032110.1
XP_068033114.1	XP_068033114.1
XP_068033116.1	XP_068033116.1
XP_068033117.1	XP_068033117.1
XP_068034803.1	XP_068034803.1
XP_068052444.1	XP_068052444.1
XP_068052454.1	XP_068052454.1
XP_068052463.1	XP_068052463.1
XP_068052471.1	XP_068052471.1
XP_068054864.1	XP_068054864.1
XP_068054867.1	XP_068054867.1
XP_068054868.1	XP_068054868.1
XP_068054869.1	XP_068054869.1
XP_068054870.1	XP_068054870.1
XP_068058768.1	XP_068058768.1
XP_068058769.1	XP_068058769.1
XP_068071391.1	XP_068071391.1
XP_068093297.1	XP_068093297.1
XP_068094691.1	XP_068094691.1
XP_068095077.1	XP_068095077.1
XP_068095078.1	XP_068095078.1
XP_068095080.1	XP_068095080.1
XP_068106272.1	XP_068106272.1
XP_068106280.1	XP_068106280.1
XP_068106289.1	XP_068106289.1
XP_068116341.1	XP_068116341.1
XP_068117885.1	XP_068117885.1
XP_068139613.1	XP_068139613.1
XP_068141351.1	XP_068141351.1
XP_068141401.1	XP_068141401.1
XP_068141404.1	XP_068141404.1
XP_068141406.1	XP_068141406.1
XP_068141407.1	XP_068141407.1
XP_068141408.1	XP_068141408.1
XP_068141409.1	XP_068141409.1
XP_068142307.1	XP_068142307.1
XP_068142309.1	XP_068142309.1
XP_068152824.1	XP_068152824.1
XP_068154499.1	XP_068154499.1
XP_068154500.1	XP_068154500.1
XP_068154501.1	XP_068154501.1
XP_068154502.1	XP_068154502.1
XP_068154503.1	XP_068154503.1
XP_068157162.1	XP_068157162.1
XP_068160687.1	XP_068160687.1
XP_068161620.1	XP_068161620.1
XP_068166622.1	XP_068166622.1
XP_068166623.1	XP_068166623.1
XP_068167204.1	XP_068167204.1
XP_068167780.1	XP_068167780.1
XP_068175708.1	XP_068175708.1
XP_068175709.1	XP_068175709.1
XP_068175710.1	XP_068175710.1
XP_068179601.1	XP_068179601.1
XP_068189101.1	XP_068189101.1
XP_068189102.1	XP_068189102.1
XP_068220534.1	XP_068220534.1
XP_068221956.1	XP_068221956.1
XP_068227007.1	XP_068227007.1
XP_068227008.1	XP_068227008.1
XP_068227009.1	XP_068227009.1
XP_068227010.1	XP_068227010.1
XP_068227011.1	XP_068227011.1
XP_068227012.1	XP_068227012.1
XP_068227014.1	XP_068227014.1
XP_068235831.1	XP_068235831.1
XP_068252242.1	XP_068252242.1
XP_068252243.1	XP_068252243.1
XP_068252244.1	XP_068252244.1
XP_068260558.1	XP_068260558.1
XP_068261787.1	XP_068261787.1
XP_068267381.1	XP_068267381.1
XP_068278519.1	XP_068278519.1
XP_068278520.1	XP_068278520.1
XP_068279238.1	XP_068279238.1
XP_068279239.1	XP_068279239.1
XP_068279240.1	XP_068279240.1
XP_068279241.1	XP_068279241.1
XP_068310651.1	XP_068310651.1
XP_068315400.1	XP_068315400.1
XP_068344511.1	XP_068344511.1
XP_068371368.1	XP_068371368.1
XP_068375348.1	XP_068375348.1
XP_068377861.1	XP_068377861.1
XP_068378979.1	XP_068378979.1
XP_068384887.1	XP_068384887.1
XP_068384888.1	XP_068384888.1
XP_068384889.1	XP_068384889.1
XP_068384890.1	XP_068384890.1
XP_068391233.1	XP_068391233.1
XP_068391234.1	XP_068391234.1
XP_068391664.1	XP_068391664.1
XP_068391665.1	XP_068391665.1
XP_068395981.1	XP_068395981.1
XP_068395982.1	XP_068395982.1
XP_068395983.1	XP_068395983.1
XP_068395984.1	XP_068395984.1
XP_068395985.1	XP_068395985.1
XP_068395987.1	XP_068395987.1
XP_068395988.1	XP_068395988.1
XP_068408218.1	XP_068408218.1
XP_068408220.1	XP_068408220.1
XP_068408222.1	XP_068408222.1
XP_068408223.1	XP_068408223.1
XP_068410222.1	XP_068410222.1
XP_068418864.1	XP_068418864.1
XP_068424735.1	XP_068424735.1
XP_068431654.1	XP_068431654.1
XP_068431655.1	XP_068431655.1
XP_068431657.1	XP_068431657.1
XP_068431658.1	XP_068431658.1
XP_068431659.1	XP_068431659.1
XP_068438017.1	XP_068438017.1
XP_068438018.1	XP_068438018.1
XP_068439503.1	XP_068439503.1
XP_068445814.1	XP_068445814.1
XP_068452440.1	XP_068452440.1
XP_068452441.1	XP_068452441.1
XP_068460672.1	XP_068460672.1
XP_068461076.1	XP_068461076.1
XP_068461077.1	XP_068461077.1
XP_068474118.1	XP_068474118.1
XP_068474122.1	XP_068474122.1
XP_068474123.1	XP_068474123.1
XP_068477748.1	XP_068477748.1
XP_068506117.1	XP_068506117.1
XP_068522435.1	XP_068522435.1
XP_068522437.1	XP_068522437.1
XP_068522438.1	XP_068522438.1
XP_068522640.1	XP_068522640.1
XP_068524381.1	XP_068524381.1
XP_068527133.1	XP_068527133.1
XP_068527134.1	XP_068527134.1
XP_068527135.1	XP_068527135.1
XP_068527136.1	XP_068527136.1
XP_068529729.1	XP_068529729.1
XP_068547414.1	XP_068547414.1
XP_068547416.1	XP_068547416.1
XP_068547417.1	XP_068547417.1
XP_068547419.1	XP_068547419.1
XP_068549678.1	XP_068549678.1
XP_068549679.1	XP_068549679.1
XP_068559289.1	XP_068559289.1
XP_068559329.1	XP_068559329.1
XP_068566195.1	XP_068566195.1
XP_068566196.1	XP_068566196.1
XP_068581109.1	XP_068581109.1
XP_068581111.1	XP_068581111.1
XP_068586612.1	XP_068586612.1
XP_068592306.1	XP_068592306.1
XP_068594468.1	XP_068594468.1
XP_068599390.1	XP_068599390.1
XP_068603189.1	XP_068603189.1
XP_068603324.1	XP_068603324.1
XP_068603997.1	XP_068603997.1
XP_068610767.1	XP_068610767.1
XP_068616238.1	XP_068616238.1
XP_068616839.1	XP_068616839.1
XP_068622599.1	XP_068622599.1
XP_068625000.1	XP_068625000.1
XP_068628339.1	XP_068628339.1
XP_068629055.1	XP_068629055.1
XP_068632290.1	XP_068632290.1
XP_068635906.1	XP_068635906.1
XP_068635955.1	XP_068635955.1
XP_068635964.1	XP_068635964.1
XP_068635974.1	XP_068635974.1
XP_068636009.1	XP_068636009.1
XP_068636013.1	XP_068636013.1
XP_068636027.1	XP_068636027.1
XP_068643768.1	XP_068643768.1
XP_068643774.1	XP_068643774.1
XP_068643782.1	XP_068643782.1
XP_068644500.1	XP_068644500.1
XP_068649926.1	XP_068649926.1
XP_068654522.1	XP_068654522.1
XP_068657799.1	XP_068657799.1
XP_068665271.1	XP_068665271.1
XP_068665273.1	XP_068665273.1
XP_068665274.1	XP_068665274.1
XP_068677423.1	XP_068677423.1
XP_068677425.1	XP_068677425.1
XP_068677426.1	XP_068677426.1
XP_068693679.1	XP_068693679.1
XP_068698079.1	XP_068698079.1
XP_068699162.1	XP_068699162.1
XP_068699163.1	XP_068699163.1
XP_068715804.1	XP_068715804.1
XP_068715805.1	XP_068715805.1
XP_068725052.1	XP_068725052.1
XP_068726732.1	XP_068726732.1
XP_068726733.1	XP_068726733.1
XP_068740723.1	XP_068740723.1
XP_068746189.1	XP_068746189.1
XP_068754772.1	XP_068754772.1
XP_068754773.1	XP_068754773.1
XP_068779718.1	XP_068779718.1
XP_068779719.1	XP_068779719.1
XP_068779720.1	XP_068779720.1
XP_068779721.1	XP_068779721.1
XP_068780592.1	XP_068780592.1
XP_068780593.1	XP_068780593.1
XP_068780594.1	XP_068780594.1
XP_068780595.1	XP_068780595.1
XP_068780596.1	XP_068780596.1
XP_068782551.1	XP_068782551.1
XP_068782552.1	XP_068782552.1
XP_068782553.1	XP_068782553.1
XP_068782555.1	XP_068782555.1
XP_068782556.1	XP_068782556.1
XP_068782557.1	XP_068782557.1
XP_068782560.1	XP_068782560.1
XP_068783326.1	XP_068783326.1
XP_068783328.1	XP_068783328.1
XP_068783694.1	XP_068783694.1
XP_068787462.1	XP_068787462.1
XP_068787463.1	XP_068787463.1
XP_068790578.1	XP_068790578.1
XP_068809251.1	XP_068809251.1
XP_068809254.1	XP_068809254.1
XP_068809256.1	XP_068809256.1
XP_068812141.1	XP_068812141.1
XP_068820257.1	XP_068820257.1
XP_068829770.1	XP_068829770.1
XP_068834085.1	XP_068834085.1
XP_068843569.1	XP_068843569.1
XP_068846595.1	XP_068846595.1
XP_068848020.1	XP_068848020.1
XP_068848029.1	XP_068848029.1
XP_068848038.1	XP_068848038.1
XP_068848192.1	XP_068848192.1
XP_068854239.1	XP_068854239.1
XP_068856104.1	XP_068856104.1
XP_068857133.1	XP_068857133.1
XP_068857134.1	XP_068857134.1
XP_068857205.1	XP_068857205.1
XP_068857206.1	XP_068857206.1
XP_068862660.1	XP_068862660.1
XP_068879516.1	XP_068879516.1
XP_068879520.1	XP_068879520.1
XP_068879521.1	XP_068879521.1
XP_068879522.1	XP_068879522.1
XP_068882824.1	XP_068882824.1
XP_068895426.1	XP_068895426.1
XP_068895427.1	XP_068895427.1
XP_068895537.1	XP_068895537.1
XP_068895538.1	XP_068895538.1
XP_068906424.1	XP_068906424.1
XP_068906983.1	XP_068906983.1
XP_068912795.1	XP_068912795.1
XP_068912797.1	XP_068912797.1
XP_068912798.1	XP_068912798.1
XP_068922234.1	XP_068922234.1
XP_068933006.1	XP_068933006.1
XP_068933017.1	XP_068933017.1
XP_068938629.1	XP_068938629.1
XP_068938630.1	XP_068938630.1
XP_068938631.1	XP_068938631.1
XP_068938632.1	XP_068938632.1
XP_068942487.1	XP_068942487.1
XP_068944051.1	XP_068944051.1
XP_068944052.1	XP_068944052.1
XP_068944053.1	XP_068944053.1
XP_068944054.1	XP_068944054.1
XP_068949092.1	XP_068949092.1
XP_068949097.1	XP_068949097.1
XP_068949666.1	XP_068949666.1
XP_068949670.1	XP_068949670.1
XP_068952425.1	XP_068952425.1
XP_068952426.1	XP_068952426.1
XP_068966407.1	XP_068966407.1
XP_068966409.1	XP_068966409.1
XP_068966410.1	XP_068966410.1
XP_068967770.1	XP_068967770.1
XP_068970958.1	XP_068970958.1
XP_068983704.1	XP_068983704.1
XP_068999316.1	XP_068999316.1
XP_069007405.1	XP_069007405.1
XP_069009017.1	XP_069009017.1
XP_069011988.1	XP_069011988.1
XP_069011989.1	XP_069011989.1
XP_069030284.1	XP_069030284.1
XP_069032502.1	XP_069032502.1
XP_069032503.1	XP_069032503.1
XP_069034384.1	XP_069034384.1
XP_069034493.1	XP_069034493.1
XP_069043439.1	XP_069043439.1
XP_069063149.1	XP_069063149.1
XP_069067390.1	XP_069067390.1
XP_069067391.1	XP_069067391.1
XP_069074796.1	XP_069074796.1
XP_069075802.1	XP_069075802.1
XP_069075803.1	XP_069075803.1
XP_069079325.1	XP_069079325.1
XP_069084338.1	XP_069084338.1
XP_069084349.1	XP_069084349.1
XP_069088762.1	XP_069088762.1
XP_069088765.1	XP_069088765.1
XP_069088766.1	XP_069088766.1
XP_069088767.1	XP_069088767.1
XP_069112833.1	XP_069112833.1
XP_069112834.1	XP_069112834.1
XP_069120037.1	XP_069120037.1
XP_069120459.1	XP_069120459.1
XP_069120461.1	XP_069120461.1
XP_069120462.1	XP_069120462.1
XP_069128694.1	XP_069128694.1
XP_069128697.1	XP_069128697.1
XP_069138467.1	XP_069138467.1
XP_069160113.1	XP_069160113.1
XP_069167849.1	XP_069167849.1
XP_069185064.1	XP_069185064.1
XP_069193833.1	XP_069193833.1
XP_069198036.1	XP_069198036.1
XP_069202105.1	XP_069202105.1
XP_069202106.1	XP_069202106.1
XP_069209854.1	XP_069209854.1
XP_069212009.1	XP_069212009.1
XP_069212791.1	XP_069212791.1
XP_069216723.1	XP_069216723.1
XP_069219544.1	XP_069219544.1
XP_069231863.1	XP_069231863.1
XP_069232180.1	XP_069232180.1
XP_069232439.1	XP_069232439.1
XP_069236398.1	XP_069236398.1
XP_069239265.1	XP_069239265.1
XP_069242146.1	XP_069242146.1
XP_069246186.1	XP_069246186.1
XP_069247511.1	XP_069247511.1
XP_069251400.1	XP_069251400.1
XP_069254361.1	XP_069254361.1
XP_069255624.1	XP_069255624.1
XP_069260249.1	XP_069260249.1
XP_069263322.1	XP_069263322.1
XP_069263469.1	XP_069263469.1
XP_069266901.1	XP_069266901.1
XP_069269794.1	XP_069269794.1
XP_069271286.1	XP_069271286.1
XP_069276740.1	XP_069276740.1
XP_069279019.1	XP_069279019.1
XP_069279850.1	XP_069279850.1
XP_069283293.1	XP_069283293.1
XP_069291954.1	XP_069291954.1
XP_069295732.1	XP_069295732.1
XP_069297437.1	XP_069297437.1
XP_069307235.1	XP_069307235.1
XP_069311073.1	XP_069311073.1
XP_069311183.1	XP_069311183.1
XP_069312831.1	XP_069312831.1
XP_069312832.1	XP_069312832.1
XP_069312833.1	XP_069312833.1
XP_069314843.1	XP_069314843.1
XP_069327575.1	XP_069327575.1
XP_069328201.1	XP_069328201.1
XP_069330149.1	XP_069330149.1
XP_069332391.1	XP_069332391.1
XP_069332392.1	XP_069332392.1
XP_069336076.1	XP_069336076.1
XP_069336077.1	XP_069336077.1
XP_069336078.1	XP_069336078.1
XP_069336079.1	XP_069336079.1
XP_069348048.1	XP_069348048.1
XP_069348049.1	XP_069348049.1
XP_069348051.1	XP_069348051.1
XP_069348052.1	XP_069348052.1
XP_069348223.1	XP_069348223.1
XP_069348224.1	XP_069348224.1
XP_069359968.1	XP_069359968.1
XP_069372039.1	XP_069372039.1
XP_069372040.1	XP_069372040.1
XP_069378831.1	XP_069378831.1
XP_069378832.1	XP_069378832.1
XP_069378833.1	XP_069378833.1
XP_069378834.1	XP_069378834.1
XP_069393252.1	XP_069393252.1
XP_069403835.1	XP_069403835.1
XP_069403836.1	XP_069403836.1
XP_069405901.1	XP_069405901.1
XP_069405902.1	XP_069405902.1
XP_069405903.1	XP_069405903.1
XP_069405905.1	XP_069405905.1
XP_069405906.1	XP_069405906.1
XP_069422069.1	XP_069422069.1
XP_069431863.1	XP_069431863.1
XP_069431868.1	XP_069431868.1
XP_069431869.1	XP_069431869.1
XP_069431874.1	XP_069431874.1
XP_069431876.1	XP_069431876.1
XP_069431879.1	XP_069431879.1
XP_069431880.1	XP_069431880.1
XP_069431882.1	XP_069431882.1
XP_069431883.1	XP_069431883.1
XP_069431884.1	XP_069431884.1
XP_069431885.1	XP_069431885.1
XP_069431887.1	XP_069431887.1
XP_069431893.1	XP_069431893.1
XP_069431894.1	XP_069431894.1
XP_069447752.1	XP_069447752.1
XP_069447762.1	XP_069447762.1
XP_069447768.1	XP_069447768.1
XP_069447777.1	XP_069447777.1
XP_069447782.1	XP_069447782.1
XP_069447793.1	XP_069447793.1
XP_069447802.1	XP_069447802.1
XP_069447811.1	XP_069447811.1
XP_069447817.1	XP_069447817.1
XP_069447826.1	XP_069447826.1
XP_069447837.1	XP_069447837.1
XP_069447848.1	XP_069447848.1
XP_069447857.1	XP_069447857.1
XP_069447864.1	XP_069447864.1
XP_069447874.1	XP_069447874.1
XP_069447880.1	XP_069447880.1
XP_069447888.1	XP_069447888.1
XP_069447898.1	XP_069447898.1
XP_069460867.1	XP_069460867.1
XP_069460868.1	XP_069460868.1
XP_069469820.1	XP_069469820.1
XP_069469821.1	XP_069469821.1
XP_069481818.1	XP_069481818.1
XP_069481819.1	XP_069481819.1
XP_069481820.1	XP_069481820.1
XP_069483509.1	XP_069483509.1
XP_069498285.1	XP_069498285.1
XP_069498286.1	XP_069498286.1
XP_069498287.1	XP_069498287.1
XP_069498288.1	XP_069498288.1
XP_069498289.1	XP_069498289.1
XP_069498290.1	XP_069498290.1
XP_069501296.1	XP_069501296.1
XP_069501297.1	XP_069501297.1
XP_069501298.1	XP_069501298.1
XP_069501300.1	XP_069501300.1
XP_069504190.1	XP_069504190.1
XP_069512090.1	XP_069512090.1
XP_069517630.1	XP_069517630.1
XP_069520967.1	XP_069520967.1
XP_069523734.1	XP_069523734.1
XP_069523735.1	XP_069523735.1
XP_069535848.1	XP_069535848.1
XP_069537740.1	XP_069537740.1
XP_069539152.1	XP_069539152.1
XP_069539262.1	XP_069539262.1
XP_069547522.1	XP_069547522.1
XP_069547523.1	XP_069547523.1
XP_069549287.1	XP_069549287.1
XP_069554191.1	XP_069554191.1
XP_069559540.1	XP_069559540.1
XP_069563996.1	XP_069563996.1
XP_069565500.1	XP_069565500.1
XP_069579208.1	XP_069579208.1
XP_069585739.1	XP_069585739.1
XP_069594002.1	XP_069594002.1
XP_069594003.1	XP_069594003.1
XP_069594594.1	XP_069594594.1
XP_069594595.1	XP_069594595.1
XP_069594908.1	XP_069594908.1
XP_069605918.1	XP_069605918.1
XP_069618060.1	XP_069618060.1
XP_069618070.1	XP_069618070.1
XP_069632501.1	XP_069632501.1
XP_069633095.1	XP_069633095.1
XP_069633099.1	XP_069633099.1
XP_069633952.1	XP_069633952.1
XP_069644833.1	XP_069644833.1
XP_069644837.1	XP_069644837.1
XP_069649723.1	XP_069649723.1
XP_069664925.1	XP_069664925.1
XP_069664926.1	XP_069664926.1
XP_069664928.1	XP_069664928.1
XP_069664929.1	XP_069664929.1
XP_069665541.1	XP_069665541.1
XP_069676094.1	XP_069676094.1
XP_069676096.1	XP_069676096.1
XP_069679890.1	XP_069679890.1
XP_069679891.1	XP_069679891.1
XP_069679892.1	XP_069679892.1
XP_069686366.1	XP_069686366.1
XP_069694382.1	XP_069694382.1
XP_069694384.1	XP_069694384.1
XP_069698736.1	XP_069698736.1
XP_069698737.1	XP_069698737.1
XP_069703599.1	XP_069703599.1
XP_069703600.1	XP_069703600.1
XP_069709561.1	XP_069709561.1
XP_069709562.1	XP_069709562.1
XP_069709563.1	XP_069709563.1
XP_069709564.1	XP_069709564.1
XP_069709566.1	XP_069709566.1
XP_069715535.1	XP_069715535.1
XP_069719234.1	XP_069719234.1
XP_069719235.1	XP_069719235.1
XP_069719236.1	XP_069719236.1
XP_069724242.1	XP_069724242.1
XP_069736371.1	XP_069736371.1
XP_069736372.1	XP_069736372.1
XP_069736833.1	XP_069736833.1
XP_069736834.1	XP_069736834.1
XP_069736835.1	XP_069736835.1
XP_069736836.1	XP_069736836.1
XP_069738459.1	XP_069738459.1
XP_069757721.1	XP_069757721.1
XP_069757723.1	XP_069757723.1
XP_069760747.1	XP_069760747.1
XP_069760748.1	XP_069760748.1
XP_069770283.1	XP_069770283.1
XP_069770284.1	XP_069770284.1
XP_069770285.1	XP_069770285.1
XP_069770286.1	XP_069770286.1
XP_069770287.1	XP_069770287.1
XP_069770288.1	XP_069770288.1
XP_069770289.1	XP_069770289.1
XP_069770290.1	XP_069770290.1
XP_069770601.1	XP_069770601.1
XP_069785693.1	XP_069785693.1
XP_069785701.1	XP_069785701.1
XP_069785712.1	XP_069785712.1
XP_069785721.1	XP_069785721.1
XP_069785728.1	XP_069785728.1
XP_069794553.1	XP_069794553.1
XP_069794559.1	XP_069794559.1
XP_069794777.1	XP_069794777.1
XP_069794790.1	XP_069794790.1
XP_069794791.1	XP_069794791.1
XP_069794792.1	XP_069794792.1
XP_069794793.1	XP_069794793.1
XP_069794794.1	XP_069794794.1
XP_069794795.1	XP_069794795.1
XP_069794796.1	XP_069794796.1
XP_069814383.1	XP_069814383.1
XP_069816619.1	XP_069816619.1
XP_069816620.1	XP_069816620.1
XP_069817868.1	XP_069817868.1
XP_069819136.1	XP_069819136.1
XP_069821488.1	XP_069821488.1
XP_069822043.1	XP_069822043.1
XP_069822044.1	XP_069822044.1
XP_069837721.1	XP_069837721.1
XP_069843317.1	XP_069843317.1
XP_069843318.1	XP_069843318.1
XP_069843319.1	XP_069843319.1
XP_069843320.1	XP_069843320.1
XP_069843321.1	XP_069843321.1
XP_069853981.1	XP_069853981.1
XP_069854319.1	XP_069854319.1
XP_069868041.1	XP_069868041.1
XP_069868042.1	XP_069868042.1
XP_069868044.1	XP_069868044.1
XP_069868045.1	XP_069868045.1
XP_069887299.1	XP_069887299.1
XP_069887303.1	XP_069887303.1
XP_069889781.1	XP_069889781.1
XP_069889785.1	XP_069889785.1
XP_069889786.1	XP_069889786.1
XP_069889787.1	XP_069889787.1
XP_069898261.1	XP_069898261.1
XP_069898262.1	XP_069898262.1
XP_069901867.1	XP_069901867.1
XP_069901868.1	XP_069901868.1
XP_069901869.1	XP_069901869.1
XP_069901870.1	XP_069901870.1
XP_069901871.1	XP_069901871.1
XP_069905976.1	XP_069905976.1
XP_069912162.1	XP_069912162.1
XP_069912163.1	XP_069912163.1
XP_069934595.1	XP_069934595.1
XP_069934597.1	XP_069934597.1
XP_069934598.1	XP_069934598.1
XP_069934599.1	XP_069934599.1
XP_069934600.1	XP_069934600.1
XP_069934601.1	XP_069934601.1
XP_069934603.1	XP_069934603.1
XP_069934604.1	XP_069934604.1
XP_069934605.1	XP_069934605.1
XP_069934606.1	XP_069934606.1
XP_069942176.1	XP_069942176.1
XP_069942177.1	XP_069942177.1
XP_069942180.1	XP_069942180.1
XP_069943449.1	XP_069943449.1
XP_069946852.1	XP_069946852.1
XP_069947533.1	XP_069947533.1
XP_069966167.1	XP_069966167.1
XP_069966441.1	XP_069966441.1
XP_069987398.1	XP_069987398.1
XP_069987399.1	XP_069987399.1
XP_069991121.1	XP_069991121.1
XP_070024137.1	XP_070024137.1
XP_070024163.1	XP_070024163.1
XP_070024180.1	XP_070024180.1
XP_070063427.1	XP_070063427.1
XP_070063430.1	XP_070063430.1
XP_070063432.1	XP_070063432.1
XP_070063434.1	XP_070063434.1
XP_070072975.1	XP_070072975.1
XP_070075383.1	XP_070075383.1
XP_070086114.1	XP_070086114.1
XP_070086115.1	XP_070086115.1
XP_070104622.1	XP_070104622.1
XP_070104626.1	XP_070104626.1
XP_070104627.1	XP_070104627.1
XP_070104629.1	XP_070104629.1
XP_070116062.1	XP_070116062.1
XP_070116064.1	XP_070116064.1
XP_070116066.1	XP_070116066.1
XP_070116067.1	XP_070116067.1
XP_070116068.1	XP_070116068.1
XP_070136992.1	XP_070136992.1
XP_070139178.1	XP_070139178.1
XP_070143010.1	XP_070143010.1
XP_070143906.1	XP_070143906.1
XP_070156568.1	XP_070156568.1
XP_070161116.1	XP_070161116.1
XP_070161145.1	XP_070161145.1
XP_070161163.1	XP_070161163.1
XP_070164353.1	XP_070164353.1
XP_070164354.1	XP_070164354.1
XP_070174078.1	XP_070174078.1
XP_070174665.1	XP_070174665.1
XP_070187131.1	XP_070187131.1
XP_070187139.1	XP_070187139.1
XP_070195416.1	XP_070195416.1
XP_070195417.1	XP_070195417.1
XP_070213187.1	XP_070213187.1
XP_070213845.1	XP_070213845.1
XP_070215706.1	XP_070215706.1
XP_070224149.1	XP_070224149.1
XP_070224153.1	XP_070224153.1
XP_070224154.1	XP_070224154.1
XP_070224155.1	XP_070224155.1
XP_070224156.1	XP_070224156.1
XP_070224157.1	XP_070224157.1
XP_070224158.1	XP_070224158.1
XP_070231470.1	XP_070231470.1
XP_070231474.1	XP_070231474.1
XP_070231475.1	XP_070231475.1
XP_070231476.1	XP_070231476.1
XP_070231477.1	XP_070231477.1
XP_070244557.1	XP_070244557.1
XP_070253884.1	XP_070253884.1
XP_070253885.1	XP_070253885.1
XP_070261226.1	XP_070261226.1
XP_070261230.1	XP_070261230.1
XP_070261231.1	XP_070261231.1
XP_070261232.1	XP_070261232.1
XP_070261233.1	XP_070261233.1
XP_070261234.1	XP_070261234.1
XP_070264802.1	XP_070264802.1
XP_070268059.1	XP_070268059.1
XP_070268060.1	XP_070268060.1
XP_070268344.1	XP_070268344.1
XP_070268345.1	XP_070268345.1
XP_070268346.1	XP_070268346.1
XP_070268347.1	XP_070268347.1
XP_070282496.1	XP_070282496.1
XP_070284771.1	XP_070284771.1
XP_070287497.1	XP_070287497.1
XP_070287502.1	XP_070287502.1
XP_070287503.1	XP_070287503.1
XP_070287504.1	XP_070287504.1
XP_070292093.1	XP_070292093.1
XP_070296828.1	XP_070296828.1
XP_070302328.1	XP_070302328.1
XP_070303796.1	XP_070303796.1
XP_070307434.1	XP_070307434.1
XP_070307435.1	XP_070307435.1
XP_070324709.1	XP_070324709.1
XP_070324710.1	XP_070324710.1
XP_070324711.1	XP_070324711.1
XP_070328266.1	XP_070328266.1
XP_070351921.1	XP_070351921.1
XP_070351922.1	XP_070351922.1
XP_070356480.1	XP_070356480.1
XP_070356481.1	XP_070356481.1
XP_070366019.1	XP_070366019.1
XP_070366021.1	XP_070366021.1
XP_070366022.1	XP_070366022.1
XP_070366023.1	XP_070366023.1
XP_070366024.1	XP_070366024.1
XP_070386990.1	XP_070386990.1
XP_070386991.1	XP_070386991.1
XP_070386992.1	XP_070386992.1
XP_070389614.1	XP_070389614.1
XP_070401507.1	XP_070401507.1
XP_070412307.1	XP_070412307.1
XP_070421269.1	XP_070421269.1
XP_070421270.1	XP_070421270.1
XP_070446282.1	XP_070446282.1
XP_070446283.1	XP_070446283.1
XP_070446286.1	XP_070446286.1
XP_070446287.1	XP_070446287.1
XP_070446289.1	XP_070446289.1
XP_070446290.1	XP_070446290.1
XP_070446291.1	XP_070446291.1
XP_070465714.1	XP_070465714.1
XP_070465716.1	XP_070465716.1
XP_070465717.1	XP_070465717.1
XP_070465719.1	XP_070465719.1
XP_070465720.1	XP_070465720.1
XP_070465722.1	XP_070465722.1
XP_070465723.1	XP_070465723.1
XP_070465726.1	XP_070465726.1
XP_070465728.1	XP_070465728.1
XP_070465730.1	XP_070465730.1
XP_070465731.1	XP_070465731.1
XP_070465732.1	XP_070465732.1
XP_070490621.1	XP_070490621.1
XP_070492797.1	XP_070492797.1
XP_070494374.1	XP_070494374.1
XP_070500819.1	XP_070500819.1
XP_070502545.1	XP_070502545.1
XP_070502874.1	XP_070502874.1
XP_070516645.1	XP_070516645.1
XP_070522541.1	XP_070522541.1
XP_070522546.1	XP_070522546.1
XP_070523813.1	XP_070523813.1
XP_070530683.1	XP_070530683.1
XP_070541843.1	XP_070541843.1
XP_070545912.1	XP_070545912.1
XP_070545913.1	XP_070545913.1
XP_070562427.1	XP_070562427.1
XP_070562436.1	XP_070562436.1
XP_070574388.1	XP_070574388.1
XP_070598879.1	XP_070598879.1
XP_070598880.1	XP_070598880.1
XP_070599336.1	XP_070599336.1
XP_070599341.1	XP_070599341.1
XP_070599344.1	XP_070599344.1
XP_070602009.1	XP_070602009.1
XP_070602010.1	XP_070602010.1
XP_070603125.1	XP_070603125.1
XP_070603126.1	XP_070603126.1
XP_070616298.1	XP_070616298.1
XP_070616299.1	XP_070616299.1
XP_070622302.1	XP_070622302.1
XP_070622922.1	XP_070622922.1
XP_070626632.1	XP_070626632.1
XP_070626633.1	XP_070626633.1
XP_070626634.1	XP_070626634.1
XP_070626635.1	XP_070626635.1
XP_070626636.1	XP_070626636.1
XP_070626638.1	XP_070626638.1
XP_070626639.1	XP_070626639.1
XP_070642637.1	XP_070642637.1
XP_070651172.1	XP_070651172.1
XP_070651173.1	XP_070651173.1
XP_070652982.1	XP_070652982.1
XP_070688136.1	XP_070688136.1
XP_070689580.1	XP_070689580.1
XP_070689581.1	XP_070689581.1
XP_070690443.1	XP_070690443.1
XP_070692107.1	XP_070692107.1
XP_070702804.1	XP_070702804.1
XP_070707806.1	XP_070707806.1
XP_070709153.1	XP_070709153.1
XP_070709888.1	XP_070709888.1
XP_070720523.1	XP_070720523.1
XP_070720524.1	XP_070720524.1
XP_070730324.1	XP_070730324.1
XP_070735842.1	XP_070735842.1
XP_070735845.1	XP_070735845.1
XP_070735846.1	XP_070735846.1
XP_070736345.1	XP_070736345.1
XP_070736883.1	XP_070736883.1
XP_070736884.1	XP_070736884.1
XP_070736885.1	XP_070736885.1
XP_070736887.1	XP_070736887.1
XP_070736888.1	XP_070736888.1
XP_070736889.1	XP_070736889.1
XP_070736890.1	XP_070736890.1
XP_070736891.1	XP_070736891.1
XP_070742959.1	XP_070742959.1
XP_070742961.1	XP_070742961.1
XP_070742962.1	XP_070742962.1
XP_070754128.1	XP_070754128.1
XP_070757946.1	XP_070757946.1
XP_070760411.1	XP_070760411.1
XP_070760617.1	XP_070760617.1
XP_070764426.1	XP_070764426.1
XP_070768253.1	XP_070768253.1
XP_070777599.1	XP_070777599.1
XP_070783512.1	XP_070783512.1
XP_070784370.1	XP_070784370.1
XP_070794779.1	XP_070794779.1
XP_070794781.1	XP_070794781.1
XP_070794782.1	XP_070794782.1
XP_070794934.1	XP_070794934.1
XP_070796891.1	XP_070796891.1
XP_070796892.1	XP_070796892.1
XP_070797436.1	XP_070797436.1
XP_070797437.1	XP_070797437.1
XP_070797438.1	XP_070797438.1
XP_070807203.1	XP_070807203.1
XP_070807204.1	XP_070807204.1
XP_070808828.1	XP_070808828.1
XP_070815866.1	XP_070815866.1
XP_070817528.1	XP_070817528.1
XP_070820405.1	XP_070820405.1
XP_070821549.1	XP_070821549.1
XP_070823271.1	XP_070823271.1
XP_070823272.1	XP_070823272.1
XP_070840080.1	XP_070840080.1
XP_070840082.1	XP_070840082.1
XP_070842598.1	XP_070842598.1
XP_070846689.1	XP_070846689.1
XP_070856846.1	XP_070856846.1
XP_070857251.1	XP_070857251.1
XP_070866278.1	XP_070866278.1
XP_070867566.1	XP_070867566.1
XP_070873035.1	XP_070873035.1
XP_070880144.1	XP_070880144.1
XP_070883727.1	XP_070883727.1
XP_070900005.1	XP_070900005.1
XP_070908618.1	XP_070908618.1
XP_070909973.1	XP_070909973.1
XP_070913288.1	XP_070913288.1
XP_070920580.1	XP_070920580.1
XP_070933697.1	XP_070933697.1
XP_070949028.1	XP_070949028.1
XP_070949031.1	XP_070949031.1
XP_070949037.1	XP_070949037.1
XP_070949039.1	XP_070949039.1
XP_070949045.1	XP_070949045.1
XP_070949047.1	XP_070949047.1
XP_070949048.1	XP_070949048.1
XP_070949054.1	XP_070949054.1
XP_070949055.1	XP_070949055.1
XP_070949056.1	XP_070949056.1
XP_070949058.1	XP_070949058.1
XP_070954867.1	XP_070954867.1
XP_070962785.1	XP_070962785.1
XP_070970444.1	XP_070970444.1
XP_070970445.1	XP_070970445.1
XP_070972333.1	XP_070972333.1
XP_070985151.1	XP_070985151.1
XP_070985152.1	XP_070985152.1
XP_070985153.1	XP_070985153.1
XP_070992611.1	XP_070992611.1
XP_070992612.1	XP_070992612.1
XP_070992613.1	XP_070992613.1
XP_070995904.1	XP_070995904.1
XP_070995905.1	XP_070995905.1
XP_071005914.1	XP_071005914.1
XP_071005916.1	XP_071005916.1
XP_071007975.1	XP_071007975.1
XP_071010702.1	XP_071010702.1
XP_071010704.1	XP_071010704.1
XP_071013444.1	XP_071013444.1
XP_071014262.1	XP_071014262.1
XP_071026600.1	XP_071026600.1
XP_071038868.1	XP_071038868.1
XP_071053874.1	XP_071053874.1
XP_071072744.1	XP_071072744.1
XP_071072745.1	XP_071072745.1
XP_071072747.1	XP_071072747.1
XP_071092245.1	XP_071092245.1
XP_071103189.1	XP_071103189.1
XP_071103920.1	XP_071103920.1
XP_071116712.1	XP_071116712.1
XP_071116713.1	XP_071116713.1
XP_071116714.1	XP_071116714.1
XP_071116715.1	XP_071116715.1
XP_071116716.1	XP_071116716.1
XP_071117597.1	XP_071117597.1
XP_071155485.1	XP_071155485.1
XP_071155486.1	XP_071155486.1
XP_071155487.1	XP_071155487.1
XP_071155488.1	XP_071155488.1
XP_071158669.1	XP_071158669.1
XP_071158686.1	XP_071158686.1
XP_071167994.1	XP_071167994.1
XP_071173579.1	XP_071173579.1
XP_071199717.1	XP_071199717.1
XP_071202232.1	XP_071202232.1
XP_071202236.1	XP_071202236.1
XP_071202237.1	XP_071202237.1
XP_071202238.1	XP_071202238.1
XP_071208127.1	XP_071208127.1
XP_071208129.1	XP_071208129.1
XP_071208131.1	XP_071208131.1
XP_071224403.1	XP_071224403.1
XP_071224404.1	XP_071224404.1
XP_071224405.1	XP_071224405.1
XP_071231551.1	XP_071231551.1
XP_071231552.1	XP_071231552.1
XP_071237303.1	XP_071237303.1
XP_071248205.1	XP_071248205.1
XP_071256183.1	XP_071256183.1
XP_071257295.1	XP_071257295.1
XP_071260512.1	XP_071260512.1
XP_071260513.1	XP_071260513.1
XP_071262725.1	XP_071262725.1
XP_071262727.1	XP_071262727.1
XP_071262728.1	XP_071262728.1
XP_071262729.1	XP_071262729.1
XP_071262730.1	XP_071262730.1
XP_071271259.1	XP_071271259.1
XP_071271261.1	XP_071271261.1
XP_071272271.1	XP_071272271.1
XP_071275731.1	XP_071275731.1
XP_071280915.1	XP_071280915.1
XP_071280917.1	XP_071280917.1
XP_071280919.1	XP_071280919.1
XP_071280921.1	XP_071280921.1
XP_071281362.1	XP_071281362.1
XP_071281363.1	XP_071281363.1
XP_071281364.1	XP_071281364.1
XP_071284835.1	XP_071284835.1
XP_071292835.1	XP_071292835.1
XP_071292837.1	XP_071292837.1
XP_071296472.1	XP_071296472.1
XP_071310660.1	XP_071310660.1
XP_071310666.1	XP_071310666.1
XP_071310673.1	XP_071310673.1
XP_071310678.1	XP_071310678.1
XP_071319765.1	XP_071319765.1
XP_071327114.1	XP_071327114.1
XP_071338867.1	XP_071338867.1
XP_071339545.1	XP_071339545.1
XP_071339546.1	XP_071339546.1
XP_071341775.1	XP_071341775.1
XP_071342620.1	XP_071342620.1
XP_071345573.1	XP_071345573.1
XP_071355441.1	XP_071355441.1
XP_071355442.1	XP_071355442.1
XP_071355443.1	XP_071355443.1
XP_071370312.1	XP_071370312.1
XP_071373311.1	XP_071373311.1
XP_071377243.1	XP_071377243.1
XP_071383986.1	XP_071383986.1
XP_071388763.1	XP_071388763.1
XP_071388765.1	XP_071388765.1
XP_071393901.1	XP_071393901.1
XP_071393902.1	XP_071393902.1
XP_071394804.1	XP_071394804.1
XP_071394805.1	XP_071394805.1
XP_071395921.1	XP_071395921.1
XP_071403200.1	XP_071403200.1
XP_071409760.1	XP_071409760.1
XP_071409761.1	XP_071409761.1
XP_071416105.1	XP_071416105.1
XP_071421660.1	XP_071421660.1
XP_071421666.1	XP_071421666.1
XP_071423405.1	XP_071423405.1
XP_071436116.1	XP_071436116.1
XP_071437038.1	XP_071437038.1
XP_071437039.1	XP_071437039.1
XP_071437040.1	XP_071437040.1
XP_071438819.1	XP_071438819.1
XP_071441343.1	XP_071441343.1
XP_071447666.1	XP_071447666.1
XP_071448485.1	XP_071448485.1
XP_071448662.1	XP_071448662.1
XP_071449949.1	XP_071449949.1
XP_071449950.1	XP_071449950.1
XP_071449951.1	XP_071449951.1
XP_071449952.1	XP_071449952.1
XP_071456040.1	XP_071456040.1
XP_071456599.1	XP_071456599.1
XP_071456600.1	XP_071456600.1
XP_071456601.1	XP_071456601.1
XP_071468566.1	XP_071468566.1
XP_071473925.1	XP_071473925.1
XP_071473926.1	XP_071473926.1
XP_071473927.1	XP_071473927.1
XP_071473928.1	XP_071473928.1
XP_071473929.1	XP_071473929.1
XP_071473930.1	XP_071473930.1
XP_071477669.1	XP_071477669.1
XP_071479316.1	XP_071479316.1
XP_071479539.1	XP_071479539.1
XP_071480501.1	XP_071480501.1
XP_071483991.1	XP_071483991.1
XP_071484692.1	XP_071484692.1
XP_071485357.1	XP_071485357.1
XP_071486765.1	XP_071486765.1
XP_071488814.1	XP_071488814.1
XP_071493828.1	XP_071493828.1
XP_071497779.1	XP_071497779.1
XP_071499153.1	XP_071499153.1
XP_071503334.1	XP_071503334.1
XP_071516564.1	XP_071516564.1
XP_071528060.1	XP_071528060.1
XP_071539072.1	XP_071539072.1
XP_071539111.1	XP_071539111.1
XP_071546127.1	XP_071546127.1
XP_071547239.1	XP_071547239.1
XP_071555746.1	XP_071555746.1
XP_071555831.1	XP_071555831.1
XP_071555832.1	XP_071555832.1
XP_071555834.1	XP_071555834.1
XP_071558592.1	XP_071558592.1
XP_071563446.1	XP_071563446.1
XP_071567896.1	XP_071567896.1
XP_071567898.1	XP_071567898.1
XP_071587811.1	XP_071587811.1
XP_071588339.1	XP_071588339.1
XP_071588341.1	XP_071588341.1
XP_071588342.1	XP_071588342.1
XP_071588344.1	XP_071588344.1
XP_071588346.1	XP_071588346.1
XP_071588349.1	XP_071588349.1
XP_071591032.1	XP_071591032.1
XP_071592809.1	XP_071592809.1
XP_071592810.1	XP_071592810.1
XP_071592811.1	XP_071592811.1
XP_071592812.1	XP_071592812.1
XP_071592813.1	XP_071592813.1
XP_071606224.1	XP_071606224.1
XP_071606228.1	XP_071606228.1
XP_071606230.1	XP_071606230.1
XP_071606232.1	XP_071606232.1
XP_071612969.1	XP_071612969.1
XP_071612970.1	XP_071612970.1
XP_071632888.1	XP_071632888.1
XP_071642004.1	XP_071642004.1
XP_071652007.1	XP_071652007.1
XP_071652008.1	XP_071652008.1
XP_071657539.1	XP_071657539.1
XP_071658107.1	XP_071658107.1
XP_071658702.1	XP_071658702.1
XP_071660543.1	XP_071660543.1
XP_071666333.1	XP_071666333.1
XP_071680303.1	XP_071680303.1
XP_071685721.1	XP_071685721.1
XP_071691137.1	XP_071691137.1
XP_071716223.1	XP_071716223.1
XP_071721914.1	XP_071721914.1
XP_071727478.1	XP_071727478.1
XP_071729696.1	XP_071729696.1
XP_071730592.1	XP_071730592.1
XP_071730593.1	XP_071730593.1
XP_071753043.1	XP_071753043.1
XP_071753044.1	XP_071753044.1
XP_071753481.1	XP_071753481.1
XP_071755805.2	XP_071755805.2
XP_071760292.2	XP_071760292.2
XP_071760293.2	XP_071760293.2
XP_071771013.1	XP_071771013.1
XP_071771845.2	XP_071771845.2
XP_071776983.1	XP_071776983.1
XP_071776984.1	XP_071776984.1
XP_071782877.1	XP_071782877.1
XP_071782878.1	XP_071782878.1
XP_071785604.1	XP_071785604.1
XP_071788182.1	XP_071788182.1
XP_071788200.1	XP_071788200.1
XP_071794096.1	XP_071794096.1
XP_071799513.1	XP_071799513.1
XP_071823961.1	XP_071823961.1
XP_071823962.1	XP_071823962.1
XP_071823963.1	XP_071823963.1
XP_071823966.1	XP_071823966.1
XP_071823968.1	XP_071823968.1
XP_071825825.1	XP_071825825.1
XP_071825826.1	XP_071825826.1
XP_071826582.1	XP_071826582.1
XP_071826589.1	XP_071826589.1
XP_071826590.1	XP_071826590.1
XP_071826788.1	XP_071826788.1
XP_071826792.1	XP_071826792.1
XP_071826793.1	XP_071826793.1
XP_071826794.1	XP_071826794.1
XP_071826797.1	XP_071826797.1
XP_071826798.1	XP_071826798.1
XP_071826807.1	XP_071826807.1
XP_071826826.1	XP_071826826.1
XP_071826828.1	XP_071826828.1
XP_071842493.1	XP_071842493.1
XP_071845773.1	XP_071845773.1
XP_071858279.1	XP_071858279.1
XP_071858281.1	XP_071858281.1
XP_071863835.1	XP_071863835.1
XP_071871157.1	XP_071871157.1
XP_071872552.1	XP_071872552.1
XP_071872554.1	XP_071872554.1
XP_071872555.1	XP_071872555.1
XP_071887887.1	XP_071887887.1
XP_071887888.1	XP_071887888.1
XP_071891050.1	XP_071891050.1
XP_071891051.1	XP_071891051.1
XP_071891052.1	XP_071891052.1
XP_071914397.1	XP_071914397.1
XP_071914398.1	XP_071914398.1
XP_071942434.1	XP_071942434.1
XP_071943311.1	XP_071943311.1
XP_071943312.1	XP_071943312.1
XP_071951961.1	XP_071951961.1
XP_071957977.1	XP_071957977.1
XP_071964879.1	XP_071964879.1
XP_071973784.1	XP_071973784.1
XP_071973785.1	XP_071973785.1
XP_071974575.1	XP_071974575.1
XP_071984457.1	XP_071984457.1
XP_071993772.1	XP_071993772.1
XP_071993780.1	XP_071993780.1
XP_072006953.1	XP_072006953.1
XP_072006955.1	XP_072006955.1
XP_072006956.1	XP_072006956.1
XP_072010178.1	XP_072010178.1
XP_072014110.1	XP_072014110.1
XP_072020256.1	XP_072020256.1
XP_072020945.1	XP_072020945.1
XP_072021631.1	XP_072021631.1
XP_072031731.1	XP_072031731.1
XP_072031740.1	XP_072031740.1
XP_072039215.1	XP_072039215.1
XP_072077617.1	XP_072077617.1
XP_072105295.1	XP_072105295.1
XP_072105296.1	XP_072105296.1
XP_072110015.1	XP_072110015.1
XP_072113928.1	XP_072113928.1
XP_072113930.1	XP_072113930.1
XP_072113931.1	XP_072113931.1
XP_072113933.1	XP_072113933.1
XP_072129834.1	XP_072129834.1
XP_072129839.1	XP_072129839.1
XP_072137716.1	XP_072137716.1
XP_072139367.1	XP_072139367.1
XP_072139368.1	XP_072139368.1
XP_072139369.1	XP_072139369.1
XP_072141337.1	XP_072141337.1
XP_072147912.1	XP_072147912.1
XP_072154046.1	XP_072154046.1
XP_072154423.1	XP_072154423.1
XP_072157108.1	XP_072157108.1
XP_072167227.1	XP_072167227.1
XP_072169156.1	XP_072169156.1
XP_072172612.1	XP_072172612.1
XP_072173685.1	XP_072173685.1
XP_072173760.1	XP_072173760.1
XP_072179076.1	XP_072179076.1
XP_072184530.1	XP_072184530.1
XP_072184531.1	XP_072184531.1
XP_072184532.1	XP_072184532.1
XP_072184533.1	XP_072184533.1
XP_072184899.1	XP_072184899.1
XP_072198862.1	XP_072198862.1
XP_072202415.1	XP_072202415.1
XP_072215149.1	XP_072215149.1
XP_072216065.1	XP_072216065.1
XP_072226535.1	XP_072226535.1
XP_072226536.1	XP_072226536.1
XP_072229815.1	XP_072229815.1
XP_072234806.1	XP_072234806.1
XP_072234807.1	XP_072234807.1
XP_072236275.1	XP_072236275.1
XP_072243627.1	XP_072243627.1
XP_072243629.1	XP_072243629.1
XP_072244149.1	XP_072244149.1
XP_072244997.1	XP_072244997.1
XP_072250741.1	XP_072250741.1
XP_072260174.1	XP_072260174.1
XP_072268770.1	XP_072268770.1
XP_072269467.1	XP_072269467.1
XP_072272419.1	XP_072272419.1
XP_072275748.1	XP_072275748.1
XP_072275752.1	XP_072275752.1
XP_072277721.1	XP_072277721.1
XP_072277722.1	XP_072277722.1
XP_072279031.1	XP_072279031.1
XP_072279032.1	XP_072279032.1
XP_072279033.1	XP_072279033.1
XP_072279034.1	XP_072279034.1
XP_072279036.1	XP_072279036.1
XP_072279037.1	XP_072279037.1
XP_072289734.1	XP_072289734.1
XP_072290267.1	XP_072290267.1
XP_072290269.1	XP_072290269.1
XP_072294371.1	XP_072294371.1
XP_072303789.1	XP_072303789.1
XP_072303790.1	XP_072303790.1
XP_072307224.1	XP_072307224.1
XP_072312353.1	XP_072312353.1
XP_072316857.1	XP_072316857.1
XP_072318105.1	XP_072318105.1
XP_072343265.1	XP_072343265.1
XP_072343266.1	XP_072343266.1
XP_072364482.1	XP_072364482.1
XP_072364483.1	XP_072364483.1
XP_072365582.1	XP_072365582.1
XP_072365583.1	XP_072365583.1
XP_072365584.1	XP_072365584.1
XP_072365585.1	XP_072365585.1
XP_072366977.1	XP_072366977.1
XP_072366978.1	XP_072366978.1
XP_072366979.1	XP_072366979.1
XP_072366980.1	XP_072366980.1
XP_072366981.1	XP_072366981.1
XP_072372090.1	XP_072372090.1
XP_072372091.1	XP_072372091.1
XP_072372812.1	XP_072372812.1
XP_072372813.1	XP_072372813.1
XP_072374326.1	XP_072374326.1
XP_072376132.1	XP_072376132.1
XP_072376138.1	XP_072376138.1
XP_072376143.1	XP_072376143.1
XP_072383509.1	XP_072383509.1
XP_072383510.1	XP_072383510.1
XP_072383511.1	XP_072383511.1
XP_072385019.1	XP_072385019.1
XP_072387295.1	XP_072387295.1
XP_072390141.1	XP_072390141.1
XP_072403425.1	XP_072403425.1
XP_072417756.1	XP_072417756.1
XP_072417757.1	XP_072417757.1
XP_072430410.1	XP_072430410.1
XP_072430412.1	XP_072430412.1
XP_072430413.1	XP_072430413.1
XP_072430414.1	XP_072430414.1
XP_072430415.1	XP_072430415.1
XP_072430416.1	XP_072430416.1
XP_072431243.1	XP_072431243.1
XP_072431244.1	XP_072431244.1
XP_072431246.1	XP_072431246.1
XP_072431247.1	XP_072431247.1
XP_072432148.1	XP_072432148.1
XP_072432150.1	XP_072432150.1
XP_072441972.1	XP_072441972.1
XP_072441976.1	XP_072441976.1
XP_072452238.1	XP_072452238.1
XP_072453065.1	XP_072453065.1
XP_072453068.1	XP_072453068.1
XP_072453069.1	XP_072453069.1
XP_072453070.1	XP_072453070.1
XP_072453071.1	XP_072453071.1
XP_072461494.1	XP_072461494.1
XP_072461495.1	XP_072461495.1
XP_072461496.1	XP_072461496.1
XP_072461497.1	XP_072461497.1
XP_072462531.1	XP_072462531.1
XP_072462537.1	XP_072462537.1
XP_072488270.1	XP_072488270.1
XP_072488271.1	XP_072488271.1
XP_072488273.1	XP_072488273.1
XP_072488274.1	XP_072488274.1
XP_072493238.1	XP_072493238.1
XP_072493239.1	XP_072493239.1
XP_072493240.1	XP_072493240.1
XP_072493242.1	XP_072493242.1
XP_072505565.1	XP_072505565.1
XP_072505566.1	XP_072505566.1
XP_072505567.1	XP_072505567.1
XP_072505568.1	XP_072505568.1
XP_072505570.1	XP_072505570.1
XP_072507946.1	XP_072507946.1
XP_072507947.1	XP_072507947.1
XP_072507948.1	XP_072507948.1
XP_072521296.1	XP_072521296.1
XP_072523419.1	XP_072523419.1
XP_072523476.1	XP_072523476.1
XP_072527677.1	XP_072527677.1
XP_072531989.1	XP_072531989.1
XP_072535068.1	XP_072535068.1
XP_072552296.1	XP_072552296.1
XP_072552297.1	XP_072552297.1
XP_072569105.1	XP_072569105.1
XP_072580045.1	XP_072580045.1
XP_072580046.1	XP_072580046.1
XP_072580047.1	XP_072580047.1
XP_072580048.1	XP_072580048.1
XP_072580049.1	XP_072580049.1
XP_072580050.1	XP_072580050.1
XP_072580051.1	XP_072580051.1
XP_072580052.1	XP_072580052.1
XP_072580054.1	XP_072580054.1
XP_072580055.1	XP_072580055.1
XP_072580056.1	XP_072580056.1
XP_072580057.1	XP_072580057.1
XP_072580058.1	XP_072580058.1
XP_072580059.1	XP_072580059.1
XP_072580060.1	XP_072580060.1
XP_072606373.1	XP_072606373.1
XP_072608782.1	XP_072608782.1
XP_072608783.1	XP_072608783.1
XP_072608784.1	XP_072608784.1
XP_072608785.1	XP_072608785.1
XP_072619504.1	XP_072619504.1
XP_072619515.1	XP_072619515.1
XP_072619540.1	XP_072619540.1
XP_072619545.1	XP_072619545.1
XP_072619552.1	XP_072619552.1
XP_072619566.1	XP_072619566.1
XP_072628191.1	XP_072628191.1
XP_072683216.1	XP_072683216.1
XP_072683217.1	XP_072683217.1
XP_072683218.1	XP_072683218.1
XP_072683219.1	XP_072683219.1
XP_072709156.1	XP_072709156.1
XP_072709157.1	XP_072709157.1
XP_072709158.1	XP_072709158.1
XP_072709159.1	XP_072709159.1
XP_072710645.1	XP_072710645.1
XP_072715146.1	XP_072715146.1
XP_072715149.1	XP_072715149.1
XP_072715150.1	XP_072715150.1
XP_072715493.1	XP_072715493.1
XP_072715496.1	XP_072715496.1
XP_072715497.1	XP_072715497.1
XP_072725054.1	XP_072725054.1
XP_072725056.1	XP_072725056.1
XP_072725057.1	XP_072725057.1
XP_072725058.1	XP_072725058.1
XP_072728804.1	XP_072728804.1
XP_072728805.1	XP_072728805.1
XP_072736918.1	XP_072736918.1
XP_072737351.1	XP_072737351.1
XP_072747867.1	XP_072747867.1
XP_072747868.1	XP_072747868.1
XP_072752207.1	XP_072752207.1
XP_072753836.1	XP_072753836.1
XP_072753986.1	XP_072753986.1
XP_072757266.1	XP_072757266.1
XP_072771729.1	XP_072771729.1
XP_072776240.1	XP_072776240.1
XP_072814560.1	XP_072814560.1
XP_072814977.1	XP_072814977.1
XP_072814978.1	XP_072814978.1
XP_072815283.1	XP_072815283.1
XP_072815287.1	XP_072815287.1
XP_072815288.1	XP_072815288.1
XP_072815289.1	XP_072815289.1
XP_072823433.1	XP_072823433.1
XP_072823434.1	XP_072823434.1
XP_072823435.1	XP_072823435.1
XP_072823436.1	XP_072823436.1
XP_072826220.1	XP_072826220.1
XP_072836971.2	XP_072836971.2
XP_072863401.1	XP_072863401.1
XP_072870944.1	XP_072870944.1
XP_072871459.1	XP_072871459.1
XP_072871460.1	XP_072871460.1
XP_072871461.1	XP_072871461.1
XP_072877558.1	XP_072877558.1
XP_072880468.1	XP_072880468.1
XP_072880469.1	XP_072880469.1
XP_072880470.1	XP_072880470.1
XP_072880471.1	XP_072880471.1
XP_072904315.1	XP_072904315.1
XP_072910852.1	XP_072910852.1
XP_072919096.1	XP_072919096.1
XP_072919099.1	XP_072919099.1
XP_072919100.1	XP_072919100.1
XP_072919101.1	XP_072919101.1
XP_072926146.1	XP_072926146.1
XP_072927139.1	XP_072927139.1
XP_072927165.1	XP_072927165.1
XP_072927173.1	XP_072927173.1
XP_072927753.1	XP_072927753.1
XP_072927754.1	XP_072927754.1
XP_072929484.1	XP_072929484.1
XP_072929489.1	XP_072929489.1
XP_072929815.1	XP_072929815.1
XP_072938177.1	XP_072938177.1
XP_072947972.1	XP_072947972.1
XP_072955184.1	XP_072955184.1
XP_072957155.1	XP_072957155.1
XP_072967991.1	XP_072967991.1
XP_072974803.1	XP_072974803.1
XP_072988802.1	XP_072988802.1
XP_072993770.1	XP_072993770.1
XP_073006870.1	XP_073006870.1
XP_073009309.1	XP_073009309.1
XP_073009312.1	XP_073009312.1
XP_073009314.1	XP_073009314.1
XP_073009315.1	XP_073009315.1
XP_073026693.1	XP_073026693.1
XP_073028781.1	XP_073028781.1
XP_073036600.1	XP_073036600.1
XP_073036604.1	XP_073036604.1
XP_073036608.1	XP_073036608.1
XP_073036614.1	XP_073036614.1
XP_073038454.1	XP_073038454.1
XP_073041959.1	XP_073041959.1
XP_073041968.1	XP_073041968.1
XP_073041973.1	XP_073041973.1
XP_073041979.1	XP_073041979.1
XP_073041983.1	XP_073041983.1
XP_073045164.1	XP_073045164.1
XP_073045165.1	XP_073045165.1
XP_073065443.1	XP_073065443.1
XP_073065445.1	XP_073065445.1
XP_073065446.1	XP_073065446.1
XP_073065447.1	XP_073065447.1
XP_073073746.1	XP_073073746.1
XP_073073747.1	XP_073073747.1
XP_073073748.1	XP_073073748.1
XP_073081896.1	XP_073081896.1
XP_073084838.1	XP_073084838.1
XP_073084839.1	XP_073084839.1
XP_073084840.1	XP_073084840.1
XP_073084841.1	XP_073084841.1
XP_073084842.1	XP_073084842.1
XP_073085115.1	XP_073085115.1
XP_073090029.1	XP_073090029.1
XP_073090030.1	XP_073090030.1
XP_073090031.1	XP_073090031.1
XP_073090032.1	XP_073090032.1
XP_073090033.1	XP_073090033.1
XP_073090034.1	XP_073090034.1
XP_073090035.1	XP_073090035.1
XP_073090036.1	XP_073090036.1
XP_073090037.1	XP_073090037.1
XP_073090039.1	XP_073090039.1
XP_073103052.1	XP_073103052.1
XP_073103053.1	XP_073103053.1
XP_073103054.1	XP_073103054.1
XP_073103055.1	XP_073103055.1
XP_073103056.1	XP_073103056.1
XP_073103064.1	XP_073103064.1
XP_073115269.1	XP_073115269.1
XP_073115270.1	XP_073115270.1
XP_073128363.1	XP_073128363.1
XP_073129207.1	XP_073129207.1
XP_073129210.1	XP_073129210.1
XP_073139689.1	XP_073139689.1
XP_073141724.1	XP_073141724.1
XP_073151855.1	XP_073151855.1
XP_073151856.1	XP_073151856.1
XP_073163766.1	XP_073163766.1
XP_073163769.1	XP_073163769.1
XP_073188500.1	XP_073188500.1
XP_073188501.1	XP_073188501.1
XP_073188502.1	XP_073188502.1
XP_073188503.1	XP_073188503.1
XP_073190463.2	XP_073190463.2
XP_073190464.1	XP_073190464.1
XP_073200241.1	XP_073200241.1
XP_073200244.1	XP_073200244.1
XP_073201107.2	XP_073201107.2
XP_073201111.2	XP_073201111.2
XP_073208198.2	XP_073208198.2
XP_073213788.1	XP_073213788.1
XP_073213799.1	XP_073213799.1
XP_073213800.1	XP_073213800.1
XP_073213801.1	XP_073213801.1
XP_073213802.1	XP_073213802.1
XP_073221442.1	XP_073221442.1
XP_073225226.1	XP_073225226.1
XP_073227991.1	XP_073227991.1
XP_073229523.1	XP_073229523.1
XP_073233264.1	XP_073233264.1
XP_073236042.1	XP_073236042.1
XP_073242947.1	XP_073242947.1
XP_073243301.1	XP_073243301.1
XP_073278061.1	XP_073278061.1
XP_073283295.1	XP_073283295.1
XP_073283296.1	XP_073283296.1
XP_073283297.1	XP_073283297.1
XP_073283298.1	XP_073283298.1
XP_073286113.1	XP_073286113.1
XP_073288396.1	XP_073288396.1
XP_073288397.1	XP_073288397.1
XP_073288398.1	XP_073288398.1
XP_073288399.1	XP_073288399.1
XP_073288640.1	XP_073288640.1
XP_073288642.1	XP_073288642.1
XP_073293189.1	XP_073293189.1
XP_073293190.1	XP_073293190.1
XP_073293191.1	XP_073293191.1
XP_073293192.1	XP_073293192.1
XP_073293193.1	XP_073293193.1
XP_073310328.1	XP_073310328.1
XP_073310330.1	XP_073310330.1
XP_073310331.1	XP_073310331.1
XP_073310332.1	XP_073310332.1
XP_073313102.1	XP_073313102.1
XP_073319581.1	XP_073319581.1
XP_073320275.1	XP_073320275.1
XP_073322097.1	XP_073322097.1
XP_073323177.1	XP_073323177.1
XP_073332291.1	XP_073332291.1
XP_073332296.1	XP_073332296.1
XP_073332297.1	XP_073332297.1
XP_073342040.1	XP_073342040.1
XP_073342042.1	XP_073342042.1
XP_073342043.1	XP_073342043.1
XP_073344599.1	XP_073344599.1
XP_073345878.1	XP_073345878.1
XP_073352053.1	XP_073352053.1
XP_073392285.1	XP_073392285.1
XP_073392286.1	XP_073392286.1
XP_073402091.1	XP_073402091.1
XP_073402092.1	XP_073402092.1
XP_073410755.1	XP_073410755.1
XP_073419842.1	XP_073419842.1
XP_073432271.1	XP_073432271.1
XP_073432272.1	XP_073432272.1
XP_073437816.1	XP_073437816.1
XP_073440270.1	XP_073440270.1
XP_073449626.1	XP_073449626.1
XP_073461094.1	XP_073461094.1
XP_073461095.1	XP_073461095.1
XP_073461096.1	XP_073461096.1
XP_073461097.1	XP_073461097.1
XP_073461407.1	XP_073461407.1
XP_073479838.1	XP_073479838.1
XP_073485947.1	XP_073485947.1
XP_073489488.1	XP_073489488.1
XP_073499568.1	XP_073499568.1
XP_073514577.1	XP_073514577.1
XP_073515469.1	XP_073515469.1
XP_073515470.1	XP_073515470.1
XP_073527049.1	XP_073527049.1
XP_073533695.1	XP_073533695.1
XP_073536289.1	XP_073536289.1
XP_073536290.1	XP_073536290.1
XP_073544057.1	XP_073544057.1
XP_073545105.1	XP_073545105.1
XP_073553713.1	XP_073553713.1
XP_073556939.1	XP_073556939.1
XP_073563148.1	XP_073563148.1
XP_073573924.1	XP_073573924.1
XP_073578914.1	XP_073578914.1
XP_073599392.1	XP_073599392.1
XP_073604487.1	XP_073604487.1
XP_073606653.1	XP_073606653.1
XP_073619986.1	XP_073619986.1
XP_073630505.1	XP_073630505.1
XP_073640258.1	XP_073640258.1
XP_073645878.1	XP_073645878.1
XP_073662096.1	XP_073662096.1
XP_073662097.1	XP_073662097.1
XP_073665175.1	XP_073665175.1
XP_073678044.1	XP_073678044.1
XP_073678856.1	XP_073678856.1
XP_073684592.1	XP_073684592.1
XP_073684759.1	XP_073684759.1
XP_073692160.1	XP_073692160.1
XP_073695734.1	XP_073695734.1
XP_073695836.1	XP_073695836.1
XP_073703936.1	XP_073703936.1
XP_073736783.1	XP_073736783.1
XP_073736784.1	XP_073736784.1
XP_073739697.1	XP_073739697.1
XP_073747199.1	XP_073747199.1
XP_073763052.1	XP_073763052.1
XP_073787879.1	XP_073787879.1
XP_073787880.1	XP_073787880.1
XP_073807762.1	XP_073807762.1
XP_073829628.1	XP_073829628.1
XP_073830838.1	XP_073830838.1
XP_073832341.1	XP_073832341.1
XP_073834169.1	XP_073834169.1
XP_073842335.1	XP_073842335.1
XP_073842336.1	XP_073842336.1
XP_073842338.1	XP_073842338.1
XP_073849230.1	XP_073849230.1
XP_073857424.1	XP_073857424.1
XP_073862651.1	XP_073862651.1
XP_073862657.1	XP_073862657.1
XP_073862661.1	XP_073862661.1
XP_073862669.1	XP_073862669.1
XP_073862677.1	XP_073862677.1
XP_073862686.1	XP_073862686.1
XP_073862687.1	XP_073862687.1
XP_073862695.1	XP_073862695.1
XP_073862697.1	XP_073862697.1
XP_073862700.1	XP_073862700.1
XP_073862705.1	XP_073862705.1
XP_073862707.1	XP_073862707.1
XP_073862710.1	XP_073862710.1
XP_073862711.1	XP_073862711.1
XP_073862713.1	XP_073862713.1
XP_073862717.1	XP_073862717.1
XP_073862725.1	XP_073862725.1
XP_073862738.1	XP_073862738.1
XP_073862747.1	XP_073862747.1
XP_073862761.1	XP_073862761.1
XP_073862768.1	XP_073862768.1
XP_073869519.1	XP_073869519.1
XP_073873857.1	XP_073873857.1
XP_073873858.1	XP_073873858.1
XP_073873859.1	XP_073873859.1
XP_073873860.1	XP_073873860.1
XP_073903314.1	XP_073903314.1
XP_073903324.1	XP_073903324.1
XP_073903327.1	XP_073903327.1
XP_073908712.1	XP_073908712.1
XP_073908713.1	XP_073908713.1
XP_073908714.1	XP_073908714.1
XP_073908715.1	XP_073908715.1
XP_073912132.1	XP_073912132.1
XP_073912133.1	XP_073912133.1
XP_073912134.1	XP_073912134.1
XP_073933859.1	XP_073933859.1
XP_073936218.1	XP_073936218.1
XP_073936219.1	XP_073936219.1
XP_073936220.1	XP_073936220.1
XP_073936221.1	XP_073936221.1
XP_073936222.1	XP_073936222.1
XP_073936223.1	XP_073936223.1
XP_073936224.1	XP_073936224.1
XP_073936225.1	XP_073936225.1
XP_073946465.1	XP_073946465.1
XP_073946479.1	XP_073946479.1
XP_073946483.1	XP_073946483.1
XP_073946484.1	XP_073946484.1
XP_073946495.1	XP_073946495.1
XP_073960566.1	XP_073960566.1
XP_073962368.1	XP_073962368.1
XP_073968730.1	XP_073968730.1
XP_073980207.1	XP_073980207.1
XP_073986398.1	XP_073986398.1
XP_073990108.1	XP_073990108.1
XP_073996790.1	XP_073996790.1
XP_074002501.1	XP_074002501.1
XP_074002502.1	XP_074002502.1
XP_074007807.1	XP_074007807.1
XP_074013381.1	XP_074013381.1
XP_074013977.1	XP_074013977.1
XP_074013978.1	XP_074013978.1
XP_074021843.1	XP_074021843.1
XP_074021906.1	XP_074021906.1
XP_074021907.1	XP_074021907.1
XP_074021908.1	XP_074021908.1
XP_074023774.1	XP_074023774.1
XP_074038706.1	XP_074038706.1
XP_074049165.1	XP_074049165.1
XP_074049166.1	XP_074049166.1
XP_074057034.1	XP_074057034.1
XP_074060384.1	XP_074060384.1
XP_074060385.1	XP_074060385.1
XP_074063272.1	XP_074063272.1
XP_074063273.1	XP_074063273.1
XP_074067470.1	XP_074067470.1
XP_074067471.1	XP_074067471.1
XP_074067472.1	XP_074067472.1
XP_074067473.1	XP_074067473.1
XP_074077526.1	XP_074077526.1
XP_074077531.1	XP_074077531.1
XP_074077532.1	XP_074077532.1
XP_074077533.1	XP_074077533.1
XP_074077534.1	XP_074077534.1
XP_074077535.1	XP_074077535.1
XP_074077537.1	XP_074077537.1
XP_074077538.1	XP_074077538.1
XP_074087395.1	XP_074087395.1
XP_074087396.1	XP_074087396.1
XP_074096737.1	XP_074096737.1
XP_074097822.1	XP_074097822.1
XP_074097824.1	XP_074097824.1
XP_074097825.1	XP_074097825.1
XP_074101750.1	XP_074101750.1
XP_074110234.1	XP_074110234.1
XP_074112438.1	XP_074112438.1
XP_074116019.1	XP_074116019.1
XP_074122020.1	XP_074122020.1
XP_074122021.1	XP_074122021.1
XP_074122022.1	XP_074122022.1
XP_074122024.1	XP_074122024.1
XP_074122025.1	XP_074122025.1
XP_074122026.1	XP_074122026.1
XP_074123119.1	XP_074123119.1
XP_074123120.1	XP_074123120.1
XP_074128528.1	XP_074128528.1
XP_074128530.1	XP_074128530.1
XP_074136145.1	XP_074136145.1
XP_074137755.1	XP_074137755.1
XP_074137758.1	XP_074137758.1
XP_074137760.1	XP_074137760.1
XP_074137761.1	XP_074137761.1
XP_074137762.1	XP_074137762.1
XP_074138452.1	XP_074138452.1
XP_074138455.1	XP_074138455.1
XP_074149449.1	XP_074149449.1
XP_074171024.1	XP_074171024.1
XP_074171025.1	XP_074171025.1
XP_074171026.1	XP_074171026.1
XP_074171027.1	XP_074171027.1
XP_074185203.1	XP_074185203.1
XP_074185205.1	XP_074185205.1
XP_074185206.1	XP_074185206.1
XP_074185207.1	XP_074185207.1
XP_074190822.1	XP_074190822.1
XP_074190823.1	XP_074190823.1
XP_074212146.1	XP_074212146.1
XP_074219177.1	XP_074219177.1
XP_074219181.1	XP_074219181.1
XP_074219182.1	XP_074219182.1
XP_074232584.1	XP_074232584.1
XP_074232585.1	XP_074232585.1
XP_074232586.1	XP_074232586.1
XP_074232587.1	XP_074232587.1
XP_074232588.1	XP_074232588.1
XP_074232589.1	XP_074232589.1
XP_074232590.1	XP_074232590.1
XP_074232591.1	XP_074232591.1
XP_074232592.1	XP_074232592.1
XP_074232593.1	XP_074232593.1
XP_074236924.1	XP_074236924.1
XP_074236925.1	XP_074236925.1
XP_074236926.1	XP_074236926.1
XP_074236929.1	XP_074236929.1
XP_074236930.1	XP_074236930.1
XP_074240439.1	XP_074240439.1
XP_074251593.1	XP_074251593.1
XP_074251595.1	XP_074251595.1
XP_074251596.1	XP_074251596.1
XP_074261297.1	XP_074261297.1
XP_074261298.1	XP_074261298.1
XP_074263221.1	XP_074263221.1
XP_074264537.1	XP_074264537.1
XP_074264540.1	XP_074264540.1
XP_074287099.1	XP_074287099.1
XP_074287102.1	XP_074287102.1
XP_074287103.1	XP_074287103.1
XP_074287104.1	XP_074287104.1
XP_074287105.1	XP_074287105.1
XP_074287301.1	XP_074287301.1
XP_074290449.1	XP_074290449.1
XP_074302280.1	XP_074302280.1
XP_074308218.1	XP_074308218.1
XP_074326334.1	XP_074326334.1
XP_074328684.1	XP_074328684.1
XP_074339148.1	XP_074339148.1
XP_074339152.1	XP_074339152.1
XP_074339153.1	XP_074339153.1
XP_074339154.1	XP_074339154.1
XP_074341396.1	XP_074341396.1
XP_074351727.1	XP_074351727.1
XP_074357608.1	XP_074357608.1
XP_074357611.1	XP_074357611.1
XP_074357612.1	XP_074357612.1
XP_074358074.1	XP_074358074.1
XP_074359645.1	XP_074359645.1
XP_074359647.1	XP_074359647.1
XP_074359650.1	XP_074359650.1
XP_074367577.1	XP_074367577.1
XP_074401891.1	XP_074401891.1
XP_074401893.1	XP_074401893.1
XP_074407302.1	XP_074407302.1
XP_074424089.1	XP_074424089.1
XP_074425019.1	XP_074425019.1
XP_074425020.1	XP_074425020.1
XP_074425510.1	XP_074425510.1
XP_074425513.1	XP_074425513.1
XP_074430473.1	XP_074430473.1
XP_074432357.1	XP_074432357.1
XP_074432361.1	XP_074432361.1
XP_074454798.1	XP_074454798.1
XP_074454805.1	XP_074454805.1
XP_074465977.1	XP_074465977.1
XP_074469311.1	XP_074469311.1
XP_074469312.1	XP_074469312.1
XP_074469313.1	XP_074469313.1
XP_074475975.1	XP_074475975.1
XP_074477732.1	XP_074477732.1
XP_074477733.1	XP_074477733.1
XP_074477734.1	XP_074477734.1
XP_074492424.1	XP_074492424.1
XP_074492426.1	XP_074492426.1
XP_074494263.1	XP_074494263.1
XP_074495306.1	XP_074495306.1
XP_074495308.1	XP_074495308.1
XP_074510326.1	XP_074510326.1
XP_074519158.1	XP_074519158.1
XP_074522886.1	XP_074522886.1
XP_074524137.1	XP_074524137.1
XP_074524138.1	XP_074524138.1
XP_074525607.1	XP_074525607.1
XP_074527368.1	XP_074527368.1
XP_074539958.1	XP_074539958.1
XP_074542804.1	XP_074542804.1
XP_074542805.1	XP_074542805.1
XP_074549720.1	XP_074549720.1
XP_074570152.1	XP_074570152.1
XP_074571128.1	XP_074571128.1
XP_074571129.1	XP_074571129.1
XP_074578986.1	XP_074578986.1
XP_074585126.1	XP_074585126.1
XP_074592544.1	XP_074592544.1
XP_074592545.1	XP_074592545.1
XP_074592822.1	XP_074592822.1
XP_074593472.1	XP_074593472.1
XP_074595864.1	XP_074595864.1
XP_074596028.1	XP_074596028.1
XP_074601028.1	XP_074601028.1
XP_074610727.1	XP_074610727.1
XP_074619042.1	XP_074619042.1
XP_074622924.1	XP_074622924.1
XP_074622925.1	XP_074622925.1
XP_074623970.1	XP_074623970.1
XP_074624999.1	XP_074624999.1
XP_074625000.1	XP_074625000.1
XP_074627388.1	XP_074627388.1
XP_074640182.1	XP_074640182.1
XP_074640184.1	XP_074640184.1
XP_074652029.1	XP_074652029.1
XP_074652544.1	XP_074652544.1
XP_074661802.1	XP_074661802.1
XP_074663084.1	XP_074663084.1
XP_074669435.1	XP_074669435.1
XP_074669437.1	XP_074669437.1
XP_074669438.1	XP_074669438.1
XP_074669928.1	XP_074669928.1
XP_074669931.1	XP_074669931.1
XP_074669933.1	XP_074669933.1
XP_074669934.1	XP_074669934.1
XP_074669935.1	XP_074669935.1
XP_074669936.1	XP_074669936.1
XP_074669937.1	XP_074669937.1
XP_074670041.1	XP_074670041.1
XP_074681692.1	XP_074681692.1
XP_074681701.1	XP_074681701.1
XP_074681711.1	XP_074681711.1
XP_074681715.1	XP_074681715.1
XP_074688124.1	XP_074688124.1
XP_074688128.1	XP_074688128.1
XP_074688129.1	XP_074688129.1
XP_074688130.1	XP_074688130.1
XP_074689355.1	XP_074689355.1
XP_074696220.1	XP_074696220.1
XP_074711014.1	XP_074711014.1
XP_074711017.1	XP_074711017.1
XP_074711018.1	XP_074711018.1
XP_074711019.1	XP_074711019.1
XP_074711020.1	XP_074711020.1
XP_074711021.1	XP_074711021.1
XP_074711023.1	XP_074711023.1
XP_074712810.1	XP_074712810.1
XP_074712811.1	XP_074712811.1
XP_074712812.1	XP_074712812.1
XP_074714006.1	XP_074714006.1
XP_074714119.1	XP_074714119.1
XP_074722995.1	XP_074722995.1
XP_074732139.1	XP_074732139.1
XP_074732143.1	XP_074732143.1
XP_074732144.1	XP_074732144.1
XP_074738248.1	XP_074738248.1
XP_074755585.1	XP_074755585.1
XP_074755586.1	XP_074755586.1
XP_074755588.1	XP_074755588.1
XP_074755589.1	XP_074755589.1
XP_074756162.1	XP_074756162.1
XP_074762300.1	XP_074762300.1
XP_074762301.1	XP_074762301.1
XP_074769470.1	XP_074769470.1
XP_074769471.1	XP_074769471.1
XP_074786321.1	XP_074786321.1
XP_074786323.1	XP_074786323.1
XP_074788397.1	XP_074788397.1
XP_074788582.1	XP_074788582.1
XP_074788583.1	XP_074788583.1
XP_074788584.1	XP_074788584.1
XP_074788585.1	XP_074788585.1
XP_074788586.1	XP_074788586.1
XP_074801167.1	XP_074801167.1
XP_074801168.1	XP_074801168.1
XP_074801169.1	XP_074801169.1
XP_074801170.1	XP_074801170.1
XP_074802250.1	XP_074802250.1
XP_074809264.1	XP_074809264.1
XP_074809265.1	XP_074809265.1
XP_074809267.1	XP_074809267.1
XP_074810073.1	XP_074810073.1
XP_074815898.1	XP_074815898.1
XP_074817829.1	XP_074817829.1
XP_074817832.1	XP_074817832.1
XP_074817833.1	XP_074817833.1
XP_074817834.1	XP_074817834.1
XP_074817835.1	XP_074817835.1
XP_074824730.1	XP_074824730.1
XP_074841019.1	XP_074841019.1
XP_074841020.1	XP_074841020.1
XP_074843974.1	XP_074843974.1
XP_074843975.1	XP_074843975.1
XP_074843976.1	XP_074843976.1
XP_074843977.1	XP_074843977.1
XP_074843979.1	XP_074843979.1
XP_074843980.1	XP_074843980.1
XP_074851246.1	XP_074851246.1
XP_074851247.1	XP_074851247.1
XP_074851248.1	XP_074851248.1
XP_074851249.1	XP_074851249.1
XP_074851566.1	XP_074851566.1
XP_074851567.1	XP_074851567.1
XP_074851568.1	XP_074851568.1
XP_074859520.1	XP_074859520.1
XP_074859524.1	XP_074859524.1
XP_074859525.1	XP_074859525.1
XP_074859526.1	XP_074859526.1
XP_074860915.1	XP_074860915.1
XP_074860916.1	XP_074860916.1
XP_074864836.1	XP_074864836.1
XP_074864839.1	XP_074864839.1
XP_074864840.1	XP_074864840.1
XP_074875969.1	XP_074875969.1
XP_074875970.1	XP_074875970.1
XP_074875971.1	XP_074875971.1
XP_074876985.1	XP_074876985.1
XP_074876986.1	XP_074876986.1
XP_074893207.1	XP_074893207.1
XP_074893208.1	XP_074893208.1
XP_074893211.1	XP_074893211.1
XP_074896304.1	XP_074896304.1
XP_074896305.1	XP_074896305.1
XP_074902901.1	XP_074902901.1
XP_074908280.1	XP_074908280.1
XP_074908281.1	XP_074908281.1
XP_074908282.1	XP_074908282.1
XP_074908283.1	XP_074908283.1
XP_074908284.1	XP_074908284.1
XP_074915447.1	XP_074915447.1
XP_074918770.1	XP_074918770.1
XP_074923596.1	XP_074923596.1
XP_074923714.1	XP_074923714.1
XP_074923715.1	XP_074923715.1
XP_074932738.1	XP_074932738.1
XP_074933360.1	XP_074933360.1
XP_074933362.1	XP_074933362.1
XP_074933363.1	XP_074933363.1
XP_074935445.1	XP_074935445.1
XP_074935448.1	XP_074935448.1
XP_074935449.1	XP_074935449.1
XP_074935452.1	XP_074935452.1
XP_074935510.1	XP_074935510.1
XP_074935511.1	XP_074935511.1
XP_074938650.1	XP_074938650.1
XP_074953714.1	XP_074953714.1
XP_074953716.1	XP_074953716.1
XP_074957666.1	XP_074957666.1
XP_074974470.1	XP_074974470.1
XP_074981567.1	XP_074981567.1
XP_074982054.1	XP_074982054.1
XP_074984774.1	XP_074984774.1
XP_074984775.1	XP_074984775.1
XP_074986579.1	XP_074986579.1
XP_074986580.1	XP_074986580.1
XP_074986581.1	XP_074986581.1
XP_074987947.1	XP_074987947.1
XP_074987948.1	XP_074987948.1
XP_074991312.1	XP_074991312.1
XP_074992067.1	XP_074992067.1
XP_074992068.1	XP_074992068.1
XP_074992137.1	XP_074992137.1
XP_074992756.1	XP_074992756.1
XP_074992757.1	XP_074992757.1
XP_074992758.1	XP_074992758.1
XP_074992759.1	XP_074992759.1
XP_074992760.1	XP_074992760.1
XP_074992761.1	XP_074992761.1
XP_074992762.1	XP_074992762.1
XP_074992763.1	XP_074992763.1
XP_074994476.1	XP_074994476.1
XP_074994482.1	XP_074994482.1
XP_074994483.1	XP_074994483.1
XP_074994485.1	XP_074994485.1
XP_074994486.1	XP_074994486.1
XP_074994487.1	XP_074994487.1
XP_074994489.1	XP_074994489.1
XP_074998523.1	XP_074998523.1
XP_074998524.1	XP_074998524.1
XP_074998525.1	XP_074998525.1
XP_074998526.1	XP_074998526.1
XP_074998527.1	XP_074998527.1
XP_074998528.1	XP_074998528.1
XP_075000098.1	XP_075000098.1
XP_075011856.1	XP_075011856.1
XP_075011862.1	XP_075011862.1
XP_075011863.1	XP_075011863.1
XP_075011864.1	XP_075011864.1
XP_075017299.1	XP_075017299.1
XP_075017300.1	XP_075017300.1
XP_075038199.1	XP_075038199.1
XP_075038200.1	XP_075038200.1
XP_075038459.1	XP_075038459.1
XP_075038468.1	XP_075038468.1
XP_075044663.1	XP_075044663.1
XP_075044664.1	XP_075044664.1
XP_075044665.1	XP_075044665.1
XP_075044950.1	XP_075044950.1
XP_075044951.1	XP_075044951.1
XP_075044952.1	XP_075044952.1
XP_075067173.1	XP_075067173.1
XP_075068119.1	XP_075068119.1
XP_075068854.1	XP_075068854.1
XP_075085403.1	XP_075085403.1
XP_075085404.1	XP_075085404.1
XP_075085405.1	XP_075085405.1
XP_075085706.1	XP_075085706.1
XP_075085707.1	XP_075085707.1
XP_075101250.1	XP_075101250.1
XP_075101251.1	XP_075101251.1
XP_075113044.1	XP_075113044.1
XP_075126114.1	XP_075126114.1
XP_075127722.1	XP_075127722.1
XP_075132817.1	XP_075132817.1
XP_075133990.1	XP_075133990.1
XP_075133998.1	XP_075133998.1
XP_075137281.1	XP_075137281.1
XP_075137936.1	XP_075137936.1
XP_075137937.1	XP_075137937.1
XP_075143957.1	XP_075143957.1
XP_075146734.1	XP_075146734.1
XP_075148765.1	XP_075148765.1
XP_075148766.1	XP_075148766.1
XP_075154253.1	XP_075154253.1
XP_075154292.1	XP_075154292.1
XP_075154293.1	XP_075154293.1
XP_075158875.1	XP_075158875.1
XP_075160825.1	XP_075160825.1
XP_075171632.1	XP_075171632.1
XP_075174640.1	XP_075174640.1
XP_075176207.1	XP_075176207.1
XP_075181863.1	XP_075181863.1
XP_075181865.1	XP_075181865.1
XP_075181868.1	XP_075181868.1
XP_075181888.1	XP_075181888.1
XP_075210351.1	XP_075210351.1
XP_075211054.1	XP_075211054.1
XP_075217999.1	XP_075217999.1
XP_075218744.1	XP_075218744.1
XP_075218746.1	XP_075218746.1
XP_075219833.1	XP_075219833.1
XP_075224571.1	XP_075224571.1
XP_075232431.1	XP_075232431.1
XP_075232635.1	XP_075232635.1
XP_075232940.1	XP_075232940.1
XP_075232941.1	XP_075232941.1
XP_075232942.1	XP_075232942.1
XP_075232943.1	XP_075232943.1
XP_075234063.1	XP_075234063.1
XP_075234064.1	XP_075234064.1
XP_075245456.1	XP_075245456.1
XP_075247414.1	XP_075247414.1
XP_075250599.1	XP_075250599.1
XP_075250601.1	XP_075250601.1
XP_075250602.1	XP_075250602.1
XP_075265370.1	XP_075265370.1
XP_075267231.1	XP_075267231.1
XP_075267232.1	XP_075267232.1
XP_075268169.1	XP_075268169.1
XP_075272894.1	XP_075272894.1
XP_075272895.1	XP_075272895.1
XP_075272896.1	XP_075272896.1
XP_075272897.1	XP_075272897.1
XP_075272898.1	XP_075272898.1
XP_075272899.1	XP_075272899.1
XP_075272900.1	XP_075272900.1
XP_075275734.1	XP_075275734.1
XP_075280589.1	XP_075280589.1
XP_075280598.1	XP_075280598.1
XP_075280599.1	XP_075280599.1
XP_075289481.1	XP_075289481.1
XP_075289482.1	XP_075289482.1
XP_075303432.1	XP_075303432.1
XP_075305969.1	XP_075305969.1
XP_075305970.1	XP_075305970.1
XP_075308869.1	XP_075308869.1
XP_075314059.1	XP_075314059.1
XP_075321142.1	XP_075321142.1
XP_075321214.1	XP_075321214.1
XP_075321215.1	XP_075321215.1
XP_075323630.1	XP_075323630.1
XP_075324213.1	XP_075324213.1
XP_075342154.1	XP_075342154.1
XP_075342155.1	XP_075342155.1
XP_075344557.1	XP_075344557.1
XP_075344560.1	XP_075344560.1
XP_075344561.1	XP_075344561.1
XP_075344692.1	XP_075344692.1
XP_075344695.1	XP_075344695.1
XP_075348675.1	XP_075348675.1
XP_075350181.1	XP_075350181.1
XP_075350182.1	XP_075350182.1
XP_075364876.1	XP_075364876.1
XP_075364878.1	XP_075364878.1
XP_075364879.1	XP_075364879.1
XP_075364880.1	XP_075364880.1
XP_075366767.1	XP_075366767.1
XP_075366768.1	XP_075366768.1
XP_075382209.1	XP_075382209.1
XP_075392958.1	XP_075392958.1
XP_075392959.1	XP_075392959.1
XP_075396965.1	XP_075396965.1
XP_075397327.1	XP_075397327.1
XP_075397328.1	XP_075397328.1
XP_075401726.1	XP_075401726.1
XP_075405895.1	XP_075405895.1
XP_075405898.1	XP_075405898.1
XP_075405899.1	XP_075405899.1
XP_075406476.1	XP_075406476.1
XP_075412171.1	XP_075412171.1
XP_075412215.1	XP_075412215.1
XP_075412222.1	XP_075412222.1
XP_075412231.1	XP_075412231.1
XP_075412240.1	XP_075412240.1
XP_075412249.1	XP_075412249.1
XP_075425516.1	XP_075425516.1
XP_075433139.1	XP_075433139.1
XP_075433140.1	XP_075433140.1
XP_075442271.1	XP_075442271.1
XP_075442272.1	XP_075442272.1
XP_075442273.1	XP_075442273.1
XP_075442274.1	XP_075442274.1
XP_075442277.1	XP_075442277.1
XP_075442278.1	XP_075442278.1
XP_075442279.1	XP_075442279.1
XP_075442280.1	XP_075442280.1
XP_075442281.1	XP_075442281.1
XP_075442282.1	XP_075442282.1
XP_075442283.1	XP_075442283.1
XP_075443797.1	XP_075443797.1
XP_075446888.1	XP_075446888.1
XP_075446895.1	XP_075446895.1
XP_075455149.1	XP_075455149.1
XP_075472458.1	XP_075472458.1
XP_075474118.1	XP_075474118.1
XP_075476764.1	XP_075476764.1
XP_075487431.1	XP_075487431.1
XP_075492253.1	XP_075492253.1
XP_075492254.1	XP_075492254.1
XP_075492255.1	XP_075492255.1
XP_075492256.1	XP_075492256.1
XP_075499700.1	XP_075499700.1
XP_075499705.1	XP_075499705.1
XP_075499709.1	XP_075499709.1
XP_075499715.1	XP_075499715.1
XP_075499721.1	XP_075499721.1
XP_075502673.1	XP_075502673.1
XP_075502675.1	XP_075502675.1
XP_075502676.1	XP_075502676.1
XP_075510850.1	XP_075510850.1
XP_075510851.1	XP_075510851.1
XP_075525099.1	XP_075525099.1
XP_075525101.1	XP_075525101.1
XP_075525102.1	XP_075525102.1
XP_075528009.1	XP_075528009.1
XP_075531325.1	XP_075531325.1
XP_075531333.1	XP_075531333.1
XP_075531341.1	XP_075531341.1
XP_075542965.1	XP_075542965.1
XP_075550364.1	XP_075550364.1
XP_075550365.1	XP_075550365.1
XP_075560957.1	XP_075560957.1
XP_075560958.1	XP_075560958.1
XP_075560960.1	XP_075560960.1
XP_075561727.1	XP_075561727.1
XP_075567626.1	XP_075567626.1
XP_075567630.1	XP_075567630.1
XP_075567631.1	XP_075567631.1
XP_075567632.1	XP_075567632.1
XP_075572039.1	XP_075572039.1
XP_075572040.1	XP_075572040.1
XP_075581970.1	XP_075581970.1
XP_075581971.1	XP_075581971.1
XP_075581972.1	XP_075581972.1
XP_075581973.1	XP_075581973.1
XP_075581974.1	XP_075581974.1
XP_075581976.1	XP_075581976.1
XP_075582344.1	XP_075582344.1
XP_075582345.1	XP_075582345.1
XP_075583253.1	XP_075583253.1
XP_075590391.1	XP_075590391.1
XP_075595379.1	XP_075595379.1
XP_075597323.1	XP_075597323.1
XP_075597324.1	XP_075597324.1
XP_075597325.1	XP_075597325.1
XP_075597613.1	XP_075597613.1
XP_075600887.1	XP_075600887.1
XP_075600888.1	XP_075600888.1
XP_075600890.1	XP_075600890.1
XP_075600891.1	XP_075600891.1
XP_075602546.1	XP_075602546.1
XP_075615513.1	XP_075615513.1
XP_075615516.1	XP_075615516.1
XP_075615517.1	XP_075615517.1
XP_075621370.1	XP_075621370.1
XP_075670527.1	XP_075670527.1
XP_075670567.1	XP_075670567.1
XP_075670575.1	XP_075670575.1
XP_075670576.1	XP_075670576.1
XP_075670577.1	XP_075670577.1
XP_075670578.1	XP_075670578.1
XP_075670579.1	XP_075670579.1
XP_075670580.1	XP_075670580.1
XP_075670581.1	XP_075670581.1
XP_075670855.1	XP_075670855.1
XP_075677834.1	XP_075677834.1
XP_075683032.1	XP_075683032.1
XP_075683037.1	XP_075683037.1
XP_075684825.1	XP_075684825.1
XP_075684890.1	XP_075684890.1
XP_075689115.1	XP_075689115.1
XP_075693428.1	XP_075693428.1
XP_075693633.1	XP_075693633.1
XP_075693634.1	XP_075693634.1
XP_075694898.1	XP_075694898.1
XP_075694904.1	XP_075694904.1
XP_075730683.1	XP_075730683.1
XP_075733583.1	XP_075733583.1
XP_075740224.1	XP_075740224.1
XP_075747101.1	XP_075747101.1
XP_075778704.1	XP_075778704.1
XP_075778705.1	XP_075778705.1
XP_075787907.1	XP_075787907.1
XP_075788447.1	XP_075788447.1
XP_075788453.1	XP_075788453.1
XP_075788454.1	XP_075788454.1
XP_075788455.1	XP_075788455.1
XP_075792094.1	XP_075792094.1
XP_075792095.1	XP_075792095.1
XP_075792096.1	XP_075792096.1
XP_075795400.1	XP_075795400.1
XP_075796362.1	XP_075796362.1
XP_075802951.1	XP_075802951.1
XP_075802952.1	XP_075802952.1
XP_075802954.1	XP_075802954.1
XP_075802955.1	XP_075802955.1
XP_075802956.1	XP_075802956.1
XP_075802957.1	XP_075802957.1
XP_075802958.1	XP_075802958.1
XP_075825508.1	XP_075825508.1
XP_075825511.1	XP_075825511.1
XP_075825514.1	XP_075825514.1
XP_075826817.1	XP_075826817.1
XP_075826818.1	XP_075826818.1
XP_075826820.1	XP_075826820.1
XP_075826822.1	XP_075826822.1
XP_075829563.1	XP_075829563.1
XP_075829564.1	XP_075829564.1
XP_075831838.1	XP_075831838.1
XP_075831839.1	XP_075831839.1
XP_075832425.1	XP_075832425.1
XP_075832931.1	XP_075832931.1
XP_075832932.1	XP_075832932.1
XP_075832933.1	XP_075832933.1
XP_075832934.1	XP_075832934.1
XP_075854512.1	XP_075854512.1
XP_075854526.1	XP_075854526.1
XP_075854530.1	XP_075854530.1
XP_075854533.1	XP_075854533.1
XP_075854538.1	XP_075854538.1
XP_075854542.1	XP_075854542.1
XP_075864042.1	XP_075864042.1
XP_075864258.1	XP_075864258.1
XP_075864638.1	XP_075864638.1
XP_075864640.1	XP_075864640.1
XP_075868178.1	XP_075868178.1
XP_075868179.1	XP_075868179.1
XP_075868797.1	XP_075868797.1
XP_075868798.1	XP_075868798.1
XP_075869899.1	XP_075869899.1
XP_075871226.1	XP_075871226.1
XP_075871227.1	XP_075871227.1
XP_075889481.1	XP_075889481.1
XP_075890674.1	XP_075890674.1
XP_075890675.1	XP_075890675.1
XP_075899224.1	XP_075899224.1
XP_075901202.1	XP_075901202.1
XP_075911159.1	XP_075911159.1
XP_075911206.1	XP_075911206.1
XP_075919662.1	XP_075919662.1
XP_075919695.1	XP_075919695.1
XP_075934181.1	XP_075934181.1
XP_075934182.1	XP_075934182.1
XP_075937540.1	XP_075937540.1
XP_075938692.1	XP_075938692.1
XP_075942865.1	XP_075942865.1
XP_075942873.1	XP_075942873.1
XP_075949560.1	XP_075949560.1
XP_075954935.1	XP_075954935.1
XP_075955152.1	XP_075955152.1
XP_075955153.1	XP_075955153.1
XP_075968759.1	XP_075968759.1
XP_075968760.1	XP_075968760.1
XP_075968761.1	XP_075968761.1
XP_075976776.1	XP_075976776.1
XP_075977159.1	XP_075977159.1
XP_075977269.1	XP_075977269.1
XP_075977390.1	XP_075977390.1
XP_075977423.1	XP_075977423.1
XP_075977424.1	XP_075977424.1
XP_075979319.1	XP_075979319.1
XP_075985309.1	XP_075985309.1
XP_075985310.1	XP_075985310.1
XP_076006661.1	XP_076006661.1
XP_076007129.1	XP_076007129.1
XP_076007583.1	XP_076007583.1
XP_076008841.1	XP_076008841.1
XP_076008842.1	XP_076008842.1
XP_076010555.1	XP_076010555.1
XP_076011744.1	XP_076011744.1
XP_076014507.1	XP_076014507.1
XP_076016052.1	XP_076016052.1
XP_076016053.1	XP_076016053.1
XP_076032217.1	XP_076032217.1
XP_076032218.1	XP_076032218.1
XP_076039259.1	XP_076039259.1
XP_076047113.1	XP_076047113.1
XP_076047114.1	XP_076047114.1
XP_076047115.1	XP_076047115.1
XP_076047116.1	XP_076047116.1
XP_076047117.1	XP_076047117.1
XP_076047118.1	XP_076047118.1
XP_076047119.1	XP_076047119.1
XP_076047120.1	XP_076047120.1
XP_076064129.1	XP_076064129.1
XP_076064131.1	XP_076064131.1
XP_076069138.1	XP_076069138.1
XP_076069141.1	XP_076069141.1
XP_076091886.1	XP_076091886.1
XP_076091888.1	XP_076091888.1
XP_076091889.1	XP_076091889.1
XP_076091890.1	XP_076091890.1
XP_076103101.1	XP_076103101.1
XP_076110400.1	XP_076110400.1
XP_076110417.1	XP_076110417.1
XP_076110426.1	XP_076110426.1
XP_076110433.1	XP_076110433.1
XP_076112120.1	XP_076112120.1
XP_076120887.1	XP_076120887.1
XP_076126328.1	XP_076126328.1
XP_076127375.1	XP_076127375.1
XP_076134376.1	XP_076134376.1
XP_076134377.1	XP_076134377.1
XP_076143028.1	XP_076143028.1
XP_076147369.1	XP_076147369.1
XP_076157943.1	XP_076157943.1
XP_076167302.1	XP_076167302.1
XP_076167303.1	XP_076167303.1
XP_076167304.1	XP_076167304.1
XP_076167305.1	XP_076167305.1
XP_076167306.1	XP_076167306.1
XP_076176643.1	XP_076176643.1
XP_076176648.1	XP_076176648.1
XP_076178879.1	XP_076178879.1
XP_076178965.1	XP_076178965.1
XP_076181441.1	XP_076181441.1
XP_076182253.1	XP_076182253.1
XP_076186422.1	XP_076186422.1
XP_076186423.1	XP_076186423.1
XP_076186424.1	XP_076186424.1
XP_076187893.1	XP_076187893.1
XP_076196310.1	XP_076196310.1
XP_076205392.1	XP_076205392.1
XP_076218438.1	XP_076218438.1
XP_076218439.1	XP_076218439.1
XP_076218440.1	XP_076218440.1
XP_076219146.1	XP_076219146.1
XP_076219147.1	XP_076219147.1
XP_076219148.1	XP_076219148.1
XP_076222957.1	XP_076222957.1
XP_076222958.1	XP_076222958.1
XP_076231162.1	XP_076231162.1
XP_076233825.1	XP_076233825.1
XP_076236137.1	XP_076236137.1
XP_076243112.1	XP_076243112.1
XP_076243113.1	XP_076243113.1
XP_076246470.1	XP_076246470.1
XP_076257413.1	XP_076257413.1
XP_076257415.1	XP_076257415.1
XP_076258422.1	XP_076258422.1
XP_076267628.1	XP_076267628.1
XP_076268902.1	XP_076268902.1
XP_076268903.1	XP_076268903.1
XP_076274079.1	XP_076274079.1
XP_076282384.1	XP_076282384.1
XP_076282385.1	XP_076282385.1
XP_076290381.1	XP_076290381.1
XP_076293153.1	XP_076293153.1
XP_076293155.1	XP_076293155.1
XP_076295977.1	XP_076295977.1
XP_076295985.1	XP_076295985.1
XP_076301157.1	XP_076301157.1
XP_076309141.1	XP_076309141.1
XP_076330343.1	XP_076330343.1
XP_076343785.1	XP_076343785.1
XP_076343786.1	XP_076343786.1
XP_076350495.1	XP_076350495.1
XP_076350500.1	XP_076350500.1
XP_076350502.1	XP_076350502.1
XP_076350503.1	XP_076350503.1
XP_076350506.1	XP_076350506.1
XP_076350507.1	XP_076350507.1
XP_076350508.1	XP_076350508.1
XP_076355314.1	XP_076355314.1
XP_076355316.1	XP_076355316.1
XP_076365978.1	XP_076365978.1
XP_076365979.1	XP_076365979.1
XP_076365980.1	XP_076365980.1
XP_076365981.1	XP_076365981.1
XP_076366913.1	XP_076366913.1
XP_076366914.1	XP_076366914.1
XP_076366915.1	XP_076366915.1
XP_076380806.1	XP_076380806.1
XP_076381184.1	XP_076381184.1
XP_076381185.1	XP_076381185.1
XP_076383175.1	XP_076383175.1
XP_076390966.1	XP_076390966.1
XP_076390967.1	XP_076390967.1
XP_076393782.1	XP_076393782.1
XP_076393785.1	XP_076393785.1
XP_076393786.1	XP_076393786.1
XP_076393787.1	XP_076393787.1
XP_076408185.1	XP_076408185.1
XP_076420812.1	XP_076420812.1
XP_076420813.1	XP_076420813.1
XP_076420814.1	XP_076420814.1
XP_076420815.1	XP_076420815.1
XP_076420816.1	XP_076420816.1
XP_076420817.1	XP_076420817.1
XP_076420818.1	XP_076420818.1
XP_076427864.1	XP_076427864.1
XP_076429606.1	XP_076429606.1
XP_076429613.1	XP_076429613.1
XP_076429614.1	XP_076429614.1
XP_076429616.1	XP_076429616.1
XP_076441351.1	XP_076441351.1
XP_076443823.1	XP_076443823.1
XP_076443824.1	XP_076443824.1
XP_076443826.1	XP_076443826.1
XP_076449394.1	XP_076449394.1
XP_076455791.1	XP_076455791.1
XP_076456171.1	XP_076456171.1
XP_076470555.1	XP_076470555.1
XP_076474307.1	XP_076474307.1
XP_076488566.1	XP_076488566.1
XP_076489489.1	XP_076489489.1
XP_076492879.1	XP_076492879.1
XP_076495381.1	XP_076495381.1
XP_076500056.1	XP_076500056.1
XP_076502893.1	XP_076502893.1
XP_076503203.1	XP_076503203.1
XP_076510808.1	XP_076510808.1
XP_076513277.1	XP_076513277.1
XP_076531584.1	XP_076531584.1
XP_076535277.1	XP_076535277.1
XP_076547634.1	XP_076547634.1
XP_076580867.1	XP_076580867.1
XP_076585883.1	XP_076585883.1
XP_076587284.1	XP_076587284.1
XP_076594259.1	XP_076594259.1
XP_076594260.1	XP_076594260.1
XP_076603986.1	XP_076603986.1
XP_076611162.1	XP_076611162.1
XP_076611163.1	XP_076611163.1
XP_076616183.1	XP_076616183.1
XP_076617012.1	XP_076617012.1
XP_076621690.1	XP_076621690.1
XP_076632821.1	XP_076632821.1
XP_076635181.1	XP_076635181.1
XP_076635183.1	XP_076635183.1
XP_076635184.1	XP_076635184.1
XP_076637059.1	XP_076637059.1
XP_076639747.1	XP_076639747.1
XP_076646393.1	XP_076646393.1
XP_076646394.1	XP_076646394.1
XP_076648786.1	XP_076648786.1
XP_076648790.1	XP_076648790.1
XP_076648791.1	XP_076648791.1
XP_076650695.1	XP_076650695.1
XP_076654205.1	XP_076654205.1
XP_076662223.1	XP_076662223.1
XP_076664168.1	XP_076664168.1
XP_076664169.1	XP_076664169.1
XP_076671163.1	XP_076671163.1
XP_076671166.1	XP_076671166.1
XP_076671167.1	XP_076671167.1
XP_076671168.1	XP_076671168.1
XP_076671169.1	XP_076671169.1
XP_076671170.1	XP_076671170.1
XP_076679817.1	XP_076679817.1
XP_076679818.1	XP_076679818.1
XP_076685903.1	XP_076685903.1
XP_076686739.1	XP_076686739.1
XP_076694886.1	XP_076694886.1
XP_076694887.1	XP_076694887.1
XP_076697417.2	XP_076697417.2
XP_076697420.2	XP_076697420.2
XP_076697421.2	XP_076697421.2
XP_076697425.2	XP_076697425.2
XP_076698444.1	XP_076698444.1
XP_076702256.1	XP_076702256.1
XP_076702257.1	XP_076702257.1
XP_076702258.1	XP_076702258.1
XP_076702259.1	XP_076702259.1
XP_076702260.1	XP_076702260.1
XP_076702261.1	XP_076702261.1
XP_076703451.1	XP_076703451.1
XP_076712340.1	XP_076712340.1
XP_076712341.1	XP_076712341.1
XP_076713197.1	XP_076713197.1
XP_076713201.1	XP_076713201.1
XP_076716470.1	XP_076716470.1
XP_076716471.1	XP_076716471.1
XP_076716472.1	XP_076716472.1
XP_076729129.1	XP_076729129.1
XP_076732206.1	XP_076732206.1
XP_076744048.1	XP_076744048.1
XP_076749377.1	XP_076749377.1
XP_076752625.1	XP_076752625.1
XP_076756268.1	XP_076756268.1
XP_076757900.1	XP_076757900.1
XP_076757901.1	XP_076757901.1
XP_076757902.1	XP_076757902.1
XP_076763618.1	XP_076763618.1
XP_076771682.1	XP_076771682.1
XP_076771683.1	XP_076771683.1
XP_076783262.1	XP_076783262.1
XP_076783266.1	XP_076783266.1
XP_076783267.1	XP_076783267.1
XP_076790614.1	XP_076790614.1
XP_076790615.1	XP_076790615.1
XP_076790616.1	XP_076790616.1
XP_076794999.1	XP_076794999.1
XP_076795000.1	XP_076795000.1
XP_076795001.1	XP_076795001.1
XP_076795721.1	XP_076795721.1
XP_076805705.1	XP_076805705.1
XP_076806008.1	XP_076806008.1
XP_076808412.1	XP_076808412.1
XP_076808413.1	XP_076808413.1
XP_076812261.1	XP_076812261.1
XP_076812262.1	XP_076812262.1
XP_076812263.1	XP_076812263.1
XP_076812264.1	XP_076812264.1
XP_076812265.1	XP_076812265.1
XP_076812266.1	XP_076812266.1
XP_076812268.1	XP_076812268.1
XP_076812269.1	XP_076812269.1
XP_076812270.1	XP_076812270.1
XP_076812271.1	XP_076812271.1
XP_076813687.1	XP_076813687.1
XP_076813688.1	XP_076813688.1
XP_076816398.1	XP_076816398.1
XP_076816399.1	XP_076816399.1
XP_076827179.1	XP_076827179.1
XP_076846194.1	XP_076846194.1
XP_076846196.1	XP_076846196.1
XP_076846197.1	XP_076846197.1
XP_076854144.1	XP_076854144.1
XP_076854146.1	XP_076854146.1
XP_076855683.1	XP_076855683.1
XP_076855752.1	XP_076855752.1
XP_076857160.1	XP_076857160.1
XP_076864583.1	XP_076864583.1
XP_076864584.1	XP_076864584.1
XP_076882499.1	XP_076882499.1
XP_076887833.1	XP_076887833.1
XP_076889438.1	XP_076889438.1
XP_076891635.1	XP_076891635.1
XP_076891636.1	XP_076891636.1
XP_076906240.1	XP_076906240.1
XP_076909118.1	XP_076909118.1
XP_076914330.1	XP_076914330.1
XP_076917874.1	XP_076917874.1
XP_076923636.1	XP_076923636.1
XP_076929972.1	XP_076929972.1
XP_076934625.1	XP_076934625.1
XP_076943790.1	XP_076943790.1
XP_076945273.1	XP_076945273.1
XP_076945381.1	XP_076945381.1
XP_076945585.1	XP_076945585.1
XP_076949851.1	XP_076949851.1
XP_076972104.1	XP_076972104.1
XP_076972105.1	XP_076972105.1
XP_076972936.1	XP_076972936.1
XP_076972937.1	XP_076972937.1
XP_076988490.1	XP_076988490.1
XP_076988491.1	XP_076988491.1
XP_076988492.1	XP_076988492.1
XP_076988493.1	XP_076988493.1
XP_076988494.1	XP_076988494.1
XP_076995444.1	XP_076995444.1
XP_076995445.1	XP_076995445.1
XP_077004772.1	XP_077004772.1
XP_077004774.1	XP_077004774.1
XP_077004775.1	XP_077004775.1
XP_077005750.1	XP_077005750.1
XP_077005751.1	XP_077005751.1
XP_077005752.1	XP_077005752.1
XP_077005753.1	XP_077005753.1
XP_077005756.1	XP_077005756.1
XP_077005757.1	XP_077005757.1
XP_077005758.1	XP_077005758.1
XP_077005759.1	XP_077005759.1
XP_077005760.1	XP_077005760.1
XP_077008896.1	XP_077008896.1
XP_077008906.1	XP_077008906.1
XP_077008917.1	XP_077008917.1
XP_077008922.1	XP_077008922.1
XP_077052516.1	XP_077052516.1
XP_077052517.1	XP_077052517.1
XP_077052520.1	XP_077052520.1
XP_077052521.1	XP_077052521.1
XP_077057058.1	XP_077057058.1
XP_077057059.1	XP_077057059.1
XP_077062104.1	XP_077062104.1
XP_077062897.1	XP_077062897.1
XP_077063411.1	XP_077063411.1
XP_077063418.1	XP_077063418.1
XP_077074701.1	XP_077074701.1
XP_077085076.1	XP_077085076.1
XP_077085078.1	XP_077085078.1
XP_077087825.1	XP_077087825.1
XP_077087827.1	XP_077087827.1
XP_077087828.1	XP_077087828.1
XP_077087830.1	XP_077087830.1
XP_077124586.1	XP_077124586.1
XP_077132571.1	XP_077132571.1
XP_077135185.1	XP_077135185.1
XP_077142927.1	XP_077142927.1
XP_077142938.1	XP_077142938.1
XP_077143638.1	XP_077143638.1
XP_077144338.1	XP_077144338.1
XP_077144339.1	XP_077144339.1
XP_077155656.1	XP_077155656.1
XP_077159157.1	XP_077159157.1
XP_077165891.1	XP_077165891.1
XP_077166842.1	XP_077166842.1
XP_077180476.1	XP_077180476.1
XP_077189850.1	XP_077189850.1
XP_077189852.1	XP_077189852.1
XP_077200733.1	XP_077200733.1
XP_077200736.1	XP_077200736.1
XP_077203426.1	XP_077203426.1
XP_077228079.1	XP_077228079.1
XP_077228080.1	XP_077228080.1
XP_077228081.1	XP_077228081.1
XP_077238924.1	XP_077238924.1
XP_077238925.1	XP_077238925.1
XP_077238927.1	XP_077238927.1
XP_077244438.1	XP_077244438.1
XP_077244439.1	XP_077244439.1
XP_077248122.1	XP_077248122.1
XP_077251341.1	XP_077251341.1
XP_077255173.1	XP_077255173.1
XP_077264280.1	XP_077264280.1
XP_077265159.1	XP_077265159.1
XP_077279023.1	XP_077279023.1
XP_077279024.1	XP_077279024.1
XP_077291148.1	XP_077291148.1
XP_077293028.1	XP_077293028.1
XP_077293030.1	XP_077293030.1
XP_077302661.1	XP_077302661.1
XP_077302781.1	XP_077302781.1
XP_077302788.1	XP_077302788.1
XP_077302789.1	XP_077302789.1
XP_077309449.1	XP_077309449.1
XP_077311972.1	XP_077311972.1
XP_077311973.1	XP_077311973.1
XP_077314500.1	XP_077314500.1
XP_077314508.1	XP_077314508.1
XP_077314517.1	XP_077314517.1
XP_077318729.1	XP_077318729.1
XP_077330954.1	XP_077330954.1
XP_077330955.1	XP_077330955.1
XP_077330956.1	XP_077330956.1
XP_077347174.1	XP_077347174.1
XP_077348011.1	XP_077348011.1
XP_077359044.1	XP_077359044.1
XP_077363545.1	XP_077363545.1
XP_077365599.1	XP_077365599.1
XP_077365600.1	XP_077365600.1
XP_077375814.1	XP_077375814.1
XP_077377728.1	XP_077377728.1
XP_077378596.1	XP_077378596.1
XP_077378597.1	XP_077378597.1
XP_077383856.1	XP_077383856.1
XP_077389547.1	XP_077389547.1
XP_077389549.1	XP_077389549.1
XP_077389550.1	XP_077389550.1
XP_077389552.1	XP_077389552.1
XP_077389553.1	XP_077389553.1
XP_077389554.1	XP_077389554.1
XP_077389555.1	XP_077389555.1
XP_077389556.1	XP_077389556.1
XP_077405352.1	XP_077405352.1
XP_077406025.1	XP_077406025.1
XP_077410633.1	XP_077410633.1
XP_077410634.1	XP_077410634.1
XP_077417749.1	XP_077417749.1
XP_077418388.1	XP_077418388.1
XP_077418389.1	XP_077418389.1
XP_077420557.1	XP_077420557.1
XP_077431337.1	XP_077431337.1
XP_077440710.1	XP_077440710.1
XP_077440711.1	XP_077440711.1
XP_077446192.1	XP_077446192.1
XP_077446193.1	XP_077446193.1
XP_077450736.1	XP_077450736.1
XP_077450740.1	XP_077450740.1
XP_077450741.1	XP_077450741.1
XP_077450742.1	XP_077450742.1
XP_077450743.1	XP_077450743.1
XP_077450744.1	XP_077450744.1
XP_077450746.1	XP_077450746.1
XP_077454676.1	XP_077454676.1
XP_077456157.1	XP_077456157.1
XP_077456158.1	XP_077456158.1
XP_077456159.1	XP_077456159.1
XP_077457162.1	XP_077457162.1
XP_077480866.1	XP_077480866.1
XP_077481563.1	XP_077481563.1
XP_077482661.1	XP_077482661.1
XP_077499435.1	XP_077499435.1
XP_077499441.1	XP_077499441.1
XP_077499443.1	XP_077499443.1
XP_077499445.1	XP_077499445.1
XP_077500179.1	XP_077500179.1
XP_077502741.1	XP_077502741.1
XP_077505803.1	XP_077505803.1
XP_077505804.1	XP_077505804.1
XP_077511918.1	XP_077511918.1
XP_077530931.1	XP_077530931.1
XP_077535130.1	XP_077535130.1
XP_077542302.1	XP_077542302.1
XP_077542303.1	XP_077542303.1
XP_077542304.1	XP_077542304.1
XP_077542489.1	XP_077542489.1
XP_077547829.1	XP_077547829.1
XP_077547861.1	XP_077547861.1
XP_077548243.1	XP_077548243.1
XP_077548251.1	XP_077548251.1
XP_077548317.1	XP_077548317.1
XP_077548371.1	XP_077548371.1
XP_077548504.1	XP_077548504.1
XP_077548540.1	XP_077548540.1
XP_077548761.1	XP_077548761.1
XP_077548824.1	XP_077548824.1
XP_077550457.1	XP_077550457.1
XP_077550459.1	XP_077550459.1
XP_077550460.1	XP_077550460.1
XP_077567815.1	XP_077567815.1
XP_077569802.1	XP_077569802.1
XP_077570666.1	XP_077570666.1
XP_077570668.1	XP_077570668.1
XP_077570669.1	XP_077570669.1
XP_077571249.1	XP_077571249.1
XP_077572389.1	XP_077572389.1
XP_077572391.1	XP_077572391.1
XP_077572392.1	XP_077572392.1
XP_077576583.1	XP_077576583.1
XP_077592261.1	XP_077592261.1
XP_077594775.1	XP_077594775.1
XP_077599162.1	XP_077599162.1
XP_077599163.1	XP_077599163.1
XP_077600788.1	XP_077600788.1
XP_077605572.1	XP_077605572.1
XP_077605597.1	XP_077605597.1
XP_077605600.1	XP_077605600.1
XP_077605601.1	XP_077605601.1
XP_077605602.1	XP_077605602.1
XP_077607420.1	XP_077607420.1
XP_077615766.1	XP_077615766.1
XP_077615767.1	XP_077615767.1
XP_077627882.1	XP_077627882.1
XP_077635815.1	XP_077635815.1
XP_077635818.1	XP_077635818.1
XP_077635819.1	XP_077635819.1
XP_077635820.1	XP_077635820.1
XP_077635821.1	XP_077635821.1
XP_077635822.1	XP_077635822.1
XP_077635823.1	XP_077635823.1
XP_077635824.1	XP_077635824.1
XP_077641279.1	XP_077641279.1
XP_077645756.1	XP_077645756.1
XP_077647516.1	XP_077647516.1
XP_077653114.1	XP_077653114.1
XP_077653115.1	XP_077653115.1
XP_077654178.1	XP_077654178.1
XP_077656552.1	XP_077656552.1
XP_077656559.1	XP_077656559.1
XP_077656561.1	XP_077656561.1
XP_077656565.1	XP_077656565.1
XP_077656566.1	XP_077656566.1
XP_077656569.1	XP_077656569.1
XP_077657676.1	XP_077657676.1
XP_077657680.1	XP_077657680.1
XP_077657682.1	XP_077657682.1
XP_077660926.1	XP_077660926.1
XP_077664393.1	XP_077664393.1
XP_077666935.1	XP_077666935.1
XP_077666936.1	XP_077666936.1
XP_077666937.1	XP_077666937.1
XP_077666938.1	XP_077666938.1
XP_077666939.1	XP_077666939.1
XP_077673109.1	XP_077673109.1
XP_077673111.1	XP_077673111.1
XP_077673624.1	XP_077673624.1
XP_077673626.1	XP_077673626.1
XP_077673629.1	XP_077673629.1
XP_077673630.1	XP_077673630.1
XP_077678416.1	XP_077678416.1
XP_077680943.1	XP_077680943.1
XP_077680945.1	XP_077680945.1
XP_077680946.1	XP_077680946.1
XP_077680947.1	XP_077680947.1
XP_077687112.1	XP_077687112.1
XP_077687113.1	XP_077687113.1
XP_077718110.1	XP_077718110.1
XP_077718111.1	XP_077718111.1
XP_077735749.1	XP_077735749.1
XP_077735750.1	XP_077735750.1
XP_077753086.1	XP_077753086.1
XP_077754612.1	XP_077754612.1
XP_077754613.1	XP_077754613.1
XP_077754614.1	XP_077754614.1
XP_077754616.1	XP_077754616.1
XP_077760871.1	XP_077760871.1
XP_077760893.1	XP_077760893.1
XP_077760902.1	XP_077760902.1
XP_077760912.1	XP_077760912.1
XP_077776679.1	XP_077776679.1
XP_077776680.1	XP_077776680.1
XP_077784857.1	XP_077784857.1
XP_077784858.1	XP_077784858.1
XP_077789709.1	XP_077789709.1
XP_077789710.1	XP_077789710.1
XP_077789712.1	XP_077789712.1
XP_077792929.1	XP_077792929.1
XP_077792930.1	XP_077792930.1
XP_077813068.1	XP_077813068.1
XP_077813098.1	XP_077813098.1
XP_077813122.1	XP_077813122.1
XP_077813131.1	XP_077813131.1
XP_077822424.1	XP_077822424.1
XP_077822425.1	XP_077822425.1
XP_077863534.1	XP_077863534.1
XP_077874609.1	XP_077874609.1
XP_077882372.1	XP_077882372.1
XP_077882373.1	XP_077882373.1
XP_077882374.1	XP_077882374.1
XP_077888398.1	XP_077888398.1
XP_077888399.1	XP_077888399.1
XP_077900392.1	XP_077900392.1
XP_077917674.1	XP_077917674.1
XP_077917678.1	XP_077917678.1
XP_077917679.1	XP_077917679.1
XP_077917680.1	XP_077917680.1
XP_077922671.1	XP_077922671.1
XP_077922672.1	XP_077922672.1
XP_077922673.1	XP_077922673.1
XP_077929283.1	XP_077929283.1
XP_077937413.1	XP_077937413.1
XP_077971406.1	XP_077971406.1
XP_077982169.1	XP_077982169.1
XP_077988931.1	XP_077988931.1
XP_077996760.1	XP_077996760.1
XP_077996923.1	XP_077996923.1
XP_078006205.1	XP_078006205.1
XP_078009126.1	XP_078009126.1
XP_078031830.1	XP_078031830.1
XP_078031831.1	XP_078031831.1
XP_078034263.1	XP_078034263.1
XP_078034264.1	XP_078034264.1
XP_078038489.1	XP_078038489.1
XP_078046976.1	XP_078046976.1
XP_078046983.1	XP_078046983.1
XP_078052268.1	XP_078052268.1
XP_078052865.1	XP_078052865.1
XP_078052870.1	XP_078052870.1
XP_078052872.1	XP_078052872.1
XP_078063369.1	XP_078063369.1
XP_078066993.1	XP_078066993.1
XP_078070552.1	XP_078070552.1
XP_078070553.1	XP_078070553.1
XP_078070554.1	XP_078070554.1
XP_078070556.1	XP_078070556.1
XP_078070557.1	XP_078070557.1
XP_078070558.1	XP_078070558.1
XP_078070559.1	XP_078070559.1
XP_078070560.1	XP_078070560.1
XP_078070561.1	XP_078070561.1
XP_078071105.1	XP_078071105.1
XP_078074703.1	XP_078074703.1
XP_078074704.1	XP_078074704.1
XP_078074705.1	XP_078074705.1
XP_078074706.1	XP_078074706.1
XP_078089711.1	XP_078089711.1
XP_078089722.1	XP_078089722.1
XP_078096430.1	XP_078096430.1
XP_078096440.1	XP_078096440.1
XP_078096451.1	XP_078096451.1
XP_078096459.1	XP_078096459.1
XP_078096468.1	XP_078096468.1
XP_078096476.1	XP_078096476.1
XP_078106695.1	XP_078106695.1
XP_078106698.1	XP_078106698.1
XP_078107333.1	XP_078107333.1
XP_078109217.1	XP_078109217.1
XP_078109543.1	XP_078109543.1
XP_078109544.1	XP_078109544.1
XP_078109545.1	XP_078109545.1
XP_078114435.1	XP_078114435.1
XP_078124706.1	XP_078124706.1
XP_078135788.1	XP_078135788.1
XP_078135789.1	XP_078135789.1
XP_078136423.1	XP_078136423.1
XP_078141701.1	XP_078141701.1
XP_078141702.1	XP_078141702.1
XP_078148512.1	XP_078148512.1
XP_078152108.1	XP_078152108.1
XP_078168735.1	XP_078168735.1
XP_078168736.1	XP_078168736.1
XP_078179291.1	XP_078179291.1
XP_078179305.1	XP_078179305.1
XP_078185878.1	XP_078185878.1
XP_078187908.1	XP_078187908.1
XP_078187910.1	XP_078187910.1
XP_078187911.1	XP_078187911.1
XP_078187912.1	XP_078187912.1
XP_078187913.1	XP_078187913.1
XP_078187915.1	XP_078187915.1
XP_078187917.1	XP_078187917.1
XP_078187920.1	XP_078187920.1
XP_078187923.1	XP_078187923.1
XP_078187925.1	XP_078187925.1
XP_078187926.1	XP_078187926.1
XP_078187927.1	XP_078187927.1
XP_078187928.1	XP_078187928.1
XP_078187929.1	XP_078187929.1
XP_078187930.1	XP_078187930.1
XP_078187931.1	XP_078187931.1
XP_078187932.1	XP_078187932.1
XP_078187933.1	XP_078187933.1
XP_078187934.1	XP_078187934.1
XP_078187935.1	XP_078187935.1
XP_078187936.1	XP_078187936.1
XP_078213913.1	XP_078213913.1
XP_078221413.1	XP_078221413.1
XP_078240655.1	XP_078240655.1
XP_078248693.1	XP_078248693.1
XP_078252292.1	XP_078252292.1
XP_078252865.1	XP_078252865.1
XP_078256531.1	XP_078256531.1
XP_078264649.1	XP_078264649.1
XP_078264653.1	XP_078264653.1
XP_078264654.1	XP_078264654.1
XP_078276334.1	XP_078276334.1
XP_078276346.1	XP_078276346.1
XP_078276353.1	XP_078276353.1
XP_078280817.1	XP_078280817.1
XP_078285727.1	XP_078285727.1
XP_078285737.1	XP_078285737.1
XP_078294748.1	XP_078294748.1
XP_078308029.2	XP_078308029.2
XP_078308032.2	XP_078308032.2
XP_078319541.1	XP_078319541.1
XP_078319542.1	XP_078319542.1
XP_078331524.1	XP_078331524.1
XP_078352226.1	XP_078352226.1
XP_078352682.1	XP_078352682.1
XP_078365557.1	XP_078365557.1
XP_078372539.1	XP_078372539.1
XP_078373921.1	XP_078373921.1
XP_078378642.1	XP_078378642.1
XP_078378643.1	XP_078378643.1
XP_078378644.1	XP_078378644.1
XP_078378645.1	XP_078378645.1
XP_078385767.1	XP_078385767.1
XP_078385768.1	XP_078385768.1
XP_078385769.1	XP_078385769.1
XP_078393941.1	XP_078393941.1
XP_078395205.1	XP_078395205.1
XP_078395206.1	XP_078395206.1
XP_078395207.1	XP_078395207.1
XP_078395208.1	XP_078395208.1
XP_078395209.1	XP_078395209.1
XP_078395210.1	XP_078395210.1
XP_078395211.1	XP_078395211.1
XP_078395213.1	XP_078395213.1
XP_078395214.1	XP_078395214.1
XP_078400430.1	XP_078400430.1
XP_078417224.1	XP_078417224.1
XP_078417225.1	XP_078417225.1
XP_078419265.1	XP_078419265.1
XP_078419277.1	XP_078419277.1
XP_078424228.1	XP_078424228.1
XP_078431513.1	XP_078431513.1
XP_078440013.1	XP_078440013.1
XP_078447773.1	XP_078447773.1
XP_078453513.1	XP_078453513.1
XP_078454177.1	XP_078454177.1
XP_078458219.1	XP_078458219.1
XP_078458220.1	XP_078458220.1
XP_078468850.1	XP_078468850.1
XP_078478006.1	XP_078478006.1
XP_078479709.1	XP_078479709.1
XP_078480843.1	XP_078480843.1
XP_078481448.1	XP_078481448.1
XP_078481455.1	XP_078481455.1
XP_078482721.1	XP_078482721.1
XP_078482722.1	XP_078482722.1
XP_078484802.1	XP_078484802.1
XP_078488327.1	XP_078488327.1
XP_078516719.1	XP_078516719.1
XP_078519513.1	XP_078519513.1
XP_078526225.1	XP_078526225.1
XP_078526712.1	XP_078526712.1
XP_078526720.1	XP_078526720.1
XP_078531832.1	XP_078531832.1
XP_078531833.1	XP_078531833.1
XP_078531834.1	XP_078531834.1
XP_078533892.1	XP_078533892.1
XP_078543759.1	XP_078543759.1
XP_078554410.1	XP_078554410.1
XP_078558650.1	XP_078558650.1
XP_078561902.1	XP_078561902.1
XP_078561911.1	XP_078561911.1
XP_078562989.1	XP_078562989.1
XP_078567257.1	XP_078567257.1
XP_078574911.1	XP_078574911.1
XP_078574912.1	XP_078574912.1
XP_078574913.1	XP_078574913.1
XP_078574914.1	XP_078574914.1
XP_078574915.1	XP_078574915.1
XP_078574916.1	XP_078574916.1
XP_078581688.1	XP_078581688.1
XP_078581710.1	XP_078581710.1
XP_078581711.1	XP_078581711.1
XP_078606495.1	XP_078606495.1
XP_078608726.1	XP_078608726.1
XP_078608728.1	XP_078608728.1
XP_078642165.1	XP_078642165.1
XP_078645870.1	XP_078645870.1
XP_078646683.1	XP_078646683.1
XP_078651705.1	XP_078651705.1
XP_078656956.1	XP_078656956.1
XP_078656958.1	XP_078656958.1
XP_078656959.1	XP_078656959.1
XP_078656960.1	XP_078656960.1
XP_078656962.1	XP_078656962.1
XP_078656964.1	XP_078656964.1
XP_078660631.1	XP_078660631.1
XP_078661598.1	XP_078661598.1
XP_078690442.1	XP_078690442.1
XP_078690443.1	XP_078690443.1
XP_078696348.1	XP_078696348.1
XP_078707969.1	XP_078707969.1
XP_078707970.1	XP_078707970.1
XP_078708992.1	XP_078708992.1
XP_078708999.1	XP_078708999.1
XP_078709000.1	XP_078709000.1
XP_078709001.1	XP_078709001.1
XP_078709002.1	XP_078709002.1
XP_078709003.1	XP_078709003.1
XP_078720296.1	XP_078720296.1
XP_078730743.1	XP_078730743.1
XP_078739403.1	XP_078739403.1
XP_078740778.1	XP_078740778.1
XP_078745186.1	XP_078745186.1
XP_078755252.1	XP_078755252.1
XP_078774652.1	XP_078774652.1
XP_078777627.1	XP_078777627.1
XP_078777629.1	XP_078777629.1
XP_078784971.1	XP_078784971.1
XP_078794012.1	XP_078794012.1
XP_078808408.1	XP_078808408.1
XP_078808409.1	XP_078808409.1
XP_078810646.1	XP_078810646.1
XP_078820004.1	XP_078820004.1
XP_078820006.1	XP_078820006.1
XP_078820007.1	XP_078820007.1
XP_078820008.1	XP_078820008.1
XP_078827506.1	XP_078827506.1
XP_078842736.1	XP_078842736.1
XP_078850654.1	XP_078850654.1
XP_078864928.1	XP_078864928.1
XP_078864930.1	XP_078864930.1
XP_078864931.1	XP_078864931.1
XP_078864933.1	XP_078864933.1
XP_078866052.1	XP_078866052.1
XP_078872059.1	XP_078872059.1
XP_078888484.1	XP_078888484.1
XP_078909929.1	XP_078909929.1
XP_078915694.1	XP_078915694.1
XP_078915701.1	XP_078915701.1
XP_078915702.1	XP_078915702.1
XP_078924332.1	XP_078924332.1
XP_078943173.1	XP_078943173.1
XP_078948044.1	XP_078948044.1
XP_078948046.1	XP_078948046.1
XP_078958267.1	XP_078958267.1
XP_078958268.1	XP_078958268.1
XP_078958269.1	XP_078958269.1
XP_078963441.1	XP_078963441.1
XP_078963442.1	XP_078963442.1
XP_078969490.1	XP_078969490.1
XP_078969493.1	XP_078969493.1
XP_078969494.1	XP_078969494.1
XP_078973415.1	XP_078973415.1
XP_078973416.1	XP_078973416.1
XP_078998110.1	XP_078998110.1
XP_078998112.1	XP_078998112.1
XP_078998113.1	XP_078998113.1
XP_078998114.1	XP_078998114.1
XP_078998115.1	XP_078998115.1
XP_078998116.1	XP_078998116.1
XP_078998117.1	XP_078998117.1
XP_078999703.1	XP_078999703.1
XP_078999706.1	XP_078999706.1
XP_078999707.1	XP_078999707.1
XP_079001036.1	XP_079001036.1
XP_079014410.1	XP_079014410.1
XP_079016576.1	XP_079016576.1
XP_079017737.1	XP_079017737.1
XP_079020898.1	XP_079020898.1
XP_079028083.1	XP_079028083.1
XP_079032364.1	XP_079032364.1
XP_079038074.1	XP_079038074.1
XP_079038075.1	XP_079038075.1
XP_079039142.1	XP_079039142.1
XP_079043861.1	XP_079043861.1
XP_079043862.1	XP_079043862.1
XP_079043863.1	XP_079043863.1
XP_079050262.1	XP_079050262.1
XP_079055320.1	XP_079055320.1
XP_079055321.1	XP_079055321.1
XP_079055322.1	XP_079055322.1
XP_079057126.1	XP_079057126.1
XP_079068289.1	XP_079068289.1
XP_079068379.1	XP_079068379.1
XP_079068382.1	XP_079068382.1
XP_079068383.1	XP_079068383.1
XP_079068384.1	XP_079068384.1
XP_079068385.1	XP_079068385.1
XP_079068386.1	XP_079068386.1
XP_079070094.1	XP_079070094.1
XP_079073392.1	XP_079073392.1
XP_079076709.1	XP_079076709.1
XP_079077875.1	XP_079077875.1
XP_079078995.1	XP_079078995.1
XP_079083251.1	XP_079083251.1
XP_079088261.1	XP_079088261.1
XP_079090069.1	XP_079090069.1
XP_079096924.1	XP_079096924.1
XP_079098784.1	XP_079098784.1
XP_079101420.1	XP_079101420.1
XP_079107051.1	XP_079107051.1
XP_079107052.1	XP_079107052.1
XP_079107799.1	XP_079107799.1
XP_079115021.1	XP_079115021.1
XP_079115798.1	XP_079115798.1
XP_079115799.1	XP_079115799.1
XP_079116451.1	XP_079116451.1
XP_079122886.1	XP_079122886.1
XP_079125621.1	XP_079125621.1
XP_079127167.1	XP_079127167.1
XP_079132437.1	XP_079132437.1
XP_079143138.1	XP_079143138.1
XP_079143794.1	XP_079143794.1
XP_079147860.1	XP_079147860.1
XP_079147861.1	XP_079147861.1
XP_079147862.1	XP_079147862.1
XP_079150129.1	XP_079150129.1
XP_079150130.1	XP_079150130.1
XP_079156140.1	XP_079156140.1
XP_079157282.1	XP_079157282.1
XP_079157283.1	XP_079157283.1
XP_079157284.1	XP_079157284.1
XP_079157285.1	XP_079157285.1
XP_079157286.1	XP_079157286.1
XP_079157287.1	XP_079157287.1
XP_079157288.1	XP_079157288.1
XP_079157289.1	XP_079157289.1
XP_079170075.1	XP_079170075.1
XP_079170076.1	XP_079170076.1
XP_079172235.1	XP_079172235.1
XP_079186534.1	XP_079186534.1
XP_079186538.1	XP_079186538.1
XP_079187266.1	XP_079187266.1
XP_079190004.1	XP_079190004.1
XP_079196244.1	XP_079196244.1
XP_079199287.1	XP_079199287.1
XP_079207320.1	XP_079207320.1
XP_079207618.1	XP_079207618.1
XP_079211050.1	XP_079211050.1
XP_079211052.1	XP_079211052.1
XP_079211053.1	XP_079211053.1
XP_079211054.1	XP_079211054.1
XP_079217873.1	XP_079217873.1
XP_079217874.1	XP_079217874.1
XP_079224335.1	XP_079224335.1
XP_079237062.1	XP_079237062.1
XP_079237063.1	XP_079237063.1
XP_079242601.1	XP_079242601.1
XP_079242602.1	XP_079242602.1
XP_079245083.1	XP_079245083.1
XP_079253615.1	XP_079253615.1
XP_079253616.1	XP_079253616.1
XP_079253617.1	XP_079253617.1
XP_079254670.1	XP_079254670.1
XP_079257413.1	XP_079257413.1
XP_079258530.1	XP_079258530.1
XP_079272216.1	XP_079272216.1
XP_079274059.1	XP_079274059.1
XP_079274126.1	XP_079274126.1
XP_079274203.1	XP_079274203.1
XP_079287165.1	XP_079287165.1
XP_079287166.1	XP_079287166.1
XP_079297337.1	XP_079297337.1
XP_079297338.1	XP_079297338.1
XP_079297339.1	XP_079297339.1
XP_079300177.1	XP_079300177.1
XP_079321582.1	XP_079321582.1
XP_079321583.1	XP_079321583.1
XP_079321584.1	XP_079321584.1
XP_079325951.1	XP_079325951.1
XP_079325952.1	XP_079325952.1
XP_079331874.1	XP_079331874.1
XP_079331934.1	XP_079331934.1
XP_079334860.1	XP_079334860.1
XP_079334861.1	XP_079334861.1
XP_079341810.1	XP_079341810.1
XP_079341811.1	XP_079341811.1
XP_079345305.1	XP_079345305.1
XP_079345306.1	XP_079345306.1
XP_079346687.1	XP_079346687.1
XP_079348264.1	XP_079348264.1
XP_079353493.1	XP_079353493.1
XP_079354018.1	XP_079354018.1
XP_079359205.1	XP_079359205.1
XP_079362372.1	XP_079362372.1
XP_079362373.1	XP_079362373.1
XP_079362374.1	XP_079362374.1
XP_079364066.1	XP_079364066.1
XP_079364067.1	XP_079364067.1
XP_079372129.1	XP_079372129.1
XP_079373198.1	XP_079373198.1
XP_079377939.1	XP_079377939.1
XP_079377940.1	XP_079377940.1
XP_079381519.1	XP_079381519.1
XP_079387781.1	XP_079387781.1
XP_079392451.1	XP_079392451.1
XP_079394369.1	XP_079394369.1
XP_079397710.1	XP_079397710.1
XP_079404648.1	XP_079404648.1
XP_079412018.1	XP_079412018.1
XP_079413926.1	XP_079413926.1
XP_079414132.1	XP_079414132.1
XP_079414133.1	XP_079414133.1
XP_079414134.1	XP_079414134.1
XP_079418309.1	XP_079418309.1
XP_079426602.1	XP_079426602.1
XP_079426603.1	XP_079426603.1
XP_079427746.1	XP_079427746.1
XP_079432395.1	XP_079432395.1
XP_079433632.1	XP_079433632.1
XP_079440247.1	XP_079440247.1
XP_079440248.1	XP_079440248.1
XP_079444150.1	XP_079444150.1
XP_079446997.1	XP_079446997.1
XP_079446998.1	XP_079446998.1
XP_079446999.1	XP_079446999.1
XP_079451465.1	XP_079451465.1
XP_079451641.1	XP_079451641.1
XP_079462531.1	XP_079462531.1
XP_079462532.1	XP_079462532.1
XP_079462831.1	XP_079462831.1
XP_079462832.1	XP_079462832.1
XP_079462833.1	XP_079462833.1
XP_079462838.1	XP_079462838.1
XP_079482130.1	XP_079482130.1
XP_079482131.1	XP_079482131.1
XP_079496724.1	XP_079496724.1
XP_079509475.1	XP_079509475.1
XP_079509477.1	XP_079509477.1
XP_079509478.1	XP_079509478.1
XP_079512300.1	XP_079512300.1
XP_079512301.1	XP_079512301.1
XP_079514584.1	XP_079514584.1
XP_079517294.1	XP_079517294.1
XP_079517295.1	XP_079517295.1
XP_079517296.1	XP_079517296.1
XP_079542581.1	XP_079542581.1
XP_079542583.1	XP_079542583.1
XP_079542842.1	XP_079542842.1
XP_079551640.1	XP_079551640.1
XP_079555396.1	XP_079555396.1
XP_079558312.1	XP_079558312.1
XP_079558313.1	XP_079558313.1
XP_079558314.1	XP_079558314.1
XP_079558315.1	XP_079558315.1
XP_079558316.1	XP_079558316.1
XP_079558317.1	XP_079558317.1
XP_079558318.1	XP_079558318.1
XP_079558319.1	XP_079558319.1
XP_079558320.1	XP_079558320.1
XP_079558321.1	XP_079558321.1
XP_079558322.1	XP_079558322.1
XP_079560070.1	XP_079560070.1
XP_079560071.1	XP_079560071.1
XP_079563245.1	XP_079563245.1
XP_079563246.1	XP_079563246.1
XP_079563247.1	XP_079563247.1
XP_079563248.1	XP_079563248.1
XP_079563862.1	XP_079563862.1
XP_079580309.1	XP_079580309.1
XP_079580311.1	XP_079580311.1
XP_079583150.1	XP_079583150.1
XP_079583151.1	XP_079583151.1
XP_079583152.1	XP_079583152.1
XP_079593179.1	XP_079593179.1
XP_079595984.1	XP_079595984.1
XP_079597308.1	XP_079597308.1
XP_079597796.1	XP_079597796.1
XP_079605000.1	XP_079605000.1
XP_079608408.1	XP_079608408.1
XP_079608409.1	XP_079608409.1
XP_079610512.1	XP_079610512.1
XP_079613416.1	XP_079613416.1
XP_079616180.1	XP_079616180.1
XP_079616181.1	XP_079616181.1
XP_079623998.1	XP_079623998.1
XP_079633040.1	XP_079633040.1
XP_079633041.1	XP_079633041.1
XP_079633042.1	XP_079633042.1
XP_079633043.1	XP_079633043.1
XP_079633044.1	XP_079633044.1
XP_079633045.1	XP_079633045.1
XP_079644208.1	XP_079644208.1
XP_079644209.1	XP_079644209.1
XP_079645838.1	XP_079645838.1
XP_079645839.1	XP_079645839.1
XP_079645841.1	XP_079645841.1
XP_079645845.1	XP_079645845.1
XP_079645846.1	XP_079645846.1
XP_079645847.1	XP_079645847.1
XP_079645848.1	XP_079645848.1
XP_079652877.1	XP_079652877.1
XP_079652878.1	XP_079652878.1
XP_079657285.1	XP_079657285.1
XP_079657286.1	XP_079657286.1
XP_079657684.1	XP_079657684.1
XP_079658945.1	XP_079658945.1
XP_079660937.1	XP_079660937.1
XP_079660938.1	XP_079660938.1
XP_079670279.1	XP_079670279.1
XP_079671574.1	XP_079671574.1
XP_079685539.1	XP_079685539.1
XP_079685540.1	XP_079685540.1
XP_079693555.1	XP_079693555.1
XP_079706066.1	XP_079706066.1
XP_079706764.1	XP_079706764.1
XP_079707067.1	XP_079707067.1
XP_079724118.1	XP_079724118.1
XP_079724119.1	XP_079724119.1
XP_079727130.1	XP_079727130.1
XP_079728300.1	XP_079728300.1
XP_079728301.1	XP_079728301.1
XP_079735314.1	XP_079735314.1
XP_079735315.1	XP_079735315.1
XP_079735316.1	XP_079735316.1
XP_079735317.1	XP_079735317.1
XP_079735318.1	XP_079735318.1
XP_079750222.1	XP_079750222.1
XP_079750223.1	XP_079750223.1
XP_079750224.1	XP_079750224.1
XP_079762708.1	XP_079762708.1
XP_079762709.1	XP_079762709.1
XP_079762710.1	XP_079762710.1
XP_079762711.1	XP_079762711.1
XP_079762712.1	XP_079762712.1
XP_079768857.1	XP_079768857.1
XP_079768858.1	XP_079768858.1
XP_079768859.1	XP_079768859.1
XP_079768860.1	XP_079768860.1
XP_079773324.1	XP_079773324.1
XP_079773325.1	XP_079773325.1
XP_079782196.1	XP_079782196.1
XP_079782197.1	XP_079782197.1
XP_079782198.1	XP_079782198.1
XP_079782201.1	XP_079782201.1
XP_079782202.1	XP_079782202.1
XP_079782203.1	XP_079782203.1
XP_079782204.1	XP_079782204.1
XP_079782205.1	XP_079782205.1
XP_079782206.1	XP_079782206.1
XP_079795158.1	XP_079795158.1
XP_079795159.1	XP_079795159.1
XP_079795160.1	XP_079795160.1
XP_079795161.1	XP_079795161.1
XP_079795162.1	XP_079795162.1
XP_079795163.1	XP_079795163.1
XP_079795164.1	XP_079795164.1
XP_079795166.1	XP_079795166.1
XP_079795167.1	XP_079795167.1
XP_079795168.1	XP_079795168.1
XP_079802962.1	XP_079802962.1
XP_079814134.1	XP_079814134.1
XP_079814135.1	XP_079814135.1
XP_079838569.1	XP_079838569.1
XP_079839689.1	XP_079839689.1
XP_079839690.1	XP_079839690.1
XP_079844912.1	XP_079844912.1
XP_079844913.1	XP_079844913.1
XP_079851764.1	XP_079851764.1
XP_079852118.1	XP_079852118.1
XP_079854368.1	XP_079854368.1
XP_079856487.1	XP_079856487.1
XP_079856488.1	XP_079856488.1
XP_079859571.1	XP_079859571.1
XP_079859721.1	XP_079859721.1
XP_079860995.1	XP_079860995.1
XP_079865307.1	XP_079865307.1
XP_079876608.1	XP_079876608.1
XP_079877540.1	XP_079877540.1
XP_079889382.1	XP_079889382.1
XP_079895607.1	XP_079895607.1
XP_079898426.1	XP_079898426.1
XP_079901346.1	XP_079901346.1
XP_079902886.1	XP_079902886.1
XP_079902887.1	XP_079902887.1
XP_079905277.1	XP_079905277.1
XP_079905993.1	XP_079905993.1
XP_079907126.1	XP_079907126.1
XP_079920021.1	XP_079920021.1
XP_079923529.1	XP_079923529.1
XP_079927137.1	XP_079927137.1
XP_079929201.1	XP_079929201.1
XP_079933445.1	XP_079933445.1
XP_079933453.1	XP_079933453.1
XP_079944522.1	XP_079944522.1
XP_079944523.1	XP_079944523.1
XP_079946742.1	XP_079946742.1
XP_079946743.1	XP_079946743.1
XP_079946744.1	XP_079946744.1
XP_079946745.1	XP_079946745.1
XP_079949593.1	XP_079949593.1
XP_079949594.1	XP_079949594.1
XP_079949595.1	XP_079949595.1
XP_079950355.1	XP_079950355.1
XP_079950860.1	XP_079950860.1
XP_079964498.1	XP_079964498.1
XP_079973619.1	XP_079973619.1
XP_079988079.1	XP_079988079.1
XP_079988080.1	XP_079988080.1
XP_079989945.1	XP_079989945.1
XP_079995893.1	XP_079995893.1
XP_079995901.1	XP_079995901.1
XP_080009050.1	XP_080009050.1
XP_080013760.1	XP_080013760.1
XP_080016767.1	XP_080016767.1
XP_080016770.1	XP_080016770.1
XP_080024227.1	XP_080024227.1
XP_080024229.1	XP_080024229.1
XP_080024230.1	XP_080024230.1
XP_080025595.1	XP_080025595.1
XP_080025602.1	XP_080025602.1
XP_080043098.1	XP_080043098.1
XP_080044947.1	XP_080044947.1
XP_080044948.1	XP_080044948.1
XP_080044949.1	XP_080044949.1
XP_080045473.1	XP_080045473.1
XP_080051584.1	XP_080051584.1
XP_080051588.1	XP_080051588.1
XP_080061405.1	XP_080061405.1
XP_080061413.1	XP_080061413.1
XP_080061420.1	XP_080061420.1
XP_080061427.1	XP_080061427.1
XP_080061432.1	XP_080061432.1
XP_080061438.1	XP_080061438.1
XP_080069634.1	XP_080069634.1
XP_080073518.1	XP_080073518.1
XP_080073528.1	XP_080073528.1
XP_080073536.1	XP_080073536.1
XP_080076429.1	XP_080076429.1
XP_080076437.1	XP_080076437.1
XP_080077391.1	XP_080077391.1
XP_080077392.1	XP_080077392.1
XP_080077393.1	XP_080077393.1
XP_080087191.1	XP_080087191.1
XP_080087193.1	XP_080087193.1
XP_080093669.1	XP_080093669.1
XP_080099368.1	XP_080099368.1
XP_080099381.1	XP_080099381.1
XP_080103792.1	XP_080103792.1
XP_080103801.1	XP_080103801.1
XP_080105956.1	XP_080105956.1
XP_080133701.1	XP_080133701.1
XP_080133841.1	XP_080133841.1
XP_080133842.1	XP_080133842.1
XP_080134023.1	XP_080134023.1
XP_080135208.1	XP_080135208.1
XP_080135209.1	XP_080135209.1
XP_080135559.1	XP_080135559.1
XP_080147756.1	XP_080147756.1
XP_080170568.1	XP_080170568.1
XP_080171951.1	XP_080171951.1
XP_080171952.1	XP_080171952.1
XP_080171953.1	XP_080171953.1
XP_080176543.1	XP_080176543.1
XP_080176544.1	XP_080176544.1
XP_080176545.1	XP_080176545.1
XP_080176546.1	XP_080176546.1
XP_080176547.1	XP_080176547.1
XP_080176548.1	XP_080176548.1
XP_080178427.1	XP_080178427.1
XP_080182561.1	XP_080182561.1
XP_080195202.1	XP_080195202.1
XP_080195203.1	XP_080195203.1
XP_080195204.1	XP_080195204.1
XP_080195713.1	XP_080195713.1
XP_080204723.1	XP_080204723.1
XP_080204724.1	XP_080204724.1
XP_080204725.1	XP_080204725.1
XP_080208156.1	XP_080208156.1
XP_080219079.1	XP_080219079.1
XP_080219081.1	XP_080219081.1
XP_080219082.1	XP_080219082.1
XP_080219083.1	XP_080219083.1
XP_080219122.1	XP_080219122.1
XP_080219123.1	XP_080219123.1
XP_080226994.1	XP_080226994.1
XP_080226995.1	XP_080226995.1
XP_080226999.1	XP_080226999.1
XP_080227000.1	XP_080227000.1
XP_080227001.1	XP_080227001.1
XP_080227002.1	XP_080227002.1
XP_080227003.1	XP_080227003.1
XP_080227204.1	XP_080227204.1
XP_080227205.1	XP_080227205.1
XP_080227206.1	XP_080227206.1
XP_080227207.1	XP_080227207.1
XP_080227208.1	XP_080227208.1
XP_080227209.1	XP_080227209.1
XP_080227210.1	XP_080227210.1
XP_080235157.1	XP_080235157.1
XP_080239164.1	XP_080239164.1
XP_080262366.1	XP_080262366.1
XP_080262367.1	XP_080262367.1
XP_080271999.1	XP_080271999.1
XP_080273364.1	XP_080273364.1
XP_080282589.1	XP_080282589.1
XP_080287619.1	XP_080287619.1
XP_080287620.1	XP_080287620.1
XP_080289979.1	XP_080289979.1
XP_080291215.1	XP_080291215.1
XP_080291216.1	XP_080291216.1
XP_080299371.1	XP_080299371.1
XP_080299372.1	XP_080299372.1
XP_080310809.1	XP_080310809.1
XP_080321626.1	XP_080321626.1
XP_080322795.1	XP_080322795.1
XP_080323950.1	XP_080323950.1
XP_080326761.1	XP_080326761.1
XP_080329580.1	XP_080329580.1
XP_080329581.1	XP_080329581.1
XP_080329582.1	XP_080329582.1
XP_080329583.1	XP_080329583.1
XP_080341749.1	XP_080341749.1
XP_080345842.1	XP_080345842.1
XP_080345843.1	XP_080345843.1
XP_080346197.1	XP_080346197.1
XP_080354794.1	XP_080354794.1
XP_080355147.1	XP_080355147.1
XP_080355625.1	XP_080355625.1
XP_080356749.1	XP_080356749.1
XP_080362923.1	XP_080362923.1
XP_080362924.1	XP_080362924.1
XP_080370979.1	XP_080370979.1
XP_080372529.1	XP_080372529.1
XP_080377983.1	XP_080377983.1
XP_080386934.1	XP_080386934.1
XP_080387207.1	XP_080387207.1
XP_080388976.1	XP_080388976.1
XP_080393398.1	XP_080393398.1
XP_080393399.1	XP_080393399.1
XP_080395140.1	XP_080395140.1
XP_080395141.1	XP_080395141.1
XP_080397183.1	XP_080397183.1
XP_080398686.1	XP_080398686.1
XP_080400485.1	XP_080400485.1
XP_080400873.1	XP_080400873.1
XP_080428752.1	XP_080428752.1
XP_080428754.1	XP_080428754.1
XP_080428755.1	XP_080428755.1
XP_080428756.1	XP_080428756.1
XP_080428757.1	XP_080428757.1
XP_080429251.1	XP_080429251.1
XP_080429253.1	XP_080429253.1
XP_080435070.1	XP_080435070.1
XP_080435071.1	XP_080435071.1
XP_080435072.1	XP_080435072.1
XP_080435073.1	XP_080435073.1
XP_080437410.1	XP_080437410.1
XP_080459392.1	XP_080459392.1
XP_080459393.1	XP_080459393.1
XP_080459394.1	XP_080459394.1
XP_080459395.1	XP_080459395.1
XP_080465305.1	XP_080465305.1
XP_080466052.1	XP_080466052.1
XP_080466053.1	XP_080466053.1
XP_080466055.1	XP_080466055.1
XP_080466056.1	XP_080466056.1
XP_080466057.1	XP_080466057.1
XP_080466058.1	XP_080466058.1
XP_080467872.1	XP_080467872.1
XP_080467873.1	XP_080467873.1
XP_080467874.1	XP_080467874.1
XP_080479108.1	XP_080479108.1
XP_080479109.1	XP_080479109.1
XP_080492009.1	XP_080492009.1
XP_080493983.1	XP_080493983.1
XP_080493984.1	XP_080493984.1
XP_080494830.1	XP_080494830.1
XP_080494831.1	XP_080494831.1
XP_080494832.1	XP_080494832.1
XP_080494833.1	XP_080494833.1
XP_080494834.1	XP_080494834.1
XP_080494878.1	XP_080494878.1
XP_080494880.1	XP_080494880.1
XP_080494881.1	XP_080494881.1
XP_080494882.1	XP_080494882.1
XP_080494883.1	XP_080494883.1
XP_080498037.1	XP_080498037.1
XP_080501040.1	XP_080501040.1
XP_080501041.1	XP_080501041.1
XP_080513342.1	XP_080513342.1
XP_080513343.1	XP_080513343.1
XP_080513344.1	XP_080513344.1
XP_080513345.1	XP_080513345.1
XP_080513346.1	XP_080513346.1
XP_080513347.1	XP_080513347.1
XP_080513348.1	XP_080513348.1
XP_080518413.1	XP_080518413.1
XP_080523793.1	XP_080523793.1
XP_080523795.1	XP_080523795.1
XP_080523797.1	XP_080523797.1
XP_080523798.1	XP_080523798.1
XP_080523799.1	XP_080523799.1
XP_080535596.1	XP_080535596.1
XP_080535597.1	XP_080535597.1
XP_080535598.1	XP_080535598.1
XP_080535599.1	XP_080535599.1
XP_080538824.1	XP_080538824.1
XP_080549137.1	XP_080549137.1
XP_080549138.1	XP_080549138.1
XP_080549139.1	XP_080549139.1
XP_080551609.1	XP_080551609.1
XP_080551610.1	XP_080551610.1
XP_080558853.1	XP_080558853.1
XP_080558855.1	XP_080558855.1
XP_080565716.1	XP_080565716.1
XP_080565717.1	XP_080565717.1
XP_080565892.1	XP_080565892.1
XP_080565893.1	XP_080565893.1
XP_080565894.1	XP_080565894.1
XP_080565895.1	XP_080565895.1
XP_080565896.1	XP_080565896.1
XP_080565897.1	XP_080565897.1
XP_080565898.1	XP_080565898.1
XP_080565899.1	XP_080565899.1
XP_080565900.1	XP_080565900.1
XP_080573334.1	XP_080573334.1
XP_080575832.1	XP_080575832.1
XP_080580232.1	XP_080580232.1
XP_080580233.1	XP_080580233.1
XP_080582802.1	XP_080582802.1
XP_080585443.1	XP_080585443.1
XP_080590627.1	XP_080590627.1
XP_080594390.1	XP_080594390.1
XP_080595308.1	XP_080595308.1
XP_080598472.1	XP_080598472.1
XP_080603682.1	XP_080603682.1
XP_080604751.1	XP_080604751.1
XP_080604752.1	XP_080604752.1
XP_080607946.1	XP_080607946.1
XP_080611377.1	XP_080611377.1
XP_080611378.1	XP_080611378.1
XP_080622450.1	XP_080622450.1
XP_080622837.1	XP_080622837.1
XP_080625081.1	XP_080625081.1
XP_080626144.1	XP_080626144.1
XP_080626145.1	XP_080626145.1
XP_080626146.1	XP_080626146.1
XP_080636306.1	XP_080636306.1
XP_080636307.1	XP_080636307.1
XP_080643025.1	XP_080643025.1
XP_080645222.1	XP_080645222.1
XP_080650517.1	XP_080650517.1
XP_080650518.1	XP_080650518.1
XP_080657124.1	XP_080657124.1
XP_080657125.1	XP_080657125.1
XP_080661244.1	XP_080661244.1
XP_080661245.1	XP_080661245.1
XP_080667356.1	XP_080667356.1
XP_080673484.1	XP_080673484.1
XP_080675562.1	XP_080675562.1
XP_080675564.1	XP_080675564.1
XP_080675565.1	XP_080675565.1
XP_080684393.1	XP_080684393.1
XP_080684394.1	XP_080684394.1
XP_080684395.1	XP_080684395.1
XP_080693719.1	XP_080693719.1
XP_080693720.1	XP_080693720.1
XP_080696535.1	XP_080696535.1
XP_080699296.1	XP_080699296.1
XP_080708545.1	XP_080708545.1
XP_080709182.1	XP_080709182.1
XP_080711709.1	XP_080711709.1
XP_080716730.1	XP_080716730.1
XP_080716731.1	XP_080716731.1
XP_080721422.1	XP_080721422.1
XP_080729799.1	XP_080729799.1
XP_080741969.1	XP_080741969.1
XP_080751260.1	XP_080751260.1
XP_080752666.1	XP_080752666.1
XP_080768419.1	XP_080768419.1
XP_080773142.1	XP_080773142.1
XP_080773143.1	XP_080773143.1
XP_080781750.1	XP_080781750.1
XP_080781751.1	XP_080781751.1
XP_080782645.1	XP_080782645.1
XP_080782647.1	XP_080782647.1
XP_080782648.1	XP_080782648.1
XP_080790006.1	XP_080790006.1
XP_080793606.1	XP_080793606.1
XP_080793607.1	XP_080793607.1
XP_080799622.1	XP_080799622.1
XP_080799623.1	XP_080799623.1
XP_080799624.1	XP_080799624.1
XP_080805409.1	XP_080805409.1
XP_080810160.1	XP_080810160.1
XP_080810161.1	XP_080810161.1
XP_080810162.1	XP_080810162.1
XP_080813095.1	XP_080813095.1
XP_080822181.1	XP_080822181.1
XP_080824312.1	XP_080824312.1
XP_080825075.1	XP_080825075.1
XP_080825076.1	XP_080825076.1
XP_080825077.1	XP_080825077.1
XP_080828379.1	XP_080828379.1
XP_080829943.1	XP_080829943.1
XP_080831432.1	XP_080831432.1
XP_080840714.1	XP_080840714.1
XP_080866973.1	XP_080866973.1
XP_080869081.1	XP_080869081.1
XP_080869082.1	XP_080869082.1
XP_080871649.1	XP_080871649.1
XP_080871650.1	XP_080871650.1
XP_080888286.1	XP_080888286.1
XP_080888287.1	XP_080888287.1
XP_080895175.1	XP_080895175.1
XP_080910202.1	XP_080910202.1
XP_080910248.1	XP_080910248.1
XP_080910249.1	XP_080910249.1
XP_080910250.1	XP_080910250.1
XP_080910251.1	XP_080910251.1
XP_080912937.1	XP_080912937.1
XP_080912938.1	XP_080912938.1
XP_080912939.1	XP_080912939.1
XP_080912940.1	XP_080912940.1
XP_080912941.1	XP_080912941.1
XP_080912942.1	XP_080912942.1
XP_080913723.1	XP_080913723.1
XP_080913724.1	XP_080913724.1
XP_080913725.1	XP_080913725.1
XP_080913726.1	XP_080913726.1
XP_080913727.1	XP_080913727.1
XP_080913728.1	XP_080913728.1
XP_080913729.1	XP_080913729.1
XP_080913730.1	XP_080913730.1
XP_080913731.1	XP_080913731.1
XP_080913732.1	XP_080913732.1
XP_080913733.1	XP_080913733.1
XP_080913734.1	XP_080913734.1
XP_080913735.1	XP_080913735.1
XP_080919836.1	XP_080919836.1
XP_080922908.1	XP_080922908.1
XP_080922910.1	XP_080922910.1
XP_080922911.1	XP_080922911.1
XP_080922912.1	XP_080922912.1
XP_080922913.1	XP_080922913.1
XP_080922914.1	XP_080922914.1
XP_080940016.1	XP_080940016.1
XP_080943244.1	XP_080943244.1
XP_080944927.1	XP_080944927.1
XP_080944928.1	XP_080944928.1
XP_080946208.1	XP_080946208.1
XP_080946209.1	XP_080946209.1
XP_080955454.1	XP_080955454.1
XP_080955952.1	XP_080955952.1
XP_080955953.1	XP_080955953.1
XP_080959771.1	XP_080959771.1
XP_080964131.1	XP_080964131.1
XP_080964132.1	XP_080964132.1
XP_080975942.1	XP_080975942.1
XP_080975943.1	XP_080975943.1
XP_080987967.1	XP_080987967.1
XP_080988367.1	XP_080988367.1
XP_080988368.1	XP_080988368.1
XP_081001330.1	XP_081001330.1
XP_081001331.1	XP_081001331.1
XP_081001332.1	XP_081001332.1
XP_081001333.1	XP_081001333.1
XP_081001334.1	XP_081001334.1
XP_081001335.1	XP_081001335.1
XP_081001336.1	XP_081001336.1
XP_081008230.1	XP_081008230.1
XP_081008231.1	XP_081008231.1
XP_081008232.1	XP_081008232.1
XP_081008233.1	XP_081008233.1
XP_081008235.1	XP_081008235.1
XP_081008237.1	XP_081008237.1
XP_081020249.1	XP_081020249.1
XP_081029423.1	XP_081029423.1
XP_081029424.1	XP_081029424.1
XP_081051481.1	XP_081051481.1
XP_081057291.1	XP_081057291.1
XP_081057292.1	XP_081057292.1
XP_081062103.1	XP_081062103.1
XP_081062104.1	XP_081062104.1
XP_081069130.1	XP_081069130.1
XP_081069652.1	XP_081069652.1
XP_081081350.1	XP_081081350.1
XP_081081351.1	XP_081081351.1
XP_081081352.1	XP_081081352.1
XP_081081353.1	XP_081081353.1
XP_081081354.1	XP_081081354.1
XP_081081355.1	XP_081081355.1
XP_081081356.1	XP_081081356.1
XP_081083097.1	XP_081083097.1
XP_081086919.1	XP_081086919.1
XP_081086920.1	XP_081086920.1
XP_081088161.1	XP_081088161.1
XP_081088164.1	XP_081088164.1
XP_081093944.1	XP_081093944.1
XP_081093946.1	XP_081093946.1
XP_081093947.1	XP_081093947.1
XP_081093948.1	XP_081093948.1
XP_081093949.1	XP_081093949.1
XP_081094796.1	XP_081094796.1
XP_081122780.1	XP_081122780.1
XP_081134903.1	XP_081134903.1
XP_081134904.1	XP_081134904.1
XP_081134907.1	XP_081134907.1
XP_081134908.1	XP_081134908.1
XP_081134909.1	XP_081134909.1
XP_081134910.1	XP_081134910.1
XP_081134911.1	XP_081134911.1
XP_081137434.1	XP_081137434.1
XP_081137435.1	XP_081137435.1
XP_081140881.1	XP_081140881.1
XP_081140883.1	XP_081140883.1
XP_081140884.1	XP_081140884.1
XP_081145431.1	XP_081145431.1
XP_081145432.1	XP_081145432.1
XP_081145433.1	XP_081145433.1
XP_081156606.1	XP_081156606.1
XP_081163260.1	XP_081163260.1
XP_081163261.1	XP_081163261.1
XP_081163262.1	XP_081163262.1
XP_081163263.1	XP_081163263.1
XP_081163264.1	XP_081163264.1
XP_081163265.1	XP_081163265.1
XP_081163266.1	XP_081163266.1
XP_081172626.1	XP_081172626.1
XP_081172630.1	XP_081172630.1
XP_081173982.1	XP_081173982.1
XP_081173983.1	XP_081173983.1
XP_081173984.1	XP_081173984.1
XP_081173985.1	XP_081173985.1
XP_081173986.1	XP_081173986.1
XP_081179563.1	XP_081179563.1
XP_081179564.1	XP_081179564.1
XP_081180152.1	XP_081180152.1
XP_081180153.1	XP_081180153.1
XP_081180154.1	XP_081180154.1
XP_081192276.1	XP_081192276.1
XP_081192277.1	XP_081192277.1
XP_081192278.1	XP_081192278.1
XP_081192279.1	XP_081192279.1
XP_081196979.1	XP_081196979.1
XP_081199142.1	XP_081199142.1
XP_081216083.1	XP_081216083.1
XP_081216084.1	XP_081216084.1
XP_081221445.1	XP_081221445.1
XP_081221943.1	XP_081221943.1
XP_081221946.1	XP_081221946.1
XP_081232578.1	XP_081232578.1
XP_081232579.1	XP_081232579.1
XP_081241846.1	XP_081241846.1
XP_081244439.1	XP_081244439.1
XP_081244440.1	XP_081244440.1
XP_081248331.1	XP_081248331.1
XP_081248354.1	XP_081248354.1
XP_081248355.1	XP_081248355.1
XP_081258775.1	XP_081258775.1
XP_081259711.1	XP_081259711.1
XP_081264742.1	XP_081264742.1
XP_081264743.1	XP_081264743.1
XP_081264744.1	XP_081264744.1
XP_081264745.1	XP_081264745.1
XP_081264746.1	XP_081264746.1
XP_081264747.1	XP_081264747.1
XP_081284092.1	XP_081284092.1
XP_081284093.1	XP_081284093.1
XP_081284094.1	XP_081284094.1
XP_081304860.1	XP_081304860.1
XP_081306995.1	XP_081306995.1
XP_081315245.1	XP_081315245.1
XP_081315246.1	XP_081315246.1
XP_081315247.1	XP_081315247.1
XP_081315257.1	XP_081315257.1
XP_081317784.1	XP_081317784.1
XP_081323420.1	XP_081323420.1
XP_081333586.1	XP_081333586.1
XP_081333593.1	XP_081333593.1
XP_081333598.1	XP_081333598.1
XP_081341429.1	XP_081341429.1
XP_081341431.1	XP_081341431.1
XP_081341432.1	XP_081341432.1
XP_081341433.1	XP_081341433.1
XP_081341435.1	XP_081341435.1
XP_081341436.1	XP_081341436.1
XP_081341439.1	XP_081341439.1
XP_081341440.1	XP_081341440.1
XP_081341441.1	XP_081341441.1
XP_081341442.1	XP_081341442.1
XP_081341443.1	XP_081341443.1
XP_081341444.1	XP_081341444.1
XP_081341446.1	XP_081341446.1
XP_081341447.1	XP_081341447.1
XP_081341450.1	XP_081341450.1
XP_081341451.1	XP_081341451.1
XP_081341454.1	XP_081341454.1
XP_081341455.1	XP_081341455.1
XP_081341457.1	XP_081341457.1
XP_081341458.1	XP_081341458.1
XP_081341460.1	XP_081341460.1
XP_081341461.1	XP_081341461.1
XP_081341463.1	XP_081341463.1
XP_081341464.1	XP_081341464.1
XP_081341465.1	XP_081341465.1
XP_081341466.1	XP_081341466.1
XP_081341467.1	XP_081341467.1
XP_081341468.1	XP_081341468.1
XP_081341469.1	XP_081341469.1
XP_081341471.1	XP_081341471.1
XP_081341472.1	XP_081341472.1
XP_081341473.1	XP_081341473.1
XP_081341474.1	XP_081341474.1
XP_081341477.1	XP_081341477.1
XP_081341479.1	XP_081341479.1
XP_081341480.1	XP_081341480.1
XP_081341481.1	XP_081341481.1
XP_081341483.1	XP_081341483.1
XP_081362116.1	XP_081362116.1
XP_081362124.1	XP_081362124.1
XP_081362128.1	XP_081362128.1
XP_081362138.1	XP_081362138.1
XP_081369772.1	XP_081369772.1
XP_081369773.1	XP_081369773.1
XP_081369774.1	XP_081369774.1
XP_081369775.1	XP_081369775.1
XP_081369777.1	XP_081369777.1
XP_081369779.1	XP_081369779.1
XP_081369780.1	XP_081369780.1
XP_081369781.1	XP_081369781.1
XP_081369782.1	XP_081369782.1
XP_081369783.1	XP_081369783.1
XP_081369784.1	XP_081369784.1
XP_081369785.1	XP_081369785.1
XP_081369786.1	XP_081369786.1
XP_081377090.1	XP_081377090.1
XP_081377093.1	XP_081377093.1
XP_081377094.1	XP_081377094.1
XP_081378266.1	XP_081378266.1
XP_081378273.1	XP_081378273.1
XP_081378289.1	XP_081378289.1
XP_081378299.1	XP_081378299.1
XP_081378306.1	XP_081378306.1
XP_081378317.1	XP_081378317.1
XP_081390911.1	XP_081390911.1
XP_081390912.1	XP_081390912.1
XP_081410114.1	XP_081410114.1
XP_081410115.1	XP_081410115.1
XP_081410117.1	XP_081410117.1
XP_081410118.1	XP_081410118.1
XP_081410119.1	XP_081410119.1
XP_081410120.1	XP_081410120.1
XP_081410121.1	XP_081410121.1
XP_081410122.1	XP_081410122.1
XP_081461962.1	XP_081461962.1
XP_081461963.1	XP_081461963.1
XP_081462096.1	XP_081462096.1
XP_081462397.1	XP_081462397.1
XP_081462419.1	XP_081462419.1
XP_081462421.1	XP_081462421.1
XP_081462423.1	XP_081462423.1
XP_081490603.1	XP_081490603.1
XP_081499783.1	XP_081499783.1
XP_081503612.1	XP_081503612.1
XP_081503614.1	XP_081503614.1
XP_081503615.1	XP_081503615.1
XP_081503616.1	XP_081503616.1
XP_081503726.1	XP_081503726.1
XP_081507287.1	XP_081507287.1
XP_081507288.1	XP_081507288.1
XP_081507289.1	XP_081507289.1
XP_081507346.1	XP_081507346.1
XP_081516845.1	XP_081516845.1
XP_081526874.1	XP_081526874.1
XP_081535729.1	XP_081535729.1
XP_081546897.1	XP_081546897.1
XP_081549647.1	XP_081549647.1
XP_081549804.1	XP_081549804.1
XP_081549809.1	XP_081549809.1
XP_081552623.1	XP_081552623.1
XP_081553616.1	XP_081553616.1
XP_081559605.1	XP_081559605.1
XP_081560610.1	XP_081560610.1
XP_081560611.1	XP_081560611.1
XP_081562445.1	XP_081562445.1
XP_081571173.1	XP_081571173.1
XP_081589552.1	XP_081589552.1
XP_081589553.1	XP_081589553.1
XP_081589554.1	XP_081589554.1
XP_081592506.1	XP_081592506.1
XP_081601616.1	XP_081601616.1
XP_081628261.1	XP_081628261.1
XP_081628343.1	XP_081628343.1
XP_081628346.1	XP_081628346.1
XP_081628928.1	XP_081628928.1
XP_081628929.1	XP_081628929.1
XP_081629028.1	XP_081629028.1
XP_081629075.1	XP_081629075.1
XP_081636965.1	XP_081636965.1
XP_081646052.1	XP_081646052.1
XP_081654103.1	XP_081654103.1
XP_081673055.1	XP_081673055.1
XP_081673057.1	XP_081673057.1
XP_081673058.1	XP_081673058.1
XP_081673059.1	XP_081673059.1
XP_081673061.1	XP_081673061.1
XP_081673062.1	XP_081673062.1
XP_081673063.1	XP_081673063.1
XP_081673064.1	XP_081673064.1
XP_081690511.1	XP_081690511.1
XP_081697076.1	XP_081697076.1
XP_081697077.1	XP_081697077.1
XP_081722875.1	XP_081722875.1
XP_081726335.1	XP_081726335.1
XP_081726336.1	XP_081726336.1
XP_081728838.1	XP_081728838.1
XP_081728839.1	XP_081728839.1
XP_081737040.1	XP_081737040.1
XP_081737337.1	XP_081737337.1
XP_081738574.1	XP_081738574.1
XP_081747572.1	XP_081747572.1
XP_081773569.1	XP_081773569.1
XP_081773934.1	XP_081773934.1
XP_081773935.1	XP_081773935.1
XP_081780164.1	XP_081780164.1
XP_081780165.1	XP_081780165.1
XP_081785536.1	XP_081785536.1
XP_081786496.1	XP_081786496.1
XP_081788455.1	XP_081788455.1
XP_081797144.1	XP_081797144.1
XP_081797145.1	XP_081797145.1
XP_081800236.1	XP_081800236.1
XP_081800238.1	XP_081800238.1
XP_081805738.1	XP_081805738.1
XP_081805742.1	XP_081805742.1
XP_081806894.1	XP_081806894.1
XP_081806895.1	XP_081806895.1
XP_081819691.1	XP_081819691.1
XP_081824782.1	XP_081824782.1
XP_081829954.1	XP_081829954.1
XP_081836971.1	XP_081836971.1
XP_081836972.1	XP_081836972.1
XP_081837302.1	XP_081837302.1
XP_081843582.1	XP_081843582.1
XP_081843583.1	XP_081843583.1
XP_081852479.1	XP_081852479.1
XP_081852480.1	XP_081852480.1
XP_081852481.1	XP_081852481.1
XP_081859249.1	XP_081859249.1
XP_081861974.1	XP_081861974.1
XP_081868505.1	XP_081868505.1
XP_081869067.1	XP_081869067.1
XP_081869430.1	XP_081869430.1
XP_081871283.1	XP_081871283.1
XP_081873271.1	XP_081873271.1
XP_081882132.1	XP_081882132.1
XP_081882133.1	XP_081882133.1
XP_081882134.1	XP_081882134.1
XP_081895904.1	XP_081895904.1
XP_081895906.1	XP_081895906.1
XP_081895922.1	XP_081895922.1
XP_081897620.1	XP_081897620.1
XP_081898837.1	XP_081898837.1
XP_081900045.1	XP_081900045.1
XP_081900046.1	XP_081900046.1
XP_081900048.1	XP_081900048.1
XP_081900049.1	XP_081900049.1
XP_081900527.1	XP_081900527.1
XP_081910043.1	XP_081910043.1
XP_081910044.1	XP_081910044.1
XP_081910045.1	XP_081910045.1
XP_081910046.1	XP_081910046.1
XP_081910047.1	XP_081910047.1
XP_081918821.1	XP_081918821.1
XP_081931792.1	XP_081931792.1
XP_081931795.1	XP_081931795.1
XP_081931796.1	XP_081931796.1
XP_081932030.1	XP_081932030.1
XP_081949331.1	XP_081949331.1
XP_081950599.1	XP_081950599.1
XP_081950600.1	XP_081950600.1
XP_081950601.1	XP_081950601.1
XP_081950602.1	XP_081950602.1
XP_081950603.1	XP_081950603.1
XP_081950605.1	XP_081950605.1
XP_081950607.1	XP_081950607.1
XP_081953051.1	XP_081953051.1
XP_081953052.1	XP_081953052.1
XP_081953053.1	XP_081953053.1
XP_081957380.1	XP_081957380.1
XP_081960390.1	XP_081960390.1
XP_081960391.1	XP_081960391.1
XP_081960397.1	XP_081960397.1
XP_081960400.1	XP_081960400.1
XP_081983859.1	XP_081983859.1
XP_081983860.1	XP_081983860.1
XP_081983862.1	XP_081983862.1
XP_082001646.1	XP_082001646.1
XP_082006432.1	XP_082006432.1
XP_082006433.1	XP_082006433.1
XP_082006434.1	XP_082006434.1
XP_082007290.1	XP_082007290.1
XP_082007929.1	XP_082007929.1
XP_082017274.1	XP_082017274.1
XP_082017275.1	XP_082017275.1
XP_082024806.1	XP_082024806.1
XP_082027050.1	XP_082027050.1
XP_082041275.1	XP_082041275.1
XP_082041276.1	XP_082041276.1
XP_082041277.1	XP_082041277.1
XP_082048089.1	XP_082048089.1
XP_082049922.1	XP_082049922.1
XP_082058274.1	XP_082058274.1
XP_082058275.1	XP_082058275.1
XP_082084305.1	XP_082084305.1
XP_082089036.1	XP_082089036.1
XP_082089037.1	XP_082089037.1
XP_082090512.1	XP_082090512.1
XP_082090513.1	XP_082090513.1
XP_082097609.1	XP_082097609.1
XP_082114635.1	XP_082114635.1
XP_082121183.1	XP_082121183.1
XP_082124610.1	XP_082124610.1
XP_082126476.1	XP_082126476.1
XP_082127011.1	XP_082127011.1
XP_082127012.1	XP_082127012.1
XP_082128921.1	XP_082128921.1
XP_082138884.1	XP_082138884.1
XP_082143505.1	XP_082143505.1
XP_082143506.1	XP_082143506.1
XP_082145968.1	XP_082145968.1
XP_082150149.1	XP_082150149.1
XP_082150150.1	XP_082150150.1
XP_082156366.1	XP_082156366.1
XP_082158119.1	XP_082158119.1
XP_082158120.1	XP_082158120.1
XP_082158121.1	XP_082158121.1
XP_082158122.1	XP_082158122.1
XP_082158123.1	XP_082158123.1
XP_082158131.1	XP_082158131.1
XP_082168440.1	XP_082168440.1
XP_082168441.1	XP_082168441.1
XP_082168442.1	XP_082168442.1
XP_082170321.1	XP_082170321.1
XP_082170322.1	XP_082170322.1
XP_082170323.1	XP_082170323.1
XP_082170324.1	XP_082170324.1
XP_082170325.1	XP_082170325.1
XP_082170326.1	XP_082170326.1
XP_082170327.1	XP_082170327.1
XP_082176378.1	XP_082176378.1
XP_082176379.1	XP_082176379.1
XP_082181386.1	XP_082181386.1
XP_082190549.1	XP_082190549.1
XP_082190550.1	XP_082190550.1
XP_082193297.1	XP_082193297.1
XP_082193298.1	XP_082193298.1
XP_082193299.1	XP_082193299.1
XP_082193300.1	XP_082193300.1
XP_082193301.1	XP_082193301.1
XP_082193302.1	XP_082193302.1
XP_082193303.1	XP_082193303.1
XP_082193304.1	XP_082193304.1
XP_082193356.1	XP_082193356.1
XP_082193360.1	XP_082193360.1
XP_082200411.1	XP_082200411.1
XP_082200412.1	XP_082200412.1
XP_082222782.1	XP_082222782.1
XP_082233839.1	XP_082233839.1
XP_082233842.1	XP_082233842.1
XP_082236608.1	XP_082236608.1
XP_082236609.1	XP_082236609.1
XP_082243005.1	XP_082243005.1
XP_082257237.1	XP_082257237.1
XP_082257238.1	XP_082257238.1
XP_082257240.1	XP_082257240.1
XP_082257241.1	XP_082257241.1
XP_082257242.1	XP_082257242.1
XP_082257243.1	XP_082257243.1
XP_082257244.1	XP_082257244.1
XP_082257245.1	XP_082257245.1
XP_082284912.1	XP_082284912.1
XP_082284913.1	XP_082284913.1
XP_082284914.1	XP_082284914.1
XP_082284915.1	XP_082284915.1
XP_082284916.1	XP_082284916.1
XP_082284917.1	XP_082284917.1
XP_082284918.1	XP_082284918.1
XP_082294457.1	XP_082294457.1
XP_082294458.1	XP_082294458.1
XP_082294459.1	XP_082294459.1
XP_082294460.1	XP_082294460.1
XP_082305641.1	XP_082305641.1
XP_082310495.1	XP_082310495.1
XP_082310496.1	XP_082310496.1
XP_082325686.1	XP_082325686.1
XP_082325687.1	XP_082325687.1
XP_082325690.1	XP_082325690.1
XP_082325691.1	XP_082325691.1
XP_082325692.1	XP_082325692.1
XP_082325693.1	XP_082325693.1
XP_082325694.1	XP_082325694.1
XP_082325695.1	XP_082325695.1
XP_082325696.1	XP_082325696.1
XP_082334028.1	XP_082334028.1
XP_082334029.1	XP_082334029.1
XP_082334030.1	XP_082334030.1
XP_082334031.1	XP_082334031.1
XP_082334032.1	XP_082334032.1
XP_082335129.1	XP_082335129.1
XP_082335130.1	XP_082335130.1
XP_082335131.1	XP_082335131.1
XP_082335574.1	XP_082335574.1
XP_082339480.1	XP_082339480.1
XP_082345250.1	XP_082345250.1
XP_082353036.1	XP_082353036.1
XP_082353138.1	XP_082353138.1
XP_082353888.1	XP_082353888.1
XP_082366041.1	XP_082366041.1
XP_082400480.1	XP_082400480.1
XP_082403296.1	XP_082403296.1
XP_082407809.1	XP_082407809.1
XP_082410117.1	XP_082410117.1
XP_082411656.1	XP_082411656.1
XP_082420925.1	XP_082420925.1
XP_082422050.1	XP_082422050.1
XP_082428931.1	XP_082428931.1
XP_082429603.1	XP_082429603.1
XP_082435174.1	XP_082435174.1
XP_082437738.1	XP_082437738.1
XP_082438379.1	XP_082438379.1
XP_082440590.1	XP_082440590.1
XP_082453114.1	XP_082453114.1
XP_082454569.1	XP_082454569.1
XP_082472022.1	XP_082472022.1
XP_082472023.1	XP_082472023.1
XP_082472024.1	XP_082472024.1
XP_082472025.1	XP_082472025.1
XP_082472026.1	XP_082472026.1
XP_082472027.1	XP_082472027.1
XP_082472028.1	XP_082472028.1
XP_082476096.1	XP_082476096.1
XP_082478966.1	XP_082478966.1
XP_082478967.1	XP_082478967.1
XP_082480474.1	XP_082480474.1
XP_082480476.1	XP_082480476.1
XP_082480477.1	XP_082480477.1
XP_082480478.1	XP_082480478.1
XP_082480479.1	XP_082480479.1
XP_082485177.1	XP_082485177.1
XP_082505441.1	XP_082505441.1
XP_082507469.1	XP_082507469.1
XP_082507470.1	XP_082507470.1
XP_082511993.1	XP_082511993.1
XP_082511995.1	XP_082511995.1
XP_082511996.1	XP_082511996.1
XP_082511997.1	XP_082511997.1
XP_082523636.1	XP_082523636.1
XP_082523637.1	XP_082523637.1
XP_082523638.1	XP_082523638.1
XP_082523639.1	XP_082523639.1
XP_082523640.1	XP_082523640.1
XP_082523641.1	XP_082523641.1
XP_082523642.1	XP_082523642.1
XP_082523643.1	XP_082523643.1
XP_082523644.1	XP_082523644.1
XP_082534086.1	XP_082534086.1
XP_082534087.1	XP_082534087.1
XP_082544482.1	XP_082544482.1
XP_082544483.1	XP_082544483.1
XP_082544485.1	XP_082544485.1
XP_082544487.1	XP_082544487.1
XP_082544489.1	XP_082544489.1
XP_082544490.1	XP_082544490.1
XP_082544494.1	XP_082544494.1
XP_082544497.1	XP_082544497.1
XP_082544499.1	XP_082544499.1
XP_082544505.1	XP_082544505.1
XP_082544506.1	XP_082544506.1
XP_082544509.1	XP_082544509.1
XP_082552676.1	XP_082552676.1
XP_082552677.1	XP_082552677.1
XP_082552685.1	XP_082552685.1
XP_082552687.1	XP_082552687.1
XP_082567462.1	XP_082567462.1
XP_082567463.1	XP_082567463.1
XP_082567464.1	XP_082567464.1
XP_082580918.1	XP_082580918.1
XP_082581001.1	XP_082581001.1
XP_082581002.1	XP_082581002.1
XP_082604241.1	XP_082604241.1
XP_082608299.1	XP_082608299.1
XP_082610557.1	XP_082610557.1
XP_082610558.1	XP_082610558.1
XP_082610559.1	XP_082610559.1
XP_082610560.1	XP_082610560.1
XP_082610561.1	XP_082610561.1
XP_082622209.1	XP_082622209.1
XP_082622210.1	XP_082622210.1
XP_082622211.1	XP_082622211.1
XP_082626342.1	XP_082626342.1
XP_082638290.1	XP_082638290.1
XP_082638291.1	XP_082638291.1
XP_082639008.1	XP_082639008.1
XP_082639010.1	XP_082639010.1
XP_082639011.1	XP_082639011.1
XP_082639887.1	XP_082639887.1
XP_082646233.1	XP_082646233.1
XP_082648584.1	XP_082648584.1
XP_082648585.1	XP_082648585.1
XP_082648586.1	XP_082648586.1
XP_082648587.1	XP_082648587.1
XP_082648687.1	XP_082648687.1
XP_082648690.1	XP_082648690.1
XP_082648691.1	XP_082648691.1
XP_082648693.1	XP_082648693.1
XP_082652582.1	XP_082652582.1
XP_082652583.1	XP_082652583.1
XP_082654597.1	XP_082654597.1
XP_082670610.1	XP_082670610.1
XP_082670612.1	XP_082670612.1
XP_082670613.1	XP_082670613.1
XP_082670615.1	XP_082670615.1
XP_082675705.1	XP_082675705.1
XP_082689273.1	XP_082689273.1
XP_082689274.1	XP_082689274.1
XP_082689275.1	XP_082689275.1
XP_082689277.1	XP_082689277.1
XP_082689278.1	XP_082689278.1
XP_082689279.1	XP_082689279.1
XP_082689280.1	XP_082689280.1
XP_082689281.1	XP_082689281.1
XP_082689282.1	XP_082689282.1
XP_082689283.1	XP_082689283.1
XP_082690085.1	XP_082690085.1
XP_082692049.1	XP_082692049.1
XP_082698288.1	XP_082698288.1
XP_082698289.1	XP_082698289.1
XP_082698290.1	XP_082698290.1
XP_082698291.1	XP_082698291.1
XP_082698292.1	XP_082698292.1
XP_082698293.1	XP_082698293.1
XP_082698294.1	XP_082698294.1
XP_082698295.1	XP_082698295.1
XP_082700173.1	XP_082700173.1
XP_082725235.1	XP_082725235.1
XP_082725236.1	XP_082725236.1
XP_082725237.1	XP_082725237.1
XP_082725238.1	XP_082725238.1
XP_082725240.1	XP_082725240.1
XP_082725241.1	XP_082725241.1
XP_082725761.1	XP_082725761.1
XP_082731803.1	XP_082731803.1
XP_082738856.1	XP_082738856.1
XP_082740368.1	XP_082740368.1
XP_082747704.1	XP_082747704.1
XP_082747705.1	XP_082747705.1
XP_082747706.1	XP_082747706.1
XP_082747707.1	XP_082747707.1
XP_082747708.1	XP_082747708.1
XP_082747709.1	XP_082747709.1
XP_082747710.1	XP_082747710.1
XP_082747711.1	XP_082747711.1
XP_082747712.1	XP_082747712.1
XP_082753765.1	XP_082753765.1
XP_082753766.1	XP_082753766.1
XP_082753767.1	XP_082753767.1
XP_082753768.1	XP_082753768.1
XP_082753769.1	XP_082753769.1
XP_082753770.1	XP_082753770.1
XP_082790830.1	XP_082790830.1
XP_082793355.1	XP_082793355.1
XP_082793887.1	XP_082793887.1
XP_082794605.1	XP_082794605.1
XP_082794606.1	XP_082794606.1
XP_082794607.1	XP_082794607.1
XP_082794608.1	XP_082794608.1
XP_082794609.1	XP_082794609.1
XP_082802371.1	XP_082802371.1
XP_082802372.1	XP_082802372.1
XP_082817707.1	XP_082817707.1
XP_082817708.1	XP_082817708.1
XP_082817709.1	XP_082817709.1
XP_082824877.1	XP_082824877.1
XP_082836303.1	XP_082836303.1
XP_082842126.1	XP_082842126.1
XP_082842134.1	XP_082842134.1
XP_082846746.1	XP_082846746.1
XP_082847521.1	XP_082847521.1
XP_082848971.1	XP_082848971.1
XP_082855027.1	XP_082855027.1
XP_082872436.1	XP_082872436.1
XP_082885082.1	XP_082885082.1
XP_082891025.1	XP_082891025.1
XP_082891026.1	XP_082891026.1
XP_082891027.1	XP_082891027.1
XP_082902602.1	XP_082902602.1
XP_082902603.1	XP_082902603.1
XP_082903837.1	XP_082903837.1
XP_082903838.1	XP_082903838.1
XP_082904338.1	XP_082904338.1
XP_082905725.1	XP_082905725.1
XP_082905726.1	XP_082905726.1
XP_082926389.1	XP_082926389.1
XP_082932658.1	XP_082932658.1
XP_082935423.1	XP_082935423.1
XP_082936810.1	XP_082936810.1
XP_082937880.1	XP_082937880.1
XP_082937889.1	XP_082937889.1
XP_082943447.1	XP_082943447.1
XP_082947159.1	XP_082947159.1
XP_082947160.1	XP_082947160.1
XP_082967381.1	XP_082967381.1
XP_082967382.1	XP_082967382.1
XP_082967839.1	XP_082967839.1
XP_082969527.1	XP_082969527.1
XP_082969528.1	XP_082969528.1
XP_082974493.1	XP_082974493.1
XP_082974500.1	XP_082974500.1
XP_082998848.1	XP_082998848.1
XP_083008452.1	XP_083008452.1
XP_083008460.1	XP_083008460.1
XP_083014056.1	XP_083014056.1
XP_083014057.1	XP_083014057.1
XP_083021008.1	XP_083021008.1
XP_083021009.1	XP_083021009.1
XP_083021010.1	XP_083021010.1
XP_083021387.1	XP_083021387.1
XP_083042623.1	XP_083042623.1
XP_083044483.1	XP_083044483.1
XP_083044487.1	XP_083044487.1
XP_083045026.1	XP_083045026.1
XP_083051004.1	XP_083051004.1
XP_083052305.1	XP_083052305.1
XP_083057379.1	XP_083057379.1
XP_083059846.1	XP_083059846.1
XP_083062267.1	XP_083062267.1
XP_083069661.1	XP_083069661.1
XP_083073249.1	XP_083073249.1
XP_083083346.1	XP_083083346.1
XP_083086480.1	XP_083086480.1
XP_083103280.1	XP_083103280.1
XP_083104274.1	XP_083104274.1
XP_083106538.1	XP_083106538.1
XP_083111123.1	XP_083111123.1
XP_083113663.1	XP_083113663.1
XP_083113808.1	XP_083113808.1
XP_083123432.1	XP_083123432.1
XP_083129211.1	XP_083129211.1
XP_083143831.1	XP_083143831.1
XP_083143858.1	XP_083143858.1
XP_083145102.1	XP_083145102.1
XP_083156546.1	XP_083156546.1
XP_083156547.1	XP_083156547.1
XP_083156548.1	XP_083156548.1
XP_083157098.1	XP_083157098.1
XP_083165916.1	XP_083165916.1
XP_083209243.1	XP_083209243.1
XP_083209247.1	XP_083209247.1
XP_083211973.1	XP_083211973.1
XP_083211975.1	XP_083211975.1
XP_083211976.1	XP_083211976.1
XP_083214800.1	XP_083214800.1
XP_083214801.1	XP_083214801.1
XP_083214802.1	XP_083214802.1
XP_083216753.1	XP_083216753.1
XP_083216754.1	XP_083216754.1
XP_083216755.1	XP_083216755.1
XP_083226325.1	XP_083226325.1
XP_083226326.1	XP_083226326.1
XP_083226327.1	XP_083226327.1
XP_083226328.1	XP_083226328.1
XP_083230916.1	XP_083230916.1
XP_083234122.1	XP_083234122.1
XP_083236948.1	XP_083236948.1
XP_083239958.1	XP_083239958.1
XP_083239959.1	XP_083239959.1
XP_083242856.1	XP_083242856.1
XP_083248678.1	XP_083248678.1
XP_083259433.1	XP_083259433.1
XP_083262620.1	XP_083262620.1
XP_083274621.1	XP_083274621.1
XP_083304066.1	XP_083304066.1
XP_083304818.1	XP_083304818.1
XP_083304819.1	XP_083304819.1
XP_083307995.1	XP_083307995.1
XP_083307996.1	XP_083307996.1
XP_083320879.1	XP_083320879.1
XP_083321489.1	XP_083321489.1
XP_083323143.1	XP_083323143.1
XP_083333657.1	XP_083333657.1
XP_083333658.1	XP_083333658.1
XP_083366189.1	XP_083366189.1
XP_083369755.1	XP_083369755.1
XP_083369756.1	XP_083369756.1
XP_083375444.1	XP_083375444.1
XP_083375445.1	XP_083375445.1
XP_083377578.1	XP_083377578.1
XP_083377579.1	XP_083377579.1
XP_083377580.1	XP_083377580.1
XP_083378066.1	XP_083378066.1
XP_083378067.1	XP_083378067.1
XP_083382762.1	XP_083382762.1
XP_083400401.1	XP_083400401.1
XP_083407000.1	XP_083407000.1
XP_083407001.1	XP_083407001.1
XP_083412262.1	XP_083412262.1
XP_083412263.1	XP_083412263.1
XP_083412264.1	XP_083412264.1
XP_083413487.1	XP_083413487.1
XP_083413488.1	XP_083413488.1
XP_083432323.1	XP_083432323.1
XP_083432609.1	XP_083432609.1
XP_083435837.1	XP_083435837.1
XP_083447224.1	XP_083447224.1
XP_083447225.1	XP_083447225.1
XP_083475657.1	XP_083475657.1
XP_083480443.1	XP_083480443.1
XP_083480444.1	XP_083480444.1
XP_083482165.1	XP_083482165.1
XP_083482166.1	XP_083482166.1
XP_083491993.1	XP_083491993.1
XP_083500771.1	XP_083500771.1
XP_083501150.1	XP_083501150.1
XP_083501151.1	XP_083501151.1
XP_083502449.1	XP_083502449.1
XP_083503643.1	XP_083503643.1
XP_083503644.1	XP_083503644.1
XP_083503645.1	XP_083503645.1
XP_083503646.1	XP_083503646.1
XP_083509058.1	XP_083509058.1
XP_083512816.1	XP_083512816.1
XP_083518486.1	XP_083518486.1
XP_083523304.1	XP_083523304.1
XP_083528199.1	XP_083528199.1
XP_083528200.1	XP_083528200.1
XP_083528201.1	XP_083528201.1
XP_083528202.1	XP_083528202.1
XP_083529296.1	XP_083529296.1
XP_083529298.1	XP_083529298.1
XP_083529412.1	XP_083529412.1
XP_083530297.1	XP_083530297.1
XP_083534818.1	XP_083534818.1
XP_083535950.1	XP_083535950.1
XP_083543536.1	XP_083543536.1
XP_083547136.1	XP_083547136.1
XP_083558005.1	XP_083558005.1
XP_083562332.1	XP_083562332.1
XP_083571777.1	XP_083571777.1
XP_083598719.1	XP_083598719.1
XP_083604753.1	XP_083604753.1
XP_083604754.1	XP_083604754.1
XP_083606622.1	XP_083606622.1
XP_083606623.1	XP_083606623.1
XP_083615984.1	XP_083615984.1
XP_083616733.1	XP_083616733.1
XP_083623468.1	XP_083623468.1
XP_083623469.1	XP_083623469.1
XP_083623470.1	XP_083623470.1
XP_083627892.1	XP_083627892.1
XP_083634011.1	XP_083634011.1
XP_083636661.1	XP_083636661.1
XP_083636689.1	XP_083636689.1
XP_083639269.1	XP_083639269.1
XP_083639758.1	XP_083639758.1
XP_083642830.1	XP_083642830.1
XP_083674249.1	XP_083674249.1
XP_083674251.1	XP_083674251.1
XP_083674252.1	XP_083674252.1
XP_083674253.1	XP_083674253.1
XP_083674254.1	XP_083674254.1
XP_083675193.1	XP_083675193.1
XP_083675195.1	XP_083675195.1
XP_083675196.1	XP_083675196.1
XP_083678918.1	XP_083678918.1
XP_083678919.1	XP_083678919.1
XP_083678920.1	XP_083678920.1
XP_083678921.1	XP_083678921.1
XP_083703107.1	XP_083703107.1
XP_083703108.1	XP_083703108.1
XP_083703109.1	XP_083703109.1
XP_083703110.1	XP_083703110.1
XP_083709378.1	XP_083709378.1
XP_083723569.1	XP_083723569.1
XP_083723570.1	XP_083723570.1
XP_083725764.1	XP_083725764.1
XP_083726369.1	XP_083726369.1
XP_083737255.1	XP_083737255.1
XP_083737256.1	XP_083737256.1
XP_083737461.1	XP_083737461.1
XP_083739879.1	XP_083739879.1
XP_083740112.1	XP_083740112.1
XP_083740113.1	XP_083740113.1
XP_083743585.1	XP_083743585.1
XP_083745098.1	XP_083745098.1
XP_083756048.1	XP_083756048.1
XP_083756565.1	XP_083756565.1
XP_083757585.1	XP_083757585.1
XP_083759479.1	XP_083759479.1
XP_083761247.1	XP_083761247.1
XP_083761511.1	XP_083761511.1
XP_083767790.1	XP_083767790.1
XP_083768386.1	XP_083768386.1
XP_083775101.1	XP_083775101.1
XP_083782129.1	XP_083782129.1
XP_083787582.1	XP_083787582.1
XP_083789328.1	XP_083789328.1
XP_083792644.1	XP_083792644.1
XP_083796698.1	XP_083796698.1
XP_083797219.1	XP_083797219.1
XP_083799408.1	XP_083799408.1
XP_083799409.1	XP_083799409.1
XP_083799410.1	XP_083799410.1
XP_083807693.1	XP_083807693.1
XP_083807694.1	XP_083807694.1
XP_083807695.1	XP_083807695.1
XP_083811775.1	XP_083811775.1
XP_083821558.1	XP_083821558.1
XP_083822127.1	XP_083822127.1
XP_083822130.1	XP_083822130.1
XP_083822882.1	XP_083822882.1
XP_083822883.1	XP_083822883.1
XP_083822884.1	XP_083822884.1
XP_083822885.1	XP_083822885.1
XP_083822886.1	XP_083822886.1
XP_083826912.1	XP_083826912.1
XP_083826914.1	XP_083826914.1
XP_083835070.1	XP_083835070.1
XP_083836024.1	XP_083836024.1
XP_083838665.1	XP_083838665.1
XP_083846640.1	XP_083846640.1
XP_083849999.1	XP_083849999.1
XP_083851763.1	XP_083851763.1
XP_083856290.1	XP_083856290.1
XP_083867664.1	XP_083867664.1
XP_083870077.1	XP_083870077.1
XP_083881258.1	XP_083881258.1
XP_083881433.1	XP_083881433.1
XP_083882945.1	XP_083882945.1
XP_083888579.1	XP_083888579.1
XP_083889904.1	XP_083889904.1
XP_083889905.1	XP_083889905.1
XP_083896064.1	XP_083896064.1
XP_083896065.1	XP_083896065.1
XP_083905405.1	XP_083905405.1
XP_083908734.1	XP_083908734.1
XP_083910069.1	XP_083910069.1
XP_083910070.1	XP_083910070.1
XP_083911419.1	XP_083911419.1
XP_083916068.1	XP_083916068.1
XP_083922944.1	XP_083922944.1
XP_083922945.1	XP_083922945.1
XP_083929677.1	XP_083929677.1
XP_083929678.1	XP_083929678.1
XP_083934922.1	XP_083934922.1
XP_083937404.1	XP_083937404.1
XP_083937405.1	XP_083937405.1
XP_083945033.1	XP_083945033.1
XP_083945034.1	XP_083945034.1
XP_083955969.1	XP_083955969.1
XP_083966599.1	XP_083966599.1
XP_083966600.1	XP_083966600.1
XP_083969755.1	XP_083969755.1
XP_083972005.1	XP_083972005.1
XP_083988048.1	XP_083988048.1
XP_083988049.1	XP_083988049.1
XP_083988050.1	XP_083988050.1
XP_083988051.1	XP_083988051.1
XP_083990685.1	XP_083990685.1
XP_083991266.1	XP_083991266.1
XP_084008106.1	XP_084008106.1
XP_084010028.1	XP_084010028.1
XP_084012381.1	XP_084012381.1
XP_084015380.1	XP_084015380.1
XP_084020780.1	XP_084020780.1
XP_084021201.1	XP_084021201.1
XP_084024907.1	XP_084024907.1
XP_084028395.1	XP_084028395.1
XP_084032760.1	XP_084032760.1
XP_084036681.1	XP_084036681.1
XP_084042317.1	XP_084042317.1
XP_084064630.1	XP_084064630.1
XP_084064631.1	XP_084064631.1
XP_084064814.1	XP_084064814.1
XP_084068012.1	XP_084068012.1
XP_084071185.1	XP_084071185.1
XP_084081121.1	XP_084081121.1
XP_084081123.1	XP_084081123.1
XP_084081937.1	XP_084081937.1
XP_084083606.1	XP_084083606.1
XP_084089530.1	XP_084089530.1
XP_084090267.1	XP_084090267.1
XP_084090268.1	XP_084090268.1
XP_084093110.1	XP_084093110.1
XP_084093111.1	XP_084093111.1
XP_084097610.1	XP_084097610.1
XP_084097701.1	XP_084097701.1
XP_084097702.1	XP_084097702.1
XP_084097703.1	XP_084097703.1
XP_084110197.1	XP_084110197.1
XP_084110365.1	XP_084110365.1
XP_084113992.1	XP_084113992.1
XP_084113994.1	XP_084113994.1
XP_084116322.1	XP_084116322.1
XP_084117042.1	XP_084117042.1
XP_084117043.1	XP_084117043.1
XP_084117044.1	XP_084117044.1
XP_084117045.1	XP_084117045.1
XP_084122449.1	XP_084122449.1
XP_084126235.1	XP_084126235.1
XP_084134626.1	XP_084134626.1
XP_084134957.1	XP_084134957.1
XP_084138141.1	XP_084138141.1
XP_084147471.1	XP_084147471.1
XP_084147472.1	XP_084147472.1
XP_084147473.1	XP_084147473.1
XP_084150744.1	XP_084150744.1
XP_084161003.1	XP_084161003.1
XP_084161004.1	XP_084161004.1
XP_084161005.1	XP_084161005.1
XP_084161043.1	XP_084161043.1
XP_084161047.1	XP_084161047.1
XP_084163007.1	XP_084163007.1
XP_084163008.1	XP_084163008.1
XP_084163009.1	XP_084163009.1
XP_084163010.1	XP_084163010.1
XP_084163341.1	XP_084163341.1
XP_084164505.1	XP_084164505.1
XP_084165239.1	XP_084165239.1
XP_084168925.1	XP_084168925.1
XP_084176007.1	XP_084176007.1
XP_084179499.1	XP_084179499.1
XP_084179567.1	XP_084179567.1
XP_084179568.1	XP_084179568.1
XP_084182854.1	XP_084182854.1
XP_084193512.1	XP_084193512.1
XP_084197343.1	XP_084197343.1
XP_084198988.1	XP_084198988.1
XP_084210856.1	XP_084210856.1
XP_084212395.1	XP_084212395.1
XP_084212396.1	XP_084212396.1
XP_084212397.1	XP_084212397.1
XP_084214962.1	XP_084214962.1
XP_084215247.1	XP_084215247.1
XP_084216770.1	XP_084216770.1
XP_084234992.1	XP_084234992.1
XP_084234993.1	XP_084234993.1
XP_084241306.1	XP_084241306.1
XP_084241307.1	XP_084241307.1
XP_084260268.1	XP_084260268.1
XP_084260269.1	XP_084260269.1
XP_084269482.1	XP_084269482.1
XP_084270756.1	XP_084270756.1
XP_084279931.1	XP_084279931.1
XP_084279932.1	XP_084279932.1
XP_084279933.1	XP_084279933.1
XP_084279934.1	XP_084279934.1
XP_084279935.1	XP_084279935.1
XP_084279936.1	XP_084279936.1
XP_084279937.1	XP_084279937.1
XP_084279938.1	XP_084279938.1
XP_084279939.1	XP_084279939.1
XP_084283915.1	XP_084283915.1
XP_084289587.1	XP_084289587.1
XP_084289920.1	XP_084289920.1
XP_084292853.1	XP_084292853.1
XP_084295636.1	XP_084295636.1
XP_084295639.1	XP_084295639.1
XP_084295640.1	XP_084295640.1
XP_084295642.1	XP_084295642.1
XP_084295643.1	XP_084295643.1
XP_084298967.1	XP_084298967.1
XP_084301113.1	XP_084301113.1
XP_084301114.1	XP_084301114.1
XP_084311768.1	XP_084311768.1
XP_084312906.1	XP_084312906.1
XP_084315432.1	XP_084315432.1
XP_084315830.1	XP_084315830.1
XP_084324074.1	XP_084324074.1
XP_084324075.1	XP_084324075.1
XP_084324899.1	XP_084324899.1
XP_084327254.1	XP_084327254.1
XP_084329137.1	XP_084329137.1
XP_084331438.1	XP_084331438.1
XP_084332708.1	XP_084332708.1
XP_084340628.1	XP_084340628.1
XP_084341368.1	XP_084341368.1
XP_084358483.1	XP_084358483.1
XP_084359356.1	XP_084359356.1
XP_084359360.1	XP_084359360.1
XP_084361598.1	XP_084361598.1
XP_084361600.1	XP_084361600.1
XP_084361601.1	XP_084361601.1
XP_084361602.1	XP_084361602.1
XP_084366107.1	XP_084366107.1
XP_084366108.1	XP_084366108.1
XP_084366109.1	XP_084366109.1
XP_084366110.1	XP_084366110.1
XP_084384534.1	XP_084384534.1
XP_084384535.1	XP_084384535.1
XP_084384536.1	XP_084384536.1
XP_084384537.1	XP_084384537.1
XP_084397658.1	XP_084397658.1
XP_084405010.1	XP_084405010.1
XP_084405014.1	XP_084405014.1
XP_084407624.1	XP_084407624.1
XP_084407661.1	XP_084407661.1
XP_084412390.1	XP_084412390.1
XP_084419065.1	XP_084419065.1
XP_084422021.1	XP_084422021.1
XP_084422022.1	XP_084422022.1
XP_084424023.1	XP_084424023.1
XP_084432049.1	XP_084432049.1
XP_084432051.1	XP_084432051.1
XP_084433484.1	XP_084433484.1
XP_084433485.1	XP_084433485.1
XP_084433814.1	XP_084433814.1
XP_084433819.1	XP_084433819.1
XP_084433820.1	XP_084433820.1
XP_084433821.1	XP_084433821.1
XP_084433822.1	XP_084433822.1
XP_084444592.1	XP_084444592.1
XP_084444593.1	XP_084444593.1
XP_084446633.1	XP_084446633.1
XP_084446634.1	XP_084446634.1
XP_084454126.1	XP_084454126.1
XP_084454127.1	XP_084454127.1
XP_084474578.1	XP_084474578.1
XP_084474579.1	XP_084474579.1
XP_084484652.1	XP_084484652.1
XP_084485823.1	XP_084485823.1
XP_084489342.1	XP_084489342.1
XP_084489343.1	XP_084489343.1
XP_084492270.1	XP_084492270.1
XP_084527033.1	XP_084527033.1
XP_084537736.1	XP_084537736.1
XP_084548840.1	XP_084548840.1
XP_084550718.1	XP_084550718.1
XP_084550719.1	XP_084550719.1
XP_084551244.1	XP_084551244.1
XP_084552070.1	XP_084552070.1
XP_084552071.1	XP_084552071.1
XP_084560000.1	XP_084560000.1
XP_084560001.1	XP_084560001.1
XP_084564689.1	XP_084564689.1
XP_084564690.1	XP_084564690.1
XP_084564691.1	XP_084564691.1
XP_084564692.1	XP_084564692.1
XP_084566504.1	XP_084566504.1
XP_084577025.1	XP_084577025.1
XP_084579669.1	XP_084579669.1
XP_084582398.1	XP_084582398.1
XP_084582399.1	XP_084582399.1
XP_084584759.1	XP_084584759.1
XP_084585096.1	XP_084585096.1
XP_084595285.1	XP_084595285.1
XP_084597860.1	XP_084597860.1
XP_084597861.1	XP_084597861.1
XP_084613278.1	XP_084613278.1
XP_084613279.1	XP_084613279.1
XP_084613280.1	XP_084613280.1
XP_084613281.1	XP_084613281.1
XP_084629206.1	XP_084629206.1
XP_084637640.1	XP_084637640.1
XP_084637641.1	XP_084637641.1
XP_084638713.1	XP_084638713.1
XP_084638714.1	XP_084638714.1
XP_084640657.1	XP_084640657.1
XP_084640659.1	XP_084640659.1
XP_084640660.1	XP_084640660.1
XP_084652008.1	XP_084652008.1
XP_084652011.1	XP_084652011.1
XP_084652012.1	XP_084652012.1
XP_084652013.1	XP_084652013.1
XP_084652014.1	XP_084652014.1
XP_084656790.1	XP_084656790.1
XP_084656793.1	XP_084656793.1
XP_084656794.1	XP_084656794.1
XP_084656795.1	XP_084656795.1
XP_084669120.1	XP_084669120.1
XP_084669121.1	XP_084669121.1
XP_084679636.1	XP_084679636.1
XP_084689515.1	XP_084689515.1
XP_084690278.1	XP_084690278.1
XP_084690281.1	XP_084690281.1
XP_084690282.1	XP_084690282.1
XP_084690283.1	XP_084690283.1
XP_084690284.1	XP_084690284.1
XP_084706802.1	XP_084706802.1
XP_084706803.1	XP_084706803.1
XP_084708646.1	XP_084708646.1
XP_084708649.1	XP_084708649.1
XP_084715288.1	XP_084715288.1
XP_084728982.1	XP_084728982.1
XP_084728983.1	XP_084728983.1
XP_084728984.1	XP_084728984.1
XP_084728985.1	XP_084728985.1
XP_084728986.1	XP_084728986.1
XP_084728987.1	XP_084728987.1
XP_084728988.1	XP_084728988.1
XP_084728989.1	XP_084728989.1
XP_084728990.1	XP_084728990.1
XP_084728991.1	XP_084728991.1
XP_084728992.1	XP_084728992.1
XP_084728993.1	XP_084728993.1
XP_084728994.1	XP_084728994.1
XP_084737101.1	XP_084737101.1
XP_084737102.1	XP_084737102.1
XP_084751777.1	XP_084751777.1
XP_084751936.1	XP_084751936.1
XP_084751937.1	XP_084751937.1
XP_084754055.1	XP_084754055.1
XP_084754057.1	XP_084754057.1
XP_084754058.1	XP_084754058.1
XP_084754059.1	XP_084754059.1
XP_084754060.1	XP_084754060.1
XP_084754061.1	XP_084754061.1
XP_084754062.1	XP_084754062.1
XP_084761609.1	XP_084761609.1
XP_084761610.1	XP_084761610.1
XP_084766026.1	XP_084766026.1
XP_084775568.1	XP_084775568.1
XP_084775569.1	XP_084775569.1
XP_084785178.1	XP_084785178.1
XP_084794151.1	XP_084794151.1
XP_084794939.1	XP_084794939.1
XP_084800904.1	XP_084800904.1
XP_084802678.1	XP_084802678.1
XP_084803720.1	XP_084803720.1
XP_084814561.1	XP_084814561.1
XP_084814562.1	XP_084814562.1
XP_084814564.1	XP_084814564.1
XP_084821182.1	XP_084821182.1
XP_084821183.1	XP_084821183.1
XP_084821184.1	XP_084821184.1
XP_084821185.1	XP_084821185.1
XP_084821187.1	XP_084821187.1
XP_084821188.1	XP_084821188.1
XP_084821189.1	XP_084821189.1
XP_084821190.1	XP_084821190.1
XP_084821191.1	XP_084821191.1
XP_084821192.1	XP_084821192.1
XP_084834904.1	XP_084834904.1
XP_084835890.1	XP_084835890.1
XP_084835891.1	XP_084835891.1
XP_084835893.1	XP_084835893.1
XP_084835895.1	XP_084835895.1
XP_084866986.1	XP_084866986.1
XP_084866988.1	XP_084866988.1
XP_084870045.1	XP_084870045.1
XP_084870047.1	XP_084870047.1
XP_084882224.1	XP_084882224.1
XP_084883969.1	XP_084883969.1
XP_084883970.1	XP_084883970.1
XP_084885295.1	XP_084885295.1
XP_084885946.1	XP_084885946.1
XP_084890463.1	XP_084890463.1
XP_084899136.1	XP_084899136.1
XP_084899137.1	XP_084899137.1
XP_084899414.1	XP_084899414.1
XP_084899415.1	XP_084899415.1
XP_084899416.1	XP_084899416.1
XP_084902320.1	XP_084902320.1
XP_084906562.1	XP_084906562.1
XP_084908294.1	XP_084908294.1
XP_084908295.1	XP_084908295.1
XP_084908296.1	XP_084908296.1
XP_084908297.1	XP_084908297.1
XP_084923714.1	XP_084923714.1
XP_084923716.1	XP_084923716.1
XP_084923717.1	XP_084923717.1
XP_084928012.1	XP_084928012.1
XP_084942547.1	XP_084942547.1
XP_084963624.1	XP_084963624.1
XP_084965791.1	XP_084965791.1
XP_084965793.1	XP_084965793.1
XP_084969247.1	XP_084969247.1
XP_084973090.1	XP_084973090.1
XP_084982050.1	XP_084982050.1
XP_084993998.1	XP_084993998.1
XP_084994001.1	XP_084994001.1
XP_084994002.1	XP_084994002.1
XP_085003798.1	XP_085003798.1
XP_085003799.1	XP_085003799.1
XP_085024675.1	XP_085024675.1
XP_085027686.1	XP_085027686.1
XP_085029216.1	XP_085029216.1
XP_085033993.1	XP_085033993.1
XP_085036572.1	XP_085036572.1
XP_085036574.1	XP_085036574.1
XP_085037363.1	XP_085037363.1
XP_085037365.1	XP_085037365.1
XP_085050102.1	XP_085050102.1
XP_085050103.1	XP_085050103.1
XP_085054970.1	XP_085054970.1
XP_085055283.1	XP_085055283.1
XP_085055291.1	XP_085055291.1
XP_085055292.1	XP_085055292.1
XP_085064356.1	XP_085064356.1
XP_085069188.1	XP_085069188.1
XP_085069189.1	XP_085069189.1
XP_085069190.1	XP_085069190.1
XP_085070699.1	XP_085070699.1
XP_085076598.1	XP_085076598.1
XP_085076599.1	XP_085076599.1
XP_085076600.1	XP_085076600.1
XP_085076602.1	XP_085076602.1
XP_085083288.1	XP_085083288.1
XP_085087494.1	XP_085087494.1
XP_085091241.1	XP_085091241.1
XP_085091242.1	XP_085091242.1
XP_085109083.1	XP_085109083.1
XP_085109086.1	XP_085109086.1
XP_085140228.1	XP_085140228.1
XP_085142402.1	XP_085142402.1
XP_085147230.1	XP_085147230.1
XP_085147231.1	XP_085147231.1
XP_085151220.1	XP_085151220.1
XP_316693.4	XP_316693.4
XP_319519.5	XP_319519.5
XP_418580.5	XP_418580.5
XP_445781.1	XP_445781.1
XP_449509.1	XP_449509.1
XP_451327.1	XP_451327.1
XP_456434.2	XP_456434.2
XP_570548.1	XP_570548.1
XP_628526.1	XP_628526.1
XP_636183.1	XP_636183.1
XP_636185.1	XP_636185.1
XP_640670.1	XP_640670.1
XP_642359.1	XP_642359.1
XP_645343.1	XP_645343.1
XP_646845.1	XP_646845.1
XP_646847.2	XP_646847.2
XP_646848.1	XP_646848.1
XP_647058.1	XP_647058.1
XP_648697.1	XP_648697.1
XP_648914.1	XP_648914.1
XP_651039.2	XP_651039.2
XP_653361.1	XP_653361.1
XP_655604.2	XP_655604.2
XP_668233.1	XP_668233.1
XP_681017.1	XP_681017.1
XP_686065.5	XP_686065.5
XP_715864.1	XP_715864.1
XP_724941.1	XP_724941.1
XP_742489.2	XP_742489.2
XP_742517.2	XP_742517.2
XP_763223.1	XP_763223.1
XP_763700.1	XP_763700.1
XP_764878.2	XP_764878.2
XP_772754.1	XP_772754.1
XP_792619.4	XP_792619.4
XP_803266.1	XP_803266.1
XP_805499.1	XP_805499.1
XP_808227.1	XP_808227.1
XP_808378.1	XP_808378.1
XP_809130.1	XP_809130.1
XP_810796.1	XP_810796.1
XP_811514.1	XP_811514.1
XP_812420.1	XP_812420.1
XP_814106.1	XP_814106.1
XP_815982.1	XP_815982.1
XP_817336.1	XP_817336.1
XP_818590.1	XP_818590.1
XP_821264.1	XP_821264.1
XP_822276.1	XP_822276.1
XP_822966.1	XP_822966.1
XP_845779.1	XP_845779.1
XP_846018.1	XP_846018.1
XP_952408.1	XP_952408.1
XP_952757.1	XP_952757.1
XP_954902.1	XP_954902.1
XP_964090.3	XP_964090.3
XP_974248.2	XP_974248.2
