NP_001008373.1	XP_047272808.1	0.0	937	92.562	484	100	poly(A) RNA polymerase GLD2 isoform X3 [Homo sapiens]
NP_001008373.1	XP_047272807.1	0.0	937	92.562	484	100	poly(A) RNA polymerase GLD2 isoform X3 [Homo sapiens]
NP_001008373.1	XP_047272806.1	0.0	937	92.562	484	100	poly(A) RNA polymerase GLD2 isoform X3 [Homo sapiens]
NP_001008373.1	NP_776158.2	0.0	937	92.562	484	100	poly(A) RNA polymerase GLD2 isoform 1 [Homo sapiens]
NP_001008373.1	NP_001375041.1	0.0	937	92.562	484	100	poly(A) RNA polymerase GLD2 isoform 1 [Homo sapiens]
NP_001008373.1	NP_001375040.1	0.0	937	92.562	484	100	poly(A) RNA polymerase GLD2 isoform 1 [Homo sapiens]
NP_001008373.1	NP_001375039.1	0.0	937	92.562	484	100	poly(A) RNA polymerase GLD2 isoform 1 [Homo sapiens]
NP_001008373.1	NP_001375038.1	0.0	937	92.562	484	100	poly(A) RNA polymerase GLD2 isoform 1 [Homo sapiens]
NP_001008373.1	NP_001375037.1	0.0	937	92.562	484	100	poly(A) RNA polymerase GLD2 isoform 1 [Homo sapiens]
NP_001008373.1	NP_001375036.1	0.0	937	92.562	484	100	poly(A) RNA polymerase GLD2 isoform 1 [Homo sapiens]
NP_001009881.1	XP_047272281.1	0.0	3414	100.000	1645	100	terminal uridylyltransferase 4 isoform X4 [Homo sapiens]
NP_001009881.1	NP_001009881.1	0.0	3414	100.000	1645	100	terminal uridylyltransferase 4 isoform a [Homo sapiens]
NP_001009881.1	XP_047272282.1	0.0	3407	99.939	1645	100	terminal uridylyltransferase 4 isoform X5 [Homo sapiens]
NP_001009881.1	NP_056084.1	0.0	3407	99.939	1645	100	terminal uridylyltransferase 4 isoform b [Homo sapiens]
NP_001009881.1	XP_047272283.1	0.0	3399	99.696	1645	100	terminal uridylyltransferase 4 isoform X6 [Homo sapiens]
NP_001009881.1	XP_005270737.1	0.0	3399	99.696	1645	100	terminal uridylyltransferase 4 isoform X6 [Homo sapiens]
NP_001009881.1	XP_011539399.1	0.0	3365	100.000	1623	99	terminal uridylyltransferase 4 isoform X1 [Homo sapiens]
NP_001009881.1	XP_005270733.1	0.0	3365	100.000	1623	99	terminal uridylyltransferase 4 isoform X1 [Homo sapiens]
NP_001009881.1	XP_005270735.1	0.0	3360	99.938	1623	99	terminal uridylyltransferase 4 isoform X2 [Homo sapiens]
NP_001009881.1	XP_047272280.1	0.0	3351	99.692	1623	99	terminal uridylyltransferase 4 isoform X3 [Homo sapiens]
NP_001012968.3	NP_001165276.2	0.0	833	72.670	633	88	terminal nucleotidyltransferase 4A isoform 2 [Homo sapiens]
NP_001012968.3	NP_008930.2	0.0	833	72.670	633	88	terminal nucleotidyltransferase 4A isoform 1 [Homo sapiens]
NP_001012968.3	XP_047272622.1	0.0	645	90.643	342	48	terminal nucleotidyltransferase 4A isoform X1 [Homo sapiens]
NP_001012968.3	XP_047272621.1	0.0	645	90.643	342	48	terminal nucleotidyltransferase 4A isoform X1 [Homo sapiens]
NP_001012968.3	XP_047272620.1	0.0	645	90.643	342	48	terminal nucleotidyltransferase 4A isoform X1 [Homo sapiens]
NP_001012968.3	XP_047272624.1	0.0	630	90.691	333	46	terminal nucleotidyltransferase 4A isoform X3 [Homo sapiens]
NP_001012968.3	XP_047272623.1	0.0	630	90.691	333	46	terminal nucleotidyltransferase 4A isoform X2 [Homo sapiens]
NP_001012968.3	XP_016864477.1	0.0	630	90.691	333	46	terminal nucleotidyltransferase 4A isoform X2 [Homo sapiens]
NP_001012968.3	NP_001352252.1	0.0	546	71.200	375	52	terminal nucleotidyltransferase 4B isoform c [Homo sapiens]
NP_001012968.3	XP_011521577.1	0.0	545	71.200	375	52	terminal nucleotidyltransferase 4B isoform X1 [Homo sapiens]
NP_001018181.1	XP_047290433.1	6.62e-66	227	39.233	339	48	terminal nucleotidyltransferase 4B isoform X6 [Homo sapiens]
NP_001018181.1	XP_011521580.1	6.76e-66	228	39.233	339	48	terminal nucleotidyltransferase 4B isoform X5 [Homo sapiens]
NP_001018181.1	NP_001035374.2	2.05e-65	231	38.701	354	50	terminal nucleotidyltransferase 4B isoform a [Homo sapiens]
NP_001018181.1	XP_011521577.1	2.09e-65	231	38.701	354	50	terminal nucleotidyltransferase 4B isoform X1 [Homo sapiens]
NP_001018181.1	NP_001035375.2	2.23e-65	230	38.701	354	50	terminal nucleotidyltransferase 4B isoform b [Homo sapiens]
NP_001018181.1	XP_011521578.1	2.27e-65	230	38.701	354	50	terminal nucleotidyltransferase 4B isoform X2 [Homo sapiens]
NP_001018181.1	XP_047290432.1	4.18e-65	229	38.701	354	50	terminal nucleotidyltransferase 4B isoform X4 [Homo sapiens]
NP_001018181.1	NP_001352252.1	4.78e-65	230	38.701	354	50	terminal nucleotidyltransferase 4B isoform c [Homo sapiens]
NP_001018181.1	NP_001352253.1	6.75e-65	230	38.701	354	50	terminal nucleotidyltransferase 4B isoform d [Homo sapiens]
NP_001018181.1	XP_047290431.1	8.43e-65	229	38.701	354	50	terminal nucleotidyltransferase 4B isoform X3 [Homo sapiens]
NP_001018436.1	NP_001375059.1	2.93e-154	449	52.609	460	93	poly(A) RNA polymerase GLD2 isoform 10 [Homo sapiens]
NP_001018436.1	XP_047272811.1	9.83e-154	448	52.814	462	93	poly(A) RNA polymerase GLD2 isoform X4 [Homo sapiens]
NP_001018436.1	XP_047272810.1	9.83e-154	448	52.814	462	93	poly(A) RNA polymerase GLD2 isoform X4 [Homo sapiens]
NP_001018436.1	XP_047272809.1	9.83e-154	448	52.814	462	93	poly(A) RNA polymerase GLD2 isoform X4 [Homo sapiens]
NP_001018436.1	NP_001375058.1	9.83e-154	448	52.814	462	93	poly(A) RNA polymerase GLD2 isoform 2 [Homo sapiens]
NP_001018436.1	NP_001375057.1	9.83e-154	448	52.814	462	93	poly(A) RNA polymerase GLD2 isoform 2 [Homo sapiens]
NP_001018436.1	NP_001375056.1	9.83e-154	448	52.814	462	93	poly(A) RNA polymerase GLD2 isoform 2 [Homo sapiens]
NP_001018436.1	NP_001375055.1	9.83e-154	448	52.814	462	93	poly(A) RNA polymerase GLD2 isoform 2 [Homo sapiens]
NP_001018436.1	NP_001375054.1	9.83e-154	448	52.814	462	93	poly(A) RNA polymerase GLD2 isoform 2 [Homo sapiens]
NP_001018436.1	NP_001375053.1	9.83e-154	448	52.814	462	93	poly(A) RNA polymerase GLD2 isoform 2 [Homo sapiens]
NP_001021433.1	NP_001375065.1	9.64e-42	159	36.928	306	37	poly(A) RNA polymerase GLD2 isoform 14 [Homo sapiens]
NP_001021433.1	NP_001375060.1	3.16e-41	159	37.294	303	37	poly(A) RNA polymerase GLD2 isoform 11 [Homo sapiens]
NP_001021433.1	XP_047272808.1	4.43e-41	160	37.294	303	37	poly(A) RNA polymerase GLD2 isoform X3 [Homo sapiens]
NP_001021433.1	XP_047272807.1	4.43e-41	160	37.294	303	37	poly(A) RNA polymerase GLD2 isoform X3 [Homo sapiens]
NP_001021433.1	XP_047272806.1	4.43e-41	160	37.294	303	37	poly(A) RNA polymerase GLD2 isoform X3 [Homo sapiens]
NP_001021433.1	NP_776158.2	4.43e-41	160	37.294	303	37	poly(A) RNA polymerase GLD2 isoform 1 [Homo sapiens]
NP_001021433.1	NP_001375041.1	4.43e-41	160	37.294	303	37	poly(A) RNA polymerase GLD2 isoform 1 [Homo sapiens]
NP_001021433.1	NP_001375040.1	4.43e-41	160	37.294	303	37	poly(A) RNA polymerase GLD2 isoform 1 [Homo sapiens]
NP_001021433.1	NP_001375039.1	4.43e-41	160	37.294	303	37	poly(A) RNA polymerase GLD2 isoform 1 [Homo sapiens]
NP_001021433.1	NP_001375038.1	4.43e-41	160	37.294	303	37	poly(A) RNA polymerase GLD2 isoform 1 [Homo sapiens]
NP_001021434.1	NP_001375065.1	8.87e-42	159	36.928	306	37	poly(A) RNA polymerase GLD2 isoform 14 [Homo sapiens]
NP_001021434.1	NP_001375060.1	3.70e-41	159	37.294	303	37	poly(A) RNA polymerase GLD2 isoform 11 [Homo sapiens]
NP_001021434.1	XP_047272808.1	4.49e-41	160	37.294	303	37	poly(A) RNA polymerase GLD2 isoform X3 [Homo sapiens]
NP_001021434.1	XP_047272807.1	4.49e-41	160	37.294	303	37	poly(A) RNA polymerase GLD2 isoform X3 [Homo sapiens]
NP_001021434.1	XP_047272806.1	4.49e-41	160	37.294	303	37	poly(A) RNA polymerase GLD2 isoform X3 [Homo sapiens]
NP_001021434.1	NP_776158.2	4.49e-41	160	37.294	303	37	poly(A) RNA polymerase GLD2 isoform 1 [Homo sapiens]
NP_001021434.1	NP_001375041.1	4.49e-41	160	37.294	303	37	poly(A) RNA polymerase GLD2 isoform 1 [Homo sapiens]
NP_001021434.1	NP_001375040.1	4.49e-41	160	37.294	303	37	poly(A) RNA polymerase GLD2 isoform 1 [Homo sapiens]
NP_001021434.1	NP_001375039.1	4.49e-41	160	37.294	303	37	poly(A) RNA polymerase GLD2 isoform 1 [Homo sapiens]
NP_001021434.1	NP_001375038.1	4.49e-41	160	37.294	303	37	poly(A) RNA polymerase GLD2 isoform 1 [Homo sapiens]
NP_001021844.1	NP_001375061.1	1.11e-59	212	34.031	382	44	poly(A) RNA polymerase GLD2 isoform 12 [Homo sapiens]
NP_001021844.1	NP_001375065.1	1.27e-59	209	34.031	382	44	poly(A) RNA polymerase GLD2 isoform 14 [Homo sapiens]
NP_001021844.1	NP_001375059.1	1.98e-59	212	34.031	382	44	poly(A) RNA polymerase GLD2 isoform 10 [Homo sapiens]
NP_001021844.1	XP_047272811.1	2.00e-59	212	34.031	382	44	poly(A) RNA polymerase GLD2 isoform X4 [Homo sapiens]
NP_001021844.1	XP_047272810.1	2.00e-59	212	34.031	382	44	poly(A) RNA polymerase GLD2 isoform X4 [Homo sapiens]
NP_001021844.1	XP_047272809.1	2.00e-59	212	34.031	382	44	poly(A) RNA polymerase GLD2 isoform X4 [Homo sapiens]
NP_001021844.1	NP_001375058.1	2.00e-59	212	34.031	382	44	poly(A) RNA polymerase GLD2 isoform 2 [Homo sapiens]
NP_001021844.1	NP_001375057.1	2.00e-59	212	34.031	382	44	poly(A) RNA polymerase GLD2 isoform 2 [Homo sapiens]
NP_001021844.1	NP_001375056.1	2.00e-59	212	34.031	382	44	poly(A) RNA polymerase GLD2 isoform 2 [Homo sapiens]
NP_001021844.1	NP_001375055.1	2.00e-59	212	34.031	382	44	poly(A) RNA polymerase GLD2 isoform 2 [Homo sapiens]
NP_001025359.1	NP_073741.3	5.13e-82	283	49.638	276	35	speckle targeted PIP5K1A-regulated poly(A) polymerase isoform 1 [Homo sapiens]
NP_001025359.1	NP_060579.3	7.77e-71	245	30.000	510	63	poly(A) RNA polymerase, mitochondrial precursor [Homo sapiens]
NP_001025359.1	NP_001354835.1	1.04e-57	207	47.664	214	27	speckle targeted PIP5K1A-regulated poly(A) polymerase isoform 2 [Homo sapiens]
NP_001025359.1	NP_001317647.1	3.73e-30	130	28.529	340	42	terminal uridylyltransferase 7 isoform 3 [Homo sapiens]
NP_001025359.1	XP_047279823.1	5.46e-30	130	28.529	340	42	terminal uridylyltransferase 7 isoform X2 [Homo sapiens]
NP_001025359.1	XP_006717346.1	5.46e-30	130	28.529	340	42	terminal uridylyltransferase 7 isoform X2 [Homo sapiens]
NP_001025359.1	XP_016870620.1	5.96e-30	130	28.529	340	42	terminal uridylyltransferase 7 isoform X4 [Homo sapiens]
NP_001025359.1	XP_016870619.1	5.96e-30	130	28.529	340	42	terminal uridylyltransferase 7 isoform X4 [Homo sapiens]
NP_001025359.1	NP_078893.2	5.96e-30	130	28.529	340	42	terminal uridylyltransferase 7 isoform 1 [Homo sapiens]
NP_001025359.1	NP_001171988.1	5.96e-30	130	28.529	340	42	terminal uridylyltransferase 7 isoform 1 [Homo sapiens]
NP_001029073.1	NP_073741.3	0.0	1241	77.968	876	99	speckle targeted PIP5K1A-regulated poly(A) polymerase isoform 1 [Homo sapiens]
NP_001029073.1	NP_001354835.1	0.0	674	83.256	430	49	speckle targeted PIP5K1A-regulated poly(A) polymerase isoform 2 [Homo sapiens]
NP_001029073.1	NP_060579.3	5.31e-41	162	33.455	275	31	poly(A) RNA polymerase, mitochondrial precursor [Homo sapiens]
NP_001029073.1	XP_016856292.1	6.20e-26	118	32.917	240	26	terminal uridylyltransferase 4 isoform X9 [Homo sapiens]
NP_001029073.1	XP_016856293.1	6.29e-26	118	32.917	240	26	terminal uridylyltransferase 4 isoform X16 [Homo sapiens]
NP_001029073.1	XP_047272285.1	6.82e-26	117	32.917	240	26	terminal uridylyltransferase 4 isoform X7 [Homo sapiens]
NP_001029073.1	XP_047272365.1	6.87e-26	117	32.917	240	26	terminal uridylyltransferase 4 isoform X38 [Homo sapiens]
NP_001029073.1	XP_047272280.1	6.92e-26	117	32.917	240	26	terminal uridylyltransferase 4 isoform X3 [Homo sapiens]
NP_001029073.1	XP_005270736.1	6.92e-26	117	32.917	240	26	terminal uridylyltransferase 4 isoform X3 [Homo sapiens]
NP_001029073.1	XP_005270735.1	6.93e-26	117	32.917	240	26	terminal uridylyltransferase 4 isoform X2 [Homo sapiens]
NP_001035374.2	NP_001035374.2	0.0	1442	100.000	698	100	terminal nucleotidyltransferase 4B isoform a [Homo sapiens]
NP_001035374.2	XP_011521577.1	0.0	1436	99.857	699	100	terminal nucleotidyltransferase 4B isoform X1 [Homo sapiens]
NP_001035374.2	NP_001352252.1	0.0	1387	100.000	672	96	terminal nucleotidyltransferase 4B isoform c [Homo sapiens]
NP_001035374.2	NP_001352253.1	0.0	1386	100.000	672	96	terminal nucleotidyltransferase 4B isoform d [Homo sapiens]
NP_001035374.2	XP_011521580.1	0.0	1046	100.000	500	72	terminal nucleotidyltransferase 4B isoform X5 [Homo sapiens]
NP_001035374.2	NP_001035375.2	0.0	1027	93.266	698	100	terminal nucleotidyltransferase 4B isoform b [Homo sapiens]
NP_001035374.2	XP_011521578.1	0.0	1023	89.270	699	100	terminal nucleotidyltransferase 4B isoform X2 [Homo sapiens]
NP_001035374.2	XP_047290432.1	0.0	1020	92.552	631	90	terminal nucleotidyltransferase 4B isoform X4 [Homo sapiens]
NP_001035374.2	XP_047290431.1	0.0	1018	92.552	631	90	terminal nucleotidyltransferase 4B isoform X3 [Homo sapiens]
NP_001035374.2	XP_047290433.1	0.0	866	90.600	500	72	terminal nucleotidyltransferase 4B isoform X6 [Homo sapiens]
NP_001035375.2	NP_001035375.2	0.0	1344	100.000	651	100	terminal nucleotidyltransferase 4B isoform b [Homo sapiens]
NP_001035375.2	XP_011521578.1	0.0	1340	99.847	652	100	terminal nucleotidyltransferase 4B isoform X2 [Homo sapiens]
NP_001035375.2	XP_047290432.1	0.0	1291	100.000	625	96	terminal nucleotidyltransferase 4B isoform X4 [Homo sapiens]
NP_001035375.2	XP_047290431.1	0.0	1288	100.000	625	96	terminal nucleotidyltransferase 4B isoform X3 [Homo sapiens]
NP_001035375.2	NP_001035374.2	0.0	1012	90.688	698	100	terminal nucleotidyltransferase 4B isoform a [Homo sapiens]
NP_001035375.2	XP_011521577.1	0.0	1008	86.695	699	100	terminal nucleotidyltransferase 4B isoform X1 [Homo sapiens]
NP_001035375.2	NP_001352252.1	0.0	1005	89.699	631	90	terminal nucleotidyltransferase 4B isoform c [Homo sapiens]
NP_001035375.2	NP_001352253.1	0.0	1003	89.699	631	90	terminal nucleotidyltransferase 4B isoform d [Homo sapiens]
NP_001035375.2	XP_047290433.1	0.0	949	100.000	453	70	terminal nucleotidyltransferase 4B isoform X6 [Homo sapiens]
NP_001035375.2	XP_011521580.1	0.0	849	86.800	500	70	terminal nucleotidyltransferase 4B isoform X5 [Homo sapiens]
NP_001039826.1	XP_047272808.1	0.0	966	95.455	484	100	poly(A) RNA polymerase GLD2 isoform X3 [Homo sapiens]
NP_001039826.1	XP_047272807.1	0.0	966	95.455	484	100	poly(A) RNA polymerase GLD2 isoform X3 [Homo sapiens]
NP_001039826.1	XP_047272806.1	0.0	966	95.455	484	100	poly(A) RNA polymerase GLD2 isoform X3 [Homo sapiens]
NP_001039826.1	NP_776158.2	0.0	966	95.455	484	100	poly(A) RNA polymerase GLD2 isoform 1 [Homo sapiens]
NP_001039826.1	NP_001375041.1	0.0	966	95.455	484	100	poly(A) RNA polymerase GLD2 isoform 1 [Homo sapiens]
NP_001039826.1	NP_001375040.1	0.0	966	95.455	484	100	poly(A) RNA polymerase GLD2 isoform 1 [Homo sapiens]
NP_001039826.1	NP_001375039.1	0.0	966	95.455	484	100	poly(A) RNA polymerase GLD2 isoform 1 [Homo sapiens]
NP_001039826.1	NP_001375038.1	0.0	966	95.455	484	100	poly(A) RNA polymerase GLD2 isoform 1 [Homo sapiens]
NP_001039826.1	NP_001375037.1	0.0	966	95.455	484	100	poly(A) RNA polymerase GLD2 isoform 1 [Homo sapiens]
NP_001039826.1	NP_001375036.1	0.0	966	95.455	484	100	poly(A) RNA polymerase GLD2 isoform 1 [Homo sapiens]
NP_001072915.1	XP_047272811.1	0.0	572	62.737	475	90	poly(A) RNA polymerase GLD2 isoform X4 [Homo sapiens]
NP_001072915.1	XP_047272810.1	0.0	572	62.737	475	90	poly(A) RNA polymerase GLD2 isoform X4 [Homo sapiens]
NP_001072915.1	XP_047272809.1	0.0	572	62.737	475	90	poly(A) RNA polymerase GLD2 isoform X4 [Homo sapiens]
NP_001072915.1	NP_001375058.1	0.0	572	62.737	475	90	poly(A) RNA polymerase GLD2 isoform 2 [Homo sapiens]
NP_001072915.1	NP_001375057.1	0.0	572	62.737	475	90	poly(A) RNA polymerase GLD2 isoform 2 [Homo sapiens]
NP_001072915.1	NP_001375056.1	0.0	572	62.737	475	90	poly(A) RNA polymerase GLD2 isoform 2 [Homo sapiens]
NP_001072915.1	NP_001375055.1	0.0	572	62.737	475	90	poly(A) RNA polymerase GLD2 isoform 2 [Homo sapiens]
NP_001072915.1	NP_001375054.1	0.0	572	62.737	475	90	poly(A) RNA polymerase GLD2 isoform 2 [Homo sapiens]
NP_001072915.1	NP_001375053.1	0.0	572	62.737	475	90	poly(A) RNA polymerase GLD2 isoform 2 [Homo sapiens]
NP_001072915.1	NP_001375052.1	0.0	572	62.737	475	90	poly(A) RNA polymerase GLD2 isoform 2 [Homo sapiens]
NP_001073791.1	NP_073741.3	0.0	1409	87.514	873	99	speckle targeted PIP5K1A-regulated poly(A) polymerase isoform 1 [Homo sapiens]
NP_001073791.1	NP_001354835.1	0.0	746	91.101	427	49	speckle targeted PIP5K1A-regulated poly(A) polymerase isoform 2 [Homo sapiens]
NP_001073791.1	NP_060579.3	6.11e-44	171	34.432	273	31	poly(A) RNA polymerase, mitochondrial precursor [Homo sapiens]
NP_001073791.1	XP_047272288.1	4.03e-28	125	33.203	256	28	terminal uridylyltransferase 4 isoform X10 [Homo sapiens]
NP_001073791.1	XP_047272283.1	4.06e-28	125	33.203	256	28	terminal uridylyltransferase 4 isoform X6 [Homo sapiens]
NP_001073791.1	XP_005270737.1	4.06e-28	125	33.203	256	28	terminal uridylyltransferase 4 isoform X6 [Homo sapiens]
NP_001073791.1	XP_016856297.1	4.35e-28	125	33.203	256	28	terminal uridylyltransferase 4 isoform X36 [Homo sapiens]
NP_001073791.1	XP_005270739.1	4.36e-28	125	33.203	256	28	terminal uridylyltransferase 4 isoform X33 [Homo sapiens]
NP_001073791.1	XP_047272285.1	4.59e-28	125	33.203	256	28	terminal uridylyltransferase 4 isoform X7 [Homo sapiens]
NP_001073791.1	XP_047272280.1	4.79e-28	124	33.203	256	28	terminal uridylyltransferase 4 isoform X3 [Homo sapiens]
NP_001086580.1	XP_047272811.1	0.0	583	61.933	507	99	poly(A) RNA polymerase GLD2 isoform X4 [Homo sapiens]
NP_001086580.1	XP_047272810.1	0.0	583	61.933	507	99	poly(A) RNA polymerase GLD2 isoform X4 [Homo sapiens]
NP_001086580.1	XP_047272809.1	0.0	583	61.933	507	99	poly(A) RNA polymerase GLD2 isoform X4 [Homo sapiens]
NP_001086580.1	NP_001375058.1	0.0	583	61.933	507	99	poly(A) RNA polymerase GLD2 isoform 2 [Homo sapiens]
NP_001086580.1	NP_001375057.1	0.0	583	61.933	507	99	poly(A) RNA polymerase GLD2 isoform 2 [Homo sapiens]
NP_001086580.1	NP_001375056.1	0.0	583	61.933	507	99	poly(A) RNA polymerase GLD2 isoform 2 [Homo sapiens]
NP_001086580.1	NP_001375055.1	0.0	583	61.933	507	99	poly(A) RNA polymerase GLD2 isoform 2 [Homo sapiens]
NP_001086580.1	NP_001375054.1	0.0	583	61.933	507	99	poly(A) RNA polymerase GLD2 isoform 2 [Homo sapiens]
NP_001086580.1	NP_001375053.1	0.0	583	61.933	507	99	poly(A) RNA polymerase GLD2 isoform 2 [Homo sapiens]
NP_001086580.1	NP_001375052.1	0.0	583	61.933	507	99	poly(A) RNA polymerase GLD2 isoform 2 [Homo sapiens]
NP_001087078.1	XP_047272811.1	0.0	580	61.736	507	99	poly(A) RNA polymerase GLD2 isoform X4 [Homo sapiens]
NP_001087078.1	XP_047272810.1	0.0	580	61.736	507	99	poly(A) RNA polymerase GLD2 isoform X4 [Homo sapiens]
NP_001087078.1	XP_047272809.1	0.0	580	61.736	507	99	poly(A) RNA polymerase GLD2 isoform X4 [Homo sapiens]
NP_001087078.1	NP_001375058.1	0.0	580	61.736	507	99	poly(A) RNA polymerase GLD2 isoform 2 [Homo sapiens]
NP_001087078.1	NP_001375057.1	0.0	580	61.736	507	99	poly(A) RNA polymerase GLD2 isoform 2 [Homo sapiens]
NP_001087078.1	NP_001375056.1	0.0	580	61.736	507	99	poly(A) RNA polymerase GLD2 isoform 2 [Homo sapiens]
NP_001087078.1	NP_001375055.1	0.0	580	61.736	507	99	poly(A) RNA polymerase GLD2 isoform 2 [Homo sapiens]
NP_001087078.1	NP_001375054.1	0.0	580	61.736	507	99	poly(A) RNA polymerase GLD2 isoform 2 [Homo sapiens]
NP_001087078.1	NP_001375053.1	0.0	580	61.736	507	99	poly(A) RNA polymerase GLD2 isoform 2 [Homo sapiens]
NP_001087078.1	NP_001375052.1	0.0	580	61.736	507	99	poly(A) RNA polymerase GLD2 isoform 2 [Homo sapiens]
NP_001087892.1	XP_047272811.1	0.0	579	62.525	507	99	poly(A) RNA polymerase GLD2 isoform X4 [Homo sapiens]
NP_001087892.1	XP_047272810.1	0.0	579	62.525	507	99	poly(A) RNA polymerase GLD2 isoform X4 [Homo sapiens]
NP_001087892.1	XP_047272809.1	0.0	579	62.525	507	99	poly(A) RNA polymerase GLD2 isoform X4 [Homo sapiens]
NP_001087892.1	NP_001375058.1	0.0	579	62.525	507	99	poly(A) RNA polymerase GLD2 isoform 2 [Homo sapiens]
NP_001087892.1	NP_001375057.1	0.0	579	62.525	507	99	poly(A) RNA polymerase GLD2 isoform 2 [Homo sapiens]
NP_001087892.1	NP_001375056.1	0.0	579	62.525	507	99	poly(A) RNA polymerase GLD2 isoform 2 [Homo sapiens]
NP_001087892.1	NP_001375055.1	0.0	579	62.525	507	99	poly(A) RNA polymerase GLD2 isoform 2 [Homo sapiens]
NP_001087892.1	NP_001375054.1	0.0	579	62.525	507	99	poly(A) RNA polymerase GLD2 isoform 2 [Homo sapiens]
NP_001087892.1	NP_001375053.1	0.0	579	62.525	507	99	poly(A) RNA polymerase GLD2 isoform 2 [Homo sapiens]
NP_001087892.1	NP_001375052.1	0.0	579	62.525	507	99	poly(A) RNA polymerase GLD2 isoform 2 [Homo sapiens]
NP_001096913.1	NP_001035375.2	1.56e-138	426	62.048	332	41	terminal nucleotidyltransferase 4B isoform b [Homo sapiens]
NP_001096913.1	XP_047290432.1	1.56e-138	426	62.048	332	41	terminal nucleotidyltransferase 4B isoform X4 [Homo sapiens]
NP_001096913.1	XP_011521578.1	1.60e-138	426	62.048	332	41	terminal nucleotidyltransferase 4B isoform X2 [Homo sapiens]
NP_001096913.1	NP_001035374.2	1.66e-138	428	62.048	332	41	terminal nucleotidyltransferase 4B isoform a [Homo sapiens]
NP_001096913.1	XP_011521577.1	1.71e-138	428	62.048	332	41	terminal nucleotidyltransferase 4B isoform X1 [Homo sapiens]
NP_001096913.1	NP_001352252.1	1.88e-138	427	61.791	335	41	terminal nucleotidyltransferase 4B isoform c [Homo sapiens]
NP_001096913.1	XP_047290431.1	3.10e-138	426	62.048	332	41	terminal nucleotidyltransferase 4B isoform X3 [Homo sapiens]
NP_001096913.1	NP_001352253.1	6.29e-138	427	62.048	332	41	terminal nucleotidyltransferase 4B isoform d [Homo sapiens]
NP_001096913.1	NP_008930.2	6.78e-138	429	56.806	382	46	terminal nucleotidyltransferase 4A isoform 1 [Homo sapiens]
NP_001096913.1	NP_001165276.2	8.99e-138	429	56.806	382	46	terminal nucleotidyltransferase 4A isoform 2 [Homo sapiens]
NP_001100803.2	NP_001165276.2	0.0	1266	90.783	792	100	terminal nucleotidyltransferase 4A isoform 2 [Homo sapiens]
NP_001100803.2	NP_008930.2	0.0	1262	90.668	793	100	terminal nucleotidyltransferase 4A isoform 1 [Homo sapiens]
NP_001100803.2	XP_047272622.1	0.0	980	94.280	542	69	terminal nucleotidyltransferase 4A isoform X1 [Homo sapiens]
NP_001100803.2	XP_047272621.1	0.0	980	94.280	542	69	terminal nucleotidyltransferase 4A isoform X1 [Homo sapiens]
NP_001100803.2	XP_047272620.1	0.0	980	94.280	542	69	terminal nucleotidyltransferase 4A isoform X1 [Homo sapiens]
NP_001100803.2	XP_047272624.1	0.0	964	94.361	532	68	terminal nucleotidyltransferase 4A isoform X3 [Homo sapiens]
NP_001100803.2	XP_047272623.1	0.0	960	94.184	533	68	terminal nucleotidyltransferase 4A isoform X2 [Homo sapiens]
NP_001100803.2	XP_016864477.1	0.0	960	94.184	533	68	terminal nucleotidyltransferase 4A isoform X2 [Homo sapiens]
NP_001100803.2	XP_011521577.1	0.0	554	67.327	404	51	terminal nucleotidyltransferase 4B isoform X1 [Homo sapiens]
NP_001100803.2	NP_001352252.1	0.0	554	67.327	404	51	terminal nucleotidyltransferase 4B isoform c [Homo sapiens]
NP_001101423.1	XP_016856299.1	0.0	2501	81.532	1554	100	terminal uridylyltransferase 4 isoform X40 [Homo sapiens]
NP_001101423.1	XP_047272365.1	0.0	2497	81.322	1558	100	terminal uridylyltransferase 4 isoform X38 [Homo sapiens]
NP_001101423.1	XP_016856296.1	0.0	2479	79.486	1594	100	terminal uridylyltransferase 4 isoform X28 [Homo sapiens]
NP_001101423.1	XP_047272337.1	0.0	2473	79.287	1598	100	terminal uridylyltransferase 4 isoform X27 [Homo sapiens]
NP_001101423.1	XP_016856297.1	0.0	2463	81.462	1532	98	terminal uridylyltransferase 4 isoform X36 [Homo sapiens]
NP_001101423.1	XP_005270739.1	0.0	2458	81.197	1537	98	terminal uridylyltransferase 4 isoform X33 [Homo sapiens]
NP_001101423.1	XP_047272345.1	0.0	2453	80.777	1545	98	terminal uridylyltransferase 4 isoform X31 [Homo sapiens]
NP_001101423.1	XP_011539401.1	0.0	2447	80.516	1550	98	terminal uridylyltransferase 4 isoform X29 [Homo sapiens]
NP_001101423.1	XP_016856295.1	0.0	2440	79.389	1572	98	terminal uridylyltransferase 4 isoform X25 [Homo sapiens]
NP_001101423.1	XP_047272325.1	0.0	2435	79.188	1576	98	terminal uridylyltransferase 4 isoform X23 [Homo sapiens]
NP_001107865.1	XP_047272808.1	0.0	1000	100.000	484	100	poly(A) RNA polymerase GLD2 isoform X3 [Homo sapiens]
NP_001107865.1	XP_047272807.1	0.0	1000	100.000	484	100	poly(A) RNA polymerase GLD2 isoform X3 [Homo sapiens]
NP_001107865.1	XP_047272806.1	0.0	1000	100.000	484	100	poly(A) RNA polymerase GLD2 isoform X3 [Homo sapiens]
NP_001107865.1	NP_776158.2	0.0	1000	100.000	484	100	poly(A) RNA polymerase GLD2 isoform 1 [Homo sapiens]
NP_001107865.1	NP_001375041.1	0.0	1000	100.000	484	100	poly(A) RNA polymerase GLD2 isoform 1 [Homo sapiens]
NP_001107865.1	NP_001375040.1	0.0	1000	100.000	484	100	poly(A) RNA polymerase GLD2 isoform 1 [Homo sapiens]
NP_001107865.1	NP_001375039.1	0.0	1000	100.000	484	100	poly(A) RNA polymerase GLD2 isoform 1 [Homo sapiens]
NP_001107865.1	NP_001375038.1	0.0	1000	100.000	484	100	poly(A) RNA polymerase GLD2 isoform 1 [Homo sapiens]
NP_001107865.1	NP_001375037.1	0.0	1000	100.000	484	100	poly(A) RNA polymerase GLD2 isoform 1 [Homo sapiens]
NP_001107865.1	NP_001375036.1	0.0	1000	100.000	484	100	poly(A) RNA polymerase GLD2 isoform 1 [Homo sapiens]
NP_001124898.1	NP_073741.3	0.0	886	93.196	485	93	speckle targeted PIP5K1A-regulated poly(A) polymerase isoform 1 [Homo sapiens]
NP_001124898.1	NP_001354835.1	0.0	816	92.494	453	87	speckle targeted PIP5K1A-regulated poly(A) polymerase isoform 2 [Homo sapiens]
NP_001124898.1	NP_060579.3	1.29e-24	110	41.270	126	24	poly(A) RNA polymerase, mitochondrial precursor [Homo sapiens]
NP_001124898.1	XP_047272283.1	9.75e-21	99.0	39.583	144	27	terminal uridylyltransferase 4 isoform X6 [Homo sapiens]
NP_001124898.1	XP_005270737.1	9.75e-21	99.0	39.583	144	27	terminal uridylyltransferase 4 isoform X6 [Homo sapiens]
NP_001124898.1	XP_047272288.1	9.80e-21	99.0	39.583	144	27	terminal uridylyltransferase 4 isoform X10 [Homo sapiens]
NP_001124898.1	XP_005270739.1	9.84e-21	99.0	39.583	144	27	terminal uridylyltransferase 4 isoform X33 [Homo sapiens]
NP_001124898.1	XP_047272286.1	1.01e-20	99.0	39.583	144	27	terminal uridylyltransferase 4 isoform X8 [Homo sapiens]
NP_001124898.1	XP_016856297.1	1.02e-20	99.0	39.583	144	27	terminal uridylyltransferase 4 isoform X36 [Homo sapiens]
NP_001124898.1	XP_047272305.1	1.02e-20	99.0	39.583	144	27	terminal uridylyltransferase 4 isoform X17 [Homo sapiens]
NP_001142471.1	XP_047279823.1	3.77e-18	92.0	24.299	321	44	terminal uridylyltransferase 7 isoform X2 [Homo sapiens]
NP_001142471.1	XP_006717346.1	3.77e-18	92.0	24.299	321	44	terminal uridylyltransferase 7 isoform X2 [Homo sapiens]
NP_001142471.1	XP_011517317.1	3.83e-18	92.0	24.299	321	44	terminal uridylyltransferase 7 isoform X3 [Homo sapiens]
NP_001142471.1	XP_016870620.1	4.28e-18	92.0	24.299	321	44	terminal uridylyltransferase 7 isoform X4 [Homo sapiens]
NP_001142471.1	XP_016870619.1	4.28e-18	92.0	24.299	321	44	terminal uridylyltransferase 7 isoform X4 [Homo sapiens]
NP_001142471.1	NP_078893.2	4.28e-18	92.0	24.299	321	44	terminal uridylyltransferase 7 isoform 1 [Homo sapiens]
NP_001142471.1	NP_001171988.1	4.28e-18	92.0	24.299	321	44	terminal uridylyltransferase 7 isoform 1 [Homo sapiens]
NP_001142471.1	XP_011517316.1	4.56e-18	92.0	24.299	321	44	terminal uridylyltransferase 7 isoform X1 [Homo sapiens]
NP_001142471.1	XP_011517315.1	4.56e-18	92.0	24.299	321	44	terminal uridylyltransferase 7 isoform X1 [Homo sapiens]
NP_001142471.1	XP_011517314.1	4.56e-18	92.0	24.299	321	44	terminal uridylyltransferase 7 isoform X1 [Homo sapiens]
NP_001153629.1	NP_001165276.2	0.0	941	90.573	541	100	terminal nucleotidyltransferase 4A isoform 2 [Homo sapiens]
NP_001153629.1	XP_047272622.1	0.0	941	90.406	542	100	terminal nucleotidyltransferase 4A isoform X1 [Homo sapiens]
NP_001153629.1	XP_047272621.1	0.0	941	90.406	542	100	terminal nucleotidyltransferase 4A isoform X1 [Homo sapiens]
NP_001153629.1	XP_047272620.1	0.0	941	90.406	542	100	terminal nucleotidyltransferase 4A isoform X1 [Homo sapiens]
NP_001153629.1	NP_008930.2	0.0	937	90.406	542	100	terminal nucleotidyltransferase 4A isoform 1 [Homo sapiens]
NP_001153629.1	XP_047272624.1	0.0	925	90.414	532	98	terminal nucleotidyltransferase 4A isoform X3 [Homo sapiens]
NP_001153629.1	XP_047272623.1	0.0	920	90.244	533	98	terminal nucleotidyltransferase 4A isoform X2 [Homo sapiens]
NP_001153629.1	XP_016864477.1	0.0	920	90.244	533	98	terminal nucleotidyltransferase 4A isoform X2 [Homo sapiens]
NP_001153629.1	XP_047290433.1	8.16e-167	483	75.578	303	56	terminal nucleotidyltransferase 4B isoform X6 [Homo sapiens]
NP_001153629.1	XP_011521580.1	8.51e-167	485	75.578	303	56	terminal nucleotidyltransferase 4B isoform X5 [Homo sapiens]
NP_001157969.1	NP_001352252.1	0.0	1077	89.640	695	100	terminal nucleotidyltransferase 4B isoform c [Homo sapiens]
NP_001157969.1	NP_001352253.1	0.0	1076	89.640	695	100	terminal nucleotidyltransferase 4B isoform d [Homo sapiens]
NP_001157969.1	XP_011521577.1	0.0	1046	93.681	633	93	terminal nucleotidyltransferase 4B isoform X1 [Homo sapiens]
NP_001157969.1	NP_001035374.2	0.0	1046	93.681	633	93	terminal nucleotidyltransferase 4B isoform a [Homo sapiens]
NP_001157969.1	XP_011521580.1	0.0	1005	96.200	500	74	terminal nucleotidyltransferase 4B isoform X5 [Homo sapiens]
NP_001157969.1	XP_047290432.1	0.0	996	83.453	695	100	terminal nucleotidyltransferase 4B isoform X4 [Homo sapiens]
NP_001157969.1	XP_047290431.1	0.0	994	83.453	695	100	terminal nucleotidyltransferase 4B isoform X3 [Homo sapiens]
NP_001157969.1	XP_011521578.1	0.0	965	86.888	633	93	terminal nucleotidyltransferase 4B isoform X2 [Homo sapiens]
NP_001157969.1	NP_001035375.2	0.0	965	86.888	633	93	terminal nucleotidyltransferase 4B isoform b [Homo sapiens]
NP_001157969.1	XP_047290433.1	0.0	836	87.600	500	74	terminal nucleotidyltransferase 4B isoform X6 [Homo sapiens]
NP_001162602.2	NP_001165276.2	0.0	1267	90.909	792	100	terminal nucleotidyltransferase 4A isoform 2 [Homo sapiens]
NP_001162602.2	NP_008930.2	0.0	1262	90.794	793	100	terminal nucleotidyltransferase 4A isoform 1 [Homo sapiens]
NP_001162602.2	XP_047272622.1	0.0	980	94.649	542	69	terminal nucleotidyltransferase 4A isoform X1 [Homo sapiens]
NP_001162602.2	XP_047272621.1	0.0	980	94.649	542	69	terminal nucleotidyltransferase 4A isoform X1 [Homo sapiens]
NP_001162602.2	XP_047272620.1	0.0	980	94.649	542	69	terminal nucleotidyltransferase 4A isoform X1 [Homo sapiens]
NP_001162602.2	XP_047272624.1	0.0	965	94.737	532	68	terminal nucleotidyltransferase 4A isoform X3 [Homo sapiens]
NP_001162602.2	XP_047272623.1	0.0	960	94.559	533	68	terminal nucleotidyltransferase 4A isoform X2 [Homo sapiens]
NP_001162602.2	XP_016864477.1	0.0	960	94.559	533	68	terminal nucleotidyltransferase 4A isoform X2 [Homo sapiens]
NP_001162602.2	XP_011521577.1	0.0	554	67.079	404	51	terminal nucleotidyltransferase 4B isoform X1 [Homo sapiens]
NP_001162602.2	NP_001352253.1	0.0	554	67.079	404	51	terminal nucleotidyltransferase 4B isoform d [Homo sapiens]
NP_001165276.2	NP_001165276.2	0.0	1616	100.000	791	100	terminal nucleotidyltransferase 4A isoform 2 [Homo sapiens]
NP_001165276.2	NP_008930.2	0.0	1611	99.874	792	100	terminal nucleotidyltransferase 4A isoform 1 [Homo sapiens]
NP_001165276.2	XP_047272622.1	0.0	1113	99.815	542	68	terminal nucleotidyltransferase 4A isoform X1 [Homo sapiens]
NP_001165276.2	XP_047272621.1	0.0	1113	99.815	542	68	terminal nucleotidyltransferase 4A isoform X1 [Homo sapiens]
NP_001165276.2	XP_047272620.1	0.0	1113	99.815	542	68	terminal nucleotidyltransferase 4A isoform X1 [Homo sapiens]
NP_001165276.2	XP_047272624.1	0.0	1100	100.000	532	67	terminal nucleotidyltransferase 4A isoform X3 [Homo sapiens]
NP_001165276.2	XP_047272623.1	0.0	1095	99.812	533	67	terminal nucleotidyltransferase 4A isoform X2 [Homo sapiens]
NP_001165276.2	XP_016864477.1	0.0	1095	99.812	533	67	terminal nucleotidyltransferase 4A isoform X2 [Homo sapiens]
NP_001165276.2	NP_001352252.1	0.0	557	67.574	404	50	terminal nucleotidyltransferase 4B isoform c [Homo sapiens]
NP_001165276.2	XP_011521577.1	0.0	556	67.574	404	50	terminal nucleotidyltransferase 4B isoform X1 [Homo sapiens]
NP_001169620.1	XP_047272384.1	2.12e-47	181	36.093	302	47	terminal uridylyltransferase 4 isoform X46 [Homo sapiens]
NP_001169620.1	XP_016856293.1	4.29e-47	181	36.093	302	47	terminal uridylyltransferase 4 isoform X16 [Homo sapiens]
NP_001169620.1	XP_016856299.1	4.51e-47	181	36.093	302	47	terminal uridylyltransferase 4 isoform X40 [Homo sapiens]
NP_001169620.1	XP_047272345.1	4.58e-47	181	36.093	302	47	terminal uridylyltransferase 4 isoform X31 [Homo sapiens]
NP_001169620.1	XP_047272285.1	4.63e-47	181	36.093	302	47	terminal uridylyltransferase 4 isoform X7 [Homo sapiens]
NP_001169620.1	XP_016856292.1	4.94e-47	181	36.093	302	47	terminal uridylyltransferase 4 isoform X9 [Homo sapiens]
NP_001169620.1	XP_047272365.1	5.04e-47	181	36.093	302	47	terminal uridylyltransferase 4 isoform X38 [Homo sapiens]
NP_001169620.1	XP_016856297.1	5.48e-47	180	36.093	302	47	terminal uridylyltransferase 4 isoform X36 [Homo sapiens]
NP_001169620.1	XP_047272288.1	5.51e-47	181	36.093	302	47	terminal uridylyltransferase 4 isoform X10 [Homo sapiens]
NP_001169620.1	XP_047272337.1	5.70e-47	180	36.093	302	47	terminal uridylyltransferase 4 isoform X27 [Homo sapiens]
NP_001169645.1	NP_001375061.1	3.60e-21	99.0	28.522	291	50	poly(A) RNA polymerase GLD2 isoform 12 [Homo sapiens]
NP_001169645.1	NP_001375059.1	3.73e-21	99.4	28.621	290	50	poly(A) RNA polymerase GLD2 isoform 10 [Homo sapiens]
NP_001169645.1	XP_047272811.1	3.93e-21	99.4	28.621	290	50	poly(A) RNA polymerase GLD2 isoform X4 [Homo sapiens]
NP_001169645.1	XP_047272810.1	3.93e-21	99.4	28.621	290	50	poly(A) RNA polymerase GLD2 isoform X4 [Homo sapiens]
NP_001169645.1	XP_047272809.1	3.93e-21	99.4	28.621	290	50	poly(A) RNA polymerase GLD2 isoform X4 [Homo sapiens]
NP_001169645.1	NP_001375058.1	3.93e-21	99.4	28.621	290	50	poly(A) RNA polymerase GLD2 isoform 2 [Homo sapiens]
NP_001169645.1	NP_001375057.1	3.93e-21	99.4	28.621	290	50	poly(A) RNA polymerase GLD2 isoform 2 [Homo sapiens]
NP_001169645.1	NP_001375056.1	3.93e-21	99.4	28.621	290	50	poly(A) RNA polymerase GLD2 isoform 2 [Homo sapiens]
NP_001169645.1	NP_001375055.1	3.93e-21	99.4	28.621	290	50	poly(A) RNA polymerase GLD2 isoform 2 [Homo sapiens]
NP_001169645.1	NP_001375054.1	3.93e-21	99.4	28.621	290	50	poly(A) RNA polymerase GLD2 isoform 2 [Homo sapiens]
NP_001171988.1	XP_016870620.1	0.0	3104	100.000	1495	100	terminal uridylyltransferase 7 isoform X4 [Homo sapiens]
NP_001171988.1	XP_016870619.1	0.0	3104	100.000	1495	100	terminal uridylyltransferase 7 isoform X4 [Homo sapiens]
NP_001171988.1	NP_078893.2	0.0	3104	100.000	1495	100	terminal uridylyltransferase 7 isoform 1 [Homo sapiens]
NP_001171988.1	NP_001171988.1	0.0	3104	100.000	1495	100	terminal uridylyltransferase 7 isoform 1 [Homo sapiens]
NP_001171988.1	XP_047279823.1	0.0	3082	97.015	1541	100	terminal uridylyltransferase 7 isoform X2 [Homo sapiens]
NP_001171988.1	XP_006717346.1	0.0	3082	97.015	1541	100	terminal uridylyltransferase 7 isoform X2 [Homo sapiens]
NP_001171988.1	XP_047279825.1	0.0	3063	100.000	1475	99	terminal uridylyltransferase 7 isoform X6 [Homo sapiens]
NP_001171988.1	XP_047279824.1	0.0	3063	100.000	1475	99	terminal uridylyltransferase 7 isoform X6 [Homo sapiens]
NP_001171988.1	XP_005252264.1	0.0	3063	100.000	1475	99	terminal uridylyltransferase 7 isoform X6 [Homo sapiens]
NP_001171988.1	XP_011517317.1	0.0	3063	99.662	1481	99	terminal uridylyltransferase 7 isoform X3 [Homo sapiens]
NP_001172003.1	NP_001172003.1	0.0	2617	100.000	1259	100	terminal uridylyltransferase 7 isoform 2 [Homo sapiens]
NP_001172003.1	XP_047279823.1	0.0	962	96.939	490	39	terminal uridylyltransferase 7 isoform X2 [Homo sapiens]
NP_001172003.1	XP_006717346.1	0.0	962	96.939	490	39	terminal uridylyltransferase 7 isoform X2 [Homo sapiens]
NP_001172003.1	XP_011517318.1	0.0	961	96.939	490	39	terminal uridylyltransferase 7 isoform X5 [Homo sapiens]
NP_001172003.1	XP_011517317.1	0.0	961	96.939	490	39	terminal uridylyltransferase 7 isoform X3 [Homo sapiens]
NP_001172003.1	XP_047279825.1	0.0	960	96.939	490	39	terminal uridylyltransferase 7 isoform X6 [Homo sapiens]
NP_001172003.1	XP_047279824.1	0.0	960	96.939	490	39	terminal uridylyltransferase 7 isoform X6 [Homo sapiens]
NP_001172003.1	XP_016870620.1	0.0	960	96.939	490	39	terminal uridylyltransferase 7 isoform X4 [Homo sapiens]
NP_001172003.1	XP_016870619.1	0.0	960	96.939	490	39	terminal uridylyltransferase 7 isoform X4 [Homo sapiens]
NP_001172003.1	XP_005252264.1	0.0	960	96.939	490	39	terminal uridylyltransferase 7 isoform X6 [Homo sapiens]
NP_001190015.1	XP_047272820.1	1.23e-17	85.5	35.374	147	23	poly(A) RNA polymerase GLD2 isoform X11 [Homo sapiens]
NP_001190015.1	NP_001336477.1	1.24e-17	85.5	35.374	147	23	poly(A) RNA polymerase GLD2 isoform 4 [Homo sapiens]
NP_001190015.1	NP_001375030.1	4.40e-17	87.0	31.746	189	29	poly(A) RNA polymerase GLD2 isoform 9 [Homo sapiens]
NP_001190015.1	NP_001375060.1	4.62e-17	86.7	31.250	192	30	poly(A) RNA polymerase GLD2 isoform 11 [Homo sapiens]
NP_001190015.1	NP_001375029.1	4.72e-17	87.0	31.746	189	29	poly(A) RNA polymerase GLD2 isoform 8 [Homo sapiens]
NP_001190015.1	NP_001375028.1	4.72e-17	87.0	31.746	189	29	poly(A) RNA polymerase GLD2 isoform 8 [Homo sapiens]
NP_001190015.1	NP_001375059.1	5.04e-17	86.7	31.746	189	29	poly(A) RNA polymerase GLD2 isoform 10 [Homo sapiens]
NP_001190015.1	XP_047272811.1	5.06e-17	86.7	31.746	189	29	poly(A) RNA polymerase GLD2 isoform X4 [Homo sapiens]
NP_001190015.1	XP_047272810.1	5.06e-17	86.7	31.746	189	29	poly(A) RNA polymerase GLD2 isoform X4 [Homo sapiens]
NP_001190015.1	XP_047272809.1	5.06e-17	86.7	31.746	189	29	poly(A) RNA polymerase GLD2 isoform X4 [Homo sapiens]
NP_001190016.1	XP_047272820.1	2.43e-15	78.2	30.263	152	33	poly(A) RNA polymerase GLD2 isoform X11 [Homo sapiens]
NP_001190016.1	XP_011517316.1	2.48e-15	81.3	25.180	278	59	terminal uridylyltransferase 7 isoform X1 [Homo sapiens]
NP_001190016.1	XP_011517315.1	2.48e-15	81.3	25.180	278	59	terminal uridylyltransferase 7 isoform X1 [Homo sapiens]
NP_001190016.1	XP_011517314.1	2.48e-15	81.3	25.180	278	59	terminal uridylyltransferase 7 isoform X1 [Homo sapiens]
NP_001190016.1	XP_011517313.1	2.48e-15	81.3	25.180	278	59	terminal uridylyltransferase 7 isoform X1 [Homo sapiens]
NP_001190016.1	XP_047279825.1	2.51e-15	81.3	24.549	277	59	terminal uridylyltransferase 7 isoform X6 [Homo sapiens]
NP_001190016.1	XP_047279824.1	2.51e-15	81.3	24.549	277	59	terminal uridylyltransferase 7 isoform X6 [Homo sapiens]
NP_001190016.1	XP_005252264.1	2.51e-15	81.3	24.549	277	59	terminal uridylyltransferase 7 isoform X6 [Homo sapiens]
NP_001190016.1	XP_011517317.1	2.58e-15	81.3	24.549	277	59	terminal uridylyltransferase 7 isoform X3 [Homo sapiens]
NP_001190016.1	XP_005252265.1	2.65e-15	81.3	24.549	277	59	terminal uridylyltransferase 7 isoform X7 [Homo sapiens]
NP_001192681.1	XP_047279823.1	0.0	2590	83.721	1548	100	terminal uridylyltransferase 7 isoform X2 [Homo sapiens]
NP_001192681.1	XP_006717346.1	0.0	2590	83.721	1548	100	terminal uridylyltransferase 7 isoform X2 [Homo sapiens]
NP_001192681.1	XP_016870620.1	0.0	2589	86.285	1502	100	terminal uridylyltransferase 7 isoform X4 [Homo sapiens]
NP_001192681.1	XP_016870619.1	0.0	2589	86.285	1502	100	terminal uridylyltransferase 7 isoform X4 [Homo sapiens]
NP_001192681.1	NP_078893.2	0.0	2589	86.285	1502	100	terminal uridylyltransferase 7 isoform 1 [Homo sapiens]
NP_001192681.1	NP_001171988.1	0.0	2589	86.285	1502	100	terminal uridylyltransferase 7 isoform 1 [Homo sapiens]
NP_001192681.1	XP_047279825.1	0.0	2571	86.100	1482	99	terminal uridylyltransferase 7 isoform X6 [Homo sapiens]
NP_001192681.1	XP_047279824.1	0.0	2571	86.100	1482	99	terminal uridylyltransferase 7 isoform X6 [Homo sapiens]
NP_001192681.1	XP_011517317.1	0.0	2571	85.820	1488	99	terminal uridylyltransferase 7 isoform X3 [Homo sapiens]
NP_001192681.1	XP_005252264.1	0.0	2571	86.100	1482	99	terminal uridylyltransferase 7 isoform X6 [Homo sapiens]
NP_001193859.1	XP_047272283.1	0.0	3031	90.809	1643	100	terminal uridylyltransferase 4 isoform X6 [Homo sapiens]
NP_001193859.1	XP_005270737.1	0.0	3031	90.809	1643	100	terminal uridylyltransferase 4 isoform X6 [Homo sapiens]
NP_001193859.1	XP_047272282.1	0.0	3024	90.589	1647	100	terminal uridylyltransferase 4 isoform X5 [Homo sapiens]
NP_001193859.1	NP_056084.1	0.0	3024	90.589	1647	100	terminal uridylyltransferase 4 isoform b [Homo sapiens]
NP_001193859.1	XP_047272281.1	0.0	3024	90.534	1648	100	terminal uridylyltransferase 4 isoform X4 [Homo sapiens]
NP_001193859.1	NP_001009881.1	0.0	3024	90.534	1648	100	terminal uridylyltransferase 4 isoform a [Homo sapiens]
NP_001193859.1	XP_047272280.1	0.0	2981	90.685	1621	99	terminal uridylyltransferase 4 isoform X3 [Homo sapiens]
NP_001193859.1	XP_005270736.1	0.0	2981	90.685	1621	99	terminal uridylyltransferase 4 isoform X3 [Homo sapiens]
NP_001193859.1	XP_011539399.1	0.0	2975	90.406	1626	99	terminal uridylyltransferase 4 isoform X1 [Homo sapiens]
NP_001193859.1	XP_005270735.1	0.0	2975	90.462	1625	99	terminal uridylyltransferase 4 isoform X2 [Homo sapiens]
NP_001248228.1	XP_047272622.1	0.0	1118	99.631	542	100	terminal nucleotidyltransferase 4A isoform X1 [Homo sapiens]
NP_001248228.1	XP_047272621.1	0.0	1118	99.631	542	100	terminal nucleotidyltransferase 4A isoform X1 [Homo sapiens]
NP_001248228.1	XP_047272620.1	0.0	1118	99.631	542	100	terminal nucleotidyltransferase 4A isoform X1 [Homo sapiens]
NP_001248228.1	NP_008930.2	0.0	1117	99.631	542	100	terminal nucleotidyltransferase 4A isoform 1 [Homo sapiens]
NP_001248228.1	NP_001165276.2	0.0	1110	99.446	542	100	terminal nucleotidyltransferase 4A isoform 2 [Homo sapiens]
NP_001248228.1	XP_047272623.1	0.0	1098	99.625	533	98	terminal nucleotidyltransferase 4A isoform X2 [Homo sapiens]
NP_001248228.1	XP_016864477.1	0.0	1098	99.625	533	98	terminal nucleotidyltransferase 4A isoform X2 [Homo sapiens]
NP_001248228.1	XP_047272624.1	0.0	1091	99.437	533	98	terminal nucleotidyltransferase 4A isoform X3 [Homo sapiens]
NP_001248228.1	XP_011521580.1	2.80e-169	491	69.822	338	62	terminal nucleotidyltransferase 4B isoform X5 [Homo sapiens]
NP_001248228.1	XP_047290433.1	1.21e-168	488	74.121	313	58	terminal nucleotidyltransferase 4B isoform X6 [Homo sapiens]
NP_001248668.1	XP_047272808.1	0.0	991	99.174	484	100	poly(A) RNA polymerase GLD2 isoform X3 [Homo sapiens]
NP_001248668.1	XP_047272807.1	0.0	991	99.174	484	100	poly(A) RNA polymerase GLD2 isoform X3 [Homo sapiens]
NP_001248668.1	XP_047272806.1	0.0	991	99.174	484	100	poly(A) RNA polymerase GLD2 isoform X3 [Homo sapiens]
NP_001248668.1	NP_776158.2	0.0	991	99.174	484	100	poly(A) RNA polymerase GLD2 isoform 1 [Homo sapiens]
NP_001248668.1	NP_001375041.1	0.0	991	99.174	484	100	poly(A) RNA polymerase GLD2 isoform 1 [Homo sapiens]
NP_001248668.1	NP_001375040.1	0.0	991	99.174	484	100	poly(A) RNA polymerase GLD2 isoform 1 [Homo sapiens]
NP_001248668.1	NP_001375039.1	0.0	991	99.174	484	100	poly(A) RNA polymerase GLD2 isoform 1 [Homo sapiens]
NP_001248668.1	NP_001375038.1	0.0	991	99.174	484	100	poly(A) RNA polymerase GLD2 isoform 1 [Homo sapiens]
NP_001248668.1	NP_001375037.1	0.0	991	99.174	484	100	poly(A) RNA polymerase GLD2 isoform 1 [Homo sapiens]
NP_001248668.1	NP_001375036.1	0.0	991	99.174	484	100	poly(A) RNA polymerase GLD2 isoform 1 [Homo sapiens]
NP_001256593.1	NP_001375027.1	6.22e-10	63.2	24.696	247	60	poly(A) RNA polymerase GLD2 isoform 7 [Homo sapiens]
NP_001256593.1	XP_047272805.1	6.40e-10	63.2	24.696	247	60	poly(A) RNA polymerase GLD2 isoform X2 [Homo sapiens]
NP_001256593.1	XP_047272804.1	6.40e-10	63.2	24.696	247	60	poly(A) RNA polymerase GLD2 isoform X2 [Homo sapiens]
NP_001256593.1	XP_047272803.1	6.40e-10	63.2	24.696	247	60	poly(A) RNA polymerase GLD2 isoform X2 [Homo sapiens]
NP_001256593.1	XP_047272802.1	6.40e-10	63.2	24.696	247	60	poly(A) RNA polymerase GLD2 isoform X2 [Homo sapiens]
NP_001256593.1	XP_016864641.1	6.40e-10	63.2	24.696	247	60	poly(A) RNA polymerase GLD2 isoform X2 [Homo sapiens]
NP_001256593.1	NP_001375026.1	6.40e-10	63.2	24.696	247	60	poly(A) RNA polymerase GLD2 isoform 6 [Homo sapiens]
NP_001256593.1	NP_001375025.1	6.40e-10	63.2	24.696	247	60	poly(A) RNA polymerase GLD2 isoform 6 [Homo sapiens]
NP_001256593.1	NP_001375024.1	6.40e-10	63.2	24.696	247	60	poly(A) RNA polymerase GLD2 isoform 6 [Homo sapiens]
NP_001256593.1	NP_001336480.1	6.40e-10	63.2	24.696	247	60	poly(A) RNA polymerase GLD2 isoform 6 [Homo sapiens]
NP_001258876.2	XP_047279823.1	0.0	1898	63.302	1575	100	terminal uridylyltransferase 7 isoform X2 [Homo sapiens]
NP_001258876.2	XP_006717346.1	0.0	1898	63.302	1575	100	terminal uridylyltransferase 7 isoform X2 [Homo sapiens]
NP_001258876.2	XP_011517316.1	0.0	1863	63.032	1550	99	terminal uridylyltransferase 7 isoform X1 [Homo sapiens]
NP_001258876.2	XP_011517315.1	0.0	1863	63.032	1550	99	terminal uridylyltransferase 7 isoform X1 [Homo sapiens]
NP_001258876.2	XP_011517314.1	0.0	1863	63.032	1550	99	terminal uridylyltransferase 7 isoform X1 [Homo sapiens]
NP_001258876.2	XP_011517313.1	0.0	1863	63.032	1550	99	terminal uridylyltransferase 7 isoform X1 [Homo sapiens]
NP_001258876.2	XP_011517317.1	0.0	1863	62.999	1554	99	terminal uridylyltransferase 7 isoform X3 [Homo sapiens]
NP_001258876.2	XP_047279825.1	0.0	1823	63.413	1506	96	terminal uridylyltransferase 7 isoform X6 [Homo sapiens]
NP_001258876.2	XP_047279824.1	0.0	1823	63.413	1506	96	terminal uridylyltransferase 7 isoform X6 [Homo sapiens]
NP_001258876.2	XP_016870620.1	0.0	1823	61.935	1571	100	terminal uridylyltransferase 7 isoform X4 [Homo sapiens]
NP_001259129.1	NP_060579.3	3.90e-79	263	33.049	469	76	poly(A) RNA polymerase, mitochondrial precursor [Homo sapiens]
NP_001259129.1	NP_073741.3	1.65e-31	133	35.156	256	40	speckle targeted PIP5K1A-regulated poly(A) polymerase isoform 1 [Homo sapiens]
NP_001259129.1	NP_001375065.1	6.62e-26	112	26.000	300	49	poly(A) RNA polymerase GLD2 isoform 14 [Homo sapiens]
NP_001259129.1	NP_001375061.1	2.61e-25	111	26.000	300	49	poly(A) RNA polymerase GLD2 isoform 12 [Homo sapiens]
NP_001259129.1	XP_047272811.1	3.15e-25	112	26.000	300	49	poly(A) RNA polymerase GLD2 isoform X4 [Homo sapiens]
NP_001259129.1	XP_047272810.1	3.15e-25	112	26.000	300	49	poly(A) RNA polymerase GLD2 isoform X4 [Homo sapiens]
NP_001259129.1	XP_047272809.1	3.15e-25	112	26.000	300	49	poly(A) RNA polymerase GLD2 isoform X4 [Homo sapiens]
NP_001259129.1	NP_001375058.1	3.15e-25	112	26.000	300	49	poly(A) RNA polymerase GLD2 isoform 2 [Homo sapiens]
NP_001259129.1	NP_001375057.1	3.15e-25	112	26.000	300	49	poly(A) RNA polymerase GLD2 isoform 2 [Homo sapiens]
NP_001259129.1	NP_001375056.1	3.15e-25	112	26.000	300	49	poly(A) RNA polymerase GLD2 isoform 2 [Homo sapiens]
NP_001259340.1	NP_001035375.2	2.84e-137	429	61.791	335	33	terminal nucleotidyltransferase 4B isoform b [Homo sapiens]
NP_001259340.1	XP_011521578.1	2.92e-137	429	61.791	335	33	terminal nucleotidyltransferase 4B isoform X2 [Homo sapiens]
NP_001259340.1	NP_001035374.2	4.42e-137	430	61.791	335	33	terminal nucleotidyltransferase 4B isoform a [Homo sapiens]
NP_001259340.1	XP_011521577.1	4.55e-137	430	61.791	335	33	terminal nucleotidyltransferase 4B isoform X1 [Homo sapiens]
NP_001259340.1	NP_001165276.2	1.30e-136	432	55.500	400	39	terminal nucleotidyltransferase 4A isoform 2 [Homo sapiens]
NP_001259340.1	NP_008930.2	1.37e-136	432	55.500	400	39	terminal nucleotidyltransferase 4A isoform 1 [Homo sapiens]
NP_001259340.1	XP_047290433.1	3.44e-132	409	62.975	316	31	terminal nucleotidyltransferase 4B isoform X6 [Homo sapiens]
NP_001259340.1	XP_011521580.1	5.45e-132	410	62.975	316	31	terminal nucleotidyltransferase 4B isoform X5 [Homo sapiens]
NP_001259340.1	XP_047272622.1	6.81e-128	400	63.667	300	30	terminal nucleotidyltransferase 4A isoform X1 [Homo sapiens]
NP_001259340.1	XP_047272621.1	6.81e-128	400	63.667	300	30	terminal nucleotidyltransferase 4A isoform X1 [Homo sapiens]
NP_001262829.1	NP_001375065.1	9.75e-62	218	37.337	383	27	poly(A) RNA polymerase GLD2 isoform 14 [Homo sapiens]
NP_001262829.1	NP_001375059.1	2.71e-59	214	37.337	383	27	poly(A) RNA polymerase GLD2 isoform 10 [Homo sapiens]
NP_001262829.1	XP_047272811.1	3.39e-59	214	39.823	339	24	poly(A) RNA polymerase GLD2 isoform X4 [Homo sapiens]
NP_001262829.1	XP_047272810.1	3.39e-59	214	39.823	339	24	poly(A) RNA polymerase GLD2 isoform X4 [Homo sapiens]
NP_001262829.1	XP_047272809.1	3.39e-59	214	39.823	339	24	poly(A) RNA polymerase GLD2 isoform X4 [Homo sapiens]
NP_001262829.1	NP_001375058.1	3.39e-59	214	39.823	339	24	poly(A) RNA polymerase GLD2 isoform 2 [Homo sapiens]
NP_001262829.1	NP_001375057.1	3.39e-59	214	39.823	339	24	poly(A) RNA polymerase GLD2 isoform 2 [Homo sapiens]
NP_001262829.1	NP_001375056.1	3.39e-59	214	39.823	339	24	poly(A) RNA polymerase GLD2 isoform 2 [Homo sapiens]
NP_001262829.1	NP_001375055.1	3.39e-59	214	39.823	339	24	poly(A) RNA polymerase GLD2 isoform 2 [Homo sapiens]
NP_001262829.1	NP_001375054.1	3.39e-59	214	39.823	339	24	poly(A) RNA polymerase GLD2 isoform 2 [Homo sapiens]
NP_001262941.1	XP_047290433.1	2.54e-81	259	43.731	327	79	terminal nucleotidyltransferase 4B isoform X6 [Homo sapiens]
NP_001262941.1	XP_011521580.1	7.12e-81	259	43.731	327	79	terminal nucleotidyltransferase 4B isoform X5 [Homo sapiens]
NP_001262941.1	NP_008930.2	1.40e-80	265	40.960	354	86	terminal nucleotidyltransferase 4A isoform 1 [Homo sapiens]
NP_001262941.1	NP_001165276.2	1.86e-80	265	40.960	354	86	terminal nucleotidyltransferase 4A isoform 2 [Homo sapiens]
NP_001262941.1	NP_001035375.2	8.32e-80	260	42.609	345	84	terminal nucleotidyltransferase 4B isoform b [Homo sapiens]
NP_001262941.1	XP_047290432.1	8.48e-80	260	42.609	345	84	terminal nucleotidyltransferase 4B isoform X4 [Homo sapiens]
NP_001262941.1	XP_011521578.1	8.50e-80	260	42.609	345	84	terminal nucleotidyltransferase 4B isoform X2 [Homo sapiens]
NP_001262941.1	NP_001035374.2	1.18e-79	261	42.609	345	84	terminal nucleotidyltransferase 4B isoform a [Homo sapiens]
NP_001262941.1	XP_011521577.1	1.20e-79	261	42.609	345	84	terminal nucleotidyltransferase 4B isoform X1 [Homo sapiens]
NP_001262941.1	NP_001352252.1	1.61e-79	260	42.609	345	84	terminal nucleotidyltransferase 4B isoform c [Homo sapiens]
NP_001263887.1	XP_047272805.1	2.80e-09	61.2	24.696	247	60	poly(A) RNA polymerase GLD2 isoform X2 [Homo sapiens]
NP_001263887.1	XP_047272804.1	2.80e-09	61.2	24.696	247	60	poly(A) RNA polymerase GLD2 isoform X2 [Homo sapiens]
NP_001263887.1	XP_047272803.1	2.80e-09	61.2	24.696	247	60	poly(A) RNA polymerase GLD2 isoform X2 [Homo sapiens]
NP_001263887.1	XP_047272802.1	2.80e-09	61.2	24.696	247	60	poly(A) RNA polymerase GLD2 isoform X2 [Homo sapiens]
NP_001263887.1	XP_016864641.1	2.80e-09	61.2	24.696	247	60	poly(A) RNA polymerase GLD2 isoform X2 [Homo sapiens]
NP_001263887.1	NP_001375026.1	2.80e-09	61.2	24.696	247	60	poly(A) RNA polymerase GLD2 isoform 6 [Homo sapiens]
NP_001263887.1	NP_001375025.1	2.80e-09	61.2	24.696	247	60	poly(A) RNA polymerase GLD2 isoform 6 [Homo sapiens]
NP_001263887.1	NP_001375024.1	2.80e-09	61.2	24.696	247	60	poly(A) RNA polymerase GLD2 isoform 6 [Homo sapiens]
NP_001263887.1	NP_001336480.1	2.80e-09	61.2	24.696	247	60	poly(A) RNA polymerase GLD2 isoform 6 [Homo sapiens]
NP_001263887.1	NP_001375065.1	2.96e-09	60.5	23.729	236	60	poly(A) RNA polymerase GLD2 isoform 14 [Homo sapiens]
NP_001267295.1	NP_073741.3	0.0	1749	99.542	874	100	speckle targeted PIP5K1A-regulated poly(A) polymerase isoform 1 [Homo sapiens]
NP_001267295.1	NP_001354835.1	0.0	840	99.297	427	49	speckle targeted PIP5K1A-regulated poly(A) polymerase isoform 2 [Homo sapiens]
NP_001267295.1	NP_060579.3	1.24e-43	169	34.926	272	31	poly(A) RNA polymerase, mitochondrial precursor [Homo sapiens]
NP_001267295.1	XP_047272285.1	6.37e-28	124	34.426	244	26	terminal uridylyltransferase 4 isoform X7 [Homo sapiens]
NP_001267295.1	XP_047272286.1	6.53e-28	124	33.462	260	28	terminal uridylyltransferase 4 isoform X8 [Homo sapiens]
NP_001267295.1	XP_016856292.1	6.64e-28	124	34.426	244	26	terminal uridylyltransferase 4 isoform X9 [Homo sapiens]
NP_001267295.1	XP_016856293.1	6.68e-28	124	34.426	244	26	terminal uridylyltransferase 4 isoform X16 [Homo sapiens]
NP_001267295.1	XP_005270735.1	6.70e-28	124	34.426	244	26	terminal uridylyltransferase 4 isoform X2 [Homo sapiens]
NP_001267295.1	XP_011539399.1	6.94e-28	124	33.462	260	28	terminal uridylyltransferase 4 isoform X1 [Homo sapiens]
NP_001267295.1	XP_005270733.1	6.94e-28	124	33.462	260	28	terminal uridylyltransferase 4 isoform X1 [Homo sapiens]
NP_001284673.1	XP_047272811.1	0.0	991	100.000	480	100	poly(A) RNA polymerase GLD2 isoform X4 [Homo sapiens]
NP_001284673.1	XP_047272810.1	0.0	991	100.000	480	100	poly(A) RNA polymerase GLD2 isoform X4 [Homo sapiens]
NP_001284673.1	XP_047272809.1	0.0	991	100.000	480	100	poly(A) RNA polymerase GLD2 isoform X4 [Homo sapiens]
NP_001284673.1	NP_001375058.1	0.0	991	100.000	480	100	poly(A) RNA polymerase GLD2 isoform 2 [Homo sapiens]
NP_001284673.1	NP_001375057.1	0.0	991	100.000	480	100	poly(A) RNA polymerase GLD2 isoform 2 [Homo sapiens]
NP_001284673.1	NP_001375056.1	0.0	991	100.000	480	100	poly(A) RNA polymerase GLD2 isoform 2 [Homo sapiens]
NP_001284673.1	NP_001375055.1	0.0	991	100.000	480	100	poly(A) RNA polymerase GLD2 isoform 2 [Homo sapiens]
NP_001284673.1	NP_001375054.1	0.0	991	100.000	480	100	poly(A) RNA polymerase GLD2 isoform 2 [Homo sapiens]
NP_001284673.1	NP_001375053.1	0.0	991	100.000	480	100	poly(A) RNA polymerase GLD2 isoform 2 [Homo sapiens]
NP_001284673.1	NP_001375052.1	0.0	991	100.000	480	100	poly(A) RNA polymerase GLD2 isoform 2 [Homo sapiens]
NP_001284674.1	XP_047272814.1	0.0	909	100.000	441	100	poly(A) RNA polymerase GLD2 isoform X6 [Homo sapiens]
NP_001284674.1	XP_047272813.1	0.0	909	100.000	441	100	poly(A) RNA polymerase GLD2 isoform X6 [Homo sapiens]
NP_001284674.1	XP_047272812.1	0.0	909	100.000	441	100	poly(A) RNA polymerase GLD2 isoform X6 [Homo sapiens]
NP_001284674.1	NP_001375062.1	0.0	909	100.000	441	100	poly(A) RNA polymerase GLD2 isoform 3 [Homo sapiens]
NP_001284674.1	NP_001284674.1	0.0	909	100.000	441	100	poly(A) RNA polymerase GLD2 isoform 3 [Homo sapiens]
NP_001284674.1	XP_011541531.1	0.0	895	94.421	466	100	poly(A) RNA polymerase GLD2 isoform X5 [Homo sapiens]
NP_001284674.1	XP_047272815.1	0.0	894	99.093	441	100	poly(A) RNA polymerase GLD2 isoform X7 [Homo sapiens]
NP_001284674.1	NP_001375064.1	0.0	894	99.093	441	100	poly(A) RNA polymerase GLD2 isoform 13 [Homo sapiens]
NP_001284674.1	NP_001375063.1	0.0	894	99.093	441	100	poly(A) RNA polymerase GLD2 isoform 13 [Homo sapiens]
NP_001284674.1	XP_047272808.1	0.0	888	90.909	484	100	poly(A) RNA polymerase GLD2 isoform X3 [Homo sapiens]
NP_001285143.1	NP_001375065.1	4.44e-61	216	39.678	373	27	poly(A) RNA polymerase GLD2 isoform 14 [Homo sapiens]
NP_001285143.1	NP_001375042.1	8.38e-61	219	39.362	376	27	poly(A) RNA polymerase GLD2 isoform 16 [Homo sapiens]
NP_001285143.1	XP_047272808.1	8.92e-61	219	39.362	376	27	poly(A) RNA polymerase GLD2 isoform X3 [Homo sapiens]
NP_001285143.1	XP_047272807.1	8.92e-61	219	39.362	376	27	poly(A) RNA polymerase GLD2 isoform X3 [Homo sapiens]
NP_001285143.1	XP_047272806.1	8.92e-61	219	39.362	376	27	poly(A) RNA polymerase GLD2 isoform X3 [Homo sapiens]
NP_001285143.1	NP_776158.2	8.92e-61	219	39.362	376	27	poly(A) RNA polymerase GLD2 isoform 1 [Homo sapiens]
NP_001285143.1	NP_001375041.1	8.92e-61	219	39.362	376	27	poly(A) RNA polymerase GLD2 isoform 1 [Homo sapiens]
NP_001285143.1	NP_001375040.1	8.92e-61	219	39.362	376	27	poly(A) RNA polymerase GLD2 isoform 1 [Homo sapiens]
NP_001285143.1	NP_001375039.1	8.92e-61	219	39.362	376	27	poly(A) RNA polymerase GLD2 isoform 1 [Homo sapiens]
NP_001285143.1	NP_001375038.1	8.92e-61	219	39.362	376	27	poly(A) RNA polymerase GLD2 isoform 1 [Homo sapiens]
NP_001285144.1	NP_001375065.1	4.44e-61	216	39.678	373	27	poly(A) RNA polymerase GLD2 isoform 14 [Homo sapiens]
NP_001285144.1	NP_001375042.1	8.47e-61	219	39.362	376	27	poly(A) RNA polymerase GLD2 isoform 16 [Homo sapiens]
NP_001285144.1	XP_047272808.1	9.91e-61	219	39.362	376	27	poly(A) RNA polymerase GLD2 isoform X3 [Homo sapiens]
NP_001285144.1	XP_047272807.1	9.91e-61	219	39.362	376	27	poly(A) RNA polymerase GLD2 isoform X3 [Homo sapiens]
NP_001285144.1	XP_047272806.1	9.91e-61	219	39.362	376	27	poly(A) RNA polymerase GLD2 isoform X3 [Homo sapiens]
NP_001285144.1	NP_776158.2	9.91e-61	219	39.362	376	27	poly(A) RNA polymerase GLD2 isoform 1 [Homo sapiens]
NP_001285144.1	NP_001375041.1	9.91e-61	219	39.362	376	27	poly(A) RNA polymerase GLD2 isoform 1 [Homo sapiens]
NP_001285144.1	NP_001375040.1	9.91e-61	219	39.362	376	27	poly(A) RNA polymerase GLD2 isoform 1 [Homo sapiens]
NP_001285144.1	NP_001375039.1	9.91e-61	219	39.362	376	27	poly(A) RNA polymerase GLD2 isoform 1 [Homo sapiens]
NP_001285144.1	NP_001375038.1	9.91e-61	219	39.362	376	27	poly(A) RNA polymerase GLD2 isoform 1 [Homo sapiens]
NP_001286981.1	XP_011539399.1	5.69e-13	75.1	27.778	198	29	terminal uridylyltransferase 4 isoform X1 [Homo sapiens]
NP_001286981.1	XP_005270733.1	5.69e-13	75.1	27.778	198	29	terminal uridylyltransferase 4 isoform X1 [Homo sapiens]
NP_001286981.1	XP_005270735.1	5.79e-13	75.1	27.778	198	29	terminal uridylyltransferase 4 isoform X2 [Homo sapiens]
NP_001286981.1	XP_047272283.1	6.08e-13	75.1	27.778	198	29	terminal uridylyltransferase 4 isoform X6 [Homo sapiens]
NP_001286981.1	XP_005270737.1	6.08e-13	75.1	27.778	198	29	terminal uridylyltransferase 4 isoform X6 [Homo sapiens]
NP_001286981.1	XP_047272282.1	6.19e-13	75.1	27.778	198	29	terminal uridylyltransferase 4 isoform X5 [Homo sapiens]
NP_001286981.1	NP_056084.1	6.19e-13	75.1	27.778	198	29	terminal uridylyltransferase 4 isoform b [Homo sapiens]
NP_001286981.1	XP_047272281.1	6.19e-13	75.1	27.778	198	29	terminal uridylyltransferase 4 isoform X4 [Homo sapiens]
NP_001286981.1	NP_001009881.1	6.19e-13	75.1	27.778	198	29	terminal uridylyltransferase 4 isoform a [Homo sapiens]
NP_001286981.1	XP_047272280.1	6.20e-13	75.1	27.778	198	29	terminal uridylyltransferase 4 isoform X3 [Homo sapiens]
NP_001297032.1	XP_047279823.1	0.0	1577	56.294	1565	100	terminal uridylyltransferase 7 isoform X2 [Homo sapiens]
NP_001297032.1	XP_006717346.1	0.0	1577	56.294	1565	100	terminal uridylyltransferase 7 isoform X2 [Homo sapiens]
NP_001297032.1	XP_011517317.1	0.0	1551	56.000	1550	99	terminal uridylyltransferase 7 isoform X3 [Homo sapiens]
NP_001297032.1	XP_011517316.1	0.0	1550	56.000	1550	99	terminal uridylyltransferase 7 isoform X1 [Homo sapiens]
NP_001297032.1	XP_011517315.1	0.0	1550	56.000	1550	99	terminal uridylyltransferase 7 isoform X1 [Homo sapiens]
NP_001297032.1	XP_011517314.1	0.0	1550	56.000	1550	99	terminal uridylyltransferase 7 isoform X1 [Homo sapiens]
NP_001297032.1	XP_011517313.1	0.0	1550	56.000	1550	99	terminal uridylyltransferase 7 isoform X1 [Homo sapiens]
NP_001297032.1	XP_047279825.1	0.0	1519	56.316	1504	96	terminal uridylyltransferase 7 isoform X6 [Homo sapiens]
NP_001297032.1	XP_047279824.1	0.0	1519	56.316	1504	96	terminal uridylyltransferase 7 isoform X6 [Homo sapiens]
NP_001297032.1	XP_005252264.1	0.0	1519	56.316	1504	96	terminal uridylyltransferase 7 isoform X6 [Homo sapiens]
NP_001300477.1	NP_001375061.1	9.24e-60	212	34.031	382	45	poly(A) RNA polymerase GLD2 isoform 12 [Homo sapiens]
NP_001300477.1	NP_001375065.1	9.54e-60	209	34.031	382	45	poly(A) RNA polymerase GLD2 isoform 14 [Homo sapiens]
NP_001300477.1	XP_047272811.1	1.17e-59	213	34.031	382	45	poly(A) RNA polymerase GLD2 isoform X4 [Homo sapiens]
NP_001300477.1	XP_047272810.1	1.17e-59	213	34.031	382	45	poly(A) RNA polymerase GLD2 isoform X4 [Homo sapiens]
NP_001300477.1	XP_047272809.1	1.17e-59	213	34.031	382	45	poly(A) RNA polymerase GLD2 isoform X4 [Homo sapiens]
NP_001300477.1	NP_001375058.1	1.17e-59	213	34.031	382	45	poly(A) RNA polymerase GLD2 isoform 2 [Homo sapiens]
NP_001300477.1	NP_001375057.1	1.17e-59	213	34.031	382	45	poly(A) RNA polymerase GLD2 isoform 2 [Homo sapiens]
NP_001300477.1	NP_001375056.1	1.17e-59	213	34.031	382	45	poly(A) RNA polymerase GLD2 isoform 2 [Homo sapiens]
NP_001300477.1	NP_001375055.1	1.17e-59	213	34.031	382	45	poly(A) RNA polymerase GLD2 isoform 2 [Homo sapiens]
NP_001300477.1	NP_001375054.1	1.17e-59	213	34.031	382	45	poly(A) RNA polymerase GLD2 isoform 2 [Homo sapiens]
NP_001300478.1	NP_001375059.1	2.71e-60	213	34.031	382	50	poly(A) RNA polymerase GLD2 isoform 10 [Homo sapiens]
NP_001300478.1	NP_001375061.1	2.73e-60	212	34.031	382	50	poly(A) RNA polymerase GLD2 isoform 12 [Homo sapiens]
NP_001300478.1	XP_047272811.1	2.77e-60	213	34.031	382	50	poly(A) RNA polymerase GLD2 isoform X4 [Homo sapiens]
NP_001300478.1	XP_047272810.1	2.77e-60	213	34.031	382	50	poly(A) RNA polymerase GLD2 isoform X4 [Homo sapiens]
NP_001300478.1	XP_047272809.1	2.77e-60	213	34.031	382	50	poly(A) RNA polymerase GLD2 isoform X4 [Homo sapiens]
NP_001300478.1	NP_001375058.1	2.77e-60	213	34.031	382	50	poly(A) RNA polymerase GLD2 isoform 2 [Homo sapiens]
NP_001300478.1	NP_001375057.1	2.77e-60	213	34.031	382	50	poly(A) RNA polymerase GLD2 isoform 2 [Homo sapiens]
NP_001300478.1	NP_001375056.1	2.77e-60	213	34.031	382	50	poly(A) RNA polymerase GLD2 isoform 2 [Homo sapiens]
NP_001300478.1	NP_001375055.1	2.77e-60	213	34.031	382	50	poly(A) RNA polymerase GLD2 isoform 2 [Homo sapiens]
NP_001300478.1	NP_001375054.1	2.77e-60	213	34.031	382	50	poly(A) RNA polymerase GLD2 isoform 2 [Homo sapiens]
NP_001304011.2	NP_060579.3	0.0	952	80.171	585	100	poly(A) RNA polymerase, mitochondrial precursor [Homo sapiens]
NP_001304011.2	NP_073741.3	2.17e-40	159	33.462	260	43	speckle targeted PIP5K1A-regulated poly(A) polymerase isoform 1 [Homo sapiens]
NP_001304011.2	XP_047272290.1	1.37e-21	102	27.839	273	45	terminal uridylyltransferase 4 isoform X11 [Homo sapiens]
NP_001304011.2	XP_047272285.1	1.37e-21	102	27.839	273	45	terminal uridylyltransferase 4 isoform X7 [Homo sapiens]
NP_001304011.2	XP_005270739.1	1.38e-21	102	27.839	273	45	terminal uridylyltransferase 4 isoform X33 [Homo sapiens]
NP_001304011.2	XP_047272325.1	1.45e-21	102	27.839	273	45	terminal uridylyltransferase 4 isoform X23 [Homo sapiens]
NP_001304011.2	XP_011539401.1	1.46e-21	102	27.839	273	45	terminal uridylyltransferase 4 isoform X29 [Homo sapiens]
NP_001304011.2	XP_016856293.1	1.46e-21	102	27.839	273	45	terminal uridylyltransferase 4 isoform X16 [Homo sapiens]
NP_001304011.2	XP_047272286.1	1.48e-21	102	27.839	273	45	terminal uridylyltransferase 4 isoform X8 [Homo sapiens]
NP_001304011.2	XP_016856292.1	1.51e-21	102	27.839	273	45	terminal uridylyltransferase 4 isoform X9 [Homo sapiens]
NP_001310843.1	NP_060579.3	5.49e-22	101	26.496	351	72	poly(A) RNA polymerase, mitochondrial precursor [Homo sapiens]
NP_001310843.1	NP_001375060.1	3.99e-21	97.8	29.553	291	62	poly(A) RNA polymerase GLD2 isoform 11 [Homo sapiens]
NP_001310843.1	NP_001375029.1	4.24e-21	98.2	29.412	306	66	poly(A) RNA polymerase GLD2 isoform 8 [Homo sapiens]
NP_001310843.1	NP_001375028.1	4.24e-21	98.2	29.412	306	66	poly(A) RNA polymerase GLD2 isoform 8 [Homo sapiens]
NP_001310843.1	NP_001336477.1	4.44e-21	94.7	31.687	243	53	poly(A) RNA polymerase GLD2 isoform 4 [Homo sapiens]
NP_001310843.1	NP_001375042.1	6.17e-21	97.4	29.553	291	62	poly(A) RNA polymerase GLD2 isoform 16 [Homo sapiens]
NP_001310843.1	XP_047272808.1	6.20e-21	97.4	29.553	291	62	poly(A) RNA polymerase GLD2 isoform X3 [Homo sapiens]
NP_001310843.1	XP_047272807.1	6.20e-21	97.4	29.553	291	62	poly(A) RNA polymerase GLD2 isoform X3 [Homo sapiens]
NP_001310843.1	XP_047272806.1	6.20e-21	97.4	29.553	291	62	poly(A) RNA polymerase GLD2 isoform X3 [Homo sapiens]
NP_001310843.1	NP_776158.2	6.20e-21	97.4	29.553	291	62	poly(A) RNA polymerase GLD2 isoform 1 [Homo sapiens]
NP_001313625.1	XP_047290431.1	0.0	676	55.319	705	100	terminal nucleotidyltransferase 4B isoform X3 [Homo sapiens]
NP_001313625.1	XP_011521577.1	0.0	664	62.567	561	81	terminal nucleotidyltransferase 4B isoform X1 [Homo sapiens]
NP_001313625.1	NP_001035374.2	0.0	664	62.567	561	81	terminal nucleotidyltransferase 4B isoform a [Homo sapiens]
NP_001313625.1	NP_001352252.1	0.0	664	62.567	561	81	terminal nucleotidyltransferase 4B isoform c [Homo sapiens]
NP_001313625.1	NP_001352253.1	0.0	663	62.567	561	81	terminal nucleotidyltransferase 4B isoform d [Homo sapiens]
NP_001313625.1	XP_011521578.1	0.0	628	62.222	540	81	terminal nucleotidyltransferase 4B isoform X2 [Homo sapiens]
NP_001313625.1	NP_001035375.2	0.0	628	62.222	540	81	terminal nucleotidyltransferase 4B isoform b [Homo sapiens]
NP_001313625.1	XP_047290432.1	0.0	628	62.107	541	81	terminal nucleotidyltransferase 4B isoform X4 [Homo sapiens]
NP_001313625.1	XP_011521580.1	0.0	616	63.636	506	74	terminal nucleotidyltransferase 4B isoform X5 [Homo sapiens]
NP_001313625.1	XP_047290433.1	0.0	580	63.169	486	74	terminal nucleotidyltransferase 4B isoform X6 [Homo sapiens]
NP_001315985.1	XP_011521580.1	1.02e-72	242	42.090	354	66	terminal nucleotidyltransferase 4B isoform X5 [Homo sapiens]
NP_001315985.1	NP_008930.2	1.62e-72	248	43.711	318	59	terminal nucleotidyltransferase 4A isoform 1 [Homo sapiens]
NP_001315985.1	NP_001165276.2	1.68e-72	248	43.711	318	59	terminal nucleotidyltransferase 4A isoform 2 [Homo sapiens]
NP_001315985.1	NP_001035374.2	3.18e-72	245	41.304	368	68	terminal nucleotidyltransferase 4B isoform a [Homo sapiens]
NP_001315985.1	XP_011521577.1	3.24e-72	245	41.304	368	68	terminal nucleotidyltransferase 4B isoform X1 [Homo sapiens]
NP_001315985.1	XP_047290433.1	3.59e-72	239	44.337	309	57	terminal nucleotidyltransferase 4B isoform X6 [Homo sapiens]
NP_001315985.1	NP_001352252.1	4.67e-72	244	41.304	368	68	terminal nucleotidyltransferase 4B isoform c [Homo sapiens]
NP_001315985.1	NP_001352253.1	7.54e-72	244	41.304	368	68	terminal nucleotidyltransferase 4B isoform d [Homo sapiens]
NP_001315985.1	NP_001035375.2	1.16e-71	243	43.344	323	60	terminal nucleotidyltransferase 4B isoform b [Homo sapiens]
NP_001315985.1	XP_011521578.1	1.18e-71	243	43.344	323	60	terminal nucleotidyltransferase 4B isoform X2 [Homo sapiens]
NP_001317647.1	XP_016870620.1	0.0	1628	100.000	784	100	terminal uridylyltransferase 7 isoform X4 [Homo sapiens]
NP_001317647.1	XP_016870619.1	0.0	1628	100.000	784	100	terminal uridylyltransferase 7 isoform X4 [Homo sapiens]
NP_001317647.1	NP_078893.2	0.0	1628	100.000	784	100	terminal uridylyltransferase 7 isoform 1 [Homo sapiens]
NP_001317647.1	NP_001171988.1	0.0	1628	100.000	784	100	terminal uridylyltransferase 7 isoform 1 [Homo sapiens]
NP_001317647.1	NP_001317647.1	0.0	1625	100.000	784	100	terminal uridylyltransferase 7 isoform 3 [Homo sapiens]
NP_001317647.1	XP_047279823.1	0.0	1605	94.458	830	100	terminal uridylyltransferase 7 isoform X2 [Homo sapiens]
NP_001317647.1	XP_006717346.1	0.0	1605	94.458	830	100	terminal uridylyltransferase 7 isoform X2 [Homo sapiens]
NP_001317647.1	XP_047279825.1	0.0	1588	100.000	764	97	terminal uridylyltransferase 7 isoform X6 [Homo sapiens]
NP_001317647.1	XP_047279824.1	0.0	1588	100.000	764	97	terminal uridylyltransferase 7 isoform X6 [Homo sapiens]
NP_001317647.1	XP_005252264.1	0.0	1588	100.000	764	97	terminal uridylyltransferase 7 isoform X6 [Homo sapiens]
NP_001318386.1	XP_047272820.1	2.49e-18	87.0	29.046	241	46	poly(A) RNA polymerase GLD2 isoform X11 [Homo sapiens]
NP_001318386.1	NP_001375042.1	2.52e-18	90.1	27.119	295	57	poly(A) RNA polymerase GLD2 isoform 16 [Homo sapiens]
NP_001318386.1	NP_001375061.1	2.70e-18	89.7	27.740	292	57	poly(A) RNA polymerase GLD2 isoform 12 [Homo sapiens]
NP_001318386.1	NP_001375059.1	2.73e-18	90.1	27.740	292	57	poly(A) RNA polymerase GLD2 isoform 10 [Homo sapiens]
NP_001318386.1	XP_047272811.1	2.77e-18	90.1	27.740	292	57	poly(A) RNA polymerase GLD2 isoform X4 [Homo sapiens]
NP_001318386.1	XP_047272810.1	2.77e-18	90.1	27.740	292	57	poly(A) RNA polymerase GLD2 isoform X4 [Homo sapiens]
NP_001318386.1	XP_047272809.1	2.77e-18	90.1	27.740	292	57	poly(A) RNA polymerase GLD2 isoform X4 [Homo sapiens]
NP_001318386.1	NP_001375058.1	2.77e-18	90.1	27.740	292	57	poly(A) RNA polymerase GLD2 isoform 2 [Homo sapiens]
NP_001318386.1	NP_001375057.1	2.77e-18	90.1	27.740	292	57	poly(A) RNA polymerase GLD2 isoform 2 [Homo sapiens]
NP_001318386.1	NP_001375056.1	2.77e-18	90.1	27.740	292	57	poly(A) RNA polymerase GLD2 isoform 2 [Homo sapiens]
NP_001326897.1	XP_047272820.1	1.03e-17	85.5	34.375	160	26	poly(A) RNA polymerase GLD2 isoform X11 [Homo sapiens]
NP_001326897.1	NP_001336477.1	1.05e-17	85.9	35.374	147	24	poly(A) RNA polymerase GLD2 isoform 4 [Homo sapiens]
NP_001326897.1	NP_001375061.1	4.30e-17	86.7	31.746	189	30	poly(A) RNA polymerase GLD2 isoform 12 [Homo sapiens]
NP_001326897.1	NP_001375030.1	4.34e-17	87.0	31.746	189	30	poly(A) RNA polymerase GLD2 isoform 9 [Homo sapiens]
NP_001326897.1	NP_001375029.1	4.65e-17	87.0	31.746	189	30	poly(A) RNA polymerase GLD2 isoform 8 [Homo sapiens]
NP_001326897.1	NP_001375028.1	4.65e-17	87.0	31.746	189	30	poly(A) RNA polymerase GLD2 isoform 8 [Homo sapiens]
NP_001326897.1	XP_047272811.1	4.69e-17	86.7	31.746	189	30	poly(A) RNA polymerase GLD2 isoform X4 [Homo sapiens]
NP_001326897.1	XP_047272810.1	4.69e-17	86.7	31.746	189	30	poly(A) RNA polymerase GLD2 isoform X4 [Homo sapiens]
NP_001326897.1	XP_047272809.1	4.69e-17	86.7	31.746	189	30	poly(A) RNA polymerase GLD2 isoform X4 [Homo sapiens]
NP_001326897.1	NP_001375058.1	4.69e-17	86.7	31.746	189	30	poly(A) RNA polymerase GLD2 isoform 2 [Homo sapiens]
NP_001326898.1	XP_047272820.1	9.86e-18	85.9	34.375	160	26	poly(A) RNA polymerase GLD2 isoform X11 [Homo sapiens]
NP_001326898.1	NP_001336477.1	1.09e-17	85.9	35.374	147	24	poly(A) RNA polymerase GLD2 isoform 4 [Homo sapiens]
NP_001326898.1	NP_001375061.1	4.29e-17	86.7	31.746	189	30	poly(A) RNA polymerase GLD2 isoform 12 [Homo sapiens]
NP_001326898.1	NP_001375060.1	4.39e-17	86.7	31.746	189	30	poly(A) RNA polymerase GLD2 isoform 11 [Homo sapiens]
NP_001326898.1	NP_001375030.1	4.45e-17	87.0	31.746	189	30	poly(A) RNA polymerase GLD2 isoform 9 [Homo sapiens]
NP_001326898.1	NP_001375029.1	4.57e-17	87.0	31.746	189	30	poly(A) RNA polymerase GLD2 isoform 8 [Homo sapiens]
NP_001326898.1	NP_001375028.1	4.57e-17	87.0	31.746	189	30	poly(A) RNA polymerase GLD2 isoform 8 [Homo sapiens]
NP_001326898.1	XP_047272811.1	4.60e-17	86.7	31.746	189	30	poly(A) RNA polymerase GLD2 isoform X4 [Homo sapiens]
NP_001326898.1	XP_047272810.1	4.60e-17	86.7	31.746	189	30	poly(A) RNA polymerase GLD2 isoform X4 [Homo sapiens]
NP_001326898.1	XP_047272809.1	4.60e-17	86.7	31.746	189	30	poly(A) RNA polymerase GLD2 isoform X4 [Homo sapiens]
NP_001336477.1	NP_001336477.1	0.0	542	100.000	261	100	poly(A) RNA polymerase GLD2 isoform 4 [Homo sapiens]
NP_001336477.1	XP_047272811.1	0.0	533	98.084	261	100	poly(A) RNA polymerase GLD2 isoform X4 [Homo sapiens]
NP_001336477.1	XP_047272810.1	0.0	533	98.084	261	100	poly(A) RNA polymerase GLD2 isoform X4 [Homo sapiens]
NP_001336477.1	XP_047272809.1	0.0	533	98.084	261	100	poly(A) RNA polymerase GLD2 isoform X4 [Homo sapiens]
NP_001336477.1	NP_001375059.1	0.0	533	98.084	261	100	poly(A) RNA polymerase GLD2 isoform 10 [Homo sapiens]
NP_001336477.1	NP_001375058.1	0.0	533	98.084	261	100	poly(A) RNA polymerase GLD2 isoform 2 [Homo sapiens]
NP_001336477.1	NP_001375057.1	0.0	533	98.084	261	100	poly(A) RNA polymerase GLD2 isoform 2 [Homo sapiens]
NP_001336477.1	NP_001375056.1	0.0	533	98.084	261	100	poly(A) RNA polymerase GLD2 isoform 2 [Homo sapiens]
NP_001336477.1	NP_001375055.1	0.0	533	98.084	261	100	poly(A) RNA polymerase GLD2 isoform 2 [Homo sapiens]
NP_001336477.1	NP_001375054.1	0.0	533	98.084	261	100	poly(A) RNA polymerase GLD2 isoform 2 [Homo sapiens]
NP_001336478.1	XP_047272801.1	0.0	1051	100.000	509	100	poly(A) RNA polymerase GLD2 isoform X1 [Homo sapiens]
NP_001336478.1	XP_047272800.1	0.0	1051	100.000	509	100	poly(A) RNA polymerase GLD2 isoform X1 [Homo sapiens]
NP_001336478.1	XP_011541527.1	0.0	1051	100.000	509	100	poly(A) RNA polymerase GLD2 isoform X1 [Homo sapiens]
NP_001336478.1	XP_011541526.1	0.0	1051	100.000	509	100	poly(A) RNA polymerase GLD2 isoform X1 [Homo sapiens]
NP_001336478.1	XP_011541523.1	0.0	1051	100.000	509	100	poly(A) RNA polymerase GLD2 isoform X1 [Homo sapiens]
NP_001336478.1	XP_011541522.1	0.0	1051	100.000	509	100	poly(A) RNA polymerase GLD2 isoform X1 [Homo sapiens]
NP_001336478.1	NP_001375023.1	0.0	1051	100.000	509	100	poly(A) RNA polymerase GLD2 isoform 5 [Homo sapiens]
NP_001336478.1	NP_001375022.1	0.0	1051	100.000	509	100	poly(A) RNA polymerase GLD2 isoform 5 [Homo sapiens]
NP_001336478.1	NP_001336479.1	0.0	1051	100.000	509	100	poly(A) RNA polymerase GLD2 isoform 5 [Homo sapiens]
NP_001336478.1	NP_001336478.1	0.0	1051	100.000	509	100	poly(A) RNA polymerase GLD2 isoform 5 [Homo sapiens]
NP_001336480.1	XP_047272805.1	0.0	1043	100.000	505	100	poly(A) RNA polymerase GLD2 isoform X2 [Homo sapiens]
NP_001336480.1	XP_047272804.1	0.0	1043	100.000	505	100	poly(A) RNA polymerase GLD2 isoform X2 [Homo sapiens]
NP_001336480.1	XP_047272803.1	0.0	1043	100.000	505	100	poly(A) RNA polymerase GLD2 isoform X2 [Homo sapiens]
NP_001336480.1	XP_047272802.1	0.0	1043	100.000	505	100	poly(A) RNA polymerase GLD2 isoform X2 [Homo sapiens]
NP_001336480.1	XP_016864641.1	0.0	1043	100.000	505	100	poly(A) RNA polymerase GLD2 isoform X2 [Homo sapiens]
NP_001336480.1	NP_001375026.1	0.0	1043	100.000	505	100	poly(A) RNA polymerase GLD2 isoform 6 [Homo sapiens]
NP_001336480.1	NP_001375025.1	0.0	1043	100.000	505	100	poly(A) RNA polymerase GLD2 isoform 6 [Homo sapiens]
NP_001336480.1	NP_001375024.1	0.0	1043	100.000	505	100	poly(A) RNA polymerase GLD2 isoform 6 [Homo sapiens]
NP_001336480.1	NP_001336480.1	0.0	1043	100.000	505	100	poly(A) RNA polymerase GLD2 isoform 6 [Homo sapiens]
NP_001336480.1	XP_047272801.1	0.0	1036	99.214	509	100	poly(A) RNA polymerase GLD2 isoform X1 [Homo sapiens]
NP_001347937.1	NP_060579.3	0.0	567	80.415	337	100	poly(A) RNA polymerase, mitochondrial precursor [Homo sapiens]
NP_001347937.1	NP_073741.3	1.60e-39	150	31.418	261	73	speckle targeted PIP5K1A-regulated poly(A) polymerase isoform 1 [Homo sapiens]
NP_001347937.1	XP_047272344.1	1.23e-19	92.8	26.378	254	72	terminal uridylyltransferase 4 isoform X30 [Homo sapiens]
NP_001347937.1	XP_047272325.1	1.29e-19	92.8	26.378	254	72	terminal uridylyltransferase 4 isoform X23 [Homo sapiens]
NP_001347937.1	XP_016856295.1	1.33e-19	92.4	26.378	254	72	terminal uridylyltransferase 4 isoform X25 [Homo sapiens]
NP_001347937.1	XP_005270735.1	1.36e-19	92.4	26.378	254	72	terminal uridylyltransferase 4 isoform X2 [Homo sapiens]
NP_001347937.1	XP_011539399.1	1.40e-19	92.4	26.378	254	72	terminal uridylyltransferase 4 isoform X1 [Homo sapiens]
NP_001347937.1	XP_005270733.1	1.40e-19	92.4	26.378	254	72	terminal uridylyltransferase 4 isoform X1 [Homo sapiens]
NP_001347937.1	XP_047272286.1	1.41e-19	92.4	26.378	254	72	terminal uridylyltransferase 4 isoform X8 [Homo sapiens]
NP_001347937.1	XP_047272285.1	1.41e-19	92.4	26.378	254	72	terminal uridylyltransferase 4 isoform X7 [Homo sapiens]
NP_001348465.1	XP_047272811.1	0.0	932	92.708	480	100	poly(A) RNA polymerase GLD2 isoform X4 [Homo sapiens]
NP_001348465.1	XP_047272810.1	0.0	932	92.708	480	100	poly(A) RNA polymerase GLD2 isoform X4 [Homo sapiens]
NP_001348465.1	XP_047272809.1	0.0	932	92.708	480	100	poly(A) RNA polymerase GLD2 isoform X4 [Homo sapiens]
NP_001348465.1	NP_001375058.1	0.0	932	92.708	480	100	poly(A) RNA polymerase GLD2 isoform 2 [Homo sapiens]
NP_001348465.1	NP_001375057.1	0.0	932	92.708	480	100	poly(A) RNA polymerase GLD2 isoform 2 [Homo sapiens]
NP_001348465.1	NP_001375056.1	0.0	932	92.708	480	100	poly(A) RNA polymerase GLD2 isoform 2 [Homo sapiens]
NP_001348465.1	NP_001375055.1	0.0	932	92.708	480	100	poly(A) RNA polymerase GLD2 isoform 2 [Homo sapiens]
NP_001348465.1	NP_001375054.1	0.0	932	92.708	480	100	poly(A) RNA polymerase GLD2 isoform 2 [Homo sapiens]
NP_001348465.1	NP_001375053.1	0.0	932	92.708	480	100	poly(A) RNA polymerase GLD2 isoform 2 [Homo sapiens]
NP_001348465.1	NP_001375052.1	0.0	932	92.708	480	100	poly(A) RNA polymerase GLD2 isoform 2 [Homo sapiens]
NP_001348466.1	XP_047272808.1	0.0	941	92.769	484	100	poly(A) RNA polymerase GLD2 isoform X3 [Homo sapiens]
NP_001348466.1	XP_047272807.1	0.0	941	92.769	484	100	poly(A) RNA polymerase GLD2 isoform X3 [Homo sapiens]
NP_001348466.1	XP_047272806.1	0.0	941	92.769	484	100	poly(A) RNA polymerase GLD2 isoform X3 [Homo sapiens]
NP_001348466.1	NP_776158.2	0.0	941	92.769	484	100	poly(A) RNA polymerase GLD2 isoform 1 [Homo sapiens]
NP_001348466.1	NP_001375041.1	0.0	941	92.769	484	100	poly(A) RNA polymerase GLD2 isoform 1 [Homo sapiens]
NP_001348466.1	NP_001375040.1	0.0	941	92.769	484	100	poly(A) RNA polymerase GLD2 isoform 1 [Homo sapiens]
NP_001348466.1	NP_001375039.1	0.0	941	92.769	484	100	poly(A) RNA polymerase GLD2 isoform 1 [Homo sapiens]
NP_001348466.1	NP_001375038.1	0.0	941	92.769	484	100	poly(A) RNA polymerase GLD2 isoform 1 [Homo sapiens]
NP_001348466.1	NP_001375037.1	0.0	941	92.769	484	100	poly(A) RNA polymerase GLD2 isoform 1 [Homo sapiens]
NP_001348466.1	NP_001375036.1	0.0	941	92.769	484	100	poly(A) RNA polymerase GLD2 isoform 1 [Homo sapiens]
NP_001352252.1	NP_001352252.1	0.0	1437	100.000	693	100	terminal nucleotidyltransferase 4B isoform c [Homo sapiens]
NP_001352252.1	NP_001352253.1	0.0	1434	100.000	693	100	terminal nucleotidyltransferase 4B isoform d [Homo sapiens]
NP_001352252.1	XP_011521577.1	0.0	1389	100.000	673	97	terminal nucleotidyltransferase 4B isoform X1 [Homo sapiens]
NP_001352252.1	NP_001035374.2	0.0	1387	100.000	672	97	terminal nucleotidyltransferase 4B isoform a [Homo sapiens]
NP_001352252.1	XP_047290432.1	0.0	1055	93.218	693	100	terminal nucleotidyltransferase 4B isoform X4 [Homo sapiens]
NP_001352252.1	XP_047290431.1	0.0	1052	93.218	693	100	terminal nucleotidyltransferase 4B isoform X3 [Homo sapiens]
NP_001352252.1	XP_011521580.1	0.0	1044	100.000	500	72	terminal nucleotidyltransferase 4B isoform X5 [Homo sapiens]
NP_001352252.1	XP_011521578.1	0.0	1018	92.552	631	91	terminal nucleotidyltransferase 4B isoform X2 [Homo sapiens]
NP_001352252.1	NP_001035375.2	0.0	1018	92.552	631	91	terminal nucleotidyltransferase 4B isoform b [Homo sapiens]
NP_001352252.1	XP_047290433.1	0.0	865	90.600	500	72	terminal nucleotidyltransferase 4B isoform X6 [Homo sapiens]
NP_001352253.1	NP_001352253.1	0.0	1479	100.000	713	100	terminal nucleotidyltransferase 4B isoform d [Homo sapiens]
NP_001352253.1	NP_001352252.1	0.0	1434	100.000	693	97	terminal nucleotidyltransferase 4B isoform c [Homo sapiens]
NP_001352253.1	XP_011521577.1	0.0	1388	100.000	673	94	terminal nucleotidyltransferase 4B isoform X1 [Homo sapiens]
NP_001352253.1	NP_001035374.2	0.0	1386	100.000	672	94	terminal nucleotidyltransferase 4B isoform a [Homo sapiens]
NP_001352253.1	XP_047290431.1	0.0	1095	93.408	713	100	terminal nucleotidyltransferase 4B isoform X3 [Homo sapiens]
NP_001352253.1	XP_047290432.1	0.0	1051	93.218	693	97	terminal nucleotidyltransferase 4B isoform X4 [Homo sapiens]
NP_001352253.1	XP_011521580.1	0.0	1043	100.000	500	70	terminal nucleotidyltransferase 4B isoform X5 [Homo sapiens]
NP_001352253.1	XP_011521578.1	0.0	1015	92.552	631	88	terminal nucleotidyltransferase 4B isoform X2 [Homo sapiens]
NP_001352253.1	NP_001035375.2	0.0	1015	92.552	631	88	terminal nucleotidyltransferase 4B isoform b [Homo sapiens]
NP_001352253.1	XP_047290433.1	0.0	863	90.600	500	70	terminal nucleotidyltransferase 4B isoform X6 [Homo sapiens]
NP_001359262.1	NP_001352253.1	0.0	1119	89.930	715	100	terminal nucleotidyltransferase 4B isoform d [Homo sapiens]
NP_001359262.1	NP_001352252.1	0.0	1075	89.640	695	97	terminal nucleotidyltransferase 4B isoform c [Homo sapiens]
NP_001359262.1	XP_011521577.1	0.0	1043	93.681	633	90	terminal nucleotidyltransferase 4B isoform X1 [Homo sapiens]
NP_001359262.1	NP_001035374.2	0.0	1043	93.681	633	90	terminal nucleotidyltransferase 4B isoform a [Homo sapiens]
NP_001359262.1	XP_047290431.1	0.0	1038	83.916	715	100	terminal nucleotidyltransferase 4B isoform X3 [Homo sapiens]
NP_001359262.1	XP_011521580.1	0.0	1004	96.200	500	71	terminal nucleotidyltransferase 4B isoform X5 [Homo sapiens]
NP_001359262.1	XP_047290432.1	0.0	994	83.453	695	97	terminal nucleotidyltransferase 4B isoform X4 [Homo sapiens]
NP_001359262.1	XP_011521578.1	0.0	963	86.888	633	90	terminal nucleotidyltransferase 4B isoform X2 [Homo sapiens]
NP_001359262.1	NP_001035375.2	0.0	963	86.888	633	90	terminal nucleotidyltransferase 4B isoform b [Homo sapiens]
NP_001359262.1	XP_047290433.1	0.0	834	87.600	500	71	terminal nucleotidyltransferase 4B isoform X6 [Homo sapiens]
NP_001360891.1	XP_016870620.1	0.0	2388	80.386	1504	100	terminal uridylyltransferase 7 isoform X4 [Homo sapiens]
NP_001360891.1	XP_016870619.1	0.0	2388	80.386	1504	100	terminal uridylyltransferase 7 isoform X4 [Homo sapiens]
NP_001360891.1	NP_078893.2	0.0	2388	80.386	1504	100	terminal uridylyltransferase 7 isoform 1 [Homo sapiens]
NP_001360891.1	NP_001171988.1	0.0	2388	80.386	1504	100	terminal uridylyltransferase 7 isoform 1 [Homo sapiens]
NP_001360891.1	XP_047279823.1	0.0	2385	78.000	1550	100	terminal uridylyltransferase 7 isoform X2 [Homo sapiens]
NP_001360891.1	XP_006717346.1	0.0	2385	78.000	1550	100	terminal uridylyltransferase 7 isoform X2 [Homo sapiens]
NP_001360891.1	XP_047279825.1	0.0	2371	80.256	1484	99	terminal uridylyltransferase 7 isoform X6 [Homo sapiens]
NP_001360891.1	XP_047279824.1	0.0	2371	80.256	1484	99	terminal uridylyltransferase 7 isoform X6 [Homo sapiens]
NP_001360891.1	XP_005252264.1	0.0	2371	80.256	1484	99	terminal uridylyltransferase 7 isoform X6 [Homo sapiens]
NP_001360891.1	XP_011517317.1	0.0	2370	80.000	1490	99	terminal uridylyltransferase 7 isoform X3 [Homo sapiens]
NP_001360893.1	XP_047279823.1	0.0	2465	80.000	1550	100	terminal uridylyltransferase 7 isoform X2 [Homo sapiens]
NP_001360893.1	XP_006717346.1	0.0	2465	80.000	1550	100	terminal uridylyltransferase 7 isoform X2 [Homo sapiens]
NP_001360893.1	XP_011517316.1	0.0	2425	79.856	1529	99	terminal uridylyltransferase 7 isoform X1 [Homo sapiens]
NP_001360893.1	XP_011517315.1	0.0	2425	79.856	1529	99	terminal uridylyltransferase 7 isoform X1 [Homo sapiens]
NP_001360893.1	XP_011517314.1	0.0	2425	79.856	1529	99	terminal uridylyltransferase 7 isoform X1 [Homo sapiens]
NP_001360893.1	XP_011517313.1	0.0	2425	79.856	1529	99	terminal uridylyltransferase 7 isoform X1 [Homo sapiens]
NP_001360893.1	XP_011517317.1	0.0	2424	79.856	1529	99	terminal uridylyltransferase 7 isoform X3 [Homo sapiens]
NP_001360893.1	XP_047279825.1	0.0	2371	80.243	1483	96	terminal uridylyltransferase 7 isoform X6 [Homo sapiens]
NP_001360893.1	XP_047279824.1	0.0	2371	80.243	1483	96	terminal uridylyltransferase 7 isoform X6 [Homo sapiens]
NP_001360893.1	XP_005252264.1	0.0	2371	80.243	1483	96	terminal uridylyltransferase 7 isoform X6 [Homo sapiens]
NP_001366592.1	XP_047272281.1	0.0	2892	86.587	1670	100	terminal uridylyltransferase 4 isoform X4 [Homo sapiens]
NP_001366592.1	NP_001009881.1	0.0	2892	86.587	1670	100	terminal uridylyltransferase 4 isoform a [Homo sapiens]
NP_001366592.1	XP_047272282.1	0.0	2885	86.527	1670	100	terminal uridylyltransferase 4 isoform X5 [Homo sapiens]
NP_001366592.1	NP_056084.1	0.0	2885	86.527	1670	100	terminal uridylyltransferase 4 isoform b [Homo sapiens]
NP_001366592.1	XP_047272283.1	0.0	2876	86.287	1670	100	terminal uridylyltransferase 4 isoform X6 [Homo sapiens]
NP_001366592.1	XP_005270737.1	0.0	2876	86.287	1670	100	terminal uridylyltransferase 4 isoform X6 [Homo sapiens]
NP_001366592.1	XP_011539399.1	0.0	2848	86.347	1648	99	terminal uridylyltransferase 4 isoform X1 [Homo sapiens]
NP_001366592.1	XP_005270733.1	0.0	2848	86.347	1648	99	terminal uridylyltransferase 4 isoform X1 [Homo sapiens]
NP_001366592.1	XP_005270735.1	0.0	2842	86.286	1648	99	terminal uridylyltransferase 4 isoform X2 [Homo sapiens]
NP_001366592.1	XP_047272280.1	0.0	2833	86.044	1648	99	terminal uridylyltransferase 4 isoform X3 [Homo sapiens]
NP_001366593.1	XP_047272282.1	0.0	2890	86.579	1669	100	terminal uridylyltransferase 4 isoform X5 [Homo sapiens]
NP_001366593.1	NP_056084.1	0.0	2890	86.579	1669	100	terminal uridylyltransferase 4 isoform b [Homo sapiens]
NP_001366593.1	XP_047272281.1	0.0	2885	86.527	1670	100	terminal uridylyltransferase 4 isoform X4 [Homo sapiens]
NP_001366593.1	NP_001009881.1	0.0	2885	86.527	1670	100	terminal uridylyltransferase 4 isoform a [Homo sapiens]
NP_001366593.1	XP_047272283.1	0.0	2875	85.526	1665	100	terminal uridylyltransferase 4 isoform X6 [Homo sapiens]
NP_001366593.1	XP_005270737.1	0.0	2875	85.526	1665	100	terminal uridylyltransferase 4 isoform X6 [Homo sapiens]
NP_001366593.1	XP_005270735.1	0.0	2846	86.339	1647	99	terminal uridylyltransferase 4 isoform X2 [Homo sapiens]
NP_001366593.1	XP_011539399.1	0.0	2842	86.286	1648	99	terminal uridylyltransferase 4 isoform X1 [Homo sapiens]
NP_001366593.1	XP_005270733.1	0.0	2842	86.286	1648	99	terminal uridylyltransferase 4 isoform X1 [Homo sapiens]
NP_001366593.1	XP_047272280.1	0.0	2833	85.271	1643	99	terminal uridylyltransferase 4 isoform X3 [Homo sapiens]
NP_001366594.1	XP_047272283.1	0.0	2887	86.599	1664	100	terminal uridylyltransferase 4 isoform X6 [Homo sapiens]
NP_001366594.1	XP_005270737.1	0.0	2887	86.599	1664	100	terminal uridylyltransferase 4 isoform X6 [Homo sapiens]
NP_001366594.1	XP_047272281.1	0.0	2880	86.339	1669	100	terminal uridylyltransferase 4 isoform X4 [Homo sapiens]
NP_001366594.1	NP_001009881.1	0.0	2880	86.339	1669	100	terminal uridylyltransferase 4 isoform a [Homo sapiens]
NP_001366594.1	XP_047272282.1	0.0	2879	86.391	1668	100	terminal uridylyltransferase 4 isoform X5 [Homo sapiens]
NP_001366594.1	NP_056084.1	0.0	2879	86.391	1668	100	terminal uridylyltransferase 4 isoform b [Homo sapiens]
NP_001366594.1	XP_047272280.1	0.0	2838	86.297	1642	99	terminal uridylyltransferase 4 isoform X3 [Homo sapiens]
NP_001366594.1	XP_005270736.1	0.0	2838	86.297	1642	99	terminal uridylyltransferase 4 isoform X3 [Homo sapiens]
NP_001366594.1	XP_011539399.1	0.0	2831	86.035	1647	99	terminal uridylyltransferase 4 isoform X1 [Homo sapiens]
NP_001366594.1	XP_005270733.1	0.0	2831	86.035	1647	99	terminal uridylyltransferase 4 isoform X1 [Homo sapiens]
NP_001375027.1	NP_001375027.1	0.0	1041	100.000	504	100	poly(A) RNA polymerase GLD2 isoform 7 [Homo sapiens]
NP_001375027.1	XP_047272805.1	0.0	1036	99.802	505	100	poly(A) RNA polymerase GLD2 isoform X2 [Homo sapiens]
NP_001375027.1	XP_047272804.1	0.0	1036	99.802	505	100	poly(A) RNA polymerase GLD2 isoform X2 [Homo sapiens]
NP_001375027.1	XP_047272803.1	0.0	1036	99.802	505	100	poly(A) RNA polymerase GLD2 isoform X2 [Homo sapiens]
NP_001375027.1	XP_047272802.1	0.0	1036	99.802	505	100	poly(A) RNA polymerase GLD2 isoform X2 [Homo sapiens]
NP_001375027.1	XP_016864641.1	0.0	1036	99.802	505	100	poly(A) RNA polymerase GLD2 isoform X2 [Homo sapiens]
NP_001375027.1	NP_001375026.1	0.0	1036	99.802	505	100	poly(A) RNA polymerase GLD2 isoform 6 [Homo sapiens]
NP_001375027.1	NP_001375025.1	0.0	1036	99.802	505	100	poly(A) RNA polymerase GLD2 isoform 6 [Homo sapiens]
NP_001375027.1	NP_001375024.1	0.0	1036	99.802	505	100	poly(A) RNA polymerase GLD2 isoform 6 [Homo sapiens]
NP_001375027.1	NP_001336480.1	0.0	1036	99.802	505	100	poly(A) RNA polymerase GLD2 isoform 6 [Homo sapiens]
NP_001375028.1	NP_001375029.1	0.0	1020	100.000	494	100	poly(A) RNA polymerase GLD2 isoform 8 [Homo sapiens]
NP_001375028.1	NP_001375028.1	0.0	1020	100.000	494	100	poly(A) RNA polymerase GLD2 isoform 8 [Homo sapiens]
NP_001375028.1	NP_001375030.1	0.0	1005	99.190	494	100	poly(A) RNA polymerase GLD2 isoform 9 [Homo sapiens]
NP_001375028.1	XP_047272808.1	0.0	989	97.773	494	100	poly(A) RNA polymerase GLD2 isoform X3 [Homo sapiens]
NP_001375028.1	XP_047272807.1	0.0	989	97.773	494	100	poly(A) RNA polymerase GLD2 isoform X3 [Homo sapiens]
NP_001375028.1	XP_047272806.1	0.0	989	97.773	494	100	poly(A) RNA polymerase GLD2 isoform X3 [Homo sapiens]
NP_001375028.1	NP_776158.2	0.0	989	97.773	494	100	poly(A) RNA polymerase GLD2 isoform 1 [Homo sapiens]
NP_001375028.1	NP_001375041.1	0.0	989	97.773	494	100	poly(A) RNA polymerase GLD2 isoform 1 [Homo sapiens]
NP_001375028.1	NP_001375040.1	0.0	989	97.773	494	100	poly(A) RNA polymerase GLD2 isoform 1 [Homo sapiens]
NP_001375028.1	NP_001375039.1	0.0	989	97.773	494	100	poly(A) RNA polymerase GLD2 isoform 1 [Homo sapiens]
NP_001375030.1	NP_001375030.1	0.0	1011	100.000	490	100	poly(A) RNA polymerase GLD2 isoform 9 [Homo sapiens]
NP_001375030.1	NP_001375029.1	0.0	1005	99.190	494	100	poly(A) RNA polymerase GLD2 isoform 8 [Homo sapiens]
NP_001375030.1	NP_001375028.1	0.0	1005	99.190	494	100	poly(A) RNA polymerase GLD2 isoform 8 [Homo sapiens]
NP_001375030.1	XP_047272811.1	0.0	980	97.755	490	100	poly(A) RNA polymerase GLD2 isoform X4 [Homo sapiens]
NP_001375030.1	XP_047272810.1	0.0	980	97.755	490	100	poly(A) RNA polymerase GLD2 isoform X4 [Homo sapiens]
NP_001375030.1	XP_047272809.1	0.0	980	97.755	490	100	poly(A) RNA polymerase GLD2 isoform X4 [Homo sapiens]
NP_001375030.1	NP_001375058.1	0.0	980	97.755	490	100	poly(A) RNA polymerase GLD2 isoform 2 [Homo sapiens]
NP_001375030.1	NP_001375057.1	0.0	980	97.755	490	100	poly(A) RNA polymerase GLD2 isoform 2 [Homo sapiens]
NP_001375030.1	NP_001375056.1	0.0	980	97.755	490	100	poly(A) RNA polymerase GLD2 isoform 2 [Homo sapiens]
NP_001375030.1	NP_001375055.1	0.0	980	97.755	490	100	poly(A) RNA polymerase GLD2 isoform 2 [Homo sapiens]
NP_001375042.1	NP_001375042.1	0.0	998	100.000	483	100	poly(A) RNA polymerase GLD2 isoform 16 [Homo sapiens]
NP_001375042.1	XP_047272808.1	0.0	993	99.793	484	100	poly(A) RNA polymerase GLD2 isoform X3 [Homo sapiens]
NP_001375042.1	XP_047272807.1	0.0	993	99.793	484	100	poly(A) RNA polymerase GLD2 isoform X3 [Homo sapiens]
NP_001375042.1	XP_047272806.1	0.0	993	99.793	484	100	poly(A) RNA polymerase GLD2 isoform X3 [Homo sapiens]
NP_001375042.1	NP_776158.2	0.0	993	99.793	484	100	poly(A) RNA polymerase GLD2 isoform 1 [Homo sapiens]
NP_001375042.1	NP_001375041.1	0.0	993	99.793	484	100	poly(A) RNA polymerase GLD2 isoform 1 [Homo sapiens]
NP_001375042.1	NP_001375040.1	0.0	993	99.793	484	100	poly(A) RNA polymerase GLD2 isoform 1 [Homo sapiens]
NP_001375042.1	NP_001375039.1	0.0	993	99.793	484	100	poly(A) RNA polymerase GLD2 isoform 1 [Homo sapiens]
NP_001375042.1	NP_001375038.1	0.0	993	99.793	484	100	poly(A) RNA polymerase GLD2 isoform 1 [Homo sapiens]
NP_001375042.1	NP_001375037.1	0.0	993	99.793	484	100	poly(A) RNA polymerase GLD2 isoform 1 [Homo sapiens]
NP_001375059.1	NP_001375059.1	0.0	989	100.000	479	100	poly(A) RNA polymerase GLD2 isoform 10 [Homo sapiens]
NP_001375059.1	XP_047272811.1	0.0	984	99.792	480	100	poly(A) RNA polymerase GLD2 isoform X4 [Homo sapiens]
NP_001375059.1	XP_047272810.1	0.0	984	99.792	480	100	poly(A) RNA polymerase GLD2 isoform X4 [Homo sapiens]
NP_001375059.1	XP_047272809.1	0.0	984	99.792	480	100	poly(A) RNA polymerase GLD2 isoform X4 [Homo sapiens]
NP_001375059.1	NP_001375058.1	0.0	984	99.792	480	100	poly(A) RNA polymerase GLD2 isoform 2 [Homo sapiens]
NP_001375059.1	NP_001375057.1	0.0	984	99.792	480	100	poly(A) RNA polymerase GLD2 isoform 2 [Homo sapiens]
NP_001375059.1	NP_001375056.1	0.0	984	99.792	480	100	poly(A) RNA polymerase GLD2 isoform 2 [Homo sapiens]
NP_001375059.1	NP_001375055.1	0.0	984	99.792	480	100	poly(A) RNA polymerase GLD2 isoform 2 [Homo sapiens]
NP_001375059.1	NP_001375054.1	0.0	984	99.792	480	100	poly(A) RNA polymerase GLD2 isoform 2 [Homo sapiens]
NP_001375059.1	NP_001375053.1	0.0	984	99.792	480	100	poly(A) RNA polymerase GLD2 isoform 2 [Homo sapiens]
NP_001375060.1	NP_001375060.1	0.0	938	100.000	454	100	poly(A) RNA polymerase GLD2 isoform 11 [Homo sapiens]
NP_001375060.1	NP_001375061.1	0.0	923	99.119	454	100	poly(A) RNA polymerase GLD2 isoform 12 [Homo sapiens]
NP_001375060.1	XP_047272808.1	0.0	922	93.595	484	100	poly(A) RNA polymerase GLD2 isoform X3 [Homo sapiens]
NP_001375060.1	XP_047272807.1	0.0	922	93.595	484	100	poly(A) RNA polymerase GLD2 isoform X3 [Homo sapiens]
NP_001375060.1	XP_047272806.1	0.0	922	93.595	484	100	poly(A) RNA polymerase GLD2 isoform X3 [Homo sapiens]
NP_001375060.1	NP_776158.2	0.0	922	93.595	484	100	poly(A) RNA polymerase GLD2 isoform 1 [Homo sapiens]
NP_001375060.1	NP_001375041.1	0.0	922	93.595	484	100	poly(A) RNA polymerase GLD2 isoform 1 [Homo sapiens]
NP_001375060.1	NP_001375040.1	0.0	922	93.595	484	100	poly(A) RNA polymerase GLD2 isoform 1 [Homo sapiens]
NP_001375060.1	NP_001375039.1	0.0	922	93.595	484	100	poly(A) RNA polymerase GLD2 isoform 1 [Homo sapiens]
NP_001375060.1	NP_001375038.1	0.0	922	93.595	484	100	poly(A) RNA polymerase GLD2 isoform 1 [Homo sapiens]
NP_001375061.1	NP_001375061.1	0.0	929	100.000	450	100	poly(A) RNA polymerase GLD2 isoform 12 [Homo sapiens]
NP_001375061.1	NP_001375060.1	0.0	923	99.119	454	100	poly(A) RNA polymerase GLD2 isoform 11 [Homo sapiens]
NP_001375061.1	XP_047272811.1	0.0	914	93.542	480	100	poly(A) RNA polymerase GLD2 isoform X4 [Homo sapiens]
NP_001375061.1	XP_047272810.1	0.0	914	93.542	480	100	poly(A) RNA polymerase GLD2 isoform X4 [Homo sapiens]
NP_001375061.1	XP_047272809.1	0.0	914	93.542	480	100	poly(A) RNA polymerase GLD2 isoform X4 [Homo sapiens]
NP_001375061.1	NP_001375058.1	0.0	914	93.542	480	100	poly(A) RNA polymerase GLD2 isoform 2 [Homo sapiens]
NP_001375061.1	NP_001375057.1	0.0	914	93.542	480	100	poly(A) RNA polymerase GLD2 isoform 2 [Homo sapiens]
NP_001375061.1	NP_001375056.1	0.0	914	93.542	480	100	poly(A) RNA polymerase GLD2 isoform 2 [Homo sapiens]
NP_001375061.1	NP_001375055.1	0.0	914	93.542	480	100	poly(A) RNA polymerase GLD2 isoform 2 [Homo sapiens]
NP_001375061.1	NP_001375054.1	0.0	914	93.542	480	100	poly(A) RNA polymerase GLD2 isoform 2 [Homo sapiens]
NP_001375063.1	XP_047272815.1	0.0	901	100.000	437	100	poly(A) RNA polymerase GLD2 isoform X7 [Homo sapiens]
NP_001375063.1	NP_001375064.1	0.0	901	100.000	437	100	poly(A) RNA polymerase GLD2 isoform 13 [Homo sapiens]
NP_001375063.1	NP_001375063.1	0.0	901	100.000	437	100	poly(A) RNA polymerase GLD2 isoform 13 [Homo sapiens]
NP_001375063.1	XP_047272814.1	0.0	894	99.093	441	100	poly(A) RNA polymerase GLD2 isoform X6 [Homo sapiens]
NP_001375063.1	XP_047272813.1	0.0	894	99.093	441	100	poly(A) RNA polymerase GLD2 isoform X6 [Homo sapiens]
NP_001375063.1	XP_047272812.1	0.0	894	99.093	441	100	poly(A) RNA polymerase GLD2 isoform X6 [Homo sapiens]
NP_001375063.1	NP_001375062.1	0.0	894	99.093	441	100	poly(A) RNA polymerase GLD2 isoform 3 [Homo sapiens]
NP_001375063.1	NP_001284674.1	0.0	894	99.093	441	100	poly(A) RNA polymerase GLD2 isoform 3 [Homo sapiens]
NP_001375063.1	XP_011541531.1	0.0	880	93.562	466	100	poly(A) RNA polymerase GLD2 isoform X5 [Homo sapiens]
NP_001375063.1	XP_047272811.1	0.0	879	90.833	480	100	poly(A) RNA polymerase GLD2 isoform X4 [Homo sapiens]
NP_001375065.1	NP_001375059.1	0.0	752	100.000	364	100	poly(A) RNA polymerase GLD2 isoform 10 [Homo sapiens]
NP_001375065.1	XP_047272811.1	0.0	752	100.000	364	100	poly(A) RNA polymerase GLD2 isoform X4 [Homo sapiens]
NP_001375065.1	XP_047272810.1	0.0	752	100.000	364	100	poly(A) RNA polymerase GLD2 isoform X4 [Homo sapiens]
NP_001375065.1	XP_047272809.1	0.0	752	100.000	364	100	poly(A) RNA polymerase GLD2 isoform X4 [Homo sapiens]
NP_001375065.1	NP_001375058.1	0.0	752	100.000	364	100	poly(A) RNA polymerase GLD2 isoform 2 [Homo sapiens]
NP_001375065.1	NP_001375057.1	0.0	752	100.000	364	100	poly(A) RNA polymerase GLD2 isoform 2 [Homo sapiens]
NP_001375065.1	NP_001375056.1	0.0	752	100.000	364	100	poly(A) RNA polymerase GLD2 isoform 2 [Homo sapiens]
NP_001375065.1	NP_001375055.1	0.0	752	100.000	364	100	poly(A) RNA polymerase GLD2 isoform 2 [Homo sapiens]
NP_001375065.1	NP_001375054.1	0.0	752	100.000	364	100	poly(A) RNA polymerase GLD2 isoform 2 [Homo sapiens]
NP_001375065.1	NP_001375053.1	0.0	752	100.000	364	100	poly(A) RNA polymerase GLD2 isoform 2 [Homo sapiens]
NP_001375066.1	NP_001375066.1	0.0	593	100.000	286	100	poly(A) RNA polymerase GLD2 isoform 15 [Homo sapiens]
NP_001375066.1	NP_001336477.1	3.36e-157	440	98.148	216	75	poly(A) RNA polymerase GLD2 isoform 4 [Homo sapiens]
NP_001375066.1	XP_047272820.1	4.05e-157	440	98.148	216	75	poly(A) RNA polymerase GLD2 isoform X11 [Homo sapiens]
NP_001375066.1	NP_001375065.1	1.63e-155	440	98.148	216	75	poly(A) RNA polymerase GLD2 isoform 14 [Homo sapiens]
NP_001375066.1	NP_001375061.1	5.14e-154	439	98.148	216	75	poly(A) RNA polymerase GLD2 isoform 12 [Homo sapiens]
NP_001375066.1	NP_001375060.1	9.00e-154	439	98.148	216	75	poly(A) RNA polymerase GLD2 isoform 11 [Homo sapiens]
NP_001375066.1	NP_001375059.1	1.03e-153	440	98.148	216	75	poly(A) RNA polymerase GLD2 isoform 10 [Homo sapiens]
NP_001375066.1	XP_047272811.1	1.08e-153	440	98.148	216	75	poly(A) RNA polymerase GLD2 isoform X4 [Homo sapiens]
NP_001375066.1	XP_047272810.1	1.08e-153	440	98.148	216	75	poly(A) RNA polymerase GLD2 isoform X4 [Homo sapiens]
NP_001375066.1	XP_047272809.1	1.08e-153	440	98.148	216	75	poly(A) RNA polymerase GLD2 isoform X4 [Homo sapiens]
NP_001376385.2	NP_008930.2	0.0	944	67.900	838	100	terminal nucleotidyltransferase 4A isoform 1 [Homo sapiens]
NP_001376385.2	NP_001165276.2	0.0	944	67.981	837	100	terminal nucleotidyltransferase 4A isoform 2 [Homo sapiens]
NP_001376385.2	XP_047272622.1	0.0	755	75.830	542	63	terminal nucleotidyltransferase 4A isoform X1 [Homo sapiens]
NP_001376385.2	XP_047272621.1	0.0	755	75.830	542	63	terminal nucleotidyltransferase 4A isoform X1 [Homo sapiens]
NP_001376385.2	XP_047272620.1	0.0	755	75.830	542	63	terminal nucleotidyltransferase 4A isoform X1 [Homo sapiens]
NP_001376385.2	XP_047272624.1	0.0	740	75.752	532	61	terminal nucleotidyltransferase 4A isoform X3 [Homo sapiens]
NP_001376385.2	XP_047272623.1	0.0	740	75.610	533	61	terminal nucleotidyltransferase 4A isoform X2 [Homo sapiens]
NP_001376385.2	XP_016864477.1	0.0	740	75.610	533	61	terminal nucleotidyltransferase 4A isoform X2 [Homo sapiens]
NP_001376385.2	NP_001352252.1	0.0	547	71.200	375	49	terminal nucleotidyltransferase 4B isoform c [Homo sapiens]
NP_001376385.2	XP_011521577.1	0.0	546	71.200	375	49	terminal nucleotidyltransferase 4B isoform X1 [Homo sapiens]
NP_001386242.1	NP_060579.3	0.0	924	76.410	585	100	poly(A) RNA polymerase, mitochondrial precursor [Homo sapiens]
NP_001386242.1	NP_073741.3	1.99e-38	154	30.986	284	46	speckle targeted PIP5K1A-regulated poly(A) polymerase isoform 1 [Homo sapiens]
NP_001386242.1	XP_047272285.1	1.38e-21	102	27.473	273	45	terminal uridylyltransferase 4 isoform X7 [Homo sapiens]
NP_001386242.1	XP_016856297.1	1.39e-21	102	27.473	273	45	terminal uridylyltransferase 4 isoform X36 [Homo sapiens]
NP_001386242.1	XP_047272290.1	1.44e-21	102	27.473	273	45	terminal uridylyltransferase 4 isoform X11 [Homo sapiens]
NP_001386242.1	XP_005270735.1	1.45e-21	102	27.473	273	45	terminal uridylyltransferase 4 isoform X2 [Homo sapiens]
NP_001386242.1	XP_011539399.1	1.45e-21	102	27.473	273	45	terminal uridylyltransferase 4 isoform X1 [Homo sapiens]
NP_001386242.1	XP_005270733.1	1.45e-21	102	27.473	273	45	terminal uridylyltransferase 4 isoform X1 [Homo sapiens]
NP_001386242.1	XP_047272286.1	1.46e-21	102	27.473	273	45	terminal uridylyltransferase 4 isoform X8 [Homo sapiens]
NP_001386242.1	XP_047272288.1	1.48e-21	102	27.473	273	45	terminal uridylyltransferase 4 isoform X10 [Homo sapiens]
NP_001386243.1	NP_060579.3	0.0	914	76.068	585	100	poly(A) RNA polymerase, mitochondrial precursor [Homo sapiens]
NP_001386243.1	NP_073741.3	2.09e-38	153	30.986	284	47	speckle targeted PIP5K1A-regulated poly(A) polymerase isoform 1 [Homo sapiens]
NP_001386243.1	XP_047272344.1	1.28e-21	102	27.473	273	45	terminal uridylyltransferase 4 isoform X30 [Homo sapiens]
NP_001386243.1	XP_047272286.1	1.30e-21	102	27.473	273	45	terminal uridylyltransferase 4 isoform X8 [Homo sapiens]
NP_001386243.1	XP_047272290.1	1.38e-21	102	27.473	273	45	terminal uridylyltransferase 4 isoform X11 [Homo sapiens]
NP_001386243.1	XP_011539399.1	1.39e-21	102	27.473	273	45	terminal uridylyltransferase 4 isoform X1 [Homo sapiens]
NP_001386243.1	XP_005270733.1	1.39e-21	102	27.473	273	45	terminal uridylyltransferase 4 isoform X1 [Homo sapiens]
NP_001386243.1	XP_047272288.1	1.42e-21	102	27.473	273	45	terminal uridylyltransferase 4 isoform X10 [Homo sapiens]
NP_001386243.1	XP_016856297.1	1.44e-21	102	27.473	273	45	terminal uridylyltransferase 4 isoform X36 [Homo sapiens]
NP_001386243.1	XP_016856292.1	1.47e-21	102	27.473	273	45	terminal uridylyltransferase 4 isoform X9 [Homo sapiens]
NP_001388155.1	NP_001352252.1	0.0	1066	89.353	695	100	terminal nucleotidyltransferase 4B isoform c [Homo sapiens]
NP_001388155.1	NP_001352253.1	0.0	1064	89.353	695	100	terminal nucleotidyltransferase 4B isoform d [Homo sapiens]
NP_001388155.1	XP_011521577.1	0.0	1034	93.365	633	93	terminal nucleotidyltransferase 4B isoform X1 [Homo sapiens]
NP_001388155.1	NP_001035374.2	0.0	1034	93.365	633	93	terminal nucleotidyltransferase 4B isoform a [Homo sapiens]
NP_001388155.1	XP_011521580.1	0.0	997	95.800	500	74	terminal nucleotidyltransferase 4B isoform X5 [Homo sapiens]
NP_001388155.1	XP_047290432.1	0.0	986	83.022	695	100	terminal nucleotidyltransferase 4B isoform X4 [Homo sapiens]
NP_001388155.1	XP_047290431.1	0.0	984	83.022	695	100	terminal nucleotidyltransferase 4B isoform X3 [Homo sapiens]
NP_001388155.1	XP_011521578.1	0.0	953	86.414	633	93	terminal nucleotidyltransferase 4B isoform X2 [Homo sapiens]
NP_001388155.1	NP_001035375.2	0.0	953	86.414	633	93	terminal nucleotidyltransferase 4B isoform b [Homo sapiens]
NP_001388155.1	XP_047290433.1	0.0	825	87.000	500	74	terminal nucleotidyltransferase 4B isoform X6 [Homo sapiens]
NP_001401932.1	XP_047290431.1	0.0	1059	89.820	668	100	terminal nucleotidyltransferase 4B isoform X3 [Homo sapiens]
NP_001401932.1	NP_001352253.1	0.0	1025	81.399	715	100	terminal nucleotidyltransferase 4B isoform d [Homo sapiens]
NP_001401932.1	XP_047290432.1	0.0	1015	89.506	648	97	terminal nucleotidyltransferase 4B isoform X4 [Homo sapiens]
NP_001401932.1	XP_011521578.1	0.0	984	93.857	586	90	terminal nucleotidyltransferase 4B isoform X2 [Homo sapiens]
NP_001401932.1	NP_001035375.2	0.0	984	93.857	586	90	terminal nucleotidyltransferase 4B isoform b [Homo sapiens]
NP_001401932.1	NP_001352252.1	0.0	982	80.863	695	97	terminal nucleotidyltransferase 4B isoform c [Homo sapiens]
NP_001401932.1	XP_011521577.1	0.0	949	83.886	633	90	terminal nucleotidyltransferase 4B isoform X1 [Homo sapiens]
NP_001401932.1	NP_001035374.2	0.0	949	83.886	633	90	terminal nucleotidyltransferase 4B isoform a [Homo sapiens]
NP_001401932.1	XP_047290433.1	0.0	915	96.689	453	69	terminal nucleotidyltransferase 4B isoform X6 [Homo sapiens]
NP_001401932.1	XP_011521580.1	0.0	820	83.800	500	69	terminal nucleotidyltransferase 4B isoform X5 [Homo sapiens]
NP_001401933.1	NP_001352252.1	0.0	1046	93.681	633	100	terminal nucleotidyltransferase 4B isoform c [Homo sapiens]
NP_001401933.1	XP_011521577.1	0.0	1046	93.681	633	100	terminal nucleotidyltransferase 4B isoform X1 [Homo sapiens]
NP_001401933.1	NP_001035374.2	0.0	1046	93.681	633	100	terminal nucleotidyltransferase 4B isoform a [Homo sapiens]
NP_001401933.1	NP_001352253.1	0.0	1045	93.681	633	100	terminal nucleotidyltransferase 4B isoform d [Homo sapiens]
NP_001401933.1	XP_011521580.1	0.0	1005	96.200	500	79	terminal nucleotidyltransferase 4B isoform X5 [Homo sapiens]
NP_001401933.1	XP_047290432.1	0.0	967	86.888	633	100	terminal nucleotidyltransferase 4B isoform X4 [Homo sapiens]
NP_001401933.1	XP_011521578.1	0.0	965	86.888	633	100	terminal nucleotidyltransferase 4B isoform X2 [Homo sapiens]
NP_001401933.1	NP_001035375.2	0.0	965	86.888	633	100	terminal nucleotidyltransferase 4B isoform b [Homo sapiens]
NP_001401933.1	XP_047290431.1	0.0	964	86.888	633	100	terminal nucleotidyltransferase 4B isoform X3 [Homo sapiens]
NP_001401933.1	XP_047290433.1	0.0	837	87.600	500	79	terminal nucleotidyltransferase 4B isoform X6 [Homo sapiens]
NP_001401942.1	NP_001352253.1	0.0	1108	89.650	715	100	terminal nucleotidyltransferase 4B isoform d [Homo sapiens]
NP_001401942.1	NP_001352252.1	0.0	1065	89.353	695	97	terminal nucleotidyltransferase 4B isoform c [Homo sapiens]
NP_001401942.1	XP_011521577.1	0.0	1033	93.365	633	90	terminal nucleotidyltransferase 4B isoform X1 [Homo sapiens]
NP_001401942.1	NP_001035374.2	0.0	1033	93.365	633	90	terminal nucleotidyltransferase 4B isoform a [Homo sapiens]
NP_001401942.1	XP_047290431.1	0.0	1027	83.497	715	100	terminal nucleotidyltransferase 4B isoform X3 [Homo sapiens]
NP_001401942.1	XP_011521580.1	0.0	997	95.800	500	71	terminal nucleotidyltransferase 4B isoform X5 [Homo sapiens]
NP_001401942.1	XP_047290432.1	0.0	984	83.022	695	97	terminal nucleotidyltransferase 4B isoform X4 [Homo sapiens]
NP_001401942.1	XP_011521578.1	0.0	952	86.414	633	90	terminal nucleotidyltransferase 4B isoform X2 [Homo sapiens]
NP_001401942.1	NP_001035375.2	0.0	952	86.414	633	90	terminal nucleotidyltransferase 4B isoform b [Homo sapiens]
NP_001401942.1	XP_047290433.1	0.0	823	87.000	500	71	terminal nucleotidyltransferase 4B isoform X6 [Homo sapiens]
NP_001401944.1	XP_047290431.1	0.0	1047	89.371	668	100	terminal nucleotidyltransferase 4B isoform X3 [Homo sapiens]
NP_001401944.1	NP_001352253.1	0.0	1013	80.979	715	100	terminal nucleotidyltransferase 4B isoform d [Homo sapiens]
NP_001401944.1	XP_047290432.1	0.0	1004	89.043	648	97	terminal nucleotidyltransferase 4B isoform X4 [Homo sapiens]
NP_001401944.1	XP_011521578.1	0.0	972	93.345	586	90	terminal nucleotidyltransferase 4B isoform X2 [Homo sapiens]
NP_001401944.1	NP_001035375.2	0.0	972	93.345	586	90	terminal nucleotidyltransferase 4B isoform b [Homo sapiens]
NP_001401944.1	NP_001352252.1	0.0	969	80.432	695	97	terminal nucleotidyltransferase 4B isoform c [Homo sapiens]
NP_001401944.1	XP_011521577.1	0.0	936	83.412	633	90	terminal nucleotidyltransferase 4B isoform X1 [Homo sapiens]
NP_001401944.1	NP_001035374.2	0.0	936	83.412	633	90	terminal nucleotidyltransferase 4B isoform a [Homo sapiens]
NP_001401944.1	XP_047290433.1	0.0	907	96.026	453	69	terminal nucleotidyltransferase 4B isoform X6 [Homo sapiens]
NP_001401944.1	XP_011521580.1	0.0	808	83.200	500	69	terminal nucleotidyltransferase 4B isoform X5 [Homo sapiens]
NP_001402773.1	NP_008930.2	0.0	1269	90.794	793	100	terminal nucleotidyltransferase 4A isoform 1 [Homo sapiens]
NP_001402773.1	NP_001165276.2	0.0	1262	90.668	793	100	terminal nucleotidyltransferase 4A isoform 2 [Homo sapiens]
NP_001402773.1	XP_047272622.1	0.0	987	94.465	542	69	terminal nucleotidyltransferase 4A isoform X1 [Homo sapiens]
NP_001402773.1	XP_047272621.1	0.0	987	94.465	542	69	terminal nucleotidyltransferase 4A isoform X1 [Homo sapiens]
NP_001402773.1	XP_047272620.1	0.0	987	94.465	542	69	terminal nucleotidyltransferase 4A isoform X1 [Homo sapiens]
NP_001402773.1	XP_047272623.1	0.0	966	94.371	533	68	terminal nucleotidyltransferase 4A isoform X2 [Homo sapiens]
NP_001402773.1	XP_016864477.1	0.0	966	94.371	533	68	terminal nucleotidyltransferase 4A isoform X2 [Homo sapiens]
NP_001402773.1	XP_047272624.1	0.0	959	94.184	533	68	terminal nucleotidyltransferase 4A isoform X3 [Homo sapiens]
NP_001402773.1	NP_001352252.1	0.0	555	67.327	404	51	terminal nucleotidyltransferase 4B isoform c [Homo sapiens]
NP_001402773.1	XP_011521577.1	0.0	554	67.327	404	51	terminal nucleotidyltransferase 4B isoform X1 [Homo sapiens]
NP_001413960.1	XP_016870620.1	0.0	2361	79.748	1506	100	terminal uridylyltransferase 7 isoform X4 [Homo sapiens]
NP_001413960.1	XP_016870619.1	0.0	2361	79.748	1506	100	terminal uridylyltransferase 7 isoform X4 [Homo sapiens]
NP_001413960.1	NP_078893.2	0.0	2361	79.748	1506	100	terminal uridylyltransferase 7 isoform 1 [Homo sapiens]
NP_001413960.1	NP_001171988.1	0.0	2361	79.748	1506	100	terminal uridylyltransferase 7 isoform 1 [Homo sapiens]
NP_001413960.1	XP_047279823.1	0.0	2359	77.384	1552	100	terminal uridylyltransferase 7 isoform X2 [Homo sapiens]
NP_001413960.1	XP_006717346.1	0.0	2359	77.384	1552	100	terminal uridylyltransferase 7 isoform X2 [Homo sapiens]
NP_001413960.1	XP_047279825.1	0.0	2348	79.610	1486	99	terminal uridylyltransferase 7 isoform X6 [Homo sapiens]
NP_001413960.1	XP_047279824.1	0.0	2348	79.610	1486	99	terminal uridylyltransferase 7 isoform X6 [Homo sapiens]
NP_001413960.1	XP_005252264.1	0.0	2348	79.610	1486	99	terminal uridylyltransferase 7 isoform X6 [Homo sapiens]
NP_001413960.1	XP_011517317.1	0.0	2345	79.357	1492	99	terminal uridylyltransferase 7 isoform X3 [Homo sapiens]
NP_001416068.1	XP_047272281.1	0.0	2923	86.759	1669	100	terminal uridylyltransferase 4 isoform X4 [Homo sapiens]
NP_001416068.1	NP_001009881.1	0.0	2923	86.759	1669	100	terminal uridylyltransferase 4 isoform a [Homo sapiens]
NP_001416068.1	XP_047272282.1	0.0	2917	86.699	1669	100	terminal uridylyltransferase 4 isoform X5 [Homo sapiens]
NP_001416068.1	NP_056084.1	0.0	2917	86.699	1669	100	terminal uridylyltransferase 4 isoform b [Homo sapiens]
NP_001416068.1	XP_047272283.1	0.0	2906	86.459	1669	100	terminal uridylyltransferase 4 isoform X6 [Homo sapiens]
NP_001416068.1	XP_005270737.1	0.0	2906	86.459	1669	100	terminal uridylyltransferase 4 isoform X6 [Homo sapiens]
NP_001416068.1	XP_011539399.1	0.0	2880	86.703	1647	99	terminal uridylyltransferase 4 isoform X1 [Homo sapiens]
NP_001416068.1	XP_005270733.1	0.0	2880	86.703	1647	99	terminal uridylyltransferase 4 isoform X1 [Homo sapiens]
NP_001416068.1	XP_005270735.1	0.0	2874	86.642	1647	99	terminal uridylyltransferase 4 isoform X2 [Homo sapiens]
NP_001416068.1	XP_047272280.1	0.0	2864	86.582	1647	99	terminal uridylyltransferase 4 isoform X3 [Homo sapiens]
NP_001431613.1	NP_001352253.1	0.0	1414	96.224	715	100	terminal nucleotidyltransferase 4B isoform d [Homo sapiens]
NP_001431613.1	NP_001352252.1	0.0	1370	96.115	695	97	terminal nucleotidyltransferase 4B isoform c [Homo sapiens]
NP_001431613.1	XP_011521577.1	0.0	1323	96.000	675	94	terminal nucleotidyltransferase 4B isoform X1 [Homo sapiens]
NP_001431613.1	NP_001035374.2	0.0	1319	95.994	674	94	terminal nucleotidyltransferase 4B isoform a [Homo sapiens]
NP_001431613.1	XP_047290431.1	0.0	1070	87.133	715	100	terminal nucleotidyltransferase 4B isoform X3 [Homo sapiens]
NP_001431613.1	XP_011521580.1	0.0	1032	98.800	500	70	terminal nucleotidyltransferase 4B isoform X5 [Homo sapiens]
NP_001431613.1	XP_047290432.1	0.0	1026	86.763	695	97	terminal nucleotidyltransferase 4B isoform X4 [Homo sapiens]
NP_001431613.1	XP_011521578.1	0.0	994	89.258	633	89	terminal nucleotidyltransferase 4B isoform X2 [Homo sapiens]
NP_001431613.1	NP_001035375.2	0.0	994	89.258	633	89	terminal nucleotidyltransferase 4B isoform b [Homo sapiens]
NP_001431613.1	XP_047290433.1	0.0	858	89.400	500	70	terminal nucleotidyltransferase 4B isoform X6 [Homo sapiens]
NP_001431614.1	XP_047290431.1	0.0	1317	95.958	668	100	terminal nucleotidyltransferase 4B isoform X3 [Homo sapiens]
NP_001431614.1	XP_047290432.1	0.0	1273	95.833	648	97	terminal nucleotidyltransferase 4B isoform X4 [Homo sapiens]
NP_001431614.1	XP_011521578.1	0.0	1224	95.701	628	94	terminal nucleotidyltransferase 4B isoform X2 [Homo sapiens]
NP_001431614.1	NP_001035375.2	0.0	1222	95.694	627	94	terminal nucleotidyltransferase 4B isoform b [Homo sapiens]
NP_001431614.1	NP_001352253.1	0.0	1055	84.615	715	100	terminal nucleotidyltransferase 4B isoform d [Homo sapiens]
NP_001431614.1	NP_001352252.1	0.0	1012	84.173	695	97	terminal nucleotidyltransferase 4B isoform c [Homo sapiens]
NP_001431614.1	XP_011521577.1	0.0	978	86.256	633	88	terminal nucleotidyltransferase 4B isoform X1 [Homo sapiens]
NP_001431614.1	NP_001035374.2	0.0	978	86.256	633	88	terminal nucleotidyltransferase 4B isoform a [Homo sapiens]
NP_001431614.1	XP_047290433.1	0.0	936	98.675	453	68	terminal nucleotidyltransferase 4B isoform X6 [Homo sapiens]
NP_001431614.1	XP_011521580.1	0.0	842	85.600	500	68	terminal nucleotidyltransferase 4B isoform X5 [Homo sapiens]
NP_008930.2	NP_008930.2	0.0	1618	100.000	792	100	terminal nucleotidyltransferase 4A isoform 1 [Homo sapiens]
NP_008930.2	NP_001165276.2	0.0	1611	99.874	792	100	terminal nucleotidyltransferase 4A isoform 2 [Homo sapiens]
NP_008930.2	XP_047272622.1	0.0	1120	100.000	542	68	terminal nucleotidyltransferase 4A isoform X1 [Homo sapiens]
NP_008930.2	XP_047272621.1	0.0	1120	100.000	542	68	terminal nucleotidyltransferase 4A isoform X1 [Homo sapiens]
NP_008930.2	XP_047272620.1	0.0	1120	100.000	542	68	terminal nucleotidyltransferase 4A isoform X1 [Homo sapiens]
NP_008930.2	XP_047272623.1	0.0	1102	100.000	533	67	terminal nucleotidyltransferase 4A isoform X2 [Homo sapiens]
NP_008930.2	XP_016864477.1	0.0	1102	100.000	533	67	terminal nucleotidyltransferase 4A isoform X2 [Homo sapiens]
NP_008930.2	XP_047272624.1	0.0	1095	99.812	533	67	terminal nucleotidyltransferase 4A isoform X3 [Homo sapiens]
NP_008930.2	NP_001352252.1	0.0	557	67.574	404	50	terminal nucleotidyltransferase 4B isoform c [Homo sapiens]
NP_008930.2	XP_011521577.1	0.0	556	67.574	404	50	terminal nucleotidyltransferase 4B isoform X1 [Homo sapiens]
NP_014100.2	XP_047290433.1	1.93e-54	195	36.392	316	49	terminal nucleotidyltransferase 4B isoform X6 [Homo sapiens]
NP_014100.2	XP_011521580.1	3.95e-54	195	36.709	316	49	terminal nucleotidyltransferase 4B isoform X5 [Homo sapiens]
NP_014100.2	NP_008930.2	1.86e-53	198	35.256	312	48	terminal nucleotidyltransferase 4A isoform 1 [Homo sapiens]
NP_014100.2	NP_001165276.2	2.03e-53	198	35.256	312	48	terminal nucleotidyltransferase 4A isoform 2 [Homo sapiens]
NP_014100.2	NP_001035375.2	6.87e-53	194	37.582	306	47	terminal nucleotidyltransferase 4B isoform b [Homo sapiens]
NP_014100.2	XP_011521578.1	6.97e-53	194	37.582	306	47	terminal nucleotidyltransferase 4B isoform X2 [Homo sapiens]
NP_014100.2	XP_047290432.1	8.02e-53	194	37.255	306	47	terminal nucleotidyltransferase 4B isoform X4 [Homo sapiens]
NP_014100.2	NP_001035374.2	9.56e-53	195	37.582	306	47	terminal nucleotidyltransferase 4B isoform a [Homo sapiens]
NP_014100.2	XP_011521577.1	9.68e-53	195	37.582	306	47	terminal nucleotidyltransferase 4B isoform X1 [Homo sapiens]
NP_014100.2	NP_001352252.1	1.37e-52	194	37.255	306	47	terminal nucleotidyltransferase 4B isoform c [Homo sapiens]
NP_014526.1	XP_047290433.1	2.19e-59	207	37.942	311	53	terminal nucleotidyltransferase 4B isoform X6 [Homo sapiens]
NP_014526.1	XP_011521580.1	3.36e-59	208	37.942	311	53	terminal nucleotidyltransferase 4B isoform X5 [Homo sapiens]
NP_014526.1	NP_001035375.2	8.88e-58	207	37.942	311	53	terminal nucleotidyltransferase 4B isoform b [Homo sapiens]
NP_014526.1	XP_011521578.1	9.02e-58	207	37.942	311	53	terminal nucleotidyltransferase 4B isoform X2 [Homo sapiens]
NP_014526.1	XP_047290432.1	1.08e-57	206	37.942	311	53	terminal nucleotidyltransferase 4B isoform X4 [Homo sapiens]
NP_014526.1	NP_001035374.2	1.25e-57	207	37.942	311	53	terminal nucleotidyltransferase 4B isoform a [Homo sapiens]
NP_014526.1	XP_011521577.1	1.26e-57	207	37.942	311	53	terminal nucleotidyltransferase 4B isoform X1 [Homo sapiens]
NP_014526.1	NP_001352252.1	1.52e-57	207	37.942	311	53	terminal nucleotidyltransferase 4B isoform c [Homo sapiens]
NP_014526.1	XP_047290431.1	1.86e-57	206	37.942	311	53	terminal nucleotidyltransferase 4B isoform X3 [Homo sapiens]
NP_014526.1	NP_001352253.1	2.07e-57	207	37.942	311	53	terminal nucleotidyltransferase 4B isoform d [Homo sapiens]
NP_056084.1	XP_047272282.1	0.0	3412	100.000	1644	100	terminal uridylyltransferase 4 isoform X5 [Homo sapiens]
NP_056084.1	NP_056084.1	0.0	3412	100.000	1644	100	terminal uridylyltransferase 4 isoform b [Homo sapiens]
NP_056084.1	XP_047272281.1	0.0	3407	99.939	1645	100	terminal uridylyltransferase 4 isoform X4 [Homo sapiens]
NP_056084.1	NP_001009881.1	0.0	3407	99.939	1645	100	terminal uridylyltransferase 4 isoform a [Homo sapiens]
NP_056084.1	XP_047272283.1	0.0	3398	99.757	1644	100	terminal uridylyltransferase 4 isoform X6 [Homo sapiens]
NP_056084.1	XP_005270737.1	0.0	3398	99.757	1644	100	terminal uridylyltransferase 4 isoform X6 [Homo sapiens]
NP_056084.1	XP_005270735.1	0.0	3363	100.000	1622	99	terminal uridylyltransferase 4 isoform X2 [Homo sapiens]
NP_056084.1	XP_011539399.1	0.0	3360	99.938	1623	99	terminal uridylyltransferase 4 isoform X1 [Homo sapiens]
NP_056084.1	XP_005270733.1	0.0	3360	99.938	1623	99	terminal uridylyltransferase 4 isoform X1 [Homo sapiens]
NP_056084.1	XP_047272280.1	0.0	3350	99.753	1622	99	terminal uridylyltransferase 4 isoform X3 [Homo sapiens]
NP_060579.3	NP_060579.3	0.0	1199	100.000	582	100	poly(A) RNA polymerase, mitochondrial precursor [Homo sapiens]
NP_060579.3	NP_073741.3	1.03e-39	157	33.333	276	45	speckle targeted PIP5K1A-regulated poly(A) polymerase isoform 1 [Homo sapiens]
NP_060579.3	XP_005270739.1	2.85e-21	101	27.473	273	45	terminal uridylyltransferase 4 isoform X33 [Homo sapiens]
NP_060579.3	XP_047272290.1	2.90e-21	101	27.473	273	45	terminal uridylyltransferase 4 isoform X11 [Homo sapiens]
NP_060579.3	XP_047272285.1	2.90e-21	101	27.473	273	45	terminal uridylyltransferase 4 isoform X7 [Homo sapiens]
NP_060579.3	XP_011539399.1	2.92e-21	101	27.473	273	45	terminal uridylyltransferase 4 isoform X1 [Homo sapiens]
NP_060579.3	XP_005270733.1	2.92e-21	101	27.473	273	45	terminal uridylyltransferase 4 isoform X1 [Homo sapiens]
NP_060579.3	XP_016856292.1	2.95e-21	101	27.473	273	45	terminal uridylyltransferase 4 isoform X9 [Homo sapiens]
NP_060579.3	XP_016856297.1	2.95e-21	101	27.473	273	45	terminal uridylyltransferase 4 isoform X36 [Homo sapiens]
NP_060579.3	XP_005270735.1	2.97e-21	101	27.473	273	45	terminal uridylyltransferase 4 isoform X2 [Homo sapiens]
NP_073741.3	NP_073741.3	0.0	1756	100.000	874	100	speckle targeted PIP5K1A-regulated poly(A) polymerase isoform 1 [Homo sapiens]
NP_073741.3	NP_001354835.1	0.0	843	99.532	427	49	speckle targeted PIP5K1A-regulated poly(A) polymerase isoform 2 [Homo sapiens]
NP_073741.3	NP_060579.3	1.91e-43	169	34.146	287	32	poly(A) RNA polymerase, mitochondrial precursor [Homo sapiens]
NP_073741.3	XP_047272285.1	2.52e-28	125	33.462	260	28	terminal uridylyltransferase 4 isoform X7 [Homo sapiens]
NP_073741.3	XP_005270735.1	2.59e-28	125	33.462	260	28	terminal uridylyltransferase 4 isoform X2 [Homo sapiens]
NP_073741.3	XP_016856297.1	2.60e-28	125	33.462	260	28	terminal uridylyltransferase 4 isoform X36 [Homo sapiens]
NP_073741.3	XP_016856292.1	2.63e-28	125	33.462	260	28	terminal uridylyltransferase 4 isoform X9 [Homo sapiens]
NP_073741.3	XP_047272280.1	2.67e-28	125	33.462	260	28	terminal uridylyltransferase 4 isoform X3 [Homo sapiens]
NP_073741.3	XP_005270736.1	2.67e-28	125	33.462	260	28	terminal uridylyltransferase 4 isoform X3 [Homo sapiens]
NP_073741.3	XP_011539399.1	2.72e-28	125	33.462	260	28	terminal uridylyltransferase 4 isoform X1 [Homo sapiens]
NP_080433.1	NP_060579.3	0.0	931	76.239	585	100	poly(A) RNA polymerase, mitochondrial precursor [Homo sapiens]
NP_080433.1	NP_073741.3	1.63e-37	151	32.520	246	40	speckle targeted PIP5K1A-regulated poly(A) polymerase isoform 1 [Homo sapiens]
NP_080433.1	XP_011539401.1	4.00e-21	100	27.106	273	45	terminal uridylyltransferase 4 isoform X29 [Homo sapiens]
NP_080433.1	XP_047272285.1	4.09e-21	100	27.106	273	45	terminal uridylyltransferase 4 isoform X7 [Homo sapiens]
NP_080433.1	XP_016856292.1	4.42e-21	100	27.106	273	45	terminal uridylyltransferase 4 isoform X9 [Homo sapiens]
NP_080433.1	XP_047272296.1	4.45e-21	100	27.106	273	45	terminal uridylyltransferase 4 isoform X13 [Homo sapiens]
NP_080433.1	XP_047272290.1	4.46e-21	100	27.106	273	45	terminal uridylyltransferase 4 isoform X11 [Homo sapiens]
NP_080433.1	XP_047272325.1	4.50e-21	100	27.106	273	45	terminal uridylyltransferase 4 isoform X23 [Homo sapiens]
NP_080433.1	XP_011539399.1	4.52e-21	100	27.106	273	45	terminal uridylyltransferase 4 isoform X1 [Homo sapiens]
NP_080433.1	XP_005270733.1	4.52e-21	100	27.106	273	45	terminal uridylyltransferase 4 isoform X1 [Homo sapiens]
NP_190161.2	XP_011517317.1	5.30e-18	91.7	25.733	307	43	terminal uridylyltransferase 7 isoform X3 [Homo sapiens]
NP_190161.2	XP_016870620.1	5.67e-18	91.7	26.059	307	43	terminal uridylyltransferase 7 isoform X4 [Homo sapiens]
NP_190161.2	XP_016870619.1	5.67e-18	91.7	26.059	307	43	terminal uridylyltransferase 7 isoform X4 [Homo sapiens]
NP_190161.2	NP_078893.2	5.67e-18	91.7	26.059	307	43	terminal uridylyltransferase 7 isoform 1 [Homo sapiens]
NP_190161.2	NP_001171988.1	5.67e-18	91.7	26.059	307	43	terminal uridylyltransferase 7 isoform 1 [Homo sapiens]
NP_190161.2	XP_011517316.1	5.79e-18	91.7	25.733	307	43	terminal uridylyltransferase 7 isoform X1 [Homo sapiens]
NP_190161.2	XP_011517315.1	5.79e-18	91.7	25.733	307	43	terminal uridylyltransferase 7 isoform X1 [Homo sapiens]
NP_190161.2	XP_011517314.1	5.79e-18	91.7	25.733	307	43	terminal uridylyltransferase 7 isoform X1 [Homo sapiens]
NP_190161.2	XP_011517313.1	5.79e-18	91.7	25.733	307	43	terminal uridylyltransferase 7 isoform X1 [Homo sapiens]
NP_190161.2	XP_047279825.1	5.80e-18	91.7	26.059	307	43	terminal uridylyltransferase 7 isoform X6 [Homo sapiens]
NP_190162.4	XP_047272820.1	1.08e-18	87.8	33.577	137	28	poly(A) RNA polymerase GLD2 isoform X11 [Homo sapiens]
NP_190162.4	NP_001336477.1	1.63e-18	87.4	33.577	137	28	poly(A) RNA polymerase GLD2 isoform 4 [Homo sapiens]
NP_190162.4	XP_011517316.1	2.38e-18	91.3	25.191	262	52	terminal uridylyltransferase 7 isoform X1 [Homo sapiens]
NP_190162.4	XP_011517315.1	2.38e-18	91.3	25.191	262	52	terminal uridylyltransferase 7 isoform X1 [Homo sapiens]
NP_190162.4	XP_011517314.1	2.38e-18	91.3	25.191	262	52	terminal uridylyltransferase 7 isoform X1 [Homo sapiens]
NP_190162.4	XP_011517313.1	2.38e-18	91.3	25.191	262	52	terminal uridylyltransferase 7 isoform X1 [Homo sapiens]
NP_190162.4	XP_011517317.1	2.42e-18	91.3	25.191	262	52	terminal uridylyltransferase 7 isoform X3 [Homo sapiens]
NP_190162.4	XP_005252265.1	2.59e-18	90.9	25.191	262	52	terminal uridylyltransferase 7 isoform X7 [Homo sapiens]
NP_190162.4	XP_047279823.1	2.67e-18	90.9	25.191	262	52	terminal uridylyltransferase 7 isoform X2 [Homo sapiens]
NP_190162.4	XP_006717346.1	2.67e-18	90.9	25.191	262	52	terminal uridylyltransferase 7 isoform X2 [Homo sapiens]
NP_491621.1	XP_011517318.1	3.91e-23	105	26.408	284	57	terminal uridylyltransferase 7 isoform X5 [Homo sapiens]
NP_491621.1	XP_005252265.1	4.45e-23	105	26.408	284	57	terminal uridylyltransferase 7 isoform X7 [Homo sapiens]
NP_491621.1	XP_047279823.1	4.56e-23	105	26.408	284	57	terminal uridylyltransferase 7 isoform X2 [Homo sapiens]
NP_491621.1	XP_006717346.1	4.56e-23	105	26.408	284	57	terminal uridylyltransferase 7 isoform X2 [Homo sapiens]
NP_491621.1	XP_016870620.1	4.60e-23	105	26.408	284	57	terminal uridylyltransferase 7 isoform X4 [Homo sapiens]
NP_491621.1	XP_016870619.1	4.60e-23	105	26.408	284	57	terminal uridylyltransferase 7 isoform X4 [Homo sapiens]
NP_491621.1	NP_078893.2	4.60e-23	105	26.408	284	57	terminal uridylyltransferase 7 isoform 1 [Homo sapiens]
NP_491621.1	NP_001171988.1	4.60e-23	105	26.408	284	57	terminal uridylyltransferase 7 isoform 1 [Homo sapiens]
NP_491621.1	NP_001317647.1	4.62e-23	105	26.408	284	57	terminal uridylyltransferase 7 isoform 3 [Homo sapiens]
NP_491621.1	XP_011517317.1	4.68e-23	105	26.408	284	57	terminal uridylyltransferase 7 isoform X3 [Homo sapiens]
NP_491834.1	NP_001375027.1	9.37e-23	102	27.119	354	77	poly(A) RNA polymerase GLD2 isoform 7 [Homo sapiens]
NP_491834.1	XP_047272805.1	1.02e-22	102	27.119	354	77	poly(A) RNA polymerase GLD2 isoform X2 [Homo sapiens]
NP_491834.1	XP_047272804.1	1.02e-22	102	27.119	354	77	poly(A) RNA polymerase GLD2 isoform X2 [Homo sapiens]
NP_491834.1	XP_047272803.1	1.02e-22	102	27.119	354	77	poly(A) RNA polymerase GLD2 isoform X2 [Homo sapiens]
NP_491834.1	XP_047272802.1	1.02e-22	102	27.119	354	77	poly(A) RNA polymerase GLD2 isoform X2 [Homo sapiens]
NP_491834.1	XP_016864641.1	1.02e-22	102	27.119	354	77	poly(A) RNA polymerase GLD2 isoform X2 [Homo sapiens]
NP_491834.1	NP_001375026.1	1.02e-22	102	27.119	354	77	poly(A) RNA polymerase GLD2 isoform 6 [Homo sapiens]
NP_491834.1	NP_001375025.1	1.02e-22	102	27.119	354	77	poly(A) RNA polymerase GLD2 isoform 6 [Homo sapiens]
NP_491834.1	NP_001375024.1	1.02e-22	102	27.119	354	77	poly(A) RNA polymerase GLD2 isoform 6 [Homo sapiens]
NP_491834.1	NP_001336480.1	1.02e-22	102	27.119	354	77	poly(A) RNA polymerase GLD2 isoform 6 [Homo sapiens]
NP_491841.2	NP_001375065.1	2.63e-59	210	34.031	382	37	poly(A) RNA polymerase GLD2 isoform 14 [Homo sapiens]
NP_491841.2	NP_001375061.1	3.71e-59	212	34.031	382	37	poly(A) RNA polymerase GLD2 isoform 12 [Homo sapiens]
NP_491841.2	NP_001375059.1	4.62e-59	213	34.031	382	37	poly(A) RNA polymerase GLD2 isoform 10 [Homo sapiens]
NP_491841.2	XP_047272811.1	4.69e-59	213	34.031	382	37	poly(A) RNA polymerase GLD2 isoform X4 [Homo sapiens]
NP_491841.2	XP_047272810.1	4.69e-59	213	34.031	382	37	poly(A) RNA polymerase GLD2 isoform X4 [Homo sapiens]
NP_491841.2	XP_047272809.1	4.69e-59	213	34.031	382	37	poly(A) RNA polymerase GLD2 isoform X4 [Homo sapiens]
NP_491841.2	NP_001375058.1	4.69e-59	213	34.031	382	37	poly(A) RNA polymerase GLD2 isoform 2 [Homo sapiens]
NP_491841.2	NP_001375057.1	4.69e-59	213	34.031	382	37	poly(A) RNA polymerase GLD2 isoform 2 [Homo sapiens]
NP_491841.2	NP_001375056.1	4.69e-59	213	34.031	382	37	poly(A) RNA polymerase GLD2 isoform 2 [Homo sapiens]
NP_491841.2	NP_001375055.1	4.69e-59	213	34.031	382	37	poly(A) RNA polymerase GLD2 isoform 2 [Homo sapiens]
NP_491842.2	XP_047272811.1	1.68e-58	211	34.031	382	34	poly(A) RNA polymerase GLD2 isoform X4 [Homo sapiens]
NP_491842.2	XP_047272810.1	1.68e-58	211	34.031	382	34	poly(A) RNA polymerase GLD2 isoform X4 [Homo sapiens]
NP_491842.2	XP_047272809.1	1.68e-58	211	34.031	382	34	poly(A) RNA polymerase GLD2 isoform X4 [Homo sapiens]
NP_491842.2	NP_001375058.1	1.68e-58	211	34.031	382	34	poly(A) RNA polymerase GLD2 isoform 2 [Homo sapiens]
NP_491842.2	NP_001375057.1	1.68e-58	211	34.031	382	34	poly(A) RNA polymerase GLD2 isoform 2 [Homo sapiens]
NP_491842.2	NP_001375056.1	1.68e-58	211	34.031	382	34	poly(A) RNA polymerase GLD2 isoform 2 [Homo sapiens]
NP_491842.2	NP_001375055.1	1.68e-58	211	34.031	382	34	poly(A) RNA polymerase GLD2 isoform 2 [Homo sapiens]
NP_491842.2	NP_001375054.1	1.68e-58	211	34.031	382	34	poly(A) RNA polymerase GLD2 isoform 2 [Homo sapiens]
NP_491842.2	NP_001375053.1	1.68e-58	211	34.031	382	34	poly(A) RNA polymerase GLD2 isoform 2 [Homo sapiens]
NP_491842.2	NP_001375052.1	1.68e-58	211	34.031	382	34	poly(A) RNA polymerase GLD2 isoform 2 [Homo sapiens]
NP_492446.3	NP_008930.2	2.45e-58	216	38.329	347	40	terminal nucleotidyltransferase 4A isoform 1 [Homo sapiens]
NP_492446.3	NP_001165276.2	2.64e-58	216	38.329	347	40	terminal nucleotidyltransferase 4A isoform 2 [Homo sapiens]
NP_492446.3	NP_001035375.2	8.82e-54	200	36.705	346	40	terminal nucleotidyltransferase 4B isoform b [Homo sapiens]
NP_492446.3	XP_011521578.1	8.96e-54	200	36.705	346	40	terminal nucleotidyltransferase 4B isoform X2 [Homo sapiens]
NP_492446.3	NP_001035374.2	9.07e-54	201	36.705	346	40	terminal nucleotidyltransferase 4B isoform a [Homo sapiens]
NP_492446.3	XP_011521577.1	9.19e-54	201	36.705	346	40	terminal nucleotidyltransferase 4B isoform X1 [Homo sapiens]
NP_492446.3	XP_047290432.1	2.95e-53	199	36.705	346	40	terminal nucleotidyltransferase 4B isoform X4 [Homo sapiens]
NP_492446.3	NP_001352252.1	3.24e-53	199	36.705	346	40	terminal nucleotidyltransferase 4B isoform c [Homo sapiens]
NP_492446.3	NP_001352253.1	4.96e-53	199	36.705	346	40	terminal nucleotidyltransferase 4B isoform d [Homo sapiens]
NP_492446.3	XP_047290431.1	5.45e-53	198	36.705	346	40	terminal nucleotidyltransferase 4B isoform X3 [Homo sapiens]
NP_498099.1	NP_001317647.1	2.18e-65	240	35.747	442	30	terminal uridylyltransferase 7 isoform 3 [Homo sapiens]
NP_498099.1	XP_005252265.1	1.46e-64	244	35.294	459	31	terminal uridylyltransferase 7 isoform X7 [Homo sapiens]
NP_498099.1	XP_047272384.1	1.46e-64	240	32.046	518	35	terminal uridylyltransferase 4 isoform X46 [Homo sapiens]
NP_498099.1	XP_016856297.1	7.19e-64	242	31.783	516	35	terminal uridylyltransferase 4 isoform X36 [Homo sapiens]
NP_498099.1	XP_016856299.1	7.96e-64	242	31.783	516	35	terminal uridylyltransferase 4 isoform X40 [Homo sapiens]
NP_498099.1	XP_016856292.1	8.16e-64	242	31.783	516	35	terminal uridylyltransferase 4 isoform X9 [Homo sapiens]
NP_498099.1	XP_047272345.1	8.40e-64	242	31.783	516	35	terminal uridylyltransferase 4 isoform X31 [Homo sapiens]
NP_498099.1	XP_047272365.1	8.43e-64	242	31.783	516	35	terminal uridylyltransferase 4 isoform X38 [Homo sapiens]
NP_498099.1	XP_005270739.1	8.53e-64	242	31.783	516	35	terminal uridylyltransferase 4 isoform X33 [Homo sapiens]
NP_498099.1	XP_047272285.1	8.55e-64	242	31.783	516	35	terminal uridylyltransferase 4 isoform X7 [Homo sapiens]
NP_498100.1	XP_047272372.1	3.78e-42	164	34.237	295	56	terminal uridylyltransferase 4 isoform X42 [Homo sapiens]
NP_498100.1	XP_047272344.1	4.28e-42	163	34.237	295	56	terminal uridylyltransferase 4 isoform X30 [Homo sapiens]
NP_498100.1	XP_047272290.1	4.30e-42	163	34.237	295	56	terminal uridylyltransferase 4 isoform X11 [Homo sapiens]
NP_498100.1	XP_047272286.1	4.60e-42	163	34.237	295	56	terminal uridylyltransferase 4 isoform X8 [Homo sapiens]
NP_498100.1	XP_047272295.1	4.63e-42	163	34.237	295	56	terminal uridylyltransferase 4 isoform X12 [Homo sapiens]
NP_498100.1	XP_047272305.1	4.76e-42	163	34.237	295	56	terminal uridylyltransferase 4 isoform X17 [Homo sapiens]
NP_498100.1	XP_047272296.1	5.08e-42	163	34.237	295	56	terminal uridylyltransferase 4 isoform X13 [Homo sapiens]
NP_498100.1	XP_047272350.1	5.54e-42	163	34.237	295	56	terminal uridylyltransferase 4 isoform X34 [Homo sapiens]
NP_498100.1	XP_016856297.1	1.46e-41	162	35.145	276	53	terminal uridylyltransferase 4 isoform X36 [Homo sapiens]
NP_498100.1	XP_005270739.1	1.49e-41	162	35.145	276	53	terminal uridylyltransferase 4 isoform X33 [Homo sapiens]
NP_505067.1	NP_001375065.1	7.25e-14	75.1	24.185	368	85	poly(A) RNA polymerase GLD2 isoform 14 [Homo sapiens]
NP_505067.1	NP_001375061.1	1.03e-13	75.1	24.185	368	85	poly(A) RNA polymerase GLD2 isoform 12 [Homo sapiens]
NP_505067.1	XP_047272811.1	1.16e-13	75.1	24.185	368	85	poly(A) RNA polymerase GLD2 isoform X4 [Homo sapiens]
NP_505067.1	XP_047272810.1	1.16e-13	75.1	24.185	368	85	poly(A) RNA polymerase GLD2 isoform X4 [Homo sapiens]
NP_505067.1	XP_047272809.1	1.16e-13	75.1	24.185	368	85	poly(A) RNA polymerase GLD2 isoform X4 [Homo sapiens]
NP_505067.1	NP_001375058.1	1.16e-13	75.1	24.185	368	85	poly(A) RNA polymerase GLD2 isoform 2 [Homo sapiens]
NP_505067.1	NP_001375057.1	1.16e-13	75.1	24.185	368	85	poly(A) RNA polymerase GLD2 isoform 2 [Homo sapiens]
NP_505067.1	NP_001375056.1	1.16e-13	75.1	24.185	368	85	poly(A) RNA polymerase GLD2 isoform 2 [Homo sapiens]
NP_505067.1	NP_001375055.1	1.16e-13	75.1	24.185	368	85	poly(A) RNA polymerase GLD2 isoform 2 [Homo sapiens]
NP_505067.1	NP_001375054.1	1.16e-13	75.1	24.185	368	85	poly(A) RNA polymerase GLD2 isoform 2 [Homo sapiens]
NP_566048.1	NP_001317647.1	2.69e-50	191	33.544	316	40	terminal uridylyltransferase 7 isoform 3 [Homo sapiens]
NP_566048.1	XP_047279823.1	8.66e-50	192	33.544	316	40	terminal uridylyltransferase 7 isoform X2 [Homo sapiens]
NP_566048.1	XP_006717346.1	8.66e-50	192	33.544	316	40	terminal uridylyltransferase 7 isoform X2 [Homo sapiens]
NP_566048.1	XP_005252265.1	1.04e-49	192	33.544	316	40	terminal uridylyltransferase 7 isoform X7 [Homo sapiens]
NP_566048.1	XP_011517317.1	1.19e-49	191	33.544	316	40	terminal uridylyltransferase 7 isoform X3 [Homo sapiens]
NP_566048.1	XP_011517316.1	1.26e-49	191	33.544	316	40	terminal uridylyltransferase 7 isoform X1 [Homo sapiens]
NP_566048.1	XP_011517315.1	1.26e-49	191	33.544	316	40	terminal uridylyltransferase 7 isoform X1 [Homo sapiens]
NP_566048.1	XP_011517314.1	1.26e-49	191	33.544	316	40	terminal uridylyltransferase 7 isoform X1 [Homo sapiens]
NP_566048.1	XP_011517313.1	1.26e-49	191	33.544	316	40	terminal uridylyltransferase 7 isoform X1 [Homo sapiens]
NP_566048.1	XP_016870620.1	1.27e-49	191	33.544	316	40	terminal uridylyltransferase 7 isoform X4 [Homo sapiens]
NP_568798.1	XP_047290433.1	1.05e-70	236	43.667	300	55	terminal nucleotidyltransferase 4B isoform X6 [Homo sapiens]
NP_568798.1	XP_011521580.1	2.30e-70	236	43.366	309	56	terminal nucleotidyltransferase 4B isoform X5 [Homo sapiens]
NP_568798.1	XP_047290432.1	3.00e-69	236	42.949	312	57	terminal nucleotidyltransferase 4B isoform X4 [Homo sapiens]
NP_568798.1	NP_001035375.2	3.59e-69	236	43.234	303	55	terminal nucleotidyltransferase 4B isoform b [Homo sapiens]
NP_568798.1	XP_011521578.1	3.66e-69	236	43.234	303	55	terminal nucleotidyltransferase 4B isoform X2 [Homo sapiens]
NP_568798.1	XP_047290431.1	4.26e-69	236	42.949	312	57	terminal nucleotidyltransferase 4B isoform X3 [Homo sapiens]
NP_568798.1	NP_001352252.1	4.33e-69	237	42.949	312	57	terminal nucleotidyltransferase 4B isoform c [Homo sapiens]
NP_568798.1	NP_001352253.1	7.87e-69	236	42.949	312	57	terminal nucleotidyltransferase 4B isoform d [Homo sapiens]
NP_568798.1	NP_001035374.2	8.01e-69	236	42.949	312	57	terminal nucleotidyltransferase 4B isoform a [Homo sapiens]
NP_568798.1	XP_011521577.1	8.15e-69	236	42.949	312	57	terminal nucleotidyltransferase 4B isoform X1 [Homo sapiens]
NP_585909.2	XP_047290433.1	2.17e-38	145	31.889	323	88	terminal nucleotidyltransferase 4B isoform X6 [Homo sapiens]
NP_585909.2	XP_011521580.1	4.59e-38	144	31.889	323	88	terminal nucleotidyltransferase 4B isoform X5 [Homo sapiens]
NP_585909.2	NP_001035375.2	1.88e-37	144	33.803	284	77	terminal nucleotidyltransferase 4B isoform b [Homo sapiens]
NP_585909.2	XP_011521578.1	1.89e-37	144	33.803	284	77	terminal nucleotidyltransferase 4B isoform X2 [Homo sapiens]
NP_585909.2	XP_047290431.1	1.96e-37	144	33.803	284	77	terminal nucleotidyltransferase 4B isoform X3 [Homo sapiens]
NP_585909.2	XP_047290432.1	2.35e-37	144	33.803	284	77	terminal nucleotidyltransferase 4B isoform X4 [Homo sapiens]
NP_585909.2	NP_001352252.1	2.64e-37	144	33.803	284	77	terminal nucleotidyltransferase 4B isoform c [Homo sapiens]
NP_585909.2	NP_001035374.2	3.00e-37	144	33.803	284	77	terminal nucleotidyltransferase 4B isoform a [Homo sapiens]
NP_585909.2	XP_011521577.1	3.02e-37	144	33.803	284	77	terminal nucleotidyltransferase 4B isoform X1 [Homo sapiens]
NP_585909.2	NP_001352253.1	3.47e-37	144	33.803	284	77	terminal nucleotidyltransferase 4B isoform d [Homo sapiens]
NP_593157.1	NP_001317647.1	4.54e-39	155	32.258	341	56	terminal uridylyltransferase 7 isoform 3 [Homo sapiens]
NP_593157.1	XP_011517316.1	6.78e-39	155	32.448	339	56	terminal uridylyltransferase 7 isoform X1 [Homo sapiens]
NP_593157.1	XP_011517315.1	6.78e-39	155	32.448	339	56	terminal uridylyltransferase 7 isoform X1 [Homo sapiens]
NP_593157.1	XP_011517314.1	6.78e-39	155	32.448	339	56	terminal uridylyltransferase 7 isoform X1 [Homo sapiens]
NP_593157.1	XP_011517313.1	6.78e-39	155	32.448	339	56	terminal uridylyltransferase 7 isoform X1 [Homo sapiens]
NP_593157.1	XP_047279823.1	7.21e-39	155	32.448	339	56	terminal uridylyltransferase 7 isoform X2 [Homo sapiens]
NP_593157.1	XP_006717346.1	7.21e-39	155	32.448	339	56	terminal uridylyltransferase 7 isoform X2 [Homo sapiens]
NP_593157.1	XP_011517318.1	7.24e-39	155	32.448	339	56	terminal uridylyltransferase 7 isoform X5 [Homo sapiens]
NP_593157.1	XP_011517317.1	7.54e-39	155	32.448	339	56	terminal uridylyltransferase 7 isoform X3 [Homo sapiens]
NP_593157.1	XP_005252265.1	7.72e-39	155	32.448	339	56	terminal uridylyltransferase 7 isoform X7 [Homo sapiens]
NP_593571.1	NP_001375066.1	2.17e-20	95.5	29.630	216	18	poly(A) RNA polymerase GLD2 isoform 15 [Homo sapiens]
NP_593571.1	XP_047272820.1	6.04e-20	93.2	30.151	199	16	poly(A) RNA polymerase GLD2 isoform X11 [Homo sapiens]
NP_593571.1	NP_001336477.1	6.28e-20	93.6	30.000	200	16	poly(A) RNA polymerase GLD2 isoform 4 [Homo sapiens]
NP_593571.1	NP_001375065.1	8.10e-20	95.1	27.907	258	20	poly(A) RNA polymerase GLD2 isoform 14 [Homo sapiens]
NP_593571.1	NP_001375061.1	2.27e-19	95.1	28.016	257	20	poly(A) RNA polymerase GLD2 isoform 12 [Homo sapiens]
NP_593571.1	NP_001375059.1	2.87e-19	95.1	28.016	257	20	poly(A) RNA polymerase GLD2 isoform 10 [Homo sapiens]
NP_593571.1	XP_047272811.1	2.89e-19	95.1	28.016	257	20	poly(A) RNA polymerase GLD2 isoform X4 [Homo sapiens]
NP_593571.1	XP_047272810.1	2.89e-19	95.1	28.016	257	20	poly(A) RNA polymerase GLD2 isoform X4 [Homo sapiens]
NP_593571.1	XP_047272809.1	2.89e-19	95.1	28.016	257	20	poly(A) RNA polymerase GLD2 isoform X4 [Homo sapiens]
NP_593571.1	NP_001375058.1	2.89e-19	95.1	28.016	257	20	poly(A) RNA polymerase GLD2 isoform 2 [Homo sapiens]
NP_594901.1	XP_047272286.1	6.12e-36	142	32.915	319	74	terminal uridylyltransferase 4 isoform X8 [Homo sapiens]
NP_594901.1	XP_047272296.1	6.41e-36	142	32.915	319	74	terminal uridylyltransferase 4 isoform X13 [Homo sapiens]
NP_594901.1	XP_047272290.1	6.59e-36	142	32.915	319	74	terminal uridylyltransferase 4 isoform X11 [Homo sapiens]
NP_594901.1	XP_047272295.1	6.72e-36	142	32.915	319	74	terminal uridylyltransferase 4 isoform X12 [Homo sapiens]
NP_594901.1	XP_047272305.1	7.30e-36	142	32.915	319	74	terminal uridylyltransferase 4 isoform X17 [Homo sapiens]
NP_594901.1	XP_047272350.1	8.31e-36	142	32.915	319	74	terminal uridylyltransferase 4 isoform X34 [Homo sapiens]
NP_594901.1	XP_047272372.1	8.74e-36	142	32.915	319	74	terminal uridylyltransferase 4 isoform X42 [Homo sapiens]
NP_594901.1	XP_047272344.1	9.32e-36	142	32.915	319	74	terminal uridylyltransferase 4 isoform X30 [Homo sapiens]
NP_594901.1	NP_001317647.1	1.08e-35	141	29.855	345	82	terminal uridylyltransferase 7 isoform 3 [Homo sapiens]
NP_594901.1	XP_011517316.1	1.48e-35	141	29.855	345	82	terminal uridylyltransferase 7 isoform X1 [Homo sapiens]
NP_595210.1	XP_047272384.1	3.03e-33	136	29.553	291	57	terminal uridylyltransferase 4 isoform X46 [Homo sapiens]
NP_595210.1	XP_047272280.1	5.39e-33	135	29.553	291	57	terminal uridylyltransferase 4 isoform X3 [Homo sapiens]
NP_595210.1	XP_005270736.1	5.39e-33	135	29.553	291	57	terminal uridylyltransferase 4 isoform X3 [Homo sapiens]
NP_595210.1	XP_047272288.1	5.62e-33	135	29.553	291	57	terminal uridylyltransferase 4 isoform X10 [Homo sapiens]
NP_595210.1	XP_016856295.1	5.62e-33	135	29.553	291	57	terminal uridylyltransferase 4 isoform X25 [Homo sapiens]
NP_595210.1	XP_047272325.1	5.63e-33	135	29.553	291	57	terminal uridylyltransferase 4 isoform X23 [Homo sapiens]
NP_595210.1	XP_011539399.1	5.86e-33	135	29.553	291	57	terminal uridylyltransferase 4 isoform X1 [Homo sapiens]
NP_595210.1	XP_005270733.1	5.86e-33	135	29.553	291	57	terminal uridylyltransferase 4 isoform X1 [Homo sapiens]
NP_595210.1	XP_005270735.1	5.92e-33	135	29.553	291	57	terminal uridylyltransferase 4 isoform X2 [Homo sapiens]
NP_595210.1	XP_016856293.1	5.93e-33	135	29.553	291	57	terminal uridylyltransferase 4 isoform X16 [Homo sapiens]
NP_649693.3	XP_005252265.1	1.94e-17	89.0	28.344	314	53	terminal uridylyltransferase 7 isoform X7 [Homo sapiens]
NP_649693.3	XP_047279823.1	2.41e-17	89.0	28.344	314	53	terminal uridylyltransferase 7 isoform X2 [Homo sapiens]
NP_649693.3	XP_006717346.1	2.41e-17	89.0	28.344	314	53	terminal uridylyltransferase 7 isoform X2 [Homo sapiens]
NP_649693.3	XP_016870620.1	2.43e-17	88.6	28.344	314	53	terminal uridylyltransferase 7 isoform X4 [Homo sapiens]
NP_649693.3	XP_016870619.1	2.43e-17	88.6	28.344	314	53	terminal uridylyltransferase 7 isoform X4 [Homo sapiens]
NP_649693.3	NP_078893.2	2.43e-17	88.6	28.344	314	53	terminal uridylyltransferase 7 isoform 1 [Homo sapiens]
NP_649693.3	NP_001171988.1	2.43e-17	88.6	28.344	314	53	terminal uridylyltransferase 7 isoform 1 [Homo sapiens]
NP_649693.3	XP_011517318.1	2.49e-17	88.6	28.344	314	53	terminal uridylyltransferase 7 isoform X5 [Homo sapiens]
NP_649693.3	XP_011517317.1	2.49e-17	88.6	28.344	314	53	terminal uridylyltransferase 7 isoform X3 [Homo sapiens]
NP_649693.3	XP_011517316.1	2.50e-17	88.6	28.344	314	53	terminal uridylyltransferase 7 isoform X1 [Homo sapiens]
NP_705766.3	XP_047279825.1	0.0	2375	80.296	1487	100	terminal uridylyltransferase 7 isoform X6 [Homo sapiens]
NP_705766.3	XP_047279824.1	0.0	2375	80.296	1487	100	terminal uridylyltransferase 7 isoform X6 [Homo sapiens]
NP_705766.3	XP_005252264.1	0.0	2375	80.296	1487	100	terminal uridylyltransferase 7 isoform X6 [Homo sapiens]
NP_705766.3	XP_047279823.1	0.0	2371	80.135	1485	99	terminal uridylyltransferase 7 isoform X2 [Homo sapiens]
NP_705766.3	XP_006717346.1	0.0	2371	80.135	1485	99	terminal uridylyltransferase 7 isoform X2 [Homo sapiens]
NP_705766.3	XP_011517317.1	0.0	2367	80.135	1485	99	terminal uridylyltransferase 7 isoform X3 [Homo sapiens]
NP_705766.3	XP_011517318.1	0.0	2366	80.243	1483	99	terminal uridylyltransferase 7 isoform X5 [Homo sapiens]
NP_705766.3	XP_011517316.1	0.0	2365	80.135	1485	99	terminal uridylyltransferase 7 isoform X1 [Homo sapiens]
NP_705766.3	XP_011517315.1	0.0	2365	80.135	1485	99	terminal uridylyltransferase 7 isoform X1 [Homo sapiens]
NP_705766.3	XP_011517314.1	0.0	2365	80.135	1485	99	terminal uridylyltransferase 7 isoform X1 [Homo sapiens]
NP_731129.1	XP_011517317.1	2.32e-17	88.2	28.344	314	59	terminal uridylyltransferase 7 isoform X3 [Homo sapiens]
NP_731129.1	XP_005252265.1	2.46e-17	88.2	28.344	314	59	terminal uridylyltransferase 7 isoform X7 [Homo sapiens]
NP_731129.1	XP_011517318.1	2.51e-17	88.2	28.344	314	59	terminal uridylyltransferase 7 isoform X5 [Homo sapiens]
NP_731129.1	XP_011517316.1	2.56e-17	88.2	28.344	314	59	terminal uridylyltransferase 7 isoform X1 [Homo sapiens]
NP_731129.1	XP_011517315.1	2.56e-17	88.2	28.344	314	59	terminal uridylyltransferase 7 isoform X1 [Homo sapiens]
NP_731129.1	XP_011517314.1	2.56e-17	88.2	28.344	314	59	terminal uridylyltransferase 7 isoform X1 [Homo sapiens]
NP_731129.1	XP_011517313.1	2.56e-17	88.2	28.344	314	59	terminal uridylyltransferase 7 isoform X1 [Homo sapiens]
NP_731129.1	XP_047279825.1	2.58e-17	88.2	28.344	314	59	terminal uridylyltransferase 7 isoform X6 [Homo sapiens]
NP_731129.1	XP_047279824.1	2.58e-17	88.2	28.344	314	59	terminal uridylyltransferase 7 isoform X6 [Homo sapiens]
NP_731129.1	XP_005252264.1	2.58e-17	88.2	28.344	314	59	terminal uridylyltransferase 7 isoform X6 [Homo sapiens]
NP_780681.2	XP_047272283.1	0.0	2882	86.547	1665	100	terminal uridylyltransferase 4 isoform X6 [Homo sapiens]
NP_780681.2	XP_005270737.1	0.0	2882	86.547	1665	100	terminal uridylyltransferase 4 isoform X6 [Homo sapiens]
NP_780681.2	XP_047272281.1	0.0	2876	86.287	1670	100	terminal uridylyltransferase 4 isoform X4 [Homo sapiens]
NP_780681.2	NP_001009881.1	0.0	2876	86.287	1670	100	terminal uridylyltransferase 4 isoform a [Homo sapiens]
NP_780681.2	XP_047272282.1	0.0	2875	86.339	1669	100	terminal uridylyltransferase 4 isoform X5 [Homo sapiens]
NP_780681.2	NP_056084.1	0.0	2875	86.339	1669	100	terminal uridylyltransferase 4 isoform b [Homo sapiens]
NP_780681.2	XP_047272280.1	0.0	2840	86.306	1643	99	terminal uridylyltransferase 4 isoform X3 [Homo sapiens]
NP_780681.2	XP_005270736.1	0.0	2840	86.306	1643	99	terminal uridylyltransferase 4 isoform X3 [Homo sapiens]
NP_780681.2	XP_005270735.1	0.0	2833	86.096	1647	99	terminal uridylyltransferase 4 isoform X2 [Homo sapiens]
NP_780681.2	XP_011539399.1	0.0	2833	86.044	1648	99	terminal uridylyltransferase 4 isoform X1 [Homo sapiens]
NP_932110.1	NP_073741.3	0.0	1229	77.790	878	99	speckle targeted PIP5K1A-regulated poly(A) polymerase isoform 1 [Homo sapiens]
NP_932110.1	NP_001354835.1	0.0	676	83.063	431	49	speckle targeted PIP5K1A-regulated poly(A) polymerase isoform 2 [Homo sapiens]
NP_932110.1	NP_060579.3	6.44e-42	164	33.818	275	31	poly(A) RNA polymerase, mitochondrial precursor [Homo sapiens]
NP_932110.1	XP_047272290.1	5.59e-26	118	33.333	240	26	terminal uridylyltransferase 4 isoform X11 [Homo sapiens]
NP_932110.1	XP_047272283.1	5.67e-26	118	33.333	240	26	terminal uridylyltransferase 4 isoform X6 [Homo sapiens]
NP_932110.1	XP_005270737.1	5.67e-26	118	33.333	240	26	terminal uridylyltransferase 4 isoform X6 [Homo sapiens]
NP_932110.1	XP_016856292.1	5.79e-26	118	33.333	240	26	terminal uridylyltransferase 4 isoform X9 [Homo sapiens]
NP_932110.1	XP_016856297.1	5.84e-26	118	33.333	240	26	terminal uridylyltransferase 4 isoform X36 [Homo sapiens]
NP_932110.1	XP_047272282.1	5.88e-26	118	33.333	240	26	terminal uridylyltransferase 4 isoform X5 [Homo sapiens]
NP_932110.1	NP_056084.1	5.88e-26	118	33.333	240	26	terminal uridylyltransferase 4 isoform b [Homo sapiens]
NP_941002.3	NP_008930.2	0.0	1269	90.921	793	100	terminal nucleotidyltransferase 4A isoform 1 [Homo sapiens]
NP_941002.3	NP_001165276.2	0.0	1262	90.794	793	100	terminal nucleotidyltransferase 4A isoform 2 [Homo sapiens]
NP_941002.3	XP_047272622.1	0.0	987	94.834	542	69	terminal nucleotidyltransferase 4A isoform X1 [Homo sapiens]
NP_941002.3	XP_047272621.1	0.0	987	94.834	542	69	terminal nucleotidyltransferase 4A isoform X1 [Homo sapiens]
NP_941002.3	XP_047272620.1	0.0	987	94.834	542	69	terminal nucleotidyltransferase 4A isoform X1 [Homo sapiens]
NP_941002.3	XP_047272623.1	0.0	967	94.747	533	68	terminal nucleotidyltransferase 4A isoform X2 [Homo sapiens]
NP_941002.3	XP_016864477.1	0.0	967	94.747	533	68	terminal nucleotidyltransferase 4A isoform X2 [Homo sapiens]
NP_941002.3	XP_047272624.1	0.0	961	94.559	533	68	terminal nucleotidyltransferase 4A isoform X3 [Homo sapiens]
NP_941002.3	NP_001352252.1	0.0	555	67.079	404	51	terminal nucleotidyltransferase 4B isoform c [Homo sapiens]
NP_941002.3	XP_011521577.1	0.0	554	67.079	404	51	terminal nucleotidyltransferase 4B isoform X1 [Homo sapiens]
NP_984654.1	NP_008930.2	1.77e-59	215	39.934	303	48	terminal nucleotidyltransferase 4A isoform 1 [Homo sapiens]
NP_984654.1	NP_001165276.2	1.80e-59	215	39.934	303	48	terminal nucleotidyltransferase 4A isoform 2 [Homo sapiens]
NP_984654.1	XP_047290433.1	1.14e-58	206	38.889	306	48	terminal nucleotidyltransferase 4B isoform X6 [Homo sapiens]
NP_984654.1	XP_047272622.1	1.62e-58	207	38.816	304	48	terminal nucleotidyltransferase 4A isoform X1 [Homo sapiens]
NP_984654.1	XP_047272621.1	1.62e-58	207	38.816	304	48	terminal nucleotidyltransferase 4A isoform X1 [Homo sapiens]
NP_984654.1	XP_047272620.1	1.62e-58	207	38.816	304	48	terminal nucleotidyltransferase 4A isoform X1 [Homo sapiens]
NP_984654.1	XP_011521580.1	1.65e-58	207	37.975	316	50	terminal nucleotidyltransferase 4B isoform X5 [Homo sapiens]
NP_984654.1	NP_001035375.2	2.80e-57	206	38.889	306	48	terminal nucleotidyltransferase 4B isoform b [Homo sapiens]
NP_984654.1	XP_011521578.1	2.85e-57	206	38.889	306	48	terminal nucleotidyltransferase 4B isoform X2 [Homo sapiens]
NP_984654.1	XP_047290432.1	5.50e-57	205	38.889	306	48	terminal nucleotidyltransferase 4B isoform X4 [Homo sapiens]
NP_996325.1	NP_060579.3	8.52e-45	161	45.506	178	62	poly(A) RNA polymerase, mitochondrial precursor [Homo sapiens]
NP_996325.1	NP_073741.3	9.23e-23	100	37.158	183	60	speckle targeted PIP5K1A-regulated poly(A) polymerase isoform 1 [Homo sapiens]
NP_996325.1	XP_047272820.1	4.25e-14	72.8	30.882	136	47	poly(A) RNA polymerase GLD2 isoform X11 [Homo sapiens]
NP_996325.1	NP_001336477.1	5.12e-14	72.8	30.882	136	47	poly(A) RNA polymerase GLD2 isoform 4 [Homo sapiens]
NP_996325.1	NP_001375066.1	1.60e-13	71.6	30.882	136	47	poly(A) RNA polymerase GLD2 isoform 15 [Homo sapiens]
NP_996325.1	NP_001375065.1	2.49e-13	71.6	30.882	136	47	poly(A) RNA polymerase GLD2 isoform 14 [Homo sapiens]
NP_996325.1	NP_001375059.1	3.88e-13	71.6	30.882	136	47	poly(A) RNA polymerase GLD2 isoform 10 [Homo sapiens]
NP_996325.1	NP_001375061.1	4.01e-13	71.6	30.882	136	47	poly(A) RNA polymerase GLD2 isoform 12 [Homo sapiens]
NP_996325.1	XP_047272811.1	4.23e-13	71.6	30.882	136	47	poly(A) RNA polymerase GLD2 isoform X4 [Homo sapiens]
NP_996325.1	XP_047272810.1	4.23e-13	71.6	30.882	136	47	poly(A) RNA polymerase GLD2 isoform X4 [Homo sapiens]
WP_338171640.1	NP_001317647.1	1.79e-24	111	27.356	329	46	terminal uridylyltransferase 7 isoform 3 [Homo sapiens]
WP_338171640.1	XP_016870620.1	1.87e-24	112	27.385	325	46	terminal uridylyltransferase 7 isoform X4 [Homo sapiens]
WP_338171640.1	XP_016870619.1	1.87e-24	112	27.385	325	46	terminal uridylyltransferase 7 isoform X4 [Homo sapiens]
WP_338171640.1	NP_078893.2	1.87e-24	112	27.385	325	46	terminal uridylyltransferase 7 isoform 1 [Homo sapiens]
WP_338171640.1	NP_001171988.1	1.87e-24	112	27.385	325	46	terminal uridylyltransferase 7 isoform 1 [Homo sapiens]
WP_338171640.1	XP_011517318.1	1.97e-24	112	27.385	325	46	terminal uridylyltransferase 7 isoform X5 [Homo sapiens]
WP_338171640.1	XP_047279823.1	1.98e-24	112	27.385	325	46	terminal uridylyltransferase 7 isoform X2 [Homo sapiens]
WP_338171640.1	XP_006717346.1	1.98e-24	112	27.385	325	46	terminal uridylyltransferase 7 isoform X2 [Homo sapiens]
WP_338171640.1	XP_011517317.1	2.03e-24	112	27.385	325	46	terminal uridylyltransferase 7 isoform X3 [Homo sapiens]
WP_338171640.1	XP_047279825.1	2.05e-24	112	27.385	325	46	terminal uridylyltransferase 7 isoform X6 [Homo sapiens]
WP_338171946.1	NP_001317647.1	1.88e-23	108	26.748	329	46	terminal uridylyltransferase 7 isoform 3 [Homo sapiens]
WP_338171946.1	XP_047279823.1	1.89e-23	108	26.687	326	46	terminal uridylyltransferase 7 isoform X2 [Homo sapiens]
WP_338171946.1	XP_006717346.1	1.89e-23	108	26.687	326	46	terminal uridylyltransferase 7 isoform X2 [Homo sapiens]
WP_338171946.1	XP_047279825.1	2.08e-23	108	26.687	326	46	terminal uridylyltransferase 7 isoform X6 [Homo sapiens]
WP_338171946.1	XP_047279824.1	2.08e-23	108	26.687	326	46	terminal uridylyltransferase 7 isoform X6 [Homo sapiens]
WP_338171946.1	XP_005252264.1	2.08e-23	108	26.687	326	46	terminal uridylyltransferase 7 isoform X6 [Homo sapiens]
WP_338171946.1	XP_016870620.1	2.13e-23	108	26.687	326	46	terminal uridylyltransferase 7 isoform X4 [Homo sapiens]
WP_338171946.1	XP_016870619.1	2.13e-23	108	26.687	326	46	terminal uridylyltransferase 7 isoform X4 [Homo sapiens]
WP_338171946.1	NP_078893.2	2.13e-23	108	26.687	326	46	terminal uridylyltransferase 7 isoform 1 [Homo sapiens]
WP_338171946.1	NP_001171988.1	2.13e-23	108	26.687	326	46	terminal uridylyltransferase 7 isoform 1 [Homo sapiens]
WP_438995095.1	NP_001317647.1	1.50e-24	111	26.748	329	46	terminal uridylyltransferase 7 isoform 3 [Homo sapiens]
WP_438995095.1	XP_011517317.1	1.69e-24	112	26.769	325	46	terminal uridylyltransferase 7 isoform X3 [Homo sapiens]
WP_438995095.1	XP_005252265.1	1.82e-24	112	26.769	325	46	terminal uridylyltransferase 7 isoform X7 [Homo sapiens]
WP_438995095.1	XP_047279825.1	1.83e-24	112	26.769	325	46	terminal uridylyltransferase 7 isoform X6 [Homo sapiens]
WP_438995095.1	XP_047279824.1	1.83e-24	112	26.769	325	46	terminal uridylyltransferase 7 isoform X6 [Homo sapiens]
WP_438995095.1	XP_005252264.1	1.83e-24	112	26.769	325	46	terminal uridylyltransferase 7 isoform X6 [Homo sapiens]
WP_438995095.1	XP_011517318.1	1.85e-24	112	26.769	325	46	terminal uridylyltransferase 7 isoform X5 [Homo sapiens]
WP_438995095.1	XP_016870620.1	1.87e-24	112	26.769	325	46	terminal uridylyltransferase 7 isoform X4 [Homo sapiens]
WP_438995095.1	XP_016870619.1	1.87e-24	112	26.769	325	46	terminal uridylyltransferase 7 isoform X4 [Homo sapiens]
WP_438995095.1	NP_078893.2	1.87e-24	112	26.769	325	46	terminal uridylyltransferase 7 isoform 1 [Homo sapiens]
XP_001012854.1	XP_047272325.1	7.08e-11	68.2	25.641	273	48	terminal uridylyltransferase 4 isoform X23 [Homo sapiens]
XP_001012854.1	XP_047272285.1	7.24e-11	68.2	25.641	273	48	terminal uridylyltransferase 4 isoform X7 [Homo sapiens]
XP_001012854.1	XP_047272286.1	7.36e-11	68.2	25.641	273	48	terminal uridylyltransferase 4 isoform X8 [Homo sapiens]
XP_001012854.1	XP_011539399.1	7.58e-11	67.8	25.641	273	48	terminal uridylyltransferase 4 isoform X1 [Homo sapiens]
XP_001012854.1	XP_005270733.1	7.58e-11	67.8	25.641	273	48	terminal uridylyltransferase 4 isoform X1 [Homo sapiens]
XP_001012854.1	XP_016856292.1	7.62e-11	67.8	25.641	273	48	terminal uridylyltransferase 4 isoform X9 [Homo sapiens]
XP_001012854.1	XP_005270735.1	7.65e-11	67.8	25.641	273	48	terminal uridylyltransferase 4 isoform X2 [Homo sapiens]
XP_001012854.1	XP_047272290.1	7.68e-11	67.8	25.641	273	48	terminal uridylyltransferase 4 isoform X11 [Homo sapiens]
XP_001012854.1	XP_047272280.1	7.71e-11	67.8	25.641	273	48	terminal uridylyltransferase 4 isoform X3 [Homo sapiens]
XP_001012854.1	XP_005270736.1	7.71e-11	67.8	25.641	273	48	terminal uridylyltransferase 4 isoform X3 [Homo sapiens]
XP_001012858.2	XP_047272296.1	3.64e-17	88.2	25.501	349	60	terminal uridylyltransferase 4 isoform X13 [Homo sapiens]
XP_001012858.2	XP_047272372.1	3.67e-17	88.2	25.501	349	60	terminal uridylyltransferase 4 isoform X42 [Homo sapiens]
XP_001012858.2	XP_047272286.1	3.88e-17	88.2	25.501	349	60	terminal uridylyltransferase 4 isoform X8 [Homo sapiens]
XP_001012858.2	XP_047272290.1	3.91e-17	87.8	25.501	349	60	terminal uridylyltransferase 4 isoform X11 [Homo sapiens]
XP_001012858.2	XP_047272305.1	4.00e-17	87.8	25.501	349	60	terminal uridylyltransferase 4 isoform X17 [Homo sapiens]
XP_001012858.2	XP_047272295.1	4.15e-17	87.8	25.501	349	60	terminal uridylyltransferase 4 isoform X12 [Homo sapiens]
XP_001012858.2	XP_047272350.1	4.21e-17	87.8	25.501	349	60	terminal uridylyltransferase 4 isoform X34 [Homo sapiens]
XP_001012858.2	XP_047272344.1	4.48e-17	87.8	25.501	349	60	terminal uridylyltransferase 4 isoform X30 [Homo sapiens]
XP_001012858.2	XP_047272285.1	6.10e-17	87.4	26.000	300	52	terminal uridylyltransferase 4 isoform X7 [Homo sapiens]
XP_001012858.2	XP_016856292.1	6.31e-17	87.4	26.000	300	52	terminal uridylyltransferase 4 isoform X9 [Homo sapiens]
XP_001017236.3	XP_047290433.1	1.83e-26	117	31.046	306	26	terminal nucleotidyltransferase 4B isoform X6 [Homo sapiens]
XP_001017236.3	XP_011521580.1	1.89e-26	117	31.046	306	26	terminal nucleotidyltransferase 4B isoform X5 [Homo sapiens]
XP_001017236.3	NP_001035374.2	1.28e-25	116	29.508	305	25	terminal nucleotidyltransferase 4B isoform a [Homo sapiens]
XP_001017236.3	XP_011521577.1	1.28e-25	116	29.508	305	25	terminal nucleotidyltransferase 4B isoform X1 [Homo sapiens]
XP_001017236.3	NP_001352253.1	1.57e-25	116	29.508	305	25	terminal nucleotidyltransferase 4B isoform d [Homo sapiens]
XP_001017236.3	XP_047290432.1	1.58e-25	115	29.508	305	25	terminal nucleotidyltransferase 4B isoform X4 [Homo sapiens]
XP_001017236.3	NP_001352252.1	1.60e-25	116	29.508	305	25	terminal nucleotidyltransferase 4B isoform c [Homo sapiens]
XP_001017236.3	NP_001035375.2	1.61e-25	115	29.508	305	25	terminal nucleotidyltransferase 4B isoform b [Homo sapiens]
XP_001017236.3	XP_011521578.1	1.61e-25	115	29.508	305	25	terminal nucleotidyltransferase 4B isoform X2 [Homo sapiens]
XP_001017236.3	XP_047290431.1	1.81e-25	115	29.508	305	25	terminal nucleotidyltransferase 4B isoform X3 [Homo sapiens]
XP_001029623.2	NP_001375030.1	9.13e-10	64.7	26.562	192	21	poly(A) RNA polymerase GLD2 isoform 9 [Homo sapiens]
XP_001029623.2	NP_001375029.1	5.65e-09	62.0	24.615	195	21	poly(A) RNA polymerase GLD2 isoform 8 [Homo sapiens]
XP_001029623.2	NP_001375028.1	5.65e-09	62.0	24.615	195	21	poly(A) RNA polymerase GLD2 isoform 8 [Homo sapiens]
XP_001029623.2	XP_047272811.1	4.21e-08	59.3	23.438	320	36	poly(A) RNA polymerase GLD2 isoform X4 [Homo sapiens]
XP_001029623.2	XP_047272810.1	4.21e-08	59.3	23.438	320	36	poly(A) RNA polymerase GLD2 isoform X4 [Homo sapiens]
XP_001029623.2	XP_047272809.1	4.21e-08	59.3	23.438	320	36	poly(A) RNA polymerase GLD2 isoform X4 [Homo sapiens]
XP_001029623.2	NP_001375058.1	4.21e-08	59.3	23.438	320	36	poly(A) RNA polymerase GLD2 isoform 2 [Homo sapiens]
XP_001029623.2	NP_001375057.1	4.21e-08	59.3	23.438	320	36	poly(A) RNA polymerase GLD2 isoform 2 [Homo sapiens]
XP_001029623.2	NP_001375056.1	4.21e-08	59.3	23.438	320	36	poly(A) RNA polymerase GLD2 isoform 2 [Homo sapiens]
XP_001029623.2	NP_001375055.1	4.21e-08	59.3	23.438	320	36	poly(A) RNA polymerase GLD2 isoform 2 [Homo sapiens]
XP_001083145.4	NP_001035374.2	0.0	1407	98.143	700	100	terminal nucleotidyltransferase 4B isoform a [Homo sapiens]
XP_001083145.4	XP_011521577.1	0.0	1403	98.003	701	100	terminal nucleotidyltransferase 4B isoform X1 [Homo sapiens]
XP_001083145.4	NP_001352252.1	0.0	1370	99.110	674	96	terminal nucleotidyltransferase 4B isoform c [Homo sapiens]
XP_001083145.4	NP_001352253.1	0.0	1369	99.110	674	96	terminal nucleotidyltransferase 4B isoform d [Homo sapiens]
XP_001083145.4	XP_011521580.1	0.0	1044	99.800	500	72	terminal nucleotidyltransferase 4B isoform X5 [Homo sapiens]
XP_001083145.4	XP_047290432.1	0.0	1019	92.235	631	90	terminal nucleotidyltransferase 4B isoform X4 [Homo sapiens]
XP_001083145.4	XP_011521578.1	0.0	1018	92.235	631	90	terminal nucleotidyltransferase 4B isoform X2 [Homo sapiens]
XP_001083145.4	NP_001035375.2	0.0	1018	92.235	631	90	terminal nucleotidyltransferase 4B isoform b [Homo sapiens]
XP_001083145.4	XP_047290431.1	0.0	1018	92.235	631	90	terminal nucleotidyltransferase 4B isoform X3 [Homo sapiens]
XP_001083145.4	XP_047290433.1	0.0	865	90.400	500	72	terminal nucleotidyltransferase 4B isoform X6 [Homo sapiens]
XP_001083177.2	NP_060579.3	0.0	1086	89.175	582	100	poly(A) RNA polymerase, mitochondrial precursor [Homo sapiens]
XP_001083177.2	NP_073741.3	1.15e-38	154	33.607	244	40	speckle targeted PIP5K1A-regulated poly(A) polymerase isoform 1 [Homo sapiens]
XP_001083177.2	XP_011539401.1	4.12e-20	97.8	26.740	273	45	terminal uridylyltransferase 4 isoform X29 [Homo sapiens]
XP_001083177.2	XP_047272337.1	4.29e-20	97.8	26.740	273	45	terminal uridylyltransferase 4 isoform X27 [Homo sapiens]
XP_001083177.2	XP_047272365.1	4.36e-20	97.8	26.740	273	45	terminal uridylyltransferase 4 isoform X38 [Homo sapiens]
XP_001083177.2	XP_047272285.1	4.48e-20	97.8	26.740	273	45	terminal uridylyltransferase 4 isoform X7 [Homo sapiens]
XP_001083177.2	XP_005270739.1	4.49e-20	97.4	26.740	273	45	terminal uridylyltransferase 4 isoform X33 [Homo sapiens]
XP_001083177.2	XP_016856292.1	4.68e-20	97.4	26.740	273	45	terminal uridylyltransferase 4 isoform X9 [Homo sapiens]
XP_001083177.2	XP_047272345.1	4.74e-20	97.4	26.740	273	45	terminal uridylyltransferase 4 isoform X31 [Homo sapiens]
XP_001083177.2	XP_047272290.1	4.76e-20	97.4	26.740	273	45	terminal uridylyltransferase 4 isoform X11 [Homo sapiens]
XP_001083489.2	XP_016870620.1	0.0	2986	96.388	1495	100	terminal uridylyltransferase 7 isoform X4 [Homo sapiens]
XP_001083489.2	XP_016870619.1	0.0	2986	96.388	1495	100	terminal uridylyltransferase 7 isoform X4 [Homo sapiens]
XP_001083489.2	NP_078893.2	0.0	2986	96.388	1495	100	terminal uridylyltransferase 7 isoform 1 [Homo sapiens]
XP_001083489.2	NP_001171988.1	0.0	2986	96.388	1495	100	terminal uridylyltransferase 7 isoform 1 [Homo sapiens]
XP_001083489.2	XP_047279823.1	0.0	2964	93.511	1541	100	terminal uridylyltransferase 7 isoform X2 [Homo sapiens]
XP_001083489.2	XP_006717346.1	0.0	2964	93.511	1541	100	terminal uridylyltransferase 7 isoform X2 [Homo sapiens]
XP_001083489.2	XP_011517317.1	0.0	2946	96.016	1481	99	terminal uridylyltransferase 7 isoform X3 [Homo sapiens]
XP_001083489.2	XP_047279825.1	0.0	2944	96.339	1475	99	terminal uridylyltransferase 7 isoform X6 [Homo sapiens]
XP_001083489.2	XP_047279824.1	0.0	2944	96.339	1475	99	terminal uridylyltransferase 7 isoform X6 [Homo sapiens]
XP_001083489.2	XP_005252264.1	0.0	2944	96.339	1475	99	terminal uridylyltransferase 7 isoform X6 [Homo sapiens]
XP_001136690.1	NP_060579.3	0.0	1187	98.969	582	100	poly(A) RNA polymerase, mitochondrial precursor [Homo sapiens]
XP_001136690.1	NP_073741.3	4.29e-40	159	32.975	279	46	speckle targeted PIP5K1A-regulated poly(A) polymerase isoform 1 [Homo sapiens]
XP_001136690.1	XP_005270735.1	2.24e-21	101	27.473	273	45	terminal uridylyltransferase 4 isoform X2 [Homo sapiens]
XP_001136690.1	XP_011539399.1	2.24e-21	101	27.473	273	45	terminal uridylyltransferase 4 isoform X1 [Homo sapiens]
XP_001136690.1	XP_005270733.1	2.24e-21	101	27.473	273	45	terminal uridylyltransferase 4 isoform X1 [Homo sapiens]
XP_001136690.1	XP_016856292.1	2.25e-21	101	27.473	273	45	terminal uridylyltransferase 4 isoform X9 [Homo sapiens]
XP_001136690.1	XP_047272372.1	2.27e-21	101	27.473	273	45	terminal uridylyltransferase 4 isoform X42 [Homo sapiens]
XP_001136690.1	XP_047272280.1	2.30e-21	101	27.473	273	45	terminal uridylyltransferase 4 isoform X3 [Homo sapiens]
XP_001136690.1	XP_005270736.1	2.30e-21	101	27.473	273	45	terminal uridylyltransferase 4 isoform X3 [Homo sapiens]
XP_001136690.1	XP_047272290.1	2.31e-21	101	27.473	273	45	terminal uridylyltransferase 4 isoform X11 [Homo sapiens]
XP_001138296.1	XP_016870620.1	0.0	3085	99.666	1495	100	terminal uridylyltransferase 7 isoform X4 [Homo sapiens]
XP_001138296.1	XP_016870619.1	0.0	3085	99.666	1495	100	terminal uridylyltransferase 7 isoform X4 [Homo sapiens]
XP_001138296.1	NP_078893.2	0.0	3085	99.666	1495	100	terminal uridylyltransferase 7 isoform 1 [Homo sapiens]
XP_001138296.1	NP_001171988.1	0.0	3085	99.666	1495	100	terminal uridylyltransferase 7 isoform 1 [Homo sapiens]
XP_001138296.1	XP_047279823.1	0.0	3064	96.690	1541	100	terminal uridylyltransferase 7 isoform X2 [Homo sapiens]
XP_001138296.1	XP_006717346.1	0.0	3064	96.690	1541	100	terminal uridylyltransferase 7 isoform X2 [Homo sapiens]
XP_001138296.1	XP_047279825.1	0.0	3045	99.661	1475	99	terminal uridylyltransferase 7 isoform X6 [Homo sapiens]
XP_001138296.1	XP_047279824.1	0.0	3045	99.661	1475	99	terminal uridylyltransferase 7 isoform X6 [Homo sapiens]
XP_001138296.1	XP_005252264.1	0.0	3045	99.661	1475	99	terminal uridylyltransferase 7 isoform X6 [Homo sapiens]
XP_001138296.1	XP_011517317.1	0.0	3045	99.325	1481	99	terminal uridylyltransferase 7 isoform X3 [Homo sapiens]
XP_001146430.2	XP_047272282.1	0.0	3397	99.513	1644	100	terminal uridylyltransferase 4 isoform X5 [Homo sapiens]
XP_001146430.2	NP_056084.1	0.0	3397	99.513	1644	100	terminal uridylyltransferase 4 isoform b [Homo sapiens]
XP_001146430.2	XP_047272281.1	0.0	3392	99.453	1645	100	terminal uridylyltransferase 4 isoform X4 [Homo sapiens]
XP_001146430.2	NP_001009881.1	0.0	3392	99.453	1645	100	terminal uridylyltransferase 4 isoform a [Homo sapiens]
XP_001146430.2	XP_047272283.1	0.0	3384	99.270	1644	100	terminal uridylyltransferase 4 isoform X6 [Homo sapiens]
XP_001146430.2	XP_005270737.1	0.0	3384	99.270	1644	100	terminal uridylyltransferase 4 isoform X6 [Homo sapiens]
XP_001146430.2	XP_005270735.1	0.0	3348	99.507	1622	99	terminal uridylyltransferase 4 isoform X2 [Homo sapiens]
XP_001146430.2	XP_011539399.1	0.0	3344	99.445	1623	99	terminal uridylyltransferase 4 isoform X1 [Homo sapiens]
XP_001146430.2	XP_005270733.1	0.0	3344	99.445	1623	99	terminal uridylyltransferase 4 isoform X1 [Homo sapiens]
XP_001146430.2	XP_047272280.1	0.0	3336	99.260	1622	99	terminal uridylyltransferase 4 isoform X3 [Homo sapiens]
XP_001213434.1	XP_016856299.1	1.41e-23	108	27.666	347	62	terminal uridylyltransferase 4 isoform X40 [Homo sapiens]
XP_001213434.1	XP_016856292.1	1.41e-23	108	27.976	336	60	terminal uridylyltransferase 4 isoform X9 [Homo sapiens]
XP_001213434.1	XP_047272285.1	1.41e-23	108	27.976	336	60	terminal uridylyltransferase 4 isoform X7 [Homo sapiens]
XP_001213434.1	XP_047272288.1	1.43e-23	108	27.976	336	60	terminal uridylyltransferase 4 isoform X10 [Homo sapiens]
XP_001213434.1	XP_016856293.1	1.47e-23	108	27.976	336	60	terminal uridylyltransferase 4 isoform X16 [Homo sapiens]
XP_001213434.1	XP_047272345.1	1.52e-23	108	27.666	347	62	terminal uridylyltransferase 4 isoform X31 [Homo sapiens]
XP_001213434.1	XP_016856297.1	1.55e-23	108	27.666	347	62	terminal uridylyltransferase 4 isoform X36 [Homo sapiens]
XP_001213434.1	XP_047272365.1	1.62e-23	108	27.976	336	60	terminal uridylyltransferase 4 isoform X38 [Homo sapiens]
XP_001213434.1	XP_005270739.1	1.72e-23	108	27.666	347	62	terminal uridylyltransferase 4 isoform X33 [Homo sapiens]
XP_001213434.1	XP_047272280.1	1.74e-23	108	27.666	347	62	terminal uridylyltransferase 4 isoform X3 [Homo sapiens]
XP_001216971.1	XP_047279823.1	7.54e-31	134	30.034	293	25	terminal uridylyltransferase 7 isoform X2 [Homo sapiens]
XP_001216971.1	XP_006717346.1	7.54e-31	134	30.034	293	25	terminal uridylyltransferase 7 isoform X2 [Homo sapiens]
XP_001216971.1	NP_001317647.1	1.01e-30	132	30.034	293	25	terminal uridylyltransferase 7 isoform 3 [Homo sapiens]
XP_001216971.1	XP_016870620.1	1.05e-30	134	30.034	293	25	terminal uridylyltransferase 7 isoform X4 [Homo sapiens]
XP_001216971.1	XP_016870619.1	1.05e-30	134	30.034	293	25	terminal uridylyltransferase 7 isoform X4 [Homo sapiens]
XP_001216971.1	NP_078893.2	1.05e-30	134	30.034	293	25	terminal uridylyltransferase 7 isoform 1 [Homo sapiens]
XP_001216971.1	NP_001171988.1	1.05e-30	134	30.034	293	25	terminal uridylyltransferase 7 isoform 1 [Homo sapiens]
XP_001216971.1	XP_011517317.1	1.10e-30	134	30.034	293	25	terminal uridylyltransferase 7 isoform X3 [Homo sapiens]
XP_001216971.1	XP_047279825.1	1.21e-30	133	30.034	293	25	terminal uridylyltransferase 7 isoform X6 [Homo sapiens]
XP_001216971.1	XP_047279824.1	1.21e-30	133	30.034	293	25	terminal uridylyltransferase 7 isoform X6 [Homo sapiens]
XP_001218835.1	NP_001375060.1	1.37e-10	65.5	23.874	222	53	poly(A) RNA polymerase GLD2 isoform 11 [Homo sapiens]
XP_001218835.1	XP_047272808.1	1.68e-10	65.1	23.874	222	53	poly(A) RNA polymerase GLD2 isoform X3 [Homo sapiens]
XP_001218835.1	XP_047272807.1	1.68e-10	65.1	23.874	222	53	poly(A) RNA polymerase GLD2 isoform X3 [Homo sapiens]
XP_001218835.1	XP_047272806.1	1.68e-10	65.1	23.874	222	53	poly(A) RNA polymerase GLD2 isoform X3 [Homo sapiens]
XP_001218835.1	NP_776158.2	1.68e-10	65.1	23.874	222	53	poly(A) RNA polymerase GLD2 isoform 1 [Homo sapiens]
XP_001218835.1	NP_001375041.1	1.68e-10	65.1	23.874	222	53	poly(A) RNA polymerase GLD2 isoform 1 [Homo sapiens]
XP_001218835.1	NP_001375040.1	1.68e-10	65.1	23.874	222	53	poly(A) RNA polymerase GLD2 isoform 1 [Homo sapiens]
XP_001218835.1	NP_001375039.1	1.68e-10	65.1	23.874	222	53	poly(A) RNA polymerase GLD2 isoform 1 [Homo sapiens]
XP_001218835.1	NP_001375038.1	1.68e-10	65.1	23.874	222	53	poly(A) RNA polymerase GLD2 isoform 1 [Homo sapiens]
XP_001218835.1	NP_001375037.1	1.68e-10	65.1	23.874	222	53	poly(A) RNA polymerase GLD2 isoform 1 [Homo sapiens]
XP_001222246.1	XP_047272384.1	5.54e-36	150	34.459	296	23	terminal uridylyltransferase 4 isoform X46 [Homo sapiens]
XP_001222246.1	XP_005270739.1	1.83e-35	149	34.459	296	23	terminal uridylyltransferase 4 isoform X33 [Homo sapiens]
XP_001222246.1	XP_016856297.1	1.85e-35	149	34.459	296	23	terminal uridylyltransferase 4 isoform X36 [Homo sapiens]
XP_001222246.1	XP_016856292.1	2.02e-35	149	34.459	296	23	terminal uridylyltransferase 4 isoform X9 [Homo sapiens]
XP_001222246.1	XP_047272345.1	2.15e-35	149	34.459	296	23	terminal uridylyltransferase 4 isoform X31 [Homo sapiens]
XP_001222246.1	XP_047272281.1	2.24e-35	149	34.459	296	23	terminal uridylyltransferase 4 isoform X4 [Homo sapiens]
XP_001222246.1	NP_001009881.1	2.24e-35	149	34.459	296	23	terminal uridylyltransferase 4 isoform a [Homo sapiens]
XP_001222246.1	XP_011539401.1	2.27e-35	149	34.459	296	23	terminal uridylyltransferase 4 isoform X29 [Homo sapiens]
XP_001222246.1	XP_047272365.1	2.28e-35	149	34.459	296	23	terminal uridylyltransferase 4 isoform X38 [Homo sapiens]
XP_001222246.1	XP_047272282.1	2.33e-35	149	34.459	296	23	terminal uridylyltransferase 4 isoform X5 [Homo sapiens]
XP_001223997.1	XP_047272820.1	3.03e-23	102	31.621	253	22	poly(A) RNA polymerase GLD2 isoform X11 [Homo sapiens]
XP_001223997.1	NP_001375066.1	5.18e-23	102	33.684	190	17	poly(A) RNA polymerase GLD2 isoform 15 [Homo sapiens]
XP_001223997.1	NP_001336477.1	7.84e-23	101	32.663	199	17	poly(A) RNA polymerase GLD2 isoform 4 [Homo sapiens]
XP_001223997.1	XP_047272801.1	1.29e-22	105	29.032	310	27	poly(A) RNA polymerase GLD2 isoform X1 [Homo sapiens]
XP_001223997.1	XP_047272800.1	1.29e-22	105	29.032	310	27	poly(A) RNA polymerase GLD2 isoform X1 [Homo sapiens]
XP_001223997.1	XP_011541527.1	1.29e-22	105	29.032	310	27	poly(A) RNA polymerase GLD2 isoform X1 [Homo sapiens]
XP_001223997.1	XP_011541526.1	1.29e-22	105	29.032	310	27	poly(A) RNA polymerase GLD2 isoform X1 [Homo sapiens]
XP_001223997.1	XP_011541523.1	1.29e-22	105	29.032	310	27	poly(A) RNA polymerase GLD2 isoform X1 [Homo sapiens]
XP_001223997.1	XP_011541522.1	1.29e-22	105	29.032	310	27	poly(A) RNA polymerase GLD2 isoform X1 [Homo sapiens]
XP_001223997.1	NP_001375023.1	1.29e-22	105	29.032	310	27	poly(A) RNA polymerase GLD2 isoform 5 [Homo sapiens]
XP_001241318.1	XP_005252265.1	1.96e-19	94.7	28.053	303	57	terminal uridylyltransferase 7 isoform X7 [Homo sapiens]
XP_001241318.1	XP_016870620.1	2.14e-19	94.7	28.053	303	57	terminal uridylyltransferase 7 isoform X4 [Homo sapiens]
XP_001241318.1	XP_016870619.1	2.14e-19	94.7	28.053	303	57	terminal uridylyltransferase 7 isoform X4 [Homo sapiens]
XP_001241318.1	NP_078893.2	2.14e-19	94.7	28.053	303	57	terminal uridylyltransferase 7 isoform 1 [Homo sapiens]
XP_001241318.1	NP_001171988.1	2.14e-19	94.7	28.053	303	57	terminal uridylyltransferase 7 isoform 1 [Homo sapiens]
XP_001241318.1	XP_011517316.1	2.16e-19	94.7	28.053	303	57	terminal uridylyltransferase 7 isoform X1 [Homo sapiens]
XP_001241318.1	XP_011517315.1	2.16e-19	94.7	28.053	303	57	terminal uridylyltransferase 7 isoform X1 [Homo sapiens]
XP_001241318.1	XP_011517314.1	2.16e-19	94.7	28.053	303	57	terminal uridylyltransferase 7 isoform X1 [Homo sapiens]
XP_001241318.1	XP_011517313.1	2.16e-19	94.7	28.053	303	57	terminal uridylyltransferase 7 isoform X1 [Homo sapiens]
XP_001241318.1	XP_047279823.1	2.18e-19	94.7	28.053	303	57	terminal uridylyltransferase 7 isoform X2 [Homo sapiens]
XP_001242254.2	XP_047272384.1	2.44e-35	148	32.890	301	26	terminal uridylyltransferase 4 isoform X46 [Homo sapiens]
XP_001242254.2	XP_016856297.1	2.87e-34	145	32.890	301	26	terminal uridylyltransferase 4 isoform X36 [Homo sapiens]
XP_001242254.2	XP_047272345.1	3.12e-34	145	32.890	301	26	terminal uridylyltransferase 4 isoform X31 [Homo sapiens]
XP_001242254.2	XP_011539401.1	3.26e-34	145	32.890	301	26	terminal uridylyltransferase 4 isoform X29 [Homo sapiens]
XP_001242254.2	NP_001375061.1	3.28e-34	139	33.762	311	26	poly(A) RNA polymerase GLD2 isoform 12 [Homo sapiens]
XP_001242254.2	XP_005270739.1	3.44e-34	145	32.890	301	26	terminal uridylyltransferase 4 isoform X33 [Homo sapiens]
XP_001242254.2	NP_001375059.1	3.46e-34	140	33.762	311	26	poly(A) RNA polymerase GLD2 isoform 10 [Homo sapiens]
XP_001242254.2	XP_047272811.1	3.52e-34	140	33.762	311	26	poly(A) RNA polymerase GLD2 isoform X4 [Homo sapiens]
XP_001242254.2	XP_047272810.1	3.52e-34	140	33.762	311	26	poly(A) RNA polymerase GLD2 isoform X4 [Homo sapiens]
XP_001242254.2	XP_047272809.1	3.52e-34	140	33.762	311	26	poly(A) RNA polymerase GLD2 isoform X4 [Homo sapiens]
XP_001244943.2	XP_047290433.1	1.40e-46	174	32.468	308	44	terminal nucleotidyltransferase 4B isoform X6 [Homo sapiens]
XP_001244943.2	NP_001035375.2	3.38e-46	176	32.099	324	46	terminal nucleotidyltransferase 4B isoform b [Homo sapiens]
XP_001244943.2	XP_011521578.1	3.42e-46	176	32.099	324	46	terminal nucleotidyltransferase 4B isoform X2 [Homo sapiens]
XP_001244943.2	XP_011521580.1	4.04e-46	174	32.468	308	44	terminal nucleotidyltransferase 4B isoform X5 [Homo sapiens]
XP_001244943.2	NP_001035374.2	5.45e-46	176	32.099	324	46	terminal nucleotidyltransferase 4B isoform a [Homo sapiens]
XP_001244943.2	XP_011521577.1	5.51e-46	176	32.099	324	46	terminal nucleotidyltransferase 4B isoform X1 [Homo sapiens]
XP_001244943.2	XP_047290431.1	9.03e-46	175	32.099	324	46	terminal nucleotidyltransferase 4B isoform X3 [Homo sapiens]
XP_001244943.2	XP_047290432.1	9.84e-46	175	32.099	324	46	terminal nucleotidyltransferase 4B isoform X4 [Homo sapiens]
XP_001244943.2	NP_001352252.1	1.35e-45	175	32.099	324	46	terminal nucleotidyltransferase 4B isoform c [Homo sapiens]
XP_001244943.2	NP_001352253.1	1.41e-45	175	32.099	324	46	terminal nucleotidyltransferase 4B isoform d [Homo sapiens]
XP_001259904.1	XP_047272384.1	9.71e-42	168	36.111	288	27	terminal uridylyltransferase 4 isoform X46 [Homo sapiens]
XP_001259904.1	XP_016856292.1	4.18e-41	167	36.111	288	27	terminal uridylyltransferase 4 isoform X9 [Homo sapiens]
XP_001259904.1	XP_005270739.1	4.23e-41	167	36.111	288	27	terminal uridylyltransferase 4 isoform X33 [Homo sapiens]
XP_001259904.1	XP_016856297.1	4.52e-41	167	36.111	288	27	terminal uridylyltransferase 4 isoform X36 [Homo sapiens]
XP_001259904.1	XP_047272345.1	4.63e-41	167	36.111	288	27	terminal uridylyltransferase 4 isoform X31 [Homo sapiens]
XP_001259904.1	XP_047272285.1	4.77e-41	167	36.111	288	27	terminal uridylyltransferase 4 isoform X7 [Homo sapiens]
XP_001259904.1	XP_011539401.1	4.85e-41	167	36.111	288	27	terminal uridylyltransferase 4 isoform X29 [Homo sapiens]
XP_001259904.1	XP_016856299.1	5.08e-41	167	36.111	288	27	terminal uridylyltransferase 4 isoform X40 [Homo sapiens]
XP_001259904.1	XP_016856295.1	5.21e-41	167	36.111	288	27	terminal uridylyltransferase 4 isoform X25 [Homo sapiens]
XP_001259904.1	XP_047272325.1	5.27e-41	167	36.111	288	27	terminal uridylyltransferase 4 isoform X23 [Homo sapiens]
XP_001274270.1	XP_047272384.1	3.15e-41	167	36.120	299	26	terminal uridylyltransferase 4 isoform X46 [Homo sapiens]
XP_001274270.1	XP_047272285.1	1.05e-40	166	36.120	299	26	terminal uridylyltransferase 4 isoform X7 [Homo sapiens]
XP_001274270.1	XP_016856292.1	1.13e-40	166	36.120	299	26	terminal uridylyltransferase 4 isoform X9 [Homo sapiens]
XP_001274270.1	XP_016856297.1	1.18e-40	166	36.120	299	26	terminal uridylyltransferase 4 isoform X36 [Homo sapiens]
XP_001274270.1	XP_005270739.1	1.21e-40	166	36.120	299	26	terminal uridylyltransferase 4 isoform X33 [Homo sapiens]
XP_001274270.1	XP_016856299.1	1.22e-40	166	36.120	299	26	terminal uridylyltransferase 4 isoform X40 [Homo sapiens]
XP_001274270.1	XP_005270735.1	1.24e-40	166	36.120	299	26	terminal uridylyltransferase 4 isoform X2 [Homo sapiens]
XP_001274270.1	XP_016856293.1	1.28e-40	166	36.120	299	26	terminal uridylyltransferase 4 isoform X16 [Homo sapiens]
XP_001274270.1	XP_011539399.1	1.29e-40	166	36.120	299	26	terminal uridylyltransferase 4 isoform X1 [Homo sapiens]
XP_001274270.1	XP_005270733.1	1.29e-40	166	36.120	299	26	terminal uridylyltransferase 4 isoform X1 [Homo sapiens]
XP_001316155.1	NP_001035375.2	3.26e-22	101	29.851	268	59	terminal nucleotidyltransferase 4B isoform b [Homo sapiens]
XP_001316155.1	XP_011521578.1	3.26e-22	101	29.851	268	59	terminal nucleotidyltransferase 4B isoform X2 [Homo sapiens]
XP_001316155.1	XP_047290432.1	3.42e-22	101	29.851	268	59	terminal nucleotidyltransferase 4B isoform X4 [Homo sapiens]
XP_001316155.1	NP_001035374.2	3.54e-22	101	29.851	268	59	terminal nucleotidyltransferase 4B isoform a [Homo sapiens]
XP_001316155.1	XP_011521577.1	3.55e-22	101	29.851	268	59	terminal nucleotidyltransferase 4B isoform X1 [Homo sapiens]
XP_001316155.1	NP_001352252.1	4.00e-22	101	29.851	268	59	terminal nucleotidyltransferase 4B isoform c [Homo sapiens]
XP_001316155.1	XP_047290433.1	4.23e-22	100	30.040	253	55	terminal nucleotidyltransferase 4B isoform X6 [Homo sapiens]
XP_001316155.1	XP_047290431.1	4.31e-22	101	29.851	268	59	terminal nucleotidyltransferase 4B isoform X3 [Homo sapiens]
XP_001316155.1	NP_001352253.1	4.66e-22	101	29.851	268	59	terminal nucleotidyltransferase 4B isoform d [Homo sapiens]
XP_001316155.1	XP_011521580.1	5.01e-22	100	30.040	253	55	terminal nucleotidyltransferase 4B isoform X5 [Homo sapiens]
XP_001335519.7	XP_047272280.1	0.0	937	60.701	799	53	terminal uridylyltransferase 4 isoform X3 [Homo sapiens]
XP_001335519.7	XP_005270736.1	0.0	937	60.701	799	53	terminal uridylyltransferase 4 isoform X3 [Homo sapiens]
XP_001335519.7	XP_016856292.1	0.0	936	60.674	801	53	terminal uridylyltransferase 4 isoform X9 [Homo sapiens]
XP_001335519.7	XP_047272345.1	0.0	936	60.701	799	53	terminal uridylyltransferase 4 isoform X31 [Homo sapiens]
XP_001335519.7	XP_016856297.1	0.0	936	60.701	799	53	terminal uridylyltransferase 4 isoform X36 [Homo sapiens]
XP_001335519.7	XP_016856295.1	0.0	936	60.701	799	53	terminal uridylyltransferase 4 isoform X25 [Homo sapiens]
XP_001335519.7	XP_005270735.1	0.0	932	59.900	803	53	terminal uridylyltransferase 4 isoform X2 [Homo sapiens]
XP_001335519.7	XP_047272285.1	0.0	932	59.900	803	53	terminal uridylyltransferase 4 isoform X7 [Homo sapiens]
XP_001335519.7	XP_047272325.1	0.0	931	59.900	803	53	terminal uridylyltransferase 4 isoform X23 [Homo sapiens]
XP_001335519.7	XP_011539399.1	0.0	931	60.323	804	53	terminal uridylyltransferase 4 isoform X1 [Homo sapiens]
XP_001347437.1	NP_001375065.1	2.95e-25	110	28.080	349	54	poly(A) RNA polymerase GLD2 isoform 14 [Homo sapiens]
XP_001347437.1	NP_001375061.1	4.01e-25	111	28.080	349	54	poly(A) RNA polymerase GLD2 isoform 12 [Homo sapiens]
XP_001347437.1	XP_047272811.1	5.06e-25	111	28.080	349	54	poly(A) RNA polymerase GLD2 isoform X4 [Homo sapiens]
XP_001347437.1	XP_047272810.1	5.06e-25	111	28.080	349	54	poly(A) RNA polymerase GLD2 isoform X4 [Homo sapiens]
XP_001347437.1	XP_047272809.1	5.06e-25	111	28.080	349	54	poly(A) RNA polymerase GLD2 isoform X4 [Homo sapiens]
XP_001347437.1	NP_001375058.1	5.06e-25	111	28.080	349	54	poly(A) RNA polymerase GLD2 isoform 2 [Homo sapiens]
XP_001347437.1	NP_001375057.1	5.06e-25	111	28.080	349	54	poly(A) RNA polymerase GLD2 isoform 2 [Homo sapiens]
XP_001347437.1	NP_001375056.1	5.06e-25	111	28.080	349	54	poly(A) RNA polymerase GLD2 isoform 2 [Homo sapiens]
XP_001347437.1	NP_001375055.1	5.06e-25	111	28.080	349	54	poly(A) RNA polymerase GLD2 isoform 2 [Homo sapiens]
XP_001347437.1	NP_001375054.1	5.06e-25	111	28.080	349	54	poly(A) RNA polymerase GLD2 isoform 2 [Homo sapiens]
XP_001350055.1	XP_047272622.1	1.04e-38	154	33.577	274	31	terminal nucleotidyltransferase 4A isoform X1 [Homo sapiens]
XP_001350055.1	XP_047272621.1	1.04e-38	154	33.577	274	31	terminal nucleotidyltransferase 4A isoform X1 [Homo sapiens]
XP_001350055.1	XP_047272620.1	1.04e-38	154	33.577	274	31	terminal nucleotidyltransferase 4A isoform X1 [Homo sapiens]
XP_001350055.1	NP_008930.2	1.71e-38	156	33.577	274	31	terminal nucleotidyltransferase 4A isoform 1 [Homo sapiens]
XP_001350055.1	NP_001165276.2	2.21e-38	156	33.577	274	31	terminal nucleotidyltransferase 4A isoform 2 [Homo sapiens]
XP_001350055.1	XP_047272623.1	1.28e-36	148	34.496	258	29	terminal nucleotidyltransferase 4A isoform X2 [Homo sapiens]
XP_001350055.1	XP_016864477.1	1.28e-36	148	34.496	258	29	terminal nucleotidyltransferase 4A isoform X2 [Homo sapiens]
XP_001350055.1	XP_047272624.1	1.46e-36	147	34.496	258	29	terminal nucleotidyltransferase 4A isoform X3 [Homo sapiens]
XP_001350055.1	XP_047290433.1	1.11e-35	144	33.333	288	33	terminal nucleotidyltransferase 4B isoform X6 [Homo sapiens]
XP_001350055.1	XP_011521580.1	1.42e-35	144	33.333	288	33	terminal nucleotidyltransferase 4B isoform X5 [Homo sapiens]
XP_001355451.4	NP_060579.3	2.32e-86	283	35.050	505	79	poly(A) RNA polymerase, mitochondrial precursor [Homo sapiens]
XP_001355451.4	NP_073741.3	1.33e-32	136	35.798	257	39	speckle targeted PIP5K1A-regulated poly(A) polymerase isoform 1 [Homo sapiens]
XP_001355451.4	NP_001375065.1	1.57e-25	110	25.510	294	47	poly(A) RNA polymerase GLD2 isoform 14 [Homo sapiens]
XP_001355451.4	NP_001375027.1	2.10e-25	112	25.581	301	47	poly(A) RNA polymerase GLD2 isoform 7 [Homo sapiens]
XP_001355451.4	XP_047272805.1	2.13e-25	112	25.581	301	47	poly(A) RNA polymerase GLD2 isoform X2 [Homo sapiens]
XP_001355451.4	XP_047272804.1	2.13e-25	112	25.581	301	47	poly(A) RNA polymerase GLD2 isoform X2 [Homo sapiens]
XP_001355451.4	XP_047272803.1	2.13e-25	112	25.581	301	47	poly(A) RNA polymerase GLD2 isoform X2 [Homo sapiens]
XP_001355451.4	XP_047272802.1	2.13e-25	112	25.581	301	47	poly(A) RNA polymerase GLD2 isoform X2 [Homo sapiens]
XP_001355451.4	XP_016864641.1	2.13e-25	112	25.581	301	47	poly(A) RNA polymerase GLD2 isoform X2 [Homo sapiens]
XP_001355451.4	NP_001375026.1	2.13e-25	112	25.581	301	47	poly(A) RNA polymerase GLD2 isoform 6 [Homo sapiens]
XP_001358484.3	XP_047290433.1	4.03e-78	251	42.994	314	78	terminal nucleotidyltransferase 4B isoform X6 [Homo sapiens]
XP_001358484.3	NP_008930.2	4.67e-78	258	40.108	369	91	terminal nucleotidyltransferase 4A isoform 1 [Homo sapiens]
XP_001358484.3	NP_001165276.2	4.84e-78	258	40.108	369	91	terminal nucleotidyltransferase 4A isoform 2 [Homo sapiens]
XP_001358484.3	XP_011521580.1	1.01e-77	251	42.994	314	78	terminal nucleotidyltransferase 4B isoform X5 [Homo sapiens]
XP_001358484.3	NP_001035375.2	2.95e-77	253	42.169	332	82	terminal nucleotidyltransferase 4B isoform b [Homo sapiens]
XP_001358484.3	XP_011521578.1	3.01e-77	253	42.169	332	82	terminal nucleotidyltransferase 4B isoform X2 [Homo sapiens]
XP_001358484.3	XP_047290432.1	3.11e-77	253	40.845	355	88	terminal nucleotidyltransferase 4B isoform X4 [Homo sapiens]
XP_001358484.3	NP_001352252.1	4.85e-77	254	42.169	332	82	terminal nucleotidyltransferase 4B isoform c [Homo sapiens]
XP_001358484.3	NP_001035374.2	5.87e-77	253	42.169	332	82	terminal nucleotidyltransferase 4B isoform a [Homo sapiens]
XP_001358484.3	XP_047290431.1	5.98e-77	253	40.845	355	88	terminal nucleotidyltransferase 4B isoform X3 [Homo sapiens]
XP_001360053.2	XP_047279823.1	8.00e-17	87.0	29.545	308	54	terminal uridylyltransferase 7 isoform X2 [Homo sapiens]
XP_001360053.2	XP_006717346.1	8.00e-17	87.0	29.545	308	54	terminal uridylyltransferase 7 isoform X2 [Homo sapiens]
XP_001360053.2	XP_005252265.1	8.16e-17	87.0	29.545	308	54	terminal uridylyltransferase 7 isoform X7 [Homo sapiens]
XP_001360053.2	XP_016870620.1	8.89e-17	86.7	29.545	308	54	terminal uridylyltransferase 7 isoform X4 [Homo sapiens]
XP_001360053.2	XP_016870619.1	8.89e-17	86.7	29.545	308	54	terminal uridylyltransferase 7 isoform X4 [Homo sapiens]
XP_001360053.2	NP_078893.2	8.89e-17	86.7	29.545	308	54	terminal uridylyltransferase 7 isoform 1 [Homo sapiens]
XP_001360053.2	NP_001171988.1	8.89e-17	86.7	29.545	308	54	terminal uridylyltransferase 7 isoform 1 [Homo sapiens]
XP_001360053.2	NP_001317647.1	9.22e-17	86.3	29.545	308	54	terminal uridylyltransferase 7 isoform 3 [Homo sapiens]
XP_001360053.2	XP_011517318.1	9.60e-17	86.7	29.355	310	55	terminal uridylyltransferase 7 isoform X5 [Homo sapiens]
XP_001360053.2	XP_011517316.1	1.01e-16	86.7	29.355	310	55	terminal uridylyltransferase 7 isoform X1 [Homo sapiens]
XP_001366127.2	NP_073741.3	0.0	1080	69.021	878	99	speckle targeted PIP5K1A-regulated poly(A) polymerase isoform 1 [Homo sapiens]
XP_001366127.2	NP_001354835.1	0.0	639	78.689	427	49	speckle targeted PIP5K1A-regulated poly(A) polymerase isoform 2 [Homo sapiens]
XP_001366127.2	NP_060579.3	2.90e-42	166	34.173	278	32	poly(A) RNA polymerase, mitochondrial precursor [Homo sapiens]
XP_001366127.2	XP_016856292.1	3.92e-28	125	33.977	259	29	terminal uridylyltransferase 4 isoform X9 [Homo sapiens]
XP_001366127.2	XP_047272282.1	4.23e-28	125	33.977	259	29	terminal uridylyltransferase 4 isoform X5 [Homo sapiens]
XP_001366127.2	NP_056084.1	4.23e-28	125	33.977	259	29	terminal uridylyltransferase 4 isoform b [Homo sapiens]
XP_001366127.2	XP_047272281.1	4.31e-28	125	33.977	259	29	terminal uridylyltransferase 4 isoform X4 [Homo sapiens]
XP_001366127.2	NP_001009881.1	4.31e-28	125	33.977	259	29	terminal uridylyltransferase 4 isoform a [Homo sapiens]
XP_001366127.2	XP_016856297.1	4.46e-28	124	33.977	259	29	terminal uridylyltransferase 4 isoform X36 [Homo sapiens]
XP_001366127.2	XP_047272288.1	4.54e-28	124	33.977	259	29	terminal uridylyltransferase 4 isoform X10 [Homo sapiens]
XP_001371537.4	NP_008930.2	0.0	1077	78.638	749	85	terminal nucleotidyltransferase 4A isoform 1 [Homo sapiens]
XP_001371537.4	NP_001165276.2	0.0	1070	78.505	749	85	terminal nucleotidyltransferase 4A isoform 2 [Homo sapiens]
XP_001371537.4	XP_047272622.1	0.0	952	89.668	542	62	terminal nucleotidyltransferase 4A isoform X1 [Homo sapiens]
XP_001371537.4	XP_047272621.1	0.0	952	89.668	542	62	terminal nucleotidyltransferase 4A isoform X1 [Homo sapiens]
XP_001371537.4	XP_047272620.1	0.0	952	89.668	542	62	terminal nucleotidyltransferase 4A isoform X1 [Homo sapiens]
XP_001371537.4	XP_047272623.1	0.0	933	89.493	533	61	terminal nucleotidyltransferase 4A isoform X2 [Homo sapiens]
XP_001371537.4	XP_016864477.1	0.0	933	89.493	533	61	terminal nucleotidyltransferase 4A isoform X2 [Homo sapiens]
XP_001371537.4	XP_047272624.1	0.0	926	89.306	533	61	terminal nucleotidyltransferase 4A isoform X3 [Homo sapiens]
XP_001371537.4	XP_011521577.1	0.0	550	71.892	370	42	terminal nucleotidyltransferase 4B isoform X1 [Homo sapiens]
XP_001371537.4	NP_001035374.2	0.0	550	71.892	370	42	terminal nucleotidyltransferase 4B isoform a [Homo sapiens]
XP_001375646.3	NP_060579.3	0.0	751	64.828	580	99	poly(A) RNA polymerase, mitochondrial precursor [Homo sapiens]
XP_001375646.3	NP_073741.3	5.58e-37	149	32.780	241	40	speckle targeted PIP5K1A-regulated poly(A) polymerase isoform 1 [Homo sapiens]
XP_001375646.3	NP_001375060.1	4.02e-22	102	25.705	319	54	poly(A) RNA polymerase GLD2 isoform 11 [Homo sapiens]
XP_001375646.3	XP_047272808.1	4.90e-22	102	25.705	319	54	poly(A) RNA polymerase GLD2 isoform X3 [Homo sapiens]
XP_001375646.3	XP_047272807.1	4.90e-22	102	25.705	319	54	poly(A) RNA polymerase GLD2 isoform X3 [Homo sapiens]
XP_001375646.3	XP_047272806.1	4.90e-22	102	25.705	319	54	poly(A) RNA polymerase GLD2 isoform X3 [Homo sapiens]
XP_001375646.3	NP_776158.2	4.90e-22	102	25.705	319	54	poly(A) RNA polymerase GLD2 isoform 1 [Homo sapiens]
XP_001375646.3	NP_001375041.1	4.90e-22	102	25.705	319	54	poly(A) RNA polymerase GLD2 isoform 1 [Homo sapiens]
XP_001375646.3	NP_001375040.1	4.90e-22	102	25.705	319	54	poly(A) RNA polymerase GLD2 isoform 1 [Homo sapiens]
XP_001375646.3	NP_001375039.1	4.90e-22	102	25.705	319	54	poly(A) RNA polymerase GLD2 isoform 1 [Homo sapiens]
XP_001387852.2	XP_047290433.1	1.82e-53	192	38.816	304	50	terminal nucleotidyltransferase 4B isoform X6 [Homo sapiens]
XP_001387852.2	XP_011521580.1	2.56e-53	192	38.816	304	50	terminal nucleotidyltransferase 4B isoform X5 [Homo sapiens]
XP_001387852.2	NP_001165276.2	6.00e-53	196	37.829	304	50	terminal nucleotidyltransferase 4A isoform 2 [Homo sapiens]
XP_001387852.2	NP_008930.2	6.42e-53	196	37.829	304	50	terminal nucleotidyltransferase 4A isoform 1 [Homo sapiens]
XP_001387852.2	NP_001035375.2	4.79e-52	191	38.816	304	50	terminal nucleotidyltransferase 4B isoform b [Homo sapiens]
XP_001387852.2	XP_011521578.1	4.86e-52	191	38.816	304	50	terminal nucleotidyltransferase 4B isoform X2 [Homo sapiens]
XP_001387852.2	XP_047290432.1	5.73e-52	191	38.816	304	50	terminal nucleotidyltransferase 4B isoform X4 [Homo sapiens]
XP_001387852.2	NP_001035374.2	5.98e-52	192	38.816	304	50	terminal nucleotidyltransferase 4B isoform a [Homo sapiens]
XP_001387852.2	XP_011521577.1	6.05e-52	192	38.816	304	50	terminal nucleotidyltransferase 4B isoform X1 [Homo sapiens]
XP_001387852.2	NP_001352252.1	6.27e-52	192	38.816	304	50	terminal nucleotidyltransferase 4B isoform c [Homo sapiens]
XP_001390259.1	XP_047272384.1	1.58e-39	161	35.069	288	25	terminal uridylyltransferase 4 isoform X46 [Homo sapiens]
XP_001390259.1	NP_001317647.1	4.07e-39	159	33.438	317	27	terminal uridylyltransferase 7 isoform 3 [Homo sapiens]
XP_001390259.1	XP_047279823.1	5.85e-39	160	33.438	317	27	terminal uridylyltransferase 7 isoform X2 [Homo sapiens]
XP_001390259.1	XP_006717346.1	5.85e-39	160	33.438	317	27	terminal uridylyltransferase 7 isoform X2 [Homo sapiens]
XP_001390259.1	XP_047272345.1	6.46e-39	160	35.069	288	25	terminal uridylyltransferase 4 isoform X31 [Homo sapiens]
XP_001390259.1	XP_047272285.1	6.53e-39	160	35.069	288	25	terminal uridylyltransferase 4 isoform X7 [Homo sapiens]
XP_001390259.1	XP_011539401.1	6.53e-39	160	35.069	288	25	terminal uridylyltransferase 4 isoform X29 [Homo sapiens]
XP_001390259.1	XP_005270739.1	6.60e-39	160	35.069	288	25	terminal uridylyltransferase 4 isoform X33 [Homo sapiens]
XP_001390259.1	XP_016856297.1	6.81e-39	160	35.069	288	25	terminal uridylyltransferase 4 isoform X36 [Homo sapiens]
XP_001390259.1	XP_016870620.1	7.19e-39	160	33.438	317	27	terminal uridylyltransferase 7 isoform X4 [Homo sapiens]
XP_001418510.1	NP_008930.2	2.85e-20	97.4	27.059	340	63	terminal nucleotidyltransferase 4A isoform 1 [Homo sapiens]
XP_001418510.1	NP_001165276.2	3.06e-20	97.4	27.059	340	63	terminal nucleotidyltransferase 4A isoform 2 [Homo sapiens]
XP_001418510.1	XP_047290433.1	1.28e-17	88.2	29.185	233	44	terminal nucleotidyltransferase 4B isoform X6 [Homo sapiens]
XP_001418510.1	XP_011521580.1	1.53e-17	88.2	29.185	233	44	terminal nucleotidyltransferase 4B isoform X5 [Homo sapiens]
XP_001418510.1	NP_001035374.2	4.19e-17	87.4	29.412	238	45	terminal nucleotidyltransferase 4B isoform a [Homo sapiens]
XP_001418510.1	XP_011521577.1	4.19e-17	87.4	29.412	238	45	terminal nucleotidyltransferase 4B isoform X1 [Homo sapiens]
XP_001418510.1	NP_001035375.2	5.29e-17	87.0	29.412	238	45	terminal nucleotidyltransferase 4B isoform b [Homo sapiens]
XP_001418510.1	XP_011521578.1	5.29e-17	87.0	29.412	238	45	terminal nucleotidyltransferase 4B isoform X2 [Homo sapiens]
XP_001418510.1	XP_047290431.1	6.28e-17	86.7	29.412	238	45	terminal nucleotidyltransferase 4B isoform X3 [Homo sapiens]
XP_001418510.1	NP_001352253.1	6.98e-17	86.7	28.519	270	50	terminal nucleotidyltransferase 4B isoform d [Homo sapiens]
XP_001418861.1	XP_047290432.1	7.18e-60	205	38.312	308	86	terminal nucleotidyltransferase 4B isoform X4 [Homo sapiens]
XP_001418861.1	XP_047290431.1	8.84e-60	205	38.312	308	86	terminal nucleotidyltransferase 4B isoform X3 [Homo sapiens]
XP_001418861.1	NP_001035375.2	1.05e-59	205	38.312	308	86	terminal nucleotidyltransferase 4B isoform b [Homo sapiens]
XP_001418861.1	XP_011521578.1	1.07e-59	205	38.312	308	86	terminal nucleotidyltransferase 4B isoform X2 [Homo sapiens]
XP_001418861.1	NP_001035374.2	1.63e-59	205	38.312	308	86	terminal nucleotidyltransferase 4B isoform a [Homo sapiens]
XP_001418861.1	XP_011521577.1	1.65e-59	205	38.312	308	86	terminal nucleotidyltransferase 4B isoform X1 [Homo sapiens]
XP_001418861.1	NP_001352252.1	1.68e-59	205	38.312	308	86	terminal nucleotidyltransferase 4B isoform c [Homo sapiens]
XP_001418861.1	NP_001352253.1	1.79e-59	205	38.312	308	86	terminal nucleotidyltransferase 4B isoform d [Homo sapiens]
XP_001418861.1	XP_047290433.1	3.48e-59	200	38.832	291	82	terminal nucleotidyltransferase 4B isoform X6 [Homo sapiens]
XP_001418861.1	XP_011521580.1	9.97e-59	200	38.832	291	82	terminal nucleotidyltransferase 4B isoform X5 [Homo sapiens]
XP_001419800.1	NP_001375042.1	2.61e-17	87.8	29.670	182	29	poly(A) RNA polymerase GLD2 isoform 16 [Homo sapiens]
XP_001419800.1	XP_047272808.1	2.72e-17	87.8	29.670	182	29	poly(A) RNA polymerase GLD2 isoform X3 [Homo sapiens]
XP_001419800.1	XP_047272807.1	2.72e-17	87.8	29.670	182	29	poly(A) RNA polymerase GLD2 isoform X3 [Homo sapiens]
XP_001419800.1	XP_047272806.1	2.72e-17	87.8	29.670	182	29	poly(A) RNA polymerase GLD2 isoform X3 [Homo sapiens]
XP_001419800.1	NP_776158.2	2.72e-17	87.8	29.670	182	29	poly(A) RNA polymerase GLD2 isoform 1 [Homo sapiens]
XP_001419800.1	NP_001375041.1	2.72e-17	87.8	29.670	182	29	poly(A) RNA polymerase GLD2 isoform 1 [Homo sapiens]
XP_001419800.1	NP_001375040.1	2.72e-17	87.8	29.670	182	29	poly(A) RNA polymerase GLD2 isoform 1 [Homo sapiens]
XP_001419800.1	NP_001375039.1	2.72e-17	87.8	29.670	182	29	poly(A) RNA polymerase GLD2 isoform 1 [Homo sapiens]
XP_001419800.1	NP_001375038.1	2.72e-17	87.8	29.670	182	29	poly(A) RNA polymerase GLD2 isoform 1 [Homo sapiens]
XP_001419800.1	NP_001375037.1	2.72e-17	87.8	29.670	182	29	poly(A) RNA polymerase GLD2 isoform 1 [Homo sapiens]
XP_001423802.1	NP_001352252.1	1.64e-38	147	31.420	331	86	terminal nucleotidyltransferase 4B isoform c [Homo sapiens]
XP_001423802.1	XP_047290432.1	1.66e-38	147	30.909	330	86	terminal nucleotidyltransferase 4B isoform X4 [Homo sapiens]
XP_001423802.1	NP_001352253.1	1.94e-38	147	31.420	331	86	terminal nucleotidyltransferase 4B isoform d [Homo sapiens]
XP_001423802.1	XP_047290431.1	2.24e-38	147	31.420	331	86	terminal nucleotidyltransferase 4B isoform X3 [Homo sapiens]
XP_001423802.1	NP_001035375.2	2.31e-38	147	30.931	333	86	terminal nucleotidyltransferase 4B isoform b [Homo sapiens]
XP_001423802.1	XP_011521578.1	2.33e-38	147	30.931	333	86	terminal nucleotidyltransferase 4B isoform X2 [Homo sapiens]
XP_001423802.1	NP_001035374.2	2.77e-38	147	31.420	331	86	terminal nucleotidyltransferase 4B isoform a [Homo sapiens]
XP_001423802.1	XP_011521577.1	2.78e-38	147	31.420	331	86	terminal nucleotidyltransferase 4B isoform X1 [Homo sapiens]
XP_001423802.1	XP_047290433.1	3.01e-38	144	31.348	319	82	terminal nucleotidyltransferase 4B isoform X6 [Homo sapiens]
XP_001423802.1	XP_011521580.1	3.60e-38	145	31.329	316	82	terminal nucleotidyltransferase 4B isoform X5 [Homo sapiens]
XP_001430679.1	NP_001375029.1	1.03e-17	86.3	33.854	192	53	poly(A) RNA polymerase GLD2 isoform 8 [Homo sapiens]
XP_001430679.1	NP_001375028.1	1.03e-17	86.3	33.854	192	53	poly(A) RNA polymerase GLD2 isoform 8 [Homo sapiens]
XP_001430679.1	NP_001375060.1	2.52e-17	85.1	35.542	166	46	poly(A) RNA polymerase GLD2 isoform 11 [Homo sapiens]
XP_001430679.1	XP_047272818.1	2.59e-17	84.0	35.256	156	44	poly(A) RNA polymerase GLD2 isoform X10 [Homo sapiens]
XP_001430679.1	XP_047272808.1	2.70e-17	85.1	35.542	166	46	poly(A) RNA polymerase GLD2 isoform X3 [Homo sapiens]
XP_001430679.1	XP_047272807.1	2.70e-17	85.1	35.542	166	46	poly(A) RNA polymerase GLD2 isoform X3 [Homo sapiens]
XP_001430679.1	XP_047272806.1	2.70e-17	85.1	35.542	166	46	poly(A) RNA polymerase GLD2 isoform X3 [Homo sapiens]
XP_001430679.1	NP_776158.2	2.70e-17	85.1	35.542	166	46	poly(A) RNA polymerase GLD2 isoform 1 [Homo sapiens]
XP_001430679.1	NP_001375041.1	2.70e-17	85.1	35.542	166	46	poly(A) RNA polymerase GLD2 isoform 1 [Homo sapiens]
XP_001430679.1	NP_001375040.1	2.70e-17	85.1	35.542	166	46	poly(A) RNA polymerase GLD2 isoform 1 [Homo sapiens]
XP_001448621.1	XP_047290433.1	1.39e-42	156	32.268	313	81	terminal nucleotidyltransferase 4B isoform X6 [Homo sapiens]
XP_001448621.1	XP_011521580.1	4.08e-42	156	32.268	313	81	terminal nucleotidyltransferase 4B isoform X5 [Homo sapiens]
XP_001448621.1	NP_001035375.2	5.56e-42	157	32.278	316	82	terminal nucleotidyltransferase 4B isoform b [Homo sapiens]
XP_001448621.1	XP_011521578.1	5.61e-42	157	32.278	316	82	terminal nucleotidyltransferase 4B isoform X2 [Homo sapiens]
XP_001448621.1	XP_047290432.1	5.82e-42	157	32.278	316	82	terminal nucleotidyltransferase 4B isoform X4 [Homo sapiens]
XP_001448621.1	XP_047290431.1	6.49e-42	157	32.278	316	82	terminal nucleotidyltransferase 4B isoform X3 [Homo sapiens]
XP_001448621.1	NP_001352252.1	9.01e-42	157	31.611	329	85	terminal nucleotidyltransferase 4B isoform c [Homo sapiens]
XP_001448621.1	NP_001035374.2	1.06e-41	157	32.278	316	82	terminal nucleotidyltransferase 4B isoform a [Homo sapiens]
XP_001448621.1	XP_011521577.1	1.07e-41	157	32.278	316	82	terminal nucleotidyltransferase 4B isoform X1 [Homo sapiens]
XP_001448621.1	NP_001352253.1	1.07e-41	157	32.278	316	82	terminal nucleotidyltransferase 4B isoform d [Homo sapiens]
XP_001452417.1	NP_001352252.1	6.76e-45	166	32.219	329	86	terminal nucleotidyltransferase 4B isoform c [Homo sapiens]
XP_001452417.1	XP_047290432.1	7.31e-45	165	31.707	328	86	terminal nucleotidyltransferase 4B isoform X4 [Homo sapiens]
XP_001452417.1	NP_001035375.2	8.17e-45	165	31.722	331	86	terminal nucleotidyltransferase 4B isoform b [Homo sapiens]
XP_001452417.1	XP_011521578.1	8.25e-45	165	31.722	331	86	terminal nucleotidyltransferase 4B isoform X2 [Homo sapiens]
XP_001452417.1	XP_047290433.1	9.30e-45	162	32.177	317	82	terminal nucleotidyltransferase 4B isoform X6 [Homo sapiens]
XP_001452417.1	XP_047290431.1	9.52e-45	165	31.707	328	86	terminal nucleotidyltransferase 4B isoform X3 [Homo sapiens]
XP_001452417.1	NP_001035374.2	1.12e-44	165	32.219	329	86	terminal nucleotidyltransferase 4B isoform a [Homo sapiens]
XP_001452417.1	XP_011521577.1	1.13e-44	165	32.219	329	86	terminal nucleotidyltransferase 4B isoform X1 [Homo sapiens]
XP_001452417.1	NP_001352253.1	1.22e-44	165	32.219	329	86	terminal nucleotidyltransferase 4B isoform d [Homo sapiens]
XP_001452417.1	XP_011521580.1	2.04e-44	162	32.166	314	82	terminal nucleotidyltransferase 4B isoform X5 [Homo sapiens]
XP_001452852.1	NP_001375030.1	2.44e-13	73.6	29.032	155	43	poly(A) RNA polymerase GLD2 isoform 9 [Homo sapiens]
XP_001452852.1	NP_001375065.1	5.04e-13	72.0	28.750	160	44	poly(A) RNA polymerase GLD2 isoform 14 [Homo sapiens]
XP_001452852.1	NP_001375061.1	7.63e-13	71.6	29.252	147	40	poly(A) RNA polymerase GLD2 isoform 12 [Homo sapiens]
XP_001452852.1	XP_047272811.1	7.66e-13	72.0	29.252	147	40	poly(A) RNA polymerase GLD2 isoform X4 [Homo sapiens]
XP_001452852.1	XP_047272810.1	7.66e-13	72.0	29.252	147	40	poly(A) RNA polymerase GLD2 isoform X4 [Homo sapiens]
XP_001452852.1	XP_047272809.1	7.66e-13	72.0	29.252	147	40	poly(A) RNA polymerase GLD2 isoform X4 [Homo sapiens]
XP_001452852.1	NP_001375058.1	7.66e-13	72.0	29.252	147	40	poly(A) RNA polymerase GLD2 isoform 2 [Homo sapiens]
XP_001452852.1	NP_001375057.1	7.66e-13	72.0	29.252	147	40	poly(A) RNA polymerase GLD2 isoform 2 [Homo sapiens]
XP_001452852.1	NP_001375056.1	7.66e-13	72.0	29.252	147	40	poly(A) RNA polymerase GLD2 isoform 2 [Homo sapiens]
XP_001452852.1	NP_001375055.1	7.66e-13	72.0	29.252	147	40	poly(A) RNA polymerase GLD2 isoform 2 [Homo sapiens]
XP_001452853.1	NP_001375030.1	1.17e-15	80.1	31.333	150	43	poly(A) RNA polymerase GLD2 isoform 9 [Homo sapiens]
XP_001452853.1	NP_001375065.1	1.78e-15	79.0	29.560	159	46	poly(A) RNA polymerase GLD2 isoform 14 [Homo sapiens]
XP_001452853.1	NP_001375061.1	2.22e-15	79.0	29.560	159	46	poly(A) RNA polymerase GLD2 isoform 12 [Homo sapiens]
XP_001452853.1	NP_001375059.1	2.75e-15	79.0	29.560	159	46	poly(A) RNA polymerase GLD2 isoform 10 [Homo sapiens]
XP_001452853.1	XP_047272811.1	3.02e-15	79.0	29.560	159	46	poly(A) RNA polymerase GLD2 isoform X4 [Homo sapiens]
XP_001452853.1	XP_047272810.1	3.02e-15	79.0	29.560	159	46	poly(A) RNA polymerase GLD2 isoform X4 [Homo sapiens]
XP_001452853.1	XP_047272809.1	3.02e-15	79.0	29.560	159	46	poly(A) RNA polymerase GLD2 isoform X4 [Homo sapiens]
XP_001452853.1	NP_001375058.1	3.02e-15	79.0	29.560	159	46	poly(A) RNA polymerase GLD2 isoform 2 [Homo sapiens]
XP_001452853.1	NP_001375057.1	3.02e-15	79.0	29.560	159	46	poly(A) RNA polymerase GLD2 isoform 2 [Homo sapiens]
XP_001452853.1	NP_001375056.1	3.02e-15	79.0	29.560	159	46	poly(A) RNA polymerase GLD2 isoform 2 [Homo sapiens]
XP_001459083.1	XP_047290433.1	9.16e-41	151	31.310	313	81	terminal nucleotidyltransferase 4B isoform X6 [Homo sapiens]
XP_001459083.1	XP_047290432.1	2.30e-40	152	31.003	329	85	terminal nucleotidyltransferase 4B isoform X4 [Homo sapiens]
XP_001459083.1	XP_011521580.1	2.58e-40	151	31.310	313	81	terminal nucleotidyltransferase 4B isoform X5 [Homo sapiens]
XP_001459083.1	NP_001035375.2	3.10e-40	152	31.003	329	85	terminal nucleotidyltransferase 4B isoform b [Homo sapiens]
XP_001459083.1	XP_011521578.1	3.12e-40	152	31.003	329	85	terminal nucleotidyltransferase 4B isoform X2 [Homo sapiens]
XP_001459083.1	XP_047290431.1	3.39e-40	152	31.003	329	85	terminal nucleotidyltransferase 4B isoform X3 [Homo sapiens]
XP_001459083.1	NP_001352252.1	3.40e-40	152	31.003	329	85	terminal nucleotidyltransferase 4B isoform c [Homo sapiens]
XP_001459083.1	NP_001035374.2	3.90e-40	152	31.003	329	85	terminal nucleotidyltransferase 4B isoform a [Homo sapiens]
XP_001459083.1	XP_011521577.1	3.93e-40	152	31.003	329	85	terminal nucleotidyltransferase 4B isoform X1 [Homo sapiens]
XP_001459083.1	NP_001352253.1	4.46e-40	152	31.003	329	85	terminal nucleotidyltransferase 4B isoform d [Homo sapiens]
XP_001460016.1	NP_001375061.1	8.49e-13	71.2	30.573	157	42	poly(A) RNA polymerase GLD2 isoform 12 [Homo sapiens]
XP_001460016.1	NP_001375030.1	9.54e-13	71.2	30.573	157	42	poly(A) RNA polymerase GLD2 isoform 9 [Homo sapiens]
XP_001460016.1	NP_001375059.1	1.07e-12	71.2	30.573	157	42	poly(A) RNA polymerase GLD2 isoform 10 [Homo sapiens]
XP_001460016.1	XP_047272811.1	1.10e-12	71.2	30.573	157	42	poly(A) RNA polymerase GLD2 isoform X4 [Homo sapiens]
XP_001460016.1	XP_047272810.1	1.10e-12	71.2	30.573	157	42	poly(A) RNA polymerase GLD2 isoform X4 [Homo sapiens]
XP_001460016.1	XP_047272809.1	1.10e-12	71.2	30.573	157	42	poly(A) RNA polymerase GLD2 isoform X4 [Homo sapiens]
XP_001460016.1	NP_001375058.1	1.10e-12	71.2	30.573	157	42	poly(A) RNA polymerase GLD2 isoform 2 [Homo sapiens]
XP_001460016.1	NP_001375057.1	1.10e-12	71.2	30.573	157	42	poly(A) RNA polymerase GLD2 isoform 2 [Homo sapiens]
XP_001460016.1	NP_001375056.1	1.10e-12	71.2	30.573	157	42	poly(A) RNA polymerase GLD2 isoform 2 [Homo sapiens]
XP_001460016.1	NP_001375055.1	1.10e-12	71.2	30.573	157	42	poly(A) RNA polymerase GLD2 isoform 2 [Homo sapiens]
XP_001460964.1	NP_001375030.1	3.57e-15	80.1	27.830	212	42	poly(A) RNA polymerase GLD2 isoform 9 [Homo sapiens]
XP_001460964.1	NP_001375029.1	6.87e-15	79.3	27.778	216	42	poly(A) RNA polymerase GLD2 isoform 8 [Homo sapiens]
XP_001460964.1	NP_001375028.1	6.87e-15	79.3	27.778	216	42	poly(A) RNA polymerase GLD2 isoform 8 [Homo sapiens]
XP_001460964.1	XP_047272384.1	1.60e-14	79.0	24.723	271	56	terminal uridylyltransferase 4 isoform X46 [Homo sapiens]
XP_001460964.1	XP_047272325.1	2.81e-14	78.2	24.723	271	56	terminal uridylyltransferase 4 isoform X23 [Homo sapiens]
XP_001460964.1	XP_016856295.1	2.96e-14	78.2	24.723	271	56	terminal uridylyltransferase 4 isoform X25 [Homo sapiens]
XP_001460964.1	NP_001375065.1	3.24e-14	76.3	29.605	152	31	poly(A) RNA polymerase GLD2 isoform 14 [Homo sapiens]
XP_001460964.1	XP_011539401.1	3.28e-14	78.2	24.723	271	56	terminal uridylyltransferase 4 isoform X29 [Homo sapiens]
XP_001460964.1	XP_047272345.1	3.54e-14	77.8	24.723	271	56	terminal uridylyltransferase 4 isoform X31 [Homo sapiens]
XP_001460964.1	XP_016856297.1	3.70e-14	77.8	24.723	271	56	terminal uridylyltransferase 4 isoform X36 [Homo sapiens]
XP_001463285.1	NP_008930.2	1.54e-33	141	28.896	308	33	terminal nucleotidyltransferase 4A isoform 1 [Homo sapiens]
XP_001463285.1	NP_001165276.2	1.66e-33	141	28.896	308	33	terminal nucleotidyltransferase 4A isoform 2 [Homo sapiens]
XP_001463285.1	NP_001035374.2	3.50e-33	139	28.296	311	33	terminal nucleotidyltransferase 4B isoform a [Homo sapiens]
XP_001463285.1	XP_011521577.1	3.52e-33	139	28.296	311	33	terminal nucleotidyltransferase 4B isoform X1 [Homo sapiens]
XP_001463285.1	NP_001035375.2	4.49e-33	139	28.296	311	33	terminal nucleotidyltransferase 4B isoform b [Homo sapiens]
XP_001463285.1	XP_011521578.1	4.52e-33	139	28.296	311	33	terminal nucleotidyltransferase 4B isoform X2 [Homo sapiens]
XP_001463285.1	XP_047290433.1	5.22e-33	136	28.479	309	33	terminal nucleotidyltransferase 4B isoform X6 [Homo sapiens]
XP_001463285.1	XP_011521580.1	5.42e-33	137	28.479	309	33	terminal nucleotidyltransferase 4B isoform X5 [Homo sapiens]
XP_001463285.1	NP_001352252.1	1.46e-32	137	28.296	311	33	terminal nucleotidyltransferase 4B isoform c [Homo sapiens]
XP_001463285.1	XP_047290432.1	1.61e-32	137	28.296	311	33	terminal nucleotidyltransferase 4B isoform X4 [Homo sapiens]
XP_001464279.1	XP_047272820.1	3.15e-15	79.3	30.851	188	16	poly(A) RNA polymerase GLD2 isoform X11 [Homo sapiens]
XP_001464279.1	NP_001375027.1	1.08e-14	80.9	30.851	188	16	poly(A) RNA polymerase GLD2 isoform 7 [Homo sapiens]
XP_001464279.1	XP_047272805.1	1.16e-14	80.9	30.851	188	16	poly(A) RNA polymerase GLD2 isoform X2 [Homo sapiens]
XP_001464279.1	XP_047272804.1	1.16e-14	80.9	30.851	188	16	poly(A) RNA polymerase GLD2 isoform X2 [Homo sapiens]
XP_001464279.1	XP_047272803.1	1.16e-14	80.9	30.851	188	16	poly(A) RNA polymerase GLD2 isoform X2 [Homo sapiens]
XP_001464279.1	XP_047272802.1	1.16e-14	80.9	30.851	188	16	poly(A) RNA polymerase GLD2 isoform X2 [Homo sapiens]
XP_001464279.1	XP_016864641.1	1.16e-14	80.9	30.851	188	16	poly(A) RNA polymerase GLD2 isoform X2 [Homo sapiens]
XP_001464279.1	NP_001375026.1	1.16e-14	80.9	30.851	188	16	poly(A) RNA polymerase GLD2 isoform 6 [Homo sapiens]
XP_001464279.1	NP_001375025.1	1.16e-14	80.9	30.851	188	16	poly(A) RNA polymerase GLD2 isoform 6 [Homo sapiens]
XP_001464279.1	NP_001375024.1	1.16e-14	80.9	30.851	188	16	poly(A) RNA polymerase GLD2 isoform 6 [Homo sapiens]
XP_001465112.1	NP_001336477.1	5.48e-09	60.5	27.397	146	15	poly(A) RNA polymerase GLD2 isoform 4 [Homo sapiens]
XP_001465112.1	XP_047272820.1	7.96e-09	60.1	27.397	146	15	poly(A) RNA polymerase GLD2 isoform X11 [Homo sapiens]
XP_001465112.1	NP_001375065.1	9.11e-09	61.2	27.397	146	15	poly(A) RNA polymerase GLD2 isoform 14 [Homo sapiens]
XP_001465112.1	NP_001375061.1	1.00e-08	61.2	27.397	146	15	poly(A) RNA polymerase GLD2 isoform 12 [Homo sapiens]
XP_001465112.1	XP_047272805.1	1.03e-08	61.6	27.397	146	15	poly(A) RNA polymerase GLD2 isoform X2 [Homo sapiens]
XP_001465112.1	XP_047272804.1	1.03e-08	61.6	27.397	146	15	poly(A) RNA polymerase GLD2 isoform X2 [Homo sapiens]
XP_001465112.1	XP_047272803.1	1.03e-08	61.6	27.397	146	15	poly(A) RNA polymerase GLD2 isoform X2 [Homo sapiens]
XP_001465112.1	XP_047272802.1	1.03e-08	61.6	27.397	146	15	poly(A) RNA polymerase GLD2 isoform X2 [Homo sapiens]
XP_001465112.1	XP_016864641.1	1.03e-08	61.6	27.397	146	15	poly(A) RNA polymerase GLD2 isoform X2 [Homo sapiens]
XP_001465112.1	NP_001375026.1	1.03e-08	61.6	27.397	146	15	poly(A) RNA polymerase GLD2 isoform 6 [Homo sapiens]
XP_001465192.1	XP_047272305.1	1.32e-13	75.5	28.244	262	61	terminal uridylyltransferase 4 isoform X17 [Homo sapiens]
XP_001465192.1	XP_047272296.1	1.34e-13	75.5	28.244	262	61	terminal uridylyltransferase 4 isoform X13 [Homo sapiens]
XP_001465192.1	XP_047272295.1	1.37e-13	75.5	28.244	262	61	terminal uridylyltransferase 4 isoform X12 [Homo sapiens]
XP_001465192.1	XP_047272290.1	1.37e-13	75.5	28.571	266	62	terminal uridylyltransferase 4 isoform X11 [Homo sapiens]
XP_001465192.1	XP_047272286.1	1.39e-13	75.5	28.571	266	62	terminal uridylyltransferase 4 isoform X8 [Homo sapiens]
XP_001465192.1	XP_047272372.1	1.42e-13	75.5	28.571	266	62	terminal uridylyltransferase 4 isoform X42 [Homo sapiens]
XP_001465192.1	XP_047272344.1	1.64e-13	75.1	28.571	266	62	terminal uridylyltransferase 4 isoform X30 [Homo sapiens]
XP_001465192.1	XP_047272350.1	1.71e-13	75.1	28.244	262	61	terminal uridylyltransferase 4 isoform X34 [Homo sapiens]
XP_001465192.1	XP_047279825.1	5.68e-12	70.5	25.820	244	58	terminal uridylyltransferase 7 isoform X6 [Homo sapiens]
XP_001465192.1	XP_047279824.1	5.68e-12	70.5	25.820	244	58	terminal uridylyltransferase 7 isoform X6 [Homo sapiens]
XP_001465471.1	NP_001375065.1	4.38e-11	66.2	25.322	233	61	poly(A) RNA polymerase GLD2 isoform 14 [Homo sapiens]
XP_001465471.1	XP_047272820.1	4.81e-11	65.1	25.989	177	46	poly(A) RNA polymerase GLD2 isoform X11 [Homo sapiens]
XP_001465471.1	NP_001336477.1	6.56e-11	64.7	25.989	177	46	poly(A) RNA polymerase GLD2 isoform 4 [Homo sapiens]
XP_001465471.1	NP_001375061.1	6.78e-11	65.9	25.322	233	61	poly(A) RNA polymerase GLD2 isoform 12 [Homo sapiens]
XP_001465471.1	NP_001375060.1	9.79e-11	65.5	25.989	177	46	poly(A) RNA polymerase GLD2 isoform 11 [Homo sapiens]
XP_001465471.1	NP_001375030.1	9.86e-11	65.5	25.316	237	61	poly(A) RNA polymerase GLD2 isoform 9 [Homo sapiens]
XP_001465471.1	NP_001375059.1	9.93e-11	65.5	25.322	233	61	poly(A) RNA polymerase GLD2 isoform 10 [Homo sapiens]
XP_001465471.1	XP_047272801.1	1.04e-10	65.5	25.967	181	47	poly(A) RNA polymerase GLD2 isoform X1 [Homo sapiens]
XP_001465471.1	XP_047272800.1	1.04e-10	65.5	25.967	181	47	poly(A) RNA polymerase GLD2 isoform X1 [Homo sapiens]
XP_001465471.1	XP_011541527.1	1.04e-10	65.5	25.967	181	47	poly(A) RNA polymerase GLD2 isoform X1 [Homo sapiens]
XP_001467936.1	NP_001375029.1	6.67e-13	72.0	23.175	315	81	poly(A) RNA polymerase GLD2 isoform 8 [Homo sapiens]
XP_001467936.1	NP_001375028.1	6.67e-13	72.0	23.175	315	81	poly(A) RNA polymerase GLD2 isoform 8 [Homo sapiens]
XP_001467936.1	NP_001375065.1	7.03e-13	71.2	23.179	302	81	poly(A) RNA polymerase GLD2 isoform 14 [Homo sapiens]
XP_001467936.1	XP_047272808.1	8.52e-13	71.6	23.529	306	81	poly(A) RNA polymerase GLD2 isoform X3 [Homo sapiens]
XP_001467936.1	XP_047272807.1	8.52e-13	71.6	23.529	306	81	poly(A) RNA polymerase GLD2 isoform X3 [Homo sapiens]
XP_001467936.1	XP_047272806.1	8.52e-13	71.6	23.529	306	81	poly(A) RNA polymerase GLD2 isoform X3 [Homo sapiens]
XP_001467936.1	NP_776158.2	8.52e-13	71.6	23.529	306	81	poly(A) RNA polymerase GLD2 isoform 1 [Homo sapiens]
XP_001467936.1	NP_001375041.1	8.52e-13	71.6	23.529	306	81	poly(A) RNA polymerase GLD2 isoform 1 [Homo sapiens]
XP_001467936.1	NP_001375040.1	8.52e-13	71.6	23.529	306	81	poly(A) RNA polymerase GLD2 isoform 1 [Homo sapiens]
XP_001467936.1	NP_001375039.1	8.52e-13	71.6	23.529	306	81	poly(A) RNA polymerase GLD2 isoform 1 [Homo sapiens]
XP_001470115.1	NP_001336477.1	1.54e-06	52.0	23.394	218	45	poly(A) RNA polymerase GLD2 isoform 4 [Homo sapiens]
XP_001470115.1	XP_047272808.1	2.38e-06	52.4	23.853	218	45	poly(A) RNA polymerase GLD2 isoform X3 [Homo sapiens]
XP_001470115.1	XP_047272807.1	2.38e-06	52.4	23.853	218	45	poly(A) RNA polymerase GLD2 isoform X3 [Homo sapiens]
XP_001470115.1	XP_047272806.1	2.38e-06	52.4	23.853	218	45	poly(A) RNA polymerase GLD2 isoform X3 [Homo sapiens]
XP_001470115.1	NP_776158.2	2.38e-06	52.4	23.853	218	45	poly(A) RNA polymerase GLD2 isoform 1 [Homo sapiens]
XP_001470115.1	NP_001375041.1	2.38e-06	52.4	23.853	218	45	poly(A) RNA polymerase GLD2 isoform 1 [Homo sapiens]
XP_001470115.1	NP_001375040.1	2.38e-06	52.4	23.853	218	45	poly(A) RNA polymerase GLD2 isoform 1 [Homo sapiens]
XP_001470115.1	NP_001375039.1	2.38e-06	52.4	23.853	218	45	poly(A) RNA polymerase GLD2 isoform 1 [Homo sapiens]
XP_001470115.1	NP_001375038.1	2.38e-06	52.4	23.853	218	45	poly(A) RNA polymerase GLD2 isoform 1 [Homo sapiens]
XP_001470115.1	NP_001375037.1	2.38e-06	52.4	23.853	218	45	poly(A) RNA polymerase GLD2 isoform 1 [Homo sapiens]
XP_001470386.1	XP_047272820.1	6.83e-09	59.3	25.521	192	35	poly(A) RNA polymerase GLD2 isoform X11 [Homo sapiens]
XP_001470386.1	NP_001336477.1	7.34e-09	59.3	25.521	192	35	poly(A) RNA polymerase GLD2 isoform 4 [Homo sapiens]
XP_001470386.1	NP_001375065.1	7.97e-09	60.1	25.521	192	35	poly(A) RNA polymerase GLD2 isoform 14 [Homo sapiens]
XP_001470386.1	NP_001375027.1	1.18e-08	60.1	25.521	192	35	poly(A) RNA polymerase GLD2 isoform 7 [Homo sapiens]
XP_001470386.1	XP_047272805.1	1.18e-08	60.1	25.521	192	35	poly(A) RNA polymerase GLD2 isoform X2 [Homo sapiens]
XP_001470386.1	XP_047272804.1	1.18e-08	60.1	25.521	192	35	poly(A) RNA polymerase GLD2 isoform X2 [Homo sapiens]
XP_001470386.1	XP_047272803.1	1.18e-08	60.1	25.521	192	35	poly(A) RNA polymerase GLD2 isoform X2 [Homo sapiens]
XP_001470386.1	XP_047272802.1	1.18e-08	60.1	25.521	192	35	poly(A) RNA polymerase GLD2 isoform X2 [Homo sapiens]
XP_001470386.1	XP_016864641.1	1.18e-08	60.1	25.521	192	35	poly(A) RNA polymerase GLD2 isoform X2 [Homo sapiens]
XP_001470386.1	NP_001375026.1	1.18e-08	60.1	25.521	192	35	poly(A) RNA polymerase GLD2 isoform 6 [Homo sapiens]
XP_001470395.1	NP_001035375.2	1.78e-14	79.3	24.069	349	55	terminal nucleotidyltransferase 4B isoform b [Homo sapiens]
XP_001470395.1	XP_011521578.1	1.78e-14	79.3	24.069	349	55	terminal nucleotidyltransferase 4B isoform X2 [Homo sapiens]
XP_001470395.1	NP_001035374.2	2.29e-14	79.0	22.414	348	55	terminal nucleotidyltransferase 4B isoform a [Homo sapiens]
XP_001470395.1	XP_011521577.1	2.29e-14	79.0	22.414	348	55	terminal nucleotidyltransferase 4B isoform X1 [Homo sapiens]
XP_001470395.1	XP_047290431.1	3.14e-14	78.6	22.414	348	55	terminal nucleotidyltransferase 4B isoform X3 [Homo sapiens]
XP_001470395.1	XP_047290432.1	3.30e-14	78.6	22.414	348	55	terminal nucleotidyltransferase 4B isoform X4 [Homo sapiens]
XP_001470395.1	XP_047290433.1	3.43e-14	77.8	24.251	334	53	terminal nucleotidyltransferase 4B isoform X6 [Homo sapiens]
XP_001470395.1	NP_001352253.1	3.56e-14	78.6	23.209	349	55	terminal nucleotidyltransferase 4B isoform d [Homo sapiens]
XP_001470395.1	NP_001352252.1	4.10e-14	78.2	22.414	348	55	terminal nucleotidyltransferase 4B isoform c [Homo sapiens]
XP_001470395.1	XP_011521580.1	6.42e-14	77.0	24.251	334	53	terminal nucleotidyltransferase 4B isoform X5 [Homo sapiens]
XP_001485907.2	XP_011521580.1	6.02e-55	196	36.873	339	56	terminal nucleotidyltransferase 4B isoform X5 [Homo sapiens]
XP_001485907.2	XP_047290433.1	6.34e-55	195	36.873	339	56	terminal nucleotidyltransferase 4B isoform X6 [Homo sapiens]
XP_001485907.2	NP_001035374.2	8.82e-54	197	36.873	339	56	terminal nucleotidyltransferase 4B isoform a [Homo sapiens]
XP_001485907.2	XP_011521577.1	8.94e-54	197	36.873	339	56	terminal nucleotidyltransferase 4B isoform X1 [Homo sapiens]
XP_001485907.2	NP_001352252.1	9.32e-54	196	36.873	339	56	terminal nucleotidyltransferase 4B isoform c [Homo sapiens]
XP_001485907.2	NP_001352253.1	1.00e-53	197	36.873	339	56	terminal nucleotidyltransferase 4B isoform d [Homo sapiens]
XP_001485907.2	NP_001165276.2	1.01e-53	197	37.349	332	56	terminal nucleotidyltransferase 4A isoform 2 [Homo sapiens]
XP_001485907.2	NP_008930.2	1.04e-53	197	37.349	332	56	terminal nucleotidyltransferase 4A isoform 1 [Homo sapiens]
XP_001485907.2	XP_047290432.1	1.10e-53	196	36.873	339	56	terminal nucleotidyltransferase 4B isoform X4 [Homo sapiens]
XP_001485907.2	NP_001035375.2	1.23e-53	195	36.873	339	56	terminal nucleotidyltransferase 4B isoform b [Homo sapiens]
XP_001493802.2	NP_060579.3	0.0	962	80.855	585	100	poly(A) RNA polymerase, mitochondrial precursor [Homo sapiens]
XP_001493802.2	NP_073741.3	7.32e-41	161	33.591	259	42	speckle targeted PIP5K1A-regulated poly(A) polymerase isoform 1 [Homo sapiens]
XP_001493802.2	XP_016856299.1	1.67e-21	102	26.316	285	46	terminal uridylyltransferase 4 isoform X40 [Homo sapiens]
XP_001493802.2	XP_016856292.1	1.68e-21	102	26.316	285	46	terminal uridylyltransferase 4 isoform X9 [Homo sapiens]
XP_001493802.2	XP_005270739.1	1.68e-21	102	26.316	285	46	terminal uridylyltransferase 4 isoform X33 [Homo sapiens]
XP_001493802.2	XP_047272345.1	1.68e-21	102	26.316	285	46	terminal uridylyltransferase 4 isoform X31 [Homo sapiens]
XP_001493802.2	XP_047272337.1	1.69e-21	102	26.316	285	46	terminal uridylyltransferase 4 isoform X27 [Homo sapiens]
XP_001493802.2	XP_011539399.1	1.70e-21	102	26.316	285	46	terminal uridylyltransferase 4 isoform X1 [Homo sapiens]
XP_001493802.2	XP_005270733.1	1.70e-21	102	26.316	285	46	terminal uridylyltransferase 4 isoform X1 [Homo sapiens]
XP_001493802.2	XP_047272285.1	1.71e-21	102	26.316	285	46	terminal uridylyltransferase 4 isoform X7 [Homo sapiens]
XP_001507658.3	NP_060579.3	0.0	748	63.652	564	97	poly(A) RNA polymerase, mitochondrial precursor [Homo sapiens]
XP_001507658.3	NP_073741.3	1.08e-40	160	34.848	264	43	speckle targeted PIP5K1A-regulated poly(A) polymerase isoform 1 [Homo sapiens]
XP_001507658.3	XP_047279825.1	6.36e-23	106	24.796	367	62	terminal uridylyltransferase 7 isoform X6 [Homo sapiens]
XP_001507658.3	XP_047279824.1	6.36e-23	106	24.796	367	62	terminal uridylyltransferase 7 isoform X6 [Homo sapiens]
XP_001507658.3	XP_005252264.1	6.36e-23	106	24.796	367	62	terminal uridylyltransferase 7 isoform X6 [Homo sapiens]
XP_001507658.3	XP_011517318.1	6.72e-23	106	24.932	365	61	terminal uridylyltransferase 7 isoform X5 [Homo sapiens]
XP_001507658.3	XP_011517317.1	7.17e-23	106	24.796	367	62	terminal uridylyltransferase 7 isoform X3 [Homo sapiens]
XP_001507658.3	XP_016870620.1	7.22e-23	106	24.796	367	62	terminal uridylyltransferase 7 isoform X4 [Homo sapiens]
XP_001507658.3	XP_016870619.1	7.22e-23	106	24.796	367	62	terminal uridylyltransferase 7 isoform X4 [Homo sapiens]
XP_001507658.3	NP_078893.2	7.22e-23	106	24.796	367	62	terminal uridylyltransferase 7 isoform 1 [Homo sapiens]
XP_001526920.2	XP_011521580.1	2.61e-52	191	39.062	320	48	terminal nucleotidyltransferase 4B isoform X5 [Homo sapiens]
XP_001526920.2	XP_047290433.1	3.42e-52	189	39.062	320	48	terminal nucleotidyltransferase 4B isoform X6 [Homo sapiens]
XP_001526920.2	NP_001035374.2	7.39e-51	190	39.062	320	48	terminal nucleotidyltransferase 4B isoform a [Homo sapiens]
XP_001526920.2	XP_011521577.1	7.48e-51	190	39.062	320	48	terminal nucleotidyltransferase 4B isoform X1 [Homo sapiens]
XP_001526920.2	NP_008930.2	7.56e-51	191	38.158	304	46	terminal nucleotidyltransferase 4A isoform 1 [Homo sapiens]
XP_001526920.2	NP_001165276.2	8.10e-51	191	38.158	304	46	terminal nucleotidyltransferase 4A isoform 2 [Homo sapiens]
XP_001526920.2	XP_047290432.1	1.05e-50	188	39.062	320	48	terminal nucleotidyltransferase 4B isoform X4 [Homo sapiens]
XP_001526920.2	NP_001352252.1	1.08e-50	189	39.062	320	48	terminal nucleotidyltransferase 4B isoform c [Homo sapiens]
XP_001526920.2	NP_001035375.2	1.12e-50	188	39.048	315	48	terminal nucleotidyltransferase 4B isoform b [Homo sapiens]
XP_001526920.2	XP_011521578.1	1.14e-50	188	39.048	315	48	terminal nucleotidyltransferase 4B isoform X2 [Homo sapiens]
XP_001536995.1	NP_001165276.2	4.67e-39	156	31.928	332	48	terminal nucleotidyltransferase 4A isoform 2 [Homo sapiens]
XP_001536995.1	NP_008930.2	4.87e-39	156	31.928	332	48	terminal nucleotidyltransferase 4A isoform 1 [Homo sapiens]
XP_001536995.1	XP_047272622.1	3.87e-38	151	31.894	301	44	terminal nucleotidyltransferase 4A isoform X1 [Homo sapiens]
XP_001536995.1	XP_047272621.1	3.87e-38	151	31.894	301	44	terminal nucleotidyltransferase 4A isoform X1 [Homo sapiens]
XP_001536995.1	XP_047272620.1	3.87e-38	151	31.894	301	44	terminal nucleotidyltransferase 4A isoform X1 [Homo sapiens]
XP_001536995.1	XP_047290433.1	8.77e-38	149	31.126	302	44	terminal nucleotidyltransferase 4B isoform X6 [Homo sapiens]
XP_001536995.1	XP_011521580.1	1.20e-37	149	31.126	302	44	terminal nucleotidyltransferase 4B isoform X5 [Homo sapiens]
XP_001536995.1	XP_047272624.1	1.60e-37	149	31.879	298	43	terminal nucleotidyltransferase 4A isoform X3 [Homo sapiens]
XP_001536995.1	XP_047272623.1	1.72e-37	149	31.879	298	43	terminal nucleotidyltransferase 4A isoform X2 [Homo sapiens]
XP_001536995.1	XP_016864477.1	1.72e-37	149	31.879	298	43	terminal nucleotidyltransferase 4A isoform X2 [Homo sapiens]
XP_001542787.1	NP_001336477.1	1.47e-26	112	34.101	217	21	poly(A) RNA polymerase GLD2 isoform 4 [Homo sapiens]
XP_001542787.1	XP_047272384.1	4.44e-26	118	30.314	287	25	terminal uridylyltransferase 4 isoform X46 [Homo sapiens]
XP_001542787.1	XP_047272820.1	4.54e-26	110	35.468	203	19	poly(A) RNA polymerase GLD2 isoform X11 [Homo sapiens]
XP_001542787.1	NP_001375059.1	9.64e-26	114	34.101	217	21	poly(A) RNA polymerase GLD2 isoform 10 [Homo sapiens]
XP_001542787.1	NP_001375061.1	9.72e-26	114	34.101	217	21	poly(A) RNA polymerase GLD2 isoform 12 [Homo sapiens]
XP_001542787.1	XP_047272811.1	1.07e-25	114	34.101	217	21	poly(A) RNA polymerase GLD2 isoform X4 [Homo sapiens]
XP_001542787.1	XP_047272810.1	1.07e-25	114	34.101	217	21	poly(A) RNA polymerase GLD2 isoform X4 [Homo sapiens]
XP_001542787.1	XP_047272809.1	1.07e-25	114	34.101	217	21	poly(A) RNA polymerase GLD2 isoform X4 [Homo sapiens]
XP_001542787.1	NP_001375058.1	1.07e-25	114	34.101	217	21	poly(A) RNA polymerase GLD2 isoform 2 [Homo sapiens]
XP_001542787.1	NP_001375057.1	1.07e-25	114	34.101	217	21	poly(A) RNA polymerase GLD2 isoform 2 [Homo sapiens]
XP_001562273.1	NP_001336477.1	4.26e-10	62.8	25.263	190	35	poly(A) RNA polymerase GLD2 isoform 4 [Homo sapiens]
XP_001562273.1	XP_047272820.1	5.92e-10	62.4	25.263	190	35	poly(A) RNA polymerase GLD2 isoform X11 [Homo sapiens]
XP_001562273.1	NP_001375065.1	7.89e-10	63.2	25.263	190	35	poly(A) RNA polymerase GLD2 isoform 14 [Homo sapiens]
XP_001562273.1	NP_001375061.1	1.32e-09	62.8	25.263	190	35	poly(A) RNA polymerase GLD2 isoform 12 [Homo sapiens]
XP_001562273.1	NP_001375060.1	1.34e-09	62.8	25.263	190	35	poly(A) RNA polymerase GLD2 isoform 11 [Homo sapiens]
XP_001562273.1	NP_001375042.1	1.42e-09	62.8	25.263	190	35	poly(A) RNA polymerase GLD2 isoform 16 [Homo sapiens]
XP_001562273.1	NP_001375066.1	1.44e-09	61.6	25.263	190	35	poly(A) RNA polymerase GLD2 isoform 15 [Homo sapiens]
XP_001562273.1	XP_047272805.1	1.51e-09	62.8	25.263	190	35	poly(A) RNA polymerase GLD2 isoform X2 [Homo sapiens]
XP_001562273.1	XP_047272804.1	1.51e-09	62.8	25.263	190	35	poly(A) RNA polymerase GLD2 isoform X2 [Homo sapiens]
XP_001562273.1	XP_047272803.1	1.51e-09	62.8	25.263	190	35	poly(A) RNA polymerase GLD2 isoform X2 [Homo sapiens]
XP_001562283.1	NP_001035375.2	1.23e-15	82.4	25.338	296	54	terminal nucleotidyltransferase 4B isoform b [Homo sapiens]
XP_001562283.1	XP_011521578.1	1.23e-15	82.4	25.338	296	54	terminal nucleotidyltransferase 4B isoform X2 [Homo sapiens]
XP_001562283.1	XP_047290431.1	1.93e-15	82.0	25.338	296	54	terminal nucleotidyltransferase 4B isoform X3 [Homo sapiens]
XP_001562283.1	XP_047290432.1	2.07e-15	81.6	25.338	296	54	terminal nucleotidyltransferase 4B isoform X4 [Homo sapiens]
XP_001562283.1	NP_001035374.2	2.09e-15	81.6	25.338	296	54	terminal nucleotidyltransferase 4B isoform a [Homo sapiens]
XP_001562283.1	XP_011521577.1	2.10e-15	81.6	25.338	296	54	terminal nucleotidyltransferase 4B isoform X1 [Homo sapiens]
XP_001562283.1	NP_001352253.1	2.49e-15	81.6	25.338	296	54	terminal nucleotidyltransferase 4B isoform d [Homo sapiens]
XP_001562283.1	NP_001352252.1	2.66e-15	81.6	25.338	296	54	terminal nucleotidyltransferase 4B isoform c [Homo sapiens]
XP_001562283.1	XP_047290433.1	4.30e-15	80.1	25.510	294	54	terminal nucleotidyltransferase 4B isoform X6 [Homo sapiens]
XP_001562283.1	XP_011521580.1	6.59e-15	79.7	25.510	294	54	terminal nucleotidyltransferase 4B isoform X5 [Homo sapiens]
XP_001562573.1	NP_001165276.2	3.17e-34	143	29.261	352	39	terminal nucleotidyltransferase 4A isoform 2 [Homo sapiens]
XP_001562573.1	NP_008930.2	3.27e-34	143	29.261	352	39	terminal nucleotidyltransferase 4A isoform 1 [Homo sapiens]
XP_001562573.1	NP_001035374.2	3.63e-32	136	28.527	319	35	terminal nucleotidyltransferase 4B isoform a [Homo sapiens]
XP_001562573.1	XP_011521577.1	3.65e-32	136	28.527	319	35	terminal nucleotidyltransferase 4B isoform X1 [Homo sapiens]
XP_001562573.1	XP_011521580.1	3.96e-32	134	28.707	317	35	terminal nucleotidyltransferase 4B isoform X5 [Homo sapiens]
XP_001562573.1	XP_047290433.1	4.24e-32	133	27.389	314	35	terminal nucleotidyltransferase 4B isoform X6 [Homo sapiens]
XP_001562573.1	NP_001035375.2	5.25e-32	135	26.899	316	35	terminal nucleotidyltransferase 4B isoform b [Homo sapiens]
XP_001562573.1	XP_011521578.1	5.28e-32	135	26.899	316	35	terminal nucleotidyltransferase 4B isoform X2 [Homo sapiens]
XP_001562573.1	NP_001352252.1	5.75e-32	135	28.527	319	35	terminal nucleotidyltransferase 4B isoform c [Homo sapiens]
XP_001562573.1	NP_001352253.1	8.23e-32	135	28.527	319	35	terminal nucleotidyltransferase 4B isoform d [Homo sapiens]
XP_001563382.1	XP_047272820.1	1.82e-14	77.0	31.414	191	16	poly(A) RNA polymerase GLD2 isoform X11 [Homo sapiens]
XP_001563382.1	NP_001375027.1	5.81e-14	78.6	31.414	191	16	poly(A) RNA polymerase GLD2 isoform 7 [Homo sapiens]
XP_001563382.1	XP_047272805.1	5.98e-14	78.6	31.414	191	16	poly(A) RNA polymerase GLD2 isoform X2 [Homo sapiens]
XP_001563382.1	XP_047272804.1	5.98e-14	78.6	31.414	191	16	poly(A) RNA polymerase GLD2 isoform X2 [Homo sapiens]
XP_001563382.1	XP_047272803.1	5.98e-14	78.6	31.414	191	16	poly(A) RNA polymerase GLD2 isoform X2 [Homo sapiens]
XP_001563382.1	XP_047272802.1	5.98e-14	78.6	31.414	191	16	poly(A) RNA polymerase GLD2 isoform X2 [Homo sapiens]
XP_001563382.1	XP_016864641.1	5.98e-14	78.6	31.414	191	16	poly(A) RNA polymerase GLD2 isoform X2 [Homo sapiens]
XP_001563382.1	NP_001375026.1	5.98e-14	78.6	31.414	191	16	poly(A) RNA polymerase GLD2 isoform 6 [Homo sapiens]
XP_001563382.1	NP_001375025.1	5.98e-14	78.6	31.414	191	16	poly(A) RNA polymerase GLD2 isoform 6 [Homo sapiens]
XP_001563382.1	NP_001375024.1	5.98e-14	78.6	31.414	191	16	poly(A) RNA polymerase GLD2 isoform 6 [Homo sapiens]
XP_001564261.1	XP_047272820.1	1.29e-10	65.5	28.834	163	17	poly(A) RNA polymerase GLD2 isoform X11 [Homo sapiens]
XP_001564261.1	NP_001375027.1	1.50e-10	67.4	28.834	163	17	poly(A) RNA polymerase GLD2 isoform 7 [Homo sapiens]
XP_001564261.1	XP_047272805.1	1.56e-10	67.4	28.834	163	17	poly(A) RNA polymerase GLD2 isoform X2 [Homo sapiens]
XP_001564261.1	XP_047272804.1	1.56e-10	67.4	28.834	163	17	poly(A) RNA polymerase GLD2 isoform X2 [Homo sapiens]
XP_001564261.1	XP_047272803.1	1.56e-10	67.4	28.834	163	17	poly(A) RNA polymerase GLD2 isoform X2 [Homo sapiens]
XP_001564261.1	XP_047272802.1	1.56e-10	67.4	28.834	163	17	poly(A) RNA polymerase GLD2 isoform X2 [Homo sapiens]
XP_001564261.1	XP_016864641.1	1.56e-10	67.4	28.834	163	17	poly(A) RNA polymerase GLD2 isoform X2 [Homo sapiens]
XP_001564261.1	NP_001375026.1	1.56e-10	67.4	28.834	163	17	poly(A) RNA polymerase GLD2 isoform 6 [Homo sapiens]
XP_001564261.1	NP_001375025.1	1.56e-10	67.4	28.834	163	17	poly(A) RNA polymerase GLD2 isoform 6 [Homo sapiens]
XP_001564261.1	NP_001375024.1	1.56e-10	67.4	28.834	163	17	poly(A) RNA polymerase GLD2 isoform 6 [Homo sapiens]
XP_001564906.1	XP_047272820.1	9.29e-12	67.0	25.989	177	47	poly(A) RNA polymerase GLD2 isoform X11 [Homo sapiens]
XP_001564906.1	NP_001336477.1	1.60e-11	66.6	26.404	178	47	poly(A) RNA polymerase GLD2 isoform 4 [Homo sapiens]
XP_001564906.1	NP_001375060.1	1.80e-11	67.8	24.686	239	63	poly(A) RNA polymerase GLD2 isoform 11 [Homo sapiens]
XP_001564906.1	NP_001375065.1	1.92e-11	67.4	25.989	177	47	poly(A) RNA polymerase GLD2 isoform 14 [Homo sapiens]
XP_001564906.1	NP_001375029.1	2.17e-11	67.8	24.686	239	63	poly(A) RNA polymerase GLD2 isoform 8 [Homo sapiens]
XP_001564906.1	NP_001375028.1	2.17e-11	67.8	24.686	239	63	poly(A) RNA polymerase GLD2 isoform 8 [Homo sapiens]
XP_001564906.1	NP_001375042.1	2.26e-11	67.4	24.686	239	63	poly(A) RNA polymerase GLD2 isoform 16 [Homo sapiens]
XP_001564906.1	XP_047272808.1	2.39e-11	67.4	24.686	239	63	poly(A) RNA polymerase GLD2 isoform X3 [Homo sapiens]
XP_001564906.1	XP_047272807.1	2.39e-11	67.4	24.686	239	63	poly(A) RNA polymerase GLD2 isoform X3 [Homo sapiens]
XP_001564906.1	XP_047272806.1	2.39e-11	67.4	24.686	239	63	poly(A) RNA polymerase GLD2 isoform X3 [Homo sapiens]
XP_001566114.1	NP_001336477.1	1.08e-06	52.4	22.707	229	46	poly(A) RNA polymerase GLD2 isoform 4 [Homo sapiens]
XP_001566114.1	XP_047272820.1	1.38e-06	52.0	23.144	229	46	poly(A) RNA polymerase GLD2 isoform X11 [Homo sapiens]
XP_001566114.1	NP_001375065.1	2.64e-06	52.0	22.707	229	46	poly(A) RNA polymerase GLD2 isoform 14 [Homo sapiens]
XP_001566114.1	NP_001375066.1	2.98e-06	51.2	23.474	213	42	poly(A) RNA polymerase GLD2 isoform 15 [Homo sapiens]
XP_001566114.1	NP_001375059.1	3.15e-06	52.0	23.144	229	46	poly(A) RNA polymerase GLD2 isoform 10 [Homo sapiens]
XP_001566114.1	NP_001375061.1	3.30e-06	52.0	23.144	229	46	poly(A) RNA polymerase GLD2 isoform 12 [Homo sapiens]
XP_001566114.1	XP_047272811.1	3.36e-06	52.0	23.144	229	46	poly(A) RNA polymerase GLD2 isoform X4 [Homo sapiens]
XP_001566114.1	XP_047272810.1	3.36e-06	52.0	23.144	229	46	poly(A) RNA polymerase GLD2 isoform X4 [Homo sapiens]
XP_001566114.1	XP_047272809.1	3.36e-06	52.0	23.144	229	46	poly(A) RNA polymerase GLD2 isoform X4 [Homo sapiens]
XP_001566114.1	NP_001375058.1	3.36e-06	52.0	23.144	229	46	poly(A) RNA polymerase GLD2 isoform 2 [Homo sapiens]
XP_001567621.1	NP_001375029.1	8.53e-13	71.6	25.237	317	81	poly(A) RNA polymerase GLD2 isoform 8 [Homo sapiens]
XP_001567621.1	NP_001375028.1	8.53e-13	71.6	25.237	317	81	poly(A) RNA polymerase GLD2 isoform 8 [Homo sapiens]
XP_001567621.1	NP_001375065.1	8.86e-13	71.2	23.841	302	81	poly(A) RNA polymerase GLD2 isoform 14 [Homo sapiens]
XP_001567621.1	NP_001375060.1	9.24e-13	71.6	24.183	306	81	poly(A) RNA polymerase GLD2 isoform 11 [Homo sapiens]
XP_001567621.1	XP_047272808.1	9.50e-13	71.6	24.183	306	81	poly(A) RNA polymerase GLD2 isoform X3 [Homo sapiens]
XP_001567621.1	XP_047272807.1	9.50e-13	71.6	24.183	306	81	poly(A) RNA polymerase GLD2 isoform X3 [Homo sapiens]
XP_001567621.1	XP_047272806.1	9.50e-13	71.6	24.183	306	81	poly(A) RNA polymerase GLD2 isoform X3 [Homo sapiens]
XP_001567621.1	NP_776158.2	9.50e-13	71.6	24.183	306	81	poly(A) RNA polymerase GLD2 isoform 1 [Homo sapiens]
XP_001567621.1	NP_001375041.1	9.50e-13	71.6	24.183	306	81	poly(A) RNA polymerase GLD2 isoform 1 [Homo sapiens]
XP_001567621.1	NP_001375040.1	9.50e-13	71.6	24.183	306	81	poly(A) RNA polymerase GLD2 isoform 1 [Homo sapiens]
XP_001594402.1	XP_047272820.1	1.83e-19	91.3	30.698	215	25	poly(A) RNA polymerase GLD2 isoform X11 [Homo sapiens]
XP_001594402.1	NP_001336477.1	5.07e-19	90.1	30.698	215	25	poly(A) RNA polymerase GLD2 isoform 4 [Homo sapiens]
XP_001594402.1	NP_001375065.1	1.02e-18	91.3	30.698	215	25	poly(A) RNA polymerase GLD2 isoform 14 [Homo sapiens]
XP_001594402.1	NP_001317647.1	1.21e-18	94.0	33.158	190	22	terminal uridylyltransferase 7 isoform 3 [Homo sapiens]
XP_001594402.1	XP_016870620.1	1.50e-18	94.0	33.158	190	22	terminal uridylyltransferase 7 isoform X4 [Homo sapiens]
XP_001594402.1	XP_016870619.1	1.50e-18	94.0	33.158	190	22	terminal uridylyltransferase 7 isoform X4 [Homo sapiens]
XP_001594402.1	NP_078893.2	1.50e-18	94.0	33.158	190	22	terminal uridylyltransferase 7 isoform 1 [Homo sapiens]
XP_001594402.1	NP_001171988.1	1.50e-18	94.0	33.158	190	22	terminal uridylyltransferase 7 isoform 1 [Homo sapiens]
XP_001594402.1	XP_047279823.1	1.50e-18	94.0	33.158	190	22	terminal uridylyltransferase 7 isoform X2 [Homo sapiens]
XP_001594402.1	XP_006717346.1	1.50e-18	94.0	33.158	190	22	terminal uridylyltransferase 7 isoform X2 [Homo sapiens]
XP_001595356.1	XP_047272384.1	4.53e-42	169	35.811	296	28	terminal uridylyltransferase 4 isoform X46 [Homo sapiens]
XP_001595356.1	XP_016856297.1	9.89e-42	169	35.811	296	28	terminal uridylyltransferase 4 isoform X36 [Homo sapiens]
XP_001595356.1	XP_005270739.1	1.19e-41	169	35.811	296	28	terminal uridylyltransferase 4 isoform X33 [Homo sapiens]
XP_001595356.1	XP_011539401.1	1.28e-41	169	35.811	296	28	terminal uridylyltransferase 4 isoform X29 [Homo sapiens]
XP_001595356.1	XP_047272345.1	1.44e-41	169	35.811	296	28	terminal uridylyltransferase 4 isoform X31 [Homo sapiens]
XP_001595356.1	XP_016856295.1	1.53e-41	169	35.811	296	28	terminal uridylyltransferase 4 isoform X25 [Homo sapiens]
XP_001595356.1	XP_047272285.1	1.57e-41	169	35.811	296	28	terminal uridylyltransferase 4 isoform X7 [Homo sapiens]
XP_001595356.1	XP_011539399.1	1.60e-41	169	35.811	296	28	terminal uridylyltransferase 4 isoform X1 [Homo sapiens]
XP_001595356.1	XP_005270733.1	1.60e-41	169	35.811	296	28	terminal uridylyltransferase 4 isoform X1 [Homo sapiens]
XP_001595356.1	XP_047272288.1	1.62e-41	169	35.811	296	28	terminal uridylyltransferase 4 isoform X10 [Homo sapiens]
XP_001602043.2	NP_060579.3	7.69e-14	78.2	23.939	330	28	poly(A) RNA polymerase, mitochondrial precursor [Homo sapiens]
XP_001602043.2	NP_001375060.1	5.22e-13	75.1	21.918	292	27	poly(A) RNA polymerase GLD2 isoform 11 [Homo sapiens]
XP_001602043.2	XP_047272808.1	7.92e-13	74.7	21.918	292	27	poly(A) RNA polymerase GLD2 isoform X3 [Homo sapiens]
XP_001602043.2	XP_047272807.1	7.92e-13	74.7	21.918	292	27	poly(A) RNA polymerase GLD2 isoform X3 [Homo sapiens]
XP_001602043.2	XP_047272806.1	7.92e-13	74.7	21.918	292	27	poly(A) RNA polymerase GLD2 isoform X3 [Homo sapiens]
XP_001602043.2	NP_776158.2	7.92e-13	74.7	21.918	292	27	poly(A) RNA polymerase GLD2 isoform 1 [Homo sapiens]
XP_001602043.2	NP_001375041.1	7.92e-13	74.7	21.918	292	27	poly(A) RNA polymerase GLD2 isoform 1 [Homo sapiens]
XP_001602043.2	NP_001375040.1	7.92e-13	74.7	21.918	292	27	poly(A) RNA polymerase GLD2 isoform 1 [Homo sapiens]
XP_001602043.2	NP_001375039.1	7.92e-13	74.7	21.918	292	27	poly(A) RNA polymerase GLD2 isoform 1 [Homo sapiens]
XP_001602043.2	NP_001375038.1	7.92e-13	74.7	21.918	292	27	poly(A) RNA polymerase GLD2 isoform 1 [Homo sapiens]
XP_001605928.2	XP_047272811.1	3.88e-73	246	38.337	433	63	poly(A) RNA polymerase GLD2 isoform X4 [Homo sapiens]
XP_001605928.2	XP_047272810.1	3.88e-73	246	38.337	433	63	poly(A) RNA polymerase GLD2 isoform X4 [Homo sapiens]
XP_001605928.2	XP_047272809.1	3.88e-73	246	38.337	433	63	poly(A) RNA polymerase GLD2 isoform X4 [Homo sapiens]
XP_001605928.2	NP_001375058.1	3.88e-73	246	38.337	433	63	poly(A) RNA polymerase GLD2 isoform 2 [Homo sapiens]
XP_001605928.2	NP_001375057.1	3.88e-73	246	38.337	433	63	poly(A) RNA polymerase GLD2 isoform 2 [Homo sapiens]
XP_001605928.2	NP_001375056.1	3.88e-73	246	38.337	433	63	poly(A) RNA polymerase GLD2 isoform 2 [Homo sapiens]
XP_001605928.2	NP_001375055.1	3.88e-73	246	38.337	433	63	poly(A) RNA polymerase GLD2 isoform 2 [Homo sapiens]
XP_001605928.2	NP_001375054.1	3.88e-73	246	38.337	433	63	poly(A) RNA polymerase GLD2 isoform 2 [Homo sapiens]
XP_001605928.2	NP_001375053.1	3.88e-73	246	38.337	433	63	poly(A) RNA polymerase GLD2 isoform 2 [Homo sapiens]
XP_001605928.2	NP_001375052.1	3.88e-73	246	38.337	433	63	poly(A) RNA polymerase GLD2 isoform 2 [Homo sapiens]
XP_001607530.2	NP_060579.3	6.42e-96	306	39.344	488	80	poly(A) RNA polymerase, mitochondrial precursor [Homo sapiens]
XP_001607530.2	NP_073741.3	1.51e-29	127	28.671	286	46	speckle targeted PIP5K1A-regulated poly(A) polymerase isoform 1 [Homo sapiens]
XP_001607530.2	NP_001375065.1	4.47e-22	100	27.303	304	50	poly(A) RNA polymerase GLD2 isoform 14 [Homo sapiens]
XP_001607530.2	NP_001375061.1	6.91e-22	101	27.303	304	50	poly(A) RNA polymerase GLD2 isoform 12 [Homo sapiens]
XP_001607530.2	XP_047272811.1	7.38e-22	101	27.303	304	50	poly(A) RNA polymerase GLD2 isoform X4 [Homo sapiens]
XP_001607530.2	XP_047272810.1	7.38e-22	101	27.303	304	50	poly(A) RNA polymerase GLD2 isoform X4 [Homo sapiens]
XP_001607530.2	XP_047272809.1	7.38e-22	101	27.303	304	50	poly(A) RNA polymerase GLD2 isoform X4 [Homo sapiens]
XP_001607530.2	NP_001375058.1	7.38e-22	101	27.303	304	50	poly(A) RNA polymerase GLD2 isoform 2 [Homo sapiens]
XP_001607530.2	NP_001375057.1	7.38e-22	101	27.303	304	50	poly(A) RNA polymerase GLD2 isoform 2 [Homo sapiens]
XP_001607530.2	NP_001375056.1	7.38e-22	101	27.303	304	50	poly(A) RNA polymerase GLD2 isoform 2 [Homo sapiens]
XP_001610602.1	NP_060579.3	5.44e-24	107	29.231	325	62	poly(A) RNA polymerase, mitochondrial precursor [Homo sapiens]
XP_001610602.1	NP_001317647.1	2.45e-23	106	26.562	256	53	terminal uridylyltransferase 7 isoform 3 [Homo sapiens]
XP_001610602.1	XP_011517317.1	4.98e-23	105	26.562	256	53	terminal uridylyltransferase 7 isoform X3 [Homo sapiens]
XP_001610602.1	XP_005252265.1	5.03e-23	105	26.144	306	62	terminal uridylyltransferase 7 isoform X7 [Homo sapiens]
XP_001610602.1	XP_011517316.1	5.13e-23	105	26.562	256	53	terminal uridylyltransferase 7 isoform X1 [Homo sapiens]
XP_001610602.1	XP_011517315.1	5.13e-23	105	26.562	256	53	terminal uridylyltransferase 7 isoform X1 [Homo sapiens]
XP_001610602.1	XP_011517314.1	5.13e-23	105	26.562	256	53	terminal uridylyltransferase 7 isoform X1 [Homo sapiens]
XP_001610602.1	XP_011517313.1	5.13e-23	105	26.562	256	53	terminal uridylyltransferase 7 isoform X1 [Homo sapiens]
XP_001610602.1	XP_016870620.1	5.30e-23	105	26.562	256	53	terminal uridylyltransferase 7 isoform X4 [Homo sapiens]
XP_001610602.1	XP_016870619.1	5.30e-23	105	26.562	256	53	terminal uridylyltransferase 7 isoform X4 [Homo sapiens]
XP_001610626.2	XP_005270739.1	8.97e-27	118	33.475	236	39	terminal uridylyltransferase 4 isoform X33 [Homo sapiens]
XP_001610626.2	XP_047272345.1	9.15e-27	118	33.475	236	39	terminal uridylyltransferase 4 isoform X31 [Homo sapiens]
XP_001610626.2	XP_016856297.1	9.45e-27	118	33.475	236	39	terminal uridylyltransferase 4 isoform X36 [Homo sapiens]
XP_001610626.2	XP_016856292.1	9.46e-27	118	33.475	236	39	terminal uridylyltransferase 4 isoform X9 [Homo sapiens]
XP_001610626.2	XP_047272384.1	9.53e-27	118	33.475	236	39	terminal uridylyltransferase 4 isoform X46 [Homo sapiens]
XP_001610626.2	XP_047272325.1	9.63e-27	118	33.475	236	39	terminal uridylyltransferase 4 isoform X23 [Homo sapiens]
XP_001610626.2	XP_016856299.1	9.95e-27	118	33.475	236	39	terminal uridylyltransferase 4 isoform X40 [Homo sapiens]
XP_001610626.2	XP_047272282.1	1.01e-26	118	33.475	236	39	terminal uridylyltransferase 4 isoform X5 [Homo sapiens]
XP_001610626.2	NP_056084.1	1.01e-26	118	33.475	236	39	terminal uridylyltransferase 4 isoform b [Homo sapiens]
XP_001610626.2	XP_016856295.1	1.02e-26	118	33.475	236	39	terminal uridylyltransferase 4 isoform X25 [Homo sapiens]
XP_001613866.1	NP_001375030.1	2.86e-18	88.6	27.645	293	76	poly(A) RNA polymerase GLD2 isoform 9 [Homo sapiens]
XP_001613866.1	XP_005252265.1	4.38e-18	89.0	29.502	261	67	terminal uridylyltransferase 7 isoform X7 [Homo sapiens]
XP_001613866.1	XP_011517316.1	4.97e-18	88.6	29.502	261	67	terminal uridylyltransferase 7 isoform X1 [Homo sapiens]
XP_001613866.1	XP_011517315.1	4.97e-18	88.6	29.502	261	67	terminal uridylyltransferase 7 isoform X1 [Homo sapiens]
XP_001613866.1	XP_011517314.1	4.97e-18	88.6	29.502	261	67	terminal uridylyltransferase 7 isoform X1 [Homo sapiens]
XP_001613866.1	XP_011517313.1	4.97e-18	88.6	29.502	261	67	terminal uridylyltransferase 7 isoform X1 [Homo sapiens]
XP_001613866.1	XP_011517318.1	5.02e-18	88.6	29.502	261	67	terminal uridylyltransferase 7 isoform X5 [Homo sapiens]
XP_001613866.1	XP_011517317.1	5.43e-18	88.6	29.502	261	67	terminal uridylyltransferase 7 isoform X3 [Homo sapiens]
XP_001613866.1	XP_047279825.1	5.74e-18	88.6	29.502	261	67	terminal uridylyltransferase 7 isoform X6 [Homo sapiens]
XP_001613866.1	XP_047279824.1	5.74e-18	88.6	29.502	261	67	terminal uridylyltransferase 7 isoform X6 [Homo sapiens]
XP_001614111.1	NP_008930.2	1.49e-35	147	31.419	296	36	terminal nucleotidyltransferase 4A isoform 1 [Homo sapiens]
XP_001614111.1	NP_001165276.2	1.51e-35	147	31.419	296	36	terminal nucleotidyltransferase 4A isoform 2 [Homo sapiens]
XP_001614111.1	XP_047272622.1	7.25e-35	142	31.379	290	35	terminal nucleotidyltransferase 4A isoform X1 [Homo sapiens]
XP_001614111.1	XP_047272621.1	7.25e-35	142	31.379	290	35	terminal nucleotidyltransferase 4A isoform X1 [Homo sapiens]
XP_001614111.1	XP_047272620.1	7.25e-35	142	31.379	290	35	terminal nucleotidyltransferase 4A isoform X1 [Homo sapiens]
XP_001614111.1	XP_047272623.1	6.03e-33	136	31.317	281	34	terminal nucleotidyltransferase 4A isoform X2 [Homo sapiens]
XP_001614111.1	XP_016864477.1	6.03e-33	136	31.317	281	34	terminal nucleotidyltransferase 4A isoform X2 [Homo sapiens]
XP_001614111.1	XP_047272624.1	6.59e-33	136	31.317	281	34	terminal nucleotidyltransferase 4A isoform X3 [Homo sapiens]
XP_001614111.1	XP_047290433.1	1.95e-31	131	30.744	309	36	terminal nucleotidyltransferase 4B isoform X6 [Homo sapiens]
XP_001614111.1	NP_001035375.2	2.08e-31	133	31.449	283	34	terminal nucleotidyltransferase 4B isoform b [Homo sapiens]
XP_001614467.1	NP_001375042.1	9.75e-23	103	29.545	308	51	poly(A) RNA polymerase GLD2 isoform 16 [Homo sapiens]
XP_001614467.1	XP_047272808.1	1.09e-22	103	29.545	308	51	poly(A) RNA polymerase GLD2 isoform X3 [Homo sapiens]
XP_001614467.1	XP_047272807.1	1.09e-22	103	29.545	308	51	poly(A) RNA polymerase GLD2 isoform X3 [Homo sapiens]
XP_001614467.1	XP_047272806.1	1.09e-22	103	29.545	308	51	poly(A) RNA polymerase GLD2 isoform X3 [Homo sapiens]
XP_001614467.1	NP_776158.2	1.09e-22	103	29.545	308	51	poly(A) RNA polymerase GLD2 isoform 1 [Homo sapiens]
XP_001614467.1	NP_001375041.1	1.09e-22	103	29.545	308	51	poly(A) RNA polymerase GLD2 isoform 1 [Homo sapiens]
XP_001614467.1	NP_001375040.1	1.09e-22	103	29.545	308	51	poly(A) RNA polymerase GLD2 isoform 1 [Homo sapiens]
XP_001614467.1	NP_001375039.1	1.09e-22	103	29.545	308	51	poly(A) RNA polymerase GLD2 isoform 1 [Homo sapiens]
XP_001614467.1	NP_001375038.1	1.09e-22	103	29.545	308	51	poly(A) RNA polymerase GLD2 isoform 1 [Homo sapiens]
XP_001614467.1	NP_001375037.1	1.09e-22	103	29.545	308	51	poly(A) RNA polymerase GLD2 isoform 1 [Homo sapiens]
XP_001634038.3	NP_001375065.1	1.08e-50	174	35.061	328	98	poly(A) RNA polymerase GLD2 isoform 14 [Homo sapiens]
XP_001634038.3	NP_001375060.1	2.34e-50	175	35.045	331	98	poly(A) RNA polymerase GLD2 isoform 11 [Homo sapiens]
XP_001634038.3	NP_001375042.1	4.42e-50	175	35.045	331	98	poly(A) RNA polymerase GLD2 isoform 16 [Homo sapiens]
XP_001634038.3	XP_047272808.1	5.49e-50	175	35.045	331	98	poly(A) RNA polymerase GLD2 isoform X3 [Homo sapiens]
XP_001634038.3	XP_047272807.1	5.49e-50	175	35.045	331	98	poly(A) RNA polymerase GLD2 isoform X3 [Homo sapiens]
XP_001634038.3	XP_047272806.1	5.49e-50	175	35.045	331	98	poly(A) RNA polymerase GLD2 isoform X3 [Homo sapiens]
XP_001634038.3	NP_776158.2	5.49e-50	175	35.045	331	98	poly(A) RNA polymerase GLD2 isoform 1 [Homo sapiens]
XP_001634038.3	NP_001375041.1	5.49e-50	175	35.045	331	98	poly(A) RNA polymerase GLD2 isoform 1 [Homo sapiens]
XP_001634038.3	NP_001375040.1	5.49e-50	175	35.045	331	98	poly(A) RNA polymerase GLD2 isoform 1 [Homo sapiens]
XP_001634038.3	NP_001375039.1	5.49e-50	175	35.045	331	98	poly(A) RNA polymerase GLD2 isoform 1 [Homo sapiens]
XP_001642660.1	XP_047290433.1	4.33e-54	191	35.048	311	59	terminal nucleotidyltransferase 4B isoform X6 [Homo sapiens]
XP_001642660.1	XP_011521580.1	4.82e-54	192	35.048	311	59	terminal nucleotidyltransferase 4B isoform X5 [Homo sapiens]
XP_001642660.1	NP_001165276.2	5.12e-54	197	36.774	310	59	terminal nucleotidyltransferase 4A isoform 2 [Homo sapiens]
XP_001642660.1	NP_008930.2	5.22e-54	197	36.774	310	59	terminal nucleotidyltransferase 4A isoform 1 [Homo sapiens]
XP_001642660.1	XP_047272622.1	2.47e-53	191	36.424	302	57	terminal nucleotidyltransferase 4A isoform X1 [Homo sapiens]
XP_001642660.1	XP_047272621.1	2.47e-53	191	36.424	302	57	terminal nucleotidyltransferase 4A isoform X1 [Homo sapiens]
XP_001642660.1	XP_047272620.1	2.47e-53	191	36.424	302	57	terminal nucleotidyltransferase 4A isoform X1 [Homo sapiens]
XP_001642660.1	NP_001035375.2	1.77e-52	191	35.048	311	59	terminal nucleotidyltransferase 4B isoform b [Homo sapiens]
XP_001642660.1	XP_011521578.1	1.79e-52	191	35.048	311	59	terminal nucleotidyltransferase 4B isoform X2 [Homo sapiens]
XP_001642660.1	NP_001035374.2	1.86e-52	191	35.048	311	59	terminal nucleotidyltransferase 4B isoform a [Homo sapiens]
XP_001644771.1	XP_047290433.1	4.39e-56	199	39.103	312	48	terminal nucleotidyltransferase 4B isoform X6 [Homo sapiens]
XP_001644771.1	XP_011521580.1	5.81e-56	200	39.103	312	48	terminal nucleotidyltransferase 4B isoform X5 [Homo sapiens]
XP_001644771.1	XP_047290432.1	1.24e-54	199	39.103	312	48	terminal nucleotidyltransferase 4B isoform X4 [Homo sapiens]
XP_001644771.1	NP_001352252.1	1.31e-54	200	39.103	312	48	terminal nucleotidyltransferase 4B isoform c [Homo sapiens]
XP_001644771.1	NP_001035375.2	1.42e-54	199	39.103	312	48	terminal nucleotidyltransferase 4B isoform b [Homo sapiens]
XP_001644771.1	XP_011521578.1	1.44e-54	199	39.103	312	48	terminal nucleotidyltransferase 4B isoform X2 [Homo sapiens]
XP_001644771.1	NP_001035374.2	1.61e-54	200	39.103	312	48	terminal nucleotidyltransferase 4B isoform a [Homo sapiens]
XP_001644771.1	XP_011521577.1	1.64e-54	200	39.103	312	48	terminal nucleotidyltransferase 4B isoform X1 [Homo sapiens]
XP_001644771.1	XP_047290431.1	1.88e-54	199	39.103	312	48	terminal nucleotidyltransferase 4B isoform X3 [Homo sapiens]
XP_001644771.1	NP_001352253.1	2.04e-54	200	39.103	312	48	terminal nucleotidyltransferase 4B isoform d [Homo sapiens]
XP_001650674.2	XP_047272283.1	7.10e-22	103	27.437	277	48	terminal uridylyltransferase 4 isoform X6 [Homo sapiens]
XP_001650674.2	XP_005270737.1	7.10e-22	103	27.437	277	48	terminal uridylyltransferase 4 isoform X6 [Homo sapiens]
XP_001650674.2	XP_016856293.1	7.32e-22	103	27.437	277	48	terminal uridylyltransferase 4 isoform X16 [Homo sapiens]
XP_001650674.2	XP_047272288.1	7.53e-22	102	27.437	277	48	terminal uridylyltransferase 4 isoform X10 [Homo sapiens]
XP_001650674.2	XP_047272337.1	7.53e-22	102	27.437	277	48	terminal uridylyltransferase 4 isoform X27 [Homo sapiens]
XP_001650674.2	XP_047272280.1	7.57e-22	102	27.437	277	48	terminal uridylyltransferase 4 isoform X3 [Homo sapiens]
XP_001650674.2	XP_005270736.1	7.57e-22	102	27.437	277	48	terminal uridylyltransferase 4 isoform X3 [Homo sapiens]
XP_001650674.2	XP_047272305.1	7.65e-22	102	27.437	277	48	terminal uridylyltransferase 4 isoform X17 [Homo sapiens]
XP_001650674.2	XP_047272281.1	7.70e-22	102	27.437	277	48	terminal uridylyltransferase 4 isoform X4 [Homo sapiens]
XP_001650674.2	NP_001009881.1	7.70e-22	102	27.437	277	48	terminal uridylyltransferase 4 isoform a [Homo sapiens]
XP_001654283.2	NP_001317647.1	5.28e-19	94.0	25.552	317	49	terminal uridylyltransferase 7 isoform 3 [Homo sapiens]
XP_001654283.2	XP_016870620.1	7.15e-19	94.0	25.552	317	49	terminal uridylyltransferase 7 isoform X4 [Homo sapiens]
XP_001654283.2	XP_016870619.1	7.15e-19	94.0	25.552	317	49	terminal uridylyltransferase 7 isoform X4 [Homo sapiens]
XP_001654283.2	NP_078893.2	7.15e-19	94.0	25.552	317	49	terminal uridylyltransferase 7 isoform 1 [Homo sapiens]
XP_001654283.2	NP_001171988.1	7.15e-19	94.0	25.552	317	49	terminal uridylyltransferase 7 isoform 1 [Homo sapiens]
XP_001654283.2	XP_047279825.1	7.24e-19	94.0	25.552	317	49	terminal uridylyltransferase 7 isoform X6 [Homo sapiens]
XP_001654283.2	XP_047279824.1	7.24e-19	94.0	25.552	317	49	terminal uridylyltransferase 7 isoform X6 [Homo sapiens]
XP_001654283.2	XP_005252264.1	7.24e-19	94.0	25.552	317	49	terminal uridylyltransferase 7 isoform X6 [Homo sapiens]
XP_001654283.2	XP_047279823.1	7.34e-19	94.0	25.552	317	49	terminal uridylyltransferase 7 isoform X2 [Homo sapiens]
XP_001654283.2	XP_006717346.1	7.34e-19	94.0	25.552	317	49	terminal uridylyltransferase 7 isoform X2 [Homo sapiens]
XP_001657730.2	NP_060579.3	1.29e-92	299	36.008	511	81	poly(A) RNA polymerase, mitochondrial precursor [Homo sapiens]
XP_001657730.2	NP_073741.3	9.23e-30	127	31.897	232	35	speckle targeted PIP5K1A-regulated poly(A) polymerase isoform 1 [Homo sapiens]
XP_001657730.2	NP_001375065.1	1.54e-27	117	30.108	279	44	poly(A) RNA polymerase GLD2 isoform 14 [Homo sapiens]
XP_001657730.2	NP_001375060.1	3.04e-27	117	30.466	279	44	poly(A) RNA polymerase GLD2 isoform 11 [Homo sapiens]
XP_001657730.2	NP_001375042.1	4.18e-27	117	30.466	279	44	poly(A) RNA polymerase GLD2 isoform 16 [Homo sapiens]
XP_001657730.2	XP_047272808.1	4.71e-27	117	30.466	279	44	poly(A) RNA polymerase GLD2 isoform X3 [Homo sapiens]
XP_001657730.2	XP_047272807.1	4.71e-27	117	30.466	279	44	poly(A) RNA polymerase GLD2 isoform X3 [Homo sapiens]
XP_001657730.2	XP_047272806.1	4.71e-27	117	30.466	279	44	poly(A) RNA polymerase GLD2 isoform X3 [Homo sapiens]
XP_001657730.2	NP_776158.2	4.71e-27	117	30.466	279	44	poly(A) RNA polymerase GLD2 isoform 1 [Homo sapiens]
XP_001657730.2	NP_001375041.1	4.71e-27	117	30.466	279	44	poly(A) RNA polymerase GLD2 isoform 1 [Homo sapiens]
XP_001680977.1	NP_008930.2	1.02e-32	139	28.525	305	33	terminal nucleotidyltransferase 4A isoform 1 [Homo sapiens]
XP_001680977.1	NP_001165276.2	1.07e-32	139	28.525	305	33	terminal nucleotidyltransferase 4A isoform 2 [Homo sapiens]
XP_001680977.1	NP_001035374.2	1.77e-32	137	28.662	314	34	terminal nucleotidyltransferase 4B isoform a [Homo sapiens]
XP_001680977.1	XP_011521577.1	1.78e-32	137	28.662	314	34	terminal nucleotidyltransferase 4B isoform X1 [Homo sapiens]
XP_001680977.1	XP_011521580.1	1.79e-32	135	28.846	312	33	terminal nucleotidyltransferase 4B isoform X5 [Homo sapiens]
XP_001680977.1	XP_047290433.1	1.92e-32	134	28.846	312	33	terminal nucleotidyltransferase 4B isoform X6 [Homo sapiens]
XP_001680977.1	NP_001035375.2	2.07e-32	137	28.662	314	34	terminal nucleotidyltransferase 4B isoform b [Homo sapiens]
XP_001680977.1	XP_011521578.1	2.08e-32	137	28.662	314	34	terminal nucleotidyltransferase 4B isoform X2 [Homo sapiens]
XP_001680977.1	NP_001352252.1	6.45e-32	135	28.981	314	34	terminal nucleotidyltransferase 4B isoform c [Homo sapiens]
XP_001680977.1	XP_047290432.1	6.84e-32	135	28.662	314	34	terminal nucleotidyltransferase 4B isoform X4 [Homo sapiens]
XP_001682729.1	NP_001336477.1	1.59e-09	62.4	27.660	141	15	poly(A) RNA polymerase GLD2 isoform 4 [Homo sapiens]
XP_001682729.1	XP_047272820.1	1.68e-09	62.0	27.660	141	15	poly(A) RNA polymerase GLD2 isoform X11 [Homo sapiens]
XP_001682729.1	XP_047272805.1	2.41e-09	63.5	27.660	141	15	poly(A) RNA polymerase GLD2 isoform X2 [Homo sapiens]
XP_001682729.1	XP_047272804.1	2.41e-09	63.5	27.660	141	15	poly(A) RNA polymerase GLD2 isoform X2 [Homo sapiens]
XP_001682729.1	XP_047272803.1	2.41e-09	63.5	27.660	141	15	poly(A) RNA polymerase GLD2 isoform X2 [Homo sapiens]
XP_001682729.1	XP_047272802.1	2.41e-09	63.5	27.660	141	15	poly(A) RNA polymerase GLD2 isoform X2 [Homo sapiens]
XP_001682729.1	XP_016864641.1	2.41e-09	63.5	27.660	141	15	poly(A) RNA polymerase GLD2 isoform X2 [Homo sapiens]
XP_001682729.1	NP_001375026.1	2.41e-09	63.5	27.660	141	15	poly(A) RNA polymerase GLD2 isoform 6 [Homo sapiens]
XP_001682729.1	NP_001375025.1	2.41e-09	63.5	27.660	141	15	poly(A) RNA polymerase GLD2 isoform 6 [Homo sapiens]
XP_001682729.1	NP_001375024.1	2.41e-09	63.5	27.660	141	15	poly(A) RNA polymerase GLD2 isoform 6 [Homo sapiens]
XP_001682818.1	XP_047272372.1	3.85e-14	77.0	29.008	262	60	terminal uridylyltransferase 4 isoform X42 [Homo sapiens]
XP_001682818.1	XP_047272286.1	3.87e-14	77.4	29.008	262	60	terminal uridylyltransferase 4 isoform X8 [Homo sapiens]
XP_001682818.1	XP_047272305.1	4.12e-14	77.0	29.008	262	60	terminal uridylyltransferase 4 isoform X17 [Homo sapiens]
XP_001682818.1	XP_047272290.1	4.23e-14	77.0	29.008	262	60	terminal uridylyltransferase 4 isoform X11 [Homo sapiens]
XP_001682818.1	XP_047272296.1	4.27e-14	77.0	29.008	262	60	terminal uridylyltransferase 4 isoform X13 [Homo sapiens]
XP_001682818.1	XP_047272295.1	4.34e-14	77.0	29.008	262	60	terminal uridylyltransferase 4 isoform X12 [Homo sapiens]
XP_001682818.1	XP_047272350.1	4.66e-14	77.0	29.008	262	60	terminal uridylyltransferase 4 isoform X34 [Homo sapiens]
XP_001682818.1	XP_047272344.1	5.20e-14	76.6	29.008	262	60	terminal uridylyltransferase 4 isoform X30 [Homo sapiens]
XP_001682818.1	XP_047279825.1	2.40e-13	74.7	25.448	279	66	terminal uridylyltransferase 7 isoform X6 [Homo sapiens]
XP_001682818.1	XP_047279824.1	2.40e-13	74.7	25.448	279	66	terminal uridylyltransferase 7 isoform X6 [Homo sapiens]
XP_001683139.1	NP_001375065.1	6.47e-12	68.9	26.180	233	61	poly(A) RNA polymerase GLD2 isoform 14 [Homo sapiens]
XP_001683139.1	NP_001375061.1	1.54e-11	68.2	26.180	233	61	poly(A) RNA polymerase GLD2 isoform 12 [Homo sapiens]
XP_001683139.1	XP_047272811.1	1.67e-11	68.2	26.180	233	61	poly(A) RNA polymerase GLD2 isoform X4 [Homo sapiens]
XP_001683139.1	XP_047272810.1	1.67e-11	68.2	26.180	233	61	poly(A) RNA polymerase GLD2 isoform X4 [Homo sapiens]
XP_001683139.1	XP_047272809.1	1.67e-11	68.2	26.180	233	61	poly(A) RNA polymerase GLD2 isoform X4 [Homo sapiens]
XP_001683139.1	NP_001375058.1	1.67e-11	68.2	26.180	233	61	poly(A) RNA polymerase GLD2 isoform 2 [Homo sapiens]
XP_001683139.1	NP_001375057.1	1.67e-11	68.2	26.180	233	61	poly(A) RNA polymerase GLD2 isoform 2 [Homo sapiens]
XP_001683139.1	NP_001375056.1	1.67e-11	68.2	26.180	233	61	poly(A) RNA polymerase GLD2 isoform 2 [Homo sapiens]
XP_001683139.1	NP_001375055.1	1.67e-11	68.2	26.180	233	61	poly(A) RNA polymerase GLD2 isoform 2 [Homo sapiens]
XP_001683139.1	NP_001375054.1	1.67e-11	68.2	26.180	233	61	poly(A) RNA polymerase GLD2 isoform 2 [Homo sapiens]
XP_001684046.2	XP_047272820.1	1.41e-10	64.3	26.562	192	35	poly(A) RNA polymerase GLD2 isoform X11 [Homo sapiens]
XP_001684046.2	NP_001336477.1	1.50e-10	64.3	26.562	192	35	poly(A) RNA polymerase GLD2 isoform 4 [Homo sapiens]
XP_001684046.2	NP_001375065.1	2.11e-10	65.1	26.562	192	35	poly(A) RNA polymerase GLD2 isoform 14 [Homo sapiens]
XP_001684046.2	XP_047272805.1	3.22e-10	65.1	26.562	192	35	poly(A) RNA polymerase GLD2 isoform X2 [Homo sapiens]
XP_001684046.2	XP_047272804.1	3.22e-10	65.1	26.562	192	35	poly(A) RNA polymerase GLD2 isoform X2 [Homo sapiens]
XP_001684046.2	XP_047272803.1	3.22e-10	65.1	26.562	192	35	poly(A) RNA polymerase GLD2 isoform X2 [Homo sapiens]
XP_001684046.2	XP_047272802.1	3.22e-10	65.1	26.562	192	35	poly(A) RNA polymerase GLD2 isoform X2 [Homo sapiens]
XP_001684046.2	XP_016864641.1	3.22e-10	65.1	26.562	192	35	poly(A) RNA polymerase GLD2 isoform X2 [Homo sapiens]
XP_001684046.2	NP_001375026.1	3.22e-10	65.1	26.562	192	35	poly(A) RNA polymerase GLD2 isoform 6 [Homo sapiens]
XP_001684046.2	NP_001375025.1	3.22e-10	65.1	26.562	192	35	poly(A) RNA polymerase GLD2 isoform 6 [Homo sapiens]
XP_001684056.2	NP_001035375.2	8.75e-16	82.4	23.276	348	69	terminal nucleotidyltransferase 4B isoform b [Homo sapiens]
XP_001684056.2	XP_011521578.1	8.76e-16	82.4	23.276	348	69	terminal nucleotidyltransferase 4B isoform X2 [Homo sapiens]
XP_001684056.2	NP_001035374.2	1.22e-15	82.0	23.276	348	69	terminal nucleotidyltransferase 4B isoform a [Homo sapiens]
XP_001684056.2	XP_011521577.1	1.22e-15	82.0	23.276	348	69	terminal nucleotidyltransferase 4B isoform X1 [Homo sapiens]
XP_001684056.2	XP_047290431.1	1.35e-15	82.0	23.276	348	69	terminal nucleotidyltransferase 4B isoform X3 [Homo sapiens]
XP_001684056.2	XP_047290432.1	1.41e-15	82.0	23.276	348	69	terminal nucleotidyltransferase 4B isoform X4 [Homo sapiens]
XP_001684056.2	NP_001352252.1	1.51e-15	82.0	23.563	348	69	terminal nucleotidyltransferase 4B isoform c [Homo sapiens]
XP_001684056.2	NP_001352253.1	1.72e-15	81.6	23.276	348	69	terminal nucleotidyltransferase 4B isoform d [Homo sapiens]
XP_001684056.2	XP_047290433.1	2.32e-15	80.9	24.251	334	66	terminal nucleotidyltransferase 4B isoform X6 [Homo sapiens]
XP_001684056.2	XP_011521580.1	2.98e-15	80.5	24.251	334	66	terminal nucleotidyltransferase 4B isoform X5 [Homo sapiens]
XP_001684357.1	NP_001336477.1	1.68e-05	48.9	24.876	201	40	poly(A) RNA polymerase GLD2 isoform 4 [Homo sapiens]
XP_001684357.1	XP_047272820.1	2.23e-05	48.5	24.876	201	40	poly(A) RNA polymerase GLD2 isoform X11 [Homo sapiens]
XP_001684357.1	NP_001375061.1	2.70e-05	48.9	25.000	196	40	poly(A) RNA polymerase GLD2 isoform 12 [Homo sapiens]
XP_001684357.1	XP_047272811.1	2.96e-05	48.9	25.000	196	40	poly(A) RNA polymerase GLD2 isoform X4 [Homo sapiens]
XP_001684357.1	XP_047272810.1	2.96e-05	48.9	25.000	196	40	poly(A) RNA polymerase GLD2 isoform X4 [Homo sapiens]
XP_001684357.1	XP_047272809.1	2.96e-05	48.9	25.000	196	40	poly(A) RNA polymerase GLD2 isoform X4 [Homo sapiens]
XP_001684357.1	NP_001375058.1	2.96e-05	48.9	25.000	196	40	poly(A) RNA polymerase GLD2 isoform 2 [Homo sapiens]
XP_001684357.1	NP_001375057.1	2.96e-05	48.9	25.000	196	40	poly(A) RNA polymerase GLD2 isoform 2 [Homo sapiens]
XP_001684357.1	NP_001375056.1	2.96e-05	48.9	25.000	196	40	poly(A) RNA polymerase GLD2 isoform 2 [Homo sapiens]
XP_001684357.1	NP_001375055.1	2.96e-05	48.9	25.000	196	40	poly(A) RNA polymerase GLD2 isoform 2 [Homo sapiens]
XP_001685568.1	NP_001375065.1	1.30e-11	67.8	22.517	302	81	poly(A) RNA polymerase GLD2 isoform 14 [Homo sapiens]
XP_001685568.1	NP_001375029.1	1.45e-11	67.8	22.540	315	81	poly(A) RNA polymerase GLD2 isoform 8 [Homo sapiens]
XP_001685568.1	NP_001375028.1	1.45e-11	67.8	22.540	315	81	poly(A) RNA polymerase GLD2 isoform 8 [Homo sapiens]
XP_001685568.1	XP_047272808.1	1.69e-11	67.8	22.876	306	81	poly(A) RNA polymerase GLD2 isoform X3 [Homo sapiens]
XP_001685568.1	XP_047272807.1	1.69e-11	67.8	22.876	306	81	poly(A) RNA polymerase GLD2 isoform X3 [Homo sapiens]
XP_001685568.1	XP_047272806.1	1.69e-11	67.8	22.876	306	81	poly(A) RNA polymerase GLD2 isoform X3 [Homo sapiens]
XP_001685568.1	NP_776158.2	1.69e-11	67.8	22.876	306	81	poly(A) RNA polymerase GLD2 isoform 1 [Homo sapiens]
XP_001685568.1	NP_001375041.1	1.69e-11	67.8	22.876	306	81	poly(A) RNA polymerase GLD2 isoform 1 [Homo sapiens]
XP_001685568.1	NP_001375040.1	1.69e-11	67.8	22.876	306	81	poly(A) RNA polymerase GLD2 isoform 1 [Homo sapiens]
XP_001685568.1	NP_001375039.1	1.69e-11	67.8	22.876	306	81	poly(A) RNA polymerase GLD2 isoform 1 [Homo sapiens]
XP_001687695.1	XP_047272820.1	3.64e-15	79.3	30.851	188	16	poly(A) RNA polymerase GLD2 isoform X11 [Homo sapiens]
XP_001687695.1	NP_001375027.1	1.23e-14	80.9	30.851	188	16	poly(A) RNA polymerase GLD2 isoform 7 [Homo sapiens]
XP_001687695.1	XP_047272805.1	1.27e-14	80.5	30.851	188	16	poly(A) RNA polymerase GLD2 isoform X2 [Homo sapiens]
XP_001687695.1	XP_047272804.1	1.27e-14	80.5	30.851	188	16	poly(A) RNA polymerase GLD2 isoform X2 [Homo sapiens]
XP_001687695.1	XP_047272803.1	1.27e-14	80.5	30.851	188	16	poly(A) RNA polymerase GLD2 isoform X2 [Homo sapiens]
XP_001687695.1	XP_047272802.1	1.27e-14	80.5	30.851	188	16	poly(A) RNA polymerase GLD2 isoform X2 [Homo sapiens]
XP_001687695.1	XP_016864641.1	1.27e-14	80.5	30.851	188	16	poly(A) RNA polymerase GLD2 isoform X2 [Homo sapiens]
XP_001687695.1	NP_001375026.1	1.27e-14	80.5	30.851	188	16	poly(A) RNA polymerase GLD2 isoform 6 [Homo sapiens]
XP_001687695.1	NP_001375025.1	1.27e-14	80.5	30.851	188	16	poly(A) RNA polymerase GLD2 isoform 6 [Homo sapiens]
XP_001687695.1	NP_001375024.1	1.27e-14	80.5	30.851	188	16	poly(A) RNA polymerase GLD2 isoform 6 [Homo sapiens]
XP_001698547.2	NP_001317647.1	1.16e-28	127	31.963	219	16	terminal uridylyltransferase 7 isoform 3 [Homo sapiens]
XP_001698547.2	NP_001172003.1	1.23e-28	127	31.963	219	16	terminal uridylyltransferase 7 isoform 2 [Homo sapiens]
XP_001698547.2	XP_047279823.1	1.59e-28	127	31.963	219	16	terminal uridylyltransferase 7 isoform X2 [Homo sapiens]
XP_001698547.2	XP_006717346.1	1.59e-28	127	31.963	219	16	terminal uridylyltransferase 7 isoform X2 [Homo sapiens]
XP_001698547.2	XP_011517317.1	2.38e-28	127	31.963	219	16	terminal uridylyltransferase 7 isoform X3 [Homo sapiens]
XP_001698547.2	XP_047279825.1	2.52e-28	127	31.963	219	16	terminal uridylyltransferase 7 isoform X6 [Homo sapiens]
XP_001698547.2	XP_047279824.1	2.52e-28	127	31.963	219	16	terminal uridylyltransferase 7 isoform X6 [Homo sapiens]
XP_001698547.2	XP_005252264.1	2.52e-28	127	31.963	219	16	terminal uridylyltransferase 7 isoform X6 [Homo sapiens]
XP_001698547.2	XP_016870620.1	2.95e-28	126	31.963	219	16	terminal uridylyltransferase 7 isoform X4 [Homo sapiens]
XP_001698547.2	XP_016870619.1	2.95e-28	126	31.963	219	16	terminal uridylyltransferase 7 isoform X4 [Homo sapiens]
XP_001704540.1	NP_001336477.1	1.27e-15	79.7	32.680	153	22	poly(A) RNA polymerase GLD2 isoform 4 [Homo sapiens]
XP_001704540.1	NP_001375066.1	1.43e-15	80.1	32.026	153	22	poly(A) RNA polymerase GLD2 isoform 15 [Homo sapiens]
XP_001704540.1	XP_047272820.1	1.67e-15	79.3	32.026	153	22	poly(A) RNA polymerase GLD2 isoform X11 [Homo sapiens]
XP_001704540.1	NP_001375061.1	3.85e-15	80.9	32.026	153	22	poly(A) RNA polymerase GLD2 isoform 12 [Homo sapiens]
XP_001704540.1	XP_047272811.1	4.24e-15	80.9	32.026	153	22	poly(A) RNA polymerase GLD2 isoform X4 [Homo sapiens]
XP_001704540.1	XP_047272810.1	4.24e-15	80.9	32.026	153	22	poly(A) RNA polymerase GLD2 isoform X4 [Homo sapiens]
XP_001704540.1	XP_047272809.1	4.24e-15	80.9	32.026	153	22	poly(A) RNA polymerase GLD2 isoform X4 [Homo sapiens]
XP_001704540.1	NP_001375058.1	4.24e-15	80.9	32.026	153	22	poly(A) RNA polymerase GLD2 isoform 2 [Homo sapiens]
XP_001704540.1	NP_001375057.1	4.24e-15	80.9	32.026	153	22	poly(A) RNA polymerase GLD2 isoform 2 [Homo sapiens]
XP_001704540.1	NP_001375056.1	4.24e-15	80.9	32.026	153	22	poly(A) RNA polymerase GLD2 isoform 2 [Homo sapiens]
XP_001706266.1	NP_001165276.2	7.23e-19	92.8	31.068	206	39	terminal nucleotidyltransferase 4A isoform 2 [Homo sapiens]
XP_001706266.1	NP_008930.2	7.37e-19	92.8	31.068	206	39	terminal nucleotidyltransferase 4A isoform 1 [Homo sapiens]
XP_001706266.1	XP_047290433.1	1.77e-17	87.8	31.148	183	34	terminal nucleotidyltransferase 4B isoform X6 [Homo sapiens]
XP_001706266.1	XP_011521580.1	1.83e-17	87.8	31.148	183	34	terminal nucleotidyltransferase 4B isoform X5 [Homo sapiens]
XP_001706266.1	XP_047272622.1	2.31e-17	87.4	32.609	184	35	terminal nucleotidyltransferase 4A isoform X1 [Homo sapiens]
XP_001706266.1	XP_047272621.1	2.31e-17	87.4	32.609	184	35	terminal nucleotidyltransferase 4A isoform X1 [Homo sapiens]
XP_001706266.1	XP_047272620.1	2.31e-17	87.4	32.609	184	35	terminal nucleotidyltransferase 4A isoform X1 [Homo sapiens]
XP_001706266.1	NP_001352253.1	2.49e-17	87.8	31.148	183	34	terminal nucleotidyltransferase 4B isoform d [Homo sapiens]
XP_001706266.1	NP_001035375.2	2.54e-17	87.8	31.148	183	34	terminal nucleotidyltransferase 4B isoform b [Homo sapiens]
XP_001706266.1	XP_011521578.1	2.55e-17	87.8	31.148	183	34	terminal nucleotidyltransferase 4B isoform X2 [Homo sapiens]
XP_001729249.1	XP_047290433.1	3.49e-55	194	41.699	259	48	terminal nucleotidyltransferase 4B isoform X6 [Homo sapiens]
XP_001729249.1	XP_011521580.1	7.08e-55	195	41.699	259	48	terminal nucleotidyltransferase 4B isoform X5 [Homo sapiens]
XP_001729249.1	NP_001035375.2	8.64e-54	194	41.699	259	48	terminal nucleotidyltransferase 4B isoform b [Homo sapiens]
XP_001729249.1	XP_011521578.1	8.76e-54	194	41.699	259	48	terminal nucleotidyltransferase 4B isoform X2 [Homo sapiens]
XP_001729249.1	NP_001035374.2	1.41e-53	194	41.699	259	48	terminal nucleotidyltransferase 4B isoform a [Homo sapiens]
XP_001729249.1	XP_011521577.1	1.43e-53	194	41.699	259	48	terminal nucleotidyltransferase 4B isoform X1 [Homo sapiens]
XP_001729249.1	XP_047290432.1	1.49e-53	194	41.699	259	48	terminal nucleotidyltransferase 4B isoform X4 [Homo sapiens]
XP_001729249.1	XP_047290431.1	1.63e-53	194	41.699	259	48	terminal nucleotidyltransferase 4B isoform X3 [Homo sapiens]
XP_001729249.1	NP_001352252.1	2.04e-53	194	41.699	259	48	terminal nucleotidyltransferase 4B isoform c [Homo sapiens]
XP_001729249.1	NP_001352253.1	2.05e-53	194	41.699	259	48	terminal nucleotidyltransferase 4B isoform d [Homo sapiens]
XP_001731664.1	XP_047272372.1	2.66e-40	161	31.143	350	53	terminal uridylyltransferase 4 isoform X42 [Homo sapiens]
XP_001731664.1	XP_047272344.1	2.70e-40	161	31.143	350	53	terminal uridylyltransferase 4 isoform X30 [Homo sapiens]
XP_001731664.1	XP_047272305.1	2.73e-40	161	31.143	350	53	terminal uridylyltransferase 4 isoform X17 [Homo sapiens]
XP_001731664.1	XP_047272286.1	2.79e-40	161	31.143	350	53	terminal uridylyltransferase 4 isoform X8 [Homo sapiens]
XP_001731664.1	XP_047272350.1	2.92e-40	161	31.143	350	53	terminal uridylyltransferase 4 isoform X34 [Homo sapiens]
XP_001731664.1	XP_047272296.1	3.05e-40	161	31.143	350	53	terminal uridylyltransferase 4 isoform X13 [Homo sapiens]
XP_001731664.1	XP_047272295.1	3.13e-40	161	31.143	350	53	terminal uridylyltransferase 4 isoform X12 [Homo sapiens]
XP_001731664.1	XP_047272290.1	3.16e-40	161	31.143	350	53	terminal uridylyltransferase 4 isoform X11 [Homo sapiens]
XP_001731664.1	XP_047272384.1	7.14e-40	159	29.443	377	57	terminal uridylyltransferase 4 isoform X46 [Homo sapiens]
XP_001731664.1	NP_001172003.1	9.95e-40	159	36.626	243	37	terminal uridylyltransferase 7 isoform 2 [Homo sapiens]
XP_001733457.1	NP_001375029.1	9.32e-10	63.5	24.016	254	51	poly(A) RNA polymerase GLD2 isoform 8 [Homo sapiens]
XP_001733457.1	NP_001375028.1	9.32e-10	63.5	24.016	254	51	poly(A) RNA polymerase GLD2 isoform 8 [Homo sapiens]
XP_001733457.1	XP_047272808.1	1.30e-09	62.8	24.390	246	49	poly(A) RNA polymerase GLD2 isoform X3 [Homo sapiens]
XP_001733457.1	XP_047272807.1	1.30e-09	62.8	24.390	246	49	poly(A) RNA polymerase GLD2 isoform X3 [Homo sapiens]
XP_001733457.1	XP_047272806.1	1.30e-09	62.8	24.390	246	49	poly(A) RNA polymerase GLD2 isoform X3 [Homo sapiens]
XP_001733457.1	NP_776158.2	1.30e-09	62.8	24.390	246	49	poly(A) RNA polymerase GLD2 isoform 1 [Homo sapiens]
XP_001733457.1	NP_001375041.1	1.30e-09	62.8	24.390	246	49	poly(A) RNA polymerase GLD2 isoform 1 [Homo sapiens]
XP_001733457.1	NP_001375040.1	1.30e-09	62.8	24.390	246	49	poly(A) RNA polymerase GLD2 isoform 1 [Homo sapiens]
XP_001733457.1	NP_001375039.1	1.30e-09	62.8	24.390	246	49	poly(A) RNA polymerase GLD2 isoform 1 [Homo sapiens]
XP_001733457.1	NP_001375038.1	1.30e-09	62.8	24.390	246	49	poly(A) RNA polymerase GLD2 isoform 1 [Homo sapiens]
XP_001736885.1	XP_047290432.1	2.30e-26	113	29.316	307	72	terminal nucleotidyltransferase 4B isoform X4 [Homo sapiens]
XP_001736885.1	NP_001352253.1	2.33e-26	114	29.316	307	72	terminal nucleotidyltransferase 4B isoform d [Homo sapiens]
XP_001736885.1	XP_047290431.1	2.42e-26	113	29.316	307	72	terminal nucleotidyltransferase 4B isoform X3 [Homo sapiens]
XP_001736885.1	NP_001035375.2	2.50e-26	113	29.316	307	72	terminal nucleotidyltransferase 4B isoform b [Homo sapiens]
XP_001736885.1	XP_011521578.1	2.51e-26	113	29.316	307	72	terminal nucleotidyltransferase 4B isoform X2 [Homo sapiens]
XP_001736885.1	NP_001352252.1	3.05e-26	113	29.316	307	72	terminal nucleotidyltransferase 4B isoform c [Homo sapiens]
XP_001736885.1	NP_001035374.2	3.70e-26	113	29.316	307	72	terminal nucleotidyltransferase 4B isoform a [Homo sapiens]
XP_001736885.1	XP_011521577.1	3.70e-26	113	29.316	307	72	terminal nucleotidyltransferase 4B isoform X1 [Homo sapiens]
XP_001736885.1	XP_047290433.1	5.86e-26	111	29.470	302	70	terminal nucleotidyltransferase 4B isoform X6 [Homo sapiens]
XP_001736885.1	XP_011521580.1	8.54e-26	111	29.470	302	70	terminal nucleotidyltransferase 4B isoform X5 [Homo sapiens]
XP_001737054.1	XP_047272622.1	3.51e-11	66.6	29.878	164	47	terminal nucleotidyltransferase 4A isoform X1 [Homo sapiens]
XP_001737054.1	XP_047272621.1	3.51e-11	66.6	29.878	164	47	terminal nucleotidyltransferase 4A isoform X1 [Homo sapiens]
XP_001737054.1	XP_047272620.1	3.51e-11	66.6	29.878	164	47	terminal nucleotidyltransferase 4A isoform X1 [Homo sapiens]
XP_001737054.1	XP_047272624.1	5.55e-11	66.2	30.000	160	46	terminal nucleotidyltransferase 4A isoform X3 [Homo sapiens]
XP_001737054.1	XP_047272623.1	6.03e-11	65.9	30.000	160	46	terminal nucleotidyltransferase 4A isoform X2 [Homo sapiens]
XP_001737054.1	XP_016864477.1	6.03e-11	65.9	30.000	160	46	terminal nucleotidyltransferase 4A isoform X2 [Homo sapiens]
XP_001737054.1	NP_001165276.2	6.17e-11	66.2	29.630	162	47	terminal nucleotidyltransferase 4A isoform 2 [Homo sapiens]
XP_001737054.1	NP_008930.2	6.34e-11	66.2	29.630	162	47	terminal nucleotidyltransferase 4A isoform 1 [Homo sapiens]
XP_001737054.1	XP_016856297.1	1.39e-10	65.5	25.128	195	55	terminal uridylyltransferase 4 isoform X36 [Homo sapiens]
XP_001737054.1	XP_016856292.1	1.50e-10	65.1	25.128	195	55	terminal uridylyltransferase 4 isoform X9 [Homo sapiens]
XP_001738379.1	XP_047272622.1	7.20e-13	72.0	30.723	166	47	terminal nucleotidyltransferase 4A isoform X1 [Homo sapiens]
XP_001738379.1	XP_047272621.1	7.20e-13	72.0	30.723	166	47	terminal nucleotidyltransferase 4A isoform X1 [Homo sapiens]
XP_001738379.1	XP_047272620.1	7.20e-13	72.0	30.723	166	47	terminal nucleotidyltransferase 4A isoform X1 [Homo sapiens]
XP_001738379.1	XP_047272624.1	9.86e-13	71.2	30.864	162	46	terminal nucleotidyltransferase 4A isoform X3 [Homo sapiens]
XP_001738379.1	XP_047272623.1	1.10e-12	71.2	30.864	162	46	terminal nucleotidyltransferase 4A isoform X2 [Homo sapiens]
XP_001738379.1	XP_016864477.1	1.10e-12	71.2	30.864	162	46	terminal nucleotidyltransferase 4A isoform X2 [Homo sapiens]
XP_001738379.1	NP_008930.2	1.60e-12	71.2	30.723	166	47	terminal nucleotidyltransferase 4A isoform 1 [Homo sapiens]
XP_001738379.1	NP_001165276.2	1.63e-12	70.9	30.723	166	47	terminal nucleotidyltransferase 4A isoform 2 [Homo sapiens]
XP_001738379.1	NP_001375065.1	6.29e-12	68.6	21.752	331	90	poly(A) RNA polymerase GLD2 isoform 14 [Homo sapiens]
XP_001738379.1	XP_047272384.1	6.69e-12	69.3	24.615	195	55	terminal uridylyltransferase 4 isoform X46 [Homo sapiens]
XP_001739718.1	XP_047290433.1	1.66e-34	134	28.182	330	92	terminal nucleotidyltransferase 4B isoform X6 [Homo sapiens]
XP_001739718.1	XP_047290432.1	3.07e-34	134	27.566	341	95	terminal nucleotidyltransferase 4B isoform X4 [Homo sapiens]
XP_001739718.1	XP_047290431.1	3.36e-34	134	27.566	341	95	terminal nucleotidyltransferase 4B isoform X3 [Homo sapiens]
XP_001739718.1	XP_011521580.1	3.39e-34	133	28.182	330	92	terminal nucleotidyltransferase 4B isoform X5 [Homo sapiens]
XP_001739718.1	NP_001035375.2	4.34e-34	134	27.566	341	95	terminal nucleotidyltransferase 4B isoform b [Homo sapiens]
XP_001739718.1	XP_011521578.1	4.36e-34	134	27.566	341	95	terminal nucleotidyltransferase 4B isoform X2 [Homo sapiens]
XP_001739718.1	NP_001352252.1	5.48e-34	134	27.566	341	95	terminal nucleotidyltransferase 4B isoform c [Homo sapiens]
XP_001739718.1	NP_001352253.1	5.54e-34	134	27.566	341	95	terminal nucleotidyltransferase 4B isoform d [Homo sapiens]
XP_001739718.1	NP_001035374.2	7.65e-34	134	27.566	341	95	terminal nucleotidyltransferase 4B isoform a [Homo sapiens]
XP_001739718.1	XP_011521577.1	7.67e-34	134	27.566	341	95	terminal nucleotidyltransferase 4B isoform X1 [Homo sapiens]
XP_001749366.1	NP_001317647.1	3.80e-37	144	39.091	220	58	terminal uridylyltransferase 7 isoform 3 [Homo sapiens]
XP_001749366.1	NP_001172003.1	4.11e-37	145	39.091	220	58	terminal uridylyltransferase 7 isoform 2 [Homo sapiens]
XP_001749366.1	XP_005252265.1	4.86e-37	144	39.091	220	58	terminal uridylyltransferase 7 isoform X7 [Homo sapiens]
XP_001749366.1	XP_047279825.1	5.59e-37	144	39.091	220	58	terminal uridylyltransferase 7 isoform X6 [Homo sapiens]
XP_001749366.1	XP_047279824.1	5.59e-37	144	39.091	220	58	terminal uridylyltransferase 7 isoform X6 [Homo sapiens]
XP_001749366.1	XP_005252264.1	5.59e-37	144	39.091	220	58	terminal uridylyltransferase 7 isoform X6 [Homo sapiens]
XP_001749366.1	XP_047279823.1	5.97e-37	144	39.091	220	58	terminal uridylyltransferase 7 isoform X2 [Homo sapiens]
XP_001749366.1	XP_006717346.1	5.97e-37	144	39.091	220	58	terminal uridylyltransferase 7 isoform X2 [Homo sapiens]
XP_001749366.1	XP_011517316.1	6.04e-37	144	39.091	220	58	terminal uridylyltransferase 7 isoform X1 [Homo sapiens]
XP_001749366.1	XP_011517315.1	6.04e-37	144	39.091	220	58	terminal uridylyltransferase 7 isoform X1 [Homo sapiens]
XP_001792741.1	XP_047290433.1	6.05e-34	138	33.125	320	44	terminal nucleotidyltransferase 4B isoform X6 [Homo sapiens]
XP_001792741.1	XP_011521580.1	9.84e-34	138	33.125	320	44	terminal nucleotidyltransferase 4B isoform X5 [Homo sapiens]
XP_001792741.1	NP_001035375.2	1.56e-33	139	33.125	320	44	terminal nucleotidyltransferase 4B isoform b [Homo sapiens]
XP_001792741.1	XP_011521578.1	1.57e-33	139	33.125	320	44	terminal nucleotidyltransferase 4B isoform X2 [Homo sapiens]
XP_001792741.1	NP_001035374.2	1.91e-33	139	33.125	320	44	terminal nucleotidyltransferase 4B isoform a [Homo sapiens]
XP_001792741.1	XP_011521577.1	1.92e-33	139	33.125	320	44	terminal nucleotidyltransferase 4B isoform X1 [Homo sapiens]
XP_001792741.1	XP_047290432.1	3.02e-33	138	33.125	320	44	terminal nucleotidyltransferase 4B isoform X4 [Homo sapiens]
XP_001792741.1	XP_047290431.1	3.64e-33	138	33.125	320	44	terminal nucleotidyltransferase 4B isoform X3 [Homo sapiens]
XP_001792741.1	NP_001352252.1	3.94e-33	138	33.125	320	44	terminal nucleotidyltransferase 4B isoform c [Homo sapiens]
XP_001792741.1	NP_001352253.1	4.25e-33	138	33.125	320	44	terminal nucleotidyltransferase 4B isoform d [Homo sapiens]
XP_001798719.1	XP_047272820.1	4.08e-24	104	31.707	246	37	poly(A) RNA polymerase GLD2 isoform X11 [Homo sapiens]
XP_001798719.1	NP_001375066.1	1.84e-23	103	32.489	237	35	poly(A) RNA polymerase GLD2 isoform 15 [Homo sapiens]
XP_001798719.1	NP_001336477.1	1.90e-23	102	31.707	246	37	poly(A) RNA polymerase GLD2 isoform 4 [Homo sapiens]
XP_001798719.1	NP_001375065.1	2.46e-23	104	31.707	246	37	poly(A) RNA polymerase GLD2 isoform 14 [Homo sapiens]
XP_001798719.1	NP_001375061.1	4.87e-23	105	32.489	237	35	poly(A) RNA polymerase GLD2 isoform 12 [Homo sapiens]
XP_001798719.1	XP_047272805.1	5.45e-23	105	32.489	237	35	poly(A) RNA polymerase GLD2 isoform X2 [Homo sapiens]
XP_001798719.1	XP_047272804.1	5.45e-23	105	32.489	237	35	poly(A) RNA polymerase GLD2 isoform X2 [Homo sapiens]
XP_001798719.1	XP_047272803.1	5.45e-23	105	32.489	237	35	poly(A) RNA polymerase GLD2 isoform X2 [Homo sapiens]
XP_001798719.1	XP_047272802.1	5.45e-23	105	32.489	237	35	poly(A) RNA polymerase GLD2 isoform X2 [Homo sapiens]
XP_001798719.1	XP_016864641.1	5.45e-23	105	32.489	237	35	poly(A) RNA polymerase GLD2 isoform X2 [Homo sapiens]
XP_001804010.1	XP_047272373.1	1.49e-20	100	28.295	258	24	terminal uridylyltransferase 4 isoform X43 [Homo sapiens]
XP_001804010.1	XP_047272369.1	1.51e-20	100	28.405	257	24	terminal uridylyltransferase 4 isoform X41 [Homo sapiens]
XP_001804010.1	XP_047272377.1	1.53e-20	100	28.295	258	24	terminal uridylyltransferase 4 isoform X44 [Homo sapiens]
XP_001804010.1	XP_047272311.1	1.55e-20	100	28.405	257	24	terminal uridylyltransferase 4 isoform X21 [Homo sapiens]
XP_001804010.1	XP_047272320.1	1.65e-20	100	28.295	258	24	terminal uridylyltransferase 4 isoform X22 [Homo sapiens]
XP_001804010.1	XP_047272327.1	1.66e-20	100	28.295	258	24	terminal uridylyltransferase 4 isoform X24 [Homo sapiens]
XP_001804010.1	XP_047272336.1	1.70e-20	100	28.295	258	24	terminal uridylyltransferase 4 isoform X26 [Homo sapiens]
XP_001804010.1	XP_005270738.1	1.82e-20	100	28.405	257	24	terminal uridylyltransferase 4 isoform X14 [Homo sapiens]
XP_001804010.1	XP_047272306.1	1.84e-20	100	28.405	257	24	terminal uridylyltransferase 4 isoform X18 [Homo sapiens]
XP_001804010.1	XP_047272303.1	1.85e-20	100	28.405	257	24	terminal uridylyltransferase 4 isoform X15 [Homo sapiens]
XP_001838227.2	NP_001165276.2	6.02e-29	122	28.367	349	77	terminal nucleotidyltransferase 4A isoform 2 [Homo sapiens]
XP_001838227.2	NP_008930.2	6.20e-29	122	28.367	349	77	terminal nucleotidyltransferase 4A isoform 1 [Homo sapiens]
XP_001838227.2	XP_047290433.1	1.49e-27	116	27.987	318	71	terminal nucleotidyltransferase 4B isoform X6 [Homo sapiens]
XP_001838227.2	XP_011521580.1	2.31e-27	116	27.987	318	71	terminal nucleotidyltransferase 4B isoform X5 [Homo sapiens]
XP_001838227.2	NP_001035375.2	6.44e-27	115	27.586	319	72	terminal nucleotidyltransferase 4B isoform b [Homo sapiens]
XP_001838227.2	XP_011521578.1	6.46e-27	115	27.586	319	72	terminal nucleotidyltransferase 4B isoform X2 [Homo sapiens]
XP_001838227.2	XP_047290432.1	9.13e-27	115	27.586	319	72	terminal nucleotidyltransferase 4B isoform X4 [Homo sapiens]
XP_001838227.2	XP_047290431.1	9.58e-27	115	27.586	319	72	terminal nucleotidyltransferase 4B isoform X3 [Homo sapiens]
XP_001838227.2	NP_001035374.2	9.83e-27	115	27.586	319	72	terminal nucleotidyltransferase 4B isoform a [Homo sapiens]
XP_001838227.2	XP_011521577.1	9.84e-27	115	27.586	319	72	terminal nucleotidyltransferase 4B isoform X1 [Homo sapiens]
XP_001838228.2	NP_008930.2	1.90e-32	132	30.820	305	70	terminal nucleotidyltransferase 4A isoform 1 [Homo sapiens]
XP_001838228.2	NP_001165276.2	2.01e-32	132	30.820	305	70	terminal nucleotidyltransferase 4A isoform 2 [Homo sapiens]
XP_001838228.2	XP_047290433.1	7.03e-29	120	31.801	261	60	terminal nucleotidyltransferase 4B isoform X6 [Homo sapiens]
XP_001838228.2	XP_011521580.1	9.88e-29	120	31.679	262	60	terminal nucleotidyltransferase 4B isoform X5 [Homo sapiens]
XP_001838228.2	NP_001035375.2	9.99e-29	121	30.769	273	63	terminal nucleotidyltransferase 4B isoform b [Homo sapiens]
XP_001838228.2	XP_011521578.1	1.00e-28	121	30.769	273	63	terminal nucleotidyltransferase 4B isoform X2 [Homo sapiens]
XP_001838228.2	NP_001035374.2	1.04e-28	121	30.657	274	63	terminal nucleotidyltransferase 4B isoform a [Homo sapiens]
XP_001838228.2	XP_011521577.1	1.05e-28	121	30.657	274	63	terminal nucleotidyltransferase 4B isoform X1 [Homo sapiens]
XP_001838228.2	NP_001352252.1	1.44e-28	120	30.769	273	63	terminal nucleotidyltransferase 4B isoform c [Homo sapiens]
XP_001838228.2	NP_001352253.1	1.52e-28	120	30.769	273	63	terminal nucleotidyltransferase 4B isoform d [Homo sapiens]
XP_001873555.1	NP_001336477.1	2.28e-15	76.6	26.728	217	63	poly(A) RNA polymerase GLD2 isoform 4 [Homo sapiens]
XP_001873555.1	XP_047272820.1	4.84e-15	75.5	26.728	217	63	poly(A) RNA polymerase GLD2 isoform X11 [Homo sapiens]
XP_001873555.1	NP_001375065.1	1.07e-14	75.9	26.728	217	63	poly(A) RNA polymerase GLD2 isoform 14 [Homo sapiens]
XP_001873555.1	NP_001375061.1	1.27e-14	76.3	26.728	217	63	poly(A) RNA polymerase GLD2 isoform 12 [Homo sapiens]
XP_001873555.1	NP_001375060.1	1.39e-14	76.3	26.728	217	63	poly(A) RNA polymerase GLD2 isoform 11 [Homo sapiens]
XP_001873555.1	XP_047272811.1	1.50e-14	76.3	26.728	217	63	poly(A) RNA polymerase GLD2 isoform X4 [Homo sapiens]
XP_001873555.1	XP_047272810.1	1.50e-14	76.3	26.728	217	63	poly(A) RNA polymerase GLD2 isoform X4 [Homo sapiens]
XP_001873555.1	XP_047272809.1	1.50e-14	76.3	26.728	217	63	poly(A) RNA polymerase GLD2 isoform X4 [Homo sapiens]
XP_001873555.1	NP_001375058.1	1.50e-14	76.3	26.728	217	63	poly(A) RNA polymerase GLD2 isoform 2 [Homo sapiens]
XP_001873555.1	NP_001375057.1	1.50e-14	76.3	26.728	217	63	poly(A) RNA polymerase GLD2 isoform 2 [Homo sapiens]
XP_001879989.1	XP_047279823.1	7.37e-44	175	34.337	332	36	terminal uridylyltransferase 7 isoform X2 [Homo sapiens]
XP_001879989.1	XP_006717346.1	7.37e-44	175	34.337	332	36	terminal uridylyltransferase 7 isoform X2 [Homo sapiens]
XP_001879989.1	NP_001317647.1	9.65e-44	173	34.337	332	36	terminal uridylyltransferase 7 isoform 3 [Homo sapiens]
XP_001879989.1	XP_011517317.1	1.04e-43	175	34.337	332	36	terminal uridylyltransferase 7 isoform X3 [Homo sapiens]
XP_001879989.1	XP_047279825.1	1.22e-43	174	34.337	332	36	terminal uridylyltransferase 7 isoform X6 [Homo sapiens]
XP_001879989.1	XP_047279824.1	1.22e-43	174	34.337	332	36	terminal uridylyltransferase 7 isoform X6 [Homo sapiens]
XP_001879989.1	XP_005252264.1	1.22e-43	174	34.337	332	36	terminal uridylyltransferase 7 isoform X6 [Homo sapiens]
XP_001879989.1	XP_016870620.1	1.23e-43	174	34.337	332	36	terminal uridylyltransferase 7 isoform X4 [Homo sapiens]
XP_001879989.1	XP_016870619.1	1.23e-43	174	34.337	332	36	terminal uridylyltransferase 7 isoform X4 [Homo sapiens]
XP_001879989.1	NP_078893.2	1.23e-43	174	34.337	332	36	terminal uridylyltransferase 7 isoform 1 [Homo sapiens]
XP_001886014.1	XP_047290433.1	2.75e-59	202	40.345	290	72	terminal nucleotidyltransferase 4B isoform X6 [Homo sapiens]
XP_001886014.1	XP_011521580.1	4.11e-59	202	40.345	290	72	terminal nucleotidyltransferase 4B isoform X5 [Homo sapiens]
XP_001886014.1	NP_001035375.2	6.59e-58	202	39.414	307	76	terminal nucleotidyltransferase 4B isoform b [Homo sapiens]
XP_001886014.1	XP_011521578.1	6.69e-58	202	39.414	307	76	terminal nucleotidyltransferase 4B isoform X2 [Homo sapiens]
XP_001886014.1	XP_047290432.1	7.35e-58	201	40.345	290	72	terminal nucleotidyltransferase 4B isoform X4 [Homo sapiens]
XP_001886014.1	XP_047290431.1	9.34e-58	202	40.345	290	72	terminal nucleotidyltransferase 4B isoform X3 [Homo sapiens]
XP_001886014.1	NP_001035374.2	1.03e-57	202	40.345	290	72	terminal nucleotidyltransferase 4B isoform a [Homo sapiens]
XP_001886014.1	XP_011521577.1	1.04e-57	202	40.345	290	72	terminal nucleotidyltransferase 4B isoform X1 [Homo sapiens]
XP_001886014.1	NP_001352252.1	1.11e-57	202	40.345	290	72	terminal nucleotidyltransferase 4B isoform c [Homo sapiens]
XP_001886014.1	NP_001352253.1	1.29e-57	202	40.345	290	72	terminal nucleotidyltransferase 4B isoform d [Homo sapiens]
XP_001886810.1	NP_008930.2	1.47e-28	120	28.213	319	75	terminal nucleotidyltransferase 4A isoform 1 [Homo sapiens]
XP_001886810.1	NP_001165276.2	1.48e-28	120	28.213	319	75	terminal nucleotidyltransferase 4A isoform 2 [Homo sapiens]
XP_001886810.1	XP_047290433.1	7.22e-28	117	29.245	318	75	terminal nucleotidyltransferase 4B isoform X6 [Homo sapiens]
XP_001886810.1	XP_011521580.1	1.05e-27	117	29.245	318	75	terminal nucleotidyltransferase 4B isoform X5 [Homo sapiens]
XP_001886810.1	NP_001035375.2	3.08e-27	116	29.338	317	75	terminal nucleotidyltransferase 4B isoform b [Homo sapiens]
XP_001886810.1	XP_011521578.1	3.09e-27	116	29.338	317	75	terminal nucleotidyltransferase 4B isoform X2 [Homo sapiens]
XP_001886810.1	NP_001035374.2	3.49e-27	116	29.338	317	75	terminal nucleotidyltransferase 4B isoform a [Homo sapiens]
XP_001886810.1	XP_011521577.1	3.49e-27	116	29.338	317	75	terminal nucleotidyltransferase 4B isoform X1 [Homo sapiens]
XP_001886810.1	XP_047290432.1	4.54e-27	115	29.338	317	75	terminal nucleotidyltransferase 4B isoform X4 [Homo sapiens]
XP_001886810.1	XP_047290431.1	4.72e-27	115	29.338	317	75	terminal nucleotidyltransferase 4B isoform X3 [Homo sapiens]
XP_001889490.1	XP_005252265.1	1.60e-16	83.2	27.027	296	85	terminal uridylyltransferase 7 isoform X7 [Homo sapiens]
XP_001889490.1	NP_001317647.1	1.83e-16	82.8	27.027	296	85	terminal uridylyltransferase 7 isoform 3 [Homo sapiens]
XP_001889490.1	XP_011517316.1	1.96e-16	83.2	27.027	296	85	terminal uridylyltransferase 7 isoform X1 [Homo sapiens]
XP_001889490.1	XP_011517315.1	1.96e-16	83.2	27.027	296	85	terminal uridylyltransferase 7 isoform X1 [Homo sapiens]
XP_001889490.1	XP_011517314.1	1.96e-16	83.2	27.027	296	85	terminal uridylyltransferase 7 isoform X1 [Homo sapiens]
XP_001889490.1	XP_011517313.1	1.96e-16	83.2	27.027	296	85	terminal uridylyltransferase 7 isoform X1 [Homo sapiens]
XP_001889490.1	XP_011517317.1	2.33e-16	82.8	27.027	296	85	terminal uridylyltransferase 7 isoform X3 [Homo sapiens]
XP_001889490.1	XP_011517318.1	2.34e-16	82.8	27.027	296	85	terminal uridylyltransferase 7 isoform X5 [Homo sapiens]
XP_001889490.1	XP_016870620.1	2.43e-16	82.8	27.027	296	85	terminal uridylyltransferase 7 isoform X4 [Homo sapiens]
XP_001889490.1	XP_016870619.1	2.43e-16	82.8	27.027	296	85	terminal uridylyltransferase 7 isoform X4 [Homo sapiens]
XP_001901178.1	NP_001165276.2	6.40e-100	317	47.753	356	83	terminal nucleotidyltransferase 4A isoform 2 [Homo sapiens]
XP_001901178.1	NP_008930.2	6.75e-100	317	47.753	356	83	terminal nucleotidyltransferase 4A isoform 1 [Homo sapiens]
XP_001901178.1	NP_001035375.2	8.94e-96	302	46.847	333	78	terminal nucleotidyltransferase 4B isoform b [Homo sapiens]
XP_001901178.1	XP_011521578.1	9.16e-96	302	46.847	333	78	terminal nucleotidyltransferase 4B isoform X2 [Homo sapiens]
XP_001901178.1	XP_047290432.1	1.48e-95	301	46.847	333	78	terminal nucleotidyltransferase 4B isoform X4 [Homo sapiens]
XP_001901178.1	NP_001035374.2	1.59e-95	303	46.847	333	78	terminal nucleotidyltransferase 4B isoform a [Homo sapiens]
XP_001901178.1	XP_011521577.1	1.62e-95	303	46.847	333	78	terminal nucleotidyltransferase 4B isoform X1 [Homo sapiens]
XP_001901178.1	NP_001352252.1	2.85e-95	302	46.847	333	78	terminal nucleotidyltransferase 4B isoform c [Homo sapiens]
XP_001901178.1	XP_047290431.1	3.08e-95	301	46.847	333	78	terminal nucleotidyltransferase 4B isoform X3 [Homo sapiens]
XP_001901178.1	NP_001352253.1	4.96e-95	302	46.847	333	78	terminal nucleotidyltransferase 4B isoform d [Homo sapiens]
XP_001901645.1	XP_047272811.1	1.13e-11	68.6	25.909	220	57	poly(A) RNA polymerase GLD2 isoform X4 [Homo sapiens]
XP_001901645.1	XP_047272810.1	1.13e-11	68.6	25.909	220	57	poly(A) RNA polymerase GLD2 isoform X4 [Homo sapiens]
XP_001901645.1	XP_047272809.1	1.13e-11	68.6	25.909	220	57	poly(A) RNA polymerase GLD2 isoform X4 [Homo sapiens]
XP_001901645.1	NP_001375058.1	1.13e-11	68.6	25.909	220	57	poly(A) RNA polymerase GLD2 isoform 2 [Homo sapiens]
XP_001901645.1	NP_001375057.1	1.13e-11	68.6	25.909	220	57	poly(A) RNA polymerase GLD2 isoform 2 [Homo sapiens]
XP_001901645.1	NP_001375056.1	1.13e-11	68.6	25.909	220	57	poly(A) RNA polymerase GLD2 isoform 2 [Homo sapiens]
XP_001901645.1	NP_001375055.1	1.13e-11	68.6	25.909	220	57	poly(A) RNA polymerase GLD2 isoform 2 [Homo sapiens]
XP_001901645.1	NP_001375054.1	1.13e-11	68.6	25.909	220	57	poly(A) RNA polymerase GLD2 isoform 2 [Homo sapiens]
XP_001901645.1	NP_001375053.1	1.13e-11	68.6	25.909	220	57	poly(A) RNA polymerase GLD2 isoform 2 [Homo sapiens]
XP_001901645.1	NP_001375052.1	1.13e-11	68.6	25.909	220	57	poly(A) RNA polymerase GLD2 isoform 2 [Homo sapiens]
XP_001907009.1	XP_047272384.1	4.45e-42	170	35.758	330	25	terminal uridylyltransferase 4 isoform X46 [Homo sapiens]
XP_001907009.1	XP_005270739.1	3.83e-41	168	35.758	330	25	terminal uridylyltransferase 4 isoform X33 [Homo sapiens]
XP_001907009.1	XP_016856297.1	3.98e-41	168	35.758	330	25	terminal uridylyltransferase 4 isoform X36 [Homo sapiens]
XP_001907009.1	XP_047272345.1	4.64e-41	168	35.758	330	25	terminal uridylyltransferase 4 isoform X31 [Homo sapiens]
XP_001907009.1	XP_047272365.1	4.67e-41	168	35.758	330	25	terminal uridylyltransferase 4 isoform X38 [Homo sapiens]
XP_001907009.1	XP_016856299.1	4.78e-41	168	35.758	330	25	terminal uridylyltransferase 4 isoform X40 [Homo sapiens]
XP_001907009.1	XP_011539401.1	4.85e-41	168	35.758	330	25	terminal uridylyltransferase 4 isoform X29 [Homo sapiens]
XP_001907009.1	XP_016856295.1	4.92e-41	168	35.758	330	25	terminal uridylyltransferase 4 isoform X25 [Homo sapiens]
XP_001907009.1	XP_047272285.1	5.05e-41	168	35.758	330	25	terminal uridylyltransferase 4 isoform X7 [Homo sapiens]
XP_001907009.1	XP_016856292.1	5.12e-41	168	35.758	330	25	terminal uridylyltransferase 4 isoform X9 [Homo sapiens]
XP_001909248.1	NP_001375066.1	1.05e-20	96.3	32.804	189	16	poly(A) RNA polymerase GLD2 isoform 15 [Homo sapiens]
XP_001909248.1	NP_001336477.1	1.44e-20	95.1	32.804	189	16	poly(A) RNA polymerase GLD2 isoform 4 [Homo sapiens]
XP_001909248.1	NP_001375061.1	4.58e-20	97.1	32.804	189	16	poly(A) RNA polymerase GLD2 isoform 12 [Homo sapiens]
XP_001909248.1	NP_001375059.1	5.82e-20	97.1	32.804	189	16	poly(A) RNA polymerase GLD2 isoform 10 [Homo sapiens]
XP_001909248.1	NP_001375060.1	6.05e-20	97.1	32.804	189	16	poly(A) RNA polymerase GLD2 isoform 11 [Homo sapiens]
XP_001909248.1	XP_047272811.1	6.18e-20	97.1	32.804	189	16	poly(A) RNA polymerase GLD2 isoform X4 [Homo sapiens]
XP_001909248.1	XP_047272810.1	6.18e-20	97.1	32.804	189	16	poly(A) RNA polymerase GLD2 isoform X4 [Homo sapiens]
XP_001909248.1	XP_047272809.1	6.18e-20	97.1	32.804	189	16	poly(A) RNA polymerase GLD2 isoform X4 [Homo sapiens]
XP_001909248.1	NP_001375058.1	6.18e-20	97.1	32.804	189	16	poly(A) RNA polymerase GLD2 isoform 2 [Homo sapiens]
XP_001909248.1	NP_001375057.1	6.18e-20	97.1	32.804	189	16	poly(A) RNA polymerase GLD2 isoform 2 [Homo sapiens]
XP_001938556.2	XP_047290433.1	2.27e-37	147	34.700	317	46	terminal nucleotidyltransferase 4B isoform X6 [Homo sapiens]
XP_001938556.2	XP_011521580.1	3.43e-37	148	34.700	317	46	terminal nucleotidyltransferase 4B isoform X5 [Homo sapiens]
XP_001938556.2	NP_001035375.2	6.25e-37	149	34.700	317	46	terminal nucleotidyltransferase 4B isoform b [Homo sapiens]
XP_001938556.2	XP_011521578.1	6.30e-37	149	34.700	317	46	terminal nucleotidyltransferase 4B isoform X2 [Homo sapiens]
XP_001938556.2	XP_047290431.1	9.76e-37	148	34.700	317	46	terminal nucleotidyltransferase 4B isoform X3 [Homo sapiens]
XP_001938556.2	XP_047290432.1	1.04e-36	148	34.700	317	46	terminal nucleotidyltransferase 4B isoform X4 [Homo sapiens]
XP_001938556.2	NP_001035374.2	1.05e-36	149	34.700	317	46	terminal nucleotidyltransferase 4B isoform a [Homo sapiens]
XP_001938556.2	XP_011521577.1	1.05e-36	149	34.700	317	46	terminal nucleotidyltransferase 4B isoform X1 [Homo sapiens]
XP_001938556.2	NP_001352253.1	1.41e-36	148	34.700	317	46	terminal nucleotidyltransferase 4B isoform d [Homo sapiens]
XP_001938556.2	NP_001352252.1	1.57e-36	148	34.700	317	46	terminal nucleotidyltransferase 4B isoform c [Homo sapiens]
XP_001939760.2	XP_047272811.1	3.35e-21	97.8	32.275	189	42	poly(A) RNA polymerase GLD2 isoform X4 [Homo sapiens]
XP_001939760.2	XP_047272810.1	3.35e-21	97.8	32.275	189	42	poly(A) RNA polymerase GLD2 isoform X4 [Homo sapiens]
XP_001939760.2	XP_047272809.1	3.35e-21	97.8	32.275	189	42	poly(A) RNA polymerase GLD2 isoform X4 [Homo sapiens]
XP_001939760.2	NP_001375058.1	3.35e-21	97.8	32.275	189	42	poly(A) RNA polymerase GLD2 isoform 2 [Homo sapiens]
XP_001939760.2	NP_001375057.1	3.35e-21	97.8	32.275	189	42	poly(A) RNA polymerase GLD2 isoform 2 [Homo sapiens]
XP_001939760.2	NP_001375056.1	3.35e-21	97.8	32.275	189	42	poly(A) RNA polymerase GLD2 isoform 2 [Homo sapiens]
XP_001939760.2	NP_001375055.1	3.35e-21	97.8	32.275	189	42	poly(A) RNA polymerase GLD2 isoform 2 [Homo sapiens]
XP_001939760.2	NP_001375054.1	3.35e-21	97.8	32.275	189	42	poly(A) RNA polymerase GLD2 isoform 2 [Homo sapiens]
XP_001939760.2	NP_001375053.1	3.35e-21	97.8	32.275	189	42	poly(A) RNA polymerase GLD2 isoform 2 [Homo sapiens]
XP_001939760.2	NP_001375052.1	3.35e-21	97.8	32.275	189	42	poly(A) RNA polymerase GLD2 isoform 2 [Homo sapiens]
XP_001942202.1	XP_047272820.1	3.91e-27	113	32.900	231	36	poly(A) RNA polymerase GLD2 isoform X11 [Homo sapiens]
XP_001942202.1	NP_001336477.1	1.16e-26	112	32.900	231	36	poly(A) RNA polymerase GLD2 isoform 4 [Homo sapiens]
XP_001942202.1	NP_001375066.1	3.04e-26	111	32.743	226	35	poly(A) RNA polymerase GLD2 isoform 15 [Homo sapiens]
XP_001942202.1	NP_001375065.1	4.35e-26	112	32.900	231	36	poly(A) RNA polymerase GLD2 isoform 14 [Homo sapiens]
XP_001942202.1	NP_001375061.1	7.19e-26	113	32.900	231	36	poly(A) RNA polymerase GLD2 isoform 12 [Homo sapiens]
XP_001942202.1	NP_001375027.1	8.04e-26	114	32.900	231	36	poly(A) RNA polymerase GLD2 isoform 7 [Homo sapiens]
XP_001942202.1	NP_001375059.1	8.18e-26	113	32.900	231	36	poly(A) RNA polymerase GLD2 isoform 10 [Homo sapiens]
XP_001942202.1	XP_047272811.1	8.41e-26	113	32.900	231	36	poly(A) RNA polymerase GLD2 isoform X4 [Homo sapiens]
XP_001942202.1	XP_047272810.1	8.41e-26	113	32.900	231	36	poly(A) RNA polymerase GLD2 isoform X4 [Homo sapiens]
XP_001942202.1	XP_047272809.1	8.41e-26	113	32.900	231	36	poly(A) RNA polymerase GLD2 isoform X4 [Homo sapiens]
XP_001948412.2	NP_001035375.2	8.09e-136	412	58.036	336	56	terminal nucleotidyltransferase 4B isoform b [Homo sapiens]
XP_001948412.2	XP_011521578.1	8.33e-136	412	58.036	336	56	terminal nucleotidyltransferase 4B isoform X2 [Homo sapiens]
XP_001948412.2	XP_047290432.1	8.75e-136	412	58.036	336	56	terminal nucleotidyltransferase 4B isoform X4 [Homo sapiens]
XP_001948412.2	NP_001352252.1	1.04e-135	413	58.036	336	56	terminal nucleotidyltransferase 4B isoform c [Homo sapiens]
XP_001948412.2	NP_001035374.2	1.28e-135	413	58.036	336	56	terminal nucleotidyltransferase 4B isoform a [Homo sapiens]
XP_001948412.2	XP_011521577.1	1.31e-135	413	58.036	336	56	terminal nucleotidyltransferase 4B isoform X1 [Homo sapiens]
XP_001948412.2	XP_047290431.1	2.27e-135	412	58.036	336	56	terminal nucleotidyltransferase 4B isoform X3 [Homo sapiens]
XP_001948412.2	XP_047290433.1	2.95e-135	405	59.748	318	53	terminal nucleotidyltransferase 4B isoform X6 [Homo sapiens]
XP_001948412.2	NP_001352253.1	3.03e-135	413	58.036	336	56	terminal nucleotidyltransferase 4B isoform d [Homo sapiens]
XP_001948412.2	XP_011521580.1	4.61e-135	406	59.748	318	53	terminal nucleotidyltransferase 4B isoform X5 [Homo sapiens]
XP_001948967.1	NP_001375065.1	3.04e-59	203	38.692	367	61	poly(A) RNA polymerase GLD2 isoform 14 [Homo sapiens]
XP_001948967.1	NP_001375061.1	1.04e-58	204	38.587	368	61	poly(A) RNA polymerase GLD2 isoform 12 [Homo sapiens]
XP_001948967.1	XP_047272811.1	1.18e-58	205	38.587	368	61	poly(A) RNA polymerase GLD2 isoform X4 [Homo sapiens]
XP_001948967.1	XP_047272810.1	1.18e-58	205	38.587	368	61	poly(A) RNA polymerase GLD2 isoform X4 [Homo sapiens]
XP_001948967.1	XP_047272809.1	1.18e-58	205	38.587	368	61	poly(A) RNA polymerase GLD2 isoform X4 [Homo sapiens]
XP_001948967.1	NP_001375058.1	1.18e-58	205	38.587	368	61	poly(A) RNA polymerase GLD2 isoform 2 [Homo sapiens]
XP_001948967.1	NP_001375057.1	1.18e-58	205	38.587	368	61	poly(A) RNA polymerase GLD2 isoform 2 [Homo sapiens]
XP_001948967.1	NP_001375056.1	1.18e-58	205	38.587	368	61	poly(A) RNA polymerase GLD2 isoform 2 [Homo sapiens]
XP_001948967.1	NP_001375055.1	1.18e-58	205	38.587	368	61	poly(A) RNA polymerase GLD2 isoform 2 [Homo sapiens]
XP_001948967.1	NP_001375054.1	1.18e-58	205	38.587	368	61	poly(A) RNA polymerase GLD2 isoform 2 [Homo sapiens]
XP_001949146.2	NP_001317647.1	5.73e-19	96.3	26.899	316	18	terminal uridylyltransferase 7 isoform 3 [Homo sapiens]
XP_001949146.2	XP_011517318.1	1.57e-18	95.5	26.899	316	18	terminal uridylyltransferase 7 isoform X5 [Homo sapiens]
XP_001949146.2	XP_005252265.1	1.70e-18	95.1	26.708	322	19	terminal uridylyltransferase 7 isoform X7 [Homo sapiens]
XP_001949146.2	XP_047279825.1	1.82e-18	95.1	26.708	322	19	terminal uridylyltransferase 7 isoform X6 [Homo sapiens]
XP_001949146.2	XP_047279824.1	1.82e-18	95.1	26.708	322	19	terminal uridylyltransferase 7 isoform X6 [Homo sapiens]
XP_001949146.2	XP_005252264.1	1.82e-18	95.1	26.708	322	19	terminal uridylyltransferase 7 isoform X6 [Homo sapiens]
XP_001949146.2	XP_016870620.1	1.84e-18	95.1	26.708	322	19	terminal uridylyltransferase 7 isoform X4 [Homo sapiens]
XP_001949146.2	XP_016870619.1	1.84e-18	95.1	26.708	322	19	terminal uridylyltransferase 7 isoform X4 [Homo sapiens]
XP_001949146.2	NP_078893.2	1.84e-18	95.1	26.708	322	19	terminal uridylyltransferase 7 isoform 1 [Homo sapiens]
XP_001949146.2	NP_001171988.1	1.84e-18	95.1	26.708	322	19	terminal uridylyltransferase 7 isoform 1 [Homo sapiens]
XP_001953204.1	NP_001317647.1	2.91e-21	100	30.132	302	51	terminal uridylyltransferase 7 isoform 3 [Homo sapiens]
XP_001953204.1	XP_005252265.1	3.93e-21	100	30.132	302	51	terminal uridylyltransferase 7 isoform X7 [Homo sapiens]
XP_001953204.1	XP_011517317.1	4.78e-21	100	30.132	302	51	terminal uridylyltransferase 7 isoform X3 [Homo sapiens]
XP_001953204.1	XP_047279825.1	5.38e-21	100	30.132	302	51	terminal uridylyltransferase 7 isoform X6 [Homo sapiens]
XP_001953204.1	XP_047279824.1	5.38e-21	100	30.132	302	51	terminal uridylyltransferase 7 isoform X6 [Homo sapiens]
XP_001953204.1	XP_005252264.1	5.38e-21	100	30.132	302	51	terminal uridylyltransferase 7 isoform X6 [Homo sapiens]
XP_001953204.1	XP_016870620.1	5.50e-21	100	30.132	302	51	terminal uridylyltransferase 7 isoform X4 [Homo sapiens]
XP_001953204.1	XP_016870619.1	5.50e-21	100	30.132	302	51	terminal uridylyltransferase 7 isoform X4 [Homo sapiens]
XP_001953204.1	NP_078893.2	5.50e-21	100	30.132	302	51	terminal uridylyltransferase 7 isoform 1 [Homo sapiens]
XP_001953204.1	NP_001171988.1	5.50e-21	100	30.132	302	51	terminal uridylyltransferase 7 isoform 1 [Homo sapiens]
XP_001955278.1	NP_001165276.2	1.14e-84	276	41.842	380	95	terminal nucleotidyltransferase 4A isoform 2 [Homo sapiens]
XP_001955278.1	NP_008930.2	1.19e-84	276	41.842	380	95	terminal nucleotidyltransferase 4A isoform 1 [Homo sapiens]
XP_001955278.1	XP_047290433.1	1.51e-82	262	43.202	331	82	terminal nucleotidyltransferase 4B isoform X6 [Homo sapiens]
XP_001955278.1	NP_001035375.2	2.27e-82	266	42.407	349	86	terminal nucleotidyltransferase 4B isoform b [Homo sapiens]
XP_001955278.1	XP_011521578.1	2.32e-82	266	42.407	349	86	terminal nucleotidyltransferase 4B isoform X2 [Homo sapiens]
XP_001955278.1	XP_047290432.1	3.01e-82	266	42.407	349	86	terminal nucleotidyltransferase 4B isoform X4 [Homo sapiens]
XP_001955278.1	XP_011521580.1	6.01e-82	262	43.202	331	82	terminal nucleotidyltransferase 4B isoform X5 [Homo sapiens]
XP_001955278.1	NP_001035374.2	8.51e-82	266	42.407	349	86	terminal nucleotidyltransferase 4B isoform a [Homo sapiens]
XP_001955278.1	XP_047290431.1	8.68e-82	265	42.407	349	86	terminal nucleotidyltransferase 4B isoform X3 [Homo sapiens]
XP_001955278.1	XP_011521577.1	8.69e-82	266	42.407	349	86	terminal nucleotidyltransferase 4B isoform X1 [Homo sapiens]
XP_001956794.2	NP_001153861.1	9.03e-16	80.5	44.565	92	12	tRNA 2'-phosphotransferase 1 isoform 3 [Homo sapiens]
XP_001956794.2	XP_047283636.1	1.28e-15	79.0	43.820	89	12	tRNA 2'-phosphotransferase 1 isoform X3 [Homo sapiens]
XP_001956794.2	XP_047283635.1	1.28e-15	79.0	43.820	89	12	tRNA 2'-phosphotransferase 1 isoform X3 [Homo sapiens]
XP_001956794.2	NP_001153864.1	1.28e-15	79.0	43.820	89	12	tRNA 2'-phosphotransferase 1 isoform 4 [Homo sapiens]
XP_001956794.2	XP_024304477.1	1.85e-15	79.3	45.783	83	11	tRNA 2'-phosphotransferase 1 isoform X2 [Homo sapiens]
XP_001956794.2	XP_024304476.1	1.85e-15	79.3	45.783	83	11	tRNA 2'-phosphotransferase 1 isoform X2 [Homo sapiens]
XP_001956794.2	NP_001153862.1	1.85e-15	79.3	45.783	83	11	tRNA 2'-phosphotransferase 1 isoform 1 [Homo sapiens]
XP_001956794.2	NP_001028850.2	1.85e-15	79.3	45.783	83	11	tRNA 2'-phosphotransferase 1 isoform 1 [Homo sapiens]
XP_001956794.2	XP_006718770.1	1.92e-15	79.3	45.783	83	11	tRNA 2'-phosphotransferase 1 isoform X1 [Homo sapiens]
XP_001956794.2	XP_005274403.1	1.92e-15	79.3	45.783	83	11	tRNA 2'-phosphotransferase 1 isoform X1 [Homo sapiens]
XP_001963903.2	NP_060579.3	6.88e-88	287	35.211	497	79	poly(A) RNA polymerase, mitochondrial precursor [Homo sapiens]
XP_001963903.2	NP_073741.3	7.92e-32	134	35.547	256	39	speckle targeted PIP5K1A-regulated poly(A) polymerase isoform 1 [Homo sapiens]
XP_001963903.2	XP_047272805.1	3.79e-26	115	26.384	307	47	poly(A) RNA polymerase GLD2 isoform X2 [Homo sapiens]
XP_001963903.2	XP_047272804.1	3.79e-26	115	26.384	307	47	poly(A) RNA polymerase GLD2 isoform X2 [Homo sapiens]
XP_001963903.2	XP_047272803.1	3.79e-26	115	26.384	307	47	poly(A) RNA polymerase GLD2 isoform X2 [Homo sapiens]
XP_001963903.2	XP_047272802.1	3.79e-26	115	26.384	307	47	poly(A) RNA polymerase GLD2 isoform X2 [Homo sapiens]
XP_001963903.2	XP_016864641.1	3.79e-26	115	26.384	307	47	poly(A) RNA polymerase GLD2 isoform X2 [Homo sapiens]
XP_001963903.2	NP_001375026.1	3.79e-26	115	26.384	307	47	poly(A) RNA polymerase GLD2 isoform 6 [Homo sapiens]
XP_001963903.2	NP_001375025.1	3.79e-26	115	26.384	307	47	poly(A) RNA polymerase GLD2 isoform 6 [Homo sapiens]
XP_001963903.2	NP_001375024.1	3.79e-26	115	26.384	307	47	poly(A) RNA polymerase GLD2 isoform 6 [Homo sapiens]
XP_001967033.3	NP_001035375.2	4.52e-137	429	62.236	331	31	terminal nucleotidyltransferase 4B isoform b [Homo sapiens]
XP_001967033.3	XP_011521578.1	4.66e-137	429	62.236	331	31	terminal nucleotidyltransferase 4B isoform X2 [Homo sapiens]
XP_001967033.3	XP_047290432.1	6.33e-137	429	62.236	331	31	terminal nucleotidyltransferase 4B isoform X4 [Homo sapiens]
XP_001967033.3	NP_001035374.2	6.92e-137	431	62.236	331	31	terminal nucleotidyltransferase 4B isoform a [Homo sapiens]
XP_001967033.3	XP_011521577.1	7.12e-137	431	62.236	331	31	terminal nucleotidyltransferase 4B isoform X1 [Homo sapiens]
XP_001967033.3	NP_001352252.1	1.31e-136	430	62.236	331	31	terminal nucleotidyltransferase 4B isoform c [Homo sapiens]
XP_001967033.3	XP_047290431.1	2.88e-136	428	62.236	331	31	terminal nucleotidyltransferase 4B isoform X3 [Homo sapiens]
XP_001967033.3	NP_001352253.1	3.83e-136	429	62.236	331	31	terminal nucleotidyltransferase 4B isoform d [Homo sapiens]
XP_001967033.3	NP_008930.2	1.19e-135	430	55.814	387	36	terminal nucleotidyltransferase 4A isoform 1 [Homo sapiens]
XP_001967033.3	NP_001165276.2	1.28e-135	430	55.814	387	36	terminal nucleotidyltransferase 4A isoform 2 [Homo sapiens]
XP_001977058.1	NP_001375042.1	1.81e-59	215	38.360	378	27	poly(A) RNA polymerase GLD2 isoform 16 [Homo sapiens]
XP_001977058.1	XP_047272808.1	1.91e-59	215	38.360	378	27	poly(A) RNA polymerase GLD2 isoform X3 [Homo sapiens]
XP_001977058.1	XP_047272807.1	1.91e-59	215	38.360	378	27	poly(A) RNA polymerase GLD2 isoform X3 [Homo sapiens]
XP_001977058.1	XP_047272806.1	1.91e-59	215	38.360	378	27	poly(A) RNA polymerase GLD2 isoform X3 [Homo sapiens]
XP_001977058.1	NP_776158.2	1.91e-59	215	38.360	378	27	poly(A) RNA polymerase GLD2 isoform 1 [Homo sapiens]
XP_001977058.1	NP_001375041.1	1.91e-59	215	38.360	378	27	poly(A) RNA polymerase GLD2 isoform 1 [Homo sapiens]
XP_001977058.1	NP_001375040.1	1.91e-59	215	38.360	378	27	poly(A) RNA polymerase GLD2 isoform 1 [Homo sapiens]
XP_001977058.1	NP_001375039.1	1.91e-59	215	38.360	378	27	poly(A) RNA polymerase GLD2 isoform 1 [Homo sapiens]
XP_001977058.1	NP_001375038.1	1.91e-59	215	38.360	378	27	poly(A) RNA polymerase GLD2 isoform 1 [Homo sapiens]
XP_001977058.1	NP_001375037.1	1.91e-59	215	38.360	378	27	poly(A) RNA polymerase GLD2 isoform 1 [Homo sapiens]
XP_001977427.1	NP_001035375.2	1.02e-135	425	61.493	335	33	terminal nucleotidyltransferase 4B isoform b [Homo sapiens]
XP_001977427.1	XP_011521578.1	1.05e-135	425	61.493	335	33	terminal nucleotidyltransferase 4B isoform X2 [Homo sapiens]
XP_001977427.1	NP_001035374.2	1.63e-135	426	61.493	335	33	terminal nucleotidyltransferase 4B isoform a [Homo sapiens]
XP_001977427.1	XP_011521577.1	1.67e-135	426	61.493	335	33	terminal nucleotidyltransferase 4B isoform X1 [Homo sapiens]
XP_001977427.1	NP_001352252.1	1.85e-135	426	61.493	335	33	terminal nucleotidyltransferase 4B isoform c [Homo sapiens]
XP_001977427.1	XP_047290432.1	1.85e-135	424	61.493	335	33	terminal nucleotidyltransferase 4B isoform X4 [Homo sapiens]
XP_001977427.1	XP_047290431.1	5.46e-135	424	61.493	335	33	terminal nucleotidyltransferase 4B isoform X3 [Homo sapiens]
XP_001977427.1	NP_001352253.1	6.55e-135	425	61.493	335	33	terminal nucleotidyltransferase 4B isoform d [Homo sapiens]
XP_001977427.1	XP_047290433.1	9.14e-131	406	62.658	316	31	terminal nucleotidyltransferase 4B isoform X6 [Homo sapiens]
XP_001977427.1	XP_011521580.1	1.19e-130	407	62.658	316	31	terminal nucleotidyltransferase 4B isoform X5 [Homo sapiens]
XP_001979140.1	XP_047279823.1	3.19e-21	101	30.464	302	51	terminal uridylyltransferase 7 isoform X2 [Homo sapiens]
XP_001979140.1	XP_006717346.1	3.19e-21	101	30.464	302	51	terminal uridylyltransferase 7 isoform X2 [Homo sapiens]
XP_001979140.1	XP_005252265.1	3.72e-21	100	30.464	302	51	terminal uridylyltransferase 7 isoform X7 [Homo sapiens]
XP_001979140.1	XP_011517316.1	3.77e-21	100	30.464	302	51	terminal uridylyltransferase 7 isoform X1 [Homo sapiens]
XP_001979140.1	XP_011517315.1	3.77e-21	100	30.464	302	51	terminal uridylyltransferase 7 isoform X1 [Homo sapiens]
XP_001979140.1	XP_011517314.1	3.77e-21	100	30.464	302	51	terminal uridylyltransferase 7 isoform X1 [Homo sapiens]
XP_001979140.1	XP_011517313.1	3.77e-21	100	30.464	302	51	terminal uridylyltransferase 7 isoform X1 [Homo sapiens]
XP_001979140.1	XP_016870620.1	3.79e-21	100	30.464	302	51	terminal uridylyltransferase 7 isoform X4 [Homo sapiens]
XP_001979140.1	XP_016870619.1	3.79e-21	100	30.464	302	51	terminal uridylyltransferase 7 isoform X4 [Homo sapiens]
XP_001979140.1	NP_078893.2	3.79e-21	100	30.464	302	51	terminal uridylyltransferase 7 isoform 1 [Homo sapiens]
XP_001981903.1	XP_047290433.1	1.08e-83	266	43.807	331	80	terminal nucleotidyltransferase 4B isoform X6 [Homo sapiens]
XP_001981903.1	XP_011521580.1	5.30e-83	265	45.223	314	77	terminal nucleotidyltransferase 4B isoform X5 [Homo sapiens]
XP_001981903.1	XP_047290432.1	2.04e-82	267	42.693	349	85	terminal nucleotidyltransferase 4B isoform X4 [Homo sapiens]
XP_001981903.1	NP_001165276.2	2.68e-82	270	41.808	354	86	terminal nucleotidyltransferase 4A isoform 2 [Homo sapiens]
XP_001981903.1	NP_008930.2	2.90e-82	270	41.808	354	86	terminal nucleotidyltransferase 4A isoform 1 [Homo sapiens]
XP_001981903.1	NP_001035375.2	3.10e-82	266	42.693	349	85	terminal nucleotidyltransferase 4B isoform b [Homo sapiens]
XP_001981903.1	XP_011521578.1	3.17e-82	266	42.693	349	85	terminal nucleotidyltransferase 4B isoform X2 [Homo sapiens]
XP_001981903.1	XP_047290431.1	6.07e-82	266	42.693	349	85	terminal nucleotidyltransferase 4B isoform X3 [Homo sapiens]
XP_001981903.1	NP_001035374.2	7.45e-82	266	43.976	332	81	terminal nucleotidyltransferase 4B isoform a [Homo sapiens]
XP_001981903.1	XP_011521577.1	7.61e-82	266	43.976	332	81	terminal nucleotidyltransferase 4B isoform X1 [Homo sapiens]
XP_001982316.1	NP_001375065.1	3.63e-60	213	41.497	294	21	poly(A) RNA polymerase GLD2 isoform 14 [Homo sapiens]
XP_001982316.1	XP_047272811.1	5.77e-58	211	41.497	294	21	poly(A) RNA polymerase GLD2 isoform X4 [Homo sapiens]
XP_001982316.1	XP_047272810.1	5.77e-58	211	41.497	294	21	poly(A) RNA polymerase GLD2 isoform X4 [Homo sapiens]
XP_001982316.1	XP_047272809.1	5.77e-58	211	41.497	294	21	poly(A) RNA polymerase GLD2 isoform X4 [Homo sapiens]
XP_001982316.1	NP_001375058.1	5.77e-58	211	41.497	294	21	poly(A) RNA polymerase GLD2 isoform 2 [Homo sapiens]
XP_001982316.1	NP_001375057.1	5.77e-58	211	41.497	294	21	poly(A) RNA polymerase GLD2 isoform 2 [Homo sapiens]
XP_001982316.1	NP_001375056.1	5.77e-58	211	41.497	294	21	poly(A) RNA polymerase GLD2 isoform 2 [Homo sapiens]
XP_001982316.1	NP_001375055.1	5.77e-58	211	41.497	294	21	poly(A) RNA polymerase GLD2 isoform 2 [Homo sapiens]
XP_001982316.1	NP_001375054.1	5.77e-58	211	41.497	294	21	poly(A) RNA polymerase GLD2 isoform 2 [Homo sapiens]
XP_001982316.1	NP_001375053.1	5.77e-58	211	41.497	294	21	poly(A) RNA polymerase GLD2 isoform 2 [Homo sapiens]
XP_001982492.1	NP_060579.3	2.64e-78	261	32.587	491	79	poly(A) RNA polymerase, mitochondrial precursor [Homo sapiens]
XP_001982492.1	NP_073741.3	1.34e-31	133	35.156	256	40	speckle targeted PIP5K1A-regulated poly(A) polymerase isoform 1 [Homo sapiens]
XP_001982492.1	NP_001375065.1	9.30e-27	114	26.087	299	49	poly(A) RNA polymerase GLD2 isoform 14 [Homo sapiens]
XP_001982492.1	XP_047272805.1	3.65e-26	115	26.384	307	49	poly(A) RNA polymerase GLD2 isoform X2 [Homo sapiens]
XP_001982492.1	XP_047272804.1	3.65e-26	115	26.384	307	49	poly(A) RNA polymerase GLD2 isoform X2 [Homo sapiens]
XP_001982492.1	XP_047272803.1	3.65e-26	115	26.384	307	49	poly(A) RNA polymerase GLD2 isoform X2 [Homo sapiens]
XP_001982492.1	XP_047272802.1	3.65e-26	115	26.384	307	49	poly(A) RNA polymerase GLD2 isoform X2 [Homo sapiens]
XP_001982492.1	XP_016864641.1	3.65e-26	115	26.384	307	49	poly(A) RNA polymerase GLD2 isoform X2 [Homo sapiens]
XP_001982492.1	NP_001375026.1	3.65e-26	115	26.384	307	49	poly(A) RNA polymerase GLD2 isoform 6 [Homo sapiens]
XP_001982492.1	NP_001375025.1	3.65e-26	115	26.384	307	49	poly(A) RNA polymerase GLD2 isoform 6 [Homo sapiens]
XP_001984355.1	XP_047272344.1	1.06e-19	97.1	26.370	292	42	terminal uridylyltransferase 4 isoform X30 [Homo sapiens]
XP_001984355.1	XP_047272296.1	1.09e-19	97.1	26.370	292	42	terminal uridylyltransferase 4 isoform X13 [Homo sapiens]
XP_001984355.1	XP_047272295.1	1.09e-19	97.1	26.370	292	42	terminal uridylyltransferase 4 isoform X12 [Homo sapiens]
XP_001984355.1	XP_047272286.1	1.13e-19	97.1	26.370	292	42	terminal uridylyltransferase 4 isoform X8 [Homo sapiens]
XP_001984355.1	XP_047272290.1	1.19e-19	97.1	26.370	292	42	terminal uridylyltransferase 4 isoform X11 [Homo sapiens]
XP_001984355.1	XP_047272372.1	1.19e-19	97.1	26.370	292	42	terminal uridylyltransferase 4 isoform X42 [Homo sapiens]
XP_001984355.1	XP_047272305.1	1.21e-19	97.1	26.370	292	42	terminal uridylyltransferase 4 isoform X17 [Homo sapiens]
XP_001984355.1	XP_047272350.1	1.27e-19	96.7	26.370	292	42	terminal uridylyltransferase 4 isoform X34 [Homo sapiens]
XP_001984355.1	XP_011539399.1	8.51e-19	94.4	26.316	285	41	terminal uridylyltransferase 4 isoform X1 [Homo sapiens]
XP_001984355.1	XP_005270733.1	8.51e-19	94.4	26.316	285	41	terminal uridylyltransferase 4 isoform X1 [Homo sapiens]
XP_001991738.1	NP_060579.3	2.62e-89	290	34.538	498	82	poly(A) RNA polymerase, mitochondrial precursor [Homo sapiens]
XP_001991738.1	NP_073741.3	5.02e-34	140	34.328	268	42	speckle targeted PIP5K1A-regulated poly(A) polymerase isoform 1 [Homo sapiens]
XP_001991738.1	NP_001375065.1	1.94e-29	122	27.090	299	49	poly(A) RNA polymerase GLD2 isoform 14 [Homo sapiens]
XP_001991738.1	NP_001375061.1	7.68e-29	122	27.090	299	49	poly(A) RNA polymerase GLD2 isoform 12 [Homo sapiens]
XP_001991738.1	XP_047272801.1	9.33e-29	122	27.451	306	49	poly(A) RNA polymerase GLD2 isoform X1 [Homo sapiens]
XP_001991738.1	XP_047272800.1	9.33e-29	122	27.451	306	49	poly(A) RNA polymerase GLD2 isoform X1 [Homo sapiens]
XP_001991738.1	XP_011541527.1	9.33e-29	122	27.451	306	49	poly(A) RNA polymerase GLD2 isoform X1 [Homo sapiens]
XP_001991738.1	XP_011541526.1	9.33e-29	122	27.451	306	49	poly(A) RNA polymerase GLD2 isoform X1 [Homo sapiens]
XP_001991738.1	XP_011541523.1	9.33e-29	122	27.451	306	49	poly(A) RNA polymerase GLD2 isoform X1 [Homo sapiens]
XP_001991738.1	XP_011541522.1	9.33e-29	122	27.451	306	49	poly(A) RNA polymerase GLD2 isoform X1 [Homo sapiens]
XP_001993762.1	NP_001165276.2	4.35e-79	259	44.277	332	94	terminal nucleotidyltransferase 4A isoform 2 [Homo sapiens]
XP_001993762.1	NP_008930.2	4.76e-79	259	44.277	332	94	terminal nucleotidyltransferase 4A isoform 1 [Homo sapiens]
XP_001993762.1	XP_047290432.1	7.85e-79	255	43.202	331	94	terminal nucleotidyltransferase 4B isoform X4 [Homo sapiens]
XP_001993762.1	NP_001035375.2	8.01e-79	255	43.202	331	94	terminal nucleotidyltransferase 4B isoform b [Homo sapiens]
XP_001993762.1	XP_011521578.1	8.18e-79	255	43.202	331	94	terminal nucleotidyltransferase 4B isoform X2 [Homo sapiens]
XP_001993762.1	XP_047290431.1	1.41e-78	255	43.202	331	94	terminal nucleotidyltransferase 4B isoform X3 [Homo sapiens]
XP_001993762.1	NP_001352252.1	2.11e-78	255	43.202	331	94	terminal nucleotidyltransferase 4B isoform c [Homo sapiens]
XP_001993762.1	NP_001035374.2	2.27e-78	255	43.202	331	94	terminal nucleotidyltransferase 4B isoform a [Homo sapiens]
XP_001993762.1	XP_011521577.1	2.32e-78	255	43.202	331	94	terminal nucleotidyltransferase 4B isoform X1 [Homo sapiens]
XP_001993762.1	NP_001352253.1	4.47e-78	254	43.202	331	94	terminal nucleotidyltransferase 4B isoform d [Homo sapiens]
XP_002002499.1	NP_001035375.2	2.09e-101	314	49.401	334	94	terminal nucleotidyltransferase 4B isoform b [Homo sapiens]
XP_002002499.1	XP_011521578.1	2.15e-101	314	49.401	334	94	terminal nucleotidyltransferase 4B isoform X2 [Homo sapiens]
XP_002002499.1	XP_047290432.1	2.47e-101	314	49.401	334	94	terminal nucleotidyltransferase 4B isoform X4 [Homo sapiens]
XP_002002499.1	XP_047290431.1	5.60e-101	313	49.401	334	94	terminal nucleotidyltransferase 4B isoform X3 [Homo sapiens]
XP_002002499.1	NP_001035374.2	7.60e-101	314	49.401	334	94	terminal nucleotidyltransferase 4B isoform a [Homo sapiens]
XP_002002499.1	NP_001352252.1	7.75e-101	314	49.401	334	94	terminal nucleotidyltransferase 4B isoform c [Homo sapiens]
XP_002002499.1	XP_011521577.1	7.78e-101	314	49.401	334	94	terminal nucleotidyltransferase 4B isoform X1 [Homo sapiens]
XP_002002499.1	NP_001352253.1	1.89e-100	313	49.401	334	94	terminal nucleotidyltransferase 4B isoform d [Homo sapiens]
XP_002002499.1	XP_047290433.1	1.79e-96	296	49.841	315	89	terminal nucleotidyltransferase 4B isoform X6 [Homo sapiens]
XP_002002499.1	NP_008930.2	2.18e-96	305	49.701	334	93	terminal nucleotidyltransferase 4A isoform 1 [Homo sapiens]
XP_002009921.1	NP_060579.3	9.67e-89	288	34.653	505	81	poly(A) RNA polymerase, mitochondrial precursor [Homo sapiens]
XP_002009921.1	NP_073741.3	1.33e-31	133	33.721	258	40	speckle targeted PIP5K1A-regulated poly(A) polymerase isoform 1 [Homo sapiens]
XP_002009921.1	XP_047272801.1	3.81e-25	112	25.253	297	47	poly(A) RNA polymerase GLD2 isoform X1 [Homo sapiens]
XP_002009921.1	XP_047272800.1	3.81e-25	112	25.253	297	47	poly(A) RNA polymerase GLD2 isoform X1 [Homo sapiens]
XP_002009921.1	XP_011541527.1	3.81e-25	112	25.253	297	47	poly(A) RNA polymerase GLD2 isoform X1 [Homo sapiens]
XP_002009921.1	XP_011541526.1	3.81e-25	112	25.253	297	47	poly(A) RNA polymerase GLD2 isoform X1 [Homo sapiens]
XP_002009921.1	XP_011541523.1	3.81e-25	112	25.253	297	47	poly(A) RNA polymerase GLD2 isoform X1 [Homo sapiens]
XP_002009921.1	XP_011541522.1	3.81e-25	112	25.253	297	47	poly(A) RNA polymerase GLD2 isoform X1 [Homo sapiens]
XP_002009921.1	NP_001375023.1	3.81e-25	112	25.253	297	47	poly(A) RNA polymerase GLD2 isoform 5 [Homo sapiens]
XP_002009921.1	NP_001375022.1	3.81e-25	112	25.253	297	47	poly(A) RNA polymerase GLD2 isoform 5 [Homo sapiens]
XP_002013919.1	NP_001165276.2	8.24e-79	260	40.379	369	91	terminal nucleotidyltransferase 4A isoform 2 [Homo sapiens]
XP_002013919.1	NP_008930.2	8.73e-79	260	40.379	369	91	terminal nucleotidyltransferase 4A isoform 1 [Homo sapiens]
XP_002013919.1	XP_047290433.1	2.60e-78	251	43.312	314	78	terminal nucleotidyltransferase 4B isoform X6 [Homo sapiens]
XP_002013919.1	XP_011521580.1	6.39e-78	252	43.312	314	78	terminal nucleotidyltransferase 4B isoform X5 [Homo sapiens]
XP_002013919.1	NP_001035375.2	2.49e-77	253	42.470	332	82	terminal nucleotidyltransferase 4B isoform b [Homo sapiens]
XP_002013919.1	XP_047290432.1	2.49e-77	253	41.127	355	88	terminal nucleotidyltransferase 4B isoform X4 [Homo sapiens]
XP_002013919.1	XP_011521578.1	2.54e-77	253	42.470	332	82	terminal nucleotidyltransferase 4B isoform X2 [Homo sapiens]
XP_002013919.1	NP_001035374.2	5.07e-77	254	42.470	332	82	terminal nucleotidyltransferase 4B isoform a [Homo sapiens]
XP_002013919.1	XP_011521577.1	5.17e-77	254	42.470	332	82	terminal nucleotidyltransferase 4B isoform X1 [Homo sapiens]
XP_002013919.1	NP_001352252.1	5.44e-77	253	42.470	332	82	terminal nucleotidyltransferase 4B isoform c [Homo sapiens]
XP_002019938.1	XP_005252265.1	2.49e-16	85.5	29.032	310	55	terminal uridylyltransferase 7 isoform X7 [Homo sapiens]
XP_002019938.1	XP_011517317.1	2.73e-16	85.1	29.032	310	55	terminal uridylyltransferase 7 isoform X3 [Homo sapiens]
XP_002019938.1	NP_001317647.1	2.78e-16	84.7	29.221	308	54	terminal uridylyltransferase 7 isoform 3 [Homo sapiens]
XP_002019938.1	XP_047279825.1	2.98e-16	85.1	29.221	308	54	terminal uridylyltransferase 7 isoform X6 [Homo sapiens]
XP_002019938.1	XP_047279824.1	2.98e-16	85.1	29.221	308	54	terminal uridylyltransferase 7 isoform X6 [Homo sapiens]
XP_002019938.1	XP_005252264.1	2.98e-16	85.1	29.221	308	54	terminal uridylyltransferase 7 isoform X6 [Homo sapiens]
XP_002019938.1	XP_016870620.1	3.04e-16	85.1	29.221	308	54	terminal uridylyltransferase 7 isoform X4 [Homo sapiens]
XP_002019938.1	XP_016870619.1	3.04e-16	85.1	29.221	308	54	terminal uridylyltransferase 7 isoform X4 [Homo sapiens]
XP_002019938.1	NP_078893.2	3.04e-16	85.1	29.221	308	54	terminal uridylyltransferase 7 isoform 1 [Homo sapiens]
XP_002019938.1	NP_001171988.1	3.04e-16	85.1	29.221	308	54	terminal uridylyltransferase 7 isoform 1 [Homo sapiens]
XP_002021959.1	NP_060579.3	7.33e-86	281	34.990	503	79	poly(A) RNA polymerase, mitochondrial precursor [Homo sapiens]
XP_002021959.1	NP_073741.3	3.12e-32	135	35.798	257	39	speckle targeted PIP5K1A-regulated poly(A) polymerase isoform 1 [Homo sapiens]
XP_002021959.1	NP_001375065.1	4.52e-25	109	25.510	294	47	poly(A) RNA polymerase GLD2 isoform 14 [Homo sapiens]
XP_002021959.1	XP_047272805.1	6.02e-25	111	25.581	301	47	poly(A) RNA polymerase GLD2 isoform X2 [Homo sapiens]
XP_002021959.1	XP_047272804.1	6.02e-25	111	25.581	301	47	poly(A) RNA polymerase GLD2 isoform X2 [Homo sapiens]
XP_002021959.1	XP_047272803.1	6.02e-25	111	25.581	301	47	poly(A) RNA polymerase GLD2 isoform X2 [Homo sapiens]
XP_002021959.1	XP_047272802.1	6.02e-25	111	25.581	301	47	poly(A) RNA polymerase GLD2 isoform X2 [Homo sapiens]
XP_002021959.1	XP_016864641.1	6.02e-25	111	25.581	301	47	poly(A) RNA polymerase GLD2 isoform X2 [Homo sapiens]
XP_002021959.1	NP_001375026.1	6.02e-25	111	25.581	301	47	poly(A) RNA polymerase GLD2 isoform 6 [Homo sapiens]
XP_002021959.1	NP_001375025.1	6.02e-25	111	25.581	301	47	poly(A) RNA polymerase GLD2 isoform 6 [Homo sapiens]
XP_002029718.1	XP_005270735.1	1.39e-14	80.5	26.552	290	41	terminal uridylyltransferase 4 isoform X2 [Homo sapiens]
XP_002029718.1	XP_011539399.1	1.41e-14	80.5	26.552	290	41	terminal uridylyltransferase 4 isoform X1 [Homo sapiens]
XP_002029718.1	XP_005270733.1	1.41e-14	80.5	26.552	290	41	terminal uridylyltransferase 4 isoform X1 [Homo sapiens]
XP_002029718.1	XP_047272384.1	1.48e-14	80.1	24.682	393	56	terminal uridylyltransferase 4 isoform X46 [Homo sapiens]
XP_002029718.1	XP_047272280.1	1.48e-14	80.5	26.552	290	41	terminal uridylyltransferase 4 isoform X3 [Homo sapiens]
XP_002029718.1	XP_005270736.1	1.48e-14	80.5	26.552	290	41	terminal uridylyltransferase 4 isoform X3 [Homo sapiens]
XP_002029718.1	XP_047272282.1	1.65e-14	80.1	26.552	290	41	terminal uridylyltransferase 4 isoform X5 [Homo sapiens]
XP_002029718.1	NP_056084.1	1.65e-14	80.1	26.552	290	41	terminal uridylyltransferase 4 isoform b [Homo sapiens]
XP_002029718.1	XP_016856296.1	1.68e-14	80.1	26.552	290	41	terminal uridylyltransferase 4 isoform X28 [Homo sapiens]
XP_002029718.1	XP_047272281.1	1.70e-14	80.1	26.552	290	41	terminal uridylyltransferase 4 isoform X4 [Homo sapiens]
XP_002032160.1	NP_001375065.1	1.50e-62	220	40.413	339	24	poly(A) RNA polymerase GLD2 isoform 14 [Homo sapiens]
XP_002032160.1	NP_001375059.1	8.91e-61	219	40.413	339	24	poly(A) RNA polymerase GLD2 isoform 10 [Homo sapiens]
XP_002032160.1	XP_047272811.1	9.67e-61	219	40.413	339	24	poly(A) RNA polymerase GLD2 isoform X4 [Homo sapiens]
XP_002032160.1	XP_047272810.1	9.67e-61	219	40.413	339	24	poly(A) RNA polymerase GLD2 isoform X4 [Homo sapiens]
XP_002032160.1	XP_047272809.1	9.67e-61	219	40.413	339	24	poly(A) RNA polymerase GLD2 isoform X4 [Homo sapiens]
XP_002032160.1	NP_001375058.1	9.67e-61	219	40.413	339	24	poly(A) RNA polymerase GLD2 isoform 2 [Homo sapiens]
XP_002032160.1	NP_001375057.1	9.67e-61	219	40.413	339	24	poly(A) RNA polymerase GLD2 isoform 2 [Homo sapiens]
XP_002032160.1	NP_001375056.1	9.67e-61	219	40.413	339	24	poly(A) RNA polymerase GLD2 isoform 2 [Homo sapiens]
XP_002032160.1	NP_001375055.1	9.67e-61	219	40.413	339	24	poly(A) RNA polymerase GLD2 isoform 2 [Homo sapiens]
XP_002032160.1	NP_001375054.1	9.67e-61	219	40.413	339	24	poly(A) RNA polymerase GLD2 isoform 2 [Homo sapiens]
XP_002038641.1	XP_005252265.1	1.48e-16	86.3	27.974	311	53	terminal uridylyltransferase 7 isoform X7 [Homo sapiens]
XP_002038641.1	XP_047279823.1	1.52e-16	86.3	27.974	311	53	terminal uridylyltransferase 7 isoform X2 [Homo sapiens]
XP_002038641.1	XP_006717346.1	1.52e-16	86.3	27.974	311	53	terminal uridylyltransferase 7 isoform X2 [Homo sapiens]
XP_002038641.1	XP_047279825.1	1.57e-16	86.3	27.974	311	53	terminal uridylyltransferase 7 isoform X6 [Homo sapiens]
XP_002038641.1	XP_047279824.1	1.57e-16	86.3	27.974	311	53	terminal uridylyltransferase 7 isoform X6 [Homo sapiens]
XP_002038641.1	XP_005252264.1	1.57e-16	86.3	27.974	311	53	terminal uridylyltransferase 7 isoform X6 [Homo sapiens]
XP_002038641.1	XP_016870620.1	1.57e-16	86.3	27.974	311	53	terminal uridylyltransferase 7 isoform X4 [Homo sapiens]
XP_002038641.1	XP_016870619.1	1.57e-16	86.3	27.974	311	53	terminal uridylyltransferase 7 isoform X4 [Homo sapiens]
XP_002038641.1	NP_078893.2	1.57e-16	86.3	27.974	311	53	terminal uridylyltransferase 7 isoform 1 [Homo sapiens]
XP_002038641.1	NP_001171988.1	1.57e-16	86.3	27.974	311	53	terminal uridylyltransferase 7 isoform 1 [Homo sapiens]
XP_002040334.1	NP_060579.3	2.05e-45	163	42.647	204	70	poly(A) RNA polymerase, mitochondrial precursor [Homo sapiens]
XP_002040334.1	NP_073741.3	1.69e-23	102	37.158	183	60	speckle targeted PIP5K1A-regulated poly(A) polymerase isoform 1 [Homo sapiens]
XP_002040334.1	XP_047272820.1	4.77e-14	72.8	30.370	135	47	poly(A) RNA polymerase GLD2 isoform X11 [Homo sapiens]
XP_002040334.1	NP_001336477.1	6.84e-14	72.4	30.370	135	47	poly(A) RNA polymerase GLD2 isoform 4 [Homo sapiens]
XP_002040334.1	NP_001375066.1	1.52e-13	71.6	30.370	135	47	poly(A) RNA polymerase GLD2 isoform 15 [Homo sapiens]
XP_002040334.1	NP_001375065.1	2.72e-13	71.6	30.370	135	47	poly(A) RNA polymerase GLD2 isoform 14 [Homo sapiens]
XP_002040334.1	NP_001375059.1	3.90e-13	71.6	30.370	135	47	poly(A) RNA polymerase GLD2 isoform 10 [Homo sapiens]
XP_002040334.1	XP_047272811.1	3.90e-13	71.6	30.370	135	47	poly(A) RNA polymerase GLD2 isoform X4 [Homo sapiens]
XP_002040334.1	XP_047272810.1	3.90e-13	71.6	30.370	135	47	poly(A) RNA polymerase GLD2 isoform X4 [Homo sapiens]
XP_002040334.1	XP_047272809.1	3.90e-13	71.6	30.370	135	47	poly(A) RNA polymerase GLD2 isoform X4 [Homo sapiens]
XP_002044042.1	NP_001035375.2	2.60e-137	429	61.791	335	33	terminal nucleotidyltransferase 4B isoform b [Homo sapiens]
XP_002044042.1	XP_011521578.1	2.68e-137	429	61.791	335	33	terminal nucleotidyltransferase 4B isoform X2 [Homo sapiens]
XP_002044042.1	NP_001035374.2	5.28e-137	430	61.791	335	33	terminal nucleotidyltransferase 4B isoform a [Homo sapiens]
XP_002044042.1	XP_011521577.1	5.44e-137	430	61.791	335	33	terminal nucleotidyltransferase 4B isoform X1 [Homo sapiens]
XP_002044042.1	NP_008930.2	1.72e-136	431	56.806	382	37	terminal nucleotidyltransferase 4A isoform 1 [Homo sapiens]
XP_002044042.1	NP_001165276.2	1.88e-136	431	56.806	382	37	terminal nucleotidyltransferase 4A isoform 2 [Homo sapiens]
XP_002044042.1	XP_047290433.1	5.65e-132	409	62.975	316	31	terminal nucleotidyltransferase 4B isoform X6 [Homo sapiens]
XP_002044042.1	XP_011521580.1	6.58e-132	410	62.975	316	31	terminal nucleotidyltransferase 4B isoform X5 [Homo sapiens]
XP_002044042.1	XP_047272622.1	8.67e-128	400	63.667	300	30	terminal nucleotidyltransferase 4A isoform X1 [Homo sapiens]
XP_002044042.1	XP_047272621.1	8.67e-128	400	63.667	300	30	terminal nucleotidyltransferase 4A isoform X1 [Homo sapiens]
XP_002044502.2	XP_047272808.1	2.77e-60	218	38.684	380	27	poly(A) RNA polymerase GLD2 isoform X3 [Homo sapiens]
XP_002044502.2	XP_047272807.1	2.77e-60	218	38.684	380	27	poly(A) RNA polymerase GLD2 isoform X3 [Homo sapiens]
XP_002044502.2	XP_047272806.1	2.77e-60	218	38.684	380	27	poly(A) RNA polymerase GLD2 isoform X3 [Homo sapiens]
XP_002044502.2	NP_776158.2	2.77e-60	218	38.684	380	27	poly(A) RNA polymerase GLD2 isoform 1 [Homo sapiens]
XP_002044502.2	NP_001375041.1	2.77e-60	218	38.684	380	27	poly(A) RNA polymerase GLD2 isoform 1 [Homo sapiens]
XP_002044502.2	NP_001375040.1	2.77e-60	218	38.684	380	27	poly(A) RNA polymerase GLD2 isoform 1 [Homo sapiens]
XP_002044502.2	NP_001375039.1	2.77e-60	218	38.684	380	27	poly(A) RNA polymerase GLD2 isoform 1 [Homo sapiens]
XP_002044502.2	NP_001375038.1	2.77e-60	218	38.684	380	27	poly(A) RNA polymerase GLD2 isoform 1 [Homo sapiens]
XP_002044502.2	NP_001375037.1	2.77e-60	218	38.684	380	27	poly(A) RNA polymerase GLD2 isoform 1 [Homo sapiens]
XP_002044502.2	NP_001375036.1	2.77e-60	218	38.684	380	27	poly(A) RNA polymerase GLD2 isoform 1 [Homo sapiens]
XP_002054239.1	XP_047290432.1	1.41e-86	277	44.817	328	81	terminal nucleotidyltransferase 4B isoform X4 [Homo sapiens]
XP_002054239.1	NP_001035375.2	1.61e-86	277	44.817	328	81	terminal nucleotidyltransferase 4B isoform b [Homo sapiens]
XP_002054239.1	XP_011521578.1	1.65e-86	277	44.817	328	81	terminal nucleotidyltransferase 4B isoform X2 [Homo sapiens]
XP_002054239.1	NP_001352252.1	3.44e-86	278	44.817	328	81	terminal nucleotidyltransferase 4B isoform c [Homo sapiens]
XP_002054239.1	XP_047290431.1	3.53e-86	277	44.817	328	81	terminal nucleotidyltransferase 4B isoform X3 [Homo sapiens]
XP_002054239.1	NP_001035374.2	5.04e-86	277	44.817	328	81	terminal nucleotidyltransferase 4B isoform a [Homo sapiens]
XP_002054239.1	XP_011521577.1	5.15e-86	277	44.817	328	81	terminal nucleotidyltransferase 4B isoform X1 [Homo sapiens]
XP_002054239.1	NP_001352253.1	9.80e-86	277	44.817	328	81	terminal nucleotidyltransferase 4B isoform d [Homo sapiens]
XP_002054239.1	XP_047290433.1	2.17e-85	270	44.620	316	78	terminal nucleotidyltransferase 4B isoform X6 [Homo sapiens]
XP_002054239.1	XP_011521580.1	9.92e-85	269	44.620	316	78	terminal nucleotidyltransferase 4B isoform X5 [Homo sapiens]
XP_002054643.1	XP_005270739.1	2.76e-17	88.6	25.249	301	50	terminal uridylyltransferase 4 isoform X33 [Homo sapiens]
XP_002054643.1	XP_016856297.1	2.83e-17	88.6	25.249	301	50	terminal uridylyltransferase 4 isoform X36 [Homo sapiens]
XP_002054643.1	XP_016856293.1	2.89e-17	88.6	25.249	301	50	terminal uridylyltransferase 4 isoform X16 [Homo sapiens]
XP_002054643.1	XP_016856299.1	2.97e-17	88.6	25.249	301	50	terminal uridylyltransferase 4 isoform X40 [Homo sapiens]
XP_002054643.1	XP_047272345.1	3.04e-17	88.6	25.249	301	50	terminal uridylyltransferase 4 isoform X31 [Homo sapiens]
XP_002054643.1	XP_016856292.1	3.05e-17	88.6	25.249	301	50	terminal uridylyltransferase 4 isoform X9 [Homo sapiens]
XP_002054643.1	XP_047272288.1	3.07e-17	88.6	25.249	301	50	terminal uridylyltransferase 4 isoform X10 [Homo sapiens]
XP_002054643.1	XP_047272283.1	3.19e-17	88.6	25.249	301	50	terminal uridylyltransferase 4 isoform X6 [Homo sapiens]
XP_002054643.1	XP_005270737.1	3.19e-17	88.6	25.249	301	50	terminal uridylyltransferase 4 isoform X6 [Homo sapiens]
XP_002054643.1	XP_047272285.1	3.21e-17	88.6	25.249	301	50	terminal uridylyltransferase 4 isoform X7 [Homo sapiens]
XP_002055171.1	NP_060579.3	7.06e-90	291	34.325	504	82	poly(A) RNA polymerase, mitochondrial precursor [Homo sapiens]
XP_002055171.1	NP_073741.3	2.40e-32	135	34.109	258	40	speckle targeted PIP5K1A-regulated poly(A) polymerase isoform 1 [Homo sapiens]
XP_002055171.1	XP_047272801.1	1.70e-27	119	26.471	306	48	poly(A) RNA polymerase GLD2 isoform X1 [Homo sapiens]
XP_002055171.1	XP_047272800.1	1.70e-27	119	26.471	306	48	poly(A) RNA polymerase GLD2 isoform X1 [Homo sapiens]
XP_002055171.1	XP_011541527.1	1.70e-27	119	26.471	306	48	poly(A) RNA polymerase GLD2 isoform X1 [Homo sapiens]
XP_002055171.1	XP_011541526.1	1.70e-27	119	26.471	306	48	poly(A) RNA polymerase GLD2 isoform X1 [Homo sapiens]
XP_002055171.1	XP_011541523.1	1.70e-27	119	26.471	306	48	poly(A) RNA polymerase GLD2 isoform X1 [Homo sapiens]
XP_002055171.1	XP_011541522.1	1.70e-27	119	26.471	306	48	poly(A) RNA polymerase GLD2 isoform X1 [Homo sapiens]
XP_002055171.1	NP_001375023.1	1.70e-27	119	26.471	306	48	poly(A) RNA polymerase GLD2 isoform 5 [Homo sapiens]
XP_002055171.1	NP_001375022.1	1.70e-27	119	26.471	306	48	poly(A) RNA polymerase GLD2 isoform 5 [Homo sapiens]
XP_002057837.1	NP_001035375.2	5.20e-117	357	52.632	342	81	terminal nucleotidyltransferase 4B isoform b [Homo sapiens]
XP_002057837.1	XP_011521578.1	5.35e-117	357	52.632	342	81	terminal nucleotidyltransferase 4B isoform X2 [Homo sapiens]
XP_002057837.1	XP_047290432.1	6.34e-117	357	53.293	334	79	terminal nucleotidyltransferase 4B isoform X4 [Homo sapiens]
XP_002057837.1	NP_001035374.2	1.49e-116	357	52.632	342	81	terminal nucleotidyltransferase 4B isoform a [Homo sapiens]
XP_002057837.1	XP_011521577.1	1.53e-116	357	52.632	342	81	terminal nucleotidyltransferase 4B isoform X1 [Homo sapiens]
XP_002057837.1	XP_047290431.1	1.57e-116	356	53.293	334	79	terminal nucleotidyltransferase 4B isoform X3 [Homo sapiens]
XP_002057837.1	NP_001352252.1	2.31e-116	357	53.293	334	79	terminal nucleotidyltransferase 4B isoform c [Homo sapiens]
XP_002057837.1	NP_001352253.1	7.00e-116	356	52.632	342	81	terminal nucleotidyltransferase 4B isoform d [Homo sapiens]
XP_002057837.1	XP_047290433.1	2.95e-111	337	53.968	315	75	terminal nucleotidyltransferase 4B isoform X6 [Homo sapiens]
XP_002057837.1	XP_011521580.1	1.16e-110	337	53.968	315	75	terminal nucleotidyltransferase 4B isoform X5 [Homo sapiens]
XP_002067337.2	NP_060579.3	2.67e-89	290	35.091	493	79	poly(A) RNA polymerase, mitochondrial precursor [Homo sapiens]
XP_002067337.2	NP_073741.3	3.87e-32	135	34.400	250	38	speckle targeted PIP5K1A-regulated poly(A) polymerase isoform 1 [Homo sapiens]
XP_002067337.2	NP_001375065.1	2.53e-28	119	27.243	301	48	poly(A) RNA polymerase GLD2 isoform 14 [Homo sapiens]
XP_002067337.2	NP_001375027.1	5.26e-28	120	27.922	308	48	poly(A) RNA polymerase GLD2 isoform 7 [Homo sapiens]
XP_002067337.2	XP_047272805.1	5.56e-28	120	27.922	308	48	poly(A) RNA polymerase GLD2 isoform X2 [Homo sapiens]
XP_002067337.2	XP_047272804.1	5.56e-28	120	27.922	308	48	poly(A) RNA polymerase GLD2 isoform X2 [Homo sapiens]
XP_002067337.2	XP_047272803.1	5.56e-28	120	27.922	308	48	poly(A) RNA polymerase GLD2 isoform X2 [Homo sapiens]
XP_002067337.2	XP_047272802.1	5.56e-28	120	27.922	308	48	poly(A) RNA polymerase GLD2 isoform X2 [Homo sapiens]
XP_002067337.2	XP_016864641.1	5.56e-28	120	27.922	308	48	poly(A) RNA polymerase GLD2 isoform X2 [Homo sapiens]
XP_002067337.2	NP_001375026.1	5.56e-28	120	27.922	308	48	poly(A) RNA polymerase GLD2 isoform 6 [Homo sapiens]
XP_002068933.3	XP_047272280.1	6.05e-16	84.3	27.018	285	46	terminal uridylyltransferase 4 isoform X3 [Homo sapiens]
XP_002068933.3	XP_005270736.1	6.05e-16	84.3	27.018	285	46	terminal uridylyltransferase 4 isoform X3 [Homo sapiens]
XP_002068933.3	XP_047272286.1	6.13e-16	84.3	27.018	285	46	terminal uridylyltransferase 4 isoform X8 [Homo sapiens]
XP_002068933.3	XP_047272285.1	6.18e-16	84.3	27.018	285	46	terminal uridylyltransferase 4 isoform X7 [Homo sapiens]
XP_002068933.3	XP_005270735.1	6.21e-16	84.3	27.018	285	46	terminal uridylyltransferase 4 isoform X2 [Homo sapiens]
XP_002068933.3	XP_016856297.1	6.36e-16	84.3	27.018	285	46	terminal uridylyltransferase 4 isoform X36 [Homo sapiens]
XP_002068933.3	XP_047272290.1	6.40e-16	84.3	27.018	285	46	terminal uridylyltransferase 4 isoform X11 [Homo sapiens]
XP_002068933.3	XP_047272283.1	6.53e-16	84.3	27.018	285	46	terminal uridylyltransferase 4 isoform X6 [Homo sapiens]
XP_002068933.3	XP_005270737.1	6.53e-16	84.3	27.018	285	46	terminal uridylyltransferase 4 isoform X6 [Homo sapiens]
XP_002068933.3	XP_005270739.1	6.54e-16	84.3	27.018	285	46	terminal uridylyltransferase 4 isoform X33 [Homo sapiens]
XP_002074206.2	XP_016870620.1	1.43e-15	83.2	29.139	302	50	terminal uridylyltransferase 7 isoform X4 [Homo sapiens]
XP_002074206.2	XP_016870619.1	1.43e-15	83.2	29.139	302	50	terminal uridylyltransferase 7 isoform X4 [Homo sapiens]
XP_002074206.2	NP_078893.2	1.43e-15	83.2	29.139	302	50	terminal uridylyltransferase 7 isoform 1 [Homo sapiens]
XP_002074206.2	NP_001171988.1	1.43e-15	83.2	29.139	302	50	terminal uridylyltransferase 7 isoform 1 [Homo sapiens]
XP_002074206.2	XP_047279825.1	1.47e-15	83.2	29.139	302	50	terminal uridylyltransferase 7 isoform X6 [Homo sapiens]
XP_002074206.2	XP_047279824.1	1.47e-15	83.2	29.139	302	50	terminal uridylyltransferase 7 isoform X6 [Homo sapiens]
XP_002074206.2	XP_005252264.1	1.47e-15	83.2	29.139	302	50	terminal uridylyltransferase 7 isoform X6 [Homo sapiens]
XP_002074206.2	NP_001317647.1	1.54e-15	82.8	29.139	302	50	terminal uridylyltransferase 7 isoform 3 [Homo sapiens]
XP_002074206.2	XP_047279823.1	1.60e-15	83.2	29.139	302	50	terminal uridylyltransferase 7 isoform X2 [Homo sapiens]
XP_002074206.2	XP_006717346.1	1.60e-15	83.2	29.139	302	50	terminal uridylyltransferase 7 isoform X2 [Homo sapiens]
XP_002093463.1	XP_047272384.1	1.44e-12	73.6	28.834	163	24	terminal uridylyltransferase 4 isoform X46 [Homo sapiens]
XP_002093463.1	XP_047272280.1	1.56e-12	73.9	28.477	151	22	terminal uridylyltransferase 4 isoform X3 [Homo sapiens]
XP_002093463.1	XP_005270736.1	1.56e-12	73.9	28.477	151	22	terminal uridylyltransferase 4 isoform X3 [Homo sapiens]
XP_002093463.1	XP_011539399.1	1.63e-12	73.9	28.477	151	22	terminal uridylyltransferase 4 isoform X1 [Homo sapiens]
XP_002093463.1	XP_005270733.1	1.63e-12	73.9	28.477	151	22	terminal uridylyltransferase 4 isoform X1 [Homo sapiens]
XP_002093463.1	XP_005270735.1	1.67e-12	73.9	28.477	151	22	terminal uridylyltransferase 4 isoform X2 [Homo sapiens]
XP_002093463.1	XP_016856292.1	1.68e-12	73.9	28.477	151	22	terminal uridylyltransferase 4 isoform X9 [Homo sapiens]
XP_002093463.1	XP_016856295.1	1.68e-12	73.6	28.834	163	24	terminal uridylyltransferase 4 isoform X25 [Homo sapiens]
XP_002093463.1	XP_047272282.1	1.70e-12	73.6	28.834	163	24	terminal uridylyltransferase 4 isoform X5 [Homo sapiens]
XP_002093463.1	NP_056084.1	1.70e-12	73.6	28.834	163	24	terminal uridylyltransferase 4 isoform b [Homo sapiens]
XP_002096708.2	XP_047279825.1	4.46e-20	97.4	29.206	315	52	terminal uridylyltransferase 7 isoform X6 [Homo sapiens]
XP_002096708.2	XP_047279824.1	4.46e-20	97.4	29.206	315	52	terminal uridylyltransferase 7 isoform X6 [Homo sapiens]
XP_002096708.2	XP_005252264.1	4.46e-20	97.4	29.206	315	52	terminal uridylyltransferase 7 isoform X6 [Homo sapiens]
XP_002096708.2	XP_016870620.1	4.80e-20	97.4	29.206	315	52	terminal uridylyltransferase 7 isoform X4 [Homo sapiens]
XP_002096708.2	XP_016870619.1	4.80e-20	97.4	29.206	315	52	terminal uridylyltransferase 7 isoform X4 [Homo sapiens]
XP_002096708.2	NP_078893.2	4.80e-20	97.4	29.206	315	52	terminal uridylyltransferase 7 isoform 1 [Homo sapiens]
XP_002096708.2	NP_001171988.1	4.80e-20	97.4	29.206	315	52	terminal uridylyltransferase 7 isoform 1 [Homo sapiens]
XP_002096708.2	XP_047279823.1	5.48e-20	97.1	29.206	315	52	terminal uridylyltransferase 7 isoform X2 [Homo sapiens]
XP_002096708.2	XP_006717346.1	5.48e-20	97.1	29.206	315	52	terminal uridylyltransferase 7 isoform X2 [Homo sapiens]
XP_002096708.2	XP_005252265.1	5.76e-20	97.1	29.206	315	52	terminal uridylyltransferase 7 isoform X7 [Homo sapiens]
XP_002098250.1	NP_001375065.1	2.13e-60	214	41.497	294	21	poly(A) RNA polymerase GLD2 isoform 14 [Homo sapiens]
XP_002098250.1	NP_001375059.1	3.62e-58	211	41.156	294	21	poly(A) RNA polymerase GLD2 isoform 10 [Homo sapiens]
XP_002098250.1	XP_047272811.1	4.00e-58	211	41.156	294	21	poly(A) RNA polymerase GLD2 isoform X4 [Homo sapiens]
XP_002098250.1	XP_047272810.1	4.00e-58	211	41.156	294	21	poly(A) RNA polymerase GLD2 isoform X4 [Homo sapiens]
XP_002098250.1	XP_047272809.1	4.00e-58	211	41.156	294	21	poly(A) RNA polymerase GLD2 isoform X4 [Homo sapiens]
XP_002098250.1	NP_001375058.1	4.00e-58	211	41.156	294	21	poly(A) RNA polymerase GLD2 isoform 2 [Homo sapiens]
XP_002098250.1	NP_001375057.1	4.00e-58	211	41.156	294	21	poly(A) RNA polymerase GLD2 isoform 2 [Homo sapiens]
XP_002098250.1	NP_001375056.1	4.00e-58	211	41.156	294	21	poly(A) RNA polymerase GLD2 isoform 2 [Homo sapiens]
XP_002098250.1	NP_001375055.1	4.00e-58	211	41.156	294	21	poly(A) RNA polymerase GLD2 isoform 2 [Homo sapiens]
XP_002098250.1	NP_001375054.1	4.00e-58	211	41.156	294	21	poly(A) RNA polymerase GLD2 isoform 2 [Homo sapiens]
XP_002099149.1	XP_047290433.1	9.61e-82	260	44.586	314	77	terminal nucleotidyltransferase 4B isoform X6 [Homo sapiens]
XP_002099149.1	XP_011521580.1	3.10e-81	261	44.586	314	77	terminal nucleotidyltransferase 4B isoform X5 [Homo sapiens]
XP_002099149.1	NP_001035375.2	1.84e-80	262	43.373	332	81	terminal nucleotidyltransferase 4B isoform b [Homo sapiens]
XP_002099149.1	XP_047290432.1	1.85e-80	262	43.373	332	81	terminal nucleotidyltransferase 4B isoform X4 [Homo sapiens]
XP_002099149.1	XP_011521578.1	1.88e-80	262	43.373	332	81	terminal nucleotidyltransferase 4B isoform X2 [Homo sapiens]
XP_002099149.1	XP_047290431.1	4.61e-80	261	43.373	332	81	terminal nucleotidyltransferase 4B isoform X3 [Homo sapiens]
XP_002099149.1	NP_001035374.2	5.08e-80	262	43.373	332	81	terminal nucleotidyltransferase 4B isoform a [Homo sapiens]
XP_002099149.1	XP_011521577.1	5.19e-80	262	43.373	332	81	terminal nucleotidyltransferase 4B isoform X1 [Homo sapiens]
XP_002099149.1	NP_001352252.1	5.56e-80	261	43.373	332	81	terminal nucleotidyltransferase 4B isoform c [Homo sapiens]
XP_002099149.1	NP_008930.2	6.47e-80	263	41.143	350	85	terminal nucleotidyltransferase 4A isoform 1 [Homo sapiens]
XP_002099778.1	NP_060579.3	4.82e-78	260	32.591	494	80	poly(A) RNA polymerase, mitochondrial precursor [Homo sapiens]
XP_002099778.1	NP_073741.3	5.81e-33	137	34.799	273	43	speckle targeted PIP5K1A-regulated poly(A) polymerase isoform 1 [Homo sapiens]
XP_002099778.1	NP_001375065.1	4.01e-26	112	26.087	299	49	poly(A) RNA polymerase GLD2 isoform 14 [Homo sapiens]
XP_002099778.1	NP_001375061.1	1.47e-25	112	26.087	299	49	poly(A) RNA polymerase GLD2 isoform 12 [Homo sapiens]
XP_002099778.1	NP_001375059.1	1.83e-25	112	26.087	299	49	poly(A) RNA polymerase GLD2 isoform 10 [Homo sapiens]
XP_002099778.1	XP_047272811.1	1.95e-25	112	26.087	299	49	poly(A) RNA polymerase GLD2 isoform X4 [Homo sapiens]
XP_002099778.1	XP_047272810.1	1.95e-25	112	26.087	299	49	poly(A) RNA polymerase GLD2 isoform X4 [Homo sapiens]
XP_002099778.1	XP_047272809.1	1.95e-25	112	26.087	299	49	poly(A) RNA polymerase GLD2 isoform X4 [Homo sapiens]
XP_002099778.1	NP_001375058.1	1.95e-25	112	26.087	299	49	poly(A) RNA polymerase GLD2 isoform 2 [Homo sapiens]
XP_002099778.1	NP_001375057.1	1.95e-25	112	26.087	299	49	poly(A) RNA polymerase GLD2 isoform 2 [Homo sapiens]
XP_002101128.1	NP_001035375.2	3.24e-137	429	61.791	335	33	terminal nucleotidyltransferase 4B isoform b [Homo sapiens]
XP_002101128.1	XP_011521578.1	3.33e-137	429	61.791	335	33	terminal nucleotidyltransferase 4B isoform X2 [Homo sapiens]
XP_002101128.1	XP_047290432.1	5.26e-137	428	61.791	335	33	terminal nucleotidyltransferase 4B isoform X4 [Homo sapiens]
XP_002101128.1	NP_001035374.2	5.27e-137	430	61.791	335	33	terminal nucleotidyltransferase 4B isoform a [Homo sapiens]
XP_002101128.1	XP_011521577.1	5.42e-137	430	61.791	335	33	terminal nucleotidyltransferase 4B isoform X1 [Homo sapiens]
XP_002101128.1	NP_001352252.1	6.19e-137	430	61.791	335	33	terminal nucleotidyltransferase 4B isoform c [Homo sapiens]
XP_002101128.1	XP_047290431.1	1.23e-136	428	61.791	335	33	terminal nucleotidyltransferase 4B isoform X3 [Homo sapiens]
XP_002101128.1	NP_001352253.1	1.67e-136	429	61.791	335	33	terminal nucleotidyltransferase 4B isoform d [Homo sapiens]
XP_002101128.1	XP_047290433.1	4.35e-132	409	62.975	316	31	terminal nucleotidyltransferase 4B isoform X6 [Homo sapiens]
XP_002101128.1	XP_011521580.1	6.47e-132	411	62.975	316	31	terminal nucleotidyltransferase 4B isoform X5 [Homo sapiens]
XP_002101355.3	NP_001375065.1	7.96e-60	212	38.933	375	26	poly(A) RNA polymerase GLD2 isoform 14 [Homo sapiens]
XP_002101355.3	NP_001375042.1	1.83e-59	215	38.624	378	26	poly(A) RNA polymerase GLD2 isoform 16 [Homo sapiens]
XP_002101355.3	XP_047272808.1	1.92e-59	215	38.624	378	26	poly(A) RNA polymerase GLD2 isoform X3 [Homo sapiens]
XP_002101355.3	XP_047272807.1	1.92e-59	215	38.624	378	26	poly(A) RNA polymerase GLD2 isoform X3 [Homo sapiens]
XP_002101355.3	XP_047272806.1	1.92e-59	215	38.624	378	26	poly(A) RNA polymerase GLD2 isoform X3 [Homo sapiens]
XP_002101355.3	NP_776158.2	1.92e-59	215	38.624	378	26	poly(A) RNA polymerase GLD2 isoform 1 [Homo sapiens]
XP_002101355.3	NP_001375041.1	1.92e-59	215	38.624	378	26	poly(A) RNA polymerase GLD2 isoform 1 [Homo sapiens]
XP_002101355.3	NP_001375040.1	1.92e-59	215	38.624	378	26	poly(A) RNA polymerase GLD2 isoform 1 [Homo sapiens]
XP_002101355.3	NP_001375039.1	1.92e-59	215	38.624	378	26	poly(A) RNA polymerase GLD2 isoform 1 [Homo sapiens]
XP_002101355.3	NP_001375038.1	1.92e-59	215	38.624	378	26	poly(A) RNA polymerase GLD2 isoform 1 [Homo sapiens]
XP_002110527.1	NP_001375065.1	2.82e-58	198	35.952	331	67	poly(A) RNA polymerase GLD2 isoform 14 [Homo sapiens]
XP_002110527.1	NP_001375061.1	2.59e-57	198	35.952	331	67	poly(A) RNA polymerase GLD2 isoform 12 [Homo sapiens]
XP_002110527.1	NP_001375059.1	3.45e-57	199	35.952	331	67	poly(A) RNA polymerase GLD2 isoform 10 [Homo sapiens]
XP_002110527.1	XP_047272811.1	3.64e-57	199	35.952	331	67	poly(A) RNA polymerase GLD2 isoform X4 [Homo sapiens]
XP_002110527.1	XP_047272810.1	3.64e-57	199	35.952	331	67	poly(A) RNA polymerase GLD2 isoform X4 [Homo sapiens]
XP_002110527.1	XP_047272809.1	3.64e-57	199	35.952	331	67	poly(A) RNA polymerase GLD2 isoform X4 [Homo sapiens]
XP_002110527.1	NP_001375058.1	3.64e-57	199	35.952	331	67	poly(A) RNA polymerase GLD2 isoform 2 [Homo sapiens]
XP_002110527.1	NP_001375057.1	3.64e-57	199	35.952	331	67	poly(A) RNA polymerase GLD2 isoform 2 [Homo sapiens]
XP_002110527.1	NP_001375056.1	3.64e-57	199	35.952	331	67	poly(A) RNA polymerase GLD2 isoform 2 [Homo sapiens]
XP_002110527.1	NP_001375055.1	3.64e-57	199	35.952	331	67	poly(A) RNA polymerase GLD2 isoform 2 [Homo sapiens]
XP_002110980.1	NP_060579.3	4.39e-39	155	23.762	505	60	poly(A) RNA polymerase, mitochondrial precursor [Homo sapiens]
XP_002110980.1	NP_073741.3	9.67e-33	139	31.660	259	31	speckle targeted PIP5K1A-regulated poly(A) polymerase isoform 1 [Homo sapiens]
XP_002110980.1	XP_047272290.1	8.09e-25	114	27.052	329	40	terminal uridylyltransferase 4 isoform X11 [Homo sapiens]
XP_002110980.1	XP_047272286.1	8.24e-25	114	27.052	329	40	terminal uridylyltransferase 4 isoform X8 [Homo sapiens]
XP_002110980.1	XP_047272296.1	9.04e-25	114	27.052	329	40	terminal uridylyltransferase 4 isoform X13 [Homo sapiens]
XP_002110980.1	XP_047272372.1	9.06e-25	114	27.052	329	40	terminal uridylyltransferase 4 isoform X42 [Homo sapiens]
XP_002110980.1	XP_047272295.1	9.12e-25	114	27.052	329	40	terminal uridylyltransferase 4 isoform X12 [Homo sapiens]
XP_002110980.1	XP_047272344.1	9.60e-25	114	27.052	329	40	terminal uridylyltransferase 4 isoform X30 [Homo sapiens]
XP_002110980.1	XP_047272305.1	1.01e-24	114	26.444	329	40	terminal uridylyltransferase 4 isoform X17 [Homo sapiens]
XP_002110980.1	XP_047272350.1	1.02e-24	114	27.052	329	40	terminal uridylyltransferase 4 isoform X34 [Homo sapiens]
XP_002112101.1	XP_047290433.1	7.71e-109	325	57.609	276	94	terminal nucleotidyltransferase 4B isoform X6 [Homo sapiens]
XP_002112101.1	XP_011521580.1	3.28e-108	325	57.609	276	94	terminal nucleotidyltransferase 4B isoform X5 [Homo sapiens]
XP_002112101.1	NP_001035375.2	5.28e-107	326	57.609	276	94	terminal nucleotidyltransferase 4B isoform b [Homo sapiens]
XP_002112101.1	XP_011521578.1	5.42e-107	326	57.609	276	94	terminal nucleotidyltransferase 4B isoform X2 [Homo sapiens]
XP_002112101.1	XP_047290432.1	9.54e-107	325	57.609	276	94	terminal nucleotidyltransferase 4B isoform X4 [Homo sapiens]
XP_002112101.1	XP_047290431.1	1.70e-106	325	57.609	276	94	terminal nucleotidyltransferase 4B isoform X3 [Homo sapiens]
XP_002112101.1	NP_001035374.2	2.73e-106	326	57.609	276	94	terminal nucleotidyltransferase 4B isoform a [Homo sapiens]
XP_002112101.1	XP_011521577.1	2.80e-106	326	57.609	276	94	terminal nucleotidyltransferase 4B isoform X1 [Homo sapiens]
XP_002112101.1	NP_001352252.1	3.75e-106	325	57.609	276	94	terminal nucleotidyltransferase 4B isoform c [Homo sapiens]
XP_002112101.1	NP_001352253.1	5.09e-106	325	57.609	276	94	terminal nucleotidyltransferase 4B isoform d [Homo sapiens]
XP_002113905.1	NP_001317647.1	1.73e-77	273	38.426	432	38	terminal uridylyltransferase 7 isoform 3 [Homo sapiens]
XP_002113905.1	XP_005252265.1	1.10e-76	278	39.220	436	38	terminal uridylyltransferase 7 isoform X7 [Homo sapiens]
XP_002113905.1	XP_047279825.1	4.88e-75	274	39.070	430	38	terminal uridylyltransferase 7 isoform X6 [Homo sapiens]
XP_002113905.1	XP_047279824.1	4.88e-75	274	39.070	430	38	terminal uridylyltransferase 7 isoform X6 [Homo sapiens]
XP_002113905.1	XP_005252264.1	4.88e-75	274	39.070	430	38	terminal uridylyltransferase 7 isoform X6 [Homo sapiens]
XP_002113905.1	XP_016870620.1	5.04e-75	274	39.070	430	38	terminal uridylyltransferase 7 isoform X4 [Homo sapiens]
XP_002113905.1	XP_016870619.1	5.04e-75	274	39.070	430	38	terminal uridylyltransferase 7 isoform X4 [Homo sapiens]
XP_002113905.1	NP_078893.2	5.04e-75	274	39.070	430	38	terminal uridylyltransferase 7 isoform 1 [Homo sapiens]
XP_002113905.1	NP_001171988.1	5.04e-75	274	39.070	430	38	terminal uridylyltransferase 7 isoform 1 [Homo sapiens]
XP_002113905.1	XP_011517318.1	5.32e-75	274	39.070	430	38	terminal uridylyltransferase 7 isoform X5 [Homo sapiens]
XP_002130666.2	NP_060579.3	1.02e-41	163	24.706	510	64	poly(A) RNA polymerase, mitochondrial precursor [Homo sapiens]
XP_002130666.2	NP_073741.3	5.71e-36	148	29.740	269	34	speckle targeted PIP5K1A-regulated poly(A) polymerase isoform 1 [Homo sapiens]
XP_002130666.2	NP_001354835.1	2.55e-26	116	35.266	207	26	speckle targeted PIP5K1A-regulated poly(A) polymerase isoform 2 [Homo sapiens]
XP_002130666.2	NP_001317647.1	3.36e-24	111	29.607	331	41	terminal uridylyltransferase 7 isoform 3 [Homo sapiens]
XP_002130666.2	XP_016870620.1	3.51e-24	112	29.607	331	41	terminal uridylyltransferase 7 isoform X4 [Homo sapiens]
XP_002130666.2	XP_016870619.1	3.51e-24	112	29.607	331	41	terminal uridylyltransferase 7 isoform X4 [Homo sapiens]
XP_002130666.2	NP_078893.2	3.51e-24	112	29.607	331	41	terminal uridylyltransferase 7 isoform 1 [Homo sapiens]
XP_002130666.2	NP_001171988.1	3.51e-24	112	29.607	331	41	terminal uridylyltransferase 7 isoform 1 [Homo sapiens]
XP_002130666.2	XP_047279823.1	3.71e-24	112	29.909	331	41	terminal uridylyltransferase 7 isoform X2 [Homo sapiens]
XP_002130666.2	XP_006717346.1	3.71e-24	112	29.909	331	41	terminal uridylyltransferase 7 isoform X2 [Homo sapiens]
XP_002141038.1	XP_047290433.1	2.28e-48	175	34.906	318	64	terminal nucleotidyltransferase 4B isoform X6 [Homo sapiens]
XP_002141038.1	XP_011521580.1	6.91e-48	175	34.906	318	64	terminal nucleotidyltransferase 4B isoform X5 [Homo sapiens]
XP_002141038.1	NP_001035375.2	1.15e-47	176	34.769	325	65	terminal nucleotidyltransferase 4B isoform b [Homo sapiens]
XP_002141038.1	XP_011521578.1	1.17e-47	176	34.769	325	65	terminal nucleotidyltransferase 4B isoform X2 [Homo sapiens]
XP_002141038.1	NP_001035374.2	2.12e-47	176	34.568	324	65	terminal nucleotidyltransferase 4B isoform a [Homo sapiens]
XP_002141038.1	XP_011521577.1	2.14e-47	176	34.568	324	65	terminal nucleotidyltransferase 4B isoform X1 [Homo sapiens]
XP_002141038.1	XP_047290432.1	2.51e-47	175	34.568	324	65	terminal nucleotidyltransferase 4B isoform X4 [Homo sapiens]
XP_002141038.1	XP_047290431.1	3.03e-47	176	34.568	324	65	terminal nucleotidyltransferase 4B isoform X3 [Homo sapiens]
XP_002141038.1	NP_001352253.1	4.28e-47	176	34.568	324	65	terminal nucleotidyltransferase 4B isoform d [Homo sapiens]
XP_002141038.1	NP_001352252.1	5.26e-47	175	34.568	324	65	terminal nucleotidyltransferase 4B isoform c [Homo sapiens]
XP_002145514.2	XP_047272384.1	2.18e-40	164	33.333	297	26	terminal uridylyltransferase 4 isoform X46 [Homo sapiens]
XP_002145514.2	NP_001317647.1	5.43e-40	162	32.639	288	25	terminal uridylyltransferase 7 isoform 3 [Homo sapiens]
XP_002145514.2	XP_047279823.1	8.87e-40	163	32.639	288	25	terminal uridylyltransferase 7 isoform X2 [Homo sapiens]
XP_002145514.2	XP_006717346.1	8.87e-40	163	32.639	288	25	terminal uridylyltransferase 7 isoform X2 [Homo sapiens]
XP_002145514.2	XP_005270739.1	1.11e-39	163	33.557	298	26	terminal uridylyltransferase 4 isoform X33 [Homo sapiens]
XP_002145514.2	XP_016856292.1	1.16e-39	163	33.557	298	26	terminal uridylyltransferase 4 isoform X9 [Homo sapiens]
XP_002145514.2	XP_047272288.1	1.19e-39	163	33.557	298	26	terminal uridylyltransferase 4 isoform X10 [Homo sapiens]
XP_002145514.2	XP_016856297.1	1.22e-39	163	33.557	298	26	terminal uridylyltransferase 4 isoform X36 [Homo sapiens]
XP_002145514.2	XP_011517317.1	1.22e-39	163	32.639	288	25	terminal uridylyltransferase 7 isoform X3 [Homo sapiens]
XP_002145514.2	XP_016856299.1	1.23e-39	163	33.557	298	26	terminal uridylyltransferase 4 isoform X40 [Homo sapiens]
XP_002159462.2	NP_008930.2	4.00e-128	400	57.716	324	45	terminal nucleotidyltransferase 4A isoform 1 [Homo sapiens]
XP_002159462.2	NP_001165276.2	4.97e-128	400	57.716	324	45	terminal nucleotidyltransferase 4A isoform 2 [Homo sapiens]
XP_002159462.2	NP_001035375.2	2.48e-126	392	57.585	323	45	terminal nucleotidyltransferase 4B isoform b [Homo sapiens]
XP_002159462.2	XP_011521578.1	2.55e-126	392	57.585	323	45	terminal nucleotidyltransferase 4B isoform X2 [Homo sapiens]
XP_002159462.2	XP_047290432.1	3.55e-126	391	57.585	323	45	terminal nucleotidyltransferase 4B isoform X4 [Homo sapiens]
XP_002159462.2	NP_001035374.2	4.28e-126	392	57.585	323	45	terminal nucleotidyltransferase 4B isoform a [Homo sapiens]
XP_002159462.2	XP_011521577.1	4.40e-126	392	57.585	323	45	terminal nucleotidyltransferase 4B isoform X1 [Homo sapiens]
XP_002159462.2	XP_047290431.1	9.23e-126	390	57.585	323	45	terminal nucleotidyltransferase 4B isoform X3 [Homo sapiens]
XP_002159462.2	NP_001352252.1	9.63e-126	391	57.585	323	45	terminal nucleotidyltransferase 4B isoform c [Homo sapiens]
XP_002159462.2	NP_001352253.1	1.76e-125	391	57.585	323	45	terminal nucleotidyltransferase 4B isoform d [Homo sapiens]
XP_002166747.3	NP_001375065.1	2.02e-89	278	46.951	328	73	poly(A) RNA polymerase GLD2 isoform 14 [Homo sapiens]
XP_002166747.3	NP_001375061.1	1.08e-88	279	46.951	328	73	poly(A) RNA polymerase GLD2 isoform 12 [Homo sapiens]
XP_002166747.3	NP_001375060.1	1.44e-88	278	46.828	331	73	poly(A) RNA polymerase GLD2 isoform 11 [Homo sapiens]
XP_002166747.3	XP_047272811.1	1.61e-88	279	46.951	328	73	poly(A) RNA polymerase GLD2 isoform X4 [Homo sapiens]
XP_002166747.3	XP_047272810.1	1.61e-88	279	46.951	328	73	poly(A) RNA polymerase GLD2 isoform X4 [Homo sapiens]
XP_002166747.3	XP_047272809.1	1.61e-88	279	46.951	328	73	poly(A) RNA polymerase GLD2 isoform X4 [Homo sapiens]
XP_002166747.3	NP_001375058.1	1.61e-88	279	46.951	328	73	poly(A) RNA polymerase GLD2 isoform 2 [Homo sapiens]
XP_002166747.3	NP_001375057.1	1.61e-88	279	46.951	328	73	poly(A) RNA polymerase GLD2 isoform 2 [Homo sapiens]
XP_002166747.3	NP_001375056.1	1.61e-88	279	46.951	328	73	poly(A) RNA polymerase GLD2 isoform 2 [Homo sapiens]
XP_002166747.3	NP_001375055.1	1.61e-88	279	46.951	328	73	poly(A) RNA polymerase GLD2 isoform 2 [Homo sapiens]
XP_002172430.1	XP_011521580.1	9.19e-64	222	35.227	352	52	terminal nucleotidyltransferase 4B isoform X5 [Homo sapiens]
XP_002172430.1	XP_047290433.1	7.85e-63	218	35.168	327	48	terminal nucleotidyltransferase 4B isoform X6 [Homo sapiens]
XP_002172430.1	NP_001035374.2	1.41e-62	223	35.227	352	52	terminal nucleotidyltransferase 4B isoform a [Homo sapiens]
XP_002172430.1	XP_011521577.1	1.44e-62	223	35.227	352	52	terminal nucleotidyltransferase 4B isoform X1 [Homo sapiens]
XP_002172430.1	NP_001352252.1	3.46e-62	221	35.227	352	52	terminal nucleotidyltransferase 4B isoform c [Homo sapiens]
XP_002172430.1	NP_001352253.1	5.69e-62	221	35.227	352	52	terminal nucleotidyltransferase 4B isoform d [Homo sapiens]
XP_002172430.1	NP_001035375.2	1.68e-61	219	35.224	335	50	terminal nucleotidyltransferase 4B isoform b [Homo sapiens]
XP_002172430.1	XP_011521578.1	1.71e-61	219	35.224	335	50	terminal nucleotidyltransferase 4B isoform X2 [Homo sapiens]
XP_002172430.1	XP_047290431.1	4.63e-61	218	35.224	335	50	terminal nucleotidyltransferase 4B isoform X3 [Homo sapiens]
XP_002172430.1	XP_047290432.1	4.82e-61	218	35.224	335	50	terminal nucleotidyltransferase 4B isoform X4 [Homo sapiens]
XP_002173576.1	XP_047279823.1	1.25e-33	137	30.966	352	72	terminal uridylyltransferase 7 isoform X2 [Homo sapiens]
XP_002173576.1	XP_006717346.1	1.25e-33	137	30.966	352	72	terminal uridylyltransferase 7 isoform X2 [Homo sapiens]
XP_002173576.1	NP_001317647.1	1.37e-33	136	30.838	334	70	terminal uridylyltransferase 7 isoform 3 [Homo sapiens]
XP_002173576.1	XP_047279825.1	1.39e-33	136	30.966	352	72	terminal uridylyltransferase 7 isoform X6 [Homo sapiens]
XP_002173576.1	XP_047279824.1	1.39e-33	136	30.966	352	72	terminal uridylyltransferase 7 isoform X6 [Homo sapiens]
XP_002173576.1	XP_005252264.1	1.39e-33	136	30.966	352	72	terminal uridylyltransferase 7 isoform X6 [Homo sapiens]
XP_002173576.1	XP_011517317.1	1.45e-33	136	30.966	352	72	terminal uridylyltransferase 7 isoform X3 [Homo sapiens]
XP_002173576.1	XP_011517318.1	1.59e-33	136	30.966	352	72	terminal uridylyltransferase 7 isoform X5 [Homo sapiens]
XP_002173576.1	XP_011517316.1	1.60e-33	136	30.966	352	72	terminal uridylyltransferase 7 isoform X1 [Homo sapiens]
XP_002173576.1	XP_011517315.1	1.60e-33	136	30.966	352	72	terminal uridylyltransferase 7 isoform X1 [Homo sapiens]
XP_002173589.1	NP_001317647.1	5.75e-21	100	28.881	277	38	terminal uridylyltransferase 7 isoform 3 [Homo sapiens]
XP_002173589.1	XP_047279823.1	9.32e-21	100	28.881	277	38	terminal uridylyltransferase 7 isoform X2 [Homo sapiens]
XP_002173589.1	XP_006717346.1	9.32e-21	100	28.881	277	38	terminal uridylyltransferase 7 isoform X2 [Homo sapiens]
XP_002173589.1	XP_011517318.1	9.45e-21	100	28.881	277	38	terminal uridylyltransferase 7 isoform X5 [Homo sapiens]
XP_002173589.1	XP_005252265.1	9.49e-21	100	28.881	277	38	terminal uridylyltransferase 7 isoform X7 [Homo sapiens]
XP_002173589.1	XP_011517317.1	9.63e-21	100	28.881	277	38	terminal uridylyltransferase 7 isoform X3 [Homo sapiens]
XP_002173589.1	XP_011517316.1	9.67e-21	100	28.881	277	38	terminal uridylyltransferase 7 isoform X1 [Homo sapiens]
XP_002173589.1	XP_011517315.1	9.67e-21	100	28.881	277	38	terminal uridylyltransferase 7 isoform X1 [Homo sapiens]
XP_002173589.1	XP_011517314.1	9.67e-21	100	28.881	277	38	terminal uridylyltransferase 7 isoform X1 [Homo sapiens]
XP_002173589.1	XP_011517313.1	9.67e-21	100	28.881	277	38	terminal uridylyltransferase 7 isoform X1 [Homo sapiens]
XP_002174416.1	NP_001375065.1	9.29e-33	129	27.378	347	70	poly(A) RNA polymerase GLD2 isoform 14 [Homo sapiens]
XP_002174416.1	NP_001375061.1	2.07e-32	130	27.378	347	70	poly(A) RNA polymerase GLD2 isoform 12 [Homo sapiens]
XP_002174416.1	NP_001375059.1	2.75e-32	130	27.378	347	70	poly(A) RNA polymerase GLD2 isoform 10 [Homo sapiens]
XP_002174416.1	XP_047272811.1	3.10e-32	130	27.378	347	70	poly(A) RNA polymerase GLD2 isoform X4 [Homo sapiens]
XP_002174416.1	XP_047272810.1	3.10e-32	130	27.378	347	70	poly(A) RNA polymerase GLD2 isoform X4 [Homo sapiens]
XP_002174416.1	XP_047272809.1	3.10e-32	130	27.378	347	70	poly(A) RNA polymerase GLD2 isoform X4 [Homo sapiens]
XP_002174416.1	NP_001375058.1	3.10e-32	130	27.378	347	70	poly(A) RNA polymerase GLD2 isoform 2 [Homo sapiens]
XP_002174416.1	NP_001375057.1	3.10e-32	130	27.378	347	70	poly(A) RNA polymerase GLD2 isoform 2 [Homo sapiens]
XP_002174416.1	NP_001375056.1	3.10e-32	130	27.378	347	70	poly(A) RNA polymerase GLD2 isoform 2 [Homo sapiens]
XP_002174416.1	NP_001375055.1	3.10e-32	130	27.378	347	70	poly(A) RNA polymerase GLD2 isoform 2 [Homo sapiens]
XP_002176015.1	XP_047272384.1	4.61e-35	144	31.935	310	44	terminal uridylyltransferase 4 isoform X46 [Homo sapiens]
XP_002176015.1	XP_047272325.1	2.78e-34	143	31.935	310	44	terminal uridylyltransferase 4 isoform X23 [Homo sapiens]
XP_002176015.1	XP_016856295.1	3.01e-34	142	31.935	310	44	terminal uridylyltransferase 4 isoform X25 [Homo sapiens]
XP_002176015.1	XP_005270739.1	3.04e-34	142	31.935	310	44	terminal uridylyltransferase 4 isoform X33 [Homo sapiens]
XP_002176015.1	XP_011539401.1	3.16e-34	142	31.935	310	44	terminal uridylyltransferase 4 isoform X29 [Homo sapiens]
XP_002176015.1	XP_047272345.1	3.18e-34	142	31.935	310	44	terminal uridylyltransferase 4 isoform X31 [Homo sapiens]
XP_002176015.1	XP_005270735.1	3.28e-34	142	31.935	310	44	terminal uridylyltransferase 4 isoform X2 [Homo sapiens]
XP_002176015.1	XP_016856297.1	3.37e-34	142	31.935	310	44	terminal uridylyltransferase 4 isoform X36 [Homo sapiens]
XP_002176015.1	XP_011539399.1	3.40e-34	142	31.935	310	44	terminal uridylyltransferase 4 isoform X1 [Homo sapiens]
XP_002176015.1	XP_005270733.1	3.40e-34	142	31.935	310	44	terminal uridylyltransferase 4 isoform X1 [Homo sapiens]
XP_002182621.1	XP_047272818.1	6.78e-10	55.5	36.232	69	95	poly(A) RNA polymerase GLD2 isoform X10 [Homo sapiens]
XP_002182621.1	XP_047272817.1	6.89e-10	55.5	36.232	69	95	poly(A) RNA polymerase GLD2 isoform X9 [Homo sapiens]
XP_002182621.1	XP_047272816.1	6.90e-10	55.5	36.232	69	95	poly(A) RNA polymerase GLD2 isoform X8 [Homo sapiens]
XP_002182621.1	XP_047272820.1	1.33e-09	54.3	34.783	69	95	poly(A) RNA polymerase GLD2 isoform X11 [Homo sapiens]
XP_002182621.1	NP_001336477.1	1.37e-09	54.3	34.783	69	95	poly(A) RNA polymerase GLD2 isoform 4 [Homo sapiens]
XP_002182621.1	NP_001375066.1	1.50e-09	54.3	34.783	69	95	poly(A) RNA polymerase GLD2 isoform 15 [Homo sapiens]
XP_002182621.1	NP_001375065.1	1.68e-09	54.3	34.783	69	95	poly(A) RNA polymerase GLD2 isoform 14 [Homo sapiens]
XP_002182621.1	NP_001375061.1	1.72e-09	54.3	34.783	69	95	poly(A) RNA polymerase GLD2 isoform 12 [Homo sapiens]
XP_002182621.1	NP_001375060.1	1.72e-09	54.3	34.783	69	95	poly(A) RNA polymerase GLD2 isoform 11 [Homo sapiens]
XP_002182621.1	NP_001375059.1	1.72e-09	54.3	34.783	69	95	poly(A) RNA polymerase GLD2 isoform 10 [Homo sapiens]
XP_002182622.1	XP_011517316.1	7.87e-17	86.7	26.316	323	64	terminal uridylyltransferase 7 isoform X1 [Homo sapiens]
XP_002182622.1	XP_011517315.1	7.87e-17	86.7	26.316	323	64	terminal uridylyltransferase 7 isoform X1 [Homo sapiens]
XP_002182622.1	XP_011517314.1	7.87e-17	86.7	26.316	323	64	terminal uridylyltransferase 7 isoform X1 [Homo sapiens]
XP_002182622.1	XP_011517313.1	7.87e-17	86.7	26.316	323	64	terminal uridylyltransferase 7 isoform X1 [Homo sapiens]
XP_002182622.1	XP_005252265.1	9.09e-17	86.3	26.316	323	64	terminal uridylyltransferase 7 isoform X7 [Homo sapiens]
XP_002182622.1	XP_016870620.1	9.54e-17	86.3	26.316	323	64	terminal uridylyltransferase 7 isoform X4 [Homo sapiens]
XP_002182622.1	XP_016870619.1	9.54e-17	86.3	26.316	323	64	terminal uridylyltransferase 7 isoform X4 [Homo sapiens]
XP_002182622.1	NP_078893.2	9.54e-17	86.3	26.316	323	64	terminal uridylyltransferase 7 isoform 1 [Homo sapiens]
XP_002182622.1	NP_001171988.1	9.54e-17	86.3	26.316	323	64	terminal uridylyltransferase 7 isoform 1 [Homo sapiens]
XP_002182622.1	XP_011517317.1	1.00e-16	86.3	26.316	323	64	terminal uridylyltransferase 7 isoform X3 [Homo sapiens]
XP_002183822.1	XP_047272296.1	4.05e-24	113	27.701	361	27	terminal uridylyltransferase 4 isoform X13 [Homo sapiens]
XP_002183822.1	XP_047272295.1	4.05e-24	113	27.701	361	27	terminal uridylyltransferase 4 isoform X12 [Homo sapiens]
XP_002183822.1	XP_047272305.1	4.63e-24	113	27.701	361	27	terminal uridylyltransferase 4 isoform X17 [Homo sapiens]
XP_002183822.1	XP_047272350.1	4.73e-24	113	27.701	361	27	terminal uridylyltransferase 4 isoform X34 [Homo sapiens]
XP_002183822.1	XP_047272372.1	4.97e-24	112	27.701	361	27	terminal uridylyltransferase 4 isoform X42 [Homo sapiens]
XP_002183822.1	XP_047272286.1	5.65e-24	112	27.701	361	27	terminal uridylyltransferase 4 isoform X8 [Homo sapiens]
XP_002183822.1	XP_047272290.1	5.88e-24	112	27.701	361	27	terminal uridylyltransferase 4 isoform X11 [Homo sapiens]
XP_002183822.1	XP_047272344.1	5.97e-24	112	27.701	361	27	terminal uridylyltransferase 4 isoform X30 [Homo sapiens]
XP_002183822.1	XP_047272288.1	1.47e-23	111	28.487	337	25	terminal uridylyltransferase 4 isoform X10 [Homo sapiens]
XP_002183822.1	XP_047272281.1	1.52e-23	111	28.487	337	25	terminal uridylyltransferase 4 isoform X4 [Homo sapiens]
XP_002185169.1	NP_001165276.2	4.54e-56	200	38.286	350	80	terminal nucleotidyltransferase 4A isoform 2 [Homo sapiens]
XP_002185169.1	NP_008930.2	4.59e-56	200	38.286	350	80	terminal nucleotidyltransferase 4A isoform 1 [Homo sapiens]
XP_002185169.1	XP_011521580.1	4.08e-54	190	37.538	333	76	terminal nucleotidyltransferase 4B isoform X5 [Homo sapiens]
XP_002185169.1	XP_047290433.1	4.22e-54	189	37.538	333	76	terminal nucleotidyltransferase 4B isoform X6 [Homo sapiens]
XP_002185169.1	XP_047272622.1	1.15e-53	189	38.166	338	78	terminal nucleotidyltransferase 4A isoform X1 [Homo sapiens]
XP_002185169.1	XP_047272621.1	1.15e-53	189	38.166	338	78	terminal nucleotidyltransferase 4A isoform X1 [Homo sapiens]
XP_002185169.1	XP_047272620.1	1.15e-53	189	38.166	338	78	terminal nucleotidyltransferase 4A isoform X1 [Homo sapiens]
XP_002185169.1	NP_001035375.2	5.43e-53	189	37.092	337	77	terminal nucleotidyltransferase 4B isoform b [Homo sapiens]
XP_002185169.1	XP_011521578.1	5.50e-53	189	37.092	337	77	terminal nucleotidyltransferase 4B isoform X2 [Homo sapiens]
XP_002185169.1	NP_001352252.1	5.96e-53	190	37.092	337	77	terminal nucleotidyltransferase 4B isoform c [Homo sapiens]
XP_002258796.1	XP_047272808.1	2.46e-22	102	29.221	308	53	poly(A) RNA polymerase GLD2 isoform X3 [Homo sapiens]
XP_002258796.1	XP_047272807.1	2.46e-22	102	29.221	308	53	poly(A) RNA polymerase GLD2 isoform X3 [Homo sapiens]
XP_002258796.1	XP_047272806.1	2.46e-22	102	29.221	308	53	poly(A) RNA polymerase GLD2 isoform X3 [Homo sapiens]
XP_002258796.1	NP_776158.2	2.46e-22	102	29.221	308	53	poly(A) RNA polymerase GLD2 isoform 1 [Homo sapiens]
XP_002258796.1	NP_001375041.1	2.46e-22	102	29.221	308	53	poly(A) RNA polymerase GLD2 isoform 1 [Homo sapiens]
XP_002258796.1	NP_001375040.1	2.46e-22	102	29.221	308	53	poly(A) RNA polymerase GLD2 isoform 1 [Homo sapiens]
XP_002258796.1	NP_001375039.1	2.46e-22	102	29.221	308	53	poly(A) RNA polymerase GLD2 isoform 1 [Homo sapiens]
XP_002258796.1	NP_001375038.1	2.46e-22	102	29.221	308	53	poly(A) RNA polymerase GLD2 isoform 1 [Homo sapiens]
XP_002258796.1	NP_001375037.1	2.46e-22	102	29.221	308	53	poly(A) RNA polymerase GLD2 isoform 1 [Homo sapiens]
XP_002258796.1	NP_001375036.1	2.46e-22	102	29.221	308	53	poly(A) RNA polymerase GLD2 isoform 1 [Homo sapiens]
XP_002260015.1	NP_008930.2	8.08e-35	145	33.094	278	33	terminal nucleotidyltransferase 4A isoform 1 [Homo sapiens]
XP_002260015.1	NP_001165276.2	9.20e-35	144	33.094	278	33	terminal nucleotidyltransferase 4A isoform 2 [Homo sapiens]
XP_002260015.1	XP_047272622.1	1.90e-34	141	33.088	272	32	terminal nucleotidyltransferase 4A isoform X1 [Homo sapiens]
XP_002260015.1	XP_047272621.1	1.90e-34	141	33.088	272	32	terminal nucleotidyltransferase 4A isoform X1 [Homo sapiens]
XP_002260015.1	XP_047272620.1	1.90e-34	141	33.088	272	32	terminal nucleotidyltransferase 4A isoform X1 [Homo sapiens]
XP_002260015.1	XP_047272623.1	2.59e-32	135	33.080	263	31	terminal nucleotidyltransferase 4A isoform X2 [Homo sapiens]
XP_002260015.1	XP_016864477.1	2.59e-32	135	33.080	263	31	terminal nucleotidyltransferase 4A isoform X2 [Homo sapiens]
XP_002260015.1	XP_047272624.1	2.66e-32	134	33.080	263	31	terminal nucleotidyltransferase 4A isoform X3 [Homo sapiens]
XP_002260015.1	XP_047290433.1	5.79e-32	133	33.101	287	34	terminal nucleotidyltransferase 4B isoform X6 [Homo sapiens]
XP_002260015.1	XP_011521580.1	7.14e-32	133	32.986	288	34	terminal nucleotidyltransferase 4B isoform X5 [Homo sapiens]
XP_002262345.1	XP_047290433.1	5.63e-23	105	32.597	181	21	terminal nucleotidyltransferase 4B isoform X6 [Homo sapiens]
XP_002262345.1	NP_001035375.2	9.48e-23	106	32.597	181	21	terminal nucleotidyltransferase 4B isoform b [Homo sapiens]
XP_002262345.1	XP_011521578.1	9.52e-23	106	32.597	181	21	terminal nucleotidyltransferase 4B isoform X2 [Homo sapiens]
XP_002262345.1	NP_008930.2	1.18e-22	106	30.387	181	21	terminal nucleotidyltransferase 4A isoform 1 [Homo sapiens]
XP_002262345.1	XP_011521580.1	1.20e-22	105	32.597	181	21	terminal nucleotidyltransferase 4B isoform X5 [Homo sapiens]
XP_002262345.1	NP_001165276.2	1.22e-22	106	30.387	181	21	terminal nucleotidyltransferase 4A isoform 2 [Homo sapiens]
XP_002262345.1	XP_047290431.1	1.41e-22	106	32.597	181	21	terminal nucleotidyltransferase 4B isoform X3 [Homo sapiens]
XP_002262345.1	NP_001035374.2	1.67e-22	105	32.597	181	21	terminal nucleotidyltransferase 4B isoform a [Homo sapiens]
XP_002262345.1	XP_011521577.1	1.67e-22	105	32.597	181	21	terminal nucleotidyltransferase 4B isoform X1 [Homo sapiens]
XP_002262345.1	XP_047290432.1	1.81e-22	105	32.597	181	21	terminal nucleotidyltransferase 4B isoform X4 [Homo sapiens]
XP_002277771.2	NP_001375065.1	2.02e-22	100	29.391	279	61	poly(A) RNA polymerase GLD2 isoform 14 [Homo sapiens]
XP_002277771.2	XP_047272811.1	2.14e-22	102	29.391	279	61	poly(A) RNA polymerase GLD2 isoform X4 [Homo sapiens]
XP_002277771.2	XP_047272810.1	2.14e-22	102	29.391	279	61	poly(A) RNA polymerase GLD2 isoform X4 [Homo sapiens]
XP_002277771.2	XP_047272809.1	2.14e-22	102	29.391	279	61	poly(A) RNA polymerase GLD2 isoform X4 [Homo sapiens]
XP_002277771.2	NP_001375058.1	2.14e-22	102	29.391	279	61	poly(A) RNA polymerase GLD2 isoform 2 [Homo sapiens]
XP_002277771.2	NP_001375057.1	2.14e-22	102	29.391	279	61	poly(A) RNA polymerase GLD2 isoform 2 [Homo sapiens]
XP_002277771.2	NP_001375056.1	2.14e-22	102	29.391	279	61	poly(A) RNA polymerase GLD2 isoform 2 [Homo sapiens]
XP_002277771.2	NP_001375055.1	2.14e-22	102	29.391	279	61	poly(A) RNA polymerase GLD2 isoform 2 [Homo sapiens]
XP_002277771.2	NP_001375054.1	2.14e-22	102	29.391	279	61	poly(A) RNA polymerase GLD2 isoform 2 [Homo sapiens]
XP_002277771.2	NP_001375053.1	2.14e-22	102	29.391	279	61	poly(A) RNA polymerase GLD2 isoform 2 [Homo sapiens]
XP_002282332.2	XP_047290433.1	8.15e-71	235	42.333	300	59	terminal nucleotidyltransferase 4B isoform X6 [Homo sapiens]
XP_002282332.2	XP_011521580.1	2.52e-70	235	42.333	300	59	terminal nucleotidyltransferase 4B isoform X5 [Homo sapiens]
XP_002282332.2	NP_001035375.2	1.60e-69	236	41.401	314	61	terminal nucleotidyltransferase 4B isoform b [Homo sapiens]
XP_002282332.2	XP_011521578.1	1.64e-69	236	41.401	314	61	terminal nucleotidyltransferase 4B isoform X2 [Homo sapiens]
XP_002282332.2	XP_047290432.1	2.40e-69	235	41.401	314	61	terminal nucleotidyltransferase 4B isoform X4 [Homo sapiens]
XP_002282332.2	XP_047290431.1	4.41e-69	235	41.401	314	61	terminal nucleotidyltransferase 4B isoform X3 [Homo sapiens]
XP_002282332.2	NP_001035374.2	4.64e-69	236	41.401	314	61	terminal nucleotidyltransferase 4B isoform a [Homo sapiens]
XP_002282332.2	XP_011521577.1	4.72e-69	236	41.401	314	61	terminal nucleotidyltransferase 4B isoform X1 [Homo sapiens]
XP_002282332.2	NP_001352252.1	7.27e-69	235	41.401	314	61	terminal nucleotidyltransferase 4B isoform c [Homo sapiens]
XP_002282332.2	NP_001352253.1	9.96e-69	235	41.401	314	61	terminal nucleotidyltransferase 4B isoform d [Homo sapiens]
XP_002296066.1	NP_001375065.1	5.68e-11	58.2	39.130	69	100	poly(A) RNA polymerase GLD2 isoform 14 [Homo sapiens]
XP_002296066.1	NP_001375061.1	5.86e-11	58.2	39.130	69	100	poly(A) RNA polymerase GLD2 isoform 12 [Homo sapiens]
XP_002296066.1	NP_001375060.1	5.87e-11	58.2	39.130	69	100	poly(A) RNA polymerase GLD2 isoform 11 [Homo sapiens]
XP_002296066.1	NP_001375059.1	5.88e-11	58.2	39.130	69	100	poly(A) RNA polymerase GLD2 isoform 10 [Homo sapiens]
XP_002296066.1	XP_047272811.1	5.88e-11	58.2	39.130	69	100	poly(A) RNA polymerase GLD2 isoform X4 [Homo sapiens]
XP_002296066.1	XP_047272810.1	5.88e-11	58.2	39.130	69	100	poly(A) RNA polymerase GLD2 isoform X4 [Homo sapiens]
XP_002296066.1	XP_047272809.1	5.88e-11	58.2	39.130	69	100	poly(A) RNA polymerase GLD2 isoform X4 [Homo sapiens]
XP_002296066.1	NP_001375058.1	5.88e-11	58.2	39.130	69	100	poly(A) RNA polymerase GLD2 isoform 2 [Homo sapiens]
XP_002296066.1	NP_001375057.1	5.88e-11	58.2	39.130	69	100	poly(A) RNA polymerase GLD2 isoform 2 [Homo sapiens]
XP_002296066.1	NP_001375056.1	5.88e-11	58.2	39.130	69	100	poly(A) RNA polymerase GLD2 isoform 2 [Homo sapiens]
XP_002301312.2	XP_047272384.1	5.15e-51	194	36.066	305	40	terminal uridylyltransferase 4 isoform X46 [Homo sapiens]
XP_002301312.2	XP_016856292.1	1.67e-50	194	36.184	304	40	terminal uridylyltransferase 4 isoform X9 [Homo sapiens]
XP_002301312.2	XP_047272285.1	1.92e-50	193	36.184	304	40	terminal uridylyltransferase 4 isoform X7 [Homo sapiens]
XP_002301312.2	XP_016856293.1	2.11e-50	193	36.184	304	40	terminal uridylyltransferase 4 isoform X16 [Homo sapiens]
XP_002301312.2	XP_011539401.1	2.12e-50	193	36.184	304	40	terminal uridylyltransferase 4 isoform X29 [Homo sapiens]
XP_002301312.2	XP_016856297.1	2.12e-50	193	36.184	304	40	terminal uridylyltransferase 4 isoform X36 [Homo sapiens]
XP_002301312.2	XP_047272280.1	2.22e-50	193	36.184	304	40	terminal uridylyltransferase 4 isoform X3 [Homo sapiens]
XP_002301312.2	XP_005270736.1	2.22e-50	193	36.184	304	40	terminal uridylyltransferase 4 isoform X3 [Homo sapiens]
XP_002301312.2	XP_016856299.1	2.26e-50	193	36.184	304	40	terminal uridylyltransferase 4 isoform X40 [Homo sapiens]
XP_002301312.2	XP_005270735.1	2.32e-50	193	36.184	304	40	terminal uridylyltransferase 4 isoform X2 [Homo sapiens]
XP_002316267.2	NP_001375042.1	2.11e-18	90.1	29.110	292	58	poly(A) RNA polymerase GLD2 isoform 16 [Homo sapiens]
XP_002316267.2	XP_047272808.1	2.32e-18	90.1	29.110	292	58	poly(A) RNA polymerase GLD2 isoform X3 [Homo sapiens]
XP_002316267.2	XP_047272807.1	2.32e-18	90.1	29.110	292	58	poly(A) RNA polymerase GLD2 isoform X3 [Homo sapiens]
XP_002316267.2	XP_047272806.1	2.32e-18	90.1	29.110	292	58	poly(A) RNA polymerase GLD2 isoform X3 [Homo sapiens]
XP_002316267.2	NP_776158.2	2.32e-18	90.1	29.110	292	58	poly(A) RNA polymerase GLD2 isoform 1 [Homo sapiens]
XP_002316267.2	NP_001375041.1	2.32e-18	90.1	29.110	292	58	poly(A) RNA polymerase GLD2 isoform 1 [Homo sapiens]
XP_002316267.2	NP_001375040.1	2.32e-18	90.1	29.110	292	58	poly(A) RNA polymerase GLD2 isoform 1 [Homo sapiens]
XP_002316267.2	NP_001375039.1	2.32e-18	90.1	29.110	292	58	poly(A) RNA polymerase GLD2 isoform 1 [Homo sapiens]
XP_002316267.2	NP_001375038.1	2.32e-18	90.1	29.110	292	58	poly(A) RNA polymerase GLD2 isoform 1 [Homo sapiens]
XP_002316267.2	NP_001375037.1	2.32e-18	90.1	29.110	292	58	poly(A) RNA polymerase GLD2 isoform 1 [Homo sapiens]
XP_002371366.1	XP_016856293.1	4.44e-20	99.4	35.616	146	14	terminal uridylyltransferase 4 isoform X16 [Homo sapiens]
XP_002371366.1	XP_047272296.1	4.72e-20	99.4	35.616	146	14	terminal uridylyltransferase 4 isoform X13 [Homo sapiens]
XP_002371366.1	XP_047272288.1	4.72e-20	99.4	35.616	146	14	terminal uridylyltransferase 4 isoform X10 [Homo sapiens]
XP_002371366.1	XP_047272295.1	4.76e-20	99.4	35.616	146	14	terminal uridylyltransferase 4 isoform X12 [Homo sapiens]
XP_002371366.1	XP_047272305.1	4.88e-20	99.4	35.616	146	14	terminal uridylyltransferase 4 isoform X17 [Homo sapiens]
XP_002371366.1	XP_047272281.1	5.13e-20	99.4	35.616	146	14	terminal uridylyltransferase 4 isoform X4 [Homo sapiens]
XP_002371366.1	NP_001009881.1	5.13e-20	99.4	35.616	146	14	terminal uridylyltransferase 4 isoform a [Homo sapiens]
XP_002371366.1	XP_047272372.1	5.13e-20	99.4	35.616	146	14	terminal uridylyltransferase 4 isoform X42 [Homo sapiens]
XP_002371366.1	XP_047272285.1	5.15e-20	99.4	35.616	146	14	terminal uridylyltransferase 4 isoform X7 [Homo sapiens]
XP_002371366.1	XP_016856299.1	5.25e-20	99.4	35.616	146	14	terminal uridylyltransferase 4 isoform X40 [Homo sapiens]
XP_002417175.1	XP_047290433.1	4.54e-52	188	40.132	304	50	terminal nucleotidyltransferase 4B isoform X6 [Homo sapiens]
XP_002417175.1	XP_011521580.1	8.15e-52	188	40.132	304	50	terminal nucleotidyltransferase 4B isoform X5 [Homo sapiens]
XP_002417175.1	XP_047290432.1	8.95e-51	188	40.132	304	50	terminal nucleotidyltransferase 4B isoform X4 [Homo sapiens]
XP_002417175.1	NP_001035375.2	9.68e-51	188	40.132	304	50	terminal nucleotidyltransferase 4B isoform b [Homo sapiens]
XP_002417175.1	XP_011521578.1	9.81e-51	188	40.132	304	50	terminal nucleotidyltransferase 4B isoform X2 [Homo sapiens]
XP_002417175.1	XP_047290431.1	1.16e-50	188	40.132	304	50	terminal nucleotidyltransferase 4B isoform X3 [Homo sapiens]
XP_002417175.1	NP_001035374.2	1.17e-50	188	40.132	304	50	terminal nucleotidyltransferase 4B isoform a [Homo sapiens]
XP_002417175.1	XP_011521577.1	1.18e-50	188	40.132	304	50	terminal nucleotidyltransferase 4B isoform X1 [Homo sapiens]
XP_002417175.1	NP_001352252.1	1.19e-50	188	40.132	304	50	terminal nucleotidyltransferase 4B isoform c [Homo sapiens]
XP_002417175.1	NP_001352253.1	1.54e-50	188	40.132	304	50	terminal nucleotidyltransferase 4B isoform d [Homo sapiens]
XP_002427922.1	NP_001035375.2	3.93e-152	452	59.151	377	68	terminal nucleotidyltransferase 4B isoform b [Homo sapiens]
XP_002427922.1	XP_011521578.1	4.05e-152	452	59.151	377	68	terminal nucleotidyltransferase 4B isoform X2 [Homo sapiens]
XP_002427922.1	NP_001035374.2	7.45e-152	452	59.151	377	68	terminal nucleotidyltransferase 4B isoform a [Homo sapiens]
XP_002427922.1	XP_011521577.1	7.68e-152	452	59.151	377	68	terminal nucleotidyltransferase 4B isoform X1 [Homo sapiens]
XP_002427922.1	XP_047290432.1	8.37e-152	451	59.151	377	68	terminal nucleotidyltransferase 4B isoform X4 [Homo sapiens]
XP_002427922.1	NP_001352252.1	1.44e-151	452	59.151	377	68	terminal nucleotidyltransferase 4B isoform c [Homo sapiens]
XP_002427922.1	XP_047290431.1	2.48e-151	450	59.151	377	68	terminal nucleotidyltransferase 4B isoform X3 [Homo sapiens]
XP_002427922.1	NP_001352253.1	3.17e-151	451	59.151	377	68	terminal nucleotidyltransferase 4B isoform d [Homo sapiens]
XP_002427922.1	NP_008930.2	2.54e-147	444	55.309	405	72	terminal nucleotidyltransferase 4A isoform 1 [Homo sapiens]
XP_002427922.1	NP_001165276.2	2.96e-147	444	55.309	405	72	terminal nucleotidyltransferase 4A isoform 2 [Homo sapiens]
XP_002428725.1	NP_001375065.1	4.35e-72	238	43.605	344	56	poly(A) RNA polymerase GLD2 isoform 14 [Homo sapiens]
XP_002428725.1	XP_047272811.1	5.77e-72	241	37.296	429	69	poly(A) RNA polymerase GLD2 isoform X4 [Homo sapiens]
XP_002428725.1	XP_047272810.1	5.77e-72	241	37.296	429	69	poly(A) RNA polymerase GLD2 isoform X4 [Homo sapiens]
XP_002428725.1	XP_047272809.1	5.77e-72	241	37.296	429	69	poly(A) RNA polymerase GLD2 isoform X4 [Homo sapiens]
XP_002428725.1	NP_001375058.1	5.77e-72	241	37.296	429	69	poly(A) RNA polymerase GLD2 isoform 2 [Homo sapiens]
XP_002428725.1	NP_001375057.1	5.77e-72	241	37.296	429	69	poly(A) RNA polymerase GLD2 isoform 2 [Homo sapiens]
XP_002428725.1	NP_001375056.1	5.77e-72	241	37.296	429	69	poly(A) RNA polymerase GLD2 isoform 2 [Homo sapiens]
XP_002428725.1	NP_001375055.1	5.77e-72	241	37.296	429	69	poly(A) RNA polymerase GLD2 isoform 2 [Homo sapiens]
XP_002428725.1	NP_001375054.1	5.77e-72	241	37.296	429	69	poly(A) RNA polymerase GLD2 isoform 2 [Homo sapiens]
XP_002428725.1	NP_001375053.1	5.77e-72	241	37.296	429	69	poly(A) RNA polymerase GLD2 isoform 2 [Homo sapiens]
XP_002428784.1	NP_060579.3	5.95e-40	154	27.979	386	72	poly(A) RNA polymerase, mitochondrial precursor [Homo sapiens]
XP_002428784.1	NP_001317647.1	5.19e-13	74.3	28.409	176	35	terminal uridylyltransferase 7 isoform 3 [Homo sapiens]
XP_002428784.1	NP_073741.3	6.77e-13	73.9	23.077	260	49	speckle targeted PIP5K1A-regulated poly(A) polymerase isoform 1 [Homo sapiens]
XP_002428784.1	XP_005252265.1	1.42e-12	73.2	28.022	182	36	terminal uridylyltransferase 7 isoform X7 [Homo sapiens]
XP_002428784.1	XP_047279825.1	1.83e-12	72.8	28.022	182	36	terminal uridylyltransferase 7 isoform X6 [Homo sapiens]
XP_002428784.1	XP_047279824.1	1.83e-12	72.8	28.022	182	36	terminal uridylyltransferase 7 isoform X6 [Homo sapiens]
XP_002428784.1	XP_005252264.1	1.83e-12	72.8	28.022	182	36	terminal uridylyltransferase 7 isoform X6 [Homo sapiens]
XP_002428784.1	XP_011517316.1	1.86e-12	72.8	27.473	182	36	terminal uridylyltransferase 7 isoform X1 [Homo sapiens]
XP_002428784.1	XP_011517315.1	1.86e-12	72.8	27.473	182	36	terminal uridylyltransferase 7 isoform X1 [Homo sapiens]
XP_002428784.1	XP_011517314.1	1.86e-12	72.8	27.473	182	36	terminal uridylyltransferase 7 isoform X1 [Homo sapiens]
XP_002429204.1	NP_001317647.1	1.43e-23	108	29.268	328	45	terminal uridylyltransferase 7 isoform 3 [Homo sapiens]
XP_002429204.1	XP_005252265.1	2.74e-23	108	29.268	328	45	terminal uridylyltransferase 7 isoform X7 [Homo sapiens]
XP_002429204.1	XP_011517316.1	3.60e-23	108	29.268	328	45	terminal uridylyltransferase 7 isoform X1 [Homo sapiens]
XP_002429204.1	XP_011517315.1	3.60e-23	108	29.268	328	45	terminal uridylyltransferase 7 isoform X1 [Homo sapiens]
XP_002429204.1	XP_011517314.1	3.60e-23	108	29.268	328	45	terminal uridylyltransferase 7 isoform X1 [Homo sapiens]
XP_002429204.1	XP_011517313.1	3.60e-23	108	29.268	328	45	terminal uridylyltransferase 7 isoform X1 [Homo sapiens]
XP_002429204.1	XP_011517317.1	3.85e-23	108	29.268	328	45	terminal uridylyltransferase 7 isoform X3 [Homo sapiens]
XP_002429204.1	XP_011517318.1	4.04e-23	108	29.268	328	45	terminal uridylyltransferase 7 isoform X5 [Homo sapiens]
XP_002429204.1	XP_047279825.1	4.16e-23	108	29.268	328	45	terminal uridylyltransferase 7 isoform X6 [Homo sapiens]
XP_002429204.1	XP_047279824.1	4.16e-23	108	29.268	328	45	terminal uridylyltransferase 7 isoform X6 [Homo sapiens]
XP_002445676.1	XP_047279823.1	4.62e-19	95.1	26.006	323	44	terminal uridylyltransferase 7 isoform X2 [Homo sapiens]
XP_002445676.1	XP_006717346.1	4.62e-19	95.1	26.006	323	44	terminal uridylyltransferase 7 isoform X2 [Homo sapiens]
XP_002445676.1	XP_011517317.1	5.03e-19	95.1	26.006	323	44	terminal uridylyltransferase 7 isoform X3 [Homo sapiens]
XP_002445676.1	XP_016870620.1	5.58e-19	94.7	26.006	323	44	terminal uridylyltransferase 7 isoform X4 [Homo sapiens]
XP_002445676.1	XP_016870619.1	5.58e-19	94.7	26.006	323	44	terminal uridylyltransferase 7 isoform X4 [Homo sapiens]
XP_002445676.1	NP_078893.2	5.58e-19	94.7	26.006	323	44	terminal uridylyltransferase 7 isoform 1 [Homo sapiens]
XP_002445676.1	NP_001171988.1	5.58e-19	94.7	26.006	323	44	terminal uridylyltransferase 7 isoform 1 [Homo sapiens]
XP_002445676.1	XP_047279825.1	5.85e-19	94.7	26.006	323	44	terminal uridylyltransferase 7 isoform X6 [Homo sapiens]
XP_002445676.1	XP_047279824.1	5.85e-19	94.7	26.006	323	44	terminal uridylyltransferase 7 isoform X6 [Homo sapiens]
XP_002445676.1	XP_005252264.1	5.85e-19	94.7	26.006	323	44	terminal uridylyltransferase 7 isoform X6 [Homo sapiens]
XP_002451420.1	XP_047272384.1	3.50e-47	181	34.884	301	44	terminal uridylyltransferase 4 isoform X46 [Homo sapiens]
XP_002451420.1	XP_047272365.1	9.72e-47	181	34.884	301	44	terminal uridylyltransferase 4 isoform X38 [Homo sapiens]
XP_002451420.1	XP_047272345.1	1.01e-46	181	34.884	301	44	terminal uridylyltransferase 4 isoform X31 [Homo sapiens]
XP_002451420.1	XP_005270739.1	1.05e-46	181	34.884	301	44	terminal uridylyltransferase 4 isoform X33 [Homo sapiens]
XP_002451420.1	XP_016856299.1	1.07e-46	180	34.884	301	44	terminal uridylyltransferase 4 isoform X40 [Homo sapiens]
XP_002451420.1	XP_016856297.1	1.14e-46	180	34.884	301	44	terminal uridylyltransferase 4 isoform X36 [Homo sapiens]
XP_002451420.1	XP_011539401.1	1.20e-46	180	34.884	301	44	terminal uridylyltransferase 4 isoform X29 [Homo sapiens]
XP_002451420.1	XP_016856292.1	1.22e-46	180	34.884	301	44	terminal uridylyltransferase 4 isoform X9 [Homo sapiens]
XP_002451420.1	XP_047272285.1	1.22e-46	180	34.884	301	44	terminal uridylyltransferase 4 isoform X7 [Homo sapiens]
XP_002451420.1	XP_016856296.1	1.27e-46	180	34.884	301	44	terminal uridylyltransferase 4 isoform X28 [Homo sapiens]
XP_002456119.2	NP_001165276.2	6.65e-69	241	42.073	328	51	terminal nucleotidyltransferase 4A isoform 2 [Homo sapiens]
XP_002456119.2	NP_008930.2	6.82e-69	241	42.073	328	51	terminal nucleotidyltransferase 4A isoform 1 [Homo sapiens]
XP_002456119.2	XP_047290433.1	6.01e-68	231	39.875	321	49	terminal nucleotidyltransferase 4B isoform X6 [Homo sapiens]
XP_002456119.2	NP_001035375.2	8.53e-68	235	39.104	335	52	terminal nucleotidyltransferase 4B isoform b [Homo sapiens]
XP_002456119.2	XP_011521578.1	8.70e-68	235	39.104	335	52	terminal nucleotidyltransferase 4B isoform X2 [Homo sapiens]
XP_002456119.2	XP_011521580.1	1.14e-67	231	39.628	323	49	terminal nucleotidyltransferase 4B isoform X5 [Homo sapiens]
XP_002456119.2	NP_001035374.2	2.33e-67	235	39.104	335	52	terminal nucleotidyltransferase 4B isoform a [Homo sapiens]
XP_002456119.2	XP_011521577.1	2.37e-67	235	39.104	335	52	terminal nucleotidyltransferase 4B isoform X1 [Homo sapiens]
XP_002456119.2	XP_047290432.1	2.40e-67	234	39.091	330	51	terminal nucleotidyltransferase 4B isoform X4 [Homo sapiens]
XP_002456119.2	XP_047290431.1	2.52e-67	234	39.091	330	51	terminal nucleotidyltransferase 4B isoform X3 [Homo sapiens]
XP_002457894.2	XP_047279823.1	3.87e-27	111	34.615	182	75	terminal uridylyltransferase 7 isoform X2 [Homo sapiens]
XP_002457894.2	XP_006717346.1	3.87e-27	111	34.615	182	75	terminal uridylyltransferase 7 isoform X2 [Homo sapiens]
XP_002457894.2	XP_005252265.1	3.89e-27	111	34.615	182	75	terminal uridylyltransferase 7 isoform X7 [Homo sapiens]
XP_002457894.2	XP_011517316.1	4.03e-27	111	34.615	182	75	terminal uridylyltransferase 7 isoform X1 [Homo sapiens]
XP_002457894.2	XP_011517315.1	4.03e-27	111	34.615	182	75	terminal uridylyltransferase 7 isoform X1 [Homo sapiens]
XP_002457894.2	XP_011517314.1	4.03e-27	111	34.615	182	75	terminal uridylyltransferase 7 isoform X1 [Homo sapiens]
XP_002457894.2	XP_011517313.1	4.03e-27	111	34.615	182	75	terminal uridylyltransferase 7 isoform X1 [Homo sapiens]
XP_002457894.2	XP_047279825.1	4.12e-27	111	34.615	182	75	terminal uridylyltransferase 7 isoform X6 [Homo sapiens]
XP_002457894.2	XP_047279824.1	4.12e-27	111	34.615	182	75	terminal uridylyltransferase 7 isoform X6 [Homo sapiens]
XP_002457894.2	XP_005252264.1	4.12e-27	111	34.615	182	75	terminal uridylyltransferase 7 isoform X6 [Homo sapiens]
XP_002467309.2	XP_047279823.1	2.59e-39	160	33.225	307	36	terminal uridylyltransferase 7 isoform X2 [Homo sapiens]
XP_002467309.2	XP_006717346.1	2.59e-39	160	33.225	307	36	terminal uridylyltransferase 7 isoform X2 [Homo sapiens]
XP_002467309.2	NP_001317647.1	2.70e-39	159	33.225	307	36	terminal uridylyltransferase 7 isoform 3 [Homo sapiens]
XP_002467309.2	XP_011517317.1	3.46e-39	159	33.225	307	36	terminal uridylyltransferase 7 isoform X3 [Homo sapiens]
XP_002467309.2	XP_016870620.1	3.91e-39	159	33.225	307	36	terminal uridylyltransferase 7 isoform X4 [Homo sapiens]
XP_002467309.2	XP_016870619.1	3.91e-39	159	33.225	307	36	terminal uridylyltransferase 7 isoform X4 [Homo sapiens]
XP_002467309.2	NP_078893.2	3.91e-39	159	33.225	307	36	terminal uridylyltransferase 7 isoform 1 [Homo sapiens]
XP_002467309.2	NP_001171988.1	3.91e-39	159	33.225	307	36	terminal uridylyltransferase 7 isoform 1 [Homo sapiens]
XP_002467309.2	XP_011517318.1	4.07e-39	159	33.225	307	36	terminal uridylyltransferase 7 isoform X5 [Homo sapiens]
XP_002467309.2	XP_011517316.1	4.08e-39	159	33.225	307	36	terminal uridylyltransferase 7 isoform X1 [Homo sapiens]
XP_002487018.1	XP_047272384.1	8.30e-41	165	34.146	287	25	terminal uridylyltransferase 4 isoform X46 [Homo sapiens]
XP_002487018.1	XP_016856297.1	4.01e-40	164	34.146	287	25	terminal uridylyltransferase 4 isoform X36 [Homo sapiens]
XP_002487018.1	XP_011539401.1	4.23e-40	164	34.146	287	25	terminal uridylyltransferase 4 isoform X29 [Homo sapiens]
XP_002487018.1	XP_005270739.1	4.42e-40	164	34.146	287	25	terminal uridylyltransferase 4 isoform X33 [Homo sapiens]
XP_002487018.1	XP_047272345.1	4.72e-40	164	34.146	287	25	terminal uridylyltransferase 4 isoform X31 [Homo sapiens]
XP_002487018.1	XP_047272288.1	5.01e-40	164	34.028	288	26	terminal uridylyltransferase 4 isoform X10 [Homo sapiens]
XP_002487018.1	XP_047272285.1	5.16e-40	164	34.146	287	25	terminal uridylyltransferase 4 isoform X7 [Homo sapiens]
XP_002487018.1	XP_016856293.1	5.31e-40	164	34.028	288	26	terminal uridylyltransferase 4 isoform X16 [Homo sapiens]
XP_002487018.1	XP_047272365.1	5.50e-40	164	34.138	290	25	terminal uridylyltransferase 4 isoform X38 [Homo sapiens]
XP_002487018.1	XP_016856299.1	5.54e-40	164	34.138	290	25	terminal uridylyltransferase 4 isoform X40 [Homo sapiens]
XP_002493638.1	NP_008930.2	1.11e-54	201	38.182	330	54	terminal nucleotidyltransferase 4A isoform 1 [Homo sapiens]
XP_002493638.1	NP_001165276.2	1.23e-54	201	38.182	330	54	terminal nucleotidyltransferase 4A isoform 2 [Homo sapiens]
XP_002493638.1	XP_047290433.1	1.55e-52	189	37.821	312	51	terminal nucleotidyltransferase 4B isoform X6 [Homo sapiens]
XP_002493638.1	XP_011521580.1	2.95e-52	189	37.821	312	51	terminal nucleotidyltransferase 4B isoform X5 [Homo sapiens]
XP_002493638.1	XP_047272622.1	4.58e-52	189	38.079	302	50	terminal nucleotidyltransferase 4A isoform X1 [Homo sapiens]
XP_002493638.1	XP_047272621.1	4.58e-52	189	38.079	302	50	terminal nucleotidyltransferase 4A isoform X1 [Homo sapiens]
XP_002493638.1	XP_047272620.1	4.58e-52	189	38.079	302	50	terminal nucleotidyltransferase 4A isoform X1 [Homo sapiens]
XP_002493638.1	NP_001035375.2	3.57e-51	189	37.048	332	55	terminal nucleotidyltransferase 4B isoform b [Homo sapiens]
XP_002493638.1	XP_011521578.1	3.61e-51	189	37.048	332	55	terminal nucleotidyltransferase 4B isoform X2 [Homo sapiens]
XP_002493638.1	NP_001035374.2	5.38e-51	189	37.048	332	55	terminal nucleotidyltransferase 4B isoform a [Homo sapiens]
XP_002495756.1	XP_047290433.1	3.64e-57	200	37.500	312	58	terminal nucleotidyltransferase 4B isoform X6 [Homo sapiens]
XP_002495756.1	XP_011521580.1	6.64e-57	200	37.500	312	58	terminal nucleotidyltransferase 4B isoform X5 [Homo sapiens]
XP_002495756.1	NP_001035375.2	2.24e-55	199	37.500	312	58	terminal nucleotidyltransferase 4B isoform b [Homo sapiens]
XP_002495756.1	XP_011521578.1	2.27e-55	199	37.500	312	58	terminal nucleotidyltransferase 4B isoform X2 [Homo sapiens]
XP_002495756.1	XP_047290432.1	2.70e-55	198	37.500	312	58	terminal nucleotidyltransferase 4B isoform X4 [Homo sapiens]
XP_002495756.1	XP_047290431.1	2.97e-55	199	37.500	312	58	terminal nucleotidyltransferase 4B isoform X3 [Homo sapiens]
XP_002495756.1	NP_001035374.2	3.21e-55	199	37.500	312	58	terminal nucleotidyltransferase 4B isoform a [Homo sapiens]
XP_002495756.1	XP_011521577.1	3.25e-55	199	37.500	312	58	terminal nucleotidyltransferase 4B isoform X1 [Homo sapiens]
XP_002495756.1	NP_008930.2	4.09e-55	200	36.422	313	58	terminal nucleotidyltransferase 4A isoform 1 [Homo sapiens]
XP_002495756.1	NP_001165276.2	4.30e-55	200	36.422	313	58	terminal nucleotidyltransferase 4A isoform 2 [Homo sapiens]
XP_002500013.1	XP_047290433.1	4.23e-68	221	39.100	289	98	terminal nucleotidyltransferase 4B isoform X6 [Homo sapiens]
XP_002500013.1	XP_011521580.1	1.34e-67	221	39.100	289	98	terminal nucleotidyltransferase 4B isoform X5 [Homo sapiens]
XP_002500013.1	XP_047290432.1	9.30e-67	221	38.699	292	99	terminal nucleotidyltransferase 4B isoform X4 [Homo sapiens]
XP_002500013.1	XP_047290431.1	1.51e-66	221	38.699	292	99	terminal nucleotidyltransferase 4B isoform X3 [Homo sapiens]
XP_002500013.1	NP_001035375.2	1.58e-66	221	38.699	292	99	terminal nucleotidyltransferase 4B isoform b [Homo sapiens]
XP_002500013.1	XP_011521578.1	1.61e-66	221	38.699	292	99	terminal nucleotidyltransferase 4B isoform X2 [Homo sapiens]
XP_002500013.1	NP_001352252.1	2.55e-66	221	38.699	292	99	terminal nucleotidyltransferase 4B isoform c [Homo sapiens]
XP_002500013.1	NP_001352253.1	3.24e-66	221	38.699	292	99	terminal nucleotidyltransferase 4B isoform d [Homo sapiens]
XP_002500013.1	NP_001035374.2	4.55e-66	221	38.699	292	99	terminal nucleotidyltransferase 4B isoform a [Homo sapiens]
XP_002500013.1	XP_011521577.1	4.62e-66	221	38.699	292	99	terminal nucleotidyltransferase 4B isoform X1 [Homo sapiens]
XP_002506204.1	NP_001336477.1	8.68e-18	77.0	44.944	89	100	poly(A) RNA polymerase GLD2 isoform 4 [Homo sapiens]
XP_002506204.1	XP_047272820.1	1.06e-17	76.6	44.944	89	100	poly(A) RNA polymerase GLD2 isoform X11 [Homo sapiens]
XP_002506204.1	NP_001375065.1	3.39e-17	76.3	44.944	89	100	poly(A) RNA polymerase GLD2 isoform 14 [Homo sapiens]
XP_002506204.1	NP_001375061.1	4.27e-17	76.6	44.944	89	100	poly(A) RNA polymerase GLD2 isoform 12 [Homo sapiens]
XP_002506204.1	NP_001375060.1	4.37e-17	76.3	44.944	89	100	poly(A) RNA polymerase GLD2 isoform 11 [Homo sapiens]
XP_002506204.1	XP_047272811.1	5.67e-17	76.3	44.944	89	100	poly(A) RNA polymerase GLD2 isoform X4 [Homo sapiens]
XP_002506204.1	XP_047272810.1	5.67e-17	76.3	44.944	89	100	poly(A) RNA polymerase GLD2 isoform X4 [Homo sapiens]
XP_002506204.1	XP_047272809.1	5.67e-17	76.3	44.944	89	100	poly(A) RNA polymerase GLD2 isoform X4 [Homo sapiens]
XP_002506204.1	NP_001375058.1	5.67e-17	76.3	44.944	89	100	poly(A) RNA polymerase GLD2 isoform 2 [Homo sapiens]
XP_002506204.1	NP_001375057.1	5.67e-17	76.3	44.944	89	100	poly(A) RNA polymerase GLD2 isoform 2 [Homo sapiens]
XP_002508084.1	XP_047290433.1	7.28e-30	127	31.438	299	27	terminal nucleotidyltransferase 4B isoform X6 [Homo sapiens]
XP_002508084.1	XP_011521580.1	9.25e-30	127	31.438	299	27	terminal nucleotidyltransferase 4B isoform X5 [Homo sapiens]
XP_002508084.1	NP_001035374.2	4.98e-29	127	31.544	298	27	terminal nucleotidyltransferase 4B isoform a [Homo sapiens]
XP_002508084.1	XP_011521577.1	5.00e-29	127	31.544	298	27	terminal nucleotidyltransferase 4B isoform X1 [Homo sapiens]
XP_002508084.1	NP_001352253.1	5.51e-29	127	31.544	298	27	terminal nucleotidyltransferase 4B isoform d [Homo sapiens]
XP_002508084.1	NP_001035375.2	5.96e-29	126	31.544	298	27	terminal nucleotidyltransferase 4B isoform b [Homo sapiens]
XP_002508084.1	XP_011521578.1	5.99e-29	126	31.544	298	27	terminal nucleotidyltransferase 4B isoform X2 [Homo sapiens]
XP_002508084.1	XP_047290431.1	6.36e-29	126	31.544	298	27	terminal nucleotidyltransferase 4B isoform X3 [Homo sapiens]
XP_002508084.1	NP_001352252.1	8.39e-29	126	31.544	298	27	terminal nucleotidyltransferase 4B isoform c [Homo sapiens]
XP_002508084.1	XP_047290432.1	8.69e-29	125	31.544	298	27	terminal nucleotidyltransferase 4B isoform X4 [Homo sapiens]
XP_002524216.2	NP_001375060.1	2.03e-19	93.2	26.855	283	57	poly(A) RNA polymerase GLD2 isoform 11 [Homo sapiens]
XP_002524216.2	XP_047272808.1	2.09e-19	93.2	26.855	283	57	poly(A) RNA polymerase GLD2 isoform X3 [Homo sapiens]
XP_002524216.2	XP_047272807.1	2.09e-19	93.2	26.855	283	57	poly(A) RNA polymerase GLD2 isoform X3 [Homo sapiens]
XP_002524216.2	XP_047272806.1	2.09e-19	93.2	26.855	283	57	poly(A) RNA polymerase GLD2 isoform X3 [Homo sapiens]
XP_002524216.2	NP_776158.2	2.09e-19	93.2	26.855	283	57	poly(A) RNA polymerase GLD2 isoform 1 [Homo sapiens]
XP_002524216.2	NP_001375041.1	2.09e-19	93.2	26.855	283	57	poly(A) RNA polymerase GLD2 isoform 1 [Homo sapiens]
XP_002524216.2	NP_001375040.1	2.09e-19	93.2	26.855	283	57	poly(A) RNA polymerase GLD2 isoform 1 [Homo sapiens]
XP_002524216.2	NP_001375039.1	2.09e-19	93.2	26.855	283	57	poly(A) RNA polymerase GLD2 isoform 1 [Homo sapiens]
XP_002524216.2	NP_001375038.1	2.09e-19	93.2	26.855	283	57	poly(A) RNA polymerase GLD2 isoform 1 [Homo sapiens]
XP_002524216.2	NP_001375037.1	2.09e-19	93.2	26.855	283	57	poly(A) RNA polymerase GLD2 isoform 1 [Homo sapiens]
XP_002542107.1	XP_047290433.1	1.68e-46	174	31.596	307	44	terminal nucleotidyltransferase 4B isoform X6 [Homo sapiens]
XP_002542107.1	XP_011521580.1	4.50e-46	174	31.596	307	44	terminal nucleotidyltransferase 4B isoform X5 [Homo sapiens]
XP_002542107.1	NP_001035375.2	1.91e-45	174	31.596	307	44	terminal nucleotidyltransferase 4B isoform b [Homo sapiens]
XP_002542107.1	XP_011521578.1	1.93e-45	174	31.596	307	44	terminal nucleotidyltransferase 4B isoform X2 [Homo sapiens]
XP_002542107.1	NP_001035374.2	3.63e-45	174	31.596	307	44	terminal nucleotidyltransferase 4B isoform a [Homo sapiens]
XP_002542107.1	XP_011521577.1	3.67e-45	174	31.596	307	44	terminal nucleotidyltransferase 4B isoform X1 [Homo sapiens]
XP_002542107.1	XP_047290432.1	5.72e-45	172	31.596	307	44	terminal nucleotidyltransferase 4B isoform X4 [Homo sapiens]
XP_002542107.1	XP_047290431.1	6.08e-45	173	31.596	307	44	terminal nucleotidyltransferase 4B isoform X3 [Homo sapiens]
XP_002542107.1	NP_001352252.1	9.52e-45	172	31.596	307	44	terminal nucleotidyltransferase 4B isoform c [Homo sapiens]
XP_002542107.1	NP_001352253.1	1.10e-44	172	31.596	307	44	terminal nucleotidyltransferase 4B isoform d [Homo sapiens]
XP_002543040.1	XP_047272325.1	7.77e-16	83.6	29.961	257	49	terminal uridylyltransferase 4 isoform X23 [Homo sapiens]
XP_002543040.1	XP_047272290.1	8.52e-16	83.6	29.961	257	49	terminal uridylyltransferase 4 isoform X11 [Homo sapiens]
XP_002543040.1	XP_011539401.1	8.74e-16	83.6	29.961	257	49	terminal uridylyltransferase 4 isoform X29 [Homo sapiens]
XP_002543040.1	XP_047272286.1	8.76e-16	83.6	29.961	257	49	terminal uridylyltransferase 4 isoform X8 [Homo sapiens]
XP_002543040.1	XP_005270739.1	8.80e-16	83.6	29.961	257	49	terminal uridylyltransferase 4 isoform X33 [Homo sapiens]
XP_002543040.1	XP_047272344.1	8.89e-16	83.6	29.961	257	49	terminal uridylyltransferase 4 isoform X30 [Homo sapiens]
XP_002543040.1	XP_047272350.1	9.03e-16	83.6	29.961	257	49	terminal uridylyltransferase 4 isoform X34 [Homo sapiens]
XP_002543040.1	XP_047272345.1	9.04e-16	83.6	29.961	257	49	terminal uridylyltransferase 4 isoform X31 [Homo sapiens]
XP_002543040.1	XP_016856295.1	9.08e-16	83.6	29.961	257	49	terminal uridylyltransferase 4 isoform X25 [Homo sapiens]
XP_002543040.1	XP_005270735.1	9.43e-16	83.6	29.961	257	49	terminal uridylyltransferase 4 isoform X2 [Homo sapiens]
XP_002544722.1	NP_001336477.1	8.93e-23	101	33.333	213	17	poly(A) RNA polymerase GLD2 isoform 4 [Homo sapiens]
XP_002544722.1	XP_047272820.1	2.57e-22	100	34.673	199	15	poly(A) RNA polymerase GLD2 isoform X11 [Homo sapiens]
XP_002544722.1	NP_001375059.1	4.94e-22	103	27.797	295	22	poly(A) RNA polymerase GLD2 isoform 10 [Homo sapiens]
XP_002544722.1	XP_047272811.1	4.98e-22	103	27.797	295	22	poly(A) RNA polymerase GLD2 isoform X4 [Homo sapiens]
XP_002544722.1	XP_047272810.1	4.98e-22	103	27.797	295	22	poly(A) RNA polymerase GLD2 isoform X4 [Homo sapiens]
XP_002544722.1	XP_047272809.1	4.98e-22	103	27.797	295	22	poly(A) RNA polymerase GLD2 isoform X4 [Homo sapiens]
XP_002544722.1	NP_001375058.1	4.98e-22	103	27.797	295	22	poly(A) RNA polymerase GLD2 isoform 2 [Homo sapiens]
XP_002544722.1	NP_001375057.1	4.98e-22	103	27.797	295	22	poly(A) RNA polymerase GLD2 isoform 2 [Homo sapiens]
XP_002544722.1	NP_001375056.1	4.98e-22	103	27.797	295	22	poly(A) RNA polymerase GLD2 isoform 2 [Homo sapiens]
XP_002544722.1	NP_001375055.1	4.98e-22	103	27.797	295	22	poly(A) RNA polymerase GLD2 isoform 2 [Homo sapiens]
XP_002550238.1	XP_047290433.1	1.95e-55	197	40.635	315	52	terminal nucleotidyltransferase 4B isoform X6 [Homo sapiens]
XP_002550238.1	XP_011521580.1	3.09e-55	197	40.635	315	52	terminal nucleotidyltransferase 4B isoform X5 [Homo sapiens]
XP_002550238.1	NP_008930.2	7.00e-55	201	39.339	333	55	terminal nucleotidyltransferase 4A isoform 1 [Homo sapiens]
XP_002550238.1	NP_001165276.2	7.21e-55	201	39.339	333	55	terminal nucleotidyltransferase 4A isoform 2 [Homo sapiens]
XP_002550238.1	NP_001035374.2	7.04e-54	197	40.190	316	52	terminal nucleotidyltransferase 4B isoform a [Homo sapiens]
XP_002550238.1	XP_011521577.1	7.13e-54	197	40.190	316	52	terminal nucleotidyltransferase 4B isoform X1 [Homo sapiens]
XP_002550238.1	NP_001035375.2	7.84e-54	196	40.635	315	52	terminal nucleotidyltransferase 4B isoform b [Homo sapiens]
XP_002550238.1	XP_011521578.1	7.95e-54	196	40.635	315	52	terminal nucleotidyltransferase 4B isoform X2 [Homo sapiens]
XP_002550238.1	XP_047290432.1	9.35e-54	196	40.190	316	52	terminal nucleotidyltransferase 4B isoform X4 [Homo sapiens]
XP_002550238.1	NP_001352252.1	1.00e-53	197	40.190	316	52	terminal nucleotidyltransferase 4B isoform c [Homo sapiens]
XP_002551518.1	XP_047290433.1	1.73e-62	216	38.264	311	51	terminal nucleotidyltransferase 4B isoform X6 [Homo sapiens]
XP_002551518.1	XP_011521580.1	3.17e-62	217	38.264	311	51	terminal nucleotidyltransferase 4B isoform X5 [Homo sapiens]
XP_002551518.1	NP_001035375.2	6.04e-61	216	38.264	311	51	terminal nucleotidyltransferase 4B isoform b [Homo sapiens]
XP_002551518.1	XP_011521578.1	6.14e-61	216	38.264	311	51	terminal nucleotidyltransferase 4B isoform X2 [Homo sapiens]
XP_002551518.1	NP_001035374.2	6.52e-61	217	38.264	311	51	terminal nucleotidyltransferase 4B isoform a [Homo sapiens]
XP_002551518.1	XP_011521577.1	6.62e-61	217	38.264	311	51	terminal nucleotidyltransferase 4B isoform X1 [Homo sapiens]
XP_002551518.1	XP_047290432.1	8.15e-61	216	38.264	311	51	terminal nucleotidyltransferase 4B isoform X4 [Homo sapiens]
XP_002551518.1	XP_047290431.1	8.17e-61	216	38.264	311	51	terminal nucleotidyltransferase 4B isoform X3 [Homo sapiens]
XP_002551518.1	NP_001352252.1	9.41e-61	216	38.264	311	51	terminal nucleotidyltransferase 4B isoform c [Homo sapiens]
XP_002551518.1	NP_001352253.1	1.19e-60	216	38.264	311	51	terminal nucleotidyltransferase 4B isoform d [Homo sapiens]
XP_002565473.2	NP_001317647.1	6.82e-39	159	34.797	296	26	terminal uridylyltransferase 7 isoform 3 [Homo sapiens]
XP_002565473.2	XP_047279823.1	8.95e-39	160	34.797	296	26	terminal uridylyltransferase 7 isoform X2 [Homo sapiens]
XP_002565473.2	XP_006717346.1	8.95e-39	160	34.797	296	26	terminal uridylyltransferase 7 isoform X2 [Homo sapiens]
XP_002565473.2	XP_016870620.1	1.46e-38	159	34.797	296	26	terminal uridylyltransferase 7 isoform X4 [Homo sapiens]
XP_002565473.2	XP_016870619.1	1.46e-38	159	34.797	296	26	terminal uridylyltransferase 7 isoform X4 [Homo sapiens]
XP_002565473.2	NP_078893.2	1.46e-38	159	34.797	296	26	terminal uridylyltransferase 7 isoform 1 [Homo sapiens]
XP_002565473.2	NP_001171988.1	1.46e-38	159	34.797	296	26	terminal uridylyltransferase 7 isoform 1 [Homo sapiens]
XP_002565473.2	XP_011517318.1	1.57e-38	159	34.797	296	26	terminal uridylyltransferase 7 isoform X5 [Homo sapiens]
XP_002565473.2	XP_011517317.1	1.71e-38	159	34.797	296	26	terminal uridylyltransferase 7 isoform X3 [Homo sapiens]
XP_002565473.2	XP_047279825.1	1.71e-38	159	34.797	296	26	terminal uridylyltransferase 7 isoform X6 [Homo sapiens]
XP_002618757.2	NP_008930.2	8.43e-57	206	40.594	303	53	terminal nucleotidyltransferase 4A isoform 1 [Homo sapiens]
XP_002618757.2	NP_001165276.2	1.02e-56	206	40.594	303	53	terminal nucleotidyltransferase 4A isoform 2 [Homo sapiens]
XP_002618757.2	XP_047272622.1	1.06e-54	196	40.000	295	51	terminal nucleotidyltransferase 4A isoform X1 [Homo sapiens]
XP_002618757.2	XP_047272621.1	1.06e-54	196	40.000	295	51	terminal nucleotidyltransferase 4A isoform X1 [Homo sapiens]
XP_002618757.2	XP_047272620.1	1.06e-54	196	40.000	295	51	terminal nucleotidyltransferase 4A isoform X1 [Homo sapiens]
XP_002618757.2	XP_047290433.1	2.08e-54	193	40.132	304	53	terminal nucleotidyltransferase 4B isoform X6 [Homo sapiens]
XP_002618757.2	XP_011521580.1	2.74e-54	194	40.132	304	53	terminal nucleotidyltransferase 4B isoform X5 [Homo sapiens]
XP_002618757.2	NP_001035375.2	7.09e-53	193	40.132	304	53	terminal nucleotidyltransferase 4B isoform b [Homo sapiens]
XP_002618757.2	XP_011521578.1	7.19e-53	193	40.132	304	53	terminal nucleotidyltransferase 4B isoform X2 [Homo sapiens]
XP_002618757.2	NP_001035374.2	9.25e-53	193	40.132	304	53	terminal nucleotidyltransferase 4B isoform a [Homo sapiens]
XP_002621078.1	XP_047272384.1	5.46e-34	144	33.562	292	24	terminal uridylyltransferase 4 isoform X46 [Homo sapiens]
XP_002621078.1	XP_047279823.1	2.66e-33	142	32.180	289	24	terminal uridylyltransferase 7 isoform X2 [Homo sapiens]
XP_002621078.1	XP_006717346.1	2.66e-33	142	32.180	289	24	terminal uridylyltransferase 7 isoform X2 [Homo sapiens]
XP_002621078.1	XP_005270739.1	2.83e-33	142	33.562	292	24	terminal uridylyltransferase 4 isoform X33 [Homo sapiens]
XP_002621078.1	XP_016856297.1	2.89e-33	142	33.562	292	24	terminal uridylyltransferase 4 isoform X36 [Homo sapiens]
XP_002621078.1	XP_011539401.1	2.92e-33	142	33.562	292	24	terminal uridylyltransferase 4 isoform X29 [Homo sapiens]
XP_002621078.1	XP_016856292.1	2.92e-33	142	33.562	292	24	terminal uridylyltransferase 4 isoform X9 [Homo sapiens]
XP_002621078.1	XP_047272345.1	3.04e-33	142	33.562	292	24	terminal uridylyltransferase 4 isoform X31 [Homo sapiens]
XP_002621078.1	XP_016856299.1	3.20e-33	142	33.562	292	24	terminal uridylyltransferase 4 isoform X40 [Homo sapiens]
XP_002621078.1	XP_016870620.1	3.40e-33	142	32.180	289	24	terminal uridylyltransferase 7 isoform X4 [Homo sapiens]
XP_002622545.1	XP_047290433.1	2.98e-45	170	32.573	307	44	terminal nucleotidyltransferase 4B isoform X6 [Homo sapiens]
XP_002622545.1	XP_011521580.1	4.99e-45	171	32.573	307	44	terminal nucleotidyltransferase 4B isoform X5 [Homo sapiens]
XP_002622545.1	NP_001165276.2	6.72e-45	174	32.738	336	48	terminal nucleotidyltransferase 4A isoform 2 [Homo sapiens]
XP_002622545.1	NP_008930.2	7.15e-45	174	32.738	336	48	terminal nucleotidyltransferase 4A isoform 1 [Homo sapiens]
XP_002622545.1	NP_001035375.2	4.46e-44	170	32.573	307	44	terminal nucleotidyltransferase 4B isoform b [Homo sapiens]
XP_002622545.1	XP_011521578.1	4.51e-44	170	32.573	307	44	terminal nucleotidyltransferase 4B isoform X2 [Homo sapiens]
XP_002622545.1	NP_001035374.2	5.76e-44	170	32.903	310	44	terminal nucleotidyltransferase 4B isoform a [Homo sapiens]
XP_002622545.1	XP_011521577.1	5.81e-44	170	32.903	310	44	terminal nucleotidyltransferase 4B isoform X1 [Homo sapiens]
XP_002622545.1	NP_001352253.1	9.15e-44	170	32.903	310	44	terminal nucleotidyltransferase 4B isoform d [Homo sapiens]
XP_002622545.1	XP_047290432.1	9.24e-44	169	32.573	307	44	terminal nucleotidyltransferase 4B isoform X4 [Homo sapiens]
XP_002635156.1	NP_001375065.1	3.41e-13	72.8	24.638	276	66	poly(A) RNA polymerase GLD2 isoform 14 [Homo sapiens]
XP_002635156.1	NP_001375061.1	7.44e-13	72.4	24.638	276	66	poly(A) RNA polymerase GLD2 isoform 12 [Homo sapiens]
XP_002635156.1	NP_001375059.1	7.48e-13	72.4	24.638	276	66	poly(A) RNA polymerase GLD2 isoform 10 [Homo sapiens]
XP_002635156.1	XP_047272811.1	7.49e-13	72.4	24.638	276	66	poly(A) RNA polymerase GLD2 isoform X4 [Homo sapiens]
XP_002635156.1	XP_047272810.1	7.49e-13	72.4	24.638	276	66	poly(A) RNA polymerase GLD2 isoform X4 [Homo sapiens]
XP_002635156.1	XP_047272809.1	7.49e-13	72.4	24.638	276	66	poly(A) RNA polymerase GLD2 isoform X4 [Homo sapiens]
XP_002635156.1	NP_001375058.1	7.49e-13	72.4	24.638	276	66	poly(A) RNA polymerase GLD2 isoform 2 [Homo sapiens]
XP_002635156.1	NP_001375057.1	7.49e-13	72.4	24.638	276	66	poly(A) RNA polymerase GLD2 isoform 2 [Homo sapiens]
XP_002635156.1	NP_001375056.1	7.49e-13	72.4	24.638	276	66	poly(A) RNA polymerase GLD2 isoform 2 [Homo sapiens]
XP_002635156.1	NP_001375055.1	7.49e-13	72.4	24.638	276	66	poly(A) RNA polymerase GLD2 isoform 2 [Homo sapiens]
XP_002637804.1	NP_065861.3	1.99e-67	238	33.259	448	38	tRNA (guanine(37)-N(1))-methyltransferase isoform 3 [Homo sapiens]
XP_002637804.1	NP_001337182.1	2.83e-67	239	33.259	448	38	tRNA (guanine(37)-N(1))-methyltransferase isoform 1 [Homo sapiens]
XP_002637804.1	NP_001337183.1	3.73e-67	238	33.259	448	38	tRNA (guanine(37)-N(1))-methyltransferase isoform 2 [Homo sapiens]
XP_002637804.1	NP_001375065.1	1.42e-13	76.3	27.442	215	18	poly(A) RNA polymerase GLD2 isoform 14 [Homo sapiens]
XP_002637804.1	NP_001375061.1	3.29e-13	75.9	27.442	215	18	poly(A) RNA polymerase GLD2 isoform 12 [Homo sapiens]
XP_002637804.1	NP_001375030.1	3.68e-13	75.9	27.442	215	18	poly(A) RNA polymerase GLD2 isoform 9 [Homo sapiens]
XP_002637804.1	XP_047272811.1	4.04e-13	75.9	27.442	215	18	poly(A) RNA polymerase GLD2 isoform X4 [Homo sapiens]
XP_002637804.1	XP_047272810.1	4.04e-13	75.9	27.442	215	18	poly(A) RNA polymerase GLD2 isoform X4 [Homo sapiens]
XP_002637804.1	XP_047272809.1	4.04e-13	75.9	27.442	215	18	poly(A) RNA polymerase GLD2 isoform X4 [Homo sapiens]
XP_002637804.1	NP_001375058.1	4.04e-13	75.9	27.442	215	18	poly(A) RNA polymerase GLD2 isoform 2 [Homo sapiens]
XP_002640105.1	XP_047272801.1	1.27e-21	99.8	27.545	334	73	poly(A) RNA polymerase GLD2 isoform X1 [Homo sapiens]
XP_002640105.1	XP_047272800.1	1.27e-21	99.8	27.545	334	73	poly(A) RNA polymerase GLD2 isoform X1 [Homo sapiens]
XP_002640105.1	XP_011541527.1	1.27e-21	99.8	27.545	334	73	poly(A) RNA polymerase GLD2 isoform X1 [Homo sapiens]
XP_002640105.1	XP_011541526.1	1.27e-21	99.8	27.545	334	73	poly(A) RNA polymerase GLD2 isoform X1 [Homo sapiens]
XP_002640105.1	XP_011541523.1	1.27e-21	99.8	27.545	334	73	poly(A) RNA polymerase GLD2 isoform X1 [Homo sapiens]
XP_002640105.1	XP_011541522.1	1.27e-21	99.8	27.545	334	73	poly(A) RNA polymerase GLD2 isoform X1 [Homo sapiens]
XP_002640105.1	NP_001375023.1	1.27e-21	99.8	27.545	334	73	poly(A) RNA polymerase GLD2 isoform 5 [Homo sapiens]
XP_002640105.1	NP_001375022.1	1.27e-21	99.8	27.545	334	73	poly(A) RNA polymerase GLD2 isoform 5 [Homo sapiens]
XP_002640105.1	NP_001336479.1	1.27e-21	99.8	27.545	334	73	poly(A) RNA polymerase GLD2 isoform 5 [Homo sapiens]
XP_002640105.1	NP_001336478.1	1.27e-21	99.8	27.545	334	73	poly(A) RNA polymerase GLD2 isoform 5 [Homo sapiens]
XP_002647026.1	XP_047272344.1	4.49e-41	160	33.333	294	57	terminal uridylyltransferase 4 isoform X30 [Homo sapiens]
XP_002647026.1	XP_047272296.1	4.68e-41	160	33.333	294	57	terminal uridylyltransferase 4 isoform X13 [Homo sapiens]
XP_002647026.1	XP_047272290.1	4.69e-41	160	33.333	294	57	terminal uridylyltransferase 4 isoform X11 [Homo sapiens]
XP_002647026.1	XP_047272372.1	4.74e-41	160	33.333	294	57	terminal uridylyltransferase 4 isoform X42 [Homo sapiens]
XP_002647026.1	XP_047272305.1	4.81e-41	160	33.333	294	57	terminal uridylyltransferase 4 isoform X17 [Homo sapiens]
XP_002647026.1	XP_047272295.1	4.91e-41	160	33.333	294	57	terminal uridylyltransferase 4 isoform X12 [Homo sapiens]
XP_002647026.1	XP_047272286.1	4.91e-41	160	33.333	294	57	terminal uridylyltransferase 4 isoform X8 [Homo sapiens]
XP_002647026.1	XP_047272350.1	5.25e-41	160	33.333	294	57	terminal uridylyltransferase 4 isoform X34 [Homo sapiens]
XP_002647026.1	XP_005270739.1	1.93e-40	158	34.182	275	53	terminal uridylyltransferase 4 isoform X33 [Homo sapiens]
XP_002647026.1	XP_047272325.1	1.98e-40	158	34.182	275	53	terminal uridylyltransferase 4 isoform X23 [Homo sapiens]
XP_002649102.1	XP_011521580.1	5.32e-48	182	35.816	282	29	terminal nucleotidyltransferase 4B isoform X5 [Homo sapiens]
XP_002649102.1	XP_047290433.1	7.37e-48	180	36.713	286	29	terminal nucleotidyltransferase 4B isoform X6 [Homo sapiens]
XP_002649102.1	NP_001035374.2	8.05e-47	181	35.689	283	29	terminal nucleotidyltransferase 4B isoform a [Homo sapiens]
XP_002649102.1	XP_011521577.1	8.14e-47	181	35.689	283	29	terminal nucleotidyltransferase 4B isoform X1 [Homo sapiens]
XP_002649102.1	NP_001035375.2	1.10e-46	180	35.689	283	29	terminal nucleotidyltransferase 4B isoform b [Homo sapiens]
XP_002649102.1	XP_011521578.1	1.12e-46	180	35.689	283	29	terminal nucleotidyltransferase 4B isoform X2 [Homo sapiens]
XP_002649102.1	NP_001352252.1	2.69e-46	180	35.689	283	29	terminal nucleotidyltransferase 4B isoform c [Homo sapiens]
XP_002649102.1	NP_001352253.1	2.91e-46	180	35.689	283	29	terminal nucleotidyltransferase 4B isoform d [Homo sapiens]
XP_002649102.1	XP_047290432.1	3.45e-46	179	36.585	287	29	terminal nucleotidyltransferase 4B isoform X4 [Homo sapiens]
XP_002649102.1	XP_047290431.1	4.60e-46	179	36.585	287	29	terminal nucleotidyltransferase 4B isoform X3 [Homo sapiens]
XP_002669192.1	NP_689596.4	1.93e-40	166	28.007	557	25	DIS3-like exonuclease 2 isoform 1 [Homo sapiens]
XP_002669192.1	NP_001310872.1	2.09e-32	139	25.222	563	25	DIS3-like exonuclease 1 isoform 4 [Homo sapiens]
XP_002669192.1	NP_001310869.1	2.09e-32	139	25.222	563	25	DIS3-like exonuclease 1 isoform 4 [Homo sapiens]
XP_002669192.1	NP_001310875.1	5.58e-32	139	25.222	563	25	DIS3-like exonuclease 1 isoform 3 [Homo sapiens]
XP_002669192.1	NP_001310870.1	5.58e-32	139	25.222	563	25	DIS3-like exonuclease 1 isoform 3 [Homo sapiens]
XP_002669192.1	NP_001310868.1	5.58e-32	139	25.222	563	25	DIS3-like exonuclease 1 isoform 3 [Homo sapiens]
XP_002669192.1	NP_001310867.1	5.58e-32	139	25.222	563	25	DIS3-like exonuclease 1 isoform 3 [Homo sapiens]
XP_002669192.1	NP_001310866.1	6.98e-32	139	25.222	563	25	DIS3-like exonuclease 1 isoform 5 [Homo sapiens]
XP_002669192.1	NP_001310877.1	8.08e-32	139	25.222	563	25	DIS3-like exonuclease 1 isoform 7 [Homo sapiens]
XP_002669192.1	NP_588616.1	8.30e-32	139	25.222	563	25	DIS3-like exonuclease 1 isoform 2 [Homo sapiens]
XP_002678238.1	NP_001375027.1	4.10e-30	127	26.794	418	62	poly(A) RNA polymerase GLD2 isoform 7 [Homo sapiens]
XP_002678238.1	XP_047272805.1	4.10e-30	127	26.794	418	62	poly(A) RNA polymerase GLD2 isoform X2 [Homo sapiens]
XP_002678238.1	XP_047272804.1	4.10e-30	127	26.794	418	62	poly(A) RNA polymerase GLD2 isoform X2 [Homo sapiens]
XP_002678238.1	XP_047272803.1	4.10e-30	127	26.794	418	62	poly(A) RNA polymerase GLD2 isoform X2 [Homo sapiens]
XP_002678238.1	XP_047272802.1	4.10e-30	127	26.794	418	62	poly(A) RNA polymerase GLD2 isoform X2 [Homo sapiens]
XP_002678238.1	XP_016864641.1	4.10e-30	127	26.794	418	62	poly(A) RNA polymerase GLD2 isoform X2 [Homo sapiens]
XP_002678238.1	NP_001375026.1	4.10e-30	127	26.794	418	62	poly(A) RNA polymerase GLD2 isoform 6 [Homo sapiens]
XP_002678238.1	NP_001375025.1	4.10e-30	127	26.794	418	62	poly(A) RNA polymerase GLD2 isoform 6 [Homo sapiens]
XP_002678238.1	NP_001375024.1	4.10e-30	127	26.794	418	62	poly(A) RNA polymerase GLD2 isoform 6 [Homo sapiens]
XP_002678238.1	NP_001336480.1	4.10e-30	127	26.794	418	62	poly(A) RNA polymerase GLD2 isoform 6 [Homo sapiens]
XP_002692192.2	NP_060579.3	0.0	961	80.171	585	100	poly(A) RNA polymerase, mitochondrial precursor [Homo sapiens]
XP_002692192.2	NP_073741.3	3.29e-39	156	34.440	241	39	speckle targeted PIP5K1A-regulated poly(A) polymerase isoform 1 [Homo sapiens]
XP_002692192.2	XP_011539399.1	3.56e-21	101	27.473	273	45	terminal uridylyltransferase 4 isoform X1 [Homo sapiens]
XP_002692192.2	XP_005270733.1	3.56e-21	101	27.473	273	45	terminal uridylyltransferase 4 isoform X1 [Homo sapiens]
XP_002692192.2	XP_005270735.1	3.62e-21	101	27.473	273	45	terminal uridylyltransferase 4 isoform X2 [Homo sapiens]
XP_002692192.2	XP_047272345.1	3.64e-21	100	27.473	273	45	terminal uridylyltransferase 4 isoform X31 [Homo sapiens]
XP_002692192.2	XP_047272286.1	3.97e-21	100	27.473	273	45	terminal uridylyltransferase 4 isoform X8 [Homo sapiens]
XP_002692192.2	XP_005270739.1	4.04e-21	100	27.473	273	45	terminal uridylyltransferase 4 isoform X33 [Homo sapiens]
XP_002692192.2	XP_047272296.1	4.14e-21	100	27.473	273	45	terminal uridylyltransferase 4 isoform X13 [Homo sapiens]
XP_002692192.2	XP_016856292.1	4.14e-21	100	27.473	273	45	terminal uridylyltransferase 4 isoform X9 [Homo sapiens]
XP_002717334.1	NP_060579.3	0.0	899	75.726	585	100	poly(A) RNA polymerase, mitochondrial precursor [Homo sapiens]
XP_002717334.1	NP_073741.3	6.60e-41	161	34.440	241	40	speckle targeted PIP5K1A-regulated poly(A) polymerase isoform 1 [Homo sapiens]
XP_002717334.1	XP_011539401.1	5.92e-21	100	27.143	280	46	terminal uridylyltransferase 4 isoform X29 [Homo sapiens]
XP_002717334.1	XP_047272290.1	5.94e-21	100	27.143	280	46	terminal uridylyltransferase 4 isoform X11 [Homo sapiens]
XP_002717334.1	XP_047272345.1	5.96e-21	100	27.143	280	46	terminal uridylyltransferase 4 isoform X31 [Homo sapiens]
XP_002717334.1	XP_047272285.1	6.05e-21	100	27.143	280	46	terminal uridylyltransferase 4 isoform X7 [Homo sapiens]
XP_002717334.1	XP_047272325.1	6.21e-21	100	27.143	280	46	terminal uridylyltransferase 4 isoform X23 [Homo sapiens]
XP_002717334.1	XP_047272344.1	6.29e-21	100	27.143	280	46	terminal uridylyltransferase 4 isoform X30 [Homo sapiens]
XP_002717334.1	XP_047272365.1	6.49e-21	100	27.143	280	46	terminal uridylyltransferase 4 isoform X38 [Homo sapiens]
XP_002717334.1	XP_016856296.1	6.54e-21	100	27.143	280	46	terminal uridylyltransferase 4 isoform X28 [Homo sapiens]
XP_002721862.2	NP_008930.2	0.0	1288	91.709	796	100	terminal nucleotidyltransferase 4A isoform 1 [Homo sapiens]
XP_002721862.2	NP_001165276.2	0.0	1280	91.583	796	100	terminal nucleotidyltransferase 4A isoform 2 [Homo sapiens]
XP_002721862.2	XP_047272622.1	0.0	979	94.280	542	68	terminal nucleotidyltransferase 4A isoform X1 [Homo sapiens]
XP_002721862.2	XP_047272621.1	0.0	979	94.280	542	68	terminal nucleotidyltransferase 4A isoform X1 [Homo sapiens]
XP_002721862.2	XP_047272620.1	0.0	979	94.280	542	68	terminal nucleotidyltransferase 4A isoform X1 [Homo sapiens]
XP_002721862.2	XP_047272623.1	0.0	960	94.371	533	67	terminal nucleotidyltransferase 4A isoform X2 [Homo sapiens]
XP_002721862.2	XP_016864477.1	0.0	960	94.371	533	67	terminal nucleotidyltransferase 4A isoform X2 [Homo sapiens]
XP_002721862.2	XP_047272624.1	0.0	954	94.184	533	67	terminal nucleotidyltransferase 4A isoform X3 [Homo sapiens]
XP_002721862.2	NP_001352252.1	0.0	551	65.777	412	51	terminal nucleotidyltransferase 4B isoform c [Homo sapiens]
XP_002721862.2	XP_011521577.1	0.0	551	65.777	412	51	terminal nucleotidyltransferase 4B isoform X1 [Homo sapiens]
XP_002732726.1	NP_001375065.1	1.64e-60	207	39.193	347	58	poly(A) RNA polymerase GLD2 isoform 14 [Homo sapiens]
XP_002732726.1	NP_001375061.1	8.49e-60	207	38.682	349	58	poly(A) RNA polymerase GLD2 isoform 12 [Homo sapiens]
XP_002732726.1	XP_047272811.1	1.38e-59	207	38.682	349	58	poly(A) RNA polymerase GLD2 isoform X4 [Homo sapiens]
XP_002732726.1	XP_047272810.1	1.38e-59	207	38.682	349	58	poly(A) RNA polymerase GLD2 isoform X4 [Homo sapiens]
XP_002732726.1	XP_047272809.1	1.38e-59	207	38.682	349	58	poly(A) RNA polymerase GLD2 isoform X4 [Homo sapiens]
XP_002732726.1	NP_001375058.1	1.38e-59	207	38.682	349	58	poly(A) RNA polymerase GLD2 isoform 2 [Homo sapiens]
XP_002732726.1	NP_001375057.1	1.38e-59	207	38.682	349	58	poly(A) RNA polymerase GLD2 isoform 2 [Homo sapiens]
XP_002732726.1	NP_001375056.1	1.38e-59	207	38.682	349	58	poly(A) RNA polymerase GLD2 isoform 2 [Homo sapiens]
XP_002732726.1	NP_001375055.1	1.38e-59	207	38.682	349	58	poly(A) RNA polymerase GLD2 isoform 2 [Homo sapiens]
XP_002732726.1	NP_001375054.1	1.38e-59	207	38.682	349	58	poly(A) RNA polymerase GLD2 isoform 2 [Homo sapiens]
XP_002742099.2	NP_060579.3	3.48e-132	400	41.822	483	80	poly(A) RNA polymerase, mitochondrial precursor [Homo sapiens]
XP_002742099.2	NP_073741.3	1.40e-37	151	34.426	244	39	speckle targeted PIP5K1A-regulated poly(A) polymerase isoform 1 [Homo sapiens]
XP_002742099.2	NP_001375065.1	8.62e-24	105	24.033	362	59	poly(A) RNA polymerase GLD2 isoform 14 [Homo sapiens]
XP_002742099.2	NP_001375042.1	2.11e-23	106	24.586	362	59	poly(A) RNA polymerase GLD2 isoform 16 [Homo sapiens]
XP_002742099.2	XP_047272808.1	2.18e-23	106	24.586	362	59	poly(A) RNA polymerase GLD2 isoform X3 [Homo sapiens]
XP_002742099.2	XP_047272807.1	2.18e-23	106	24.586	362	59	poly(A) RNA polymerase GLD2 isoform X3 [Homo sapiens]
XP_002742099.2	XP_047272806.1	2.18e-23	106	24.586	362	59	poly(A) RNA polymerase GLD2 isoform X3 [Homo sapiens]
XP_002742099.2	NP_776158.2	2.18e-23	106	24.586	362	59	poly(A) RNA polymerase GLD2 isoform 1 [Homo sapiens]
XP_002742099.2	NP_001375041.1	2.18e-23	106	24.586	362	59	poly(A) RNA polymerase GLD2 isoform 1 [Homo sapiens]
XP_002742099.2	NP_001375040.1	2.18e-23	106	24.586	362	59	poly(A) RNA polymerase GLD2 isoform 1 [Homo sapiens]
XP_002742930.3	XP_047279823.1	0.0	2949	94.289	1541	100	terminal uridylyltransferase 7 isoform X2 [Homo sapiens]
XP_002742930.3	XP_006717346.1	0.0	2949	94.289	1541	100	terminal uridylyltransferase 7 isoform X2 [Homo sapiens]
XP_002742930.3	XP_011517317.1	0.0	2907	94.211	1520	99	terminal uridylyltransferase 7 isoform X3 [Homo sapiens]
XP_002742930.3	XP_011517316.1	0.0	2903	94.211	1520	99	terminal uridylyltransferase 7 isoform X1 [Homo sapiens]
XP_002742930.3	XP_011517315.1	0.0	2903	94.211	1520	99	terminal uridylyltransferase 7 isoform X1 [Homo sapiens]
XP_002742930.3	XP_011517314.1	0.0	2903	94.211	1520	99	terminal uridylyltransferase 7 isoform X1 [Homo sapiens]
XP_002742930.3	XP_011517313.1	0.0	2903	94.211	1520	99	terminal uridylyltransferase 7 isoform X1 [Homo sapiens]
XP_002742930.3	XP_047279825.1	0.0	2821	94.301	1474	96	terminal uridylyltransferase 7 isoform X6 [Homo sapiens]
XP_002742930.3	XP_047279824.1	0.0	2821	94.301	1474	96	terminal uridylyltransferase 7 isoform X6 [Homo sapiens]
XP_002742930.3	XP_005252264.1	0.0	2821	94.301	1474	96	terminal uridylyltransferase 7 isoform X6 [Homo sapiens]
XP_002744874.1	XP_047272811.1	0.0	976	98.333	480	100	poly(A) RNA polymerase GLD2 isoform X4 [Homo sapiens]
XP_002744874.1	XP_047272810.1	0.0	976	98.333	480	100	poly(A) RNA polymerase GLD2 isoform X4 [Homo sapiens]
XP_002744874.1	XP_047272809.1	0.0	976	98.333	480	100	poly(A) RNA polymerase GLD2 isoform X4 [Homo sapiens]
XP_002744874.1	NP_001375058.1	0.0	976	98.333	480	100	poly(A) RNA polymerase GLD2 isoform 2 [Homo sapiens]
XP_002744874.1	NP_001375057.1	0.0	976	98.333	480	100	poly(A) RNA polymerase GLD2 isoform 2 [Homo sapiens]
XP_002744874.1	NP_001375056.1	0.0	976	98.333	480	100	poly(A) RNA polymerase GLD2 isoform 2 [Homo sapiens]
XP_002744874.1	NP_001375055.1	0.0	976	98.333	480	100	poly(A) RNA polymerase GLD2 isoform 2 [Homo sapiens]
XP_002744874.1	NP_001375054.1	0.0	976	98.333	480	100	poly(A) RNA polymerase GLD2 isoform 2 [Homo sapiens]
XP_002744874.1	NP_001375053.1	0.0	976	98.333	480	100	poly(A) RNA polymerase GLD2 isoform 2 [Homo sapiens]
XP_002744874.1	NP_001375052.1	0.0	976	98.333	480	100	poly(A) RNA polymerase GLD2 isoform 2 [Homo sapiens]
XP_002750184.4	NP_060579.3	0.0	1063	88.488	582	100	poly(A) RNA polymerase, mitochondrial precursor [Homo sapiens]
XP_002750184.4	NP_073741.3	4.97e-40	158	34.426	244	40	speckle targeted PIP5K1A-regulated poly(A) polymerase isoform 1 [Homo sapiens]
XP_002750184.4	XP_047272285.1	1.57e-20	99.0	27.636	275	45	terminal uridylyltransferase 4 isoform X7 [Homo sapiens]
XP_002750184.4	XP_016856292.1	1.67e-20	99.0	27.636	275	45	terminal uridylyltransferase 4 isoform X9 [Homo sapiens]
XP_002750184.4	XP_011539401.1	1.86e-20	99.0	27.636	275	45	terminal uridylyltransferase 4 isoform X29 [Homo sapiens]
XP_002750184.4	XP_047272282.1	1.93e-20	99.0	27.636	275	45	terminal uridylyltransferase 4 isoform X5 [Homo sapiens]
XP_002750184.4	NP_056084.1	1.93e-20	99.0	27.636	275	45	terminal uridylyltransferase 4 isoform b [Homo sapiens]
XP_002750184.4	XP_016856297.1	1.97e-20	98.6	27.636	275	45	terminal uridylyltransferase 4 isoform X36 [Homo sapiens]
XP_002750184.4	XP_047272345.1	1.98e-20	98.6	27.636	275	45	terminal uridylyltransferase 4 isoform X31 [Homo sapiens]
XP_002750184.4	XP_047272281.1	1.98e-20	98.6	27.636	275	45	terminal uridylyltransferase 4 isoform X4 [Homo sapiens]
XP_002760981.4	NP_001352253.1	0.0	1457	98.457	713	100	terminal nucleotidyltransferase 4B isoform d [Homo sapiens]
XP_002760981.4	NP_001352252.1	0.0	1412	98.413	693	97	terminal nucleotidyltransferase 4B isoform c [Homo sapiens]
XP_002760981.4	XP_011521577.1	0.0	1363	98.366	673	94	terminal nucleotidyltransferase 4B isoform X1 [Homo sapiens]
XP_002760981.4	NP_001035374.2	0.0	1363	98.363	672	94	terminal nucleotidyltransferase 4B isoform a [Homo sapiens]
XP_002760981.4	XP_047290431.1	0.0	1088	91.585	713	100	terminal nucleotidyltransferase 4B isoform X3 [Homo sapiens]
XP_002760981.4	XP_047290432.1	0.0	1043	91.342	693	97	terminal nucleotidyltransferase 4B isoform X4 [Homo sapiens]
XP_002760981.4	XP_011521580.1	0.0	1040	99.800	500	70	terminal nucleotidyltransferase 4B isoform X5 [Homo sapiens]
XP_002760981.4	XP_011521578.1	0.0	1010	91.125	631	89	terminal nucleotidyltransferase 4B isoform X2 [Homo sapiens]
XP_002760981.4	NP_001035375.2	0.0	1010	91.125	631	89	terminal nucleotidyltransferase 4B isoform b [Homo sapiens]
XP_002760981.4	XP_047290433.1	0.0	861	90.400	500	70	terminal nucleotidyltransferase 4B isoform X6 [Homo sapiens]
XP_002760982.2	XP_047290431.1	0.0	1360	98.348	666	100	terminal nucleotidyltransferase 4B isoform X3 [Homo sapiens]
XP_002760982.2	XP_047290432.1	0.0	1315	98.297	646	97	terminal nucleotidyltransferase 4B isoform X4 [Homo sapiens]
XP_002760982.2	XP_011521578.1	0.0	1266	98.243	626	94	terminal nucleotidyltransferase 4B isoform X2 [Homo sapiens]
XP_002760982.2	NP_001035375.2	0.0	1264	98.240	625	94	terminal nucleotidyltransferase 4B isoform b [Homo sapiens]
XP_002760982.2	NP_001352253.1	0.0	1072	89.060	713	100	terminal nucleotidyltransferase 4B isoform d [Homo sapiens]
XP_002760982.2	NP_001352252.1	0.0	1027	88.745	693	97	terminal nucleotidyltransferase 4B isoform c [Homo sapiens]
XP_002760982.2	XP_011521577.1	0.0	993	88.114	631	88	terminal nucleotidyltransferase 4B isoform X1 [Homo sapiens]
XP_002760982.2	NP_001035374.2	0.0	993	88.114	631	88	terminal nucleotidyltransferase 4B isoform a [Homo sapiens]
XP_002760982.2	XP_047290433.1	0.0	946	99.779	453	68	terminal nucleotidyltransferase 4B isoform X6 [Homo sapiens]
XP_002760982.2	XP_011521580.1	0.0	686	100.000	325	49	terminal nucleotidyltransferase 4B isoform X5 [Homo sapiens]
XP_002768168.1	XP_047272384.1	8.61e-24	109	28.704	324	52	terminal uridylyltransferase 4 isoform X46 [Homo sapiens]
XP_002768168.1	XP_047272325.1	1.63e-23	108	28.704	324	52	terminal uridylyltransferase 4 isoform X23 [Homo sapiens]
XP_002768168.1	XP_047272345.1	1.69e-23	108	28.704	324	52	terminal uridylyltransferase 4 isoform X31 [Homo sapiens]
XP_002768168.1	XP_011539401.1	1.71e-23	108	28.704	324	52	terminal uridylyltransferase 4 isoform X29 [Homo sapiens]
XP_002768168.1	XP_016856295.1	1.72e-23	108	28.704	324	52	terminal uridylyltransferase 4 isoform X25 [Homo sapiens]
XP_002768168.1	XP_016856297.1	1.87e-23	108	28.704	324	52	terminal uridylyltransferase 4 isoform X36 [Homo sapiens]
XP_002768168.1	XP_005270739.1	1.91e-23	108	28.704	324	52	terminal uridylyltransferase 4 isoform X33 [Homo sapiens]
XP_002768168.1	XP_016856296.1	2.01e-23	108	28.704	324	52	terminal uridylyltransferase 4 isoform X28 [Homo sapiens]
XP_002768168.1	XP_005270735.1	2.01e-23	108	28.704	324	52	terminal uridylyltransferase 4 isoform X2 [Homo sapiens]
XP_002768168.1	XP_011539399.1	2.01e-23	108	28.704	324	52	terminal uridylyltransferase 4 isoform X1 [Homo sapiens]
XP_002774596.1	NP_001172003.1	5.72e-17	89.4	31.915	188	18	terminal uridylyltransferase 7 isoform 2 [Homo sapiens]
XP_002774596.1	NP_001317647.1	7.92e-17	88.2	31.915	188	18	terminal uridylyltransferase 7 isoform 3 [Homo sapiens]
XP_002774596.1	XP_016870620.1	1.02e-16	88.6	31.915	188	18	terminal uridylyltransferase 7 isoform X4 [Homo sapiens]
XP_002774596.1	XP_016870619.1	1.02e-16	88.6	31.915	188	18	terminal uridylyltransferase 7 isoform X4 [Homo sapiens]
XP_002774596.1	NP_078893.2	1.02e-16	88.6	31.915	188	18	terminal uridylyltransferase 7 isoform 1 [Homo sapiens]
XP_002774596.1	NP_001171988.1	1.02e-16	88.6	31.915	188	18	terminal uridylyltransferase 7 isoform 1 [Homo sapiens]
XP_002774596.1	XP_047279825.1	1.02e-16	88.6	31.915	188	18	terminal uridylyltransferase 7 isoform X6 [Homo sapiens]
XP_002774596.1	XP_047279824.1	1.02e-16	88.6	31.915	188	18	terminal uridylyltransferase 7 isoform X6 [Homo sapiens]
XP_002774596.1	XP_005252264.1	1.02e-16	88.6	31.915	188	18	terminal uridylyltransferase 7 isoform X6 [Homo sapiens]
XP_002774596.1	XP_047279823.1	1.07e-16	88.6	31.915	188	18	terminal uridylyltransferase 7 isoform X2 [Homo sapiens]
XP_002777337.1	NP_001375066.1	3.19e-09	57.8	36.559	93	44	poly(A) RNA polymerase GLD2 isoform 15 [Homo sapiens]
XP_002777337.1	NP_001336477.1	3.97e-09	57.4	36.559	93	44	poly(A) RNA polymerase GLD2 isoform 4 [Homo sapiens]
XP_002777337.1	NP_001375059.1	4.80e-09	57.8	36.559	93	44	poly(A) RNA polymerase GLD2 isoform 10 [Homo sapiens]
XP_002777337.1	NP_001375061.1	4.91e-09	57.8	36.559	93	44	poly(A) RNA polymerase GLD2 isoform 12 [Homo sapiens]
XP_002777337.1	NP_001375060.1	4.93e-09	57.8	36.559	93	44	poly(A) RNA polymerase GLD2 isoform 11 [Homo sapiens]
XP_002777337.1	NP_001375030.1	4.93e-09	57.8	36.559	93	44	poly(A) RNA polymerase GLD2 isoform 9 [Homo sapiens]
XP_002777337.1	XP_047272811.1	4.94e-09	57.8	36.559	93	44	poly(A) RNA polymerase GLD2 isoform X4 [Homo sapiens]
XP_002777337.1	XP_047272810.1	4.94e-09	57.8	36.559	93	44	poly(A) RNA polymerase GLD2 isoform X4 [Homo sapiens]
XP_002777337.1	XP_047272809.1	4.94e-09	57.8	36.559	93	44	poly(A) RNA polymerase GLD2 isoform X4 [Homo sapiens]
XP_002777337.1	NP_001375058.1	4.94e-09	57.8	36.559	93	44	poly(A) RNA polymerase GLD2 isoform 2 [Homo sapiens]
XP_002781408.1	NP_001317647.1	1.62e-16	75.1	45.977	87	92	terminal uridylyltransferase 7 isoform 3 [Homo sapiens]
XP_002781408.1	NP_001172003.1	1.66e-16	75.1	45.977	87	92	terminal uridylyltransferase 7 isoform 2 [Homo sapiens]
XP_002781408.1	XP_005252265.1	1.66e-16	75.1	45.977	87	92	terminal uridylyltransferase 7 isoform X7 [Homo sapiens]
XP_002781408.1	XP_047279825.1	1.67e-16	75.1	45.977	87	92	terminal uridylyltransferase 7 isoform X6 [Homo sapiens]
XP_002781408.1	XP_047279824.1	1.67e-16	75.1	45.977	87	92	terminal uridylyltransferase 7 isoform X6 [Homo sapiens]
XP_002781408.1	XP_005252264.1	1.67e-16	75.1	45.977	87	92	terminal uridylyltransferase 7 isoform X6 [Homo sapiens]
XP_002781408.1	XP_011517318.1	1.67e-16	75.1	45.977	87	92	terminal uridylyltransferase 7 isoform X5 [Homo sapiens]
XP_002781408.1	XP_016870620.1	1.67e-16	75.1	45.977	87	92	terminal uridylyltransferase 7 isoform X4 [Homo sapiens]
XP_002781408.1	XP_016870619.1	1.67e-16	75.1	45.977	87	92	terminal uridylyltransferase 7 isoform X4 [Homo sapiens]
XP_002781408.1	NP_078893.2	1.67e-16	75.1	45.977	87	92	terminal uridylyltransferase 7 isoform 1 [Homo sapiens]
XP_002781666.1	NP_001317647.1	2.33e-24	112	30.872	298	34	terminal uridylyltransferase 7 isoform 3 [Homo sapiens]
XP_002781666.1	XP_047279823.1	4.23e-24	112	30.255	314	35	terminal uridylyltransferase 7 isoform X2 [Homo sapiens]
XP_002781666.1	XP_006717346.1	4.23e-24	112	30.255	314	35	terminal uridylyltransferase 7 isoform X2 [Homo sapiens]
XP_002781666.1	XP_011517317.1	4.72e-24	112	30.872	298	34	terminal uridylyltransferase 7 isoform X3 [Homo sapiens]
XP_002781666.1	XP_047279825.1	5.01e-24	112	30.872	298	34	terminal uridylyltransferase 7 isoform X6 [Homo sapiens]
XP_002781666.1	XP_047279824.1	5.01e-24	112	30.872	298	34	terminal uridylyltransferase 7 isoform X6 [Homo sapiens]
XP_002781666.1	XP_005252264.1	5.01e-24	112	30.872	298	34	terminal uridylyltransferase 7 isoform X6 [Homo sapiens]
XP_002781666.1	XP_016870620.1	5.17e-24	111	30.872	298	34	terminal uridylyltransferase 7 isoform X4 [Homo sapiens]
XP_002781666.1	XP_016870619.1	5.17e-24	111	30.872	298	34	terminal uridylyltransferase 7 isoform X4 [Homo sapiens]
XP_002781666.1	NP_078893.2	5.17e-24	111	30.872	298	34	terminal uridylyltransferase 7 isoform 1 [Homo sapiens]
XP_002786575.1	XP_047272285.1	6.26e-34	137	31.058	293	66	terminal uridylyltransferase 4 isoform X7 [Homo sapiens]
XP_002786575.1	XP_016856295.1	6.76e-34	137	31.058	293	66	terminal uridylyltransferase 4 isoform X25 [Homo sapiens]
XP_002786575.1	XP_047272281.1	6.90e-34	137	31.058	293	66	terminal uridylyltransferase 4 isoform X4 [Homo sapiens]
XP_002786575.1	NP_001009881.1	6.90e-34	137	31.058	293	66	terminal uridylyltransferase 4 isoform a [Homo sapiens]
XP_002786575.1	XP_011539401.1	6.92e-34	137	31.058	293	66	terminal uridylyltransferase 4 isoform X29 [Homo sapiens]
XP_002786575.1	XP_047272282.1	6.96e-34	137	31.058	293	66	terminal uridylyltransferase 4 isoform X5 [Homo sapiens]
XP_002786575.1	NP_056084.1	6.96e-34	137	31.058	293	66	terminal uridylyltransferase 4 isoform b [Homo sapiens]
XP_002786575.1	XP_011539399.1	6.97e-34	137	31.058	293	66	terminal uridylyltransferase 4 isoform X1 [Homo sapiens]
XP_002786575.1	XP_005270733.1	6.97e-34	137	31.058	293	66	terminal uridylyltransferase 4 isoform X1 [Homo sapiens]
XP_002786575.1	XP_005270735.1	7.10e-34	137	31.058	293	66	terminal uridylyltransferase 4 isoform X2 [Homo sapiens]
XP_002787397.1	XP_016856292.1	5.98e-11	68.2	28.042	189	35	terminal uridylyltransferase 4 isoform X9 [Homo sapiens]
XP_002787397.1	XP_047272285.1	6.03e-11	68.2	28.042	189	35	terminal uridylyltransferase 4 isoform X7 [Homo sapiens]
XP_002787397.1	XP_016856293.1	6.13e-11	68.2	28.042	189	35	terminal uridylyltransferase 4 isoform X16 [Homo sapiens]
XP_002787397.1	XP_047272288.1	6.29e-11	68.2	28.042	189	35	terminal uridylyltransferase 4 isoform X10 [Homo sapiens]
XP_002787397.1	XP_047272282.1	6.37e-11	67.8	28.042	189	35	terminal uridylyltransferase 4 isoform X5 [Homo sapiens]
XP_002787397.1	NP_056084.1	6.37e-11	67.8	28.042	189	35	terminal uridylyltransferase 4 isoform b [Homo sapiens]
XP_002787397.1	XP_047272281.1	6.37e-11	67.8	28.042	189	35	terminal uridylyltransferase 4 isoform X4 [Homo sapiens]
XP_002787397.1	NP_001009881.1	6.37e-11	67.8	28.042	189	35	terminal uridylyltransferase 4 isoform a [Homo sapiens]
XP_002787397.1	XP_047272283.1	6.53e-11	67.8	28.042	189	35	terminal uridylyltransferase 4 isoform X6 [Homo sapiens]
XP_002787397.1	XP_005270737.1	6.53e-11	67.8	28.042	189	35	terminal uridylyltransferase 4 isoform X6 [Homo sapiens]
XP_002789310.2	XP_047272384.1	4.06e-36	150	34.364	291	24	terminal uridylyltransferase 4 isoform X46 [Homo sapiens]
XP_002789310.2	XP_016856297.1	2.65e-35	149	34.364	291	24	terminal uridylyltransferase 4 isoform X36 [Homo sapiens]
XP_002789310.2	XP_005270739.1	2.99e-35	149	34.364	291	24	terminal uridylyltransferase 4 isoform X33 [Homo sapiens]
XP_002789310.2	XP_016856292.1	3.10e-35	149	34.364	291	24	terminal uridylyltransferase 4 isoform X9 [Homo sapiens]
XP_002789310.2	XP_047272345.1	3.50e-35	149	34.364	291	24	terminal uridylyltransferase 4 isoform X31 [Homo sapiens]
XP_002789310.2	XP_011539401.1	3.54e-35	149	34.364	291	24	terminal uridylyltransferase 4 isoform X29 [Homo sapiens]
XP_002789310.2	XP_047272285.1	3.59e-35	149	34.364	291	24	terminal uridylyltransferase 4 isoform X7 [Homo sapiens]
XP_002789310.2	XP_016856299.1	3.81e-35	148	34.364	291	24	terminal uridylyltransferase 4 isoform X40 [Homo sapiens]
XP_002789310.2	XP_047272365.1	3.82e-35	148	34.364	291	24	terminal uridylyltransferase 4 isoform X38 [Homo sapiens]
XP_002789310.2	XP_047272288.1	3.93e-35	148	34.364	291	24	terminal uridylyltransferase 4 isoform X10 [Homo sapiens]
XP_002802516.3	NP_001035375.2	0.0	1310	98.009	653	100	terminal nucleotidyltransferase 4B isoform b [Homo sapiens]
XP_002802516.3	XP_011521578.1	0.0	1306	97.859	654	100	terminal nucleotidyltransferase 4B isoform X2 [Homo sapiens]
XP_002802516.3	XP_047290432.1	0.0	1273	99.043	627	96	terminal nucleotidyltransferase 4B isoform X4 [Homo sapiens]
XP_002802516.3	XP_047290431.1	0.0	1270	99.043	627	96	terminal nucleotidyltransferase 4B isoform X3 [Homo sapiens]
XP_002802516.3	NP_001352252.1	0.0	1004	89.382	631	90	terminal nucleotidyltransferase 4B isoform c [Homo sapiens]
XP_002802516.3	NP_001352253.1	0.0	1003	89.382	631	90	terminal nucleotidyltransferase 4B isoform d [Homo sapiens]
XP_002802516.3	XP_011521577.1	0.0	1002	89.223	631	90	terminal nucleotidyltransferase 4B isoform X1 [Homo sapiens]
XP_002802516.3	NP_001035374.2	0.0	1002	89.223	631	90	terminal nucleotidyltransferase 4B isoform a [Homo sapiens]
XP_002802516.3	XP_047290433.1	0.0	948	99.779	453	69	terminal nucleotidyltransferase 4B isoform X6 [Homo sapiens]
XP_002802516.3	XP_011521580.1	0.0	849	86.600	500	69	terminal nucleotidyltransferase 4B isoform X5 [Homo sapiens]
XP_002810865.2	XP_047272282.1	0.0	3377	98.844	1644	100	terminal uridylyltransferase 4 isoform X5 [Homo sapiens]
XP_002810865.2	NP_056084.1	0.0	3377	98.844	1644	100	terminal uridylyltransferase 4 isoform b [Homo sapiens]
XP_002810865.2	XP_047272281.1	0.0	3372	98.784	1645	100	terminal uridylyltransferase 4 isoform X4 [Homo sapiens]
XP_002810865.2	NP_001009881.1	0.0	3372	98.784	1645	100	terminal uridylyltransferase 4 isoform a [Homo sapiens]
XP_002810865.2	XP_047272283.1	0.0	3363	98.601	1644	100	terminal uridylyltransferase 4 isoform X6 [Homo sapiens]
XP_002810865.2	XP_005270737.1	0.0	3363	98.601	1644	100	terminal uridylyltransferase 4 isoform X6 [Homo sapiens]
XP_002810865.2	XP_005270735.1	0.0	3326	98.829	1622	99	terminal uridylyltransferase 4 isoform X2 [Homo sapiens]
XP_002810865.2	XP_011539399.1	0.0	3322	98.768	1623	99	terminal uridylyltransferase 4 isoform X1 [Homo sapiens]
XP_002810865.2	XP_005270733.1	0.0	3322	98.768	1623	99	terminal uridylyltransferase 4 isoform X1 [Homo sapiens]
XP_002810865.2	XP_047272280.1	0.0	3313	98.582	1622	99	terminal uridylyltransferase 4 isoform X3 [Homo sapiens]
XP_002819963.4	XP_016870620.1	0.0	3050	98.595	1495	100	terminal uridylyltransferase 7 isoform X4 [Homo sapiens]
XP_002819963.4	XP_016870619.1	0.0	3050	98.595	1495	100	terminal uridylyltransferase 7 isoform X4 [Homo sapiens]
XP_002819963.4	NP_078893.2	0.0	3050	98.595	1495	100	terminal uridylyltransferase 7 isoform 1 [Homo sapiens]
XP_002819963.4	NP_001171988.1	0.0	3050	98.595	1495	100	terminal uridylyltransferase 7 isoform 1 [Homo sapiens]
XP_002819963.4	XP_047279823.1	0.0	3032	95.652	1541	100	terminal uridylyltransferase 7 isoform X2 [Homo sapiens]
XP_002819963.4	XP_006717346.1	0.0	3032	95.652	1541	100	terminal uridylyltransferase 7 isoform X2 [Homo sapiens]
XP_002819963.4	XP_011517317.1	0.0	3014	98.244	1481	99	terminal uridylyltransferase 7 isoform X3 [Homo sapiens]
XP_002819963.4	XP_047279825.1	0.0	3012	98.576	1475	99	terminal uridylyltransferase 7 isoform X6 [Homo sapiens]
XP_002819963.4	XP_047279824.1	0.0	3012	98.576	1475	99	terminal uridylyltransferase 7 isoform X6 [Homo sapiens]
XP_002819963.4	XP_005252264.1	0.0	3012	98.576	1475	99	terminal uridylyltransferase 7 isoform X6 [Homo sapiens]
XP_002835340.1	XP_047272384.1	7.52e-37	152	33.904	292	28	terminal uridylyltransferase 4 isoform X46 [Homo sapiens]
XP_002835340.1	XP_016856297.1	2.24e-36	152	34.021	291	27	terminal uridylyltransferase 4 isoform X36 [Homo sapiens]
XP_002835340.1	XP_005270739.1	2.25e-36	152	34.021	291	27	terminal uridylyltransferase 4 isoform X33 [Homo sapiens]
XP_002835340.1	XP_011539401.1	2.44e-36	152	34.021	291	27	terminal uridylyltransferase 4 isoform X29 [Homo sapiens]
XP_002835340.1	XP_047272345.1	2.46e-36	152	34.021	291	27	terminal uridylyltransferase 4 isoform X31 [Homo sapiens]
XP_002835340.1	XP_047272285.1	2.79e-36	152	33.904	292	28	terminal uridylyltransferase 4 isoform X7 [Homo sapiens]
XP_002835340.1	XP_047272365.1	3.00e-36	152	33.904	292	28	terminal uridylyltransferase 4 isoform X38 [Homo sapiens]
XP_002835340.1	XP_016856292.1	3.01e-36	152	33.904	292	28	terminal uridylyltransferase 4 isoform X9 [Homo sapiens]
XP_002835340.1	XP_011539399.1	3.05e-36	152	33.904	292	28	terminal uridylyltransferase 4 isoform X1 [Homo sapiens]
XP_002835340.1	XP_005270733.1	3.05e-36	152	33.904	292	28	terminal uridylyltransferase 4 isoform X1 [Homo sapiens]
XP_002836366.1	XP_011521580.1	1.01e-22	103	31.102	254	49	terminal nucleotidyltransferase 4B isoform X5 [Homo sapiens]
XP_002836366.1	XP_047290433.1	1.08e-22	103	31.102	254	49	terminal nucleotidyltransferase 4B isoform X6 [Homo sapiens]
XP_002836366.1	NP_001035374.2	1.59e-22	103	31.102	254	49	terminal nucleotidyltransferase 4B isoform a [Homo sapiens]
XP_002836366.1	XP_011521577.1	1.59e-22	103	31.102	254	49	terminal nucleotidyltransferase 4B isoform X1 [Homo sapiens]
XP_002836366.1	NP_001035375.2	1.72e-22	103	31.102	254	49	terminal nucleotidyltransferase 4B isoform b [Homo sapiens]
XP_002836366.1	XP_011521578.1	1.72e-22	103	31.102	254	49	terminal nucleotidyltransferase 4B isoform X2 [Homo sapiens]
XP_002836366.1	NP_001352252.1	2.40e-22	103	31.102	254	49	terminal nucleotidyltransferase 4B isoform c [Homo sapiens]
XP_002836366.1	XP_047290432.1	2.55e-22	103	31.102	254	49	terminal nucleotidyltransferase 4B isoform X4 [Homo sapiens]
XP_002836366.1	NP_001352253.1	2.84e-22	103	31.102	254	49	terminal nucleotidyltransferase 4B isoform d [Homo sapiens]
XP_002836366.1	XP_047290431.1	3.44e-22	102	31.102	254	49	terminal nucleotidyltransferase 4B isoform X3 [Homo sapiens]
XP_002839346.1	XP_047272820.1	1.77e-13	70.9	27.869	183	63	poly(A) RNA polymerase GLD2 isoform X11 [Homo sapiens]
XP_002839346.1	NP_001375066.1	2.06e-13	70.9	27.869	183	63	poly(A) RNA polymerase GLD2 isoform 15 [Homo sapiens]
XP_002839346.1	NP_001336477.1	2.43e-13	70.5	27.869	183	63	poly(A) RNA polymerase GLD2 isoform 4 [Homo sapiens]
XP_002839346.1	NP_001375065.1	3.06e-13	71.2	27.869	183	63	poly(A) RNA polymerase GLD2 isoform 14 [Homo sapiens]
XP_002839346.1	NP_001375027.1	3.46e-13	71.2	27.869	183	63	poly(A) RNA polymerase GLD2 isoform 7 [Homo sapiens]
XP_002839346.1	XP_047272811.1	3.55e-13	71.2	27.869	183	63	poly(A) RNA polymerase GLD2 isoform X4 [Homo sapiens]
XP_002839346.1	XP_047272810.1	3.55e-13	71.2	27.869	183	63	poly(A) RNA polymerase GLD2 isoform X4 [Homo sapiens]
XP_002839346.1	XP_047272809.1	3.55e-13	71.2	27.869	183	63	poly(A) RNA polymerase GLD2 isoform X4 [Homo sapiens]
XP_002839346.1	NP_001375058.1	3.55e-13	71.2	27.869	183	63	poly(A) RNA polymerase GLD2 isoform 2 [Homo sapiens]
XP_002839346.1	NP_001375057.1	3.55e-13	71.2	27.869	183	63	poly(A) RNA polymerase GLD2 isoform 2 [Homo sapiens]
XP_002839720.1	XP_047272290.1	8.75e-28	123	31.699	306	43	terminal uridylyltransferase 4 isoform X11 [Homo sapiens]
XP_002839720.1	XP_047272350.1	9.26e-28	122	31.699	306	43	terminal uridylyltransferase 4 isoform X34 [Homo sapiens]
XP_002839720.1	XP_047272296.1	9.70e-28	122	31.699	306	43	terminal uridylyltransferase 4 isoform X13 [Homo sapiens]
XP_002839720.1	XP_047272372.1	1.01e-27	122	31.699	306	43	terminal uridylyltransferase 4 isoform X42 [Homo sapiens]
XP_002839720.1	XP_047272295.1	1.01e-27	122	31.699	306	43	terminal uridylyltransferase 4 isoform X12 [Homo sapiens]
XP_002839720.1	XP_047272286.1	1.02e-27	122	31.699	306	43	terminal uridylyltransferase 4 isoform X8 [Homo sapiens]
XP_002839720.1	XP_047272305.1	1.08e-27	122	31.699	306	43	terminal uridylyltransferase 4 isoform X17 [Homo sapiens]
XP_002839720.1	XP_047272344.1	1.15e-27	122	31.699	306	43	terminal uridylyltransferase 4 isoform X30 [Homo sapiens]
XP_002839720.1	XP_047272384.1	5.84e-26	116	31.773	299	42	terminal uridylyltransferase 4 isoform X46 [Homo sapiens]
XP_002839720.1	XP_016856299.1	8.35e-26	116	31.773	299	42	terminal uridylyltransferase 4 isoform X40 [Homo sapiens]
XP_002849429.1	NP_001375029.1	1.63e-36	147	32.407	324	29	poly(A) RNA polymerase GLD2 isoform 8 [Homo sapiens]
XP_002849429.1	NP_001375028.1	1.63e-36	147	32.407	324	29	poly(A) RNA polymerase GLD2 isoform 8 [Homo sapiens]
XP_002849429.1	NP_001375030.1	2.10e-36	147	31.875	320	29	poly(A) RNA polymerase GLD2 isoform 9 [Homo sapiens]
XP_002849429.1	NP_001375059.1	6.08e-36	145	31.090	312	29	poly(A) RNA polymerase GLD2 isoform 10 [Homo sapiens]
XP_002849429.1	NP_001375060.1	6.25e-36	144	31.646	316	29	poly(A) RNA polymerase GLD2 isoform 11 [Homo sapiens]
XP_002849429.1	XP_047272808.1	6.39e-36	145	31.646	316	29	poly(A) RNA polymerase GLD2 isoform X3 [Homo sapiens]
XP_002849429.1	XP_047272807.1	6.39e-36	145	31.646	316	29	poly(A) RNA polymerase GLD2 isoform X3 [Homo sapiens]
XP_002849429.1	XP_047272806.1	6.39e-36	145	31.646	316	29	poly(A) RNA polymerase GLD2 isoform X3 [Homo sapiens]
XP_002849429.1	NP_776158.2	6.39e-36	145	31.646	316	29	poly(A) RNA polymerase GLD2 isoform 1 [Homo sapiens]
XP_002849429.1	NP_001375041.1	6.39e-36	145	31.646	316	29	poly(A) RNA polymerase GLD2 isoform 1 [Homo sapiens]
XP_002849859.1	XP_047272801.1	4.85e-12	70.9	25.691	362	59	poly(A) RNA polymerase GLD2 isoform X1 [Homo sapiens]
XP_002849859.1	XP_047272800.1	4.85e-12	70.9	25.691	362	59	poly(A) RNA polymerase GLD2 isoform X1 [Homo sapiens]
XP_002849859.1	XP_011541527.1	4.85e-12	70.9	25.691	362	59	poly(A) RNA polymerase GLD2 isoform X1 [Homo sapiens]
XP_002849859.1	XP_011541526.1	4.85e-12	70.9	25.691	362	59	poly(A) RNA polymerase GLD2 isoform X1 [Homo sapiens]
XP_002849859.1	XP_011541523.1	4.85e-12	70.9	25.691	362	59	poly(A) RNA polymerase GLD2 isoform X1 [Homo sapiens]
XP_002849859.1	XP_011541522.1	4.85e-12	70.9	25.691	362	59	poly(A) RNA polymerase GLD2 isoform X1 [Homo sapiens]
XP_002849859.1	NP_001375023.1	4.85e-12	70.9	25.691	362	59	poly(A) RNA polymerase GLD2 isoform 5 [Homo sapiens]
XP_002849859.1	NP_001375022.1	4.85e-12	70.9	25.691	362	59	poly(A) RNA polymerase GLD2 isoform 5 [Homo sapiens]
XP_002849859.1	NP_001336479.1	4.85e-12	70.9	25.691	362	59	poly(A) RNA polymerase GLD2 isoform 5 [Homo sapiens]
XP_002849859.1	NP_001336478.1	4.85e-12	70.9	25.691	362	59	poly(A) RNA polymerase GLD2 isoform 5 [Homo sapiens]
XP_002864273.1	XP_047290433.1	8.36e-70	233	42.667	300	55	terminal nucleotidyltransferase 4B isoform X6 [Homo sapiens]
XP_002864273.1	XP_011521580.1	2.74e-69	233	42.667	300	55	terminal nucleotidyltransferase 4B isoform X5 [Homo sapiens]
XP_002864273.1	NP_001035375.2	3.16e-68	233	42.244	303	55	terminal nucleotidyltransferase 4B isoform b [Homo sapiens]
XP_002864273.1	XP_011521578.1	3.22e-68	233	42.244	303	55	terminal nucleotidyltransferase 4B isoform X2 [Homo sapiens]
XP_002864273.1	XP_047290432.1	4.63e-68	233	42.667	300	55	terminal nucleotidyltransferase 4B isoform X4 [Homo sapiens]
XP_002864273.1	XP_047290431.1	5.14e-68	233	42.667	300	55	terminal nucleotidyltransferase 4B isoform X3 [Homo sapiens]
XP_002864273.1	NP_001035374.2	8.74e-68	233	42.244	303	55	terminal nucleotidyltransferase 4B isoform a [Homo sapiens]
XP_002864273.1	XP_011521577.1	8.89e-68	233	42.244	303	55	terminal nucleotidyltransferase 4B isoform X1 [Homo sapiens]
XP_002864273.1	NP_001352252.1	9.85e-68	233	42.667	300	55	terminal nucleotidyltransferase 4B isoform c [Homo sapiens]
XP_002864273.1	NP_001352253.1	1.29e-67	233	42.667	300	55	terminal nucleotidyltransferase 4B isoform d [Homo sapiens]
XP_002879814.1	XP_047272808.1	8.63e-20	94.7	31.000	300	58	poly(A) RNA polymerase GLD2 isoform X3 [Homo sapiens]
XP_002879814.1	XP_047272807.1	8.63e-20	94.7	31.000	300	58	poly(A) RNA polymerase GLD2 isoform X3 [Homo sapiens]
XP_002879814.1	XP_047272806.1	8.63e-20	94.7	31.000	300	58	poly(A) RNA polymerase GLD2 isoform X3 [Homo sapiens]
XP_002879814.1	NP_776158.2	8.63e-20	94.7	31.000	300	58	poly(A) RNA polymerase GLD2 isoform 1 [Homo sapiens]
XP_002879814.1	NP_001375041.1	8.63e-20	94.7	31.000	300	58	poly(A) RNA polymerase GLD2 isoform 1 [Homo sapiens]
XP_002879814.1	NP_001375040.1	8.63e-20	94.7	31.000	300	58	poly(A) RNA polymerase GLD2 isoform 1 [Homo sapiens]
XP_002879814.1	NP_001375039.1	8.63e-20	94.7	31.000	300	58	poly(A) RNA polymerase GLD2 isoform 1 [Homo sapiens]
XP_002879814.1	NP_001375038.1	8.63e-20	94.7	31.000	300	58	poly(A) RNA polymerase GLD2 isoform 1 [Homo sapiens]
XP_002879814.1	NP_001375037.1	8.63e-20	94.7	31.000	300	58	poly(A) RNA polymerase GLD2 isoform 1 [Homo sapiens]
XP_002879814.1	NP_001375036.1	8.63e-20	94.7	31.000	300	58	poly(A) RNA polymerase GLD2 isoform 1 [Homo sapiens]
XP_002880188.1	NP_001317647.1	1.09e-49	189	33.544	316	40	terminal uridylyltransferase 7 isoform 3 [Homo sapiens]
XP_002880188.1	XP_047279823.1	2.82e-49	190	33.544	316	40	terminal uridylyltransferase 7 isoform X2 [Homo sapiens]
XP_002880188.1	XP_006717346.1	2.82e-49	190	33.544	316	40	terminal uridylyltransferase 7 isoform X2 [Homo sapiens]
XP_002880188.1	XP_047279825.1	3.89e-49	190	33.544	316	40	terminal uridylyltransferase 7 isoform X6 [Homo sapiens]
XP_002880188.1	XP_047279824.1	3.89e-49	190	33.544	316	40	terminal uridylyltransferase 7 isoform X6 [Homo sapiens]
XP_002880188.1	XP_005252264.1	3.89e-49	190	33.544	316	40	terminal uridylyltransferase 7 isoform X6 [Homo sapiens]
XP_002880188.1	XP_011517317.1	4.04e-49	190	33.544	316	40	terminal uridylyltransferase 7 isoform X3 [Homo sapiens]
XP_002880188.1	XP_011517318.1	4.53e-49	189	33.544	316	40	terminal uridylyltransferase 7 isoform X5 [Homo sapiens]
XP_002880188.1	XP_005252265.1	4.89e-49	189	33.544	316	40	terminal uridylyltransferase 7 isoform X7 [Homo sapiens]
XP_002880188.1	XP_016870620.1	5.01e-49	189	33.544	316	40	terminal uridylyltransferase 7 isoform X4 [Homo sapiens]
XP_002896602.1	NP_001317647.1	1.68e-17	90.1	25.857	321	34	terminal uridylyltransferase 7 isoform 3 [Homo sapiens]
XP_002896602.1	NP_001375060.1	2.33e-17	88.6	28.000	300	31	poly(A) RNA polymerase GLD2 isoform 11 [Homo sapiens]
XP_002896602.1	XP_047279825.1	2.52e-17	90.1	25.857	321	34	terminal uridylyltransferase 7 isoform X6 [Homo sapiens]
XP_002896602.1	XP_047279824.1	2.52e-17	90.1	25.857	321	34	terminal uridylyltransferase 7 isoform X6 [Homo sapiens]
XP_002896602.1	XP_005252264.1	2.52e-17	90.1	25.857	321	34	terminal uridylyltransferase 7 isoform X6 [Homo sapiens]
XP_002896602.1	XP_047279823.1	2.78e-17	90.1	25.857	321	34	terminal uridylyltransferase 7 isoform X2 [Homo sapiens]
XP_002896602.1	XP_006717346.1	2.78e-17	90.1	25.857	321	34	terminal uridylyltransferase 7 isoform X2 [Homo sapiens]
XP_002896602.1	XP_047272808.1	2.83e-17	88.6	28.000	300	31	poly(A) RNA polymerase GLD2 isoform X3 [Homo sapiens]
XP_002896602.1	XP_047272807.1	2.83e-17	88.6	28.000	300	31	poly(A) RNA polymerase GLD2 isoform X3 [Homo sapiens]
XP_002896602.1	XP_047272806.1	2.83e-17	88.6	28.000	300	31	poly(A) RNA polymerase GLD2 isoform X3 [Homo sapiens]
XP_002901367.1	NP_001317647.1	1.43e-41	167	33.779	299	30	terminal uridylyltransferase 7 isoform 3 [Homo sapiens]
XP_002901367.1	XP_005252265.1	3.42e-41	167	33.779	299	30	terminal uridylyltransferase 7 isoform X7 [Homo sapiens]
XP_002901367.1	XP_047279825.1	4.13e-41	167	33.779	299	30	terminal uridylyltransferase 7 isoform X6 [Homo sapiens]
XP_002901367.1	XP_047279824.1	4.13e-41	167	33.779	299	30	terminal uridylyltransferase 7 isoform X6 [Homo sapiens]
XP_002901367.1	XP_005252264.1	4.13e-41	167	33.779	299	30	terminal uridylyltransferase 7 isoform X6 [Homo sapiens]
XP_002901367.1	XP_047279823.1	4.32e-41	167	33.779	299	30	terminal uridylyltransferase 7 isoform X2 [Homo sapiens]
XP_002901367.1	XP_006717346.1	4.32e-41	167	33.779	299	30	terminal uridylyltransferase 7 isoform X2 [Homo sapiens]
XP_002901367.1	XP_016870620.1	4.62e-41	167	33.779	299	30	terminal uridylyltransferase 7 isoform X4 [Homo sapiens]
XP_002901367.1	XP_016870619.1	4.62e-41	167	33.779	299	30	terminal uridylyltransferase 7 isoform X4 [Homo sapiens]
XP_002901367.1	NP_078893.2	4.62e-41	167	33.779	299	30	terminal uridylyltransferase 7 isoform 1 [Homo sapiens]
XP_002907686.1	XP_047290433.1	2.28e-31	130	36.683	199	30	terminal nucleotidyltransferase 4B isoform X6 [Homo sapiens]
XP_002907686.1	NP_001165276.2	2.63e-31	132	38.624	189	29	terminal nucleotidyltransferase 4A isoform 2 [Homo sapiens]
XP_002907686.1	NP_008930.2	2.66e-31	132	38.624	189	29	terminal nucleotidyltransferase 4A isoform 1 [Homo sapiens]
XP_002907686.1	XP_011521580.1	3.79e-31	130	36.683	199	30	terminal nucleotidyltransferase 4B isoform X5 [Homo sapiens]
XP_002907686.1	NP_001035375.2	1.28e-30	130	36.548	197	30	terminal nucleotidyltransferase 4B isoform b [Homo sapiens]
XP_002907686.1	XP_011521578.1	1.29e-30	130	36.548	197	30	terminal nucleotidyltransferase 4B isoform X2 [Homo sapiens]
XP_002907686.1	NP_001035374.2	1.64e-30	130	36.548	197	30	terminal nucleotidyltransferase 4B isoform a [Homo sapiens]
XP_002907686.1	XP_011521577.1	1.65e-30	130	36.548	197	30	terminal nucleotidyltransferase 4B isoform X1 [Homo sapiens]
XP_002907686.1	XP_047290432.1	3.30e-30	128	36.548	197	30	terminal nucleotidyltransferase 4B isoform X4 [Homo sapiens]
XP_002907686.1	NP_001352252.1	3.62e-30	129	36.548	197	30	terminal nucleotidyltransferase 4B isoform c [Homo sapiens]
XP_002910390.1	XP_047279823.1	6.09e-43	167	32.764	351	60	terminal uridylyltransferase 7 isoform X2 [Homo sapiens]
XP_002910390.1	XP_006717346.1	6.09e-43	167	32.764	351	60	terminal uridylyltransferase 7 isoform X2 [Homo sapiens]
XP_002910390.1	NP_001317647.1	7.04e-43	166	32.955	352	60	terminal uridylyltransferase 7 isoform 3 [Homo sapiens]
XP_002910390.1	XP_011517317.1	7.05e-43	167	32.764	351	60	terminal uridylyltransferase 7 isoform X3 [Homo sapiens]
XP_002910390.1	XP_047279825.1	7.32e-43	167	32.764	351	60	terminal uridylyltransferase 7 isoform X6 [Homo sapiens]
XP_002910390.1	XP_047279824.1	7.32e-43	167	32.764	351	60	terminal uridylyltransferase 7 isoform X6 [Homo sapiens]
XP_002910390.1	XP_005252264.1	7.32e-43	167	32.764	351	60	terminal uridylyltransferase 7 isoform X6 [Homo sapiens]
XP_002910390.1	XP_016870620.1	7.49e-43	167	32.764	351	60	terminal uridylyltransferase 7 isoform X4 [Homo sapiens]
XP_002910390.1	XP_016870619.1	7.49e-43	167	32.764	351	60	terminal uridylyltransferase 7 isoform X4 [Homo sapiens]
XP_002910390.1	NP_078893.2	7.49e-43	167	32.764	351	60	terminal uridylyltransferase 7 isoform 1 [Homo sapiens]
XP_002919704.1	NP_060579.3	0.0	962	80.651	584	99	poly(A) RNA polymerase, mitochondrial precursor [Homo sapiens]
XP_002919704.1	NP_073741.3	1.75e-40	160	32.950	261	42	speckle targeted PIP5K1A-regulated poly(A) polymerase isoform 1 [Homo sapiens]
XP_002919704.1	XP_047272288.1	3.40e-20	98.2	26.182	275	45	terminal uridylyltransferase 4 isoform X10 [Homo sapiens]
XP_002919704.1	XP_011539399.1	3.57e-20	97.8	26.182	275	45	terminal uridylyltransferase 4 isoform X1 [Homo sapiens]
XP_002919704.1	XP_005270733.1	3.57e-20	97.8	26.182	275	45	terminal uridylyltransferase 4 isoform X1 [Homo sapiens]
XP_002919704.1	XP_005270735.1	3.60e-20	97.8	26.182	275	45	terminal uridylyltransferase 4 isoform X2 [Homo sapiens]
XP_002919704.1	XP_047272286.1	3.68e-20	97.8	26.182	275	45	terminal uridylyltransferase 4 isoform X8 [Homo sapiens]
XP_002919704.1	XP_016856292.1	3.74e-20	97.8	26.182	275	45	terminal uridylyltransferase 4 isoform X9 [Homo sapiens]
XP_002919704.1	XP_011539401.1	3.82e-20	97.8	26.182	275	45	terminal uridylyltransferase 4 isoform X29 [Homo sapiens]
XP_002919704.1	XP_047272285.1	3.87e-20	97.8	26.182	275	45	terminal uridylyltransferase 4 isoform X7 [Homo sapiens]
XP_002931502.3	XP_047272280.1	0.0	1679	59.360	1437	88	terminal uridylyltransferase 4 isoform X3 [Homo sapiens]
XP_002931502.3	XP_005270736.1	0.0	1679	59.360	1437	88	terminal uridylyltransferase 4 isoform X3 [Homo sapiens]
XP_002931502.3	XP_005270735.1	0.0	1675	59.264	1441	88	terminal uridylyltransferase 4 isoform X2 [Homo sapiens]
XP_002931502.3	XP_011539399.1	0.0	1674	59.223	1442	88	terminal uridylyltransferase 4 isoform X1 [Homo sapiens]
XP_002931502.3	XP_005270733.1	0.0	1674	59.223	1442	88	terminal uridylyltransferase 4 isoform X1 [Homo sapiens]
XP_002931502.3	XP_047272283.1	0.0	1655	59.673	1406	86	terminal uridylyltransferase 4 isoform X6 [Homo sapiens]
XP_002931502.3	XP_005270737.1	0.0	1655	59.673	1406	86	terminal uridylyltransferase 4 isoform X6 [Homo sapiens]
XP_002931502.3	XP_047272282.1	0.0	1650	59.433	1410	86	terminal uridylyltransferase 4 isoform X5 [Homo sapiens]
XP_002931502.3	NP_056084.1	0.0	1650	59.433	1410	86	terminal uridylyltransferase 4 isoform b [Homo sapiens]
XP_002931502.3	XP_047272281.1	0.0	1648	59.391	1411	86	terminal uridylyltransferase 4 isoform X4 [Homo sapiens]
XP_002937419.2	NP_001352253.1	0.0	841	66.759	719	100	terminal nucleotidyltransferase 4B isoform d [Homo sapiens]
XP_002937419.2	XP_047290431.1	0.0	802	64.286	714	100	terminal nucleotidyltransferase 4B isoform X3 [Homo sapiens]
XP_002937419.2	NP_001352252.1	0.0	797	65.808	699	97	terminal nucleotidyltransferase 4B isoform c [Homo sapiens]
XP_002937419.2	XP_011521577.1	0.0	777	69.231	637	91	terminal nucleotidyltransferase 4B isoform X1 [Homo sapiens]
XP_002937419.2	NP_001035374.2	0.0	777	69.231	637	91	terminal nucleotidyltransferase 4B isoform a [Homo sapiens]
XP_002937419.2	XP_047290432.1	0.0	756	63.256	694	97	terminal nucleotidyltransferase 4B isoform X4 [Homo sapiens]
XP_002937419.2	XP_011521578.1	0.0	738	66.297	632	91	terminal nucleotidyltransferase 4B isoform X2 [Homo sapiens]
XP_002937419.2	NP_001035375.2	0.0	738	66.297	632	91	terminal nucleotidyltransferase 4B isoform b [Homo sapiens]
XP_002937419.2	XP_011521580.1	0.0	728	77.535	503	76	terminal nucleotidyltransferase 4B isoform X5 [Homo sapiens]
XP_002937419.2	XP_047290433.1	0.0	687	73.896	498	76	terminal nucleotidyltransferase 4B isoform X6 [Homo sapiens]
XP_002940378.2	NP_060579.3	0.0	628	58.904	511	88	poly(A) RNA polymerase, mitochondrial precursor [Homo sapiens]
XP_002940378.2	NP_073741.3	2.50e-39	156	33.333	255	42	speckle targeted PIP5K1A-regulated poly(A) polymerase isoform 1 [Homo sapiens]
XP_002940378.2	XP_047272285.1	9.63e-21	99.8	26.032	315	52	terminal uridylyltransferase 4 isoform X7 [Homo sapiens]
XP_002940378.2	XP_011539399.1	9.86e-21	99.8	26.032	315	52	terminal uridylyltransferase 4 isoform X1 [Homo sapiens]
XP_002940378.2	XP_005270733.1	9.86e-21	99.8	26.032	315	52	terminal uridylyltransferase 4 isoform X1 [Homo sapiens]
XP_002940378.2	XP_016856292.1	9.97e-21	99.8	26.032	315	52	terminal uridylyltransferase 4 isoform X9 [Homo sapiens]
XP_002940378.2	XP_016856297.1	9.98e-21	99.8	26.032	315	52	terminal uridylyltransferase 4 isoform X36 [Homo sapiens]
XP_002940378.2	XP_047272345.1	1.00e-20	99.8	26.032	315	52	terminal uridylyltransferase 4 isoform X31 [Homo sapiens]
XP_002940378.2	XP_005270735.1	1.04e-20	99.8	26.032	315	52	terminal uridylyltransferase 4 isoform X2 [Homo sapiens]
XP_002940378.2	XP_016856295.1	1.04e-20	99.8	26.032	315	52	terminal uridylyltransferase 4 isoform X25 [Homo sapiens]
XP_002941502.3	NP_001354835.1	5.63e-86	285	41.148	418	44	speckle targeted PIP5K1A-regulated poly(A) polymerase isoform 2 [Homo sapiens]
XP_002941502.3	NP_073741.3	2.29e-83	287	37.300	563	64	speckle targeted PIP5K1A-regulated poly(A) polymerase isoform 1 [Homo sapiens]
XP_002941502.3	NP_060579.3	8.39e-66	233	30.377	530	62	poly(A) RNA polymerase, mitochondrial precursor [Homo sapiens]
XP_002941502.3	XP_047272283.1	9.84e-27	120	28.931	318	36	terminal uridylyltransferase 4 isoform X6 [Homo sapiens]
XP_002941502.3	XP_005270737.1	9.84e-27	120	28.931	318	36	terminal uridylyltransferase 4 isoform X6 [Homo sapiens]
XP_002941502.3	XP_047272282.1	1.03e-26	120	28.931	318	36	terminal uridylyltransferase 4 isoform X5 [Homo sapiens]
XP_002941502.3	NP_056084.1	1.03e-26	120	28.931	318	36	terminal uridylyltransferase 4 isoform b [Homo sapiens]
XP_002941502.3	XP_047272281.1	1.06e-26	120	28.931	318	36	terminal uridylyltransferase 4 isoform X4 [Homo sapiens]
XP_002941502.3	NP_001009881.1	1.06e-26	120	28.931	318	36	terminal uridylyltransferase 4 isoform a [Homo sapiens]
XP_002941502.3	XP_005270735.1	1.09e-26	120	28.931	318	36	terminal uridylyltransferase 4 isoform X2 [Homo sapiens]
XP_002945638.1	NP_001375060.1	7.45e-16	83.2	30.769	312	45	poly(A) RNA polymerase GLD2 isoform 11 [Homo sapiens]
XP_002945638.1	NP_001375042.1	9.05e-16	83.2	30.769	312	45	poly(A) RNA polymerase GLD2 isoform 16 [Homo sapiens]
XP_002945638.1	XP_047272808.1	9.42e-16	83.2	30.769	312	45	poly(A) RNA polymerase GLD2 isoform X3 [Homo sapiens]
XP_002945638.1	XP_047272807.1	9.42e-16	83.2	30.769	312	45	poly(A) RNA polymerase GLD2 isoform X3 [Homo sapiens]
XP_002945638.1	XP_047272806.1	9.42e-16	83.2	30.769	312	45	poly(A) RNA polymerase GLD2 isoform X3 [Homo sapiens]
XP_002945638.1	NP_776158.2	9.42e-16	83.2	30.769	312	45	poly(A) RNA polymerase GLD2 isoform 1 [Homo sapiens]
XP_002945638.1	NP_001375041.1	9.42e-16	83.2	30.769	312	45	poly(A) RNA polymerase GLD2 isoform 1 [Homo sapiens]
XP_002945638.1	NP_001375040.1	9.42e-16	83.2	30.769	312	45	poly(A) RNA polymerase GLD2 isoform 1 [Homo sapiens]
XP_002945638.1	NP_001375039.1	9.42e-16	83.2	30.769	312	45	poly(A) RNA polymerase GLD2 isoform 1 [Homo sapiens]
XP_002945638.1	NP_001375038.1	9.42e-16	83.2	30.769	312	45	poly(A) RNA polymerase GLD2 isoform 1 [Homo sapiens]
XP_002947087.1	NP_008930.2	1.40e-19	95.9	26.136	352	57	terminal nucleotidyltransferase 4A isoform 1 [Homo sapiens]
XP_002947087.1	NP_001165276.2	1.43e-19	95.9	26.136	352	57	terminal nucleotidyltransferase 4A isoform 2 [Homo sapiens]
XP_002947087.1	XP_047290431.1	5.36e-18	90.5	27.554	323	52	terminal nucleotidyltransferase 4B isoform X3 [Homo sapiens]
XP_002947087.1	XP_047272622.1	5.53e-18	90.1	29.297	256	42	terminal nucleotidyltransferase 4A isoform X1 [Homo sapiens]
XP_002947087.1	XP_047272621.1	5.53e-18	90.1	29.297	256	42	terminal nucleotidyltransferase 4A isoform X1 [Homo sapiens]
XP_002947087.1	XP_047272620.1	5.53e-18	90.1	29.297	256	42	terminal nucleotidyltransferase 4A isoform X1 [Homo sapiens]
XP_002947087.1	NP_001352253.1	5.72e-18	90.5	28.731	268	44	terminal nucleotidyltransferase 4B isoform d [Homo sapiens]
XP_002947087.1	NP_001352252.1	6.01e-18	90.5	28.731	268	44	terminal nucleotidyltransferase 4B isoform c [Homo sapiens]
XP_002947087.1	XP_047290432.1	6.38e-18	90.1	27.554	323	52	terminal nucleotidyltransferase 4B isoform X4 [Homo sapiens]
XP_002947087.1	NP_001035374.2	8.08e-18	90.1	28.731	268	44	terminal nucleotidyltransferase 4B isoform a [Homo sapiens]
XP_002948895.1	XP_047290433.1	5.06e-27	118	30.667	300	28	terminal nucleotidyltransferase 4B isoform X6 [Homo sapiens]
XP_002948895.1	XP_011521580.1	1.59e-26	117	30.667	300	28	terminal nucleotidyltransferase 4B isoform X5 [Homo sapiens]
XP_002948895.1	NP_001035375.2	1.74e-26	119	30.667	300	28	terminal nucleotidyltransferase 4B isoform b [Homo sapiens]
XP_002948895.1	XP_011521578.1	1.75e-26	119	30.667	300	28	terminal nucleotidyltransferase 4B isoform X2 [Homo sapiens]
XP_002948895.1	XP_047290431.1	2.41e-26	118	30.667	300	28	terminal nucleotidyltransferase 4B isoform X3 [Homo sapiens]
XP_002948895.1	XP_047290432.1	3.17e-26	117	30.667	300	28	terminal nucleotidyltransferase 4B isoform X4 [Homo sapiens]
XP_002948895.1	NP_001035374.2	3.29e-26	118	30.667	300	28	terminal nucleotidyltransferase 4B isoform a [Homo sapiens]
XP_002948895.1	XP_011521577.1	3.30e-26	118	30.667	300	28	terminal nucleotidyltransferase 4B isoform X1 [Homo sapiens]
XP_002948895.1	NP_008930.2	4.25e-26	118	28.030	396	35	terminal nucleotidyltransferase 4A isoform 1 [Homo sapiens]
XP_002948895.1	NP_001352253.1	4.43e-26	117	30.667	300	28	terminal nucleotidyltransferase 4B isoform d [Homo sapiens]
XP_002952137.1	XP_047272820.1	2.69e-05	50.4	35.385	65	4	poly(A) RNA polymerase GLD2 isoform X11 [Homo sapiens]
XP_002952137.1	NP_001336477.1	2.83e-05	50.4	35.385	65	4	poly(A) RNA polymerase GLD2 isoform 4 [Homo sapiens]
XP_002952137.1	NP_001375066.1	3.40e-05	50.4	35.385	65	4	poly(A) RNA polymerase GLD2 isoform 15 [Homo sapiens]
XP_002952137.1	NP_001375065.1	4.85e-05	50.4	35.385	65	4	poly(A) RNA polymerase GLD2 isoform 14 [Homo sapiens]
XP_002952137.1	NP_001375061.1	5.93e-05	50.4	35.385	65	4	poly(A) RNA polymerase GLD2 isoform 12 [Homo sapiens]
XP_002952137.1	NP_001375060.1	5.97e-05	50.4	35.385	65	4	poly(A) RNA polymerase GLD2 isoform 11 [Homo sapiens]
XP_002952137.1	NP_001375059.1	6.21e-05	50.4	35.385	65	4	poly(A) RNA polymerase GLD2 isoform 10 [Homo sapiens]
XP_002952137.1	XP_047272811.1	6.21e-05	50.4	35.385	65	4	poly(A) RNA polymerase GLD2 isoform X4 [Homo sapiens]
XP_002952137.1	XP_047272810.1	6.21e-05	50.4	35.385	65	4	poly(A) RNA polymerase GLD2 isoform X4 [Homo sapiens]
XP_002952137.1	XP_047272809.1	6.21e-05	50.4	35.385	65	4	poly(A) RNA polymerase GLD2 isoform X4 [Homo sapiens]
XP_002955154.1	NP_001035374.2	6.66e-21	102	32.883	222	11	terminal nucleotidyltransferase 4B isoform a [Homo sapiens]
XP_002955154.1	XP_011521577.1	6.68e-21	102	32.883	222	11	terminal nucleotidyltransferase 4B isoform X1 [Homo sapiens]
XP_002955154.1	NP_001352253.1	7.09e-21	102	32.883	222	11	terminal nucleotidyltransferase 4B isoform d [Homo sapiens]
XP_002955154.1	XP_047290431.1	8.17e-21	102	32.883	222	11	terminal nucleotidyltransferase 4B isoform X3 [Homo sapiens]
XP_002955154.1	NP_001352252.1	9.53e-21	102	32.883	222	11	terminal nucleotidyltransferase 4B isoform c [Homo sapiens]
XP_002955154.1	NP_008930.2	1.06e-17	92.4	32.195	205	10	terminal nucleotidyltransferase 4A isoform 1 [Homo sapiens]
XP_002955154.1	NP_001165276.2	1.07e-17	92.4	32.195	205	10	terminal nucleotidyltransferase 4A isoform 2 [Homo sapiens]
XP_002955154.1	XP_011521580.1	1.75e-17	90.9	33.659	205	10	terminal nucleotidyltransferase 4B isoform X5 [Homo sapiens]
XP_002955154.1	XP_047290433.1	2.17e-17	90.1	33.659	205	10	terminal nucleotidyltransferase 4B isoform X6 [Homo sapiens]
XP_002955154.1	XP_047290432.1	2.76e-17	90.9	32.883	222	11	terminal nucleotidyltransferase 4B isoform X4 [Homo sapiens]
XP_002973804.2	XP_047272384.1	2.23e-50	194	35.241	332	34	terminal uridylyltransferase 4 isoform X46 [Homo sapiens]
XP_002973804.2	XP_016856292.1	1.07e-49	194	35.135	333	34	terminal uridylyltransferase 4 isoform X9 [Homo sapiens]
XP_002973804.2	XP_047272285.1	1.14e-49	194	35.135	333	34	terminal uridylyltransferase 4 isoform X7 [Homo sapiens]
XP_002973804.2	XP_016856297.1	1.28e-49	194	34.940	332	34	terminal uridylyltransferase 4 isoform X36 [Homo sapiens]
XP_002973804.2	XP_047272345.1	1.30e-49	194	34.940	332	34	terminal uridylyltransferase 4 isoform X31 [Homo sapiens]
XP_002973804.2	XP_016856299.1	1.31e-49	193	35.135	333	34	terminal uridylyltransferase 4 isoform X40 [Homo sapiens]
XP_002973804.2	XP_011539401.1	1.34e-49	193	35.135	333	34	terminal uridylyltransferase 4 isoform X29 [Homo sapiens]
XP_002973804.2	XP_047272281.1	1.36e-49	194	35.135	333	34	terminal uridylyltransferase 4 isoform X4 [Homo sapiens]
XP_002973804.2	NP_001009881.1	1.36e-49	194	35.135	333	34	terminal uridylyltransferase 4 isoform a [Homo sapiens]
XP_002973804.2	XP_047272282.1	1.39e-49	193	35.135	333	34	terminal uridylyltransferase 4 isoform X5 [Homo sapiens]
XP_002983593.2	XP_047272384.1	2.28e-50	194	35.241	332	34	terminal uridylyltransferase 4 isoform X46 [Homo sapiens]
XP_002983593.2	XP_016856292.1	1.05e-49	194	35.135	333	34	terminal uridylyltransferase 4 isoform X9 [Homo sapiens]
XP_002983593.2	XP_047272285.1	1.16e-49	194	35.135	333	34	terminal uridylyltransferase 4 isoform X7 [Homo sapiens]
XP_002983593.2	XP_016856297.1	1.33e-49	193	35.135	333	34	terminal uridylyltransferase 4 isoform X36 [Homo sapiens]
XP_002983593.2	XP_011539401.1	1.33e-49	193	35.135	333	34	terminal uridylyltransferase 4 isoform X29 [Homo sapiens]
XP_002983593.2	XP_047272281.1	1.39e-49	193	35.135	333	34	terminal uridylyltransferase 4 isoform X4 [Homo sapiens]
XP_002983593.2	NP_001009881.1	1.39e-49	193	35.135	333	34	terminal uridylyltransferase 4 isoform a [Homo sapiens]
XP_002983593.2	XP_047272282.1	1.40e-49	193	35.135	333	34	terminal uridylyltransferase 4 isoform X5 [Homo sapiens]
XP_002983593.2	NP_056084.1	1.40e-49	193	35.135	333	34	terminal uridylyltransferase 4 isoform b [Homo sapiens]
XP_002983593.2	XP_011539399.1	1.43e-49	193	35.135	333	34	terminal uridylyltransferase 4 isoform X1 [Homo sapiens]
XP_002993209.2	XP_011517316.1	1.34e-23	106	26.814	317	72	terminal uridylyltransferase 7 isoform X1 [Homo sapiens]
XP_002993209.2	XP_011517315.1	1.34e-23	106	26.814	317	72	terminal uridylyltransferase 7 isoform X1 [Homo sapiens]
XP_002993209.2	XP_011517314.1	1.34e-23	106	26.814	317	72	terminal uridylyltransferase 7 isoform X1 [Homo sapiens]
XP_002993209.2	XP_011517313.1	1.34e-23	106	26.814	317	72	terminal uridylyltransferase 7 isoform X1 [Homo sapiens]
XP_002993209.2	XP_005252265.1	1.62e-23	105	26.814	317	72	terminal uridylyltransferase 7 isoform X7 [Homo sapiens]
XP_002993209.2	XP_047279825.1	1.77e-23	105	26.814	317	72	terminal uridylyltransferase 7 isoform X6 [Homo sapiens]
XP_002993209.2	XP_047279824.1	1.77e-23	105	26.814	317	72	terminal uridylyltransferase 7 isoform X6 [Homo sapiens]
XP_002993209.2	XP_005252264.1	1.77e-23	105	26.814	317	72	terminal uridylyltransferase 7 isoform X6 [Homo sapiens]
XP_002993209.2	XP_047279823.1	1.86e-23	105	26.814	317	72	terminal uridylyltransferase 7 isoform X2 [Homo sapiens]
XP_002993209.2	XP_006717346.1	1.86e-23	105	26.814	317	72	terminal uridylyltransferase 7 isoform X2 [Homo sapiens]
XP_002997731.1	XP_047290433.1	2.68e-67	226	40.924	303	61	terminal nucleotidyltransferase 4B isoform X6 [Homo sapiens]
XP_002997731.1	XP_011521580.1	3.24e-67	227	40.924	303	61	terminal nucleotidyltransferase 4B isoform X5 [Homo sapiens]
XP_002997731.1	NP_001035375.2	2.06e-66	228	40.625	320	64	terminal nucleotidyltransferase 4B isoform b [Homo sapiens]
XP_002997731.1	XP_011521578.1	2.10e-66	228	40.625	320	64	terminal nucleotidyltransferase 4B isoform X2 [Homo sapiens]
XP_002997731.1	NP_001035374.2	3.04e-66	228	40.938	320	64	terminal nucleotidyltransferase 4B isoform a [Homo sapiens]
XP_002997731.1	XP_011521577.1	3.09e-66	228	40.938	320	64	terminal nucleotidyltransferase 4B isoform X1 [Homo sapiens]
XP_002997731.1	XP_047290432.1	3.80e-66	227	40.938	320	64	terminal nucleotidyltransferase 4B isoform X4 [Homo sapiens]
XP_002997731.1	NP_001352252.1	4.93e-66	227	40.938	320	64	terminal nucleotidyltransferase 4B isoform c [Homo sapiens]
XP_002997731.1	NP_001352253.1	6.92e-66	227	40.938	320	64	terminal nucleotidyltransferase 4B isoform d [Homo sapiens]
XP_002997731.1	XP_047290431.1	8.42e-66	226	40.938	320	64	terminal nucleotidyltransferase 4B isoform X3 [Homo sapiens]
XP_002998992.1	XP_016856293.1	7.94e-24	111	35.398	226	20	terminal uridylyltransferase 4 isoform X16 [Homo sapiens]
XP_002998992.1	XP_047272288.1	8.88e-24	111	35.398	226	20	terminal uridylyltransferase 4 isoform X10 [Homo sapiens]
XP_002998992.1	XP_016856292.1	9.84e-24	111	35.398	226	20	terminal uridylyltransferase 4 isoform X9 [Homo sapiens]
XP_002998992.1	XP_047272283.1	1.08e-23	111	35.398	226	20	terminal uridylyltransferase 4 isoform X6 [Homo sapiens]
XP_002998992.1	XP_005270737.1	1.08e-23	111	35.398	226	20	terminal uridylyltransferase 4 isoform X6 [Homo sapiens]
XP_002998992.1	XP_047272281.1	1.10e-23	111	35.398	226	20	terminal uridylyltransferase 4 isoform X4 [Homo sapiens]
XP_002998992.1	NP_001009881.1	1.10e-23	111	35.398	226	20	terminal uridylyltransferase 4 isoform a [Homo sapiens]
XP_002998992.1	XP_047272285.1	1.10e-23	111	35.398	226	20	terminal uridylyltransferase 4 isoform X7 [Homo sapiens]
XP_002998992.1	XP_047272282.1	1.11e-23	111	35.398	226	20	terminal uridylyltransferase 4 isoform X5 [Homo sapiens]
XP_002998992.1	NP_056084.1	1.11e-23	111	35.398	226	20	terminal uridylyltransferase 4 isoform b [Homo sapiens]
XP_002999251.1	NP_001375065.1	4.85e-33	132	28.144	334	58	poly(A) RNA polymerase GLD2 isoform 14 [Homo sapiens]
XP_002999251.1	NP_001375061.1	6.80e-33	133	28.144	334	58	poly(A) RNA polymerase GLD2 isoform 12 [Homo sapiens]
XP_002999251.1	NP_001375059.1	9.41e-33	133	28.144	334	58	poly(A) RNA polymerase GLD2 isoform 10 [Homo sapiens]
XP_002999251.1	XP_047272811.1	9.44e-33	133	28.144	334	58	poly(A) RNA polymerase GLD2 isoform X4 [Homo sapiens]
XP_002999251.1	XP_047272810.1	9.44e-33	133	28.144	334	58	poly(A) RNA polymerase GLD2 isoform X4 [Homo sapiens]
XP_002999251.1	XP_047272809.1	9.44e-33	133	28.144	334	58	poly(A) RNA polymerase GLD2 isoform X4 [Homo sapiens]
XP_002999251.1	NP_001375058.1	9.44e-33	133	28.144	334	58	poly(A) RNA polymerase GLD2 isoform 2 [Homo sapiens]
XP_002999251.1	NP_001375057.1	9.44e-33	133	28.144	334	58	poly(A) RNA polymerase GLD2 isoform 2 [Homo sapiens]
XP_002999251.1	NP_001375056.1	9.44e-33	133	28.144	334	58	poly(A) RNA polymerase GLD2 isoform 2 [Homo sapiens]
XP_002999251.1	NP_001375055.1	9.44e-33	133	28.144	334	58	poly(A) RNA polymerase GLD2 isoform 2 [Homo sapiens]
XP_003001273.1	XP_047272820.1	6.49e-20	93.2	28.146	302	28	poly(A) RNA polymerase GLD2 isoform X11 [Homo sapiens]
XP_003001273.1	NP_001336477.1	1.32e-19	92.4	27.331	311	28	poly(A) RNA polymerase GLD2 isoform 4 [Homo sapiens]
XP_003001273.1	NP_001375065.1	2.03e-19	94.0	27.362	307	28	poly(A) RNA polymerase GLD2 isoform 14 [Homo sapiens]
XP_003001273.1	XP_047272805.1	3.20e-19	95.1	27.362	307	28	poly(A) RNA polymerase GLD2 isoform X2 [Homo sapiens]
XP_003001273.1	XP_047272804.1	3.20e-19	95.1	27.362	307	28	poly(A) RNA polymerase GLD2 isoform X2 [Homo sapiens]
XP_003001273.1	XP_047272803.1	3.20e-19	95.1	27.362	307	28	poly(A) RNA polymerase GLD2 isoform X2 [Homo sapiens]
XP_003001273.1	XP_047272802.1	3.20e-19	95.1	27.362	307	28	poly(A) RNA polymerase GLD2 isoform X2 [Homo sapiens]
XP_003001273.1	XP_016864641.1	3.20e-19	95.1	27.362	307	28	poly(A) RNA polymerase GLD2 isoform X2 [Homo sapiens]
XP_003001273.1	NP_001375026.1	3.20e-19	95.1	27.362	307	28	poly(A) RNA polymerase GLD2 isoform 6 [Homo sapiens]
XP_003001273.1	NP_001375025.1	3.20e-19	95.1	27.362	307	28	poly(A) RNA polymerase GLD2 isoform 6 [Homo sapiens]
XP_003008038.1	XP_047272384.1	5.71e-44	176	33.923	339	28	terminal uridylyltransferase 4 isoform X46 [Homo sapiens]
XP_003008038.1	XP_016856297.1	6.62e-43	174	33.923	339	28	terminal uridylyltransferase 4 isoform X36 [Homo sapiens]
XP_003008038.1	XP_005270739.1	6.69e-43	174	33.923	339	28	terminal uridylyltransferase 4 isoform X33 [Homo sapiens]
XP_003008038.1	XP_016856299.1	7.11e-43	174	33.923	339	28	terminal uridylyltransferase 4 isoform X40 [Homo sapiens]
XP_003008038.1	XP_047272365.1	7.84e-43	173	33.923	339	28	terminal uridylyltransferase 4 isoform X38 [Homo sapiens]
XP_003008038.1	XP_016856292.1	8.32e-43	173	33.923	339	28	terminal uridylyltransferase 4 isoform X9 [Homo sapiens]
XP_003008038.1	XP_047272345.1	8.63e-43	173	33.923	339	28	terminal uridylyltransferase 4 isoform X31 [Homo sapiens]
XP_003008038.1	XP_016856296.1	8.81e-43	173	33.923	339	28	terminal uridylyltransferase 4 isoform X28 [Homo sapiens]
XP_003008038.1	XP_016856295.1	8.99e-43	173	33.923	339	28	terminal uridylyltransferase 4 isoform X25 [Homo sapiens]
XP_003008038.1	XP_011539401.1	9.19e-43	173	33.923	339	28	terminal uridylyltransferase 4 isoform X29 [Homo sapiens]
XP_003015730.1	NP_001375029.1	1.59e-11	69.7	23.867	331	53	poly(A) RNA polymerase GLD2 isoform 8 [Homo sapiens]
XP_003015730.1	NP_001375028.1	1.59e-11	69.7	23.867	331	53	poly(A) RNA polymerase GLD2 isoform 8 [Homo sapiens]
XP_003015730.1	NP_001375060.1	3.10e-11	68.6	23.867	331	53	poly(A) RNA polymerase GLD2 isoform 11 [Homo sapiens]
XP_003015730.1	NP_001375042.1	3.74e-11	68.2	23.867	331	53	poly(A) RNA polymerase GLD2 isoform 16 [Homo sapiens]
XP_003015730.1	XP_047272820.1	4.04e-11	66.2	34.454	119	19	poly(A) RNA polymerase GLD2 isoform X11 [Homo sapiens]
XP_003015730.1	XP_047272808.1	4.10e-11	68.2	23.867	331	53	poly(A) RNA polymerase GLD2 isoform X3 [Homo sapiens]
XP_003015730.1	XP_047272807.1	4.10e-11	68.2	23.867	331	53	poly(A) RNA polymerase GLD2 isoform X3 [Homo sapiens]
XP_003015730.1	XP_047272806.1	4.10e-11	68.2	23.867	331	53	poly(A) RNA polymerase GLD2 isoform X3 [Homo sapiens]
XP_003015730.1	NP_776158.2	4.10e-11	68.2	23.867	331	53	poly(A) RNA polymerase GLD2 isoform 1 [Homo sapiens]
XP_003015730.1	NP_001375041.1	4.10e-11	68.2	23.867	331	53	poly(A) RNA polymerase GLD2 isoform 1 [Homo sapiens]
XP_003015780.1	NP_001375029.1	1.04e-35	145	31.804	327	26	poly(A) RNA polymerase GLD2 isoform 8 [Homo sapiens]
XP_003015780.1	NP_001375028.1	1.04e-35	145	31.804	327	26	poly(A) RNA polymerase GLD2 isoform 8 [Homo sapiens]
XP_003015780.1	NP_001375030.1	2.04e-35	144	31.988	322	26	poly(A) RNA polymerase GLD2 isoform 9 [Homo sapiens]
XP_003015780.1	NP_001375060.1	1.02e-34	141	31.034	319	26	poly(A) RNA polymerase GLD2 isoform 11 [Homo sapiens]
XP_003015780.1	NP_001375042.1	1.08e-34	142	31.034	319	26	poly(A) RNA polymerase GLD2 isoform 16 [Homo sapiens]
XP_003015780.1	XP_047272808.1	1.17e-34	142	31.034	319	26	poly(A) RNA polymerase GLD2 isoform X3 [Homo sapiens]
XP_003015780.1	XP_047272807.1	1.17e-34	142	31.034	319	26	poly(A) RNA polymerase GLD2 isoform X3 [Homo sapiens]
XP_003015780.1	XP_047272806.1	1.17e-34	142	31.034	319	26	poly(A) RNA polymerase GLD2 isoform X3 [Homo sapiens]
XP_003015780.1	NP_776158.2	1.17e-34	142	31.034	319	26	poly(A) RNA polymerase GLD2 isoform 1 [Homo sapiens]
XP_003015780.1	NP_001375041.1	1.17e-34	142	31.034	319	26	poly(A) RNA polymerase GLD2 isoform 1 [Homo sapiens]
XP_003025305.1	NP_001375029.1	3.14e-11	68.9	23.867	331	48	poly(A) RNA polymerase GLD2 isoform 8 [Homo sapiens]
XP_003025305.1	NP_001375028.1	3.14e-11	68.9	23.867	331	48	poly(A) RNA polymerase GLD2 isoform 8 [Homo sapiens]
XP_003025305.1	XP_047272820.1	4.27e-11	66.2	34.454	119	17	poly(A) RNA polymerase GLD2 isoform X11 [Homo sapiens]
XP_003025305.1	NP_001336477.1	6.39e-11	65.9	34.454	119	17	poly(A) RNA polymerase GLD2 isoform 4 [Homo sapiens]
XP_003025305.1	NP_001375065.1	6.66e-11	67.0	34.454	119	17	poly(A) RNA polymerase GLD2 isoform 14 [Homo sapiens]
XP_003025305.1	NP_001375060.1	6.86e-11	67.8	23.867	331	48	poly(A) RNA polymerase GLD2 isoform 11 [Homo sapiens]
XP_003025305.1	XP_047272801.1	8.00e-11	67.8	23.304	339	48	poly(A) RNA polymerase GLD2 isoform X1 [Homo sapiens]
XP_003025305.1	XP_047272800.1	8.00e-11	67.8	23.304	339	48	poly(A) RNA polymerase GLD2 isoform X1 [Homo sapiens]
XP_003025305.1	XP_011541527.1	8.00e-11	67.8	23.304	339	48	poly(A) RNA polymerase GLD2 isoform X1 [Homo sapiens]
XP_003025305.1	XP_011541526.1	8.00e-11	67.8	23.304	339	48	poly(A) RNA polymerase GLD2 isoform X1 [Homo sapiens]
XP_003025551.1	NP_001375029.1	2.96e-34	140	31.288	326	26	poly(A) RNA polymerase GLD2 isoform 8 [Homo sapiens]
XP_003025551.1	NP_001375028.1	2.96e-34	140	31.288	326	26	poly(A) RNA polymerase GLD2 isoform 8 [Homo sapiens]
XP_003025551.1	NP_001375030.1	3.09e-34	140	31.366	322	26	poly(A) RNA polymerase GLD2 isoform 9 [Homo sapiens]
XP_003025551.1	NP_001375061.1	4.52e-34	139	31.761	318	26	poly(A) RNA polymerase GLD2 isoform 12 [Homo sapiens]
XP_003025551.1	XP_047272808.1	4.57e-34	140	31.677	322	26	poly(A) RNA polymerase GLD2 isoform X3 [Homo sapiens]
XP_003025551.1	XP_047272807.1	4.57e-34	140	31.677	322	26	poly(A) RNA polymerase GLD2 isoform X3 [Homo sapiens]
XP_003025551.1	XP_047272806.1	4.57e-34	140	31.677	322	26	poly(A) RNA polymerase GLD2 isoform X3 [Homo sapiens]
XP_003025551.1	NP_776158.2	4.57e-34	140	31.677	322	26	poly(A) RNA polymerase GLD2 isoform 1 [Homo sapiens]
XP_003025551.1	NP_001375041.1	4.57e-34	140	31.677	322	26	poly(A) RNA polymerase GLD2 isoform 1 [Homo sapiens]
XP_003025551.1	NP_001375040.1	4.57e-34	140	31.677	322	26	poly(A) RNA polymerase GLD2 isoform 1 [Homo sapiens]
XP_003026759.1	XP_047272820.1	4.86e-10	62.8	35.870	92	15	poly(A) RNA polymerase GLD2 isoform X11 [Homo sapiens]
XP_003026759.1	NP_001336477.1	8.29e-10	62.4	35.870	92	15	poly(A) RNA polymerase GLD2 isoform 4 [Homo sapiens]
XP_003026759.1	NP_001375066.1	1.09e-09	62.4	38.202	89	15	poly(A) RNA polymerase GLD2 isoform 15 [Homo sapiens]
XP_003026759.1	NP_001375065.1	1.45e-09	62.8	35.870	92	15	poly(A) RNA polymerase GLD2 isoform 14 [Homo sapiens]
XP_003026759.1	XP_047272811.1	1.88e-09	62.8	35.870	92	15	poly(A) RNA polymerase GLD2 isoform X4 [Homo sapiens]
XP_003026759.1	XP_047272810.1	1.88e-09	62.8	35.870	92	15	poly(A) RNA polymerase GLD2 isoform X4 [Homo sapiens]
XP_003026759.1	XP_047272809.1	1.88e-09	62.8	35.870	92	15	poly(A) RNA polymerase GLD2 isoform X4 [Homo sapiens]
XP_003026759.1	NP_001375058.1	1.88e-09	62.8	35.870	92	15	poly(A) RNA polymerase GLD2 isoform 2 [Homo sapiens]
XP_003026759.1	NP_001375057.1	1.88e-09	62.8	35.870	92	15	poly(A) RNA polymerase GLD2 isoform 2 [Homo sapiens]
XP_003026759.1	NP_001375056.1	1.88e-09	62.8	35.870	92	15	poly(A) RNA polymerase GLD2 isoform 2 [Homo sapiens]
XP_003028342.1	XP_047279823.1	3.09e-40	164	33.634	333	32	terminal uridylyltransferase 7 isoform X2 [Homo sapiens]
XP_003028342.1	XP_006717346.1	3.09e-40	164	33.634	333	32	terminal uridylyltransferase 7 isoform X2 [Homo sapiens]
XP_003028342.1	XP_011517317.1	4.31e-40	164	33.634	333	32	terminal uridylyltransferase 7 isoform X3 [Homo sapiens]
XP_003028342.1	XP_016870620.1	5.27e-40	164	33.634	333	32	terminal uridylyltransferase 7 isoform X4 [Homo sapiens]
XP_003028342.1	XP_016870619.1	5.27e-40	164	33.634	333	32	terminal uridylyltransferase 7 isoform X4 [Homo sapiens]
XP_003028342.1	NP_078893.2	5.27e-40	164	33.634	333	32	terminal uridylyltransferase 7 isoform 1 [Homo sapiens]
XP_003028342.1	NP_001171988.1	5.27e-40	164	33.634	333	32	terminal uridylyltransferase 7 isoform 1 [Homo sapiens]
XP_003028342.1	XP_047279825.1	6.36e-40	163	33.634	333	32	terminal uridylyltransferase 7 isoform X6 [Homo sapiens]
XP_003028342.1	XP_047279824.1	6.36e-40	163	33.634	333	32	terminal uridylyltransferase 7 isoform X6 [Homo sapiens]
XP_003028342.1	XP_005252264.1	6.36e-40	163	33.634	333	32	terminal uridylyltransferase 7 isoform X6 [Homo sapiens]
XP_003035643.1	NP_008930.2	9.95e-52	194	35.965	342	50	terminal nucleotidyltransferase 4A isoform 1 [Homo sapiens]
XP_003035643.1	NP_001165276.2	1.01e-51	194	35.965	342	50	terminal nucleotidyltransferase 4A isoform 2 [Homo sapiens]
XP_003035643.1	XP_047290433.1	1.22e-51	188	39.236	288	42	terminal nucleotidyltransferase 4B isoform X6 [Homo sapiens]
XP_003035643.1	XP_011521580.1	1.57e-51	189	39.236	288	42	terminal nucleotidyltransferase 4B isoform X5 [Homo sapiens]
XP_003035643.1	NP_001035375.2	1.19e-50	189	36.095	338	50	terminal nucleotidyltransferase 4B isoform b [Homo sapiens]
XP_003035643.1	XP_011521578.1	1.20e-50	189	36.095	338	50	terminal nucleotidyltransferase 4B isoform X2 [Homo sapiens]
XP_003035643.1	NP_001035374.2	1.80e-50	189	39.236	288	42	terminal nucleotidyltransferase 4B isoform a [Homo sapiens]
XP_003035643.1	XP_011521577.1	1.82e-50	189	39.236	288	42	terminal nucleotidyltransferase 4B isoform X1 [Homo sapiens]
XP_003035643.1	XP_047290432.1	2.62e-50	187	39.236	288	42	terminal nucleotidyltransferase 4B isoform X4 [Homo sapiens]
XP_003035643.1	XP_047290431.1	2.93e-50	188	39.236	288	42	terminal nucleotidyltransferase 4B isoform X3 [Homo sapiens]
XP_003044635.1	XP_047272820.1	4.24e-22	99.0	32.547	212	23	poly(A) RNA polymerase GLD2 isoform X11 [Homo sapiens]
XP_003044635.1	NP_001336477.1	4.00e-21	96.7	32.828	198	21	poly(A) RNA polymerase GLD2 isoform 4 [Homo sapiens]
XP_003044635.1	XP_047272805.1	7.48e-21	99.8	31.602	231	25	poly(A) RNA polymerase GLD2 isoform X2 [Homo sapiens]
XP_003044635.1	XP_047272804.1	7.48e-21	99.8	31.602	231	25	poly(A) RNA polymerase GLD2 isoform X2 [Homo sapiens]
XP_003044635.1	XP_047272803.1	7.48e-21	99.8	31.602	231	25	poly(A) RNA polymerase GLD2 isoform X2 [Homo sapiens]
XP_003044635.1	XP_047272802.1	7.48e-21	99.8	31.602	231	25	poly(A) RNA polymerase GLD2 isoform X2 [Homo sapiens]
XP_003044635.1	XP_016864641.1	7.48e-21	99.8	31.602	231	25	poly(A) RNA polymerase GLD2 isoform X2 [Homo sapiens]
XP_003044635.1	NP_001375026.1	7.48e-21	99.8	31.602	231	25	poly(A) RNA polymerase GLD2 isoform 6 [Homo sapiens]
XP_003044635.1	NP_001375025.1	7.48e-21	99.8	31.602	231	25	poly(A) RNA polymerase GLD2 isoform 6 [Homo sapiens]
XP_003044635.1	NP_001375024.1	7.48e-21	99.8	31.602	231	25	poly(A) RNA polymerase GLD2 isoform 6 [Homo sapiens]
XP_003051370.1	XP_047272384.1	8.25e-45	179	35.873	315	23	terminal uridylyltransferase 4 isoform X46 [Homo sapiens]
XP_003051370.1	XP_016856297.1	5.76e-44	177	37.801	291	21	terminal uridylyltransferase 4 isoform X36 [Homo sapiens]
XP_003051370.1	XP_005270739.1	5.78e-44	177	37.801	291	21	terminal uridylyltransferase 4 isoform X33 [Homo sapiens]
XP_003051370.1	XP_016856292.1	6.18e-44	177	37.801	291	21	terminal uridylyltransferase 4 isoform X9 [Homo sapiens]
XP_003051370.1	XP_047272345.1	7.32e-44	177	37.801	291	21	terminal uridylyltransferase 4 isoform X31 [Homo sapiens]
XP_003051370.1	XP_047272285.1	7.54e-44	177	37.801	291	21	terminal uridylyltransferase 4 isoform X7 [Homo sapiens]
XP_003051370.1	XP_016856299.1	7.80e-44	177	37.801	291	21	terminal uridylyltransferase 4 isoform X40 [Homo sapiens]
XP_003051370.1	XP_047272288.1	7.91e-44	177	37.801	291	21	terminal uridylyltransferase 4 isoform X10 [Homo sapiens]
XP_003051370.1	XP_005270735.1	7.92e-44	177	37.801	291	21	terminal uridylyltransferase 4 isoform X2 [Homo sapiens]
XP_003051370.1	XP_011539399.1	7.99e-44	177	37.801	291	21	terminal uridylyltransferase 4 isoform X1 [Homo sapiens]
XP_003052397.1	XP_047290433.1	3.73e-51	186	37.261	314	49	terminal nucleotidyltransferase 4B isoform X6 [Homo sapiens]
XP_003052397.1	XP_011521580.1	7.88e-51	186	37.261	314	49	terminal nucleotidyltransferase 4B isoform X5 [Homo sapiens]
XP_003052397.1	NP_001035375.2	3.67e-50	187	37.261	314	49	terminal nucleotidyltransferase 4B isoform b [Homo sapiens]
XP_003052397.1	XP_011521578.1	3.72e-50	187	37.261	314	49	terminal nucleotidyltransferase 4B isoform X2 [Homo sapiens]
XP_003052397.1	NP_008930.2	7.61e-50	187	34.837	399	63	terminal nucleotidyltransferase 4A isoform 1 [Homo sapiens]
XP_003052397.1	NP_001035374.2	8.58e-50	186	37.261	314	49	terminal nucleotidyltransferase 4B isoform a [Homo sapiens]
XP_003052397.1	XP_011521577.1	8.68e-50	186	37.261	314	49	terminal nucleotidyltransferase 4B isoform X1 [Homo sapiens]
XP_003052397.1	NP_001165276.2	1.06e-49	187	34.837	399	63	terminal nucleotidyltransferase 4A isoform 2 [Homo sapiens]
XP_003052397.1	XP_047290431.1	1.08e-49	186	37.261	314	49	terminal nucleotidyltransferase 4B isoform X3 [Homo sapiens]
XP_003052397.1	XP_047290432.1	1.36e-49	185	37.261	314	49	terminal nucleotidyltransferase 4B isoform X4 [Homo sapiens]
XP_003056692.1	XP_047272801.1	4.48e-17	83.6	27.668	253	81	poly(A) RNA polymerase GLD2 isoform X1 [Homo sapiens]
XP_003056692.1	XP_047272800.1	4.48e-17	83.6	27.668	253	81	poly(A) RNA polymerase GLD2 isoform X1 [Homo sapiens]
XP_003056692.1	XP_011541527.1	4.48e-17	83.6	27.668	253	81	poly(A) RNA polymerase GLD2 isoform X1 [Homo sapiens]
XP_003056692.1	XP_011541526.1	4.48e-17	83.6	27.668	253	81	poly(A) RNA polymerase GLD2 isoform X1 [Homo sapiens]
XP_003056692.1	XP_011541523.1	4.48e-17	83.6	27.668	253	81	poly(A) RNA polymerase GLD2 isoform X1 [Homo sapiens]
XP_003056692.1	XP_011541522.1	4.48e-17	83.6	27.668	253	81	poly(A) RNA polymerase GLD2 isoform X1 [Homo sapiens]
XP_003056692.1	NP_001375023.1	4.48e-17	83.6	27.668	253	81	poly(A) RNA polymerase GLD2 isoform 5 [Homo sapiens]
XP_003056692.1	NP_001375022.1	4.48e-17	83.6	27.668	253	81	poly(A) RNA polymerase GLD2 isoform 5 [Homo sapiens]
XP_003056692.1	NP_001336479.1	4.48e-17	83.6	27.668	253	81	poly(A) RNA polymerase GLD2 isoform 5 [Homo sapiens]
XP_003056692.1	NP_001336478.1	4.48e-17	83.6	27.668	253	81	poly(A) RNA polymerase GLD2 isoform 5 [Homo sapiens]
XP_003057915.1	XP_047290433.1	5.14e-65	224	37.500	344	48	terminal nucleotidyltransferase 4B isoform X6 [Homo sapiens]
XP_003057915.1	XP_047290432.1	8.16e-65	228	37.047	359	50	terminal nucleotidyltransferase 4B isoform X4 [Homo sapiens]
XP_003057915.1	XP_011521580.1	9.03e-65	224	37.758	339	47	terminal nucleotidyltransferase 4B isoform X5 [Homo sapiens]
XP_003057915.1	NP_001035375.2	9.13e-65	228	37.047	359	50	terminal nucleotidyltransferase 4B isoform b [Homo sapiens]
XP_003057915.1	XP_011521578.1	9.30e-65	228	37.047	359	50	terminal nucleotidyltransferase 4B isoform X2 [Homo sapiens]
XP_003057915.1	NP_001035374.2	1.48e-64	228	37.288	354	50	terminal nucleotidyltransferase 4B isoform a [Homo sapiens]
XP_003057915.1	XP_047290431.1	1.48e-64	227	37.079	356	50	terminal nucleotidyltransferase 4B isoform X3 [Homo sapiens]
XP_003057915.1	XP_011521577.1	1.50e-64	228	37.288	354	50	terminal nucleotidyltransferase 4B isoform X1 [Homo sapiens]
XP_003057915.1	NP_001352252.1	1.63e-64	228	36.712	365	51	terminal nucleotidyltransferase 4B isoform c [Homo sapiens]
XP_003057915.1	NP_001352253.1	3.72e-64	227	36.712	365	51	terminal nucleotidyltransferase 4B isoform d [Homo sapiens]
XP_003069514.1	XP_047272384.1	4.15e-35	147	32.890	301	26	terminal uridylyltransferase 4 isoform X46 [Homo sapiens]
XP_003069514.1	XP_047272811.1	4.18e-35	143	33.438	317	26	poly(A) RNA polymerase GLD2 isoform X4 [Homo sapiens]
XP_003069514.1	XP_047272810.1	4.18e-35	143	33.438	317	26	poly(A) RNA polymerase GLD2 isoform X4 [Homo sapiens]
XP_003069514.1	XP_047272809.1	4.18e-35	143	33.438	317	26	poly(A) RNA polymerase GLD2 isoform X4 [Homo sapiens]
XP_003069514.1	NP_001375058.1	4.18e-35	143	33.438	317	26	poly(A) RNA polymerase GLD2 isoform 2 [Homo sapiens]
XP_003069514.1	NP_001375057.1	4.18e-35	143	33.438	317	26	poly(A) RNA polymerase GLD2 isoform 2 [Homo sapiens]
XP_003069514.1	NP_001375056.1	4.18e-35	143	33.438	317	26	poly(A) RNA polymerase GLD2 isoform 2 [Homo sapiens]
XP_003069514.1	NP_001375055.1	4.18e-35	143	33.438	317	26	poly(A) RNA polymerase GLD2 isoform 2 [Homo sapiens]
XP_003069514.1	NP_001375054.1	4.18e-35	143	33.438	317	26	poly(A) RNA polymerase GLD2 isoform 2 [Homo sapiens]
XP_003069514.1	NP_001375053.1	4.18e-35	143	33.438	317	26	poly(A) RNA polymerase GLD2 isoform 2 [Homo sapiens]
XP_003070420.2	XP_005252265.1	4.82e-19	93.6	28.239	301	58	terminal uridylyltransferase 7 isoform X7 [Homo sapiens]
XP_003070420.2	NP_001317647.1	5.15e-19	93.2	28.239	301	58	terminal uridylyltransferase 7 isoform 3 [Homo sapiens]
XP_003070420.2	XP_011517316.1	6.06e-19	93.2	28.239	301	58	terminal uridylyltransferase 7 isoform X1 [Homo sapiens]
XP_003070420.2	XP_011517315.1	6.06e-19	93.2	28.239	301	58	terminal uridylyltransferase 7 isoform X1 [Homo sapiens]
XP_003070420.2	XP_011517314.1	6.06e-19	93.2	28.239	301	58	terminal uridylyltransferase 7 isoform X1 [Homo sapiens]
XP_003070420.2	XP_011517313.1	6.06e-19	93.2	28.239	301	58	terminal uridylyltransferase 7 isoform X1 [Homo sapiens]
XP_003070420.2	XP_011517318.1	6.49e-19	93.2	28.239	301	58	terminal uridylyltransferase 7 isoform X5 [Homo sapiens]
XP_003070420.2	XP_016870620.1	6.67e-19	93.2	28.239	301	58	terminal uridylyltransferase 7 isoform X4 [Homo sapiens]
XP_003070420.2	XP_016870619.1	6.67e-19	93.2	28.239	301	58	terminal uridylyltransferase 7 isoform X4 [Homo sapiens]
XP_003070420.2	NP_078893.2	6.67e-19	93.2	28.239	301	58	terminal uridylyltransferase 7 isoform 1 [Homo sapiens]
XP_003071814.2	XP_047290433.1	9.93e-47	174	32.468	308	44	terminal nucleotidyltransferase 4B isoform X6 [Homo sapiens]
XP_003071814.2	XP_011521580.1	2.09e-46	174	32.468	308	44	terminal nucleotidyltransferase 4B isoform X5 [Homo sapiens]
XP_003071814.2	NP_001035375.2	2.73e-46	176	32.099	324	46	terminal nucleotidyltransferase 4B isoform b [Homo sapiens]
XP_003071814.2	XP_011521578.1	2.77e-46	176	32.099	324	46	terminal nucleotidyltransferase 4B isoform X2 [Homo sapiens]
XP_003071814.2	NP_001035374.2	4.17e-46	177	32.099	324	46	terminal nucleotidyltransferase 4B isoform a [Homo sapiens]
XP_003071814.2	XP_011521577.1	4.21e-46	177	32.099	324	46	terminal nucleotidyltransferase 4B isoform X1 [Homo sapiens]
XP_003071814.2	XP_047290432.1	5.26e-46	176	32.099	324	46	terminal nucleotidyltransferase 4B isoform X4 [Homo sapiens]
XP_003071814.2	XP_047290431.1	6.45e-46	176	32.099	324	46	terminal nucleotidyltransferase 4B isoform X3 [Homo sapiens]
XP_003071814.2	NP_001352253.1	9.42e-46	176	32.099	324	46	terminal nucleotidyltransferase 4B isoform d [Homo sapiens]
XP_003071814.2	NP_001352252.1	9.47e-46	176	32.099	324	46	terminal nucleotidyltransferase 4B isoform c [Homo sapiens]
XP_003079952.2	NP_008930.2	1.61e-18	92.4	27.313	227	36	terminal nucleotidyltransferase 4A isoform 1 [Homo sapiens]
XP_003079952.2	NP_001165276.2	1.71e-18	92.4	27.313	227	36	terminal nucleotidyltransferase 4A isoform 2 [Homo sapiens]
XP_003079952.2	XP_047290433.1	9.12e-16	82.8	28.509	228	37	terminal nucleotidyltransferase 4B isoform X6 [Homo sapiens]
XP_003079952.2	XP_011521580.1	9.50e-16	83.2	28.509	228	37	terminal nucleotidyltransferase 4B isoform X5 [Homo sapiens]
XP_003079952.2	NP_001035374.2	1.41e-15	82.8	28.634	227	36	terminal nucleotidyltransferase 4B isoform a [Homo sapiens]
XP_003079952.2	XP_011521577.1	1.41e-15	82.8	28.634	227	36	terminal nucleotidyltransferase 4B isoform X1 [Homo sapiens]
XP_003079952.2	NP_001035375.2	1.49e-15	82.8	28.634	227	36	terminal nucleotidyltransferase 4B isoform b [Homo sapiens]
XP_003079952.2	XP_011521578.1	1.49e-15	82.8	28.634	227	36	terminal nucleotidyltransferase 4B isoform X2 [Homo sapiens]
XP_003079952.2	NP_001352253.1	2.16e-15	82.4	28.634	227	36	terminal nucleotidyltransferase 4B isoform d [Homo sapiens]
XP_003079952.2	XP_047290431.1	2.20e-15	82.4	28.634	227	36	terminal nucleotidyltransferase 4B isoform X3 [Homo sapiens]
XP_003080206.1	NP_001035375.2	2.84e-59	210	37.942	311	54	terminal nucleotidyltransferase 4B isoform b [Homo sapiens]
XP_003080206.1	XP_011521578.1	2.88e-59	210	37.942	311	54	terminal nucleotidyltransferase 4B isoform X2 [Homo sapiens]
XP_003080206.1	NP_008930.2	3.48e-59	212	39.414	307	55	terminal nucleotidyltransferase 4A isoform 1 [Homo sapiens]
XP_003080206.1	NP_001165276.2	3.84e-59	212	39.414	307	55	terminal nucleotidyltransferase 4A isoform 2 [Homo sapiens]
XP_003080206.1	XP_047290432.1	4.13e-59	209	37.942	311	54	terminal nucleotidyltransferase 4B isoform X4 [Homo sapiens]
XP_003080206.1	XP_047290431.1	4.80e-59	210	37.942	311	54	terminal nucleotidyltransferase 4B isoform X3 [Homo sapiens]
XP_003080206.1	NP_001035374.2	5.05e-59	210	37.942	311	54	terminal nucleotidyltransferase 4B isoform a [Homo sapiens]
XP_003080206.1	XP_011521577.1	5.13e-59	210	37.942	311	54	terminal nucleotidyltransferase 4B isoform X1 [Homo sapiens]
XP_003080206.1	NP_001352252.1	7.70e-59	209	37.942	311	54	terminal nucleotidyltransferase 4B isoform c [Homo sapiens]
XP_003080206.1	NP_001352253.1	1.08e-58	209	37.942	311	54	terminal nucleotidyltransferase 4B isoform d [Homo sapiens]
XP_003081277.2	XP_047272384.1	2.88e-17	89.4	21.016	433	56	terminal uridylyltransferase 4 isoform X46 [Homo sapiens]
XP_003081277.2	NP_001375060.1	8.87e-17	86.3	27.830	212	27	poly(A) RNA polymerase GLD2 isoform 11 [Homo sapiens]
XP_003081277.2	NP_001375042.1	9.20e-17	86.7	27.830	212	27	poly(A) RNA polymerase GLD2 isoform 16 [Homo sapiens]
XP_003081277.2	XP_047272808.1	1.02e-16	86.3	27.830	212	27	poly(A) RNA polymerase GLD2 isoform X3 [Homo sapiens]
XP_003081277.2	XP_047272807.1	1.02e-16	86.3	27.830	212	27	poly(A) RNA polymerase GLD2 isoform X3 [Homo sapiens]
XP_003081277.2	XP_047272806.1	1.02e-16	86.3	27.830	212	27	poly(A) RNA polymerase GLD2 isoform X3 [Homo sapiens]
XP_003081277.2	NP_776158.2	1.02e-16	86.3	27.830	212	27	poly(A) RNA polymerase GLD2 isoform 1 [Homo sapiens]
XP_003081277.2	NP_001375041.1	1.02e-16	86.3	27.830	212	27	poly(A) RNA polymerase GLD2 isoform 1 [Homo sapiens]
XP_003081277.2	NP_001375040.1	1.02e-16	86.3	27.830	212	27	poly(A) RNA polymerase GLD2 isoform 1 [Homo sapiens]
XP_003081277.2	NP_001375039.1	1.02e-16	86.3	27.830	212	27	poly(A) RNA polymerase GLD2 isoform 1 [Homo sapiens]
XP_003091213.2	XP_047272372.1	2.38e-41	160	33.333	294	60	terminal uridylyltransferase 4 isoform X42 [Homo sapiens]
XP_003091213.2	XP_047272350.1	2.45e-41	160	33.333	294	60	terminal uridylyltransferase 4 isoform X34 [Homo sapiens]
XP_003091213.2	XP_047272344.1	2.57e-41	160	33.333	294	60	terminal uridylyltransferase 4 isoform X30 [Homo sapiens]
XP_003091213.2	XP_047272305.1	2.58e-41	160	33.333	294	60	terminal uridylyltransferase 4 isoform X17 [Homo sapiens]
XP_003091213.2	XP_047272286.1	2.73e-41	160	33.333	294	60	terminal uridylyltransferase 4 isoform X8 [Homo sapiens]
XP_003091213.2	XP_047272295.1	2.83e-41	160	33.333	294	60	terminal uridylyltransferase 4 isoform X12 [Homo sapiens]
XP_003091213.2	XP_047272296.1	2.89e-41	160	33.333	294	60	terminal uridylyltransferase 4 isoform X13 [Homo sapiens]
XP_003091213.2	XP_047272290.1	3.00e-41	160	33.333	294	60	terminal uridylyltransferase 4 isoform X11 [Homo sapiens]
XP_003091213.2	XP_016856297.1	9.13e-41	159	34.182	275	56	terminal uridylyltransferase 4 isoform X36 [Homo sapiens]
XP_003091213.2	XP_047272325.1	9.66e-41	159	34.182	275	56	terminal uridylyltransferase 4 isoform X23 [Homo sapiens]
XP_003093191.2	NP_001375065.1	4.55e-62	216	35.340	382	42	poly(A) RNA polymerase GLD2 isoform 14 [Homo sapiens]
XP_003093191.2	NP_001375061.1	7.20e-62	219	35.340	382	42	poly(A) RNA polymerase GLD2 isoform 12 [Homo sapiens]
XP_003093191.2	NP_001375059.1	8.53e-62	219	35.340	382	42	poly(A) RNA polymerase GLD2 isoform 10 [Homo sapiens]
XP_003093191.2	XP_047272811.1	9.65e-62	219	35.340	382	42	poly(A) RNA polymerase GLD2 isoform X4 [Homo sapiens]
XP_003093191.2	XP_047272810.1	9.65e-62	219	35.340	382	42	poly(A) RNA polymerase GLD2 isoform X4 [Homo sapiens]
XP_003093191.2	XP_047272809.1	9.65e-62	219	35.340	382	42	poly(A) RNA polymerase GLD2 isoform X4 [Homo sapiens]
XP_003093191.2	NP_001375058.1	9.65e-62	219	35.340	382	42	poly(A) RNA polymerase GLD2 isoform 2 [Homo sapiens]
XP_003093191.2	NP_001375057.1	9.65e-62	219	35.340	382	42	poly(A) RNA polymerase GLD2 isoform 2 [Homo sapiens]
XP_003093191.2	NP_001375056.1	9.65e-62	219	35.340	382	42	poly(A) RNA polymerase GLD2 isoform 2 [Homo sapiens]
XP_003093191.2	NP_001375055.1	9.65e-62	219	35.340	382	42	poly(A) RNA polymerase GLD2 isoform 2 [Homo sapiens]
XP_003096489.2	NP_001375065.1	5.01e-28	116	28.485	330	76	poly(A) RNA polymerase GLD2 isoform 14 [Homo sapiens]
XP_003096489.2	NP_001375061.1	1.80e-27	115	28.485	330	76	poly(A) RNA polymerase GLD2 isoform 12 [Homo sapiens]
XP_003096489.2	XP_047272808.1	1.86e-27	116	28.313	332	76	poly(A) RNA polymerase GLD2 isoform X3 [Homo sapiens]
XP_003096489.2	XP_047272807.1	1.86e-27	116	28.313	332	76	poly(A) RNA polymerase GLD2 isoform X3 [Homo sapiens]
XP_003096489.2	XP_047272806.1	1.86e-27	116	28.313	332	76	poly(A) RNA polymerase GLD2 isoform X3 [Homo sapiens]
XP_003096489.2	NP_776158.2	1.86e-27	116	28.313	332	76	poly(A) RNA polymerase GLD2 isoform 1 [Homo sapiens]
XP_003096489.2	NP_001375041.1	1.86e-27	116	28.313	332	76	poly(A) RNA polymerase GLD2 isoform 1 [Homo sapiens]
XP_003096489.2	NP_001375040.1	1.86e-27	116	28.313	332	76	poly(A) RNA polymerase GLD2 isoform 1 [Homo sapiens]
XP_003096489.2	NP_001375039.1	1.86e-27	116	28.313	332	76	poly(A) RNA polymerase GLD2 isoform 1 [Homo sapiens]
XP_003096489.2	NP_001375038.1	1.86e-27	116	28.313	332	76	poly(A) RNA polymerase GLD2 isoform 1 [Homo sapiens]
XP_003102379.2	NP_001375029.1	5.55e-12	68.6	24.815	270	86	poly(A) RNA polymerase GLD2 isoform 8 [Homo sapiens]
XP_003102379.2	NP_001375028.1	5.55e-12	68.6	24.815	270	86	poly(A) RNA polymerase GLD2 isoform 8 [Homo sapiens]
XP_003102379.2	NP_001375060.1	6.15e-12	68.2	25.000	268	86	poly(A) RNA polymerase GLD2 isoform 11 [Homo sapiens]
XP_003102379.2	NP_001375042.1	6.63e-12	68.2	25.000	268	86	poly(A) RNA polymerase GLD2 isoform 16 [Homo sapiens]
XP_003102379.2	XP_047272808.1	6.95e-12	68.2	25.000	268	86	poly(A) RNA polymerase GLD2 isoform X3 [Homo sapiens]
XP_003102379.2	XP_047272807.1	6.95e-12	68.2	25.000	268	86	poly(A) RNA polymerase GLD2 isoform X3 [Homo sapiens]
XP_003102379.2	XP_047272806.1	6.95e-12	68.2	25.000	268	86	poly(A) RNA polymerase GLD2 isoform X3 [Homo sapiens]
XP_003102379.2	NP_776158.2	6.95e-12	68.2	25.000	268	86	poly(A) RNA polymerase GLD2 isoform 1 [Homo sapiens]
XP_003102379.2	NP_001375041.1	6.95e-12	68.2	25.000	268	86	poly(A) RNA polymerase GLD2 isoform 1 [Homo sapiens]
XP_003102379.2	NP_001375040.1	6.95e-12	68.2	25.000	268	86	poly(A) RNA polymerase GLD2 isoform 1 [Homo sapiens]
XP_003105101.2	NP_001375065.1	1.98e-40	155	32.831	332	39	poly(A) RNA polymerase GLD2 isoform 14 [Homo sapiens]
XP_003105101.2	NP_001375061.1	1.40e-39	155	32.831	332	39	poly(A) RNA polymerase GLD2 isoform 12 [Homo sapiens]
XP_003105101.2	XP_047272811.1	1.90e-39	155	32.831	332	39	poly(A) RNA polymerase GLD2 isoform X4 [Homo sapiens]
XP_003105101.2	XP_047272810.1	1.90e-39	155	32.831	332	39	poly(A) RNA polymerase GLD2 isoform X4 [Homo sapiens]
XP_003105101.2	XP_047272809.1	1.90e-39	155	32.831	332	39	poly(A) RNA polymerase GLD2 isoform X4 [Homo sapiens]
XP_003105101.2	NP_001375058.1	1.90e-39	155	32.831	332	39	poly(A) RNA polymerase GLD2 isoform 2 [Homo sapiens]
XP_003105101.2	NP_001375057.1	1.90e-39	155	32.831	332	39	poly(A) RNA polymerase GLD2 isoform 2 [Homo sapiens]
XP_003105101.2	NP_001375056.1	1.90e-39	155	32.831	332	39	poly(A) RNA polymerase GLD2 isoform 2 [Homo sapiens]
XP_003105101.2	NP_001375055.1	1.90e-39	155	32.831	332	39	poly(A) RNA polymerase GLD2 isoform 2 [Homo sapiens]
XP_003105101.2	NP_001375054.1	1.90e-39	155	32.831	332	39	poly(A) RNA polymerase GLD2 isoform 2 [Homo sapiens]
XP_003110555.2	NP_001375065.1	9.83e-12	68.6	23.810	273	65	poly(A) RNA polymerase GLD2 isoform 14 [Homo sapiens]
XP_003110555.2	NP_001375061.1	1.29e-11	68.6	23.810	273	65	poly(A) RNA polymerase GLD2 isoform 12 [Homo sapiens]
XP_003110555.2	NP_001375059.1	1.58e-11	68.6	23.810	273	65	poly(A) RNA polymerase GLD2 isoform 10 [Homo sapiens]
XP_003110555.2	XP_047272811.1	1.65e-11	68.2	23.810	273	65	poly(A) RNA polymerase GLD2 isoform X4 [Homo sapiens]
XP_003110555.2	XP_047272810.1	1.65e-11	68.2	23.810	273	65	poly(A) RNA polymerase GLD2 isoform X4 [Homo sapiens]
XP_003110555.2	XP_047272809.1	1.65e-11	68.2	23.810	273	65	poly(A) RNA polymerase GLD2 isoform X4 [Homo sapiens]
XP_003110555.2	NP_001375058.1	1.65e-11	68.2	23.810	273	65	poly(A) RNA polymerase GLD2 isoform 2 [Homo sapiens]
XP_003110555.2	NP_001375057.1	1.65e-11	68.2	23.810	273	65	poly(A) RNA polymerase GLD2 isoform 2 [Homo sapiens]
XP_003110555.2	NP_001375056.1	1.65e-11	68.2	23.810	273	65	poly(A) RNA polymerase GLD2 isoform 2 [Homo sapiens]
XP_003110555.2	NP_001375055.1	1.65e-11	68.2	23.810	273	65	poly(A) RNA polymerase GLD2 isoform 2 [Homo sapiens]
XP_003111878.2	NP_001375065.1	4.91e-19	90.5	24.540	326	73	poly(A) RNA polymerase GLD2 isoform 14 [Homo sapiens]
XP_003111878.2	NP_001375027.1	5.80e-19	91.7	25.664	339	73	poly(A) RNA polymerase GLD2 isoform 7 [Homo sapiens]
XP_003111878.2	XP_047272805.1	5.88e-19	91.7	25.664	339	73	poly(A) RNA polymerase GLD2 isoform X2 [Homo sapiens]
XP_003111878.2	XP_047272804.1	5.88e-19	91.7	25.664	339	73	poly(A) RNA polymerase GLD2 isoform X2 [Homo sapiens]
XP_003111878.2	XP_047272803.1	5.88e-19	91.7	25.664	339	73	poly(A) RNA polymerase GLD2 isoform X2 [Homo sapiens]
XP_003111878.2	XP_047272802.1	5.88e-19	91.7	25.664	339	73	poly(A) RNA polymerase GLD2 isoform X2 [Homo sapiens]
XP_003111878.2	XP_016864641.1	5.88e-19	91.7	25.664	339	73	poly(A) RNA polymerase GLD2 isoform X2 [Homo sapiens]
XP_003111878.2	NP_001375026.1	5.88e-19	91.7	25.664	339	73	poly(A) RNA polymerase GLD2 isoform 6 [Homo sapiens]
XP_003111878.2	NP_001375025.1	5.88e-19	91.7	25.664	339	73	poly(A) RNA polymerase GLD2 isoform 6 [Homo sapiens]
XP_003111878.2	NP_001375024.1	5.88e-19	91.7	25.664	339	73	poly(A) RNA polymerase GLD2 isoform 6 [Homo sapiens]
XP_003112162.2	NP_001375065.1	4.45e-29	119	28.529	333	68	poly(A) RNA polymerase GLD2 isoform 14 [Homo sapiens]
XP_003112162.2	NP_001375061.1	1.44e-28	119	28.529	333	68	poly(A) RNA polymerase GLD2 isoform 12 [Homo sapiens]
XP_003112162.2	NP_001375059.1	2.48e-28	119	28.529	333	68	poly(A) RNA polymerase GLD2 isoform 10 [Homo sapiens]
XP_003112162.2	XP_047272811.1	2.48e-28	119	28.529	333	68	poly(A) RNA polymerase GLD2 isoform X4 [Homo sapiens]
XP_003112162.2	XP_047272810.1	2.48e-28	119	28.529	333	68	poly(A) RNA polymerase GLD2 isoform X4 [Homo sapiens]
XP_003112162.2	XP_047272809.1	2.48e-28	119	28.529	333	68	poly(A) RNA polymerase GLD2 isoform X4 [Homo sapiens]
XP_003112162.2	NP_001375058.1	2.48e-28	119	28.529	333	68	poly(A) RNA polymerase GLD2 isoform 2 [Homo sapiens]
XP_003112162.2	NP_001375057.1	2.48e-28	119	28.529	333	68	poly(A) RNA polymerase GLD2 isoform 2 [Homo sapiens]
XP_003112162.2	NP_001375056.1	2.48e-28	119	28.529	333	68	poly(A) RNA polymerase GLD2 isoform 2 [Homo sapiens]
XP_003112162.2	NP_001375055.1	2.48e-28	119	28.529	333	68	poly(A) RNA polymerase GLD2 isoform 2 [Homo sapiens]
XP_003123800.1	XP_047272808.1	0.0	959	94.835	484	100	poly(A) RNA polymerase GLD2 isoform X3 [Homo sapiens]
XP_003123800.1	XP_047272807.1	0.0	959	94.835	484	100	poly(A) RNA polymerase GLD2 isoform X3 [Homo sapiens]
XP_003123800.1	XP_047272806.1	0.0	959	94.835	484	100	poly(A) RNA polymerase GLD2 isoform X3 [Homo sapiens]
XP_003123800.1	NP_776158.2	0.0	959	94.835	484	100	poly(A) RNA polymerase GLD2 isoform 1 [Homo sapiens]
XP_003123800.1	NP_001375041.1	0.0	959	94.835	484	100	poly(A) RNA polymerase GLD2 isoform 1 [Homo sapiens]
XP_003123800.1	NP_001375040.1	0.0	959	94.835	484	100	poly(A) RNA polymerase GLD2 isoform 1 [Homo sapiens]
XP_003123800.1	NP_001375039.1	0.0	959	94.835	484	100	poly(A) RNA polymerase GLD2 isoform 1 [Homo sapiens]
XP_003123800.1	NP_001375038.1	0.0	959	94.835	484	100	poly(A) RNA polymerase GLD2 isoform 1 [Homo sapiens]
XP_003123800.1	NP_001375037.1	0.0	959	94.835	484	100	poly(A) RNA polymerase GLD2 isoform 1 [Homo sapiens]
XP_003123800.1	NP_001375036.1	0.0	959	94.835	484	100	poly(A) RNA polymerase GLD2 isoform 1 [Homo sapiens]
XP_003130685.3	XP_047279823.1	0.0	2696	87.274	1548	100	terminal uridylyltransferase 7 isoform X2 [Homo sapiens]
XP_003130685.3	XP_006717346.1	0.0	2696	87.274	1548	100	terminal uridylyltransferase 7 isoform X2 [Homo sapiens]
XP_003130685.3	XP_011517317.1	0.0	2652	87.099	1527	99	terminal uridylyltransferase 7 isoform X3 [Homo sapiens]
XP_003130685.3	XP_011517316.1	0.0	2649	87.099	1527	99	terminal uridylyltransferase 7 isoform X1 [Homo sapiens]
XP_003130685.3	XP_011517315.1	0.0	2649	87.099	1527	99	terminal uridylyltransferase 7 isoform X1 [Homo sapiens]
XP_003130685.3	XP_011517314.1	0.0	2649	87.099	1527	99	terminal uridylyltransferase 7 isoform X1 [Homo sapiens]
XP_003130685.3	XP_011517313.1	0.0	2649	87.099	1527	99	terminal uridylyltransferase 7 isoform X1 [Homo sapiens]
XP_003130685.3	XP_047279825.1	0.0	2579	87.365	1480	96	terminal uridylyltransferase 7 isoform X6 [Homo sapiens]
XP_003130685.3	XP_047279824.1	0.0	2579	87.365	1480	96	terminal uridylyltransferase 7 isoform X6 [Homo sapiens]
XP_003130685.3	XP_005252264.1	0.0	2579	87.365	1480	96	terminal uridylyltransferase 7 isoform X6 [Homo sapiens]
XP_003138034.1	NP_001375065.1	1.78e-69	233	41.071	336	50	poly(A) RNA polymerase GLD2 isoform 14 [Homo sapiens]
XP_003138034.1	NP_001375059.1	4.91e-69	235	40.476	336	50	poly(A) RNA polymerase GLD2 isoform 10 [Homo sapiens]
XP_003138034.1	XP_047272811.1	5.19e-69	235	41.298	339	50	poly(A) RNA polymerase GLD2 isoform X4 [Homo sapiens]
XP_003138034.1	XP_047272810.1	5.19e-69	235	41.298	339	50	poly(A) RNA polymerase GLD2 isoform X4 [Homo sapiens]
XP_003138034.1	XP_047272809.1	5.19e-69	235	41.298	339	50	poly(A) RNA polymerase GLD2 isoform X4 [Homo sapiens]
XP_003138034.1	NP_001375058.1	5.19e-69	235	41.298	339	50	poly(A) RNA polymerase GLD2 isoform 2 [Homo sapiens]
XP_003138034.1	NP_001375057.1	5.19e-69	235	41.298	339	50	poly(A) RNA polymerase GLD2 isoform 2 [Homo sapiens]
XP_003138034.1	NP_001375056.1	5.19e-69	235	41.298	339	50	poly(A) RNA polymerase GLD2 isoform 2 [Homo sapiens]
XP_003138034.1	NP_001375055.1	5.19e-69	235	41.298	339	50	poly(A) RNA polymerase GLD2 isoform 2 [Homo sapiens]
XP_003138034.1	NP_001375054.1	5.19e-69	235	41.298	339	50	poly(A) RNA polymerase GLD2 isoform 2 [Homo sapiens]
XP_003141256.1	NP_001165276.2	4.18e-98	312	47.191	356	84	terminal nucleotidyltransferase 4A isoform 2 [Homo sapiens]
XP_003141256.1	NP_008930.2	4.22e-98	312	47.191	356	84	terminal nucleotidyltransferase 4A isoform 1 [Homo sapiens]
XP_003141256.1	NP_001035375.2	6.83e-96	303	46.847	333	78	terminal nucleotidyltransferase 4B isoform b [Homo sapiens]
XP_003141256.1	XP_011521578.1	7.00e-96	303	46.847	333	78	terminal nucleotidyltransferase 4B isoform X2 [Homo sapiens]
XP_003141256.1	XP_047290432.1	8.88e-96	302	46.847	333	78	terminal nucleotidyltransferase 4B isoform X4 [Homo sapiens]
XP_003141256.1	NP_001035374.2	1.31e-95	303	46.847	333	78	terminal nucleotidyltransferase 4B isoform a [Homo sapiens]
XP_003141256.1	XP_011521577.1	1.34e-95	303	46.847	333	78	terminal nucleotidyltransferase 4B isoform X1 [Homo sapiens]
XP_003141256.1	NP_001352252.1	1.65e-95	303	46.847	333	78	terminal nucleotidyltransferase 4B isoform c [Homo sapiens]
XP_003141256.1	XP_047290431.1	3.11e-95	301	46.847	333	78	terminal nucleotidyltransferase 4B isoform X3 [Homo sapiens]
XP_003141256.1	NP_001352253.1	4.55e-95	302	46.847	333	78	terminal nucleotidyltransferase 4B isoform d [Homo sapiens]
XP_003144894.2	NP_001375060.1	1.01e-46	169	33.431	341	78	poly(A) RNA polymerase GLD2 isoform 11 [Homo sapiens]
XP_003144894.2	XP_047272808.1	1.31e-46	169	33.431	341	78	poly(A) RNA polymerase GLD2 isoform X3 [Homo sapiens]
XP_003144894.2	XP_047272807.1	1.31e-46	169	33.431	341	78	poly(A) RNA polymerase GLD2 isoform X3 [Homo sapiens]
XP_003144894.2	XP_047272806.1	1.31e-46	169	33.431	341	78	poly(A) RNA polymerase GLD2 isoform X3 [Homo sapiens]
XP_003144894.2	NP_776158.2	1.31e-46	169	33.431	341	78	poly(A) RNA polymerase GLD2 isoform 1 [Homo sapiens]
XP_003144894.2	NP_001375041.1	1.31e-46	169	33.431	341	78	poly(A) RNA polymerase GLD2 isoform 1 [Homo sapiens]
XP_003144894.2	NP_001375040.1	1.31e-46	169	33.431	341	78	poly(A) RNA polymerase GLD2 isoform 1 [Homo sapiens]
XP_003144894.2	NP_001375039.1	1.31e-46	169	33.431	341	78	poly(A) RNA polymerase GLD2 isoform 1 [Homo sapiens]
XP_003144894.2	NP_001375038.1	1.31e-46	169	33.431	341	78	poly(A) RNA polymerase GLD2 isoform 1 [Homo sapiens]
XP_003144894.2	NP_001375037.1	1.31e-46	169	33.431	341	78	poly(A) RNA polymerase GLD2 isoform 1 [Homo sapiens]
XP_003169626.1	XP_047272325.1	3.49e-11	69.3	30.476	210	33	terminal uridylyltransferase 4 isoform X23 [Homo sapiens]
XP_003169626.1	XP_005270735.1	3.58e-11	69.3	30.476	210	33	terminal uridylyltransferase 4 isoform X2 [Homo sapiens]
XP_003169626.1	XP_047272344.1	3.66e-11	69.3	30.476	210	33	terminal uridylyltransferase 4 isoform X30 [Homo sapiens]
XP_003169626.1	XP_047272285.1	3.70e-11	69.3	30.476	210	33	terminal uridylyltransferase 4 isoform X7 [Homo sapiens]
XP_003169626.1	XP_005270739.1	3.72e-11	69.3	30.476	210	33	terminal uridylyltransferase 4 isoform X33 [Homo sapiens]
XP_003169626.1	XP_011539401.1	3.73e-11	69.3	30.476	210	33	terminal uridylyltransferase 4 isoform X29 [Homo sapiens]
XP_003169626.1	XP_047272280.1	3.74e-11	69.3	30.476	210	33	terminal uridylyltransferase 4 isoform X3 [Homo sapiens]
XP_003169626.1	XP_005270736.1	3.74e-11	69.3	30.476	210	33	terminal uridylyltransferase 4 isoform X3 [Homo sapiens]
XP_003169626.1	XP_011539399.1	3.74e-11	69.3	30.476	210	33	terminal uridylyltransferase 4 isoform X1 [Homo sapiens]
XP_003169626.1	XP_005270733.1	3.74e-11	69.3	30.476	210	33	terminal uridylyltransferase 4 isoform X1 [Homo sapiens]
XP_003170112.1	NP_001375030.1	3.56e-34	140	31.464	321	26	poly(A) RNA polymerase GLD2 isoform 9 [Homo sapiens]
XP_003170112.1	NP_001375029.1	9.23e-34	139	31.385	325	26	poly(A) RNA polymerase GLD2 isoform 8 [Homo sapiens]
XP_003170112.1	NP_001375028.1	9.23e-34	139	31.385	325	26	poly(A) RNA polymerase GLD2 isoform 8 [Homo sapiens]
XP_003170112.1	XP_047272811.1	2.22e-33	137	31.529	314	26	poly(A) RNA polymerase GLD2 isoform X4 [Homo sapiens]
XP_003170112.1	XP_047272810.1	2.22e-33	137	31.529	314	26	poly(A) RNA polymerase GLD2 isoform X4 [Homo sapiens]
XP_003170112.1	XP_047272809.1	2.22e-33	137	31.529	314	26	poly(A) RNA polymerase GLD2 isoform X4 [Homo sapiens]
XP_003170112.1	NP_001375058.1	2.22e-33	137	31.529	314	26	poly(A) RNA polymerase GLD2 isoform 2 [Homo sapiens]
XP_003170112.1	NP_001375057.1	2.22e-33	137	31.529	314	26	poly(A) RNA polymerase GLD2 isoform 2 [Homo sapiens]
XP_003170112.1	NP_001375056.1	2.22e-33	137	31.529	314	26	poly(A) RNA polymerase GLD2 isoform 2 [Homo sapiens]
XP_003170112.1	NP_001375055.1	2.22e-33	137	31.529	314	26	poly(A) RNA polymerase GLD2 isoform 2 [Homo sapiens]
XP_003193639.1	NP_001336477.1	4.56e-13	71.6	40.714	140	28	poly(A) RNA polymerase GLD2 isoform 4 [Homo sapiens]
XP_003193639.1	NP_001375066.1	2.60e-12	69.7	35.669	157	29	poly(A) RNA polymerase GLD2 isoform 15 [Homo sapiens]
XP_003193639.1	XP_047272818.1	3.21e-12	70.1	34.091	176	36	poly(A) RNA polymerase GLD2 isoform X10 [Homo sapiens]
XP_003193639.1	XP_047272808.1	3.50e-12	70.9	34.759	187	37	poly(A) RNA polymerase GLD2 isoform X3 [Homo sapiens]
XP_003193639.1	XP_047272807.1	3.50e-12	70.9	34.759	187	37	poly(A) RNA polymerase GLD2 isoform X3 [Homo sapiens]
XP_003193639.1	XP_047272806.1	3.50e-12	70.9	34.759	187	37	poly(A) RNA polymerase GLD2 isoform X3 [Homo sapiens]
XP_003193639.1	NP_776158.2	3.50e-12	70.9	34.759	187	37	poly(A) RNA polymerase GLD2 isoform 1 [Homo sapiens]
XP_003193639.1	NP_001375041.1	3.50e-12	70.9	34.759	187	37	poly(A) RNA polymerase GLD2 isoform 1 [Homo sapiens]
XP_003193639.1	NP_001375040.1	3.50e-12	70.9	34.759	187	37	poly(A) RNA polymerase GLD2 isoform 1 [Homo sapiens]
XP_003193639.1	NP_001375039.1	3.50e-12	70.9	34.759	187	37	poly(A) RNA polymerase GLD2 isoform 1 [Homo sapiens]
XP_003196316.1	XP_047272384.1	2.27e-47	183	36.111	324	44	terminal uridylyltransferase 4 isoform X46 [Homo sapiens]
XP_003196316.1	XP_016856297.1	4.38e-47	183	36.111	324	44	terminal uridylyltransferase 4 isoform X36 [Homo sapiens]
XP_003196316.1	XP_005270735.1	4.79e-47	183	36.111	324	44	terminal uridylyltransferase 4 isoform X2 [Homo sapiens]
XP_003196316.1	XP_011539401.1	4.83e-47	183	36.111	324	44	terminal uridylyltransferase 4 isoform X29 [Homo sapiens]
XP_003196316.1	XP_011539399.1	4.92e-47	183	36.111	324	44	terminal uridylyltransferase 4 isoform X1 [Homo sapiens]
XP_003196316.1	XP_005270733.1	4.92e-47	183	36.111	324	44	terminal uridylyltransferase 4 isoform X1 [Homo sapiens]
XP_003196316.1	XP_047272280.1	5.00e-47	183	36.111	324	44	terminal uridylyltransferase 4 isoform X3 [Homo sapiens]
XP_003196316.1	XP_005270736.1	5.00e-47	183	36.111	324	44	terminal uridylyltransferase 4 isoform X3 [Homo sapiens]
XP_003196316.1	XP_047272288.1	5.04e-47	183	36.111	324	44	terminal uridylyltransferase 4 isoform X10 [Homo sapiens]
XP_003196316.1	XP_005270739.1	5.07e-47	183	36.111	324	44	terminal uridylyltransferase 4 isoform X33 [Homo sapiens]
XP_003196621.1	XP_047290433.1	4.09e-60	213	37.714	350	44	terminal nucleotidyltransferase 4B isoform X6 [Homo sapiens]
XP_003196621.1	XP_011521580.1	7.56e-60	214	37.714	350	44	terminal nucleotidyltransferase 4B isoform X5 [Homo sapiens]
XP_003196621.1	NP_001035375.2	1.01e-58	213	37.714	350	44	terminal nucleotidyltransferase 4B isoform b [Homo sapiens]
XP_003196621.1	XP_011521578.1	1.03e-58	213	37.714	350	44	terminal nucleotidyltransferase 4B isoform X2 [Homo sapiens]
XP_003196621.1	NP_001035374.2	1.76e-58	214	37.714	350	44	terminal nucleotidyltransferase 4B isoform a [Homo sapiens]
XP_003196621.1	XP_011521577.1	1.79e-58	214	37.714	350	44	terminal nucleotidyltransferase 4B isoform X1 [Homo sapiens]
XP_003196621.1	XP_047290432.1	4.01e-58	211	37.714	350	44	terminal nucleotidyltransferase 4B isoform X4 [Homo sapiens]
XP_003196621.1	XP_047290431.1	4.53e-58	212	37.714	350	44	terminal nucleotidyltransferase 4B isoform X3 [Homo sapiens]
XP_003196621.1	NP_001352252.1	6.58e-58	212	37.714	350	44	terminal nucleotidyltransferase 4B isoform c [Homo sapiens]
XP_003196621.1	NP_001352253.1	8.02e-58	212	37.714	350	44	terminal nucleotidyltransferase 4B isoform d [Homo sapiens]
XP_003204892.2	NP_008930.2	0.0	836	73.576	632	88	terminal nucleotidyltransferase 4A isoform 1 [Homo sapiens]
XP_003204892.2	NP_001165276.2	0.0	836	73.576	632	88	terminal nucleotidyltransferase 4A isoform 2 [Homo sapiens]
XP_003204892.2	XP_047272622.1	0.0	646	90.936	342	48	terminal nucleotidyltransferase 4A isoform X1 [Homo sapiens]
XP_003204892.2	XP_047272621.1	0.0	646	90.936	342	48	terminal nucleotidyltransferase 4A isoform X1 [Homo sapiens]
XP_003204892.2	XP_047272620.1	0.0	646	90.936	342	48	terminal nucleotidyltransferase 4A isoform X1 [Homo sapiens]
XP_003204892.2	XP_047272624.1	0.0	631	90.991	333	47	terminal nucleotidyltransferase 4A isoform X3 [Homo sapiens]
XP_003204892.2	XP_047272623.1	0.0	631	90.991	333	47	terminal nucleotidyltransferase 4A isoform X2 [Homo sapiens]
XP_003204892.2	XP_016864477.1	0.0	631	90.991	333	47	terminal nucleotidyltransferase 4A isoform X2 [Homo sapiens]
XP_003204892.2	NP_001352252.1	0.0	546	71.733	375	52	terminal nucleotidyltransferase 4B isoform c [Homo sapiens]
XP_003204892.2	XP_011521577.1	0.0	545	71.733	375	52	terminal nucleotidyltransferase 4B isoform X1 [Homo sapiens]
XP_003216346.1	XP_047272811.1	0.0	694	71.487	491	100	poly(A) RNA polymerase GLD2 isoform X4 [Homo sapiens]
XP_003216346.1	XP_047272810.1	0.0	694	71.487	491	100	poly(A) RNA polymerase GLD2 isoform X4 [Homo sapiens]
XP_003216346.1	XP_047272809.1	0.0	694	71.487	491	100	poly(A) RNA polymerase GLD2 isoform X4 [Homo sapiens]
XP_003216346.1	NP_001375058.1	0.0	694	71.487	491	100	poly(A) RNA polymerase GLD2 isoform 2 [Homo sapiens]
XP_003216346.1	NP_001375057.1	0.0	694	71.487	491	100	poly(A) RNA polymerase GLD2 isoform 2 [Homo sapiens]
XP_003216346.1	NP_001375056.1	0.0	694	71.487	491	100	poly(A) RNA polymerase GLD2 isoform 2 [Homo sapiens]
XP_003216346.1	NP_001375055.1	0.0	694	71.487	491	100	poly(A) RNA polymerase GLD2 isoform 2 [Homo sapiens]
XP_003216346.1	NP_001375054.1	0.0	694	71.487	491	100	poly(A) RNA polymerase GLD2 isoform 2 [Homo sapiens]
XP_003216346.1	NP_001375053.1	0.0	694	71.487	491	100	poly(A) RNA polymerase GLD2 isoform 2 [Homo sapiens]
XP_003216346.1	NP_001375052.1	0.0	694	71.487	491	100	poly(A) RNA polymerase GLD2 isoform 2 [Homo sapiens]
XP_003220335.3	XP_047272280.1	0.0	1932	60.199	1711	99	terminal uridylyltransferase 4 isoform X3 [Homo sapiens]
XP_003220335.3	XP_005270736.1	0.0	1932	60.199	1711	99	terminal uridylyltransferase 4 isoform X3 [Homo sapiens]
XP_003220335.3	XP_005270735.1	0.0	1927	60.000	1715	99	terminal uridylyltransferase 4 isoform X2 [Homo sapiens]
XP_003220335.3	XP_011539399.1	0.0	1925	60.023	1716	99	terminal uridylyltransferase 4 isoform X1 [Homo sapiens]
XP_003220335.3	XP_005270733.1	0.0	1925	60.023	1716	99	terminal uridylyltransferase 4 isoform X1 [Homo sapiens]
XP_003220335.3	XP_047272283.1	0.0	1892	60.083	1681	98	terminal uridylyltransferase 4 isoform X6 [Homo sapiens]
XP_003220335.3	XP_005270737.1	0.0	1892	60.083	1681	98	terminal uridylyltransferase 4 isoform X6 [Homo sapiens]
XP_003220335.3	XP_047272282.1	0.0	1888	59.881	1685	98	terminal uridylyltransferase 4 isoform X5 [Homo sapiens]
XP_003220335.3	NP_056084.1	0.0	1888	59.881	1685	98	terminal uridylyltransferase 4 isoform b [Homo sapiens]
XP_003220335.3	XP_047272281.1	0.0	1887	59.905	1686	98	terminal uridylyltransferase 4 isoform X4 [Homo sapiens]
XP_003224050.1	XP_011521577.1	0.0	844	79.268	574	86	terminal nucleotidyltransferase 4B isoform X1 [Homo sapiens]
XP_003224050.1	NP_001352252.1	0.0	844	79.268	574	86	terminal nucleotidyltransferase 4B isoform c [Homo sapiens]
XP_003224050.1	NP_001035374.2	0.0	844	79.268	574	86	terminal nucleotidyltransferase 4B isoform a [Homo sapiens]
XP_003224050.1	NP_001352253.1	0.0	843	79.268	574	86	terminal nucleotidyltransferase 4B isoform d [Homo sapiens]
XP_003224050.1	XP_011521580.1	0.0	801	84.830	501	75	terminal nucleotidyltransferase 4B isoform X5 [Homo sapiens]
XP_003224050.1	XP_047290432.1	0.0	777	72.727	572	86	terminal nucleotidyltransferase 4B isoform X4 [Homo sapiens]
XP_003224050.1	XP_011521578.1	0.0	777	72.727	572	86	terminal nucleotidyltransferase 4B isoform X2 [Homo sapiens]
XP_003224050.1	NP_001035375.2	0.0	777	72.727	572	86	terminal nucleotidyltransferase 4B isoform b [Homo sapiens]
XP_003224050.1	XP_047290431.1	0.0	776	72.727	572	86	terminal nucleotidyltransferase 4B isoform X3 [Homo sapiens]
XP_003224050.1	XP_047290433.1	0.0	736	77.355	499	75	terminal nucleotidyltransferase 4B isoform X6 [Homo sapiens]
XP_003230929.1	NP_001375029.1	1.42e-11	69.7	23.636	330	53	poly(A) RNA polymerase GLD2 isoform 8 [Homo sapiens]
XP_003230929.1	NP_001375028.1	1.42e-11	69.7	23.636	330	53	poly(A) RNA polymerase GLD2 isoform 8 [Homo sapiens]
XP_003230929.1	NP_001375066.1	1.87e-11	67.8	28.161	174	27	poly(A) RNA polymerase GLD2 isoform 15 [Homo sapiens]
XP_003230929.1	NP_001375060.1	2.30e-11	68.9	23.404	329	53	poly(A) RNA polymerase GLD2 isoform 11 [Homo sapiens]
XP_003230929.1	NP_001375065.1	2.61e-11	68.2	29.885	174	27	poly(A) RNA polymerase GLD2 isoform 14 [Homo sapiens]
XP_003230929.1	NP_001336477.1	2.74e-11	67.0	29.070	172	27	poly(A) RNA polymerase GLD2 isoform 4 [Homo sapiens]
XP_003230929.1	NP_001375042.1	2.75e-11	68.6	23.404	329	53	poly(A) RNA polymerase GLD2 isoform 16 [Homo sapiens]
XP_003230929.1	XP_047272820.1	2.76e-11	66.6	34.454	119	19	poly(A) RNA polymerase GLD2 isoform X11 [Homo sapiens]
XP_003230929.1	XP_047272808.1	2.81e-11	68.6	23.404	329	53	poly(A) RNA polymerase GLD2 isoform X3 [Homo sapiens]
XP_003230929.1	XP_047272807.1	2.81e-11	68.6	23.404	329	53	poly(A) RNA polymerase GLD2 isoform X3 [Homo sapiens]
XP_003244629.1	NP_060579.3	4.45e-13	72.8	21.283	343	88	poly(A) RNA polymerase, mitochondrial precursor [Homo sapiens]
XP_003244629.1	XP_047272337.1	2.61e-09	61.6	25.781	256	68	terminal uridylyltransferase 4 isoform X27 [Homo sapiens]
XP_003244629.1	XP_047272280.1	2.69e-09	61.6	25.781	256	68	terminal uridylyltransferase 4 isoform X3 [Homo sapiens]
XP_003244629.1	XP_005270736.1	2.69e-09	61.6	25.781	256	68	terminal uridylyltransferase 4 isoform X3 [Homo sapiens]
XP_003244629.1	XP_005270735.1	2.69e-09	61.6	25.781	256	68	terminal uridylyltransferase 4 isoform X2 [Homo sapiens]
XP_003244629.1	XP_011539399.1	2.77e-09	61.2	25.781	256	68	terminal uridylyltransferase 4 isoform X1 [Homo sapiens]
XP_003244629.1	XP_005270733.1	2.77e-09	61.2	25.781	256	68	terminal uridylyltransferase 4 isoform X1 [Homo sapiens]
XP_003244629.1	XP_047272290.1	2.78e-09	61.2	25.781	256	68	terminal uridylyltransferase 4 isoform X11 [Homo sapiens]
XP_003244629.1	XP_047272286.1	2.79e-09	61.2	25.781	256	68	terminal uridylyltransferase 4 isoform X8 [Homo sapiens]
XP_003244629.1	XP_047272325.1	2.82e-09	61.2	25.781	256	68	terminal uridylyltransferase 4 isoform X23 [Homo sapiens]
XP_003244630.1	NP_060579.3	3.36e-13	73.2	21.283	343	84	poly(A) RNA polymerase, mitochondrial precursor [Homo sapiens]
XP_003244630.1	XP_047272350.1	1.84e-09	62.0	26.054	261	66	terminal uridylyltransferase 4 isoform X34 [Homo sapiens]
XP_003244630.1	XP_047272282.1	1.87e-09	62.0	25.781	256	65	terminal uridylyltransferase 4 isoform X5 [Homo sapiens]
XP_003244630.1	NP_056084.1	1.87e-09	62.0	25.781	256	65	terminal uridylyltransferase 4 isoform b [Homo sapiens]
XP_003244630.1	XP_047272337.1	1.87e-09	62.0	25.781	256	65	terminal uridylyltransferase 4 isoform X27 [Homo sapiens]
XP_003244630.1	XP_047272325.1	1.91e-09	62.0	25.781	256	65	terminal uridylyltransferase 4 isoform X23 [Homo sapiens]
XP_003244630.1	XP_047272365.1	1.93e-09	62.0	25.781	256	65	terminal uridylyltransferase 4 isoform X38 [Homo sapiens]
XP_003244630.1	XP_047272280.1	1.99e-09	62.0	25.781	256	65	terminal uridylyltransferase 4 isoform X3 [Homo sapiens]
XP_003244630.1	XP_005270736.1	1.99e-09	62.0	25.781	256	65	terminal uridylyltransferase 4 isoform X3 [Homo sapiens]
XP_003244630.1	XP_016856299.1	2.02e-09	62.0	25.781	256	65	terminal uridylyltransferase 4 isoform X40 [Homo sapiens]
XP_003246117.1	NP_001317647.1	6.49e-19	91.7	30.453	243	56	terminal uridylyltransferase 7 isoform 3 [Homo sapiens]
XP_003246117.1	XP_005252265.1	1.01e-18	91.3	30.204	245	56	terminal uridylyltransferase 7 isoform X7 [Homo sapiens]
XP_003246117.1	XP_047279825.1	1.12e-18	91.3	30.204	245	56	terminal uridylyltransferase 7 isoform X6 [Homo sapiens]
XP_003246117.1	XP_047279824.1	1.12e-18	91.3	30.204	245	56	terminal uridylyltransferase 7 isoform X6 [Homo sapiens]
XP_003246117.1	XP_005252264.1	1.12e-18	91.3	30.204	245	56	terminal uridylyltransferase 7 isoform X6 [Homo sapiens]
XP_003246117.1	XP_016870620.1	1.20e-18	91.3	30.204	245	56	terminal uridylyltransferase 7 isoform X4 [Homo sapiens]
XP_003246117.1	XP_016870619.1	1.20e-18	91.3	30.204	245	56	terminal uridylyltransferase 7 isoform X4 [Homo sapiens]
XP_003246117.1	NP_078893.2	1.20e-18	91.3	30.204	245	56	terminal uridylyltransferase 7 isoform 1 [Homo sapiens]
XP_003246117.1	NP_001171988.1	1.20e-18	91.3	30.204	245	56	terminal uridylyltransferase 7 isoform 1 [Homo sapiens]
XP_003246117.1	XP_011517317.1	1.24e-18	90.9	30.204	245	56	terminal uridylyltransferase 7 isoform X3 [Homo sapiens]
XP_003246627.1	NP_001375065.1	6.18e-59	203	38.692	367	59	poly(A) RNA polymerase GLD2 isoform 14 [Homo sapiens]
XP_003246627.1	NP_001375061.1	1.26e-58	205	38.587	368	59	poly(A) RNA polymerase GLD2 isoform 12 [Homo sapiens]
XP_003246627.1	NP_001375027.1	1.78e-58	206	38.196	377	59	poly(A) RNA polymerase GLD2 isoform 7 [Homo sapiens]
XP_003246627.1	XP_047272805.1	1.99e-58	206	38.196	377	59	poly(A) RNA polymerase GLD2 isoform X2 [Homo sapiens]
XP_003246627.1	XP_047272804.1	1.99e-58	206	38.196	377	59	poly(A) RNA polymerase GLD2 isoform X2 [Homo sapiens]
XP_003246627.1	XP_047272803.1	1.99e-58	206	38.196	377	59	poly(A) RNA polymerase GLD2 isoform X2 [Homo sapiens]
XP_003246627.1	XP_047272802.1	1.99e-58	206	38.196	377	59	poly(A) RNA polymerase GLD2 isoform X2 [Homo sapiens]
XP_003246627.1	XP_016864641.1	1.99e-58	206	38.196	377	59	poly(A) RNA polymerase GLD2 isoform X2 [Homo sapiens]
XP_003246627.1	NP_001375026.1	1.99e-58	206	38.196	377	59	poly(A) RNA polymerase GLD2 isoform 6 [Homo sapiens]
XP_003246627.1	NP_001375025.1	1.99e-58	206	38.196	377	59	poly(A) RNA polymerase GLD2 isoform 6 [Homo sapiens]
XP_003263083.3	NP_001352253.1	0.0	1478	99.860	713	100	terminal nucleotidyltransferase 4B isoform d [Homo sapiens]
XP_003263083.3	NP_001352252.1	0.0	1433	99.856	693	97	terminal nucleotidyltransferase 4B isoform c [Homo sapiens]
XP_003263083.3	XP_011521577.1	0.0	1385	99.851	673	94	terminal nucleotidyltransferase 4B isoform X1 [Homo sapiens]
XP_003263083.3	NP_001035374.2	0.0	1384	99.851	672	94	terminal nucleotidyltransferase 4B isoform a [Homo sapiens]
XP_003263083.3	XP_047290431.1	0.0	1096	93.268	713	100	terminal nucleotidyltransferase 4B isoform X3 [Homo sapiens]
XP_003263083.3	XP_047290432.1	0.0	1051	93.074	693	97	terminal nucleotidyltransferase 4B isoform X4 [Homo sapiens]
XP_003263083.3	XP_011521580.1	0.0	1043	100.000	500	70	terminal nucleotidyltransferase 4B isoform X5 [Homo sapiens]
XP_003263083.3	XP_011521578.1	0.0	1014	92.552	631	88	terminal nucleotidyltransferase 4B isoform X2 [Homo sapiens]
XP_003263083.3	NP_001035375.2	0.0	1014	92.552	631	88	terminal nucleotidyltransferase 4B isoform b [Homo sapiens]
XP_003263083.3	XP_047290433.1	0.0	862	90.600	500	70	terminal nucleotidyltransferase 4B isoform X6 [Homo sapiens]
XP_003274127.2	NP_073741.3	0.0	1711	97.941	874	96	speckle targeted PIP5K1A-regulated poly(A) polymerase isoform 1 [Homo sapiens]
XP_003274127.2	NP_001354835.1	0.0	832	98.595	427	47	speckle targeted PIP5K1A-regulated poly(A) polymerase isoform 2 [Homo sapiens]
XP_003274127.2	NP_060579.3	1.08e-43	170	35.036	274	29	poly(A) RNA polymerase, mitochondrial precursor [Homo sapiens]
XP_003274127.2	XP_047272285.1	9.29e-28	124	34.426	244	25	terminal uridylyltransferase 4 isoform X7 [Homo sapiens]
XP_003274127.2	XP_016856292.1	9.52e-28	124	34.426	244	25	terminal uridylyltransferase 4 isoform X9 [Homo sapiens]
XP_003274127.2	XP_047272288.1	9.59e-28	124	34.426	244	25	terminal uridylyltransferase 4 isoform X10 [Homo sapiens]
XP_003274127.2	XP_016856297.1	9.76e-28	124	34.426	244	25	terminal uridylyltransferase 4 isoform X36 [Homo sapiens]
XP_003274127.2	XP_011539399.1	9.94e-28	124	34.426	244	25	terminal uridylyltransferase 4 isoform X1 [Homo sapiens]
XP_003274127.2	XP_005270733.1	9.94e-28	124	34.426	244	25	terminal uridylyltransferase 4 isoform X1 [Homo sapiens]
XP_003274127.2	XP_005270735.1	1.00e-27	124	34.426	244	25	terminal uridylyltransferase 4 isoform X2 [Homo sapiens]
XP_003283863.1	XP_005270735.1	1.85e-38	145	37.975	237	91	terminal uridylyltransferase 4 isoform X2 [Homo sapiens]
XP_003283863.1	XP_011539399.1	1.85e-38	145	37.975	237	91	terminal uridylyltransferase 4 isoform X1 [Homo sapiens]
XP_003283863.1	XP_005270733.1	1.85e-38	145	37.975	237	91	terminal uridylyltransferase 4 isoform X1 [Homo sapiens]
XP_003283863.1	XP_047272280.1	1.99e-38	144	37.975	237	91	terminal uridylyltransferase 4 isoform X3 [Homo sapiens]
XP_003283863.1	XP_005270736.1	1.99e-38	144	37.975	237	91	terminal uridylyltransferase 4 isoform X3 [Homo sapiens]
XP_003283863.1	NP_001317647.1	1.99e-38	144	37.662	231	89	terminal uridylyltransferase 7 isoform 3 [Homo sapiens]
XP_003283863.1	XP_005252265.1	2.02e-38	144	37.662	231	89	terminal uridylyltransferase 7 isoform X7 [Homo sapiens]
XP_003283863.1	XP_005270739.1	2.03e-38	144	37.975	237	91	terminal uridylyltransferase 4 isoform X33 [Homo sapiens]
XP_003283863.1	XP_047272286.1	2.05e-38	144	37.975	237	91	terminal uridylyltransferase 4 isoform X8 [Homo sapiens]
XP_003283863.1	XP_016856292.1	2.09e-38	144	37.975	237	91	terminal uridylyltransferase 4 isoform X9 [Homo sapiens]
XP_003286312.1	XP_016882595.1	3.23e-46	186	31.891	439	17	regulator of nonsense transcripts 1 isoform X2 [Homo sapiens]
XP_003286312.1	NP_002902.2	3.53e-46	186	31.891	439	17	regulator of nonsense transcripts 1 isoform 2 [Homo sapiens]
XP_003286312.1	NP_001284478.1	3.77e-46	185	31.891	439	17	regulator of nonsense transcripts 1 isoform 1 [Homo sapiens]
XP_003286312.1	XP_016882594.1	5.10e-46	185	31.891	439	17	regulator of nonsense transcripts 1 isoform X1 [Homo sapiens]
XP_003286312.1	XP_047295147.1	5.38e-46	185	31.891	439	17	regulator of nonsense transcripts 1 isoform X3 [Homo sapiens]
XP_003286312.1	XP_011530401.1	7.17e-37	155	28.571	427	16	5'-3' DNA helicase ZGRF1 isoform X18 [Homo sapiens]
XP_003286312.1	XP_011530400.1	7.17e-37	155	28.571	427	16	5'-3' DNA helicase ZGRF1 isoform X18 [Homo sapiens]
XP_003286312.1	XP_011530399.1	1.01e-36	155	28.571	427	16	5'-3' DNA helicase ZGRF1 isoform X16 [Homo sapiens]
XP_003286312.1	XP_047278979.1	1.83e-36	155	34.472	322	13	putative helicase senataxin isoform X2 [Homo sapiens]
XP_003286312.1	NP_055861.3	1.83e-36	155	34.472	322	13	probable helicase senataxin isoform 1 [Homo sapiens]
XP_003288739.1	XP_016856292.1	6.64e-30	122	32.389	247	74	terminal uridylyltransferase 4 isoform X9 [Homo sapiens]
XP_003288739.1	XP_005270739.1	7.04e-30	122	32.389	247	74	terminal uridylyltransferase 4 isoform X33 [Homo sapiens]
XP_003288739.1	XP_047272285.1	7.17e-30	122	32.389	247	74	terminal uridylyltransferase 4 isoform X7 [Homo sapiens]
XP_003288739.1	XP_047272290.1	7.30e-30	122	32.389	247	74	terminal uridylyltransferase 4 isoform X11 [Homo sapiens]
XP_003288739.1	XP_016856297.1	7.31e-30	122	32.389	247	74	terminal uridylyltransferase 4 isoform X36 [Homo sapiens]
XP_003288739.1	XP_011539399.1	7.40e-30	122	32.389	247	74	terminal uridylyltransferase 4 isoform X1 [Homo sapiens]
XP_003288739.1	XP_005270733.1	7.40e-30	122	32.389	247	74	terminal uridylyltransferase 4 isoform X1 [Homo sapiens]
XP_003288739.1	XP_047272286.1	7.52e-30	122	32.389	247	74	terminal uridylyltransferase 4 isoform X8 [Homo sapiens]
XP_003288739.1	XP_005270735.1	7.61e-30	122	32.389	247	74	terminal uridylyltransferase 4 isoform X2 [Homo sapiens]
XP_003288739.1	XP_005252265.1	7.65e-30	122	32.794	247	74	terminal uridylyltransferase 7 isoform X7 [Homo sapiens]
XP_003289155.1	NP_001375030.1	7.10e-17	85.5	32.787	244	48	poly(A) RNA polymerase GLD2 isoform 9 [Homo sapiens]
XP_003289155.1	NP_001375065.1	4.94e-16	81.6	33.028	218	43	poly(A) RNA polymerase GLD2 isoform 14 [Homo sapiens]
XP_003289155.1	NP_001375061.1	5.15e-16	82.4	33.028	218	43	poly(A) RNA polymerase GLD2 isoform 12 [Homo sapiens]
XP_003289155.1	NP_001375029.1	5.55e-16	82.4	31.855	248	48	poly(A) RNA polymerase GLD2 isoform 8 [Homo sapiens]
XP_003289155.1	NP_001375028.1	5.55e-16	82.4	31.855	248	48	poly(A) RNA polymerase GLD2 isoform 8 [Homo sapiens]
XP_003289155.1	NP_001375059.1	6.38e-16	82.4	33.028	218	43	poly(A) RNA polymerase GLD2 isoform 10 [Homo sapiens]
XP_003289155.1	XP_047272811.1	6.46e-16	82.4	33.028	218	43	poly(A) RNA polymerase GLD2 isoform X4 [Homo sapiens]
XP_003289155.1	XP_047272810.1	6.46e-16	82.4	33.028	218	43	poly(A) RNA polymerase GLD2 isoform X4 [Homo sapiens]
XP_003289155.1	XP_047272809.1	6.46e-16	82.4	33.028	218	43	poly(A) RNA polymerase GLD2 isoform X4 [Homo sapiens]
XP_003289155.1	NP_001375058.1	6.46e-16	82.4	33.028	218	43	poly(A) RNA polymerase GLD2 isoform 2 [Homo sapiens]
XP_003289906.1	XP_047272820.1	2.03e-22	89.0	46.667	90	100	poly(A) RNA polymerase GLD2 isoform X11 [Homo sapiens]
XP_003289906.1	NP_001336477.1	2.35e-22	89.0	46.667	90	100	poly(A) RNA polymerase GLD2 isoform 4 [Homo sapiens]
XP_003289906.1	NP_001375065.1	1.16e-21	88.6	46.667	90	100	poly(A) RNA polymerase GLD2 isoform 14 [Homo sapiens]
XP_003289906.1	XP_047272811.1	1.95e-21	89.0	46.667	90	100	poly(A) RNA polymerase GLD2 isoform X4 [Homo sapiens]
XP_003289906.1	XP_047272810.1	1.95e-21	89.0	46.667	90	100	poly(A) RNA polymerase GLD2 isoform X4 [Homo sapiens]
XP_003289906.1	XP_047272809.1	1.95e-21	89.0	46.667	90	100	poly(A) RNA polymerase GLD2 isoform X4 [Homo sapiens]
XP_003289906.1	NP_001375058.1	1.95e-21	89.0	46.667	90	100	poly(A) RNA polymerase GLD2 isoform 2 [Homo sapiens]
XP_003289906.1	NP_001375057.1	1.95e-21	89.0	46.667	90	100	poly(A) RNA polymerase GLD2 isoform 2 [Homo sapiens]
XP_003289906.1	NP_001375056.1	1.95e-21	89.0	46.667	90	100	poly(A) RNA polymerase GLD2 isoform 2 [Homo sapiens]
XP_003289906.1	NP_001375055.1	1.95e-21	89.0	46.667	90	100	poly(A) RNA polymerase GLD2 isoform 2 [Homo sapiens]
XP_003289908.1	NP_001375065.1	2.60e-17	89.4	26.667	300	8	poly(A) RNA polymerase GLD2 isoform 14 [Homo sapiens]
XP_003289908.1	NP_001375060.1	2.80e-17	90.5	25.914	301	8	poly(A) RNA polymerase GLD2 isoform 11 [Homo sapiens]
XP_003