[INFO] === taxid=3218 accession=GCF_000002425.5 ===
[INFO] Step 1: downloading assembly data...
New version of client (18.34.0) available at https://ftp.ncbi.nlm.nih.gov/pub/datasets/command-line/LATEST/linux-amd64/datasets.
Collecting 1 genome record [------------------------------------------------]   0% 0/1
[1A[2KCollecting 1 genome record [------------------------------------------------]   0% 0/1
[1A[2KCollecting 1 genome record [------------------------------------------------]   0% 0/1
[1A[2KCollecting 1 genome record [------------------------------------------------]   0% 0/1
[1A[2KCollecting 1 genome record [------------------------------------------------]   0% 0/1
[1A[2KCollecting 1 genome record [------------------------------------------------]   0% 0/1
[1A[2KCollecting 1 genome record [------------------------------------------------]   0% 0/1
[1A[2KCollecting 1 genome record [------------------------------------------------]   0% 0/1
[1A[2KCollecting 1 genome record [------------------------------------------------]   0% 0/1
[1A[2KCollecting 1 genome record [------------------------------------------------]   0% 0/1
[1A[2KCollecting 1 genome record [------------------------------------------------]   0% 0/1
[1A[2KCollecting 1 genome record [------------------------------------------------]   0% 0/1
[1A[2KCollecting 1 genome record [------------------------------------------------]   0% 0/1
[1A[2KCollecting 1 genome record [------------------------------------------------]   0% 0/1
[1A[2KCollecting 1 genome record [------------------------------------------------]   0% 0/1
[1A[2KCollecting 1 genome record [------------------------------------------------]   0% 0/1
[1A[2KCollecting 1 genome record [------------------------------------------------]   0% 0/1
[1A[2KCollecting 1 genome record [------------------------------------------------]   0% 0/1
[1A[2KCollecting 1 genome record [------------------------------------------------]   0% 0/1
[1A[2KCollecting 1 genome record [------------------------------------------------]   0% 0/1
[1A[2KCollecting 1 genome record [------------------------------------------------]   0% 0/1
[1A[2KCollecting 1 genome record [------------------------------------------------]   0% 0/1
[1A[2KCollecting 1 genome record [------------------------------------------------]   0% 0/1
[1A[2KCollecting 1 genome record [------------------------------------------------]   0% 0/1
[1A[2KCollecting 1 genome record [------------------------------------------------]   0% 0/1
[1A[2KCollecting 1 genome record [------------------------------------------------]   0% 0/1
[1A[2KCollecting 1 genome record [------------------------------------------------]   0% 0/1
[1A[2KCollecting 1 genome record [------------------------------------------------]   0% 0/1
[1A[2KCollecting 1 genome record [------------------------------------------------]   0% 0/1
[1A[2KCollecting 1 genome record [------------------------------------------------]   0% 0/1
[1A[2KCollecting 1 genome record [------------------------------------------------]   0% 0/1
[1A[2KCollecting 1 genome record [------------------------------------------------]   0% 0/1
[1A[2KCollecting 1 genome record [------------------------------------------------]   0% 0/1
[1A[2KCollecting 1 genome record [------------------------------------------------]   0% 0/1
[1A[2KCollecting 1 genome record [------------------------------------------------]   0% 0/1
[1A[2KCollecting 1 genome record [------------------------------------------------]   0% 0/1
[1A[2KCollecting 1 genome record [------------------------------------------------]   0% 0/1
[1A[2KCollecting 1 genome record [------------------------------------------------]   0% 0/1
[1A[2KCollecting 1 genome record [------------------------------------------------]   0% 0/1
[1A[2KCollecting 1 genome record [------------------------------------------------]   0% 0/1
[1A[2KCollecting 1 genome record [------------------------------------------------]   0% 0/1
[1A[2KCollecting 1 genome record [------------------------------------------------]   0% 0/1
[1A[2KCollecting 1 genome record [------------------------------------------------]   0% 0/1
[1A[2KCollecting 1 genome record [------------------------------------------------]   0% 0/1
[1A[2KCollecting 1 genome record [------------------------------------------------]   0% 0/1
[1A[2KCollecting 1 genome record [------------------------------------------------]   0% 0/1
[1A[2KCollecting 1 genome record [------------------------------------------------]   0% 0/1
[1A[2KCollecting 1 genome record [------------------------------------------------]   0% 0/1
[1A[2KCollecting 1 genome record [------------------------------------------------]   0% 0/1
[1A[2KCollecting 1 genome record [------------------------------------------------]   0% 0/1
[1A[2KCollecting 1 genome record [------------------------------------------------]   0% 0/1
[1A[2KCollecting 1 genome record [------------------------------------------------]   0% 0/1
[1A[2KCollecting 1 genome record [------------------------------------------------]   0% 0/1
[1A[2KCollecting 1 genome record [------------------------------------------------]   0% 0/1
[1A[2KCollecting 1 genome record [------------------------------------------------]   0% 0/1
[1A[2KCollecting 1 genome record [------------------------------------------------]   0% 0/1
[1A[2KCollecting 1 genome record [------------------------------------------------]   0% 0/1
[1A[2KCollecting 1 genome record [------------------------------------------------]   0% 0/1
[1A[2KCollecting 1 genome record [------------------------------------------------]   0% 0/1
[1A[2KCollecting 1 genome record [------------------------------------------------]   0% 0/1
[1A[2KCollecting 1 genome record [------------------------------------------------]   0% 0/1
[1A[2KCollecting 1 genome record [------------------------------------------------]   0% 0/1
[1A[2KCollecting 1 genome record [------------------------------------------------]   0% 0/1
[1A[2KCollecting 1 genome record [------------------------------------------------]   0% 0/1
[1A[2KCollecting 1 genome record [------------------------------------------------]   0% 0/1
[1A[2KCollecting 1 genome record [------------------------------------------------]   0% 0/1
[1A[2KCollecting 1 genome record [------------------------------------------------]   0% 0/1
[1A[2KCollecting 1 genome record [------------------------------------------------]   0% 0/1
[1A[2KCollecting 1 genome record [------------------------------------------------]   0% 0/1
[1A[2KCollecting 1 genome record [------------------------------------------------]   0% 0/1
[1A[2KCollecting 1 genome record [------------------------------------------------]   0% 0/1
[1A[2KCollecting 1 genome record [------------------------------------------------]   0% 0/1
[1A[2KCollecting 1 genome record [------------------------------------------------]   0% 0/1
[1A[2KCollecting 1 genome record [------------------------------------------------]   0% 0/1
[1A[2KCollecting 1 genome record [------------------------------------------------]   0% 0/1
[1A[2KCollecting 1 genome record [------------------------------------------------]   0% 0/1
[1A[2KCollecting 1 genome record [------------------------------------------------]   0% 0/1
[1A[2KCollecting 1 genome record [------------------------------------------------]   0% 0/1
[1A[2KCollecting 1 genome record [------------------------------------------------]   0% 0/1
[1A[2KCollecting 1 genome record [------------------------------------------------]   0% 0/1
[1A[2KCollecting 1 genome record [------------------------------------------------]   0% 0/1
[1A[2KCollecting 1 genome record [------------------------------------------------]   0% 0/1
[1A[2KCollecting 1 genome record [------------------------------------------------]   0% 0/1
[1A[2KCollecting 1 genome record [------------------------------------------------]   0% 0/1
[1A[2KCollecting 1 genome record [------------------------------------------------]   0% 0/1
[1A[2KCollecting 1 genome record [------------------------------------------------]   0% 0/1
[1A[2KCollecting 1 genome record [------------------------------------------------]   0% 0/1
[1A[2KCollecting 1 genome record [------------------------------------------------]   0% 0/1
[1A[2KCollecting 1 genome record [------------------------------------------------]   0% 0/1
[1A[2KCollecting 1 genome record [------------------------------------------------]   0% 0/1
[1A[2KCollecting 1 genome record [------------------------------------------------]   0% 0/1
[1A[2KCollecting 1 genome record [------------------------------------------------]   0% 0/1
[1A[2KCollecting 1 genome record [------------------------------------------------]   0% 0/1
[1A[2KCollecting 1 genome record [------------------------------------------------]   0% 0/1
[1A[2KCollecting 1 genome record [------------------------------------------------]   0% 0/1
[1A[2KCollecting 1 genome record [------------------------------------------------]   0% 0/1
[1A[2KCollecting 1 genome record [------------------------------------------------]   0% 0/1
[1A[2KCollecting 1 genome record [------------------------------------------------]   0% 0/1
[1A[2KCollecting 1 genome record [------------------------------------------------]   0% 0/1
[1A[2KCollecting 1 genome record [------------------------------------------------]   0% 0/1
[1A[2KCollecting 1 genome record [------------------------------------------------]   0% 0/1
[1A[2KCollecting 1 genome record [------------------------------------------------]   0% 0/1
[1A[2KCollecting 1 genome record [------------------------------------------------]   0% 0/1
[1A[2KCollecting 1 genome record [------------------------------------------------]   0% 0/1
[1A[2KCollecting 1 genome record [------------------------------------------------]   0% 0/1
[1A[2KCollecting 1 genome record [------------------------------------------------]   0% 0/1
[1A[2KCollecting 1 genome record [------------------------------------------------]   0% 0/1
[1A[2KCollecting 1 genome record [------------------------------------------------]   0% 0/1
[1A[2KCollecting 1 genome record [------------------------------------------------]   0% 0/1
[1A[2KCollecting 1 genome record [------------------------------------------------]   0% 0/1
[1A[2KCollecting 1 genome record [------------------------------------------------]   0% 0/1
[1A[2KCollecting 1 genome record [------------------------------------------------]   0% 0/1
[1A[2KCollecting 1 genome record [------------------------------------------------]   0% 0/1
[1A[2KCollecting 1 genome record [------------------------------------------------]   0% 0/1
[1A[2KCollecting 1 genome record [------------------------------------------------]   0% 0/1
[1A[2KCollecting 1 genome record [------------------------------------------------]   0% 0/1
[1A[2KCollecting 1 genome record [------------------------------------------------]   0% 0/1
[1A[2KCollecting 1 genome record [------------------------------------------------]   0% 0/1
[1A[2KCollecting 1 genome record [------------------------------------------------]   0% 0/1
[1A[2KCollecting 1 genome record [------------------------------------------------]   0% 0/1
[1A[2KCollecting 1 genome record [------------------------------------------------]   0% 0/1
[1A[2KCollecting 1 genome record [------------------------------------------------]   0% 0/1
[1A[2KCollecting 1 genome record [------------------------------------------------]   0% 0/1
[1A[2KCollecting 1 genome record [------------------------------------------------]   0% 0/1
[1A[2KCollecting 1 genome record [------------------------------------------------]   0% 0/1
[1A[2KCollecting 1 genome record [------------------------------------------------]   0% 0/1
[1A[2KCollecting 1 genome record [------------------------------------------------]   0% 0/1
[1A[2KCollecting 1 genome record [------------------------------------------------]   0% 0/1
[1A[2KCollecting 1 genome record [------------------------------------------------]   0% 0/1
[1A[2KCollecting 1 genome record [------------------------------------------------]   0% 0/1
[1A[2KCollecting 1 genome record [------------------------------------------------]   0% 0/1
[1A[2KCollecting 1 genome record [------------------------------------------------]   0% 0/1
[1A[2KCollecting 1 genome record [------------------------------------------------]   0% 0/1
[1A[2KCollecting 1 genome record [------------------------------------------------]   0% 0/1
[1A[2KCollecting 1 genome record [------------------------------------------------]   0% 0/1
[1A[2KCollecting 1 genome record [------------------------------------------------]   0% 0/1
[1A[2KCollecting 1 genome record [------------------------------------------------]   0% 0/1
[1A[2KCollecting 1 genome record [------------------------------------------------]   0% 0/1
[1A[2KCollecting 1 genome record [------------------------------------------------]   0% 0/1
[1A[2KCollecting 1 genome record [------------------------------------------------]   0% 0/1
[1A[2KCollecting 1 genome record [------------------------------------------------]   0% 0/1
[1A[2KCollecting 1 genome record [------------------------------------------------]   0% 0/1
[1A[2KCollecting 1 genome record [------------------------------------------------]   0% 0/1
[1A[2KCollecting 1 genome record [------------------------------------------------]   0% 0/1
[1A[2KCollecting 1 genome record [------------------------------------------------]   0% 0/1
[1A[2KCollecting 1 genome record [------------------------------------------------]   0% 0/1
[1A[2KCollecting 1 genome record [------------------------------------------------]   0% 0/1
[1A[2KCollecting 1 genome record [------------------------------------------------]   0% 0/1
[1A[2KCollecting 1 genome record [------------------------------------------------]   0% 0/1
[1A[2KCollecting 1 genome record [------------------------------------------------]   0% 0/1
[1A[2KCollecting 1 genome record [------------------------------------------------]   0% 0/1
[1A[2KCollecting 1 genome record [------------------------------------------------]   0% 0/1
[1A[2KCollecting 1 genome record [------------------------------------------------]   0% 0/1
[1A[2KCollecting 1 genome record [------------------------------------------------]   0% 0/1
[1A[2KCollecting 1 genome record [------------------------------------------------]   0% 0/1
[1A[2KCollecting 1 genome record [------------------------------------------------]   0% 0/1
[1A[2KCollecting 1 genome record [------------------------------------------------]   0% 0/1
[1A[2KCollecting 1 genome record [------------------------------------------------]   0% 0/1
[1A[2KCollecting 1 genome record [------------------------------------------------]   0% 0/1
[1A[2KCollecting 1 genome record [------------------------------------------------]   0% 0/1
[1A[2KCollecting 1 genome record [------------------------------------------------]   0% 0/1
[1A[2KCollecting 1 genome record [------------------------------------------------]   0% 0/1
[1A[2KCollecting 1 genome record [------------------------------------------------]   0% 0/1
[1A[2KCollecting 1 genome record [------------------------------------------------]   0% 0/1
[1A[2KCollecting 1 genome record [------------------------------------------------]   0% 0/1
[1A[2KCollecting 1 genome record [------------------------------------------------]   0% 0/1
[1A[2KCollecting 1 genome record [------------------------------------------------]   0% 0/1
[1A[2KCollecting 1 genome record [------------------------------------------------]   0% 0/1
[1A[2KCollecting 1 genome record [------------------------------------------------]   0% 0/1
[1A[2KCollecting 1 genome record [------------------------------------------------]   0% 0/1
[1A[2KCollecting 1 genome record [------------------------------------------------]   0% 0/1
[1A[2KCollecting 1 genome record [------------------------------------------------]   0% 0/1
[1A[2KCollecting 1 genome record [------------------------------------------------]   0% 0/1
[1A[2KCollecting 1 genome record [------------------------------------------------]   0% 0/1
[1A[2KCollecting 1 genome record [------------------------------------------------]   0% 0/1
[1A[2KCollecting 1 genome record [------------------------------------------------]   0% 0/1
[1A[2KCollecting 1 genome record [------------------------------------------------]   0% 0/1
[1A[2KCollecting 1 genome record [------------------------------------------------]   0% 0/1
[1A[2KCollecting 1 genome record [------------------------------------------------]   0% 0/1
[1A[2KCollecting 1 genome record [------------------------------------------------]   0% 0/1
[1A[2KCollecting 1 genome record [------------------------------------------------]   0% 0/1
[1A[2KCollecting 1 genome record [------------------------------------------------]   0% 0/1
[1A[2KCollecting 1 genome record [------------------------------------------------]   0% 0/1
[1A[2KCollecting 1 genome record [------------------------------------------------]   0% 0/1
[1A[2KCollecting 1 genome record [------------------------------------------------]   0% 0/1
[1A[2KCollecting 1 genome record [------------------------------------------------]   0% 0/1
[1A[2KCollecting 1 genome record [------------------------------------------------]   0% 0/1
[1A[2KCollecting 1 genome record [------------------------------------------------]   0% 0/1
[1A[2KCollecting 1 genome record [------------------------------------------------]   0% 0/1
[1A[2KCollecting 1 genome record [------------------------------------------------]   0% 0/1
[1A[2KCollecting 1 genome record [------------------------------------------------]   0% 0/1
[1A[2KCollecting 1 genome record [------------------------------------------------]   0% 0/1
[1A[2KCollecting 1 genome record [------------------------------------------------]   0% 0/1
[1A[2KCollecting 1 genome record [------------------------------------------------]   0% 0/1
[1A[2KCollecting 1 genome record [------------------------------------------------]   0% 0/1
[1A[2KCollecting 1 genome record [------------------------------------------------]   0% 0/1
[1A[2KCollecting 1 genome record [------------------------------------------------]   0% 0/1
[1A[2KCollecting 1 genome record [------------------------------------------------]   0% 0/1
[1A[2KCollecting 1 genome record [------------------------------------------------]   0% 0/1
[1A[2KCollecting 1 genome record [------------------------------------------------]   0% 0/1
[1A[2KCollecting 1 genome record [------------------------------------------------]   0% 0/1
[1A[2KCollecting 1 genome record [------------------------------------------------]   0% 0/1
[1A[2KCollecting 1 genome record [------------------------------------------------]   0% 0/1
[1A[2KCollecting 1 genome record [------------------------------------------------]   0% 0/1
[1A[2KCollecting 1 genome record [------------------------------------------------]   0% 0/1
[1A[2KCollecting 1 genome record [------------------------------------------------]   0% 0/1
[1A[2KCollecting 1 genome record [------------------------------------------------]   0% 0/1
[1A[2KCollecting 1 genome record [------------------------------------------------]   0% 0/1
[1A[2KCollecting 1 genome record [------------------------------------------------]   0% 0/1
[1A[2KCollecting 1 genome record [------------------------------------------------]   0% 0/1
[1A[2KCollecting 1 genome record [------------------------------------------------]   0% 0/1
[1A[2KCollecting 1 genome record [------------------------------------------------]   0% 0/1
[1A[2KCollecting 1 genome record [------------------------------------------------]   0% 0/1
[1A[2KCollecting 1 genome record [------------------------------------------------]   0% 0/1
[1A[2KCollecting 1 genome record [------------------------------------------------]   0% 0/1
[1A[2KCollecting 1 genome record [------------------------------------------------]   0% 0/1
[1A[2KCollecting 1 genome record [------------------------------------------------]   0% 0/1
[1A[2KCollecting 1 genome record [------------------------------------------------]   0% 0/1
[1A[2KCollecting 1 genome record [------------------------------------------------]   0% 0/1
[1A[2KCollecting 1 genome record [------------------------------------------------]   0% 0/1
[1A[2KCollecting 1 genome record [------------------------------------------------]   0% 0/1
[1A[2KCollecting 1 genome record [------------------------------------------------]   0% 0/1
[1A[2KCollecting 1 genome record [------------------------------------------------]   0% 0/1
[1A[2KCollecting 1 genome record [------------------------------------------------]   0% 0/1
[1A[2KCollecting 1 genome record [------------------------------------------------]   0% 0/1
[1A[2KCollecting 1 genome record [------------------------------------------------]   0% 0/1
[1A[2KCollecting 1 genome record [------------------------------------------------]   0% 0/1
[1A[2KCollecting 1 genome record [------------------------------------------------]   0% 0/1
[1A[2KCollecting 1 genome record [------------------------------------------------]   0% 0/1
[1A[2KCollecting 1 genome record [------------------------------------------------]   0% 0/1
[1A[2KCollecting 1 genome record [------------------------------------------------]   0% 0/1
[1A[2KCollecting 1 genome record [------------------------------------------------]   0% 0/1
[1A[2KCollecting 1 genome record [------------------------------------------------]   0% 0/1
[1A[2KCollecting 1 genome record [------------------------------------------------]   0% 0/1
[1A[2KCollecting 1 genome record [------------------------------------------------]   0% 0/1
[1A[2KCollecting 1 genome record [------------------------------------------------]   0% 0/1
[1A[2KCollecting 1 genome record [------------------------------------------------]   0% 0/1
[1A[2KCollecting 1 genome record [------------------------------------------------]   0% 0/1
[1A[2KCollecting 1 genome record [------------------------------------------------]   0% 0/1
[1A[2KCollecting 1 genome record [------------------------------------------------]   0% 0/1
[1A[2KCollecting 1 genome record [------------------------------------------------]   0% 0/1
[1A[2KCollecting 1 genome record [------------------------------------------------]   0% 0/1
[1A[2KCollecting 1 genome record [------------------------------------------------]   0% 0/1
[1A[2KCollecting 1 genome record [------------------------------------------------]   0% 0/1
[1A[2KCollecting 1 genome record [------------------------------------------------]   0% 0/1
[1A[2KCollecting 1 genome record [------------------------------------------------]   0% 0/1
[1A[2KCollecting 1 genome record [------------------------------------------------]   0% 0/1
[1A[2KCollecting 1 genome record [------------------------------------------------]   0% 0/1
[1A[2KCollecting 1 genome record [------------------------------------------------]   0% 0/1
[1A[2KCollecting 1 genome record [------------------------------------------------]   0% 0/1
[1A[2KCollecting 1 genome record [------------------------------------------------]   0% 0/1
[1A[2KCollecting 1 genome record [------------------------------------------------]   0% 0/1
[1A[2KCollecting 1 genome record [------------------------------------------------]   0% 0/1
[1A[2KCollecting 1 genome record [------------------------------------------------]   0% 0/1
[1A[2KCollecting 1 genome record [------------------------------------------------]   0% 0/1
[1A[2KCollecting 1 genome record [------------------------------------------------]   0% 0/1
[1A[2KCollecting 1 genome record [------------------------------------------------]   0% 0/1
[1A[2KCollecting 1 genome record [------------------------------------------------]   0% 0/1
[1A[2KCollecting 1 genome record [------------------------------------------------]   0% 0/1
[1A[2KCollecting 1 genome record [------------------------------------------------]   0% 0/1
[1A[2KCollecting 1 genome record [------------------------------------------------]   0% 0/1
[1A[2KCollecting 1 genome record [------------------------------------------------]   0% 0/1
[1A[2KCollecting 1 genome record [------------------------------------------------]   0% 0/1
[1A[2KCollecting 1 genome record [------------------------------------------------]   0% 0/1
[1A[2KCollecting 1 genome record [------------------------------------------------]   0% 0/1
[1A[2KCollecting 1 genome record [------------------------------------------------]   0% 0/1
[1A[2KCollecting 1 genome record [------------------------------------------------]   0% 0/1
[1A[2KCollecting 1 genome record [------------------------------------------------]   0% 0/1
[1A[2KCollecting 1 genome record [------------------------------------------------]   0% 0/1
[1A[2KCollecting 1 genome record [------------------------------------------------]   0% 0/1
[1A[2KCollecting 1 genome record [------------------------------------------------]   0% 0/1
[1A[2KCollecting 1 genome record [------------------------------------------------]   0% 0/1
[1A[2KCollecting 1 genome record [------------------------------------------------]   0% 0/1
[1A[2KCollecting 1 genome record [================================================] 100% 1/1
[1A[2KCollecting 1 genome record [================================================] 100% 1/1
[1A[2KCollecting 1 genome record [================================================] 100% 1/1
[1A[2KCollecting 1 genome record [================================================] 100% 1/1
[1A[2KCollecting 1 genome record [================================================] 100% 1/1
[1A[2KCollecting 1 genome record [================================================] 100% 1/1
[1A[2KCollecting 1 genome record [================================================] 100% 1/1
[1A[2KCollecting 1 genome record [================================================] 100% 1/1
[1A[2KCollecting 1 genome record [================================================] 100% 1/1
[1A[2KCollecting 1 genome record [================================================] 100% 1/1
[1A[2KCollecting 1 genome record [================================================] 100% 1/1
[1A[2KCollecting 1 genome record [================================================] 100% 1/1
[1A[2KCollecting 1 genome record [================================================] 100% 1/1
[1A[2KCollecting 1 genome record [================================================] 100% 1/1
[1A[2KCollecting 1 genome record [================================================] 100% 1/1
[1A[2KCollecting 1 genome record [================================================] 100% 1/1
[1A[2KCollecting 1 genome record [================================================] 100% 1/1
[1A[2KCollecting 1 genome record [================================================] 100% 1/1
[1A[2KCollecting 1 genome record [================================================] 100% 1/1
[1A[2KCollecting 1 genome record [================================================] 100% 1/1
[1A[2KCollecting 1 genome record [================================================] 100% 1/1
[1A[2KCollecting 1 genome record [================================================] 100% 1/1
[1A[2KCollecting 1 genome record [================================================] 100% 1/1
[1A[2KCollecting 1 genome record [================================================] 100% 1/1
[1A[2KCollecting 1 genome record [================================================] 100% 1/1
[1A[2KCollecting 1 genome record [================================================] 100% 1/1
[1A[2KCollecting 1 genome record [================================================] 100% 1/1
[1A[2KCollecting 1 genome record [================================================] 100% 1/1
[1A[2KCollecting 1 genome record [================================================] 100% 1/1
[1A[2KCollecting 1 genome record [================================================] 100% 1/1
[1A[2KCollecting 1 genome record [================================================] 100% 1/1
[1A[2KCollecting 1 genome record [================================================] 100% 1/1
[1A[2KCollecting 1 genome record [================================================] 100% 1/1
[1A[2KCollecting 1 genome record [================================================] 100% 1/1
[1A[2KCollecting 1 genome record [================================================] 100% 1/1
[1A[2KCollecting 1 genome record [================================================] 100% 1/1
[1A[2KCollecting 1 genome record [================================================] 100% 1/1
[1A[2KCollecting 1 genome record [================================================] 100% 1/1
[1A[2KCollecting 1 genome record [================================================] 100% 1/1
[1A[2KCollecting 1 genome record [================================================] 100% 1/1
[1A[2KCollecting 1 genome record [================================================] 100% 1/1
[1A[2KCollecting 1 genome record [================================================] 100% 1/1
[1A[2KCollecting 1 genome record [================================================] 100% 1/1
[1A[2KCollecting 1 genome record [================================================] 100% 1/1
[1A[2KCollecting 1 genome record [================================================] 100% 1/1
[1A[2KCollecting 1 genome record [================================================] 100% 1/1
[1A[2KCollecting 1 genome record [================================================] 100% 1/1
[1A[2KCollecting 1 genome record [================================================] 100% 1/1
[1A[2KCollecting 1 genome record [================================================] 100% 1/1
[1A[2KCollecting 1 genome record [================================================] 100% 1/1
[1A[2KCollecting 1 genome record [================================================] 100% 1/1
[1A[2KCollecting 1 genome record [================================================] 100% 1/1
[1A[2KCollecting 1 genome record [================================================] 100% 1/1
[1A[2KCollecting 1 genome record [================================================] 100% 1/1
[1A[2KCollecting 1 genome record [================================================] 100% 1/1
[1A[2KCollecting 1 genome record [================================================] 100% 1/1
[1A[2KCollecting 1 genome record [================================================] 100% 1/1
[1A[2KCollecting 1 genome record [================================================] 100% 1/1
[1A[2KCollecting 1 genome record [================================================] 100% 1/1
[1A[2KCollecting 1 genome record [================================================] 100% 1/1
[1A[2KCollecting 1 genome record [================================================] 100% 1/1
[1A[2KCollecting 1 genome record [================================================] 100% 1/1
[1A[2KCollecting 1 genome record [================================================] 100% 1/1
[1A[2KCollecting 1 genome record [================================================] 100% 1/1
[1A[2KCollecting 1 genome record [================================================] 100% 1/1
[1A[2KCollecting 1 genome record [================================================] 100% 1/1
[1A[2KCollecting 1 genome record [================================================] 100% 1/1
[1A[2KCollecting 1 genome record [================================================] 100% 1/1
[1A[2KCollecting 1 genome record [================================================] 100% 1/1
[1A[2KCollecting 1 genome record [================================================] 100% 1/1
[1A[2KCollecting 1 genome record [================================================] 100% 1/1
[1A[2KCollecting 1 genome record [================================================] 100% 1/1
[1A[2KCollecting 1 genome record [================================================] 100% 1/1
[1A[2KCollecting 1 genome record [================================================] 100% 1/1
[1A[2KCollecting 1 genome record [================================================] 100% 1/1
[1A[2KCollecting 1 genome record [================================================] 100% 1/1
[1A[2KCollecting 1 genome record [================================================] 100% 1/1
[1A[2KCollecting 1 genome record [================================================] 100% 1/1
[1A[2KCollecting 1 genome record [================================================] 100% 1/1
[1A[2KCollecting 1 genome record [================================================] 100% 1/1
[1A[2KCollecting 1 genome record [================================================] 100% 1/1
[1A[2KCollecting 1 genome record [================================================] 100% 1/1
[1A[2KCollecting 1 genome record [================================================] 100% 1/1
[1A[2KCollecting 1 genome record [================================================] 100% 1/1
[1A[2KCollecting 1 genome record [================================================] 100% 1/1
[1A[2KCollecting 1 genome record [================================================] 100% 1/1
[1A[2KCollecting 1 genome record [================================================] 100% 1/1
[1A[2KCollecting 1 genome record [================================================] 100% 1/1
[1A[2KCollecting 1 genome record [================================================] 100% 1/1
[1A[2KCollecting 1 genome record [================================================] 100% 1/1
[1A[2KCollecting 1 genome record [================================================] 100% 1/1
[1A[2KCollecting 1 genome record [================================================] 100% 1/1
[1A[2KCollecting 1 genome record [================================================] 100% 1/1
[1A[2KCollecting 1 genome record [================================================] 100% 1/1
[1A[2KCollecting 1 genome record [================================================] 100% 1/1
[1A[2KCollecting 1 genome record [================================================] 100% 1/1
[1A[2KCollecting 1 genome record [================================================] 100% 1/1
[1A[2KCollecting 1 genome record [================================================] 100% 1/1
[1A[2KCollecting 1 genome record [================================================] 100% 1/1
[1A[2KCollecting 1 genome record [================================================] 100% 1/1
[1A[2KCollecting 1 genome record [================================================] 100% 1/1
[1A[2KCollecting 1 genome record [================================================] 100% 1/1
[1A[2KCollecting 1 genome record [================================================] 100% 1/1
[1A[2KCollecting 1 genome record [================================================] 100% 1/1
[1A[2KCollecting 1 genome record [================================================] 100% 1/1
[1A[2KCollecting 1 genome record [================================================] 100% 1/1
[1A[2KCollecting 1 genome record [================================================] 100% 1/1
[1A[2KCollecting 1 genome record [================================================] 100% 1/1
[1A[2KCollecting 1 genome record [================================================] 100% 1/1
[1A[2KCollecting 1 genome record [================================================] 100% 1/1
[1A[2KCollecting 1 genome record [================================================] 100% 1/1
[1A[2KCollecting 1 genome record [================================================] 100% 1/1
[1A[2KCollecting 1 genome record [================================================] 100% 1/1
[1A[2KCollecting 1 genome record [================================================] 100% 1/1
[1A[2KCollecting 1 genome record [================================================] 100% 1/1
[1A[2KCollecting 1 genome record [================================================] 100% 1/1
[1A[2KCollecting 1 genome record [================================================] 100% 1/1
[1A[2KCollecting 1 genome record [================================================] 100% 1/1
[1A[2KCollecting 1 genome record [================================================] 100% 1/1
[1A[2KCollecting 1 genome record [================================================] 100% 1/1
[1A[2KCollecting 1 genome record [================================================] 100% 1/1
[1A[2KCollecting 1 genome record [================================================] 100% 1/1
[1A[2KCollecting 1 genome record [================================================] 100% 1/1
[1A[2KCollecting 1 genome record [================================================] 100% 1/1
[1A[2KCollecting 1 genome record [================================================] 100% 1/1
[1A[2KCollecting 1 genome record [================================================] 100% 1/1
[1A[2KCollecting 1 genome record [================================================] 100% 1/1
[1A[2KCollecting 1 genome record [================================================] 100% 1/1
[1A[2KCollecting 1 genome record [================================================] 100% 1/1
[1A[2KCollecting 1 genome record [================================================] 100% 1/1
[1A[2KCollecting 1 genome record [================================================] 100% 1/1
[1A[2KCollecting 1 genome record [================================================] 100% 1/1
[1A[2KCollecting 1 genome record [================================================] 100% 1/1
[1A[2KCollecting 1 genome record [================================================] 100% 1/1
[1A[2KCollecting 1 genome record [================================================] 100% 1/1
[1A[2KCollecting 1 genome record [================================================] 100% 1/1
[1A[2KCollecting 1 genome record [================================================] 100% 1/1
[1A[2KCollecting 1 genome record [================================================] 100% 1/1
[1A[2KCollecting 1 genome record [================================================] 100% 1/1
[1A[2KCollecting 1 genome record [================================================] 100% 1/1
[1A[2KCollecting 1 genome record [================================================] 100% 1/1
[1A[2KCollecting 1 genome record [================================================] 100% 1/1
[1A[2KCollecting 1 genome record [================================================] 100% 1/1
[1A[2KCollecting 1 genome record [================================================] 100% 1/1
[1A[2KCollecting 1 genome record [================================================] 100% 1/1
[1A[2KCollecting 1 genome record [================================================] 100% 1/1
[1A[2KCollecting 1 genome record [================================================] 100% 1/1
[1A[2KCollecting 1 genome record [================================================] 100% 1/1
[1A[2KCollecting 1 genome record [================================================] 100% 1/1
[1A[2KCollecting 1 genome record [================================================] 100% 1/1
[1A[2KCollecting 1 genome record [================================================] 100% 1/1
[1A[2KCollecting 1 genome record [================================================] 100% 1/1
[1A[2KCollecting 1 genome record [================================================] 100% 1/1
[1A[2KCollecting 1 genome record [================================================] 100% 1/1
[1A[2KCollecting 1 genome record [================================================] 100% 1/1
[1A[2KCollecting 1 genome record [================================================] 100% 1/1
[1A[2KCollecting 1 genome record [================================================] 100% 1/1
[1A[2KCollecting 1 genome record [================================================] 100% 1/1
[1A[2KCollecting 1 genome record [================================================] 100% 1/1
[1A[2KCollecting 1 genome record [================================================] 100% 1/1
[1A[2KCollecting 1 genome record [================================================] 100% 1/1
[1A[2KCollecting 1 genome record [================================================] 100% 1/1
[1A[2KCollecting 1 genome record [================================================] 100% 1/1
[1A[2KCollecting 1 genome record [================================================] 100% 1/1
[1A[2KCollecting 1 genome record [================================================] 100% 1/1
[1A[2KCollecting 1 genome record [================================================] 100% 1/1
[1A[2KCollecting 1 genome record [================================================] 100% 1/1
[1A[2KCollecting 1 genome record [================================================] 100% 1/1
[1A[2KCollecting 1 genome record [================================================] 100% 1/1
[1A[2KCollecting 1 genome record [================================================] 100% 1/1
[1A[2KCollecting 1 genome record [================================================] 100% 1/1
[1A[2KCollecting 1 genome record [================================================] 100% 1/1
[1A[2KCollecting 1 genome record [================================================] 100% 1/1
[1A[2KCollecting 1 genome record [================================================] 100% 1/1
[1A[2KCollecting 1 genome record [================================================] 100% 1/1
[1A[2KCollecting 1 genome record [================================================] 100% 1/1
[1A[2KCollecting 1 genome record [================================================] 100% 1/1
[1A[2KCollecting 1 genome record [================================================] 100% 1/1
[1A[2KCollecting 1 genome record [================================================] 100% 1/1
[1A[2KCollecting 1 genome record [================================================] 100% 1/1
[1A[2KCollecting 1 genome record [================================================] 100% 1/1
[1A[2KCollecting 1 genome record [================================================] 100% 1/1
[1A[2KCollecting 1 genome record [================================================] 100% 1/1
[1A[2KCollecting 1 genome record [================================================] 100% 1/1
[1A[2KCollecting 1 genome record [================================================] 100% 1/1
[1A[2KCollecting 1 genome record [================================================] 100% 1/1
[1A[2KCollecting 1 genome record [================================================] 100% 1/1
[1A[2KCollecting 1 genome record [================================================] 100% 1/1
[1A[2KCollecting 1 genome record [================================================] 100% 1/1
[1A[2KCollecting 1 genome record [================================================] 100% 1/1
[1A[2KCollecting 1 genome record [================================================] 100% 1/1
[1A[2KCollecting 1 genome record [================================================] 100% 1/1
[1A[2KCollecting 1 genome record [================================================] 100% 1/1
[1A[2KCollecting 1 genome record [================================================] 100% 1/1
[1A[2KCollecting 1 genome record [================================================] 100% 1/1
[1A[2KCollecting 1 genome record [================================================] 100% 1/1
[1A[2KCollecting 1 genome record [================================================] 100% 1/1
[1A[2KCollecting 1 genome record [================================================] 100% 1/1
[1A[2KCollecting 1 genome record [================================================] 100% 1/1
[1A[2KCollecting 1 genome record [================================================] 100% 1/1
[1A[2KCollecting 1 genome record [================================================] 100% 1/1
[1A[2KCollecting 1 genome record [================================================] 100% 1/1
[1A[2KCollecting 1 genome record [================================================] 100% 1/1
[1A[2KCollecting 1 genome record [================================================] 100% 1/1
[1A[2KCollecting 1 genome record [================================================] 100% 1/1
[1A[2KCollecting 1 genome record [================================================] 100% 1/1
[1A[2KCollecting 1 genome record [================================================] 100% 1/1
[1A[2KCollecting 1 genome record [================================================] 100% 1/1
[1A[2KCollecting 1 genome record [================================================] 100% 1/1
[1A[2KCollecting 1 genome record [================================================] 100% 1/1
[1A[2KCollecting 1 genome record [================================================] 100% 1/1
[1A[2KCollecting 1 genome record [================================================] 100% 1/1
[1A[2KCollecting 1 genome record [================================================] 100% 1/1
[1A[2KCollecting 1 genome record [================================================] 100% 1/1
[1A[2KCollecting 1 genome record [================================================] 100% 1/1
[1A[2KCollecting 1 genome record [================================================] 100% 1/1
[1A[2KCollecting 1 genome record [================================================] 100% 1/1
[1A[2KCollecting 1 genome record [================================================] 100% 1/1
[1A[2KCollecting 1 genome record [================================================] 100% 1/1
[1A[2KCollecting 1 genome record [================================================] 100% 1/1
[1A[2KCollecting 1 genome record [================================================] 100% 1/1
[1A[2KCollecting 1 genome record [================================================] 100% 1/1
[1A[2KCollecting 1 genome record [================================================] 100% 1/1
[1A[2KCollecting 1 genome record [================================================] 100% 1/1
[1A[2KCollecting 1 genome record [================================================] 100% 1/1
[1A[2KCollecting 1 genome record [================================================] 100% 1/1
[1A[2KCollecting 1 genome record [================================================] 100% 1/1
[1A[2KCollecting 1 genome record [================================================] 100% 1/1
[1A[2KCollecting 1 genome record [================================================] 100% 1/1
[1A[2KCollecting 1 genome record [================================================] 100% 1/1
[1A[2KCollecting 1 genome record [================================================] 100% 1/1
[1A[2KCollecting 1 genome record [================================================] 100% 1/1
[1A[2KCollecting 1 genome record [================================================] 100% 1/1
[1A[2KCollecting 1 genome record [================================================] 100% 1/1
[1A[2KCollecting 1 genome record [================================================] 100% 1/1
[1A[2KCollecting 1 genome record [================================================] 100% 1/1
[1A[2KCollecting 1 genome record [================================================] 100% 1/1
[1A[2KCollecting 1 genome record [================================================] 100% 1/1
[1A[2KCollecting 1 genome record [================================================] 100% 1/1
[1A[2KCollecting 1 genome record [================================================] 100% 1/1
[1A[2KCollecting 1 genome record [================================================] 100% 1/1
[1A[2KCollecting 1 genome record [================================================] 100% 1/1
[1A[2KCollecting 1 genome record [================================================] 100% 1/1
[1A[2KCollecting 1 genome record [================================================] 100% 1/1
[1A[2KCollecting 1 genome record [================================================] 100% 1/1
[1A[2KCollecting 1 genome record [================================================] 100% 1/1
[1A[2KCollecting 1 genome record [================================================] 100% 1/1
[1A[2KCollecting 1 genome record [================================================] 100% 1/1
[1A[2KCollecting 1 genome record [================================================] 100% 1/1
[1A[2KCollecting 1 genome record [================================================] 100% 1/1
[1A[2KCollecting 1 genome record [================================================] 100% 1/1
[1A[2KCollecting 1 genome record [================================================] 100% 1/1
[1A[2KCollecting 1 genome record [================================================] 100% 1/1
[1A[2KCollecting 1 genome record [================================================] 100% 1/1
[1A[2KCollecting 1 genome record [================================================] 100% 1/1
[1A[2KCollecting 1 genome record [================================================] 100% 1/1
[1A[2KCollecting 1 genome record [================================================] 100% 1/1
[1A[2KCollecting 1 genome record [================================================] 100% 1/1
[1A[2KCollecting 1 genome record [================================================] 100% 1/1
[1A[2KCollecting 1 genome record [================================================] 100% 1/1
[1A[2KCollecting 1 genome record [================================================] 100% 1/1
[1A[2KCollecting 1 genome record [================================================] 100% 1/1
[1A[2KCollecting 1 genome record [================================================] 100% 1/1
[1A[2KCollecting 1 genome record [================================================] 100% 1/1
[1A[2KCollecting 1 genome record [================================================] 100% 1/1
[1A[2KCollecting 1 genome record [================================================] 100% 1/1
[1A[2KCollecting 1 genome record [================================================] 100% 1/1
[1A[2KCollecting 1 genome record [================================================] 100% 1/1
[1A[2KCollecting 1 genome record [================================================] 100% 1/1
[1A[2KCollecting 1 genome record [================================================] 100% 1/1
[1A[2KCollecting 1 genome record [================================================] 100% 1/1
[1A[2KCollecting 1 genome record [================================================] 100% 1/1
[1A[2KCollecting 1 genome record [================================================] 100% 1/1
[1A[2KCollecting 1 genome record [================================================] 100% 1/1
[1A[2KCollecting 1 genome record [================================================] 100% 1/1
[1A[2KCollecting 1 genome record [================================================] 100% 1/1
[1A[2KCollecting 1 genome record [================================================] 100% 1/1
[1A[2KCollecting 1 genome record [================================================] 100% 1/1
[1A[2KCollecting 1 genome record [================================================] 100% 1/1
[1A[2KCollecting 1 genome record [================================================] 100% 1/1
[1A[2KCollecting 1 genome record [================================================] 100% 1/1
[1A[2KCollecting 1 genome record [================================================] 100% 1/1
[1A[2KCollecting 1 genome record [================================================] 100% 1/1
[1A[2KCollecting 1 genome record [================================================] 100% 1/1
[1A[2KCollecting 1 genome record [================================================] 100% 1/1
[1A[2KCollecting 1 genome record [================================================] 100% 1/1
[1A[2KCollecting 1 genome record [================================================] 100% 1/1
[1A[2KCollecting 1 genome record [================================================] 100% 1/1
[1A[2KCollecting 1 genome record [================================================] 100% 1/1
[1A[2KCollecting 1 genome record [================================================] 100% 1/1
[1A[2KCollecting 1 genome record [================================================] 100% 1/1
[1A[2KCollecting 1 genome record [================================================] 100% 1/1
[1A[2KCollecting 1 genome record [================================================] 100% 1/1
[1A[2KCollecting 1 genome record [================================================] 100% 1/1
[1A[2KCollecting 1 genome record [================================================] 100% 1/1
[1A[2KCollecting 1 genome record [================================================] 100% 1/1
[1A[2KCollecting 1 genome record [================================================] 100% 1/1
[1A[2KCollecting 1 genome record [================================================] 100% 1/1
[1A[2KCollecting 1 genome record [================================================] 100% 1/1
[1A[2KCollecting 1 genome record [================================================] 100% 1/1
[1A[2KCollecting 1 genome record [================================================] 100% 1/1
[1A[2KCollecting 1 genome record [================================================] 100% 1/1
[1A[2KCollecting 1 genome record [================================================] 100% 1/1
[1A[2KCollecting 1 genome record [================================================] 100% 1/1
[1A[2KCollecting 1 genome record [================================================] 100% 1/1
[1A[2KCollecting 1 genome record [================================================] 100% 1/1
[1A[2KCollecting 1 genome record [================================================] 100% 1/1
[1A[2KCollecting 1 genome record [================================================] 100% 1/1
[1A[2KCollecting 1 genome record [================================================] 100% 1/1
[1A[2KCollecting 1 genome record [================================================] 100% 1/1
[1A[2KCollecting 1 genome record [================================================] 100% 1/1
[1A[2KCollecting 1 genome record [================================================] 100% 1/1
Downloading: ncbi_dataset.zip    941B 1.64MB/s
[1A[2K[1A[2KCollecting 1 genome record [================================================] 100% 1/1
Downloading: ncbi_dataset.zip    2.89kB 4.89MB/s
[1A[2K[1A[2KCollecting 1 genome record [================================================] 100% 1/1
Downloading: ncbi_dataset.zip    2.89kB 4.89MB/s
[1A[2K[1A[2KCollecting 1 genome record [================================================] 100% 1/1
Downloading: ncbi_dataset.zip    2.89kB 4.89MB/s
[1A[2K[1A[2KCollecting 1 genome record [================================================] 100% 1/1
Downloading: ncbi_dataset.zip    3.01kB 73.4kB/s
[1A[2K[1A[2KCollecting 1 genome record [================================================] 100% 1/1
Downloading: ncbi_dataset.zip    3.01kB 73.4kB/s
[1A[2K[1A[2KCollecting 1 genome record [================================================] 100% 1/1
Downloading: ncbi_dataset.zip    3.01kB 73.4kB/s
[1A[2K[1A[2KCollecting 1 genome record [================================================] 100% 1/1
Downloading: ncbi_dataset.zip    4.45kB 68.5kB/s
[1A[2K[1A[2KCollecting 1 genome record [================================================] 100% 1/1
Downloading: ncbi_dataset.zip    4.45kB 68.5kB/s
[1A[2K[1A[2KCollecting 1 genome record [================================================] 100% 1/1
Downloading: ncbi_dataset.zip    4.45kB 68.5kB/s
[1A[2K[1A[2KCollecting 1 genome record [================================================] 100% 1/1
Downloading: ncbi_dataset.zip    4.45kB 68.5kB/s
[1A[2K[1A[2KCollecting 1 genome record [================================================] 100% 1/1
Downloading: ncbi_dataset.zip    4.45kB 68.5kB/s
[1A[2K[1A[2KCollecting 1 genome record [================================================] 100% 1/1
Downloading: ncbi_dataset.zip    4.45kB 68.5kB/s
[1A[2K[1A[2KCollecting 1 genome record [================================================] 100% 1/1
Downloading: ncbi_dataset.zip    4.45kB 68.5kB/s
[1A[2K[1A[2KCollecting 1 genome record [================================================] 100% 1/1
Downloading: ncbi_dataset.zip    4.45kB 68.5kB/s
[1A[2K[1A[2KCollecting 1 genome record [================================================] 100% 1/1
Downloading: ncbi_dataset.zip    4.45kB 68.5kB/s
[1A[2K[1A[2KCollecting 1 genome record [================================================] 100% 1/1
Downloading: ncbi_dataset.zip    4.45kB 68.5kB/s
[1A[2K[1A[2KCollecting 1 genome record [================================================] 100% 1/1
Downloading: ncbi_dataset.zip    4.45kB 68.5kB/s
[1A[2K[1A[2KCollecting 1 genome record [================================================] 100% 1/1
Downloading: ncbi_dataset.zip    4.45kB 68.5kB/s
[1A[2K[1A[2KCollecting 1 genome record [================================================] 100% 1/1
Downloading: ncbi_dataset.zip    4.45kB 68.5kB/s
[1A[2K[1A[2KCollecting 1 genome record [================================================] 100% 1/1
Downloading: ncbi_dataset.zip    4.45kB 68.5kB/s
[1A[2K[1A[2KCollecting 1 genome record [================================================] 100% 1/1
Downloading: ncbi_dataset.zip    4.45kB 68.5kB/s
[1A[2K[1A[2KCollecting 1 genome record [================================================] 100% 1/1
Downloading: ncbi_dataset.zip    4.45kB 68.5kB/s
[1A[2K[1A[2KCollecting 1 genome record [================================================] 100% 1/1
Downloading: ncbi_dataset.zip    4.45kB 68.5kB/s
[1A[2K[1A[2KCollecting 1 genome record [================================================] 100% 1/1
Downloading: ncbi_dataset.zip    32.8kB 135kB/s
[1A[2K[1A[2KCollecting 1 genome record [================================================] 100% 1/1
Downloading: ncbi_dataset.zip    32.8kB 135kB/s
[1A[2K[1A[2KCollecting 1 genome record [================================================] 100% 1/1
Downloading: ncbi_dataset.zip    32.8kB 135kB/s
[1A[2K[1A[2KCollecting 1 genome record [================================================] 100% 1/1
Downloading: ncbi_dataset.zip    32.8kB 135kB/s
[1A[2K[1A[2KCollecting 1 genome record [================================================] 100% 1/1
Downloading: ncbi_dataset.zip    32.8kB 135kB/s
[1A[2K[1A[2KCollecting 1 genome record [================================================] 100% 1/1
Downloading: ncbi_dataset.zip    32.8kB 135kB/s
[1A[2K[1A[2KCollecting 1 genome record [================================================] 100% 1/1
Downloading: ncbi_dataset.zip    32.8kB 135kB/s
[1A[2K[1A[2KCollecting 1 genome record [================================================] 100% 1/1
Downloading: ncbi_dataset.zip    32.8kB 135kB/s
[1A[2K[1A[2KCollecting 1 genome record [================================================] 100% 1/1
Downloading: ncbi_dataset.zip    32.8kB 135kB/s
[1A[2K[1A[2KCollecting 1 genome record [================================================] 100% 1/1
Downloading: ncbi_dataset.zip    32.8kB 135kB/s
[1A[2K[1A[2KCollecting 1 genome record [================================================] 100% 1/1
Downloading: ncbi_dataset.zip    32.8kB 135kB/s
[1A[2K[1A[2KCollecting 1 genome record [================================================] 100% 1/1
Downloading: ncbi_dataset.zip    65.5kB 187kB/s
[1A[2K[1A[2KCollecting 1 genome record [================================================] 100% 1/1
Downloading: ncbi_dataset.zip    65.5kB 187kB/s
[1A[2K[1A[2KCollecting 1 genome record [================================================] 100% 1/1
Downloading: ncbi_dataset.zip    65.5kB 187kB/s
[1A[2K[1A[2KCollecting 1 genome record [================================================] 100% 1/1
Downloading: ncbi_dataset.zip    65.5kB 187kB/s
[1A[2K[1A[2KCollecting 1 genome record [================================================] 100% 1/1
Downloading: ncbi_dataset.zip    65.5kB 187kB/s
[1A[2K[1A[2KCollecting 1 genome record [================================================] 100% 1/1
Downloading: ncbi_dataset.zip    65.5kB 187kB/s
[1A[2K[1A[2KCollecting 1 genome record [================================================] 100% 1/1
Downloading: ncbi_dataset.zip    98.3kB 237kB/s
[1A[2K[1A[2KCollecting 1 genome record [================================================] 100% 1/1
Downloading: ncbi_dataset.zip    98.3kB 237kB/s
[1A[2K[1A[2KCollecting 1 genome record [================================================] 100% 1/1
Downloading: ncbi_dataset.zip    98.3kB 237kB/s
[1A[2K[1A[2KCollecting 1 genome record [================================================] 100% 1/1
Downloading: ncbi_dataset.zip    98.3kB 237kB/s
[1A[2K[1A[2KCollecting 1 genome record [================================================] 100% 1/1
Downloading: ncbi_dataset.zip    98.3kB 237kB/s
[1A[2K[1A[2KCollecting 1 genome record [================================================] 100% 1/1
Downloading: ncbi_dataset.zip    98.3kB 237kB/s
[1A[2K[1A[2KCollecting 1 genome record [================================================] 100% 1/1
Downloading: ncbi_dataset.zip    98.3kB 237kB/s
[1A[2K[1A[2KCollecting 1 genome record [================================================] 100% 1/1
Downloading: ncbi_dataset.zip    98.3kB 237kB/s
[1A[2K[1A[2KCollecting 1 genome record [================================================] 100% 1/1
Downloading: ncbi_dataset.zip    98.3kB 237kB/s
[1A[2K[1A[2KCollecting 1 genome record [================================================] 100% 1/1
Downloading: ncbi_dataset.zip    98.3kB 237kB/s
[1A[2K[1A[2KCollecting 1 genome record [================================================] 100% 1/1
Downloading: ncbi_dataset.zip    131kB 250kB/s
[1A[2K[1A[2KCollecting 1 genome record [================================================] 100% 1/1
Downloading: ncbi_dataset.zip    164kB 310kB/s
[1A[2K[1A[2KCollecting 1 genome record [================================================] 100% 1/1
Downloading: ncbi_dataset.zip    164kB 310kB/s
[1A[2K[1A[2KCollecting 1 genome record [================================================] 100% 1/1
Downloading: ncbi_dataset.zip    164kB 310kB/s
[1A[2K[1A[2KCollecting 1 genome record [================================================] 100% 1/1
Downloading: ncbi_dataset.zip    164kB 310kB/s
[1A[2K[1A[2KCollecting 1 genome record [================================================] 100% 1/1
Downloading: ncbi_dataset.zip    164kB 310kB/s
[1A[2K[1A[2KCollecting 1 genome record [================================================] 100% 1/1
Downloading: ncbi_dataset.zip    197kB 339kB/s
[1A[2K[1A[2KCollecting 1 genome record [================================================] 100% 1/1
Downloading: ncbi_dataset.zip    229kB 388kB/s
[1A[2K[1A[2KCollecting 1 genome record [================================================] 100% 1/1
Downloading: ncbi_dataset.zip    229kB 388kB/s
[1A[2K[1A[2KCollecting 1 genome record [================================================] 100% 1/1
Downloading: ncbi_dataset.zip    229kB 388kB/s
[1A[2K[1A[2KCollecting 1 genome record [================================================] 100% 1/1
Downloading: ncbi_dataset.zip    229kB 388kB/s
[1A[2K[1A[2KCollecting 1 genome record [================================================] 100% 1/1
Downloading: ncbi_dataset.zip    229kB 388kB/s
[1A[2K[1A[2KCollecting 1 genome record [================================================] 100% 1/1
Downloading: ncbi_dataset.zip    229kB 388kB/s
[1A[2K[1A[2KCollecting 1 genome record [================================================] 100% 1/1
Downloading: ncbi_dataset.zip    229kB 388kB/s
[1A[2K[1A[2KCollecting 1 genome record [================================================] 100% 1/1
Downloading: ncbi_dataset.zip    229kB 388kB/s
[1A[2K[1A[2KCollecting 1 genome record [================================================] 100% 1/1
Downloading: ncbi_dataset.zip    229kB 388kB/s
[1A[2K[1A[2KCollecting 1 genome record [================================================] 100% 1/1
Downloading: ncbi_dataset.zip    229kB 388kB/s
[1A[2K[1A[2KCollecting 1 genome record [================================================] 100% 1/1
Downloading: ncbi_dataset.zip    262kB 375kB/s
[1A[2K[1A[2KCollecting 1 genome record [================================================] 100% 1/1
Downloading: ncbi_dataset.zip    360kB 508kB/s
[1A[2K[1A[2KCollecting 1 genome record [================================================] 100% 1/1
Downloading: ncbi_dataset.zip    360kB 508kB/s
[1A[2K[1A[2KCollecting 1 genome record [================================================] 100% 1/1
Downloading: ncbi_dataset.zip    360kB 508kB/s
[1A[2K[1A[2KCollecting 1 genome record [================================================] 100% 1/1
Downloading: ncbi_dataset.zip    360kB 508kB/s
[1A[2K[1A[2KCollecting 1 genome record [================================================] 100% 1/1
Downloading: ncbi_dataset.zip    393kB 528kB/s
[1A[2K[1A[2KCollecting 1 genome record [================================================] 100% 1/1
Downloading: ncbi_dataset.zip    426kB 559kB/s
[1A[2K[1A[2KCollecting 1 genome record [================================================] 100% 1/1
Downloading: ncbi_dataset.zip    492kB 641kB/s
[1A[2K[1A[2KCollecting 1 genome record [================================================] 100% 1/1
Downloading: ncbi_dataset.zip    492kB 641kB/s
[1A[2K[1A[2KCollecting 1 genome record [================================================] 100% 1/1
Downloading: ncbi_dataset.zip    492kB 641kB/s
[1A[2K[1A[2KCollecting 1 genome record [================================================] 100% 1/1
Downloading: ncbi_dataset.zip    492kB 641kB/s
[1A[2K[1A[2KCollecting 1 genome record [================================================] 100% 1/1
Downloading: ncbi_dataset.zip    492kB 641kB/s
[1A[2K[1A[2KCollecting 1 genome record [================================================] 100% 1/1
Downloading: ncbi_dataset.zip    492kB 641kB/s
[1A[2K[1A[2KCollecting 1 genome record [================================================] 100% 1/1
Downloading: ncbi_dataset.zip    492kB 641kB/s
[1A[2K[1A[2KCollecting 1 genome record [================================================] 100% 1/1
Downloading: ncbi_dataset.zip    492kB 641kB/s
[1A[2K[1A[2KCollecting 1 genome record [================================================] 100% 1/1
Downloading: ncbi_dataset.zip    492kB 641kB/s
[1A[2K[1A[2KCollecting 1 genome record [================================================] 100% 1/1
Downloading: ncbi_dataset.zip    492kB 641kB/s
[1A[2K[1A[2KCollecting 1 genome record [================================================] 100% 1/1
Downloading: ncbi_dataset.zip    590kB 674kB/s
[1A[2K[1A[2KCollecting 1 genome record [================================================] 100% 1/1
Downloading: ncbi_dataset.zip    754kB 851kB/s
[1A[2K[1A[2KCollecting 1 genome record [================================================] 100% 1/1
Downloading: ncbi_dataset.zip    754kB 851kB/s
[1A[2K[1A[2KCollecting 1 genome record [================================================] 100% 1/1
Downloading: ncbi_dataset.zip    754kB 851kB/s
[1A[2K[1A[2KCollecting 1 genome record [================================================] 100% 1/1
Downloading: ncbi_dataset.zip    786kB 858kB/s
[1A[2K[1A[2KCollecting 1 genome record [================================================] 100% 1/1
Downloading: ncbi_dataset.zip    852kB 922kB/s
[1A[2K[1A[2KCollecting 1 genome record [================================================] 100% 1/1
Downloading: ncbi_dataset.zip    918kB 979kB/s
[1A[2K[1A[2KCollecting 1 genome record [================================================] 100% 1/1
Downloading: ncbi_dataset.zip    1.02MB 1.08MB/s
[1A[2K[1A[2KCollecting 1 genome record [================================================] 100% 1/1
Downloading: ncbi_dataset.zip    1.02MB 1.08MB/s
[1A[2K[1A[2KCollecting 1 genome record [================================================] 100% 1/1
Downloading: ncbi_dataset.zip    1.02MB 1.08MB/s
[1A[2K[1A[2KCollecting 1 genome record [================================================] 100% 1/1
Downloading: ncbi_dataset.zip    1.02MB 1.08MB/s
[1A[2K[1A[2KCollecting 1 genome record [================================================] 100% 1/1
Downloading: ncbi_dataset.zip    1.02MB 1.08MB/s
[1A[2K[1A[2KCollecting 1 genome record [================================================] 100% 1/1
Downloading: ncbi_dataset.zip    1.02MB 1.08MB/s
[1A[2K[1A[2KCollecting 1 genome record [================================================] 100% 1/1
Downloading: ncbi_dataset.zip    1.02MB 1.08MB/s
[1A[2K[1A[2KCollecting 1 genome record [================================================] 100% 1/1
Downloading: ncbi_dataset.zip    1.02MB 1.08MB/s
[1A[2K[1A[2KCollecting 1 genome record [================================================] 100% 1/1
Downloading: ncbi_dataset.zip    1.02MB 1.08MB/s
[1A[2K[1A[2KCollecting 1 genome record [================================================] 100% 1/1
Downloading: ncbi_dataset.zip    1.02MB 1.08MB/s
[1A[2K[1A[2KCollecting 1 genome record [================================================] 100% 1/1
Downloading: ncbi_dataset.zip    1.02MB 1.08MB/s
[1A[2K[1A[2KCollecting 1 genome record [================================================] 100% 1/1
Downloading: ncbi_dataset.zip    1.05MB 989kB/s
[1A[2K[1A[2KCollecting 1 genome record [================================================] 100% 1/1
Downloading: ncbi_dataset.zip    1.08MB 1.01MB/s
[1A[2K[1A[2KCollecting 1 genome record [================================================] 100% 1/1
Downloading: ncbi_dataset.zip    1.18MB 1.1MB/s
[1A[2K[1A[2KCollecting 1 genome record [================================================] 100% 1/1
Downloading: ncbi_dataset.zip    1.34MB 1.23MB/s
[1A[2K[1A[2KCollecting 1 genome record [================================================] 100% 1/1
Downloading: ncbi_dataset.zip    1.47MB 1.34MB/s
[1A[2K[1A[2KCollecting 1 genome record [================================================] 100% 1/1
Downloading: ncbi_dataset.zip    1.7MB 1.53MB/s
[1A[2K[1A[2KCollecting 1 genome record [================================================] 100% 1/1
Downloading: ncbi_dataset.zip    1.97MB 1.75MB/s
[1A[2K[1A[2KCollecting 1 genome record [================================================] 100% 1/1
Downloading: ncbi_dataset.zip    2.1MB 1.86MB/s
[1A[2K[1A[2KCollecting 1 genome record [================================================] 100% 1/1
Downloading: ncbi_dataset.zip    2.1MB 1.86MB/s
[1A[2K[1A[2KCollecting 1 genome record [================================================] 100% 1/1
Downloading: ncbi_dataset.zip    2.1MB 1.86MB/s
[1A[2K[1A[2KCollecting 1 genome record [================================================] 100% 1/1
Downloading: ncbi_dataset.zip    2.1MB 1.86MB/s
[1A[2K[1A[2KCollecting 1 genome record [================================================] 100% 1/1
Downloading: ncbi_dataset.zip    2.1MB 1.86MB/s
[1A[2K[1A[2KCollecting 1 genome record [================================================] 100% 1/1
Downloading: ncbi_dataset.zip    2.1MB 1.86MB/s
[1A[2K[1A[2KCollecting 1 genome record [================================================] 100% 1/1
Downloading: ncbi_dataset.zip    2.1MB 1.86MB/s
[1A[2K[1A[2KCollecting 1 genome record [================================================] 100% 1/1
Downloading: ncbi_dataset.zip    2.1MB 1.86MB/s
[1A[2K[1A[2KCollecting 1 genome record [================================================] 100% 1/1
Downloading: ncbi_dataset.zip    2.1MB 1.86MB/s
[1A[2K[1A[2KCollecting 1 genome record [================================================] 100% 1/1
Downloading: ncbi_dataset.zip    2.23MB 1.82MB/s
[1A[2K[1A[2KCollecting 1 genome record [================================================] 100% 1/1
Downloading: ncbi_dataset.zip    2.49MB 2.02MB/s
[1A[2K[1A[2KCollecting 1 genome record [================================================] 100% 1/1
Downloading: ncbi_dataset.zip    2.79MB 2.23MB/s
[1A[2K[1A[2KCollecting 1 genome record [================================================] 100% 1/1
Downloading: ncbi_dataset.zip    3.01MB 2.4MB/s
[1A[2K[1A[2KCollecting 1 genome record [================================================] 100% 1/1
Downloading: ncbi_dataset.zip    3.18MB 2.52MB/s
[1A[2K[1A[2KCollecting 1 genome record [================================================] 100% 1/1
Downloading: ncbi_dataset.zip    3.38MB 2.64MB/s
[1A[2K[1A[2KCollecting 1 genome record [================================================] 100% 1/1
Downloading: ncbi_dataset.zip    3.51MB 2.72MB/s
[1A[2K[1A[2KCollecting 1 genome record [================================================] 100% 1/1
Downloading: ncbi_dataset.zip    3.6MB 2.78MB/s
[1A[2K[1A[2KCollecting 1 genome record [================================================] 100% 1/1
Downloading: ncbi_dataset.zip    3.96MB 3.03MB/s
[1A[2K[1A[2KCollecting 1 genome record [================================================] 100% 1/1
Downloading: ncbi_dataset.zip    4.23MB 3.21MB/s
[1A[2K[1A[2KCollecting 1 genome record [================================================] 100% 1/1
Downloading: ncbi_dataset.zip    4.23MB 3.21MB/s
[1A[2K[1A[2KCollecting 1 genome record [================================================] 100% 1/1
Downloading: ncbi_dataset.zip    4.23MB 3.21MB/s
[1A[2K[1A[2KCollecting 1 genome record [================================================] 100% 1/1
Downloading: ncbi_dataset.zip    4.23MB 3.21MB/s
[1A[2K[1A[2KCollecting 1 genome record [================================================] 100% 1/1
Downloading: ncbi_dataset.zip    4.23MB 3.21MB/s
[1A[2K[1A[2KCollecting 1 genome record [================================================] 100% 1/1
Downloading: ncbi_dataset.zip    4.23MB 3.21MB/s
[1A[2K[1A[2KCollecting 1 genome record [================================================] 100% 1/1
Downloading: ncbi_dataset.zip    4.23MB 3.21MB/s
[1A[2K[1A[2KCollecting 1 genome record [================================================] 100% 1/1
Downloading: ncbi_dataset.zip    4.23MB 3.21MB/s
[1A[2K[1A[2KCollecting 1 genome record [================================================] 100% 1/1
Downloading: ncbi_dataset.zip    4.42MB 3.16MB/s
[1A[2K[1A[2KCollecting 1 genome record [================================================] 100% 1/1
Downloading: ncbi_dataset.zip    4.75MB 3.37MB/s
[1A[2K[1A[2KCollecting 1 genome record [================================================] 100% 1/1
Downloading: ncbi_dataset.zip    5.08MB 3.57MB/s
[1A[2K[1A[2KCollecting 1 genome record [================================================] 100% 1/1
Downloading: ncbi_dataset.zip    5.34MB 3.73MB/s
[1A[2K[1A[2KCollecting 1 genome record [================================================] 100% 1/1
Downloading: ncbi_dataset.zip    5.64MB 3.91MB/s
[1A[2K[1A[2KCollecting 1 genome record [================================================] 100% 1/1
Downloading: ncbi_dataset.zip    5.83MB 4.02MB/s
[1A[2K[1A[2KCollecting 1 genome record [================================================] 100% 1/1
Downloading: ncbi_dataset.zip    6.13MB 4.19MB/s
[1A[2K[1A[2KCollecting 1 genome record [================================================] 100% 1/1
Downloading: ncbi_dataset.zip    6.36MB 4.33MB/s
[1A[2K[1A[2KCollecting 1 genome record [================================================] 100% 1/1
Downloading: ncbi_dataset.zip    6.55MB 4.43MB/s
[1A[2K[1A[2KCollecting 1 genome record [================================================] 100% 1/1
Downloading: ncbi_dataset.zip    6.55MB 4.43MB/s
[1A[2K[1A[2KCollecting 1 genome record [================================================] 100% 1/1
Downloading: ncbi_dataset.zip    6.55MB 4.43MB/s
[1A[2K[1A[2KCollecting 1 genome record [================================================] 100% 1/1
Downloading: ncbi_dataset.zip    6.55MB 4.43MB/s
[1A[2K[1A[2KCollecting 1 genome record [================================================] 100% 1/1
Downloading: ncbi_dataset.zip    6.55MB 4.43MB/s
[1A[2K[1A[2KCollecting 1 genome record [================================================] 100% 1/1
Downloading: ncbi_dataset.zip    6.55MB 4.43MB/s
[1A[2K[1A[2KCollecting 1 genome record [================================================] 100% 1/1
Downloading: ncbi_dataset.zip    6.55MB 4.43MB/s
[1A[2K[1A[2KCollecting 1 genome record [================================================] 100% 1/1
Downloading: ncbi_dataset.zip    6.55MB 4.43MB/s
[1A[2K[1A[2KCollecting 1 genome record [================================================] 100% 1/1
Downloading: ncbi_dataset.zip    6.55MB 4.43MB/s
[1A[2K[1A[2KCollecting 1 genome record [================================================] 100% 1/1
Downloading: ncbi_dataset.zip    6.55MB 4.43MB/s
[1A[2K[1A[2KCollecting 1 genome record [================================================] 100% 1/1
Downloading: ncbi_dataset.zip    6.55MB 4.43MB/s
[1A[2K[1A[2KCollecting 1 genome record [================================================] 100% 1/1
Downloading: ncbi_dataset.zip    6.55MB 4.43MB/s
[1A[2K[1A[2KCollecting 1 genome record [================================================] 100% 1/1
Downloading: ncbi_dataset.zip    6.55MB 4.43MB/s
[1A[2K[1A[2KCollecting 1 genome record [================================================] 100% 1/1
Downloading: ncbi_dataset.zip    6.55MB 4.43MB/s
[1A[2K[1A[2KCollecting 1 genome record [================================================] 100% 1/1
Downloading: ncbi_dataset.zip    6.55MB 4.43MB/s
[1A[2K[1A[2KCollecting 1 genome record [================================================] 100% 1/1
Downloading: ncbi_dataset.zip    6.55MB 4.43MB/s
[1A[2K[1A[2KCollecting 1 genome record [================================================] 100% 1/1
Downloading: ncbi_dataset.zip    6.55MB 4.43MB/s
[1A[2K[1A[2KCollecting 1 genome record [================================================] 100% 1/1
Downloading: ncbi_dataset.zip    6.55MB 4.43MB/s
[1A[2K[1A[2KCollecting 1 genome record [================================================] 100% 1/1
Downloading: ncbi_dataset.zip    6.55MB 4.43MB/s
[1A[2K[1A[2KCollecting 1 genome record [================================================] 100% 1/1
Downloading: ncbi_dataset.zip    6.55MB 4.43MB/s
[1A[2K[1A[2KCollecting 1 genome record [================================================] 100% 1/1
Downloading: ncbi_dataset.zip    6.55MB 4.43MB/s
[1A[2K[1A[2KCollecting 1 genome record [================================================] 100% 1/1
Downloading: ncbi_dataset.zip    6.55MB 4.43MB/s
[1A[2K[1A[2KCollecting 1 genome record [================================================] 100% 1/1
Downloading: ncbi_dataset.zip    6.55MB 4.43MB/s
[1A[2K[1A[2KCollecting 1 genome record [================================================] 100% 1/1
Downloading: ncbi_dataset.zip    6.55MB 4.43MB/s
[1A[2K[1A[2KCollecting 1 genome record [================================================] 100% 1/1
Downloading: ncbi_dataset.zip    6.55MB 4.43MB/s
[1A[2K[1A[2KCollecting 1 genome record [================================================] 100% 1/1
Downloading: ncbi_dataset.zip    6.55MB 4.43MB/s
[1A[2K[1A[2KCollecting 1 genome record [================================================] 100% 1/1
Downloading: ncbi_dataset.zip    6.55MB 4.43MB/s
[1A[2K[1A[2KCollecting 1 genome record [================================================] 100% 1/1
Downloading: ncbi_dataset.zip    6.55MB 4.43MB/s
[1A[2K[1A[2KCollecting 1 genome record [================================================] 100% 1/1
Downloading: ncbi_dataset.zip    6.55MB 4.43MB/s
[1A[2K[1A[2KCollecting 1 genome record [================================================] 100% 1/1
Downloading: ncbi_dataset.zip    6.55MB 4.43MB/s
[1A[2K[1A[2KCollecting 1 genome record [================================================] 100% 1/1
Downloading: ncbi_dataset.zip    6.59MB 3.68MB/s
[1A[2K[1A[2KCollecting 1 genome record [================================================] 100% 1/1
Downloading: ncbi_dataset.zip    6.85MB 3.8MB/s
[1A[2K[1A[2KCollecting 1 genome record [================================================] 100% 1/1
Downloading: ncbi_dataset.zip    7.08MB 3.91MB/s
[1A[2K[1A[2KCollecting 1 genome record [================================================] 100% 1/1
Downloading: ncbi_dataset.zip    7.27MB 3.99MB/s
[1A[2K[1A[2KCollecting 1 genome record [================================================] 100% 1/1
Downloading: ncbi_dataset.zip    7.41MB 4.05MB/s
[1A[2K[1A[2KCollecting 1 genome record [================================================] 100% 1/1
Downloading: ncbi_dataset.zip    7.41MB 4.05MB/s
[1A[2K[1A[2KCollecting 1 genome record [================================================] 100% 1/1
Downloading: ncbi_dataset.zip    7.63MB 4.12MB/s
[1A[2K[1A[2KCollecting 1 genome record [================================================] 100% 1/1
Downloading: ncbi_dataset.zip    7.83MB 4.21MB/s
[1A[2K[1A[2KCollecting 1 genome record [================================================] 100% 1/1
Downloading: ncbi_dataset.zip    8.26MB 4.41MB/s
[1A[2K[1A[2KCollecting 1 genome record [================================================] 100% 1/1
Downloading: ncbi_dataset.zip    8.52MB 4.52MB/s
[1A[2K[1A[2KCollecting 1 genome record [================================================] 100% 1/1
Downloading: ncbi_dataset.zip    8.72MB 4.6MB/s
[1A[2K[1A[2KCollecting 1 genome record [================================================] 100% 1/1
Downloading: ncbi_dataset.zip    8.91MB 4.68MB/s
[1A[2K[1A[2KCollecting 1 genome record [================================================] 100% 1/1
Downloading: ncbi_dataset.zip    9.14MB 4.78MB/s
[1A[2K[1A[2KCollecting 1 genome record [================================================] 100% 1/1
Downloading: ncbi_dataset.zip    9.34MB 4.85MB/s
[1A[2K[1A[2KCollecting 1 genome record [================================================] 100% 1/1
Downloading: ncbi_dataset.zip    9.57MB 4.94MB/s
[1A[2K[1A[2KCollecting 1 genome record [================================================] 100% 1/1
Downloading: ncbi_dataset.zip    9.76MB 5.02MB/s
[1A[2K[1A[2KCollecting 1 genome record [================================================] 100% 1/1
Downloading: ncbi_dataset.zip    9.99MB 5.11MB/s
[1A[2K[1A[2KCollecting 1 genome record [================================================] 100% 1/1
Downloading: ncbi_dataset.zip    10.2MB 5.19MB/s
[1A[2K[1A[2KCollecting 1 genome record [================================================] 100% 1/1
Downloading: ncbi_dataset.zip    10.4MB 5.25MB/s
[1A[2K[1A[2KCollecting 1 genome record [================================================] 100% 1/1
Downloading: ncbi_dataset.zip    10.6MB 5.31MB/s
[1A[2K[1A[2KCollecting 1 genome record [================================================] 100% 1/1
Downloading: ncbi_dataset.zip    10.7MB 5.38MB/s
[1A[2K[1A[2KCollecting 1 genome record [================================================] 100% 1/1
Downloading: ncbi_dataset.zip    10.9MB 5.45MB/s
[1A[2K[1A[2KCollecting 1 genome record [================================================] 100% 1/1
Downloading: ncbi_dataset.zip    11.1MB 5.49MB/s
[1A[2K[1A[2KCollecting 1 genome record [================================================] 100% 1/1
Downloading: ncbi_dataset.zip    11.1MB 5.49MB/s
[1A[2K[1A[2KCollecting 1 genome record [================================================] 100% 1/1
Downloading: ncbi_dataset.zip    11.3MB 5.53MB/s
[1A[2K[1A[2KCollecting 1 genome record [================================================] 100% 1/1
Downloading: ncbi_dataset.zip    11.5MB 5.62MB/s
[1A[2K[1A[2KCollecting 1 genome record [================================================] 100% 1/1
Downloading: ncbi_dataset.zip    12.1MB 5.86MB/s
[1A[2K[1A[2KCollecting 1 genome record [================================================] 100% 1/1
Downloading: ncbi_dataset.zip    12.6MB 6.08MB/s
[1A[2K[1A[2KCollecting 1 genome record [================================================] 100% 1/1
Downloading: ncbi_dataset.zip    12.6MB 6.08MB/s
[1A[2K[1A[2KCollecting 1 genome record [================================================] 100% 1/1
Downloading: ncbi_dataset.zip    12.6MB 6.08MB/s
[1A[2K[1A[2KCollecting 1 genome record [================================================] 100% 1/1
Downloading: ncbi_dataset.zip    12.6MB 6.08MB/s
[1A[2K[1A[2KCollecting 1 genome record [================================================] 100% 1/1
Downloading: ncbi_dataset.zip    12.6MB 6.08MB/s
[1A[2K[1A[2KCollecting 1 genome record [================================================] 100% 1/1
Downloading: ncbi_dataset.zip    12.6MB 6.08MB/s
[1A[2K[1A[2KCollecting 1 genome record [================================================] 100% 1/1
Downloading: ncbi_dataset.zip    12.6MB 6.08MB/s
[1A[2K[1A[2KCollecting 1 genome record [================================================] 100% 1/1
Downloading: ncbi_dataset.zip    12.7MB 5.95MB/s
[1A[2K[1A[2KCollecting 1 genome record [================================================] 100% 1/1
Downloading: ncbi_dataset.zip    12.9MB 6.01MB/s
[1A[2K[1A[2KCollecting 1 genome record [================================================] 100% 1/1
Downloading: ncbi_dataset.zip    13.4MB 6.18MB/s
[1A[2K[1A[2KCollecting 1 genome record [================================================] 100% 1/1
Downloading: ncbi_dataset.zip    13.8MB 6.36MB/s
[1A[2K[1A[2KCollecting 1 genome record [================================================] 100% 1/1
Downloading: ncbi_dataset.zip    13.9MB 6.37MB/s
[1A[2K[1A[2KCollecting 1 genome record [================================================] 100% 1/1
Downloading: ncbi_dataset.zip    13.9MB 6.37MB/s
[1A[2K[1A[2KCollecting 1 genome record [================================================] 100% 1/1
Downloading: ncbi_dataset.zip    13.9MB 6.37MB/s
[1A[2K[1A[2KCollecting 1 genome record [================================================] 100% 1/1
Downloading: ncbi_dataset.zip    13.9MB 6.37MB/s
[1A[2K[1A[2KCollecting 1 genome record [================================================] 100% 1/1
Downloading: ncbi_dataset.zip    13.9MB 6.37MB/s
[1A[2K[1A[2KCollecting 1 genome record [================================================] 100% 1/1
Downloading: ncbi_dataset.zip    13.9MB 6.37MB/s
[1A[2K[1A[2KCollecting 1 genome record [================================================] 100% 1/1
Downloading: ncbi_dataset.zip    13.9MB 6.37MB/s
[1A[2K[1A[2KCollecting 1 genome record [================================================] 100% 1/1
Downloading: ncbi_dataset.zip    13.9MB 6.37MB/s
[1A[2K[1A[2KCollecting 1 genome record [================================================] 100% 1/1
Downloading: ncbi_dataset.zip    13.9MB 6.37MB/s
[1A[2K[1A[2KCollecting 1 genome record [================================================] 100% 1/1
Downloading: ncbi_dataset.zip    13.9MB 6.37MB/s
[1A[2K[1A[2KCollecting 1 genome record [================================================] 100% 1/1
Downloading: ncbi_dataset.zip    13.9MB 6.37MB/s
[1A[2K[1A[2KCollecting 1 genome record [================================================] 100% 1/1
Downloading: ncbi_dataset.zip    13.9MB 6.37MB/s
[1A[2K[1A[2KCollecting 1 genome record [================================================] 100% 1/1
Downloading: ncbi_dataset.zip    13.9MB 6.37MB/s
[1A[2K[1A[2KCollecting 1 genome record [================================================] 100% 1/1
Downloading: ncbi_dataset.zip    13.9MB 6.37MB/s
[1A[2K[1A[2KCollecting 1 genome record [================================================] 100% 1/1
Downloading: ncbi_dataset.zip    13.9MB 6.37MB/s
[1A[2K[1A[2KCollecting 1 genome record [================================================] 100% 1/1
Downloading: ncbi_dataset.zip    14MB 5.98MB/s
[1A[2K[1A[2KCollecting 1 genome record [================================================] 100% 1/1
Downloading: ncbi_dataset.zip    14MB 5.96MB/s
[1A[2K[1A[2KCollecting 1 genome record [================================================] 100% 1/1
Downloading: ncbi_dataset.zip    14MB 5.96MB/s
[1A[2K[1A[2KCollecting 1 genome record [================================================] 100% 1/1
Downloading: ncbi_dataset.zip    14MB 5.92MB/s
[1A[2K[1A[2KCollecting 1 genome record [================================================] 100% 1/1
Downloading: ncbi_dataset.zip    14MB 5.92MB/s
[1A[2K[1A[2KCollecting 1 genome record [================================================] 100% 1/1
Downloading: ncbi_dataset.zip    14.3MB 5.96MB/s
[1A[2K[1A[2KCollecting 1 genome record [================================================] 100% 1/1
Downloading: ncbi_dataset.zip    14.6MB 6.1MB/s
[1A[2K[1A[2KCollecting 1 genome record [================================================] 100% 1/1
Downloading: ncbi_dataset.zip    15.2MB 6.3MB/s
[1A[2K[1A[2KCollecting 1 genome record [================================================] 100% 1/1
Downloading: ncbi_dataset.zip    15.3MB 6.34MB/s
[1A[2K[1A[2KCollecting 1 genome record [================================================] 100% 1/1
Downloading: ncbi_dataset.zip    15.5MB 6.38MB/s
[1A[2K[1A[2KCollecting 1 genome record [================================================] 100% 1/1
Downloading: ncbi_dataset.zip    15.6MB 6.39MB/s
[1A[2K[1A[2KCollecting 1 genome record [================================================] 100% 1/1
Downloading: ncbi_dataset.zip    15.7MB 6.39MB/s
[1A[2K[1A[2KCollecting 1 genome record [================================================] 100% 1/1
Downloading: ncbi_dataset.zip    16MB 6.49MB/s
[1A[2K[1A[2KCollecting 1 genome record [================================================] 100% 1/1
Downloading: ncbi_dataset.zip    16MB 6.5MB/s
[1A[2K[1A[2KCollecting 1 genome record [================================================] 100% 1/1
Downloading: ncbi_dataset.zip    16.1MB 6.48MB/s
[1A[2K[1A[2KCollecting 1 genome record [================================================] 100% 1/1
Downloading: ncbi_dataset.zip    16.2MB 6.51MB/s
[1A[2K[1A[2KCollecting 1 genome record [================================================] 100% 1/1
Downloading: ncbi_dataset.zip    16.4MB 6.54MB/s
[1A[2K[1A[2KCollecting 1 genome record [================================================] 100% 1/1
Downloading: ncbi_dataset.zip    16.6MB 6.62MB/s
[1A[2K[1A[2KCollecting 1 genome record [================================================] 100% 1/1
Downloading: ncbi_dataset.zip    16.8MB 6.65MB/s
[1A[2K[1A[2KCollecting 1 genome record [================================================] 100% 1/1
Downloading: ncbi_dataset.zip    16.9MB 6.68MB/s
[1A[2K[1A[2KCollecting 1 genome record [================================================] 100% 1/1
Downloading: ncbi_dataset.zip    17.1MB 6.71MB/s
[1A[2K[1A[2KCollecting 1 genome record [================================================] 100% 1/1
Downloading: ncbi_dataset.zip    17.2MB 6.73MB/s
[1A[2K[1A[2KCollecting 1 genome record [================================================] 100% 1/1
Downloading: ncbi_dataset.zip    17.4MB 6.76MB/s
[1A[2K[1A[2KCollecting 1 genome record [================================================] 100% 1/1
Downloading: ncbi_dataset.zip    17.4MB 6.76MB/s
[1A[2K[1A[2KCollecting 1 genome record [================================================] 100% 1/1
Downloading: ncbi_dataset.zip    17.4MB 6.76MB/s
[1A[2K[1A[2KCollecting 1 genome record [================================================] 100% 1/1
Downloading: ncbi_dataset.zip    17.4MB 6.76MB/s
[1A[2K[1A[2KCollecting 1 genome record [================================================] 100% 1/1
Downloading: ncbi_dataset.zip    17.4MB 6.76MB/s
[1A[2K[1A[2KCollecting 1 genome record [================================================] 100% 1/1
Downloading: ncbi_dataset.zip    17.4MB 6.76MB/s
[1A[2K[1A[2KCollecting 1 genome record [================================================] 100% 1/1
Downloading: ncbi_dataset.zip    17.4MB 6.76MB/s
[1A[2K[1A[2KCollecting 1 genome record [================================================] 100% 1/1
Downloading: ncbi_dataset.zip    17.4MB 6.76MB/s
[1A[2K[1A[2KCollecting 1 genome record [================================================] 100% 1/1
Downloading: ncbi_dataset.zip    17.4MB 6.76MB/s
[1A[2K[1A[2KCollecting 1 genome record [================================================] 100% 1/1
Downloading: ncbi_dataset.zip    17.4MB 6.76MB/s
[1A[2K[1A[2KCollecting 1 genome record [================================================] 100% 1/1
Downloading: ncbi_dataset.zip    17.4MB 6.54MB/s
[1A[2K[1A[2KCollecting 1 genome record [================================================] 100% 1/1
Downloading: ncbi_dataset.zip    17.4MB 6.54MB/s
[1A[2K[1A[2KCollecting 1 genome record [================================================] 100% 1/1
Downloading: ncbi_dataset.zip    17.4MB 6.54MB/s
[1A[2K[1A[2KCollecting 1 genome record [================================================] 100% 1/1
Downloading: ncbi_dataset.zip    17.4MB 6.54MB/s
[1A[2K[1A[2KCollecting 1 genome record [================================================] 100% 1/1
Downloading: ncbi_dataset.zip    17.4MB 6.54MB/s
[1A[2K[1A[2KCollecting 1 genome record [================================================] 100% 1/1
Downloading: ncbi_dataset.zip    17.4MB 6.54MB/s
[1A[2K[1A[2KCollecting 1 genome record [================================================] 100% 1/1
Downloading: ncbi_dataset.zip    17.4MB 6.54MB/s
[1A[2K[1A[2KCollecting 1 genome record [================================================] 100% 1/1
Downloading: ncbi_dataset.zip    17.4MB 6.54MB/s
[1A[2K[1A[2KCollecting 1 genome record [================================================] 100% 1/1
Downloading: ncbi_dataset.zip    17.4MB 6.54MB/s
[1A[2K[1A[2KCollecting 1 genome record [================================================] 100% 1/1
Downloading: ncbi_dataset.zip    17.4MB 6.54MB/s
[1A[2K[1A[2KCollecting 1 genome record [================================================] 100% 1/1
Downloading: ncbi_dataset.zip    17.4MB 6.54MB/s
[1A[2K[1A[2KCollecting 1 genome record [================================================] 100% 1/1
Downloading: ncbi_dataset.zip    17.4MB 6.54MB/s
[1A[2K[1A[2KCollecting 1 genome record [================================================] 100% 1/1
Downloading: ncbi_dataset.zip    17.4MB 6.54MB/s
[1A[2K[1A[2KCollecting 1 genome record [================================================] 100% 1/1
Downloading: ncbi_dataset.zip    17.4MB 6.54MB/s
[1A[2K[1A[2KCollecting 1 genome record [================================================] 100% 1/1
Downloading: ncbi_dataset.zip    17.4MB 6.54MB/s
[1A[2K[1A[2KCollecting 1 genome record [================================================] 100% 1/1
Downloading: ncbi_dataset.zip    17.4MB 6.54MB/s
[1A[2K[1A[2KCollecting 1 genome record [================================================] 100% 1/1
Downloading: ncbi_dataset.zip    17.4MB 6.54MB/s
[1A[2K[1A[2KCollecting 1 genome record [================================================] 100% 1/1
Downloading: ncbi_dataset.zip    17.5MB 6.15MB/s
[1A[2K[1A[2KCollecting 1 genome record [================================================] 100% 1/1
Downloading: ncbi_dataset.zip    17.6MB 6.17MB/s
[1A[2K[1A[2KCollecting 1 genome record [================================================] 100% 1/1
Downloading: ncbi_dataset.zip    17.8MB 6.19MB/s
[1A[2K[1A[2KCollecting 1 genome record [================================================] 100% 1/1
Downloading: ncbi_dataset.zip    17.8MB 6.2MB/s
[1A[2K[1A[2KCollecting 1 genome record [================================================] 100% 1/1
Downloading: ncbi_dataset.zip    17.8MB 6.2MB/s
[1A[2K[1A[2KCollecting 1 genome record [================================================] 100% 1/1
Downloading: ncbi_dataset.zip    17.9MB 6.18MB/s
[1A[2K[1A[2KCollecting 1 genome record [================================================] 100% 1/1
Downloading: ncbi_dataset.zip    18.1MB 6.24MB/s
[1A[2K[1A[2KCollecting 1 genome record [================================================] 100% 1/1
Downloading: ncbi_dataset.zip    18.1MB 6.24MB/s
[1A[2K[1A[2KCollecting 1 genome record [================================================] 100% 1/1
Downloading: ncbi_dataset.zip    18.4MB 6.3MB/s
[1A[2K[1A[2KCollecting 1 genome record [================================================] 100% 1/1
Downloading: ncbi_dataset.zip    18.6MB 6.33MB/s
[1A[2K[1A[2KCollecting 1 genome record [================================================] 100% 1/1
Downloading: ncbi_dataset.zip    18.7MB 6.34MB/s
[1A[2K[1A[2KCollecting 1 genome record [================================================] 100% 1/1
Downloading: ncbi_dataset.zip    19MB 6.42MB/s
[1A[2K[1A[2KCollecting 1 genome record [================================================] 100% 1/1
Downloading: ncbi_dataset.zip    19.2MB 6.46MB/s
[1A[2K[1A[2KCollecting 1 genome record [================================================] 100% 1/1
Downloading: ncbi_dataset.zip    19.3MB 6.49MB/s
[1A[2K[1A[2KCollecting 1 genome record [================================================] 100% 1/1
Downloading: ncbi_dataset.zip    19.5MB 6.51MB/s
[1A[2K[1A[2KCollecting 1 genome record [================================================] 100% 1/1
Downloading: ncbi_dataset.zip    19.6MB 6.53MB/s
[1A[2K[1A[2KCollecting 1 genome record [================================================] 100% 1/1
Downloading: ncbi_dataset.zip    19.8MB 6.55MB/s
[1A[2K[1A[2KCollecting 1 genome record [================================================] 100% 1/1
Downloading: ncbi_dataset.zip    19.9MB 6.57MB/s
[1A[2K[1A[2KCollecting 1 genome record [================================================] 100% 1/1
Downloading: ncbi_dataset.zip    20MB 6.59MB/s
[1A[2K[1A[2KCollecting 1 genome record [================================================] 100% 1/1
Downloading: ncbi_dataset.zip    20.2MB 6.62MB/s
[1A[2K[1A[2KCollecting 1 genome record [================================================] 100% 1/1
Downloading: ncbi_dataset.zip    20.3MB 6.65MB/s
[1A[2K[1A[2KCollecting 1 genome record [================================================] 100% 1/1
Downloading: ncbi_dataset.zip    20.4MB 6.67MB/s
[1A[2K[1A[2KCollecting 1 genome record [================================================] 100% 1/1
Downloading: ncbi_dataset.zip    20.6MB 6.7MB/s
[1A[2K[1A[2KCollecting 1 genome record [================================================] 100% 1/1
Downloading: ncbi_dataset.zip    20.7MB 6.72MB/s
[1A[2K[1A[2KCollecting 1 genome record [================================================] 100% 1/1
Downloading: ncbi_dataset.zip    20.9MB 6.75MB/s
[1A[2K[1A[2KCollecting 1 genome record [================================================] 100% 1/1
Downloading: ncbi_dataset.zip    21.1MB 6.77MB/s
[1A[2K[1A[2KCollecting 1 genome record [================================================] 100% 1/1
Downloading: ncbi_dataset.zip    21.2MB 6.8MB/s
[1A[2K[1A[2KCollecting 1 genome record [================================================] 100% 1/1
Downloading: ncbi_dataset.zip    21.3MB 6.82MB/s
[1A[2K[1A[2KCollecting 1 genome record [================================================] 100% 1/1
Downloading: ncbi_dataset.zip    21.5MB 6.86MB/s
[1A[2K[1A[2KCollecting 1 genome record [================================================] 100% 1/1
Downloading: ncbi_dataset.zip    21.7MB 6.9MB/s
[1A[2K[1A[2KCollecting 1 genome record [================================================] 100% 1/1
Downloading: ncbi_dataset.zip    21.9MB 6.93MB/s
[1A[2K[1A[2KCollecting 1 genome record [================================================] 100% 1/1
Downloading: ncbi_dataset.zip    22.1MB 6.96MB/s
[1A[2K[1A[2KCollecting 1 genome record [================================================] 100% 1/1
Downloading: ncbi_dataset.zip    22.2MB 6.98MB/s
[1A[2K[1A[2KCollecting 1 genome record [================================================] 100% 1/1
Downloading: ncbi_dataset.zip    22.3MB 7MB/s
[1A[2K[1A[2KCollecting 1 genome record [================================================] 100% 1/1
Downloading: ncbi_dataset.zip    22.5MB 7.03MB/s
[1A[2K[1A[2KCollecting 1 genome record [================================================] 100% 1/1
Downloading: ncbi_dataset.zip    22.6MB 7.05MB/s
[1A[2K[1A[2KCollecting 1 genome record [================================================] 100% 1/1
Downloading: ncbi_dataset.zip    22.8MB 7.07MB/s
[1A[2K[1A[2KCollecting 1 genome record [================================================] 100% 1/1
Downloading: ncbi_dataset.zip    22.9MB 7.1MB/s
[1A[2K[1A[2KCollecting 1 genome record [================================================] 100% 1/1
Downloading: ncbi_dataset.zip    23.1MB 7.14MB/s
[1A[2K[1A[2KCollecting 1 genome record [================================================] 100% 1/1
Downloading: ncbi_dataset.zip    23.3MB 7.16MB/s
[1A[2K[1A[2KCollecting 1 genome record [================================================] 100% 1/1
Downloading: ncbi_dataset.zip    23.5MB 7.19MB/s
[1A[2K[1A[2KCollecting 1 genome record [================================================] 100% 1/1
Downloading: ncbi_dataset.zip    23.6MB 7.21MB/s
[1A[2K[1A[2KCollecting 1 genome record [================================================] 100% 1/1
Downloading: ncbi_dataset.zip    23.7MB 7.22MB/s
[1A[2K[1A[2KCollecting 1 genome record [================================================] 100% 1/1
Downloading: ncbi_dataset.zip    23.7MB 7.22MB/s
[1A[2K[1A[2KCollecting 1 genome record [================================================] 100% 1/1
Downloading: ncbi_dataset.zip    23.7MB 7.22MB/s
[1A[2K[1A[2KCollecting 1 genome record [================================================] 100% 1/1
Downloading: ncbi_dataset.zip    23.7MB 7.22MB/s
[1A[2K[1A[2KCollecting 1 genome record [================================================] 100% 1/1
Downloading: ncbi_dataset.zip    23.7MB 7.22MB/s
[1A[2K[1A[2KCollecting 1 genome record [================================================] 100% 1/1
Downloading: ncbi_dataset.zip    23.7MB 7.22MB/s
[1A[2K[1A[2KCollecting 1 genome record [================================================] 100% 1/1
Downloading: ncbi_dataset.zip    23.7MB 7.22MB/s
[1A[2K[1A[2KCollecting 1 genome record [================================================] 100% 1/1
Downloading: ncbi_dataset.zip    23.7MB 7.22MB/s
[1A[2K[1A[2KCollecting 1 genome record [================================================] 100% 1/1
Downloading: ncbi_dataset.zip    23.7MB 7.22MB/s
[1A[2K[1A[2KCollecting 1 genome record [================================================] 100% 1/1
Downloading: ncbi_dataset.zip    23.7MB 7.22MB/s
[1A[2K[1A[2KCollecting 1 genome record [================================================] 100% 1/1
Downloading: ncbi_dataset.zip    23.7MB 7.22MB/s
[1A[2K[1A[2KCollecting 1 genome record [================================================] 100% 1/1
Downloading: ncbi_dataset.zip    23.7MB 7.22MB/s
[1A[2K[1A[2KCollecting 1 genome record [================================================] 100% 1/1
Downloading: ncbi_dataset.zip    23.7MB 7.22MB/s
[1A[2K[1A[2KCollecting 1 genome record [================================================] 100% 1/1
Downloading: ncbi_dataset.zip    23.7MB 7.22MB/s
[1A[2K[1A[2KCollecting 1 genome record [================================================] 100% 1/1
Downloading: ncbi_dataset.zip    23.7MB 7.22MB/s
[1A[2K[1A[2KCollecting 1 genome record [================================================] 100% 1/1
Downloading: ncbi_dataset.zip    23.7MB 7.22MB/s
[1A[2K[1A[2KCollecting 1 genome record [================================================] 100% 1/1
Downloading: ncbi_dataset.zip    23.7MB 7.22MB/s
[1A[2K[1A[2KCollecting 1 genome record [================================================] 100% 1/1
Downloading: ncbi_dataset.zip    23.7MB 7.22MB/s
[1A[2K[1A[2KCollecting 1 genome record [================================================] 100% 1/1
Downloading: ncbi_dataset.zip    23.7MB 7.22MB/s
[1A[2K[1A[2KCollecting 1 genome record [================================================] 100% 1/1
Downloading: ncbi_dataset.zip    23.7MB 7.22MB/s
[1A[2K[1A[2KCollecting 1 genome record [================================================] 100% 1/1
Downloading: ncbi_dataset.zip    23.7MB 7.22MB/s
[1A[2K[1A[2KCollecting 1 genome record [================================================] 100% 1/1
Downloading: ncbi_dataset.zip    23.7MB 7.22MB/s
[1A[2K[1A[2KCollecting 1 genome record [================================================] 100% 1/1
Downloading: ncbi_dataset.zip    23.7MB 7.22MB/s
[1A[2K[1A[2KCollecting 1 genome record [================================================] 100% 1/1
Downloading: ncbi_dataset.zip    23.7MB 7.22MB/s
[1A[2K[1A[2KCollecting 1 genome record [================================================] 100% 1/1
Downloading: ncbi_dataset.zip    23.7MB 7.22MB/s
[1A[2K[1A[2KCollecting 1 genome record [================================================] 100% 1/1
Downloading: ncbi_dataset.zip    23.7MB 7.22MB/s
[1A[2K[1A[2KCollecting 1 genome record [================================================] 100% 1/1
Downloading: ncbi_dataset.zip    23.7MB 7.22MB/s
[1A[2K[1A[2KCollecting 1 genome record [================================================] 100% 1/1
Downloading: ncbi_dataset.zip    23.7MB 6.67MB/s
[1A[2K[1A[2KCollecting 1 genome record [================================================] 100% 1/1
Downloading: ncbi_dataset.zip    24MB 6.71MB/s
[1A[2K[1A[2KCollecting 1 genome record [================================================] 100% 1/1
Downloading: ncbi_dataset.zip    24MB 6.71MB/s
[1A[2K[1A[2KCollecting 1 genome record [================================================] 100% 1/1
Downloading: ncbi_dataset.zip    24.2MB 6.72MB/s
[1A[2K[1A[2KCollecting 1 genome record [================================================] 100% 1/1
Downloading: ncbi_dataset.zip    24.3MB 6.77MB/s
[1A[2K[1A[2KCollecting 1 genome record [================================================] 100% 1/1
Downloading: ncbi_dataset.zip    24.5MB 6.78MB/s
[1A[2K[1A[2KCollecting 1 genome record [================================================] 100% 1/1
Downloading: ncbi_dataset.zip    24.6MB 6.79MB/s
[1A[2K[1A[2KCollecting 1 genome record [================================================] 100% 1/1
Downloading: ncbi_dataset.zip    24.7MB 6.8MB/s
[1A[2K[1A[2KCollecting 1 genome record [================================================] 100% 1/1
Downloading: ncbi_dataset.zip    24.8MB 6.81MB/s
[1A[2K[1A[2KCollecting 1 genome record [================================================] 100% 1/1
Downloading: ncbi_dataset.zip    24.9MB 6.82MB/s
[1A[2K[1A[2KCollecting 1 genome record [================================================] 100% 1/1
Downloading: ncbi_dataset.zip    24.9MB 6.82MB/s
[1A[2K[1A[2KCollecting 1 genome record [================================================] 100% 1/1
Downloading: ncbi_dataset.zip    25.1MB 6.85MB/s
[1A[2K[1A[2KCollecting 1 genome record [================================================] 100% 1/1
Downloading: ncbi_dataset.zip    25.3MB 6.86MB/s
[1A[2K[1A[2KCollecting 1 genome record [================================================] 100% 1/1
Downloading: ncbi_dataset.zip    25.4MB 6.88MB/s
[1A[2K[1A[2KCollecting 1 genome record [================================================] 100% 1/1
Downloading: ncbi_dataset.zip    25.6MB 6.9MB/s
[1A[2K[1A[2KCollecting 1 genome record [================================================] 100% 1/1
Downloading: ncbi_dataset.zip    25.7MB 6.91MB/s
[1A[2K[1A[2KCollecting 1 genome record [================================================] 100% 1/1
Downloading: ncbi_dataset.zip    25.8MB 6.92MB/s
[1A[2K[1A[2KCollecting 1 genome record [================================================] 100% 1/1
Downloading: ncbi_dataset.zip    25.9MB 6.93MB/s
[1A[2K[1A[2KCollecting 1 genome record [================================================] 100% 1/1
Downloading: ncbi_dataset.zip    26MB 6.94MB/s
[1A[2K[1A[2KCollecting 1 genome record [================================================] 100% 1/1
Downloading: ncbi_dataset.zip    26.1MB 6.95MB/s
[1A[2K[1A[2KCollecting 1 genome record [================================================] 100% 1/1
Downloading: ncbi_dataset.zip    26.2MB 6.96MB/s
[1A[2K[1A[2KCollecting 1 genome record [================================================] 100% 1/1
Downloading: ncbi_dataset.zip    26.3MB 6.98MB/s
[1A[2K[1A[2KCollecting 1 genome record [================================================] 100% 1/1
Downloading: ncbi_dataset.zip    26.4MB 6.99MB/s
[1A[2K[1A[2KCollecting 1 genome record [================================================] 100% 1/1
Downloading: ncbi_dataset.zip    26.6MB 7.01MB/s
[1A[2K[1A[2KCollecting 1 genome record [================================================] 100% 1/1
Downloading: ncbi_dataset.zip    26.7MB 7.02MB/s
[1A[2K[1A[2KCollecting 1 genome record [================================================] 100% 1/1
Downloading: ncbi_dataset.zip    26.8MB 7.03MB/s
[1A[2K[1A[2KCollecting 1 genome record [================================================] 100% 1/1
Downloading: ncbi_dataset.zip    27MB 7.05MB/s
[1A[2K[1A[2KCollecting 1 genome record [================================================] 100% 1/1
Downloading: ncbi_dataset.zip    27.1MB 7.07MB/s
[1A[2K[1A[2KCollecting 1 genome record [================================================] 100% 1/1
Downloading: ncbi_dataset.zip    27.3MB 7.1MB/s
[1A[2K[1A[2KCollecting 1 genome record [================================================] 100% 1/1
Downloading: ncbi_dataset.zip    27.5MB 7.13MB/s
[1A[2K[1A[2KCollecting 1 genome record [================================================] 100% 1/1
Downloading: ncbi_dataset.zip    27.7MB 7.15MB/s
[1A[2K[1A[2KCollecting 1 genome record [================================================] 100% 1/1
Downloading: ncbi_dataset.zip    27.8MB 7.17MB/s
[1A[2K[1A[2KCollecting 1 genome record [================================================] 100% 1/1
Downloading: ncbi_dataset.zip    28MB 7.2MB/s
[1A[2K[1A[2KCollecting 1 genome record [================================================] 100% 1/1
Downloading: ncbi_dataset.zip    28MB 7.2MB/s
[1A[2K[1A[2KCollecting 1 genome record [================================================] 100% 1/1
Downloading: ncbi_dataset.zip    28MB 7.2MB/s
[1A[2K[1A[2KCollecting 1 genome record [================================================] 100% 1/1
Downloading: ncbi_dataset.zip    28.3MB 7.22MB/s
[1A[2K[1A[2KCollecting 1 genome record [================================================] 100% 1/1
Downloading: ncbi_dataset.zip    28.4MB 7.22MB/s
[1A[2K[1A[2KCollecting 1 genome record [================================================] 100% 1/1
Downloading: ncbi_dataset.zip    28.5MB 7.23MB/s
[1A[2K[1A[2KCollecting 1 genome record [================================================] 100% 1/1
Downloading: ncbi_dataset.zip    28.6MB 7.23MB/s
[1A[2K[1A[2KCollecting 1 genome record [================================================] 100% 1/1
Downloading: ncbi_dataset.zip    28.6MB 7.23MB/s
[1A[2K[1A[2KCollecting 1 genome record [================================================] 100% 1/1
Downloading: ncbi_dataset.zip    28.8MB 7.24MB/s
[1A[2K[1A[2KCollecting 1 genome record [================================================] 100% 1/1
Downloading: ncbi_dataset.zip    28.9MB 7.27MB/s
[1A[2K[1A[2KCollecting 1 genome record [================================================] 100% 1/1
Downloading: ncbi_dataset.zip    29MB 7.27MB/s
[1A[2K[1A[2KCollecting 1 genome record [================================================] 100% 1/1
Downloading: ncbi_dataset.zip    29.1MB 7.27MB/s
[1A[2K[1A[2KCollecting 1 genome record [================================================] 100% 1/1
Downloading: ncbi_dataset.zip    29.1MB 7.27MB/s
[1A[2K[1A[2KCollecting 1 genome record [================================================] 100% 1/1
Downloading: ncbi_dataset.zip    29.3MB 7.29MB/s
[1A[2K[1A[2KCollecting 1 genome record [================================================] 100% 1/1
Downloading: ncbi_dataset.zip    29.3MB 7.29MB/s
[1A[2K[1A[2KCollecting 1 genome record [================================================] 100% 1/1
Downloading: ncbi_dataset.zip    29.4MB 7.26MB/s
[1A[2K[1A[2KCollecting 1 genome record [================================================] 100% 1/1
Downloading: ncbi_dataset.zip    29.5MB 7.26MB/s
[1A[2K[1A[2KCollecting 1 genome record [================================================] 100% 1/1
Downloading: ncbi_dataset.zip    29.5MB 7.26MB/s
[1A[2K[1A[2KCollecting 1 genome record [================================================] 100% 1/1
Downloading: ncbi_dataset.zip    29.5MB 7.26MB/s
[1A[2K[1A[2KCollecting 1 genome record [================================================] 100% 1/1
Downloading: ncbi_dataset.zip    29.5MB 7.26MB/s
[1A[2K[1A[2KCollecting 1 genome record [================================================] 100% 1/1
Downloading: ncbi_dataset.zip    29.8MB 7.27MB/s
[1A[2K[1A[2KCollecting 1 genome record [================================================] 100% 1/1
Downloading: ncbi_dataset.zip    29.9MB 7.28MB/s
[1A[2K[1A[2KCollecting 1 genome record [================================================] 100% 1/1
Downloading: ncbi_dataset.zip    30.1MB 7.31MB/s
[1A[2K[1A[2KCollecting 1 genome record [================================================] 100% 1/1
Downloading: ncbi_dataset.zip    30.2MB 7.32MB/s
[1A[2K[1A[2KCollecting 1 genome record [================================================] 100% 1/1
Downloading: ncbi_dataset.zip    30.4MB 7.34MB/s
[1A[2K[1A[2KCollecting 1 genome record [================================================] 100% 1/1
Downloading: ncbi_dataset.zip    30.5MB 7.35MB/s
[1A[2K[1A[2KCollecting 1 genome record [================================================] 100% 1/1
Downloading: ncbi_dataset.zip    30.6MB 7.37MB/s
[1A[2K[1A[2KCollecting 1 genome record [================================================] 100% 1/1
Downloading: ncbi_dataset.zip    30.8MB 7.38MB/s
[1A[2K[1A[2KCollecting 1 genome record [================================================] 100% 1/1
Downloading: ncbi_dataset.zip    30.8MB 7.39MB/s
[1A[2K[1A[2KCollecting 1 genome record [================================================] 100% 1/1
Downloading: ncbi_dataset.zip    30.8MB 7.39MB/s
[1A[2K[1A[2KCollecting 1 genome record [================================================] 100% 1/1
Downloading: ncbi_dataset.zip    30.8MB 7.39MB/s
[1A[2K[1A[2KCollecting 1 genome record [================================================] 100% 1/1
Downloading: ncbi_dataset.zip    30.8MB 7.39MB/s
[1A[2K[1A[2KCollecting 1 genome record [================================================] 100% 1/1
Downloading: ncbi_dataset.zip    30.8MB 7.39MB/s
[1A[2K[1A[2KCollecting 1 genome record [================================================] 100% 1/1
Downloading: ncbi_dataset.zip    30.8MB 7.39MB/s
[1A[2K[1A[2KCollecting 1 genome record [================================================] 100% 1/1
Downloading: ncbi_dataset.zip    30.9MB 7.29MB/s
[1A[2K[1A[2KCollecting 1 genome record [================================================] 100% 1/1
Downloading: ncbi_dataset.zip    31MB 7.29MB/s
[1A[2K[1A[2KCollecting 1 genome record [================================================] 100% 1/1
Downloading: ncbi_dataset.zip    31MB 7.28MB/s
[1A[2K[1A[2KCollecting 1 genome record [================================================] 100% 1/1
Downloading: ncbi_dataset.zip    31.1MB 7.29MB/s
[1A[2K[1A[2KCollecting 1 genome record [================================================] 100% 1/1
Downloading: ncbi_dataset.zip    31.2MB 7.27MB/s
[1A[2K[1A[2KCollecting 1 genome record [================================================] 100% 1/1
Downloading: ncbi_dataset.zip    31.4MB 7.32MB/s
[1A[2K[1A[2KCollecting 1 genome record [================================================] 100% 1/1
Downloading: ncbi_dataset.zip    31.6MB 7.33MB/s
[1A[2K[1A[2KCollecting 1 genome record [================================================] 100% 1/1
Downloading: ncbi_dataset.zip    31.7MB 7.34MB/s
[1A[2K[1A[2KCollecting 1 genome record [================================================] 100% 1/1
Downloading: ncbi_dataset.zip    31.8MB 7.34MB/s
[1A[2K[1A[2KCollecting 1 genome record [================================================] 100% 1/1
Downloading: ncbi_dataset.zip    31.9MB 7.35MB/s
[1A[2K[1A[2KCollecting 1 genome record [================================================] 100% 1/1
Downloading: ncbi_dataset.zip    31.9MB 7.35MB/s
[1A[2K[1A[2KCollecting 1 genome record [================================================] 100% 1/1
Downloading: ncbi_dataset.zip    32MB 7.36MB/s
[1A[2K[1A[2KCollecting 1 genome record [================================================] 100% 1/1
Downloading: ncbi_dataset.zip    32MB 7.36MB/s
[1A[2K[1A[2KCollecting 1 genome record [================================================] 100% 1/1
Downloading: ncbi_dataset.zip    32MB 7.36MB/s
[1A[2K[1A[2KCollecting 1 genome record [================================================] 100% 1/1
Downloading: ncbi_dataset.zip    32MB 7.36MB/s
[1A[2K[1A[2KCollecting 1 genome record [================================================] 100% 1/1
Downloading: ncbi_dataset.zip    32MB 7.36MB/s
[1A[2K[1A[2KCollecting 1 genome record [================================================] 100% 1/1
Downloading: ncbi_dataset.zip    32MB 7.36MB/s
[1A[2K[1A[2KCollecting 1 genome record [================================================] 100% 1/1
Downloading: ncbi_dataset.zip    32.1MB 7.28MB/s
[1A[2K[1A[2KCollecting 1 genome record [================================================] 100% 1/1
Downloading: ncbi_dataset.zip    32.3MB 7.29MB/s
[1A[2K[1A[2KCollecting 1 genome record [================================================] 100% 1/1
Downloading: ncbi_dataset.zip    32.5MB 7.31MB/s
[1A[2K[1A[2KCollecting 1 genome record [================================================] 100% 1/1
Downloading: ncbi_dataset.zip    32.5MB 7.32MB/s
[1A[2K[1A[2KCollecting 1 genome record [================================================] 100% 1/1
Downloading: ncbi_dataset.zip    32.6MB 7.32MB/s
[1A[2K[1A[2KCollecting 1 genome record [================================================] 100% 1/1
Downloading: ncbi_dataset.zip    32.9MB 7.36MB/s
[1A[2K[1A[2KCollecting 1 genome record [================================================] 100% 1/1
Downloading: ncbi_dataset.zip    33.1MB 7.38MB/s
[1A[2K[1A[2KCollecting 1 genome record [================================================] 100% 1/1
Downloading: ncbi_dataset.zip    33.2MB 7.38MB/s
[1A[2K[1A[2KCollecting 1 genome record [================================================] 100% 1/1
Downloading: ncbi_dataset.zip    33.2MB 7.38MB/s
[1A[2K[1A[2KCollecting 1 genome record [================================================] 100% 1/1
Downloading: ncbi_dataset.zip    33.2MB 7.38MB/s
[1A[2K[1A[2KCollecting 1 genome record [================================================] 100% 1/1
Downloading: ncbi_dataset.zip    33.2MB 7.38MB/s
[1A[2K[1A[2KCollecting 1 genome record [================================================] 100% 1/1
Downloading: ncbi_dataset.zip    33.2MB 7.38MB/s
[1A[2K[1A[2KCollecting 1 genome record [================================================] 100% 1/1
Downloading: ncbi_dataset.zip    33.2MB 7.38MB/s
[1A[2K[1A[2KCollecting 1 genome record [================================================] 100% 1/1
Downloading: ncbi_dataset.zip    33.2MB 7.38MB/s
[1A[2K[1A[2KCollecting 1 genome record [================================================] 100% 1/1
Downloading: ncbi_dataset.zip    33.2MB 7.38MB/s
[1A[2K[1A[2KCollecting 1 genome record [================================================] 100% 1/1
Downloading: ncbi_dataset.zip    33.2MB 7.38MB/s
[1A[2K[1A[2KCollecting 1 genome record [================================================] 100% 1/1
Downloading: ncbi_dataset.zip    33.2MB 7.24MB/s
[1A[2K[1A[2KCollecting 1 genome record [================================================] 100% 1/1
Downloading: ncbi_dataset.zip    33.3MB 7.24MB/s
[1A[2K[1A[2KCollecting 1 genome record [================================================] 100% 1/1
Downloading: ncbi_dataset.zip    33.4MB 7.25MB/s
[1A[2K[1A[2KCollecting 1 genome record [================================================] 100% 1/1
Downloading: ncbi_dataset.zip    33.4MB 7.24MB/s
[1A[2K[1A[2KCollecting 1 genome record [================================================] 100% 1/1
Downloading: ncbi_dataset.zip    33.7MB 7.28MB/s
[1A[2K[1A[2KCollecting 1 genome record [================================================] 100% 1/1
Downloading: ncbi_dataset.zip    33.8MB 7.29MB/s
[1A[2K[1A[2KCollecting 1 genome record [================================================] 100% 1/1
Downloading: ncbi_dataset.zip    34MB 7.31MB/s
[1A[2K[1A[2KCollecting 1 genome record [================================================] 100% 1/1
Downloading: ncbi_dataset.zip    34MB 7.32MB/s
[1A[2K[1A[2KCollecting 1 genome record [================================================] 100% 1/1
Downloading: ncbi_dataset.zip    34.1MB 7.3MB/s
[1A[2K[1A[2KCollecting 1 genome record [================================================] 100% 1/1
Downloading: ncbi_dataset.zip    34.2MB 7.32MB/s
[1A[2K[1A[2KCollecting 1 genome record [================================================] 100% 1/1
Downloading: ncbi_dataset.zip    34.3MB 7.33MB/s
[1A[2K[1A[2KCollecting 1 genome record [================================================] 100% 1/1
Downloading: ncbi_dataset.zip    34.3MB 7.33MB/s
[1A[2K[1A[2KCollecting 1 genome record [================================================] 100% 1/1
Downloading: ncbi_dataset.zip    34.3MB 7.33MB/s
[1A[2K[1A[2KCollecting 1 genome record [================================================] 100% 1/1
Downloading: ncbi_dataset.zip    34.3MB 7.33MB/s
[1A[2K[1A[2KCollecting 1 genome record [================================================] 100% 1/1
Downloading: ncbi_dataset.zip    34.3MB 7.33MB/s
[1A[2K[1A[2KCollecting 1 genome record [================================================] 100% 1/1
Downloading: ncbi_dataset.zip    34.3MB 7.33MB/s
[1A[2K[1A[2KCollecting 1 genome record [================================================] 100% 1/1
Downloading: ncbi_dataset.zip    34.3MB 7.33MB/s
[1A[2K[1A[2KCollecting 1 genome record [================================================] 100% 1/1
Downloading: ncbi_dataset.zip    34.4MB 7.22MB/s
[1A[2K[1A[2KCollecting 1 genome record [================================================] 100% 1/1
Downloading: ncbi_dataset.zip    34.5MB 7.23MB/s
[1A[2K[1A[2KCollecting 1 genome record [================================================] 100% 1/1
Downloading: ncbi_dataset.zip    34.6MB 7.24MB/s
[1A[2K[1A[2KCollecting 1 genome record [================================================] 100% 1/1
Downloading: ncbi_dataset.zip    34.6MB 7.24MB/s
[1A[2K[1A[2KCollecting 1 genome record [================================================] 100% 1/1
Downloading: ncbi_dataset.zip    34.7MB 7.22MB/s
[1A[2K[1A[2KCollecting 1 genome record [================================================] 100% 1/1
Downloading: ncbi_dataset.zip    35MB 7.27MB/s
[1A[2K[1A[2KCollecting 1 genome record [================================================] 100% 1/1
Downloading: ncbi_dataset.zip    35.1MB 7.28MB/s
[1A[2K[1A[2KCollecting 1 genome record [================================================] 100% 1/1
Downloading: ncbi_dataset.zip    35.2MB 7.29MB/s
[1A[2K[1A[2KCollecting 1 genome record [================================================] 100% 1/1
Downloading: ncbi_dataset.zip    35.4MB 7.3MB/s
[1A[2K[1A[2KCollecting 1 genome record [================================================] 100% 1/1
Downloading: ncbi_dataset.zip    35.5MB 7.31MB/s
[1A[2K[1A[2KCollecting 1 genome record [================================================] 100% 1/1
Downloading: ncbi_dataset.zip    35.6MB 7.32MB/s
[1A[2K[1A[2KCollecting 1 genome record [================================================] 100% 1/1
Downloading: ncbi_dataset.zip    35.6MB 7.32MB/s
[1A[2K[1A[2KCollecting 1 genome record [================================================] 100% 1/1
Downloading: ncbi_dataset.zip    35.6MB 7.32MB/s
[1A[2K[1A[2KCollecting 1 genome record [================================================] 100% 1/1
Downloading: ncbi_dataset.zip    35.6MB 7.32MB/s
[1A[2K[1A[2KCollecting 1 genome record [================================================] 100% 1/1
Downloading: ncbi_dataset.zip    35.6MB 7.32MB/s
[1A[2K[1A[2KCollecting 1 genome record [================================================] 100% 1/1
Downloading: ncbi_dataset.zip    35.6MB 7.32MB/s
[1A[2K[1A[2KCollecting 1 genome record [================================================] 100% 1/1
Downloading: ncbi_dataset.zip    35.6MB 7.32MB/s
[1A[2K[1A[2KCollecting 1 genome record [================================================] 100% 1/1
Downloading: ncbi_dataset.zip    35.6MB 7.21MB/s
[1A[2K[1A[2KCollecting 1 genome record [================================================] 100% 1/1
Downloading: ncbi_dataset.zip    35.6MB 7.21MB/s
[1A[2K[1A[2KCollecting 1 genome record [================================================] 100% 1/1
Downloading: ncbi_dataset.zip    35.6MB 7.21MB/s
[1A[2K[1A[2KCollecting 1 genome record [================================================] 100% 1/1
Downloading: ncbi_dataset.zip    35.6MB 7.21MB/s
[1A[2K[1A[2KCollecting 1 genome record [================================================] 100% 1/1
Downloading: ncbi_dataset.zip    35.8MB 7.2MB/s
[1A[2K[1A[2KCollecting 1 genome record [================================================] 100% 1/1
Downloading: ncbi_dataset.zip    35.9MB 7.19MB/s
[1A[2K[1A[2KCollecting 1 genome record [================================================] 100% 1/1
Downloading: ncbi_dataset.zip    36MB 7.21MB/s
[1A[2K[1A[2KCollecting 1 genome record [================================================] 100% 1/1
Downloading: ncbi_dataset.zip    36MB 7.21MB/s
[1A[2K[1A[2KCollecting 1 genome record [================================================] 100% 1/1
Downloading: ncbi_dataset.zip    36.3MB 7.23MB/s
[1A[2K[1A[2KCollecting 1 genome record [================================================] 100% 1/1
Downloading: ncbi_dataset.zip    36.4MB 7.23MB/s
[1A[2K[1A[2KCollecting 1 genome record [================================================] 100% 1/1
Downloading: ncbi_dataset.zip    36.5MB 7.24MB/s
[1A[2K[1A[2KCollecting 1 genome record [================================================] 100% 1/1
Downloading: ncbi_dataset.zip    36.6MB 7.25MB/s
[1A[2K[1A[2KCollecting 1 genome record [================================================] 100% 1/1
Downloading: ncbi_dataset.zip    36.7MB 7.25MB/s
[1A[2K[1A[2KCollecting 1 genome record [================================================] 100% 1/1
Downloading: ncbi_dataset.zip    36.7MB 7.25MB/s
[1A[2K[1A[2KCollecting 1 genome record [================================================] 100% 1/1
Downloading: ncbi_dataset.zip    36.7MB 7.25MB/s
[1A[2K[1A[2KCollecting 1 genome record [================================================] 100% 1/1
Downloading: ncbi_dataset.zip    36.7MB 7.25MB/s
[1A[2K[1A[2KCollecting 1 genome record [================================================] 100% 1/1
Downloading: ncbi_dataset.zip    36.7MB 7.25MB/s
[1A[2K[1A[2KCollecting 1 genome record [================================================] 100% 1/1
Downloading: ncbi_dataset.zip    36.8MB 7.2MB/s
[1A[2K[1A[2KCollecting 1 genome record [================================================] 100% 1/1
Downloading: ncbi_dataset.zip    36.9MB 7.21MB/s
[1A[2K[1A[2KCollecting 1 genome record [================================================] 100% 1/1
Downloading: ncbi_dataset.zip    37MB 7.21MB/s
[1A[2K[1A[2KCollecting 1 genome record [================================================] 100% 1/1
Downloading: ncbi_dataset.zip    37.1MB 7.21MB/s
[1A[2K[1A[2KCollecting 1 genome record [================================================] 100% 1/1
Downloading: ncbi_dataset.zip    37.1MB 7.21MB/s
[1A[2K[1A[2KCollecting 1 genome record [================================================] 100% 1/1
Downloading: ncbi_dataset.zip    37.2MB 7.21MB/s
[1A[2K[1A[2KCollecting 1 genome record [================================================] 100% 1/1
Downloading: ncbi_dataset.zip    37.3MB 7.21MB/s
[1A[2K[1A[2KCollecting 1 genome record [================================================] 100% 1/1
Downloading: ncbi_dataset.zip    37.4MB 7.21MB/s
[1A[2K[1A[2KCollecting 1 genome record [================================================] 100% 1/1
Downloading: ncbi_dataset.zip    37.5MB 7.21MB/s
[1A[2K[1A[2KCollecting 1 genome record [================================================] 100% 1/1
Downloading: ncbi_dataset.zip    37.6MB 7.22MB/s
[1A[2K[1A[2KCollecting 1 genome record [================================================] 100% 1/1
Downloading: ncbi_dataset.zip    37.6MB 7.22MB/s
[1A[2K[1A[2KCollecting 1 genome record [================================================] 100% 1/1
Downloading: ncbi_dataset.zip    37.7MB 7.22MB/s
[1A[2K[1A[2KCollecting 1 genome record [================================================] 100% 1/1
Downloading: ncbi_dataset.zip    37.8MB 7.22MB/s
[1A[2K[1A[2KCollecting 1 genome record [================================================] 100% 1/1
Downloading: ncbi_dataset.zip    37.9MB 7.22MB/s
[1A[2K[1A[2KCollecting 1 genome record [================================================] 100% 1/1
Downloading: ncbi_dataset.zip    38MB 7.23MB/s
[1A[2K[1A[2KCollecting 1 genome record [================================================] 100% 1/1
Downloading: ncbi_dataset.zip    38MB 7.23MB/s
[1A[2K[1A[2KCollecting 1 genome record [================================================] 100% 1/1
Downloading: ncbi_dataset.zip    38MB 7.23MB/s
[1A[2K[1A[2KCollecting 1 genome record [================================================] 100% 1/1
Downloading: ncbi_dataset.zip    38MB 7.2MB/s
[1A[2K[1A[2KCollecting 1 genome record [================================================] 100% 1/1
Downloading: ncbi_dataset.zip    38.2MB 7.21MB/s
[1A[2K[1A[2KCollecting 1 genome record [================================================] 100% 1/1
Downloading: ncbi_dataset.zip    38.3MB 7.22MB/s
[1A[2K[1A[2KCollecting 1 genome record [================================================] 100% 1/1
Downloading: ncbi_dataset.zip    38.5MB 7.23MB/s
[1A[2K[1A[2KCollecting 1 genome record [================================================] 100% 1/1
Downloading: ncbi_dataset.zip    38.6MB 7.24MB/s
[1A[2K[1A[2KCollecting 1 genome record [================================================] 100% 1/1
Downloading: ncbi_dataset.zip    38.8MB 7.26MB/s
[1A[2K[1A[2KCollecting 1 genome record [================================================] 100% 1/1
Downloading: ncbi_dataset.zip    39MB 7.28MB/s
[1A[2K[1A[2KCollecting 1 genome record [================================================] 100% 1/1
Downloading: ncbi_dataset.zip    39.2MB 7.31MB/s
[1A[2K[1A[2KCollecting 1 genome record [================================================] 100% 1/1
Downloading: ncbi_dataset.zip    39.2MB 7.31MB/s
[1A[2K[1A[2KCollecting 1 genome record [================================================] 100% 1/1
Downloading: ncbi_dataset.zip    39.2MB 7.31MB/s
[1A[2K[1A[2KCollecting 1 genome record [================================================] 100% 1/1
Downloading: ncbi_dataset.zip    39.2MB 7.31MB/s
[1A[2K[1A[2KCollecting 1 genome record [================================================] 100% 1/1
Downloading: ncbi_dataset.zip    39.2MB 7.31MB/s
[1A[2K[1A[2KCollecting 1 genome record [================================================] 100% 1/1
Downloading: ncbi_dataset.zip    39.2MB 7.31MB/s
[1A[2K[1A[2KCollecting 1 genome record [================================================] 100% 1/1
Downloading: ncbi_dataset.zip    39.2MB 7.31MB/s
[1A[2K[1A[2KCollecting 1 genome record [================================================] 100% 1/1
Downloading: ncbi_dataset.zip    39.2MB 7.31MB/s
[1A[2K[1A[2KCollecting 1 genome record [================================================] 100% 1/1
Downloading: ncbi_dataset.zip    39.2MB 7.31MB/s
[1A[2K[1A[2KCollecting 1 genome record [================================================] 100% 1/1
Downloading: ncbi_dataset.zip    39.2MB 7.31MB/s
[1A[2K[1A[2KCollecting 1 genome record [================================================] 100% 1/1
Downloading: ncbi_dataset.zip    39.4MB 7.21MB/s
[1A[2K[1A[2KCollecting 1 genome record [================================================] 100% 1/1
Downloading: ncbi_dataset.zip    39.7MB 7.25MB/s
[1A[2K[1A[2KCollecting 1 genome record [================================================] 100% 1/1
Downloading: ncbi_dataset.zip    40MB 7.3MB/s
[1A[2K[1A[2KCollecting 1 genome record [================================================] 100% 1/1
Downloading: ncbi_dataset.zip    40.1MB 7.31MB/s
[1A[2K[1A[2KCollecting 1 genome record [================================================] 100% 1/1
Downloading: ncbi_dataset.zip    40.4MB 7.35MB/s
[1A[2K[1A[2KCollecting 1 genome record [================================================] 100% 1/1
Downloading: ncbi_dataset.zip    40.4MB 7.35MB/s
[1A[2K[1A[2KCollecting 1 genome record [================================================] 100% 1/1
Downloading: ncbi_dataset.zip    40.4MB 7.35MB/s
[1A[2K[1A[2KCollecting 1 genome record [================================================] 100% 1/1
Downloading: ncbi_dataset.zip    40.4MB 7.35MB/s
[1A[2K[1A[2KCollecting 1 genome record [================================================] 100% 1/1
Downloading: ncbi_dataset.zip    40.4MB 7.35MB/s
[1A[2K[1A[2KCollecting 1 genome record [================================================] 100% 1/1
Downloading: ncbi_dataset.zip    40.4MB 7.35MB/s
[1A[2K[1A[2KCollecting 1 genome record [================================================] 100% 1/1
Downloading: ncbi_dataset.zip    40.4MB 7.35MB/s
[1A[2K[1A[2KCollecting 1 genome record [================================================] 100% 1/1
Downloading: ncbi_dataset.zip    40.4MB 7.35MB/s
[1A[2K[1A[2KCollecting 1 genome record [================================================] 100% 1/1
Downloading: ncbi_dataset.zip    40.4MB 7.35MB/s
[1A[2K[1A[2KCollecting 1 genome record [================================================] 100% 1/1
Downloading: ncbi_dataset.zip    40.4MB 7.35MB/s
[1A[2K[1A[2KCollecting 1 genome record [================================================] 100% 1/1
Downloading: ncbi_dataset.zip    40.4MB 7.35MB/s
[1A[2K[1A[2KCollecting 1 genome record [================================================] 100% 1/1
Downloading: ncbi_dataset.zip    40.4MB 7.35MB/s
[1A[2K[1A[2KCollecting 1 genome record [================================================] 100% 1/1
Downloading: ncbi_dataset.zip    40.4MB 7.35MB/s
[1A[2K[1A[2KCollecting 1 genome record [================================================] 100% 1/1
Downloading: ncbi_dataset.zip    40.7MB 7.22MB/s
[1A[2K[1A[2KCollecting 1 genome record [================================================] 100% 1/1
Downloading: ncbi_dataset.zip    41.1MB 7.27MB/s
[1A[2K[1A[2KCollecting 1 genome record [================================================] 100% 1/1
Downloading: ncbi_dataset.zip    41.3MB 7.3MB/s
[1A[2K[1A[2KCollecting 1 genome record [================================================] 100% 1/1
Downloading: ncbi_dataset.zip    41.6MB 7.34MB/s
[1A[2K[1A[2KCollecting 1 genome record [================================================] 100% 1/1
Downloading: ncbi_dataset.zip    41.7MB 7.35MB/s
[1A[2K[1A[2KCollecting 1 genome record [================================================] 100% 1/1
Downloading: ncbi_dataset.zip    41.7MB 7.35MB/s
[1A[2K[1A[2KCollecting 1 genome record [================================================] 100% 1/1
Downloading: ncbi_dataset.zip    41.7MB 7.35MB/s
[1A[2K[1A[2KCollecting 1 genome record [================================================] 100% 1/1
Downloading: ncbi_dataset.zip    41.7MB 7.35MB/s
[1A[2K[1A[2KCollecting 1 genome record [================================================] 100% 1/1
Downloading: ncbi_dataset.zip    41.7MB 7.35MB/s
[1A[2K[1A[2KCollecting 1 genome record [================================================] 100% 1/1
Downloading: ncbi_dataset.zip    41.7MB 7.35MB/s
[1A[2K[1A[2KCollecting 1 genome record [================================================] 100% 1/1
Downloading: ncbi_dataset.zip    41.7MB 7.35MB/s
[1A[2K[1A[2KCollecting 1 genome record [================================================] 100% 1/1
Downloading: ncbi_dataset.zip    41.7MB 7.35MB/s
[1A[2K[1A[2KCollecting 1 genome record [================================================] 100% 1/1
Downloading: ncbi_dataset.zip    41.7MB 7.35MB/s
[1A[2K[1A[2KCollecting 1 genome record [================================================] 100% 1/1
Downloading: ncbi_dataset.zip    41.7MB 7.35MB/s
[1A[2K[1A[2KCollecting 1 genome record [================================================] 100% 1/1
Downloading: ncbi_dataset.zip    41.7MB 7.35MB/s
[1A[2K[1A[2KCollecting 1 genome record [================================================] 100% 1/1
Downloading: ncbi_dataset.zip    41.7MB 7.35MB/s
[1A[2K[1A[2KCollecting 1 genome record [================================================] 100% 1/1
Downloading: ncbi_dataset.zip    41.7MB 7.35MB/s
[1A[2K[1A[2KCollecting 1 genome record [================================================] 100% 1/1
Downloading: ncbi_dataset.zip    42MB 7.22MB/s
[1A[2K[1A[2KCollecting 1 genome record [================================================] 100% 1/1
Downloading: ncbi_dataset.zip    42.4MB 7.28MB/s
[1A[2K[1A[2KCollecting 1 genome record [================================================] 100% 1/1
Downloading: ncbi_dataset.zip    42.7MB 7.32MB/s
[1A[2K[1A[2KCollecting 1 genome record [================================================] 100% 1/1
Downloading: ncbi_dataset.zip    43MB 7.35MB/s
[1A[2K[1A[2KCollecting 1 genome record [================================================] 100% 1/1
Downloading: ncbi_dataset.zip    43MB 7.35MB/s
[1A[2K[1A[2KCollecting 1 genome record [================================================] 100% 1/1
Downloading: ncbi_dataset.zip    43MB 7.35MB/s
[1A[2K[1A[2KCollecting 1 genome record [================================================] 100% 1/1
Downloading: ncbi_dataset.zip    43MB 7.35MB/s
[1A[2K[1A[2KCollecting 1 genome record [================================================] 100% 1/1
Downloading: ncbi_dataset.zip    43MB 7.35MB/s
[1A[2K[1A[2KCollecting 1 genome record [================================================] 100% 1/1
Downloading: ncbi_dataset.zip    43MB 7.35MB/s
[1A[2K[1A[2KCollecting 1 genome record [================================================] 100% 1/1
Downloading: ncbi_dataset.zip    43MB 7.35MB/s
[1A[2K[1A[2KCollecting 1 genome record [================================================] 100% 1/1
Downloading: ncbi_dataset.zip    43MB 7.35MB/s
[1A[2K[1A[2KCollecting 1 genome record [================================================] 100% 1/1
Downloading: ncbi_dataset.zip    43MB 7.35MB/s
[1A[2K[1A[2KCollecting 1 genome record [================================================] 100% 1/1
Downloading: ncbi_dataset.zip    43MB 7.35MB/s
[1A[2K[1A[2KCollecting 1 genome record [================================================] 100% 1/1
Downloading: ncbi_dataset.zip    43MB 7.35MB/s
[1A[2K[1A[2KCollecting 1 genome record [================================================] 100% 1/1
Downloading: ncbi_dataset.zip    43MB 7.35MB/s
[1A[2K[1A[2KCollecting 1 genome record [================================================] 100% 1/1
Downloading: ncbi_dataset.zip    43MB 7.35MB/s
[1A[2K[1A[2KCollecting 1 genome record [================================================] 100% 1/1
Downloading: ncbi_dataset.zip    43MB 7.19MB/s
[1A[2K[1A[2KCollecting 1 genome record [================================================] 100% 1/1
Downloading: ncbi_dataset.zip    43.3MB 7.23MB/s
[1A[2K[1A[2KCollecting 1 genome record [================================================] 100% 1/1
Downloading: ncbi_dataset.zip    43.7MB 7.29MB/s
[1A[2K[1A[2KCollecting 1 genome record [================================================] 100% 1/1
Downloading: ncbi_dataset.zip    44.1MB 7.33MB/s
[1A[2K[1A[2KCollecting 1 genome record [================================================] 100% 1/1
Downloading: ncbi_dataset.zip    44.2MB 7.35MB/s
[1A[2K[1A[2KCollecting 1 genome record [================================================] 100% 1/1
Downloading: ncbi_dataset.zip    44.2MB 7.35MB/s
[1A[2K[1A[2KCollecting 1 genome record [================================================] 100% 1/1
Downloading: ncbi_dataset.zip    44.2MB 7.35MB/s
[1A[2K[1A[2KCollecting 1 genome record [================================================] 100% 1/1
Downloading: ncbi_dataset.zip    44.2MB 7.35MB/s
[1A[2K[1A[2KCollecting 1 genome record [================================================] 100% 1/1
Downloading: ncbi_dataset.zip    44.2MB 7.35MB/s
[1A[2K[1A[2KCollecting 1 genome record [================================================] 100% 1/1
Downloading: ncbi_dataset.zip    44.2MB 7.35MB/s
[1A[2K[1A[2KCollecting 1 genome record [================================================] 100% 1/1
Downloading: ncbi_dataset.zip    44.2MB 7.35MB/s
[1A[2K[1A[2KCollecting 1 genome record [================================================] 100% 1/1
Downloading: ncbi_dataset.zip    44.2MB 7.35MB/s
[1A[2K[1A[2KCollecting 1 genome record [================================================] 100% 1/1
Downloading: ncbi_dataset.zip    44.2MB 7.35MB/s
[1A[2K[1A[2KCollecting 1 genome record [================================================] 100% 1/1
Downloading: ncbi_dataset.zip    44.2MB 7.35MB/s
[1A[2K[1A[2KCollecting 1 genome record [================================================] 100% 1/1
Downloading: ncbi_dataset.zip    44.2MB 7.35MB/s
[1A[2K[1A[2KCollecting 1 genome record [================================================] 100% 1/1
Downloading: ncbi_dataset.zip    44.2MB 7.35MB/s
[1A[2K[1A[2KCollecting 1 genome record [================================================] 100% 1/1
Downloading: ncbi_dataset.zip    44.2MB 7.35MB/s
[1A[2K[1A[2KCollecting 1 genome record [================================================] 100% 1/1
Downloading: ncbi_dataset.zip    44.2MB 7.35MB/s
[1A[2K[1A[2KCollecting 1 genome record [================================================] 100% 1/1
Downloading: ncbi_dataset.zip    44.5MB 7.22MB/s
[1A[2K[1A[2KCollecting 1 genome record [================================================] 100% 1/1
Downloading: ncbi_dataset.zip    44.5MB 7.22MB/s
[1A[2K[1A[2KCollecting 1 genome record [================================================] 100% 1/1
Downloading: ncbi_dataset.zip    44.7MB 7.23MB/s
[1A[2K[1A[2KCollecting 1 genome record [================================================] 100% 1/1
Downloading: ncbi_dataset.zip    45MB 7.26MB/s
[1A[2K[1A[2KCollecting 1 genome record [================================================] 100% 1/1
Downloading: ncbi_dataset.zip    45.4MB 7.32MB/s
[1A[2K[1A[2KCollecting 1 genome record [================================================] 100% 1/1
Downloading: ncbi_dataset.zip    45.5MB 7.33MB/s
[1A[2K[1A[2KCollecting 1 genome record [================================================] 100% 1/1
Downloading: ncbi_dataset.zip    45.5MB 7.33MB/s
[1A[2K[1A[2KCollecting 1 genome record [================================================] 100% 1/1
Downloading: ncbi_dataset.zip    45.5MB 7.33MB/s
[1A[2K[1A[2KCollecting 1 genome record [================================================] 100% 1/1
Downloading: ncbi_dataset.zip    45.5MB 7.33MB/s
[1A[2K[1A[2KCollecting 1 genome record [================================================] 100% 1/1
Downloading: ncbi_dataset.zip    45.5MB 7.33MB/s
[1A[2K[1A[2KCollecting 1 genome record [================================================] 100% 1/1
Downloading: ncbi_dataset.zip    45.5MB 7.33MB/s
[1A[2K[1A[2KCollecting 1 genome record [================================================] 100% 1/1
Downloading: ncbi_dataset.zip    45.5MB 7.33MB/s
[1A[2K[1A[2KCollecting 1 genome record [================================================] 100% 1/1
Downloading: ncbi_dataset.zip    45.5MB 7.33MB/s
[1A[2K[1A[2KCollecting 1 genome record [================================================] 100% 1/1
Downloading: ncbi_dataset.zip    45.5MB 7.33MB/s
[1A[2K[1A[2KCollecting 1 genome record [================================================] 100% 1/1
Downloading: ncbi_dataset.zip    45.5MB 7.33MB/s
[1A[2K[1A[2KCollecting 1 genome record [================================================] 100% 1/1
Downloading: ncbi_dataset.zip    45.5MB 7.33MB/s
[1A[2K[1A[2KCollecting 1 genome record [================================================] 100% 1/1
Downloading: ncbi_dataset.zip    45.5MB 7.2MB/s
[1A[2K[1A[2KCollecting 1 genome record [================================================] 100% 1/1
Downloading: ncbi_dataset.zip    45.8MB 7.22MB/s
[1A[2K[1A[2KCollecting 1 genome record [================================================] 100% 1/1
Downloading: ncbi_dataset.zip    46MB 7.25MB/s
[1A[2K[1A[2KCollecting 1 genome record [================================================] 100% 1/1
Downloading: ncbi_dataset.zip    46.3MB 7.28MB/s
[1A[2K[1A[2KCollecting 1 genome record [================================================] 100% 1/1
Downloading: ncbi_dataset.zip    46.5MB 7.3MB/s
[1A[2K[1A[2KCollecting 1 genome record [================================================] 100% 1/1
Downloading: ncbi_dataset.zip    46.8MB 7.33MB/s
[1A[2K[1A[2KCollecting 1 genome record [================================================] 100% 1/1
Downloading: ncbi_dataset.zip    46.8MB 7.34MB/s
[1A[2K[1A[2KCollecting 1 genome record [================================================] 100% 1/1
Downloading: ncbi_dataset.zip    46.8MB 7.34MB/s
[1A[2K[1A[2KCollecting 1 genome record [================================================] 100% 1/1
Downloading: ncbi_dataset.zip    46.8MB 7.34MB/s
[1A[2K[1A[2KCollecting 1 genome record [================================================] 100% 1/1
Downloading: ncbi_dataset.zip    46.8MB 7.34MB/s
[1A[2K[1A[2KCollecting 1 genome record [================================================] 100% 1/1
Downloading: ncbi_dataset.zip    46.8MB 7.34MB/s
[1A[2K[1A[2KCollecting 1 genome record [================================================] 100% 1/1
Downloading: ncbi_dataset.zip    46.8MB 7.34MB/s
[1A[2K[1A[2KCollecting 1 genome record [================================================] 100% 1/1
Downloading: ncbi_dataset.zip    46.8MB 7.34MB/s
[1A[2K[1A[2KCollecting 1 genome record [================================================] 100% 1/1
Downloading: ncbi_dataset.zip    46.8MB 7.34MB/s
[1A[2K[1A[2KCollecting 1 genome record [================================================] 100% 1/1
Downloading: ncbi_dataset.zip    46.8MB 7.34MB/s
[1A[2K[1A[2KCollecting 1 genome record [================================================] 100% 1/1
Downloading: ncbi_dataset.zip    46.8MB 7.34MB/s
[1A[2K[1A[2KCollecting 1 genome record [================================================] 100% 1/1
Downloading: ncbi_dataset.zip    46.8MB 7.34MB/s
[1A[2K[1A[2KCollecting 1 genome record [================================================] 100% 1/1
Downloading: ncbi_dataset.zip    46.9MB 7.21MB/s
[1A[2K[1A[2KCollecting 1 genome record [================================================] 100% 1/1
Downloading: ncbi_dataset.zip    47.1MB 7.23MB/s
[1A[2K[1A[2KCollecting 1 genome record [================================================] 100% 1/1
Downloading: ncbi_dataset.zip    47.4MB 7.26MB/s
[1A[2K[1A[2KCollecting 1 genome record [================================================] 100% 1/1
Downloading: ncbi_dataset.zip    47.6MB 7.29MB/s
[1A[2K[1A[2KCollecting 1 genome record [================================================] 100% 1/1
Downloading: ncbi_dataset.zip    47.8MB 7.31MB/s
[1A[2K[1A[2KCollecting 1 genome record [================================================] 100% 1/1
Downloading: ncbi_dataset.zip    48.1MB 7.34MB/s
[1A[2K[1A[2KCollecting 1 genome record [================================================] 100% 1/1
Downloading: ncbi_dataset.zip    48.1MB 7.34MB/s
[1A[2K[1A[2KCollecting 1 genome record [================================================] 100% 1/1
Downloading: ncbi_dataset.zip    48.1MB 7.34MB/s
[1A[2K[1A[2KCollecting 1 genome record [================================================] 100% 1/1
Downloading: ncbi_dataset.zip    48.1MB 7.34MB/s
[1A[2K[1A[2KCollecting 1 genome record [================================================] 100% 1/1
Downloading: ncbi_dataset.zip    48.1MB 7.34MB/s
[1A[2K[1A[2KCollecting 1 genome record [================================================] 100% 1/1
Downloading: ncbi_dataset.zip    48.1MB 7.34MB/s
[1A[2K[1A[2KCollecting 1 genome record [================================================] 100% 1/1
Downloading: ncbi_dataset.zip    48.1MB 7.34MB/s
[1A[2K[1A[2KCollecting 1 genome record [================================================] 100% 1/1
Downloading: ncbi_dataset.zip    48.1MB 7.34MB/s
[1A[2K[1A[2KCollecting 1 genome record [================================================] 100% 1/1
Downloading: ncbi_dataset.zip    48.1MB 7.34MB/s
[1A[2K[1A[2KCollecting 1 genome record [================================================] 100% 1/1
Downloading: ncbi_dataset.zip    48.1MB 7.34MB/s
[1A[2K[1A[2KCollecting 1 genome record [================================================] 100% 1/1
Downloading: ncbi_dataset.zip    48.1MB 7.34MB/s
[1A[2K[1A[2KCollecting 1 genome record [================================================] 100% 1/1
Downloading: ncbi_dataset.zip    48.1MB 7.34MB/s
[1A[2K[1A[2KCollecting 1 genome record [================================================] 100% 1/1
Downloading: ncbi_dataset.zip    48.3MB 7.22MB/s
[1A[2K[1A[2KCollecting 1 genome record [================================================] 100% 1/1
Downloading: ncbi_dataset.zip    48.5MB 7.25MB/s
[1A[2K[1A[2KCollecting 1 genome record [================================================] 100% 1/1
Downloading: ncbi_dataset.zip    48.8MB 7.27MB/s
[1A[2K[1A[2KCollecting 1 genome record [================================================] 100% 1/1
Downloading: ncbi_dataset.zip    49MB 7.3MB/s
[1A[2K[1A[2KCollecting 1 genome record [================================================] 100% 1/1
Downloading: ncbi_dataset.zip    49.2MB 7.32MB/s
[1A[2K[1A[2KCollecting 1 genome record [================================================] 100% 1/1
Downloading: ncbi_dataset.zip    49.4MB 7.34MB/s
[1A[2K[1A[2KCollecting 1 genome record [================================================] 100% 1/1
Downloading: ncbi_dataset.zip    49.4MB 7.34MB/s
[1A[2K[1A[2KCollecting 1 genome record [================================================] 100% 1/1
Downloading: ncbi_dataset.zip    49.4MB 7.33MB/s
[1A[2K[1A[2KCollecting 1 genome record [================================================] 100% 1/1
Downloading: ncbi_dataset.zip    49.4MB 7.33MB/s
[1A[2K[1A[2KCollecting 1 genome record [================================================] 100% 1/1
Downloading: ncbi_dataset.zip    49.4MB 7.33MB/s
[1A[2K[1A[2KCollecting 1 genome record [================================================] 100% 1/1
Downloading: ncbi_dataset.zip    49.4MB 7.33MB/s
[1A[2K[1A[2KCollecting 1 genome record [================================================] 100% 1/1
Downloading: ncbi_dataset.zip    49.4MB 7.33MB/s
[1A[2K[1A[2KCollecting 1 genome record [================================================] 100% 1/1
Downloading: ncbi_dataset.zip    49.4MB 7.33MB/s
[1A[2K[1A[2KCollecting 1 genome record [================================================] 100% 1/1
Downloading: ncbi_dataset.zip    49.4MB 7.33MB/s
[1A[2K[1A[2KCollecting 1 genome record [================================================] 100% 1/1
Downloading: ncbi_dataset.zip    49.4MB 7.33MB/s
[1A[2K[1A[2KCollecting 1 genome record [================================================] 100% 1/1
Downloading: ncbi_dataset.zip    49.4MB 7.33MB/s
[1A[2K[1A[2KCollecting 1 genome record [================================================] 100% 1/1
Downloading: ncbi_dataset.zip    49.4MB 7.33MB/s
[1A[2K[1A[2KCollecting 1 genome record [================================================] 100% 1/1
Downloading: ncbi_dataset.zip    49.6MB 7.24MB/s
[1A[2K[1A[2KCollecting 1 genome record [================================================] 100% 1/1
Downloading: ncbi_dataset.zip    49.9MB 7.27MB/s
[1A[2K[1A[2KCollecting 1 genome record [================================================] 100% 1/1
Downloading: ncbi_dataset.zip    50.1MB 7.29MB/s
[1A[2K[1A[2KCollecting 1 genome record [================================================] 100% 1/1
Downloading: ncbi_dataset.zip    50.4MB 7.31MB/s
[1A[2K[1A[2KCollecting 1 genome record [================================================] 100% 1/1
Downloading: ncbi_dataset.zip    50.7MB 7.34MB/s
[1A[2K[1A[2KCollecting 1 genome record [================================================] 100% 1/1
Downloading: ncbi_dataset.zip    50.7MB 7.35MB/s
[1A[2K[1A[2KCollecting 1 genome record [================================================] 100% 1/1
Downloading: ncbi_dataset.zip    50.8MB 7.34MB/s
[1A[2K[1A[2KCollecting 1 genome record [================================================] 100% 1/1
Downloading: ncbi_dataset.zip    50.8MB 7.34MB/s
[1A[2K[1A[2KCollecting 1 genome record [================================================] 100% 1/1
Downloading: ncbi_dataset.zip    50.8MB 7.34MB/s
[1A[2K[1A[2KCollecting 1 genome record [================================================] 100% 1/1
Downloading: ncbi_dataset.zip    50.8MB 7.34MB/s
[1A[2K[1A[2KCollecting 1 genome record [================================================] 100% 1/1
Downloading: ncbi_dataset.zip    50.8MB 7.34MB/s
[1A[2K[1A[2KCollecting 1 genome record [================================================] 100% 1/1
Downloading: ncbi_dataset.zip    50.8MB 7.34MB/s
[1A[2K[1A[2KCollecting 1 genome record [================================================] 100% 1/1
Downloading: ncbi_dataset.zip    50.8MB 7.34MB/s
[1A[2K[1A[2KCollecting 1 genome record [================================================] 100% 1/1
Downloading: ncbi_dataset.zip    50.8MB 7.34MB/s
[1A[2K[1A[2KCollecting 1 genome record [================================================] 100% 1/1
Downloading: ncbi_dataset.zip    50.8MB 7.34MB/s
[1A[2K[1A[2KCollecting 1 genome record [================================================] 100% 1/1
Downloading: ncbi_dataset.zip    50.8MB 7.34MB/s
[1A[2K[1A[2KCollecting 1 genome record [================================================] 100% 1/1
Downloading: ncbi_dataset.zip    50.8MB 7.34MB/s
[1A[2K[1A[2KCollecting 1 genome record [================================================] 100% 1/1
Downloading: ncbi_dataset.zip    51.1MB 7.27MB/s
[1A[2K[1A[2KCollecting 1 genome record [================================================] 100% 1/1
Downloading: ncbi_dataset.zip    51.4MB 7.29MB/s
[1A[2K[1A[2KCollecting 1 genome record [================================================] 100% 1/1
Downloading: ncbi_dataset.zip    51.5MB 7.31MB/s
[1A[2K[1A[2KCollecting 1 genome record [================================================] 100% 1/1
Downloading: ncbi_dataset.zip    51.8MB 7.33MB/s
[1A[2K[1A[2KCollecting 1 genome record [================================================] 100% 1/1
Downloading: ncbi_dataset.zip    52.1MB 7.36MB/s
[1A[2K[1A[2KCollecting 1 genome record [================================================] 100% 1/1
Downloading: ncbi_dataset.zip    52.1MB 7.36MB/s
[1A[2K[1A[2KCollecting 1 genome record [================================================] 100% 1/1
Downloading: ncbi_dataset.zip    52.1MB 7.36MB/s
[1A[2K[1A[2KCollecting 1 genome record [================================================] 100% 1/1
Downloading: ncbi_dataset.zip    52.1MB 7.36MB/s
[1A[2K[1A[2KCollecting 1 genome record [================================================] 100% 1/1
Downloading: ncbi_dataset.zip    52.1MB 7.36MB/s
[1A[2K[1A[2KCollecting 1 genome record [================================================] 100% 1/1
Downloading: ncbi_dataset.zip    52.1MB 7.36MB/s
[1A[2K[1A[2KCollecting 1 genome record [================================================] 100% 1/1
Downloading: ncbi_dataset.zip    52.1MB 7.36MB/s
[1A[2K[1A[2KCollecting 1 genome record [================================================] 100% 1/1
Downloading: ncbi_dataset.zip    52.1MB 7.36MB/s
[1A[2K[1A[2KCollecting 1 genome record [================================================] 100% 1/1
Downloading: ncbi_dataset.zip    52.1MB 7.36MB/s
[1A[2K[1A[2KCollecting 1 genome record [================================================] 100% 1/1
Downloading: ncbi_dataset.zip    52.1MB 7.36MB/s
[1A[2K[1A[2KCollecting 1 genome record [================================================] 100% 1/1
Downloading: ncbi_dataset.zip    52.1MB 7.36MB/s
[1A[2K[1A[2KCollecting 1 genome record [================================================] 100% 1/1
Downloading: ncbi_dataset.zip    52.1MB 7.36MB/s
[1A[2K[1A[2KCollecting 1 genome record [================================================] 100% 1/1
Downloading: ncbi_dataset.zip    52.1MB 7.24MB/s
[1A[2K[1A[2KCollecting 1 genome record [================================================] 100% 1/1
Downloading: ncbi_dataset.zip    52.5MB 7.28MB/s
[1A[2K[1A[2KCollecting 1 genome record [================================================] 100% 1/1
Downloading: ncbi_dataset.zip    52.8MB 7.31MB/s
[1A[2K[1A[2KCollecting 1 genome record [================================================] 100% 1/1
Downloading: ncbi_dataset.zip    53.1MB 7.34MB/s
[1A[2K[1A[2KCollecting 1 genome record [================================================] 100% 1/1
Downloading: ncbi_dataset.zip    53.4MB 7.37MB/s
[1A[2K[1A[2KCollecting 1 genome record [================================================] 100% 1/1
Downloading: ncbi_dataset.zip    53.4MB 7.37MB/s
[1A[2K[1A[2KCollecting 1 genome record [================================================] 100% 1/1
Downloading: ncbi_dataset.zip    53.4MB 7.37MB/s
[1A[2K[1A[2KCollecting 1 genome record [================================================] 100% 1/1
Downloading: ncbi_dataset.zip    53.4MB 7.35MB/s
[1A[2K[1A[2KCollecting 1 genome record [================================================] 100% 1/1
Downloading: ncbi_dataset.zip    53.4MB 7.35MB/s
[1A[2K[1A[2KCollecting 1 genome record [================================================] 100% 1/1
Downloading: ncbi_dataset.zip    53.4MB 7.35MB/s
[1A[2K[1A[2KCollecting 1 genome record [================================================] 100% 1/1
Downloading: ncbi_dataset.zip    53.4MB 7.35MB/s
[1A[2K[1A[2KCollecting 1 genome record [================================================] 100% 1/1
Downloading: ncbi_dataset.zip    53.4MB 7.35MB/s
[1A[2K[1A[2KCollecting 1 genome record [================================================] 100% 1/1
Downloading: ncbi_dataset.zip    53.4MB 7.35MB/s
[1A[2K[1A[2KCollecting 1 genome record [================================================] 100% 1/1
Downloading: ncbi_dataset.zip    53.4MB 7.35MB/s
[1A[2K[1A[2KCollecting 1 genome record [================================================] 100% 1/1
Downloading: ncbi_dataset.zip    53.4MB 7.35MB/s
[1A[2K[1A[2KCollecting 1 genome record [================================================] 100% 1/1
Downloading: ncbi_dataset.zip    53.4MB 7.35MB/s
[1A[2K[1A[2KCollecting 1 genome record [================================================] 100% 1/1
Downloading: ncbi_dataset.zip    53.4MB 7.35MB/s
[1A[2K[1A[2KCollecting 1 genome record [================================================] 100% 1/1
Downloading: ncbi_dataset.zip    53.5MB 7.26MB/s
[1A[2K[1A[2KCollecting 1 genome record [================================================] 100% 1/1
Downloading: ncbi_dataset.zip    53.8MB 7.29MB/s
[1A[2K[1A[2KCollecting 1 genome record [================================================] 100% 1/1
Downloading: ncbi_dataset.zip    54.1MB 7.32MB/s
[1A[2K[1A[2KCollecting 1 genome record [================================================] 100% 1/1
Downloading: ncbi_dataset.zip    54.4MB 7.35MB/s
[1A[2K[1A[2KCollecting 1 genome record [================================================] 100% 1/1
Downloading: ncbi_dataset.zip    54.7MB 7.38MB/s
[1A[2K[1A[2KCollecting 1 genome record [================================================] 100% 1/1
Downloading: ncbi_dataset.zip    54.7MB 7.38MB/s
[1A[2K[1A[2KCollecting 1 genome record [================================================] 100% 1/1
Downloading: ncbi_dataset.zip    54.7MB 7.38MB/s
[1A[2K[1A[2KCollecting 1 genome record [================================================] 100% 1/1
Downloading: ncbi_dataset.zip    54.8MB 7.36MB/s
[1A[2K[1A[2KCollecting 1 genome record [================================================] 100% 1/1
Downloading: ncbi_dataset.zip    54.8MB 7.36MB/s
[1A[2K[1A[2KCollecting 1 genome record [================================================] 100% 1/1
Downloading: ncbi_dataset.zip    54.8MB 7.36MB/s
[1A[2K[1A[2KCollecting 1 genome record [================================================] 100% 1/1
Downloading: ncbi_dataset.zip    54.8MB 7.36MB/s
[1A[2K[1A[2KCollecting 1 genome record [================================================] 100% 1/1
Downloading: ncbi_dataset.zip    54.8MB 7.36MB/s
[1A[2K[1A[2KCollecting 1 genome record [================================================] 100% 1/1
Downloading: ncbi_dataset.zip    54.8MB 7.36MB/s
[1A[2K[1A[2KCollecting 1 genome record [================================================] 100% 1/1
Downloading: ncbi_dataset.zip    54.8MB 7.36MB/s
[1A[2K[1A[2KCollecting 1 genome record [================================================] 100% 1/1
Downloading: ncbi_dataset.zip    54.8MB 7.36MB/s
[1A[2K[1A[2KCollecting 1 genome record [================================================] 100% 1/1
Downloading: ncbi_dataset.zip    54.8MB 7.36MB/s
[1A[2K[1A[2KCollecting 1 genome record [================================================] 100% 1/1
Downloading: ncbi_dataset.zip    54.8MB 7.36MB/s
[1A[2K[1A[2KCollecting 1 genome record [================================================] 100% 1/1
Downloading: ncbi_dataset.zip    54.9MB 7.27MB/s
[1A[2K[1A[2KCollecting 1 genome record [================================================] 100% 1/1
Downloading: ncbi_dataset.zip    55.2MB 7.3MB/s
[1A[2K[1A[2KCollecting 1 genome record [================================================] 100% 1/1
Downloading: ncbi_dataset.zip    55.5MB 7.33MB/s
[1A[2K[1A[2KCollecting 1 genome record [================================================] 100% 1/1
Downloading: ncbi_dataset.zip    55.8MB 7.36MB/s
[1A[2K[1A[2KCollecting 1 genome record [================================================] 100% 1/1
Downloading: ncbi_dataset.zip    56.1MB 7.39MB/s
[1A[2K[1A[2KCollecting 1 genome record [================================================] 100% 1/1
Downloading: ncbi_dataset.zip    56.1MB 7.39MB/s
[1A[2K[1A[2KCollecting 1 genome record [================================================] 100% 1/1
Downloading: ncbi_dataset.zip    56.1MB 7.39MB/s
[1A[2K[1A[2KCollecting 1 genome record [================================================] 100% 1/1
Downloading: ncbi_dataset.zip    56.1MB 7.37MB/s
[1A[2K[1A[2KCollecting 1 genome record [================================================] 100% 1/1
Downloading: ncbi_dataset.zip    56.1MB 7.37MB/s
[1A[2K[1A[2KCollecting 1 genome record [================================================] 100% 1/1
Downloading: ncbi_dataset.zip    56.1MB 7.37MB/s
[1A[2K[1A[2KCollecting 1 genome record [================================================] 100% 1/1
Downloading: ncbi_dataset.zip    56.1MB 7.37MB/s
[1A[2K[1A[2KCollecting 1 genome record [================================================] 100% 1/1
Downloading: ncbi_dataset.zip    56.1MB 7.37MB/s
[1A[2K[1A[2KCollecting 1 genome record [================================================] 100% 1/1
Downloading: ncbi_dataset.zip    56.1MB 7.37MB/s
[1A[2K[1A[2KCollecting 1 genome record [================================================] 100% 1/1
Downloading: ncbi_dataset.zip    56.1MB 7.37MB/s
[1A[2K[1A[2KCollecting 1 genome record [================================================] 100% 1/1
Downloading: ncbi_dataset.zip    56.1MB 7.37MB/s
[1A[2K[1A[2KCollecting 1 genome record [================================================] 100% 1/1
Downloading: ncbi_dataset.zip    56.1MB 7.37MB/s
[1A[2K[1A[2KCollecting 1 genome record [================================================] 100% 1/1
Downloading: ncbi_dataset.zip    56.1MB 7.37MB/s
[1A[2K[1A[2KCollecting 1 genome record [================================================] 100% 1/1
Downloading: ncbi_dataset.zip    56.3MB 7.29MB/s
[1A[2K[1A[2KCollecting 1 genome record [================================================] 100% 1/1
Downloading: ncbi_dataset.zip    56.6MB 7.31MB/s
[1A[2K[1A[2KCollecting 1 genome record [================================================] 100% 1/1
Downloading: ncbi_dataset.zip    56.9MB 7.34MB/s
[1A[2K[1A[2KCollecting 1 genome record [================================================] 100% 1/1
Downloading: ncbi_dataset.zip    57.2MB 7.38MB/s
[1A[2K[1A[2KCollecting 1 genome record [================================================] 100% 1/1
Downloading: ncbi_dataset.zip    57.4MB 7.39MB/s
[1A[2K[1A[2KCollecting 1 genome record [================================================] 100% 1/1
Downloading: ncbi_dataset.zip    57.4MB 7.39MB/s
[1A[2K[1A[2KCollecting 1 genome record [================================================] 100% 1/1
Downloading: ncbi_dataset.zip    57.4MB 7.39MB/s
[1A[2K[1A[2KCollecting 1 genome record [================================================] 100% 1/1
Downloading: ncbi_dataset.zip    57.4MB 7.37MB/s
[1A[2K[1A[2KCollecting 1 genome record [================================================] 100% 1/1
Downloading: ncbi_dataset.zip    57.4MB 7.37MB/s
[1A[2K[1A[2KCollecting 1 genome record [================================================] 100% 1/1
Downloading: ncbi_dataset.zip    57.4MB 7.37MB/s
[1A[2K[1A[2KCollecting 1 genome record [================================================] 100% 1/1
Downloading: ncbi_dataset.zip    57.4MB 7.37MB/s
[1A[2K[1A[2KCollecting 1 genome record [================================================] 100% 1/1
Downloading: ncbi_dataset.zip    57.4MB 7.37MB/s
[1A[2K[1A[2KCollecting 1 genome record [================================================] 100% 1/1
Downloading: ncbi_dataset.zip    57.4MB 7.37MB/s
[1A[2K[1A[2KCollecting 1 genome record [================================================] 100% 1/1
Downloading: ncbi_dataset.zip    57.4MB 7.37MB/s
[1A[2K[1A[2KCollecting 1 genome record [================================================] 100% 1/1
Downloading: ncbi_dataset.zip    57.4MB 7.37MB/s
[1A[2K[1A[2KCollecting 1 genome record [================================================] 100% 1/1
Downloading: ncbi_dataset.zip    57.4MB 7.37MB/s
[1A[2K[1A[2KCollecting 1 genome record [================================================] 100% 1/1
Downloading: ncbi_dataset.zip    57.4MB 7.37MB/s
[1A[2K[1A[2KCollecting 1 genome record [================================================] 100% 1/1
Downloading: ncbi_dataset.zip    57.7MB 7.3MB/s
[1A[2K[1A[2KCollecting 1 genome record [================================================] 100% 1/1
Downloading: ncbi_dataset.zip    58MB 7.33MB/s
[1A[2K[1A[2KCollecting 1 genome record [================================================] 100% 1/1
Downloading: ncbi_dataset.zip    58.3MB 7.36MB/s
[1A[2K[1A[2KCollecting 1 genome record [================================================] 100% 1/1
Downloading: ncbi_dataset.zip    58.7MB 7.39MB/s
[1A[2K[1A[2KCollecting 1 genome record [================================================] 100% 1/1
Downloading: ncbi_dataset.zip    58.8MB 7.4MB/s
[1A[2K[1A[2KCollecting 1 genome record [================================================] 100% 1/1
Downloading: ncbi_dataset.zip    58.8MB 7.4MB/s
[1A[2K[1A[2KCollecting 1 genome record [================================================] 100% 1/1
Downloading: ncbi_dataset.zip    58.8MB 7.4MB/s
[1A[2K[1A[2KCollecting 1 genome record [================================================] 100% 1/1
Downloading: ncbi_dataset.zip    58.8MB 7.38MB/s
[1A[2K[1A[2KCollecting 1 genome record [================================================] 100% 1/1
Downloading: ncbi_dataset.zip    58.8MB 7.38MB/s
[1A[2K[1A[2KCollecting 1 genome record [================================================] 100% 1/1
Downloading: ncbi_dataset.zip    58.8MB 7.38MB/s
[1A[2K[1A[2KCollecting 1 genome record [================================================] 100% 1/1
Downloading: ncbi_dataset.zip    58.8MB 7.38MB/s
[1A[2K[1A[2KCollecting 1 genome record [================================================] 100% 1/1
Downloading: ncbi_dataset.zip    58.8MB 7.38MB/s
[1A[2K[1A[2KCollecting 1 genome record [================================================] 100% 1/1
Downloading: ncbi_dataset.zip    58.8MB 7.38MB/s
[1A[2K[1A[2KCollecting 1 genome record [================================================] 100% 1/1
Downloading: ncbi_dataset.zip    58.8MB 7.38MB/s
[1A[2K[1A[2KCollecting 1 genome record [================================================] 100% 1/1
Downloading: ncbi_dataset.zip    58.8MB 7.38MB/s
[1A[2K[1A[2KCollecting 1 genome record [================================================] 100% 1/1
Downloading: ncbi_dataset.zip    58.8MB 7.38MB/s
[1A[2K[1A[2KCollecting 1 genome record [================================================] 100% 1/1
Downloading: ncbi_dataset.zip    58.8MB 7.29MB/s
[1A[2K[1A[2KCollecting 1 genome record [================================================] 100% 1/1
Downloading: ncbi_dataset.zip    59MB 7.31MB/s
[1A[2K[1A[2KCollecting 1 genome record [================================================] 100% 1/1
Downloading: ncbi_dataset.zip    59MB 7.3MB/s
[1A[2K[1A[2KCollecting 1 genome record [================================================] 100% 1/1
Downloading: ncbi_dataset.zip    59.4MB 7.33MB/s
[1A[2K[1A[2KCollecting 1 genome record [================================================] 100% 1/1
Downloading: ncbi_dataset.zip    59.6MB 7.35MB/s
[1A[2K[1A[2KCollecting 1 genome record [================================================] 100% 1/1
Downloading: ncbi_dataset.zip    59.9MB 7.37MB/s
[1A[2K[1A[2KCollecting 1 genome record [================================================] 100% 1/1
Downloading: ncbi_dataset.zip    60MB 7.38MB/s
[1A[2K[1A[2KCollecting 1 genome record [================================================] 100% 1/1
Downloading: ncbi_dataset.zip    60.1MB 7.39MB/s
[1A[2K[1A[2KCollecting 1 genome record [================================================] 100% 1/1
Downloading: ncbi_dataset.zip    60.2MB 7.38MB/s
[1A[2K[1A[2KCollecting 1 genome record [================================================] 100% 1/1
Downloading: ncbi_dataset.zip    60.2MB 7.38MB/s
[1A[2K[1A[2KCollecting 1 genome record [================================================] 100% 1/1
Downloading: ncbi_dataset.zip    60.2MB 7.38MB/s
[1A[2K[1A[2KCollecting 1 genome record [================================================] 100% 1/1
Downloading: ncbi_dataset.zip    60.2MB 7.38MB/s
[1A[2K[1A[2KCollecting 1 genome record [================================================] 100% 1/1
Downloading: ncbi_dataset.zip    60.2MB 7.38MB/s
[1A[2K[1A[2KCollecting 1 genome record [================================================] 100% 1/1
Downloading: ncbi_dataset.zip    60.2MB 7.38MB/s
[1A[2K[1A[2KCollecting 1 genome record [================================================] 100% 1/1
Downloading: ncbi_dataset.zip    60.2MB 7.38MB/s
[1A[2K[1A[2KCollecting 1 genome record [================================================] 100% 1/1
Downloading: ncbi_dataset.zip    60.2MB 7.38MB/s
[1A[2K[1A[2KCollecting 1 genome record [================================================] 100% 1/1
Downloading: ncbi_dataset.zip    60.2MB 7.38MB/s
[1A[2K[1A[2KCollecting 1 genome record [================================================] 100% 1/1
Downloading: ncbi_dataset.zip    60.4MB 7.32MB/s
[1A[2K[1A[2KCollecting 1 genome record [================================================] 100% 1/1
Downloading: ncbi_dataset.zip    60.6MB 7.34MB/s
[1A[2K[1A[2KCollecting 1 genome record [================================================] 100% 1/1
Downloading: ncbi_dataset.zip    60.9MB 7.37MB/s
[1A[2K[1A[2KCollecting 1 genome record [================================================] 100% 1/1
Downloading: ncbi_dataset.zip    61.2MB 7.39MB/s
[1A[2K[1A[2KCollecting 1 genome record [================================================] 100% 1/1
Downloading: ncbi_dataset.zip    61.3MB 7.4MB/s
[1A[2K[1A[2KCollecting 1 genome record [================================================] 100% 1/1
Downloading: ncbi_dataset.zip    61.5MB 7.41MB/s
[1A[2K[1A[2KCollecting 1 genome record [================================================] 100% 1/1
Downloading: ncbi_dataset.zip    61.5MB 7.41MB/s
[1A[2K[1A[2KCollecting 1 genome record [================================================] 100% 1/1
Downloading: ncbi_dataset.zip    61.5MB 7.39MB/s
[1A[2K[1A[2KCollecting 1 genome record [================================================] 100% 1/1
Downloading: ncbi_dataset.zip    61.5MB 7.39MB/s
[1A[2K[1A[2KCollecting 1 genome record [================================================] 100% 1/1
Downloading: ncbi_dataset.zip    61.5MB 7.39MB/s
[1A[2K[1A[2KCollecting 1 genome record [================================================] 100% 1/1
Downloading: ncbi_dataset.zip    61.5MB 7.39MB/s
[1A[2K[1A[2KCollecting 1 genome record [================================================] 100% 1/1
Downloading: ncbi_dataset.zip    61.5MB 7.39MB/s
[1A[2K[1A[2KCollecting 1 genome record [================================================] 100% 1/1
Downloading: ncbi_dataset.zip    61.5MB 7.39MB/s
[1A[2K[1A[2KCollecting 1 genome record [================================================] 100% 1/1
Downloading: ncbi_dataset.zip    61.5MB 7.39MB/s
[1A[2K[1A[2KCollecting 1 genome record [================================================] 100% 1/1
Downloading: ncbi_dataset.zip    61.5MB 7.39MB/s
[1A[2K[1A[2KCollecting 1 genome record [================================================] 100% 1/1
Downloading: ncbi_dataset.zip    61.5MB 7.39MB/s
[1A[2K[1A[2KCollecting 1 genome record [================================================] 100% 1/1
Downloading: ncbi_dataset.zip    61.6MB 7.32MB/s
[1A[2K[1A[2KCollecting 1 genome record [================================================] 100% 1/1
Downloading: ncbi_dataset.zip    61.8MB 7.34MB/s
[1A[2K[1A[2KCollecting 1 genome record [================================================] 100% 1/1
Downloading: ncbi_dataset.zip    62.2MB 7.37MB/s
[1A[2K[1A[2KCollecting 1 genome record [================================================] 100% 1/1
Downloading: ncbi_dataset.zip    62.5MB 7.39MB/s
[1A[2K[1A[2KCollecting 1 genome record [================================================] 100% 1/1
Downloading: ncbi_dataset.zip    62.8MB 7.42MB/s
[1A[2K[1A[2KCollecting 1 genome record [================================================] 100% 1/1
Downloading: ncbi_dataset.zip    62.8MB 7.43MB/s
[1A[2K[1A[2KCollecting 1 genome record [================================================] 100% 1/1
Downloading: ncbi_dataset.zip    62.8MB 7.43MB/s
[1A[2K[1A[2KCollecting 1 genome record [================================================] 100% 1/1
Downloading: ncbi_dataset.zip    62.8MB 7.43MB/s
[1A[2K[1A[2KCollecting 1 genome record [================================================] 100% 1/1
Downloading: ncbi_dataset.zip    62.9MB 7.4MB/s
[1A[2K[1A[2KCollecting 1 genome record [================================================] 100% 1/1
Downloading: ncbi_dataset.zip    62.9MB 7.4MB/s
[1A[2K[1A[2KCollecting 1 genome record [================================================] 100% 1/1
Downloading: ncbi_dataset.zip    62.9MB 7.4MB/s
[1A[2K[1A[2KCollecting 1 genome record [================================================] 100% 1/1
Downloading: ncbi_dataset.zip    62.9MB 7.4MB/s
[1A[2K[1A[2KCollecting 1 genome record [================================================] 100% 1/1
Downloading: ncbi_dataset.zip    62.9MB 7.4MB/s
[1A[2K[1A[2KCollecting 1 genome record [================================================] 100% 1/1
Downloading: ncbi_dataset.zip    62.9MB 7.4MB/s
[1A[2K[1A[2KCollecting 1 genome record [================================================] 100% 1/1
Downloading: ncbi_dataset.zip    62.9MB 7.4MB/s
[1A[2K[1A[2KCollecting 1 genome record [================================================] 100% 1/1
Downloading: ncbi_dataset.zip    62.9MB 7.4MB/s
[1A[2K[1A[2KCollecting 1 genome record [================================================] 100% 1/1
Downloading: ncbi_dataset.zip    62.9MB 7.4MB/s
[1A[2K[1A[2KCollecting 1 genome record [================================================] 100% 1/1
Downloading: ncbi_dataset.zip    63MB 7.34MB/s
[1A[2K[1A[2KCollecting 1 genome record [================================================] 100% 1/1
Downloading: ncbi_dataset.zip    63.4MB 7.37MB/s
[1A[2K[1A[2KCollecting 1 genome record [================================================] 100% 1/1
Downloading: ncbi_dataset.zip    63.7MB 7.4MB/s
[1A[2K[1A[2KCollecting 1 genome record [================================================] 100% 1/1
Downloading: ncbi_dataset.zip    64MB 7.43MB/s
[1A[2K[1A[2KCollecting 1 genome record [================================================] 100% 1/1
Downloading: ncbi_dataset.zip    64.2MB 7.44MB/s
[1A[2K[1A[2KCollecting 1 genome record [================================================] 100% 1/1
Downloading: ncbi_dataset.zip    64.2MB 7.44MB/s
[1A[2K[1A[2KCollecting 1 genome record [================================================] 100% 1/1
Downloading: ncbi_dataset.zip    64.2MB 7.44MB/s
[1A[2K[1A[2KCollecting 1 genome record [================================================] 100% 1/1
Downloading: ncbi_dataset.zip    64.2MB 7.44MB/s
[1A[2K[1A[2KCollecting 1 genome record [================================================] 100% 1/1
Downloading: ncbi_dataset.zip    64.2MB 7.44MB/s
[1A[2K[1A[2KCollecting 1 genome record [================================================] 100% 1/1
Downloading: ncbi_dataset.zip    64.2MB 7.44MB/s
[1A[2K[1A[2KCollecting 1 genome record [================================================] 100% 1/1
Downloading: ncbi_dataset.zip    64.2MB 7.44MB/s
[1A[2K[1A[2KCollecting 1 genome record [================================================] 100% 1/1
Downloading: ncbi_dataset.zip    64.2MB 7.44MB/s
[1A[2K[1A[2KCollecting 1 genome record [================================================] 100% 1/1
Downloading: ncbi_dataset.zip    64.2MB 7.44MB/s
[1A[2K[1A[2KCollecting 1 genome record [================================================] 100% 1/1
Downloading: ncbi_dataset.zip    64.2MB 7.44MB/s
[1A[2K[1A[2KCollecting 1 genome record [================================================] 100% 1/1
Downloading: ncbi_dataset.zip    64.2MB 7.44MB/s
[1A[2K[1A[2KCollecting 1 genome record [================================================] 100% 1/1
Downloading: ncbi_dataset.zip    64.2MB 7.44MB/s
[1A[2K[1A[2KCollecting 1 genome record [================================================] 100% 1/1
Downloading: ncbi_dataset.zip    64.2MB 7.44MB/s
[1A[2K[1A[2KCollecting 1 genome record [================================================] 100% 1/1
Downloading: ncbi_dataset.zip    64.5MB 7.36MB/s
[1A[2K[1A[2KCollecting 1 genome record [================================================] 100% 1/1
Downloading: ncbi_dataset.zip    64.8MB 7.39MB/s
[1A[2K[1A[2KCollecting 1 genome record [================================================] 100% 1/1
Downloading: ncbi_dataset.zip    65.2MB 7.42MB/s
[1A[2K[1A[2KCollecting 1 genome record [================================================] 100% 1/1
Downloading: ncbi_dataset.zip    65.5MB 7.45MB/s
[1A[2K[1A[2KCollecting 1 genome record [================================================] 100% 1/1
Downloading: ncbi_dataset.zip    65.6MB 7.45MB/s
[1A[2K[1A[2KCollecting 1 genome record [================================================] 100% 1/1
Downloading: ncbi_dataset.zip    65.6MB 7.45MB/s
[1A[2K[1A[2KCollecting 1 genome record [================================================] 100% 1/1
Downloading: ncbi_dataset.zip    65.6MB 7.45MB/s
[1A[2K[1A[2KCollecting 1 genome record [================================================] 100% 1/1
Downloading: ncbi_dataset.zip    65.6MB 7.43MB/s
[1A[2K[1A[2KCollecting 1 genome record [================================================] 100% 1/1
Downloading: ncbi_dataset.zip    65.6MB 7.43MB/s
[1A[2K[1A[2KCollecting 1 genome record [================================================] 100% 1/1
Downloading: ncbi_dataset.zip    65.6MB 7.43MB/s
[1A[2K[1A[2KCollecting 1 genome record [================================================] 100% 1/1
Downloading: ncbi_dataset.zip    65.6MB 7.43MB/s
[1A[2K[1A[2KCollecting 1 genome record [================================================] 100% 1/1
Downloading: ncbi_dataset.zip    65.6MB 7.43MB/s
[1A[2K[1A[2KCollecting 1 genome record [================================================] 100% 1/1
Downloading: ncbi_dataset.zip    65.6MB 7.43MB/s
[1A[2K[1A[2KCollecting 1 genome record [================================================] 100% 1/1
Downloading: ncbi_dataset.zip    65.6MB 7.43MB/s
[1A[2K[1A[2KCollecting 1 genome record [================================================] 100% 1/1
Downloading: ncbi_dataset.zip    65.6MB 7.43MB/s
[1A[2K[1A[2KCollecting 1 genome record [================================================] 100% 1/1
Downloading: ncbi_dataset.zip    65.6MB 7.43MB/s
[1A[2K[1A[2KCollecting 1 genome record [================================================] 100% 1/1
Downloading: ncbi_dataset.zip    65.6MB 7.43MB/s
[1A[2K[1A[2KCollecting 1 genome record [================================================] 100% 1/1
Downloading: ncbi_dataset.zip    66MB 7.38MB/s
[1A[2K[1A[2KCollecting 1 genome record [================================================] 100% 1/1
Downloading: ncbi_dataset.zip    66.3MB 7.41MB/s
[1A[2K[1A[2KCollecting 1 genome record [================================================] 100% 1/1
Downloading: ncbi_dataset.zip    66.6MB 7.43MB/s
[1A[2K[1A[2KCollecting 1 genome record [================================================] 100% 1/1
Downloading: ncbi_dataset.zip    66.9MB 7.46MB/s
[1A[2K[1A[2KCollecting 1 genome record [================================================] 100% 1/1
Downloading: ncbi_dataset.zip    66.9MB 7.46MB/s
[1A[2K[1A[2KCollecting 1 genome record [================================================] 100% 1/1
Downloading: ncbi_dataset.zip    66.9MB 7.46MB/s
[1A[2K[1A[2KCollecting 1 genome record [================================================] 100% 1/1
Downloading: ncbi_dataset.zip    66.9MB 7.46MB/s
[1A[2K[1A[2KCollecting 1 genome record [================================================] 100% 1/1
Downloading: ncbi_dataset.zip    67MB 7.44MB/s
[1A[2K[1A[2KCollecting 1 genome record [================================================] 100% 1/1
Downloading: ncbi_dataset.zip    67MB 7.44MB/s
[1A[2K[1A[2KCollecting 1 genome record [================================================] 100% 1/1
Downloading: ncbi_dataset.zip    67MB 7.44MB/s
[1A[2K[1A[2KCollecting 1 genome record [================================================] 100% 1/1
Downloading: ncbi_dataset.zip    67MB 7.44MB/s
[1A[2K[1A[2KCollecting 1 genome record [================================================] 100% 1/1
Downloading: ncbi_dataset.zip    67MB 7.44MB/s
[1A[2K[1A[2KCollecting 1 genome record [================================================] 100% 1/1
Downloading: ncbi_dataset.zip    67MB 7.44MB/s
[1A[2K[1A[2KCollecting 1 genome record [================================================] 100% 1/1
Downloading: ncbi_dataset.zip    67MB 7.44MB/s
[1A[2K[1A[2KCollecting 1 genome record [================================================] 100% 1/1
Downloading: ncbi_dataset.zip    67MB 7.44MB/s
[1A[2K[1A[2KCollecting 1 genome record [================================================] 100% 1/1
Downloading: ncbi_dataset.zip    67MB 7.44MB/s
[1A[2K[1A[2KCollecting 1 genome record [================================================] 100% 1/1
Downloading: ncbi_dataset.zip    67MB 7.36MB/s
[1A[2K[1A[2KCollecting 1 genome record [================================================] 100% 1/1
Downloading: ncbi_dataset.zip    67.4MB 7.39MB/s
[1A[2K[1A[2KCollecting 1 genome record [================================================] 100% 1/1
Downloading: ncbi_dataset.zip    67.7MB 7.41MB/s
[1A[2K[1A[2KCollecting 1 genome record [================================================] 100% 1/1
Downloading: ncbi_dataset.zip    67.9MB 7.43MB/s
[1A[2K[1A[2KCollecting 1 genome record [================================================] 100% 1/1
Downloading: ncbi_dataset.zip    68.3MB 7.46MB/s
[1A[2K[1A[2KCollecting 1 genome record [================================================] 100% 1/1
Downloading: ncbi_dataset.zip    68.3MB 7.46MB/s
[1A[2K[1A[2KCollecting 1 genome record [================================================] 100% 1/1
Downloading: ncbi_dataset.zip    68.3MB 7.46MB/s
[1A[2K[1A[2KCollecting 1 genome record [================================================] 100% 1/1
Downloading: ncbi_dataset.zip    68.3MB 7.46MB/s
[1A[2K[1A[2KCollecting 1 genome record [================================================] 100% 1/1
Downloading: ncbi_dataset.zip    68.4MB 7.44MB/s
[1A[2K[1A[2KCollecting 1 genome record [================================================] 100% 1/1
Downloading: ncbi_dataset.zip    68.4MB 7.44MB/s
[1A[2K[1A[2KCollecting 1 genome record [================================================] 100% 1/1
Downloading: ncbi_dataset.zip    68.4MB 7.44MB/s
[1A[2K[1A[2KCollecting 1 genome record [================================================] 100% 1/1
Downloading: ncbi_dataset.zip    68.4MB 7.44MB/s
[1A[2K[1A[2KCollecting 1 genome record [================================================] 100% 1/1
Downloading: ncbi_dataset.zip    68.4MB 7.44MB/s
[1A[2K[1A[2KCollecting 1 genome record [================================================] 100% 1/1
Downloading: ncbi_dataset.zip    68.4MB 7.44MB/s
[1A[2K[1A[2KCollecting 1 genome record [================================================] 100% 1/1
Downloading: ncbi_dataset.zip    68.4MB 7.44MB/s
[1A[2K[1A[2KCollecting 1 genome record [================================================] 100% 1/1
Downloading: ncbi_dataset.zip    68.4MB 7.44MB/s
[1A[2K[1A[2KCollecting 1 genome record [================================================] 100% 1/1
Downloading: ncbi_dataset.zip    68.4MB 7.44MB/s
[1A[2K[1A[2KCollecting 1 genome record [================================================] 100% 1/1
Downloading: ncbi_dataset.zip    68.6MB 7.39MB/s
[1A[2K[1A[2KCollecting 1 genome record [================================================] 100% 1/1
Downloading: ncbi_dataset.zip    68.9MB 7.41MB/s
[1A[2K[1A[2KCollecting 1 genome record [================================================] 100% 1/1
Downloading: ncbi_dataset.zip    69.2MB 7.44MB/s
[1A[2K[1A[2KCollecting 1 genome record [================================================] 100% 1/1
Downloading: ncbi_dataset.zip    69.2MB 7.44MB/s
[1A[2K[1A[2KCollecting 1 genome record [================================================] 100% 1/1
Downloading: ncbi_dataset.zip    69.2MB 7.44MB/s
[1A[2K[1A[2KCollecting 1 genome record [================================================] 100% 1/1
Downloading: ncbi_dataset.zip    69.2MB 7.44MB/s
[1A[2K[1A[2KCollecting 1 genome record [================================================] 100% 1/1
Downloading: ncbi_dataset.zip    69.2MB 7.44MB/s
[1A[2K[1A[2KCollecting 1 genome record [================================================] 100% 1/1
Downloading: ncbi_dataset.zip    69.2MB 7.44MB/s
[1A[2K[1A[2KCollecting 1 genome record [================================================] 100% 1/1
Downloading: ncbi_dataset.zip    69.2MB 7.44MB/s
[1A[2K[1A[2KCollecting 1 genome record [================================================] 100% 1/1
Downloading: ncbi_dataset.zip    69.2MB 7.44MB/s
[1A[2K[1A[2KCollecting 1 genome record [================================================] 100% 1/1
Downloading: ncbi_dataset.zip    69.2MB 7.44MB/s
[1A[2K[1A[2KCollecting 1 genome record [================================================] 100% 1/1
Downloading: ncbi_dataset.zip    69.2MB 7.44MB/s
[1A[2K[1A[2KCollecting 1 genome record [================================================] 100% 1/1
Downloading: ncbi_dataset.zip    69.2MB 7.44MB/s
[1A[2K[1A[2KCollecting 1 genome record [================================================] 100% 1/1
Downloading: ncbi_dataset.zip    69.2MB 7.44MB/s
[1A[2K[1A[2KCollecting 1 genome record [================================================] 100% 1/1
Downloading: ncbi_dataset.zip    69.2MB 7.44MB/s
[1A[2K[1A[2KCollecting 1 genome record [================================================] 100% 1/1
Downloading: ncbi_dataset.zip    69.2MB 7.44MB/s
[1A[2K[1A[2KCollecting 1 genome record [================================================] 100% 1/1
Downloading: ncbi_dataset.zip    69.2MB 7.44MB/s
[1A[2K[1A[2KCollecting 1 genome record [================================================] 100% 1/1
Downloading: ncbi_dataset.zip    69.2MB 7.44MB/s
[1A[2K[1A[2KCollecting 1 genome record [================================================] 100% 1/1
Downloading: ncbi_dataset.zip    69.5MB 7.34MB/s
[1A[2K[1A[2KCollecting 1 genome record [================================================] 100% 1/1
Downloading: ncbi_dataset.zip    69.8MB 7.36MB/s
[1A[2K[1A[2KCollecting 1 genome record [================================================] 100% 1/1
Downloading: ncbi_dataset.zip    70.1MB 7.39MB/s
[1A[2K[1A[2KCollecting 1 genome record [================================================] 100% 1/1
Downloading: ncbi_dataset.zip    70.5MB 7.42MB/s
[1A[2K[1A[2KCollecting 1 genome record [================================================] 100% 1/1
Downloading: ncbi_dataset.zip    70.8MB 7.45MB/s
[1A[2K[1A[2KCollecting 1 genome record [================================================] 100% 1/1
Downloading: ncbi_dataset.zip    70.9MB 7.46MB/s
[1A[2K[1A[2KCollecting 1 genome record [================================================] 100% 1/1
Downloading: ncbi_dataset.zip    70.9MB 7.46MB/s
[1A[2K[1A[2KCollecting 1 genome record [================================================] 100% 1/1
Downloading: ncbi_dataset.zip    70.9MB 7.46MB/s
[1A[2K[1A[2KCollecting 1 genome record [================================================] 100% 1/1
Downloading: ncbi_dataset.zip    70.9MB 7.46MB/s
[1A[2K[1A[2KCollecting 1 genome record [================================================] 100% 1/1
Downloading: ncbi_dataset.zip    70.9MB 7.42MB/s
[1A[2K[1A[2KCollecting 1 genome record [================================================] 100% 1/1
Downloading: ncbi_dataset.zip    70.9MB 7.42MB/s
[1A[2K[1A[2KCollecting 1 genome record [================================================] 100% 1/1
Downloading: ncbi_dataset.zip    70.9MB 7.42MB/s
[1A[2K[1A[2KCollecting 1 genome record [================================================] 100% 1/1
Downloading: ncbi_dataset.zip    70.9MB 7.42MB/s
[1A[2K[1A[2KCollecting 1 genome record [================================================] 100% 1/1
Downloading: ncbi_dataset.zip    70.9MB 7.42MB/s
[1A[2K[1A[2KCollecting 1 genome record [================================================] 100% 1/1
Downloading: ncbi_dataset.zip    70.9MB 7.42MB/s
[1A[2K[1A[2KCollecting 1 genome record [================================================] 100% 1/1
Downloading: ncbi_dataset.zip    70.9MB 7.42MB/s
[1A[2K[1A[2KCollecting 1 genome record [================================================] 100% 1/1
Downloading: ncbi_dataset.zip    71.3MB 7.41MB/s
[1A[2K[1A[2KCollecting 1 genome record [================================================] 100% 1/1
Downloading: ncbi_dataset.zip    71.7MB 7.44MB/s
[1A[2K[1A[2KCollecting 1 genome record [================================================] 100% 1/1
Downloading: ncbi_dataset.zip    71.8MB 7.45MB/s
[1A[2K[1A[2KCollecting 1 genome record [================================================] 100% 1/1
Downloading: ncbi_dataset.zip    71.9MB 7.45MB/s
[1A[2K[1A[2KCollecting 1 genome record [================================================] 100% 1/1
Downloading: ncbi_dataset.zip    71.9MB 7.45MB/s
[1A[2K[1A[2KCollecting 1 genome record [================================================] 100% 1/1
Downloading: ncbi_dataset.zip    71.9MB 7.45MB/s
[1A[2K[1A[2KCollecting 1 genome record [================================================] 100% 1/1
Downloading: ncbi_dataset.zip    71.9MB 7.42MB/s
[1A[2K[1A[2KCollecting 1 genome record [================================================] 100% 1/1
Downloading: ncbi_dataset.zip    71.9MB 7.42MB/s
[1A[2K[1A[2KCollecting 1 genome record [================================================] 100% 1/1
Downloading: ncbi_dataset.zip    71.9MB 7.42MB/s
[1A[2K[1A[2KCollecting 1 genome record [================================================] 100% 1/1
Downloading: ncbi_dataset.zip    71.9MB 7.42MB/s
[1A[2K[1A[2KCollecting 1 genome record [================================================] 100% 1/1
Downloading: ncbi_dataset.zip    71.9MB 7.42MB/s
[1A[2K[1A[2KCollecting 1 genome record [================================================] 100% 1/1
Downloading: ncbi_dataset.zip    71.9MB 7.42MB/s
[1A[2K[1A[2KCollecting 1 genome record [================================================] 100% 1/1
Downloading: ncbi_dataset.zip    71.9MB 7.42MB/s
[1A[2K[1A[2KCollecting 1 genome record [================================================] 100% 1/1
Downloading: ncbi_dataset.zip    71.9MB 7.42MB/s
[1A[2K[1A[2KCollecting 1 genome record [================================================] 100% 1/1
Downloading: ncbi_dataset.zip    71.9MB 7.42MB/s
[1A[2K[1A[2KCollecting 1 genome record [================================================] 100% 1/1
Downloading: ncbi_dataset.zip    71.9MB 7.42MB/s
[1A[2K[1A[2KCollecting 1 genome record [================================================] 100% 1/1
Downloading: ncbi_dataset.zip    72MB 7.35MB/s
[1A[2K[1A[2KCollecting 1 genome record [================================================] 100% 1/1
Downloading: ncbi_dataset.zip    72.5MB 7.39MB/s
[1A[2K[1A[2KCollecting 1 genome record [================================================] 100% 1/1
Downloading: ncbi_dataset.zip    72.8MB 7.42MB/s
[1A[2K[1A[2KCollecting 1 genome record [================================================] 100% 1/1
Downloading: ncbi_dataset.zip    72.8MB 7.41MB/s
[1A[2K[1A[2KCollecting 1 genome record [================================================] 100% 1/1
Downloading: ncbi_dataset.zip    72.8MB 7.41MB/s
[1A[2K[1A[2KCollecting 1 genome record [================================================] 100% 1/1
Downloading: ncbi_dataset.zip    72.8MB 7.41MB/s
[1A[2K[1A[2KCollecting 1 genome record [================================================] 100% 1/1
Downloading: ncbi_dataset.zip    72.8MB 7.41MB/s
[1A[2K[1A[2KCollecting 1 genome record [================================================] 100% 1/1
Downloading: ncbi_dataset.zip    72.9MB 7.39MB/s
[1A[2K[1A[2KCollecting 1 genome record [================================================] 100% 1/1
Downloading: ncbi_dataset.zip    72.9MB 7.39MB/s
[1A[2K[1A[2KCollecting 1 genome record [================================================] 100% 1/1
Downloading: ncbi_dataset.zip    72.9MB 7.39MB/s
[1A[2K[1A[2KCollecting 1 genome record [================================================] 100% 1/1
Downloading: ncbi_dataset.zip    72.9MB 7.39MB/s
[1A[2K[1A[2KCollecting 1 genome record [================================================] 100% 1/1
Downloading: ncbi_dataset.zip    72.9MB 7.39MB/s
[1A[2K[1A[2KCollecting 1 genome record [================================================] 100% 1/1
Downloading: ncbi_dataset.zip    72.9MB 7.39MB/s
[1A[2K[1A[2KCollecting 1 genome record [================================================] 100% 1/1
Downloading: ncbi_dataset.zip    72.9MB 7.39MB/s
[1A[2K[1A[2KCollecting 1 genome record [================================================] 100% 1/1
Downloading: ncbi_dataset.zip    72.9MB 7.39MB/s
[1A[2K[1A[2KCollecting 1 genome record [================================================] 100% 1/1
Downloading: ncbi_dataset.zip    72.9MB 7.39MB/s
[1A[2K[1A[2KCollecting 1 genome record [================================================] 100% 1/1
Downloading: ncbi_dataset.zip    72.9MB 7.39MB/s
[1A[2K[1A[2KCollecting 1 genome record [================================================] 100% 1/1
Downloading: ncbi_dataset.zip    73.1MB 7.33MB/s
[1A[2K[1A[2KCollecting 1 genome record [================================================] 100% 1/1
Downloading: ncbi_dataset.zip    73.7MB 7.38MB/s
[1A[2K[1A[2KCollecting 1 genome record [================================================] 100% 1/1
Downloading: ncbi_dataset.zip    73.8MB 7.39MB/s
[1A[2K[1A[2KCollecting 1 genome record [================================================] 100% 1/1
Downloading: ncbi_dataset.zip    73.8MB 7.39MB/s
[1A[2K[1A[2KCollecting 1 genome record [================================================] 100% 1/1
Downloading: ncbi_dataset.zip    73.9MB 7.37MB/s
[1A[2K[1A[2KCollecting 1 genome record [================================================] 100% 1/1
Downloading: ncbi_dataset.zip    73.9MB 7.37MB/s
[1A[2K[1A[2KCollecting 1 genome record [================================================] 100% 1/1
Downloading: ncbi_dataset.zip    73.9MB 7.37MB/s
[1A[2K[1A[2KCollecting 1 genome record [================================================] 100% 1/1
Downloading: ncbi_dataset.zip    73.9MB 7.37MB/s
[1A[2K[1A[2KCollecting 1 genome record [================================================] 100% 1/1
Downloading: ncbi_dataset.zip    73.9MB 7.37MB/s
[1A[2K[1A[2KCollecting 1 genome record [================================================] 100% 1/1
Downloading: ncbi_dataset.zip    73.9MB 7.37MB/s
[1A[2K[1A[2KCollecting 1 genome record [================================================] 100% 1/1
Downloading: ncbi_dataset.zip    73.9MB 7.37MB/s
[1A[2K[1A[2KCollecting 1 genome record [================================================] 100% 1/1
Downloading: ncbi_dataset.zip    73.9MB 7.37MB/s
[1A[2K[1A[2KCollecting 1 genome record [================================================] 100% 1/1
Downloading: ncbi_dataset.zip    73.9MB 7.37MB/s
[1A[2K[1A[2KCollecting 1 genome record [================================================] 100% 1/1
Downloading: ncbi_dataset.zip    73.9MB 7.37MB/s
[1A[2K[1A[2KCollecting 1 genome record [================================================] 100% 1/1
Downloading: ncbi_dataset.zip    73.9MB 7.37MB/s
[1A[2K[1A[2KCollecting 1 genome record [================================================] 100% 1/1
Downloading: ncbi_dataset.zip    73.9MB 7.37MB/s
[1A[2K[1A[2KCollecting 1 genome record [================================================] 100% 1/1
Downloading: ncbi_dataset.zip    74MB 7.29MB/s
[1A[2K[1A[2KCollecting 1 genome record [================================================] 100% 1/1
Downloading: ncbi_dataset.zip    74.4MB 7.33MB/s
[1A[2K[1A[2KCollecting 1 genome record [================================================] 100% 1/1
Downloading: ncbi_dataset.zip    74.8MB 7.36MB/s
[1A[2K[1A[2KCollecting 1 genome record [================================================] 100% 1/1
Downloading: ncbi_dataset.zip    74.8MB 7.36MB/s
[1A[2K[1A[2KCollecting 1 genome record [================================================] 100% 1/1
Downloading: ncbi_dataset.zip    74.8MB 7.36MB/s
[1A[2K[1A[2KCollecting 1 genome record [================================================] 100% 1/1
Downloading: ncbi_dataset.zip    74.8MB 7.36MB/s
[1A[2K[1A[2KCollecting 1 genome record [================================================] 100% 1/1
Downloading: ncbi_dataset.zip    74.8MB 7.36MB/s
[1A[2K[1A[2KCollecting 1 genome record [================================================] 100% 1/1
Downloading: ncbi_dataset.zip    74.9MB 7.33MB/s
[1A[2K[1A[2KCollecting 1 genome record [================================================] 100% 1/1
Downloading: ncbi_dataset.zip    74.9MB 7.33MB/s
[1A[2K[1A[2KCollecting 1 genome record [================================================] 100% 1/1
Downloading: ncbi_dataset.zip    74.9MB 7.33MB/s
[1A[2K[1A[2KCollecting 1 genome record [================================================] 100% 1/1
Downloading: ncbi_dataset.zip    74.9MB 7.33MB/s
[1A[2K[1A[2KCollecting 1 genome record [================================================] 100% 1/1
Downloading: ncbi_dataset.zip    74.9MB 7.33MB/s
[1A[2K[1A[2KCollecting 1 genome record [================================================] 100% 1/1
Downloading: ncbi_dataset.zip    74.9MB 7.33MB/s
[1A[2K[1A[2KCollecting 1 genome record [================================================] 100% 1/1
Downloading: ncbi_dataset.zip    74.9MB 7.33MB/s
[1A[2K[1A[2KCollecting 1 genome record [================================================] 100% 1/1
Downloading: ncbi_dataset.zip    74.9MB 7.33MB/s
[1A[2K[1A[2KCollecting 1 genome record [================================================] 100% 1/1
Downloading: ncbi_dataset.zip    74.9MB 7.33MB/s
[1A[2K[1A[2KCollecting 1 genome record [================================================] 100% 1/1
Downloading: ncbi_dataset.zip    74.9MB 7.33MB/s
[1A[2K[1A[2KCollecting 1 genome record [================================================] 100% 1/1
Downloading: ncbi_dataset.zip    75.1MB 7.28MB/s
[1A[2K[1A[2KCollecting 1 genome record [================================================] 100% 1/1
Downloading: ncbi_dataset.zip    75.5MB 7.31MB/s
[1A[2K[1A[2KCollecting 1 genome record [================================================] 100% 1/1
Downloading: ncbi_dataset.zip    75.9MB 7.34MB/s
[1A[2K[1A[2KCollecting 1 genome record [================================================] 100% 1/1
Downloading: ncbi_dataset.zip    75.9MB 7.34MB/s
[1A[2K[1A[2KCollecting 1 genome record [================================================] 100% 1/1
Downloading: ncbi_dataset.zip    75.9MB 7.34MB/s
[1A[2K[1A[2KCollecting 1 genome record [================================================] 100% 1/1
Downloading: ncbi_dataset.zip    75.9MB 7.33MB/s
[1A[2K[1A[2KCollecting 1 genome record [================================================] 100% 1/1
Downloading: ncbi_dataset.zip    75.9MB 7.33MB/s
[1A[2K[1A[2KCollecting 1 genome record [================================================] 100% 1/1
Downloading: ncbi_dataset.zip    75.9MB 7.33MB/s
[1A[2K[1A[2KCollecting 1 genome record [================================================] 100% 1/1
Downloading: ncbi_dataset.zip    75.9MB 7.33MB/s
[1A[2K[1A[2KCollecting 1 genome record [================================================] 100% 1/1
Downloading: ncbi_dataset.zip    75.9MB 7.33MB/s
[1A[2K[1A[2KCollecting 1 genome record [================================================] 100% 1/1
Downloading: ncbi_dataset.zip    75.9MB 7.29MB/s
[1A[2K[1A[2KCollecting 1 genome record [================================================] 100% 1/1
Downloading: ncbi_dataset.zip    75.9MB 7.29MB/s
[1A[2K[1A[2KCollecting 1 genome record [================================================] 100% 1/1
Downloading: ncbi_dataset.zip    75.9MB 7.29MB/s
[1A[2K[1A[2KCollecting 1 genome record [================================================] 100% 1/1
Downloading: ncbi_dataset.zip    75.9MB 7.29MB/s
[1A[2K[1A[2KCollecting 1 genome record [================================================] 100% 1/1
Downloading: ncbi_dataset.zip    75.9MB 7.29MB/s
[1A[2K[1A[2KCollecting 1 genome record [================================================] 100% 1/1
Downloading: ncbi_dataset.zip    75.9MB 7.29MB/s
[1A[2K[1A[2KCollecting 1 genome record [================================================] 100% 1/1
Downloading: ncbi_dataset.zip    75.9MB 7.29MB/s
[1A[2K[1A[2KCollecting 1 genome record [================================================] 100% 1/1
Downloading: ncbi_dataset.zip    76.2MB 7.26MB/s
[1A[2K[1A[2KCollecting 1 genome record [================================================] 100% 1/1
Downloading: ncbi_dataset.zip    76.7MB 7.3MB/s
[1A[2K[1A[2KCollecting 1 genome record [================================================] 100% 1/1
Downloading: ncbi_dataset.zip    76.9MB 7.32MB/s
[1A[2K[1A[2KCollecting 1 genome record [================================================] 100% 1/1
Downloading: ncbi_dataset.zip    76.9MB 7.31MB/s
[1A[2K[1A[2KCollecting 1 genome record [================================================] 100% 1/1
Downloading: ncbi_dataset.zip    76.9MB 7.31MB/s
[1A[2K[1A[2KCollecting 1 genome record [================================================] 100% 1/1
Downloading: ncbi_dataset.zip    76.9MB 7.31MB/s
[1A[2K[1A[2KCollecting 1 genome record [================================================] 100% 1/1
Downloading: ncbi_dataset.zip    76.9MB 7.29MB/s
[1A[2K[1A[2KCollecting 1 genome record [================================================] 100% 1/1
Downloading: ncbi_dataset.zip    76.9MB 7.29MB/s
[1A[2K[1A[2KCollecting 1 genome record [================================================] 100% 1/1
Downloading: ncbi_dataset.zip    76.9MB 7.29MB/s
[1A[2K[1A[2KCollecting 1 genome record [================================================] 100% 1/1
Downloading: ncbi_dataset.zip    76.9MB 7.29MB/s
[1A[2K[1A[2KCollecting 1 genome record [================================================] 100% 1/1
Downloading: ncbi_dataset.zip    76.9MB 7.29MB/s
[1A[2K[1A[2KCollecting 1 genome record [================================================] 100% 1/1
Downloading: ncbi_dataset.zip    76.9MB 7.29MB/s
[1A[2K[1A[2KCollecting 1 genome record [================================================] 100% 1/1
Downloading: ncbi_dataset.zip    76.9MB 7.29MB/s
[1A[2K[1A[2KCollecting 1 genome record [================================================] 100% 1/1
Downloading: ncbi_dataset.zip    76.9MB 7.29MB/s
[1A[2K[1A[2KCollecting 1 genome record [================================================] 100% 1/1
Downloading: ncbi_dataset.zip    76.9MB 7.29MB/s
[1A[2K[1A[2KCollecting 1 genome record [================================================] 100% 1/1
Downloading: ncbi_dataset.zip    76.9MB 7.29MB/s
[1A[2K[1A[2KCollecting 1 genome record [================================================] 100% 1/1
Downloading: ncbi_dataset.zip    77.1MB 7.24MB/s
[1A[2K[1A[2KCollecting 1 genome record [================================================] 100% 1/1
Downloading: ncbi_dataset.zip    77.5MB 7.26MB/s
[1A[2K[1A[2KCollecting 1 genome record [================================================] 100% 1/1
Downloading: ncbi_dataset.zip    77.9MB 7.3MB/s
[1A[2K[1A[2KCollecting 1 genome record [================================================] 100% 1/1
Downloading: ncbi_dataset.zip    77.9MB 7.3MB/s
[1A[2K[1A[2KCollecting 1 genome record [================================================] 100% 1/1
Downloading: ncbi_dataset.zip    78MB 7.29MB/s
[1A[2K[1A[2KCollecting 1 genome record [================================================] 100% 1/1
Downloading: ncbi_dataset.zip    78MB 7.29MB/s
[1A[2K[1A[2KCollecting 1 genome record [================================================] 100% 1/1
Downloading: ncbi_dataset.zip    78MB 7.29MB/s
[1A[2K[1A[2KCollecting 1 genome record [================================================] 100% 1/1
Downloading: ncbi_dataset.zip    78MB 7.29MB/s
[1A[2K[1A[2KCollecting 1 genome record [================================================] 100% 1/1
Downloading: ncbi_dataset.zip    78MB 7.26MB/s
[1A[2K[1A[2KCollecting 1 genome record [================================================] 100% 1/1
Downloading: ncbi_dataset.zip    78MB 7.26MB/s
[1A[2K[1A[2KCollecting 1 genome record [================================================] 100% 1/1
Downloading: ncbi_dataset.zip    78MB 7.26MB/s
[1A[2K[1A[2KCollecting 1 genome record [================================================] 100% 1/1
Downloading: ncbi_dataset.zip    78MB 7.26MB/s
[1A[2K[1A[2KCollecting 1 genome record [================================================] 100% 1/1
Downloading: ncbi_dataset.zip    78MB 7.26MB/s
[1A[2K[1A[2KCollecting 1 genome record [================================================] 100% 1/1
Downloading: ncbi_dataset.zip    78MB 7.26MB/s
[1A[2K[1A[2KCollecting 1 genome record [================================================] 100% 1/1
Downloading: ncbi_dataset.zip    78MB 7.26MB/s
[1A[2K[1A[2KCollecting 1 genome record [================================================] 100% 1/1
Downloading: ncbi_dataset.zip    78MB 7.26MB/s
[1A[2K[1A[2KCollecting 1 genome record [================================================] 100% 1/1
Downloading: ncbi_dataset.zip    78MB 7.26MB/s
[1A[2K[1A[2KCollecting 1 genome record [================================================] 100% 1/1
Downloading: ncbi_dataset.zip    78.2MB 7.22MB/s
[1A[2K[1A[2KCollecting 1 genome record [================================================] 100% 1/1
Downloading: ncbi_dataset.zip    78.7MB 7.26MB/s
[1A[2K[1A[2KCollecting 1 genome record [================================================] 100% 1/1
Downloading: ncbi_dataset.zip    79MB 7.28MB/s
[1A[2K[1A[2KCollecting 1 genome record [================================================] 100% 1/1
Downloading: ncbi_dataset.zip    79MB 7.28MB/s
[1A[2K[1A[2KCollecting 1 genome record [================================================] 100% 1/1
Downloading: ncbi_dataset.zip    79MB 7.27MB/s
[1A[2K[1A[2KCollecting 1 genome record [================================================] 100% 1/1
Downloading: ncbi_dataset.zip    79MB 7.27MB/s
[1A[2K[1A[2KCollecting 1 genome record [================================================] 100% 1/1
Downloading: ncbi_dataset.zip    79MB 7.27MB/s
[1A[2K[1A[2KCollecting 1 genome record [================================================] 100% 1/1
Downloading: ncbi_dataset.zip    79MB 7.25MB/s
[1A[2K[1A[2KCollecting 1 genome record [================================================] 100% 1/1
Downloading: ncbi_dataset.zip    79MB 7.25MB/s
[1A[2K[1A[2KCollecting 1 genome record [================================================] 100% 1/1
Downloading: ncbi_dataset.zip    79MB 7.25MB/s
[1A[2K[1A[2KCollecting 1 genome record [================================================] 100% 1/1
Downloading: ncbi_dataset.zip    79MB 7.25MB/s
[1A[2K[1A[2KCollecting 1 genome record [================================================] 100% 1/1
Downloading: ncbi_dataset.zip    79MB 7.25MB/s
[1A[2K[1A[2KCollecting 1 genome record [================================================] 100% 1/1
Downloading: ncbi_dataset.zip    79MB 7.25MB/s
[1A[2K[1A[2KCollecting 1 genome record [================================================] 100% 1/1
Downloading: ncbi_dataset.zip    79MB 7.25MB/s
[1A[2K[1A[2KCollecting 1 genome record [================================================] 100% 1/1
Downloading: ncbi_dataset.zip    79MB 7.25MB/s
[1A[2K[1A[2KCollecting 1 genome record [================================================] 100% 1/1
Downloading: ncbi_dataset.zip    79MB 7.25MB/s
[1A[2K[1A[2KCollecting 1 genome record [================================================] 100% 1/1
Downloading: ncbi_dataset.zip    79MB 7.25MB/s
[1A[2K[1A[2KCollecting 1 genome record [================================================] 100% 1/1
Downloading: ncbi_dataset.zip    79.5MB 7.22MB/s
[1A[2K[1A[2KCollecting 1 genome record [================================================] 100% 1/1
Downloading: ncbi_dataset.zip    79.9MB 7.25MB/s
[1A[2K[1A[2KCollecting 1 genome record [================================================] 100% 1/1
Downloading: ncbi_dataset.zip    80MB 7.26MB/s
[1A[2K[1A[2KCollecting 1 genome record [================================================] 100% 1/1
Downloading: ncbi_dataset.zip    80.1MB 7.26MB/s
[1A[2K[1A[2KCollecting 1 genome record [================================================] 100% 1/1
Downloading: ncbi_dataset.zip    80.1MB 7.26MB/s
[1A[2K[1A[2KCollecting 1 genome record [================================================] 100% 1/1
Downloading: ncbi_dataset.zip    80.1MB 7.25MB/s
[1A[2K[1A[2KCollecting 1 genome record [================================================] 100% 1/1
Downloading: ncbi_dataset.zip    80.1MB 7.25MB/s
[1A[2K[1A[2KCollecting 1 genome record [================================================] 100% 1/1
Downloading: ncbi_dataset.zip    80.1MB 7.25MB/s
[1A[2K[1A[2KCollecting 1 genome record [================================================] 100% 1/1
Downloading: ncbi_dataset.zip    80.1MB 7.25MB/s
[1A[2K[1A[2KCollecting 1 genome record [================================================] 100% 1/1
Downloading: ncbi_dataset.zip    80.1MB 7.22MB/s
[1A[2K[1A[2KCollecting 1 genome record [================================================] 100% 1/1
Downloading: ncbi_dataset.zip    80.1MB 7.22MB/s
[1A[2K[1A[2KCollecting 1 genome record [================================================] 100% 1/1
Downloading: ncbi_dataset.zip    80.1MB 7.22MB/s
[1A[2K[1A[2KCollecting 1 genome record [================================================] 100% 1/1
Downloading: ncbi_dataset.zip    80.1MB 7.22MB/s
[1A[2K[1A[2KCollecting 1 genome record [================================================] 100% 1/1
Downloading: ncbi_dataset.zip    80.1MB 7.22MB/s
[1A[2K[1A[2KCollecting 1 genome record [================================================] 100% 1/1
Downloading: ncbi_dataset.zip    80.1MB 7.22MB/s
[1A[2K[1A[2KCollecting 1 genome record [================================================] 100% 1/1
Downloading: ncbi_dataset.zip    80.1MB 7.22MB/s
[1A[2K[1A[2KCollecting 1 genome record [================================================] 100% 1/1
Downloading: ncbi_dataset.zip    80.2MB 7.18MB/s
[1A[2K[1A[2KCollecting 1 genome record [================================================] 100% 1/1
Downloading: ncbi_dataset.zip    80.6MB 7.21MB/s
[1A[2K[1A[2KCollecting 1 genome record [================================================] 100% 1/1
Downloading: ncbi_dataset.zip    81.1MB 7.24MB/s
[1A[2K[1A[2KCollecting 1 genome record [================================================] 100% 1/1
Downloading: ncbi_dataset.zip    81.1MB 7.24MB/s
[1A[2K[1A[2KCollecting 1 genome record [================================================] 100% 1/1
Downloading: ncbi_dataset.zip    81.1MB 7.24MB/s
[1A[2K[1A[2KCollecting 1 genome record [================================================] 100% 1/1
Downloading: ncbi_dataset.zip    81.1MB 7.24MB/s
[1A[2K[1A[2KCollecting 1 genome record [================================================] 100% 1/1
Downloading: ncbi_dataset.zip    81.1MB 7.24MB/s
[1A[2K[1A[2KCollecting 1 genome record [================================================] 100% 1/1
Downloading: ncbi_dataset.zip    81.2MB 7.22MB/s
[1A[2K[1A[2KCollecting 1 genome record [================================================] 100% 1/1
Downloading: ncbi_dataset.zip    81.2MB 7.22MB/s
[1A[2K[1A[2KCollecting 1 genome record [================================================] 100% 1/1
Downloading: ncbi_dataset.zip    81.2MB 7.22MB/s
[1A[2K[1A[2KCollecting 1 genome record [================================================] 100% 1/1
Downloading: ncbi_dataset.zip    81.2MB 7.22MB/s
[1A[2K[1A[2KCollecting 1 genome record [================================================] 100% 1/1
Downloading: ncbi_dataset.zip    81.2MB 7.22MB/s
[1A[2K[1A[2KCollecting 1 genome record [================================================] 100% 1/1
Downloading: ncbi_dataset.zip    81.2MB 7.19MB/s
[1A[2K[1A[2KCollecting 1 genome record [================================================] 100% 1/1
Downloading: ncbi_dataset.zip    81.2MB 7.19MB/s
[1A[2K[1A[2KCollecting 1 genome record [================================================] 100% 1/1
Downloading: ncbi_dataset.zip    81.2MB 7.19MB/s
[1A[2K[1A[2KCollecting 1 genome record [================================================] 100% 1/1
Downloading: ncbi_dataset.zip    81.2MB 7.19MB/s
[1A[2K[1A[2KCollecting 1 genome record [================================================] 100% 1/1
Downloading: ncbi_dataset.zip    81.2MB 7.19MB/s
[1A[2K[1A[2KCollecting 1 genome record [================================================] 100% 1/1
Downloading: ncbi_dataset.zip    81.5MB 7.18MB/s
[1A[2K[1A[2KCollecting 1 genome record [================================================] 100% 1/1
Downloading: ncbi_dataset.zip    82MB 7.22MB/s
[1A[2K[1A[2KCollecting 1 genome record [================================================] 100% 1/1
Downloading: ncbi_dataset.zip    82.2MB 7.23MB/s
[1A[2K[1A[2KCollecting 1 genome record [================================================] 100% 1/1
Downloading: ncbi_dataset.zip    82.2MB 7.22MB/s
[1A[2K[1A[2KCollecting 1 genome record [================================================] 100% 1/1
Downloading: ncbi_dataset.zip    82.2MB 7.22MB/s
[1A[2K[1A[2KCollecting 1 genome record [================================================] 100% 1/1
Downloading: ncbi_dataset.zip    82.2MB 7.22MB/s
[1A[2K[1A[2KCollecting 1 genome record [================================================] 100% 1/1
Downloading: ncbi_dataset.zip    82.2MB 7.22MB/s
[1A[2K[1A[2KCollecting 1 genome record [================================================] 100% 1/1
Downloading: ncbi_dataset.zip    82.2MB 7.2MB/s
[1A[2K[1A[2KCollecting 1 genome record [================================================] 100% 1/1
Downloading: ncbi_dataset.zip    82.2MB 7.2MB/s
[1A[2K[1A[2KCollecting 1 genome record [================================================] 100% 1/1
Downloading: ncbi_dataset.zip    82.2MB 7.2MB/s
[1A[2K[1A[2KCollecting 1 genome record [================================================] 100% 1/1
Downloading: ncbi_dataset.zip    82.2MB 7.2MB/s
[1A[2K[1A[2KCollecting 1 genome record [================================================] 100% 1/1
Downloading: ncbi_dataset.zip    82.3MB 7.18MB/s
[1A[2K[1A[2KCollecting 1 genome record [================================================] 100% 1/1
Downloading: ncbi_dataset.zip    82.3MB 7.18MB/s
[1A[2K[1A[2KCollecting 1 genome record [================================================] 100% 1/1
Downloading: ncbi_dataset.zip    82.3MB 7.18MB/s
[1A[2K[1A[2KCollecting 1 genome record [================================================] 100% 1/1
Downloading: ncbi_dataset.zip    82.3MB 7.18MB/s
[1A[2K[1A[2KCollecting 1 genome record [================================================] 100% 1/1
Downloading: ncbi_dataset.zip    82.3MB 7.18MB/s
[1A[2K[1A[2KCollecting 1 genome record [================================================] 100% 1/1
Downloading: ncbi_dataset.zip    82.3MB 7.15MB/s
[1A[2K[1A[2KCollecting 1 genome record [================================================] 100% 1/1
Downloading: ncbi_dataset.zip    82.7MB 7.18MB/s
[1A[2K[1A[2KCollecting 1 genome record [================================================] 100% 1/1
Downloading: ncbi_dataset.zip    82.8MB 7.18MB/s
[1A[2K[1A[2KCollecting 1 genome record [================================================] 100% 1/1
Downloading: ncbi_dataset.zip    82.9MB 7.17MB/s
[1A[2K[1A[2KCollecting 1 genome record [================================================] 100% 1/1
Downloading: ncbi_dataset.zip    83.2MB 7.2MB/s
[1A[2K[1A[2KCollecting 1 genome record [================================================] 100% 1/1
Downloading: ncbi_dataset.zip    83.3MB 7.2MB/s
[1A[2K[1A[2KCollecting 1 genome record [================================================] 100% 1/1
Downloading: ncbi_dataset.zip    83.3MB 7.2MB/s
[1A[2K[1A[2KCollecting 1 genome record [================================================] 100% 1/1
Downloading: ncbi_dataset.zip    83.3MB 7.19MB/s
[1A[2K[1A[2KCollecting 1 genome record [================================================] 100% 1/1
Downloading: ncbi_dataset.zip    83.3MB 7.19MB/s
[1A[2K[1A[2KCollecting 1 genome record [================================================] 100% 1/1
Downloading: ncbi_dataset.zip    83.3MB 7.19MB/s
[1A[2K[1A[2KCollecting 1 genome record [================================================] 100% 1/1
Downloading: ncbi_dataset.zip    83.4MB 7.18MB/s
[1A[2K[1A[2KCollecting 1 genome record [================================================] 100% 1/1
Downloading: ncbi_dataset.zip    83.4MB 7.18MB/s
[1A[2K[1A[2KCollecting 1 genome record [================================================] 100% 1/1
Downloading: ncbi_dataset.zip    83.4MB 7.18MB/s
[1A[2K[1A[2KCollecting 1 genome record [================================================] 100% 1/1
Downloading: ncbi_dataset.zip    83.4MB 7.18MB/s
[1A[2K[1A[2KCollecting 1 genome record [================================================] 100% 1/1
Downloading: ncbi_dataset.zip    83.4MB 7.18MB/s
[1A[2K[1A[2KCollecting 1 genome record [================================================] 100% 1/1
Downloading: ncbi_dataset.zip    83.4MB 7.18MB/s
[1A[2K[1A[2KCollecting 1 genome record [================================================] 100% 1/1
Downloading: ncbi_dataset.zip    83.4MB 7.18MB/s
[1A[2K[1A[2KCollecting 1 genome record [================================================] 100% 1/1
Downloading: ncbi_dataset.zip    83.6MB 7.15MB/s
[1A[2K[1A[2KCollecting 1 genome record [================================================] 100% 1/1
Downloading: ncbi_dataset.zip    84MB 7.18MB/s
[1A[2K[1A[2KCollecting 1 genome record [================================================] 100% 1/1
Downloading: ncbi_dataset.zip    84.4MB 7.2MB/s
[1A[2K[1A[2KCollecting 1 genome record [================================================] 100% 1/1
Downloading: ncbi_dataset.zip    84.4MB 7.2MB/s
[1A[2K[1A[2KCollecting 1 genome record [================================================] 100% 1/1
Downloading: ncbi_dataset.zip    84.4MB 7.19MB/s
[1A[2K[1A[2KCollecting 1 genome record [================================================] 100% 1/1
Downloading: ncbi_dataset.zip    84.4MB 7.19MB/s
[1A[2K[1A[2KCollecting 1 genome record [================================================] 100% 1/1
Downloading: ncbi_dataset.zip    84.4MB 7.19MB/s
[1A[2K[1A[2KCollecting 1 genome record [================================================] 100% 1/1
Downloading: ncbi_dataset.zip    84.4MB 7.18MB/s
[1A[2K[1A[2KCollecting 1 genome record [================================================] 100% 1/1
Downloading: ncbi_dataset.zip    84.4MB 7.18MB/s
[1A[2K[1A[2KCollecting 1 genome record [================================================] 100% 1/1
Downloading: ncbi_dataset.zip    84.4MB 7.18MB/s
[1A[2K[1A[2KCollecting 1 genome record [================================================] 100% 1/1
Downloading: ncbi_dataset.zip    84.4MB 7.18MB/s
[1A[2K[1A[2KCollecting 1 genome record [================================================] 100% 1/1
Downloading: ncbi_dataset.zip    84.4MB 7.18MB/s
[1A[2K[1A[2KCollecting 1 genome record [================================================] 100% 1/1
Downloading: ncbi_dataset.zip    84.4MB 7.18MB/s
[1A[2K[1A[2KCollecting 1 genome record [================================================] 100% 1/1
Downloading: ncbi_dataset.zip    84.5MB 7.14MB/s
[1A[2K[1A[2KCollecting 1 genome record [================================================] 100% 1/1
Downloading: ncbi_dataset.zip    84.5MB 7.14MB/s
[1A[2K[1A[2KCollecting 1 genome record [================================================] 100% 1/1
Downloading: ncbi_dataset.zip    84.5MB 7.14MB/s
[1A[2K[1A[2KCollecting 1 genome record [================================================] 100% 1/1
Downloading: ncbi_dataset.zip    84.5MB 7.13MB/s
[1A[2K[1A[2KCollecting 1 genome record [================================================] 100% 1/1
Downloading: ncbi_dataset.zip    85MB 7.16MB/s
[1A[2K[1A[2KCollecting 1 genome record [================================================] 100% 1/1
Downloading: ncbi_dataset.zip    85.5MB 7.19MB/s
[1A[2K[1A[2KCollecting 1 genome record [================================================] 100% 1/1
Downloading: ncbi_dataset.zip    85.5MB 7.19MB/s
[1A[2K[1A[2KCollecting 1 genome record [================================================] 100% 1/1
Downloading: ncbi_dataset.zip    85.5MB 7.19MB/s
[1A[2K[1A[2KCollecting 1 genome record [================================================] 100% 1/1
Downloading: ncbi_dataset.zip    85.5MB 7.19MB/s
[1A[2K[1A[2KCollecting 1 genome record [================================================] 100% 1/1
Downloading: ncbi_dataset.zip    85.5MB 7.19MB/s
[1A[2K[1A[2KCollecting 1 genome record [================================================] 100% 1/1
Downloading: ncbi_dataset.zip    85.5MB 7.17MB/s
[1A[2K[1A[2KCollecting 1 genome record [================================================] 100% 1/1
Downloading: ncbi_dataset.zip    85.5MB 7.17MB/s
[1A[2K[1A[2KCollecting 1 genome record [================================================] 100% 1/1
Downloading: ncbi_dataset.zip    85.6MB 7.16MB/s
[1A[2K[1A[2KCollecting 1 genome record [================================================] 100% 1/1
Downloading: ncbi_dataset.zip    85.6MB 7.16MB/s
[1A[2K[1A[2KCollecting 1 genome record [================================================] 100% 1/1
Downloading: ncbi_dataset.zip    85.6MB 7.16MB/s
[1A[2K[1A[2KCollecting 1 genome record [================================================] 100% 1/1
Downloading: ncbi_dataset.zip    85.6MB 7.16MB/s
[1A[2K[1A[2KCollecting 1 genome record [================================================] 100% 1/1
Downloading: ncbi_dataset.zip    85.6MB 7.16MB/s
[1A[2K[1A[2KCollecting 1 genome record [================================================] 100% 1/1
Downloading: ncbi_dataset.zip    85.6MB 7.16MB/s
[1A[2K[1A[2KCollecting 1 genome record [================================================] 100% 1/1
Downloading: ncbi_dataset.zip    85.6MB 7.16MB/s
[1A[2K[1A[2KCollecting 1 genome record [================================================] 100% 1/1
Downloading: ncbi_dataset.zip    85.6MB 7.16MB/s
[1A[2K[1A[2KCollecting 1 genome record [================================================] 100% 1/1
Downloading: ncbi_dataset.zip    85.9MB 7.13MB/s
[1A[2K[1A[2KCollecting 1 genome record [================================================] 100% 1/1
Downloading: ncbi_dataset.zip    86.2MB 7.15MB/s
[1A[2K[1A[2KCollecting 1 genome record [================================================] 100% 1/1
Downloading: ncbi_dataset.zip    86.6MB 7.18MB/s
[1A[2K[1A[2KCollecting 1 genome record [================================================] 100% 1/1
Downloading: ncbi_dataset.zip    86.6MB 7.18MB/s
[1A[2K[1A[2KCollecting 1 genome record [================================================] 100% 1/1
Downloading: ncbi_dataset.zip    86.6MB 7.18MB/s
[1A[2K[1A[2KCollecting 1 genome record [================================================] 100% 1/1
Downloading: ncbi_dataset.zip    86.6MB 7.18MB/s
[1A[2K[1A[2KCollecting 1 genome record [================================================] 100% 1/1
Downloading: ncbi_dataset.zip    86.6MB 7.18MB/s
[1A[2K[1A[2KCollecting 1 genome record [================================================] 100% 1/1
Downloading: ncbi_dataset.zip    86.6MB 7.16MB/s
[1A[2K[1A[2KCollecting 1 genome record [================================================] 100% 1/1
Downloading: ncbi_dataset.zip    86.7MB 7.15MB/s
[1A[2K[1A[2KCollecting 1 genome record [================================================] 100% 1/1
Downloading: ncbi_dataset.zip    86.7MB 7.15MB/s
[1A[2K[1A[2KCollecting 1 genome record [================================================] 100% 1/1
Downloading: ncbi_dataset.zip    86.7MB 7.15MB/s
[1A[2K[1A[2KCollecting 1 genome record [================================================] 100% 1/1
Downloading: ncbi_dataset.zip    86.7MB 7.15MB/s
[1A[2K[1A[2KCollecting 1 genome record [================================================] 100% 1/1
Downloading: ncbi_dataset.zip    86.7MB 7.15MB/s
[1A[2K[1A[2KCollecting 1 genome record [================================================] 100% 1/1
Downloading: ncbi_dataset.zip    86.7MB 7.15MB/s
[1A[2K[1A[2KCollecting 1 genome record [================================================] 100% 1/1
Downloading: ncbi_dataset.zip    86.7MB 7.15MB/s
[1A[2K[1A[2KCollecting 1 genome record [================================================] 100% 1/1
Downloading: ncbi_dataset.zip    86.7MB 7.15MB/s
[1A[2K[1A[2KCollecting 1 genome record [================================================] 100% 1/1
Downloading: ncbi_dataset.zip    86.8MB 7.11MB/s
[1A[2K[1A[2KCollecting 1 genome record [================================================] 100% 1/1
Downloading: ncbi_dataset.zip    87.2MB 7.13MB/s
[1A[2K[1A[2KCollecting 1 genome record [================================================] 100% 1/1
Downloading: ncbi_dataset.zip    87.6MB 7.16MB/s
[1A[2K[1A[2KCollecting 1 genome record [================================================] 100% 1/1
Downloading: ncbi_dataset.zip    87.7MB 7.17MB/s
[1A[2K[1A[2KCollecting 1 genome record [================================================] 100% 1/1
Downloading: ncbi_dataset.zip    87.7MB 7.17MB/s
[1A[2K[1A[2KCollecting 1 genome record [================================================] 100% 1/1
Downloading: ncbi_dataset.zip    87.7MB 7.17MB/s
[1A[2K[1A[2KCollecting 1 genome record [================================================] 100% 1/1
Downloading: ncbi_dataset.zip    87.7MB 7.17MB/s
[1A[2K[1A[2KCollecting 1 genome record [================================================] 100% 1/1
Downloading: ncbi_dataset.zip    87.8MB 7.15MB/s
[1A[2K[1A[2KCollecting 1 genome record [================================================] 100% 1/1
Downloading: ncbi_dataset.zip    87.8MB 7.14MB/s
[1A[2K[1A[2KCollecting 1 genome record [================================================] 100% 1/1
Downloading: ncbi_dataset.zip    87.8MB 7.14MB/s
[1A[2K[1A[2KCollecting 1 genome record [================================================] 100% 1/1
Downloading: ncbi_dataset.zip    87.8MB 7.14MB/s
[1A[2K[1A[2KCollecting 1 genome record [================================================] 100% 1/1
Downloading: ncbi_dataset.zip    87.8MB 7.14MB/s
[1A[2K[1A[2KCollecting 1 genome record [================================================] 100% 1/1
Downloading: ncbi_dataset.zip    87.8MB 7.14MB/s
[1A[2K[1A[2KCollecting 1 genome record [================================================] 100% 1/1
Downloading: ncbi_dataset.zip    87.8MB 7.14MB/s
[1A[2K[1A[2KCollecting 1 genome record [================================================] 100% 1/1
Downloading: ncbi_dataset.zip    87.8MB 7.14MB/s
[1A[2K[1A[2KCollecting 1 genome record [================================================] 100% 1/1
Downloading: ncbi_dataset.zip    87.8MB 7.14MB/s
[1A[2K[1A[2KCollecting 1 genome record [================================================] 100% 1/1
Downloading: ncbi_dataset.zip    87.8MB 7.14MB/s
[1A[2K[1A[2KCollecting 1 genome record [================================================] 100% 1/1
Downloading: ncbi_dataset.zip    88MB 7.11MB/s
[1A[2K[1A[2KCollecting 1 genome record [================================================] 100% 1/1
Downloading: ncbi_dataset.zip    88.5MB 7.14MB/s
[1A[2K[1A[2KCollecting 1 genome record [================================================] 100% 1/1
Downloading: ncbi_dataset.zip    88.7MB 7.15MB/s
[1A[2K[1A[2KCollecting 1 genome record [================================================] 100% 1/1
Downloading: ncbi_dataset.zip    88.8MB 7.16MB/s
[1A[2K[1A[2KCollecting 1 genome record [================================================] 100% 1/1
Downloading: ncbi_dataset.zip    88.9MB 7.15MB/s
[1A[2K[1A[2KCollecting 1 genome record [================================================] 100% 1/1
Downloading: ncbi_dataset.zip    88.9MB 7.15MB/s
[1A[2K[1A[2KCollecting 1 genome record [================================================] 100% 1/1
Downloading: ncbi_dataset.zip    88.9MB 7.15MB/s
[1A[2K[1A[2KCollecting 1 genome record [================================================] 100% 1/1
Downloading: ncbi_dataset.zip    88.9MB 7.14MB/s
[1A[2K[1A[2KCollecting 1 genome record [================================================] 100% 1/1
Downloading: ncbi_dataset.zip    88.9MB 7.14MB/s
[1A[2K[1A[2KCollecting 1 genome record [================================================] 100% 1/1
Downloading: ncbi_dataset.zip    88.9MB 7.14MB/s
[1A[2K[1A[2KCollecting 1 genome record [================================================] 100% 1/1
Downloading: ncbi_dataset.zip    88.9MB 7.14MB/s
[1A[2K[1A[2KCollecting 1 genome record [================================================] 100% 1/1
Downloading: ncbi_dataset.zip    88.9MB 7.12MB/s
[1A[2K[1A[2KCollecting 1 genome record [================================================] 100% 1/1
Downloading: ncbi_dataset.zip    88.9MB 7.12MB/s
[1A[2K[1A[2KCollecting 1 genome record [================================================] 100% 1/1
Downloading: ncbi_dataset.zip    88.9MB 7.12MB/s
[1A[2K[1A[2KCollecting 1 genome record [================================================] 100% 1/1
Downloading: ncbi_dataset.zip    88.9MB 7.12MB/s
[1A[2K[1A[2KCollecting 1 genome record [================================================] 100% 1/1
Downloading: ncbi_dataset.zip    88.9MB 7.12MB/s
[1A[2K[1A[2KCollecting 1 genome record [================================================] 100% 1/1
Downloading: ncbi_dataset.zip    88.9MB 7.12MB/s
[1A[2K[1A[2KCollecting 1 genome record [================================================] 100% 1/1
Downloading: ncbi_dataset.zip    89.4MB 7.11MB/s
[1A[2K[1A[2KCollecting 1 genome record [================================================] 100% 1/1
Downloading: ncbi_dataset.zip    89.9MB 7.15MB/s
[1A[2K[1A[2KCollecting 1 genome record [================================================] 100% 1/1
Downloading: ncbi_dataset.zip    89.9MB 7.15MB/s
[1A[2K[1A[2KCollecting 1 genome record [================================================] 100% 1/1
Downloading: ncbi_dataset.zip    90MB 7.15MB/s
[1A[2K[1A[2KCollecting 1 genome record [================================================] 100% 1/1
Downloading: ncbi_dataset.zip    90MB 7.15MB/s
[1A[2K[1A[2KCollecting 1 genome record [================================================] 100% 1/1
Downloading: ncbi_dataset.zip    90MB 7.15MB/s
[1A[2K[1A[2KCollecting 1 genome record [================================================] 100% 1/1
Downloading: ncbi_dataset.zip    90MB 7.15MB/s
[1A[2K[1A[2KCollecting 1 genome record [================================================] 100% 1/1
Downloading: ncbi_dataset.zip    90MB 7.13MB/s
[1A[2K[1A[2KCollecting 1 genome record [================================================] 100% 1/1
Downloading: ncbi_dataset.zip    90MB 7.13MB/s
[1A[2K[1A[2KCollecting 1 genome record [================================================] 100% 1/1
Downloading: ncbi_dataset.zip    90MB 7.12MB/s
[1A[2K[1A[2KCollecting 1 genome record [================================================] 100% 1/1
Downloading: ncbi_dataset.zip    90MB 7.12MB/s
[1A[2K[1A[2KCollecting 1 genome record [================================================] 100% 1/1
Downloading: ncbi_dataset.zip    90MB 7.12MB/s
[1A[2K[1A[2KCollecting 1 genome record [================================================] 100% 1/1
Downloading: ncbi_dataset.zip    90MB 7.12MB/s
[1A[2K[1A[2KCollecting 1 genome record [================================================] 100% 1/1
Downloading: ncbi_dataset.zip    90MB 7.12MB/s
[1A[2K[1A[2KCollecting 1 genome record [================================================] 100% 1/1
Downloading: ncbi_dataset.zip    90MB 7.12MB/s
[1A[2K[1A[2KCollecting 1 genome record [================================================] 100% 1/1
Downloading: ncbi_dataset.zip    90MB 7.12MB/s
[1A[2K[1A[2KCollecting 1 genome record [================================================] 100% 1/1
Downloading: ncbi_dataset.zip    90.2MB 7.09MB/s
[1A[2K[1A[2KCollecting 1 genome record [================================================] 100% 1/1
Downloading: ncbi_dataset.zip    90.6MB 7.12MB/s
[1A[2K[1A[2KCollecting 1 genome record [================================================] 100% 1/1
Downloading: ncbi_dataset.zip    91.1MB 7.15MB/s
[1A[2K[1A[2KCollecting 1 genome record [================================================] 100% 1/1
Downloading: ncbi_dataset.zip    91.1MB 7.15MB/s
[1A[2K[1A[2KCollecting 1 genome record [================================================] 100% 1/1
Downloading: ncbi_dataset.zip    91.1MB 7.15MB/s
[1A[2K[1A[2KCollecting 1 genome record [================================================] 100% 1/1
Downloading: ncbi_dataset.zip    91.1MB 7.14MB/s
[1A[2K[1A[2KCollecting 1 genome record [================================================] 100% 1/1
Downloading: ncbi_dataset.zip    91.1MB 7.14MB/s
[1A[2K[1A[2KCollecting 1 genome record [================================================] 100% 1/1
Downloading: ncbi_dataset.zip    91.1MB 7.14MB/s
[1A[2K[1A[2KCollecting 1 genome record [================================================] 100% 1/1
Downloading: ncbi_dataset.zip    91.2MB 7.12MB/s
[1A[2K[1A[2KCollecting 1 genome record [================================================] 100% 1/1
Downloading: ncbi_dataset.zip    91.2MB 7.12MB/s
[1A[2K[1A[2KCollecting 1 genome record [================================================] 100% 1/1
Downloading: ncbi_dataset.zip    91.2MB 7.11MB/s
[1A[2K[1A[2KCollecting 1 genome record [================================================] 100% 1/1
Downloading: ncbi_dataset.zip    91.2MB 7.11MB/s
[1A[2K[1A[2KCollecting 1 genome record [================================================] 100% 1/1
Downloading: ncbi_dataset.zip    91.2MB 7.11MB/s
[1A[2K[1A[2KCollecting 1 genome record [================================================] 100% 1/1
Downloading: ncbi_dataset.zip    91.2MB 7.11MB/s
[1A[2K[1A[2KCollecting 1 genome record [================================================] 100% 1/1
Downloading: ncbi_dataset.zip    91.2MB 7.11MB/s
[1A[2K[1A[2KCollecting 1 genome record [================================================] 100% 1/1
Downloading: ncbi_dataset.zip    91.2MB 7.11MB/s
[1A[2K[1A[2KCollecting 1 genome record [================================================] 100% 1/1
Downloading: ncbi_dataset.zip    91.2MB 7.11MB/s
[1A[2K[1A[2KCollecting 1 genome record [================================================] 100% 1/1
Downloading: ncbi_dataset.zip    91.6MB 7.1MB/s
[1A[2K[1A[2KCollecting 1 genome record [================================================] 100% 1/1
Downloading: ncbi_dataset.zip    92.1MB 7.13MB/s
[1A[2K[1A[2KCollecting 1 genome record [================================================] 100% 1/1
Downloading: ncbi_dataset.zip    92.2MB 7.14MB/s
[1A[2K[1A[2KCollecting 1 genome record [================================================] 100% 1/1
Downloading: ncbi_dataset.zip    92.2MB 7.14MB/s
[1A[2K[1A[2KCollecting 1 genome record [================================================] 100% 1/1
Downloading: ncbi_dataset.zip    92.3MB 7.13MB/s
[1A[2K[1A[2KCollecting 1 genome record [================================================] 100% 1/1
Downloading: ncbi_dataset.zip    92.3MB 7.13MB/s
[1A[2K[1A[2KCollecting 1 genome record [================================================] 100% 1/1
Downloading: ncbi_dataset.zip    92.3MB 7.13MB/s
[1A[2K[1A[2KCollecting 1 genome record [================================================] 100% 1/1
Downloading: ncbi_dataset.zip    92.3MB 7.13MB/s
[1A[2K[1A[2KCollecting 1 genome record [================================================] 100% 1/1
Downloading: ncbi_dataset.zip    92.3MB 7.11MB/s
[1A[2K[1A[2KCollecting 1 genome record [================================================] 100% 1/1
Downloading: ncbi_dataset.zip    92.3MB 7.11MB/s
[1A[2K[1A[2KCollecting 1 genome record [================================================] 100% 1/1
Downloading: ncbi_dataset.zip    92.3MB 7.11MB/s
[1A[2K[1A[2KCollecting 1 genome record [================================================] 100% 1/1
Downloading: ncbi_dataset.zip    92.3MB 7.11MB/s
[1A[2K[1A[2KCollecting 1 genome record [================================================] 100% 1/1
Downloading: ncbi_dataset.zip    92.3MB 7.09MB/s
[1A[2K[1A[2KCollecting 1 genome record [================================================] 100% 1/1
Downloading: ncbi_dataset.zip    92.3MB 7.09MB/s
[1A[2K[1A[2KCollecting 1 genome record [================================================] 100% 1/1
Downloading: ncbi_dataset.zip    92.3MB 7.09MB/s
[1A[2K[1A[2KCollecting 1 genome record [================================================] 100% 1/1
Downloading: ncbi_dataset.zip    92.3MB 7.09MB/s
[1A[2K[1A[2KCollecting 1 genome record [================================================] 100% 1/1
Downloading: ncbi_dataset.zip    92.5MB 7.08MB/s
[1A[2K[1A[2KCollecting 1 genome record [================================================] 100% 1/1
Downloading: ncbi_dataset.zip    93MB 7.11MB/s
[1A[2K[1A[2KCollecting 1 genome record [================================================] 100% 1/1
Downloading: ncbi_dataset.zip    93.4MB 7.13MB/s
[1A[2K[1A[2KCollecting 1 genome record [================================================] 100% 1/1
Downloading: ncbi_dataset.zip    93.4MB 7.13MB/s
[1A[2K[1A[2KCollecting 1 genome record [================================================] 100% 1/1
Downloading: ncbi_dataset.zip    93.4MB 7.13MB/s
[1A[2K[1A[2KCollecting 1 genome record [================================================] 100% 1/1
Downloading: ncbi_dataset.zip    93.4MB 7.12MB/s
[1A[2K[1A[2KCollecting 1 genome record [================================================] 100% 1/1
Downloading: ncbi_dataset.zip    93.4MB 7.12MB/s
[1A[2K[1A[2KCollecting 1 genome record [================================================] 100% 1/1
Downloading: ncbi_dataset.zip    93.4MB 7.12MB/s
[1A[2K[1A[2KCollecting 1 genome record [================================================] 100% 1/1
Downloading: ncbi_dataset.zip    93.5MB 7.11MB/s
[1A[2K[1A[2KCollecting 1 genome record [================================================] 100% 1/1
Downloading: ncbi_dataset.zip    93.5MB 7.11MB/s
[1A[2K[1A[2KCollecting 1 genome record [================================================] 100% 1/1
Downloading: ncbi_dataset.zip    93.5MB 7.11MB/s
[1A[2K[1A[2KCollecting 1 genome record [================================================] 100% 1/1
Downloading: ncbi_dataset.zip    93.5MB 7.11MB/s
[1A[2K[1A[2KCollecting 1 genome record [================================================] 100% 1/1
Downloading: ncbi_dataset.zip    93.5MB 7.11MB/s
[1A[2K[1A[2KCollecting 1 genome record [================================================] 100% 1/1
Downloading: ncbi_dataset.zip    93.5MB 7.11MB/s
[1A[2K[1A[2KCollecting 1 genome record [================================================] 100% 1/1
Downloading: ncbi_dataset.zip    93.5MB 7.11MB/s
[1A[2K[1A[2KCollecting 1 genome record [================================================] 100% 1/1
Downloading: ncbi_dataset.zip    93.5MB 7.11MB/s
[1A[2K[1A[2KCollecting 1 genome record [================================================] 100% 1/1
Downloading: ncbi_dataset.zip    93.5MB 7.11MB/s
[1A[2K[1A[2KCollecting 1 genome record [================================================] 100% 1/1
Downloading: ncbi_dataset.zip    93.8MB 7.08MB/s
[1A[2K[1A[2KCollecting 1 genome record [================================================] 100% 1/1
Downloading: ncbi_dataset.zip    94.2MB 7.11MB/s
[1A[2K[1A[2KCollecting 1 genome record [================================================] 100% 1/1
Downloading: ncbi_dataset.zip    94.5MB 7.12MB/s
[1A[2K[1A[2KCollecting 1 genome record [================================================] 100% 1/1
Downloading: ncbi_dataset.zip    94.5MB 7.12MB/s
[1A[2K[1A[2KCollecting 1 genome record [================================================] 100% 1/1
Downloading: ncbi_dataset.zip    94.5MB 7.12MB/s
[1A[2K[1A[2KCollecting 1 genome record [================================================] 100% 1/1
Downloading: ncbi_dataset.zip    94.6MB 7.11MB/s
[1A[2K[1A[2KCollecting 1 genome record [================================================] 100% 1/1
Downloading: ncbi_dataset.zip    94.6MB 7.11MB/s
[1A[2K[1A[2KCollecting 1 genome record [================================================] 100% 1/1
Downloading: ncbi_dataset.zip    94.6MB 7.11MB/s
[1A[2K[1A[2KCollecting 1 genome record [================================================] 100% 1/1
Downloading: ncbi_dataset.zip    94.6MB 7.1MB/s
[1A[2K[1A[2KCollecting 1 genome record [================================================] 100% 1/1
Downloading: ncbi_dataset.zip    94.6MB 7.1MB/s
[1A[2K[1A[2KCollecting 1 genome record [================================================] 100% 1/1
Downloading: ncbi_dataset.zip    94.6MB 7.1MB/s
[1A[2K[1A[2KCollecting 1 genome record [================================================] 100% 1/1
Downloading: ncbi_dataset.zip    94.6MB 7.1MB/s
[1A[2K[1A[2KCollecting 1 genome record [================================================] 100% 1/1
Downloading: ncbi_dataset.zip    94.6MB 7.1MB/s
[1A[2K[1A[2KCollecting 1 genome record [================================================] 100% 1/1
Downloading: ncbi_dataset.zip    94.6MB 7.1MB/s
[1A[2K[1A[2KCollecting 1 genome record [================================================] 100% 1/1
Downloading: ncbi_dataset.zip    94.6MB 7.1MB/s
[1A[2K[1A[2KCollecting 1 genome record [================================================] 100% 1/1
Downloading: ncbi_dataset.zip    94.6MB 7.1MB/s
[1A[2K[1A[2KCollecting 1 genome record [================================================] 100% 1/1
Downloading: ncbi_dataset.zip    94.8MB 7.07MB/s
[1A[2K[1A[2KCollecting 1 genome record [================================================] 100% 1/1
Downloading: ncbi_dataset.zip    95.2MB 7.09MB/s
[1A[2K[1A[2KCollecting 1 genome record [================================================] 100% 1/1
Downloading: ncbi_dataset.zip    95.6MB 7.12MB/s
[1A[2K[1A[2KCollecting 1 genome record [================================================] 100% 1/1
Downloading: ncbi_dataset.zip    95.7MB 7.12MB/s
[1A[2K[1A[2KCollecting 1 genome record [================================================] 100% 1/1
Downloading: ncbi_dataset.zip    95.7MB 7.12MB/s
[1A[2K[1A[2KCollecting 1 genome record [================================================] 100% 1/1
Downloading: ncbi_dataset.zip    95.7MB 7.11MB/s
[1A[2K[1A[2KCollecting 1 genome record [================================================] 100% 1/1
Downloading: ncbi_dataset.zip    95.7MB 7.11MB/s
[1A[2K[1A[2KCollecting 1 genome record [================================================] 100% 1/1
Downloading: ncbi_dataset.zip    95.7MB 7.11MB/s
[1A[2K[1A[2KCollecting 1 genome record [================================================] 100% 1/1
Downloading: ncbi_dataset.zip    95.7MB 7.11MB/s
[1A[2K[1A[2KCollecting 1 genome record [================================================] 100% 1/1
Downloading: ncbi_dataset.zip    95.7MB 7.09MB/s
[1A[2K[1A[2KCollecting 1 genome record [================================================] 100% 1/1
Downloading: ncbi_dataset.zip    95.7MB 7.09MB/s
[1A[2K[1A[2KCollecting 1 genome record [================================================] 100% 1/1
Downloading: ncbi_dataset.zip    95.7MB 7.09MB/s
[1A[2K[1A[2KCollecting 1 genome record [================================================] 100% 1/1
Downloading: ncbi_dataset.zip    95.7MB 7.09MB/s
[1A[2K[1A[2KCollecting 1 genome record [================================================] 100% 1/1
Downloading: ncbi_dataset.zip    95.7MB 7.09MB/s
[1A[2K[1A[2KCollecting 1 genome record [================================================] 100% 1/1
Downloading: ncbi_dataset.zip    95.7MB 7.09MB/s
[1A[2K[1A[2KCollecting 1 genome record [================================================] 100% 1/1
Downloading: ncbi_dataset.zip    95.7MB 7.09MB/s
[1A[2K[1A[2KCollecting 1 genome record [================================================] 100% 1/1
Downloading: ncbi_dataset.zip    95.7MB 7.09MB/s
[1A[2K[1A[2KCollecting 1 genome record [================================================] 100% 1/1
Downloading: ncbi_dataset.zip    96.1MB 7.07MB/s
[1A[2K[1A[2KCollecting 1 genome record [================================================] 100% 1/1
Downloading: ncbi_dataset.zip    96.6MB 7.1MB/s
[1A[2K[1A[2KCollecting 1 genome record [================================================] 100% 1/1
Downloading: ncbi_dataset.zip    96.8MB 7.11MB/s
[1A[2K[1A[2KCollecting 1 genome record [================================================] 100% 1/1
Downloading: ncbi_dataset.zip    96.8MB 7.11MB/s
[1A[2K[1A[2KCollecting 1 genome record [================================================] 100% 1/1
Downloading: ncbi_dataset.zip    96.9MB 7.1MB/s
[1A[2K[1A[2KCollecting 1 genome record [================================================] 100% 1/1
Downloading: ncbi_dataset.zip    96.9MB 7.1MB/s
[1A[2K[1A[2KCollecting 1 genome record [================================================] 100% 1/1
Downloading: ncbi_dataset.zip    96.9MB 7.1MB/s
[1A[2K[1A[2KCollecting 1 genome record [================================================] 100% 1/1
Downloading: ncbi_dataset.zip    96.9MB 7.09MB/s
[1A[2K[1A[2KCollecting 1 genome record [================================================] 100% 1/1
Downloading: ncbi_dataset.zip    96.9MB 7.09MB/s
[1A[2K[1A[2KCollecting 1 genome record [================================================] 100% 1/1
Downloading: ncbi_dataset.zip    96.9MB 7.09MB/s
[1A[2K[1A[2KCollecting 1 genome record [================================================] 100% 1/1
Downloading: ncbi_dataset.zip    96.9MB 7.09MB/s
[1A[2K[1A[2KCollecting 1 genome record [================================================] 100% 1/1
Downloading: ncbi_dataset.zip    96.9MB 7.07MB/s
[1A[2K[1A[2KCollecting 1 genome record [================================================] 100% 1/1
Downloading: ncbi_dataset.zip    96.9MB 7.07MB/s
[1A[2K[1A[2KCollecting 1 genome record [================================================] 100% 1/1
Downloading: ncbi_dataset.zip    96.9MB 7.07MB/s
[1A[2K[1A[2KCollecting 1 genome record [================================================] 100% 1/1
Downloading: ncbi_dataset.zip    96.9MB 7.07MB/s
[1A[2K[1A[2KCollecting 1 genome record [================================================] 100% 1/1
Downloading: ncbi_dataset.zip    96.9MB 7.07MB/s
[1A[2K[1A[2KCollecting 1 genome record [================================================] 100% 1/1
Downloading: ncbi_dataset.zip    97.1MB 7.06MB/s
[1A[2K[1A[2KCollecting 1 genome record [================================================] 100% 1/1
Downloading: ncbi_dataset.zip    97.5MB 7.08MB/s
[1A[2K[1A[2KCollecting 1 genome record [================================================] 100% 1/1
Downloading: ncbi_dataset.zip    97.9MB 7.11MB/s
[1A[2K[1A[2KCollecting 1 genome record [================================================] 100% 1/1
Downloading: ncbi_dataset.zip    98MB 7.11MB/s
[1A[2K[1A[2KCollecting 1 genome record [================================================] 100% 1/1
Downloading: ncbi_dataset.zip    98MB 7.11MB/s
[1A[2K[1A[2KCollecting 1 genome record [================================================] 100% 1/1
Downloading: ncbi_dataset.zip    98MB 7.1MB/s
[1A[2K[1A[2KCollecting 1 genome record [================================================] 100% 1/1
Downloading: ncbi_dataset.zip    98MB 7.1MB/s
[1A[2K[1A[2KCollecting 1 genome record [================================================] 100% 1/1
Downloading: ncbi_dataset.zip    98MB 7.1MB/s
[1A[2K[1A[2KCollecting 1 genome record [================================================] 100% 1/1
Downloading: ncbi_dataset.zip    98MB 7.08MB/s
[1A[2K[1A[2KCollecting 1 genome record [================================================] 100% 1/1
Downloading: ncbi_dataset.zip    98MB 7.08MB/s
[1A[2K[1A[2KCollecting 1 genome record [================================================] 100% 1/1
Downloading: ncbi_dataset.zip    98.1MB 7.07MB/s
[1A[2K[1A[2KCollecting 1 genome record [================================================] 100% 1/1
Downloading: ncbi_dataset.zip    98.1MB 7.07MB/s
[1A[2K[1A[2KCollecting 1 genome record [================================================] 100% 1/1
Downloading: ncbi_dataset.zip    98.1MB 7.07MB/s
[1A[2K[1A[2KCollecting 1 genome record [================================================] 100% 1/1
Downloading: ncbi_dataset.zip    98.1MB 7.07MB/s
[1A[2K[1A[2KCollecting 1 genome record [================================================] 100% 1/1
Downloading: ncbi_dataset.zip    98.1MB 7.07MB/s
[1A[2K[1A[2KCollecting 1 genome record [================================================] 100% 1/1
Downloading: ncbi_dataset.zip    98.1MB 7.07MB/s
[1A[2K[1A[2KCollecting 1 genome record [================================================] 100% 1/1
Downloading: ncbi_dataset.zip    98.1MB 7.04MB/s
[1A[2K[1A[2KCollecting 1 genome record [================================================] 100% 1/1
Downloading: ncbi_dataset.zip    98.5MB 7.07MB/s
[1A[2K[1A[2KCollecting 1 genome record [================================================] 100% 1/1
Downloading: ncbi_dataset.zip    99MB 7.1MB/s
[1A[2K[1A[2KCollecting 1 genome record [================================================] 100% 1/1
Downloading: ncbi_dataset.zip    99.1MB 7.1MB/s
[1A[2K[1A[2KCollecting 1 genome record [================================================] 100% 1/1
Downloading: ncbi_dataset.zip    99.1MB 7.1MB/s
[1A[2K[1A[2KCollecting 1 genome record [================================================] 100% 1/1
Downloading: ncbi_dataset.zip    99.2MB 7.1MB/s
[1A[2K[1A[2KCollecting 1 genome record [================================================] 100% 1/1
Downloading: ncbi_dataset.zip    99.2MB 7.1MB/s
[1A[2K[1A[2KCollecting 1 genome record [================================================] 100% 1/1
Downloading: ncbi_dataset.zip    99.2MB 7.09MB/s
[1A[2K[1A[2KCollecting 1 genome record [================================================] 100% 1/1
Downloading: ncbi_dataset.zip    99.2MB 7.09MB/s
[1A[2K[1A[2KCollecting 1 genome record [================================================] 100% 1/1
Downloading: ncbi_dataset.zip    99.2MB 7.08MB/s
[1A[2K[1A[2KCollecting 1 genome record [================================================] 100% 1/1
Downloading: ncbi_dataset.zip    99.2MB 7.08MB/s
[1A[2K[1A[2KCollecting 1 genome record [================================================] 100% 1/1
Downloading: ncbi_dataset.zip    99.2MB 7.08MB/s
[1A[2K[1A[2KCollecting 1 genome record [================================================] 100% 1/1
Downloading: ncbi_dataset.zip    99.2MB 7.08MB/s
[1A[2K[1A[2KCollecting 1 genome record [================================================] 100% 1/1
Downloading: ncbi_dataset.zip    99.2MB 7.08MB/s
[1A[2K[1A[2KCollecting 1 genome record [================================================] 100% 1/1
Downloading: ncbi_dataset.zip    99.2MB 7.08MB/s
[1A[2K[1A[2KCollecting 1 genome record [================================================] 100% 1/1
Downloading: ncbi_dataset.zip    99.2MB 7.08MB/s
[1A[2K[1A[2KCollecting 1 genome record [================================================] 100% 1/1
Downloading: ncbi_dataset.zip    99.2MB 7.08MB/s
[1A[2K[1A[2KCollecting 1 genome record [================================================] 100% 1/1
Downloading: ncbi_dataset.zip    99.5MB 7.05MB/s
[1A[2K[1A[2KCollecting 1 genome record [================================================] 100% 1/1
Downloading: ncbi_dataset.zip    99.9MB 7.08MB/s
[1A[2K[1A[2KCollecting 1 genome record [================================================] 100% 1/1
Downloading: ncbi_dataset.zip    100MB 7.1MB/s
[1A[2K[1A[2KCollecting 1 genome record [================================================] 100% 1/1
Downloading: ncbi_dataset.zip    100MB 7.1MB/s
[1A[2K[1A[2KCollecting 1 genome record [================================================] 100% 1/1
Downloading: ncbi_dataset.zip    100MB 7.09MB/s
[1A[2K[1A[2KCollecting 1 genome record [================================================] 100% 1/1
Downloading: ncbi_dataset.zip    100MB 7.09MB/s
[1A[2K[1A[2KCollecting 1 genome record [================================================] 100% 1/1
Downloading: ncbi_dataset.zip    100MB 7.08MB/s
[1A[2K[1A[2KCollecting 1 genome record [================================================] 100% 1/1
Downloading: ncbi_dataset.zip    100MB 7.08MB/s
[1A[2K[1A[2KCollecting 1 genome record [================================================] 100% 1/1
Downloading: ncbi_dataset.zip    100MB 7.08MB/s
[1A[2K[1A[2KCollecting 1 genome record [================================================] 100% 1/1
Downloading: ncbi_dataset.zip    100MB 7.08MB/s
[1A[2K[1A[2KCollecting 1 genome record [================================================] 100% 1/1
Downloading: ncbi_dataset.zip    100MB 7.08MB/s
[1A[2K[1A[2KCollecting 1 genome record [================================================] 100% 1/1
Downloading: ncbi_dataset.zip    100MB 7.08MB/s
[1A[2K[1A[2KCollecting 1 genome record [================================================] 100% 1/1
Downloading: ncbi_dataset.zip    100MB 7.08MB/s
[1A[2K[1A[2KCollecting 1 genome record [================================================] 100% 1/1
Downloading: ncbi_dataset.zip    100MB 7.05MB/s
[1A[2K[1A[2KCollecting 1 genome record [================================================] 100% 1/1
Downloading: ncbi_dataset.zip    100MB 7.05MB/s
[1A[2K[1A[2KCollecting 1 genome record [================================================] 100% 1/1
Downloading: ncbi_dataset.zip    100MB 7.05MB/s
[1A[2K[1A[2KCollecting 1 genome record [================================================] 100% 1/1
Downloading: ncbi_dataset.zip    100MB 7.05MB/s
[1A[2K[1A[2KCollecting 1 genome record [================================================] 100% 1/1
Downloading: ncbi_dataset.zip    101MB 7.05MB/s
[1A[2K[1A[2KCollecting 1 genome record [================================================] 100% 1/1
Downloading: ncbi_dataset.zip    101MB 7.08MB/s
[1A[2K[1A[2KCollecting 1 genome record [================================================] 100% 1/1
Downloading: ncbi_dataset.zip    101MB 7.09MB/s
[1A[2K[1A[2KCollecting 1 genome record [================================================] 100% 1/1
Downloading: ncbi_dataset.zip    101MB 7.09MB/s
[1A[2K[1A[2KCollecting 1 genome record [================================================] 100% 1/1
Downloading: ncbi_dataset.zip    101MB 7.09MB/s
[1A[2K[1A[2KCollecting 1 genome record [================================================] 100% 1/1
Downloading: ncbi_dataset.zip    101MB 7.09MB/s
[1A[2K[1A[2KCollecting 1 genome record [================================================] 100% 1/1
Downloading: ncbi_dataset.zip    101MB 7.09MB/s
[1A[2K[1A[2KCollecting 1 genome record [================================================] 100% 1/1
Downloading: ncbi_dataset.zip    102MB 7.08MB/s
[1A[2K[1A[2KCollecting 1 genome record [================================================] 100% 1/1
Downloading: ncbi_dataset.zip    102MB 7.07MB/s
[1A[2K[1A[2KCollecting 1 genome record [================================================] 100% 1/1
Downloading: ncbi_dataset.zip    102MB 7.07MB/s
[1A[2K[1A[2KCollecting 1 genome record [================================================] 100% 1/1
Downloading: ncbi_dataset.zip    102MB 7.07MB/s
[1A[2K[1A[2KCollecting 1 genome record [================================================] 100% 1/1
Downloading: ncbi_dataset.zip    102MB 7.07MB/s
[1A[2K[1A[2KCollecting 1 genome record [================================================] 100% 1/1
Downloading: ncbi_dataset.zip    102MB 7.07MB/s
[1A[2K[1A[2KCollecting 1 genome record [================================================] 100% 1/1
Downloading: ncbi_dataset.zip    102MB 7.07MB/s
[1A[2K[1A[2KCollecting 1 genome record [================================================] 100% 1/1
Downloading: ncbi_dataset.zip    102MB 7.07MB/s
[1A[2K[1A[2KCollecting 1 genome record [================================================] 100% 1/1
Downloading: ncbi_dataset.zip    102MB 7.07MB/s
[1A[2K[1A[2KCollecting 1 genome record [================================================] 100% 1/1
Downloading: ncbi_dataset.zip    102MB 7.04MB/s
[1A[2K[1A[2KCollecting 1 genome record [================================================] 100% 1/1
Downloading: ncbi_dataset.zip    102MB 7.06MB/s
[1A[2K[1A[2KCollecting 1 genome record [================================================] 100% 1/1
Downloading: ncbi_dataset.zip    103MB 7.09MB/s
[1A[2K[1A[2KCollecting 1 genome record [================================================] 100% 1/1
Downloading: ncbi_dataset.zip    103MB 7.09MB/s
[1A[2K[1A[2KCollecting 1 genome record [================================================] 100% 1/1
Downloading: ncbi_dataset.zip    103MB 7.08MB/s
[1A[2K[1A[2KCollecting 1 genome record [================================================] 100% 1/1
Downloading: ncbi_dataset.zip    103MB 7.08MB/s
[1A[2K[1A[2KCollecting 1 genome record [================================================] 100% 1/1
Downloading: ncbi_dataset.zip    103MB 7.08MB/s
[1A[2K[1A[2KCollecting 1 genome record [================================================] 100% 1/1
Downloading: ncbi_dataset.zip    103MB 7.08MB/s
[1A[2K[1A[2KCollecting 1 genome record [================================================] 100% 1/1
Downloading: ncbi_dataset.zip    103MB 7.07MB/s
[1A[2K[1A[2KCollecting 1 genome record [================================================] 100% 1/1
Downloading: ncbi_dataset.zip    103MB 7.07MB/s
[1A[2K[1A[2KCollecting 1 genome record [================================================] 100% 1/1
Downloading: ncbi_dataset.zip    103MB 7.07MB/s
[1A[2K[1A[2KCollecting 1 genome record [================================================] 100% 1/1
Downloading: ncbi_dataset.zip    103MB 7.07MB/s
[1A[2K[1A[2KCollecting 1 genome record [================================================] 100% 1/1
Downloading: ncbi_dataset.zip    103MB 7.07MB/s
[1A[2K[1A[2KCollecting 1 genome record [================================================] 100% 1/1
Downloading: ncbi_dataset.zip    103MB 7.04MB/s
[1A[2K[1A[2KCollecting 1 genome record [================================================] 100% 1/1
Downloading: ncbi_dataset.zip    103MB 7.04MB/s
[1A[2K[1A[2KCollecting 1 genome record [================================================] 100% 1/1
Downloading: ncbi_dataset.zip    103MB 7.04MB/s
[1A[2K[1A[2KCollecting 1 genome record [================================================] 100% 1/1
Downloading: ncbi_dataset.zip    103MB 7.04MB/s
[1A[2K[1A[2KCollecting 1 genome record [================================================] 100% 1/1
Downloading: ncbi_dataset.zip    103MB 7.05MB/s
[1A[2K[1A[2KCollecting 1 genome record [================================================] 100% 1/1
Downloading: ncbi_dataset.zip    104MB 7.07MB/s
[1A[2K[1A[2KCollecting 1 genome record [================================================] 100% 1/1
Downloading: ncbi_dataset.zip    104MB 7.09MB/s
[1A[2K[1A[2KCollecting 1 genome record [================================================] 100% 1/1
Downloading: ncbi_dataset.zip    104MB 7.09MB/s
[1A[2K[1A[2KCollecting 1 genome record [================================================] 100% 1/1
Downloading: ncbi_dataset.zip    104MB 7.09MB/s
[1A[2K[1A[2KCollecting 1 genome record [================================================] 100% 1/1
Downloading: ncbi_dataset.zip    104MB 7.08MB/s
[1A[2K[1A[2KCollecting 1 genome record [================================================] 100% 1/1
Downloading: ncbi_dataset.zip    104MB 7.08MB/s
[1A[2K[1A[2KCollecting 1 genome record [================================================] 100% 1/1
Downloading: ncbi_dataset.zip    104MB 7.07MB/s
[1A[2K[1A[2KCollecting 1 genome record [================================================] 100% 1/1
Downloading: ncbi_dataset.zip    104MB 7.07MB/s
[1A[2K[1A[2KCollecting 1 genome record [================================================] 100% 1/1
Downloading: ncbi_dataset.zip    104MB 7.07MB/s
[1A[2K[1A[2KCollecting 1 genome record [================================================] 100% 1/1
Downloading: ncbi_dataset.zip    104MB 7.06MB/s
[1A[2K[1A[2KCollecting 1 genome record [================================================] 100% 1/1
Downloading: ncbi_dataset.zip    104MB 7.06MB/s
[1A[2K[1A[2KCollecting 1 genome record [================================================] 100% 1/1
Downloading: ncbi_dataset.zip    104MB 7.06MB/s
[1A[2K[1A[2KCollecting 1 genome record [================================================] 100% 1/1
Downloading: ncbi_dataset.zip    104MB 7.06MB/s
[1A[2K[1A[2KCollecting 1 genome record [================================================] 100% 1/1
Downloading: ncbi_dataset.zip    104MB 7.06MB/s
[1A[2K[1A[2KCollecting 1 genome record [================================================] 100% 1/1
Downloading: ncbi_dataset.zip    104MB 7.06MB/s
[1A[2K[1A[2KCollecting 1 genome record [================================================] 100% 1/1
Downloading: ncbi_dataset.zip    104MB 7.03MB/s
[1A[2K[1A[2KCollecting 1 genome record [================================================] 100% 1/1
Downloading: ncbi_dataset.zip    104MB 7.05MB/s
[1A[2K[1A[2KCollecting 1 genome record [================================================] 100% 1/1
Downloading: ncbi_dataset.zip    105MB 7.08MB/s
[1A[2K[1A[2KCollecting 1 genome record [================================================] 100% 1/1
Downloading: ncbi_dataset.zip    105MB 7.08MB/s
[1A[2K[1A[2KCollecting 1 genome record [================================================] 100% 1/1
Downloading: ncbi_dataset.zip    105MB 7.08MB/s
[1A[2K[1A[2KCollecting 1 genome record [================================================] 100% 1/1
Downloading: ncbi_dataset.zip    105MB 7.08MB/s
[1A[2K[1A[2KCollecting 1 genome record [================================================] 100% 1/1
Downloading: ncbi_dataset.zip    105MB 7.07MB/s
[1A[2K[1A[2KCollecting 1 genome record [================================================] 100% 1/1
Downloading: ncbi_dataset.zip    105MB 7.07MB/s
[1A[2K[1A[2KCollecting 1 genome record [================================================] 100% 1/1
Downloading: ncbi_dataset.zip    105MB 7.06MB/s
[1A[2K[1A[2KCollecting 1 genome record [================================================] 100% 1/1
Downloading: ncbi_dataset.zip    105MB 7.06MB/s
[1A[2K[1A[2KCollecting 1 genome record [================================================] 100% 1/1
Downloading: ncbi_dataset.zip    105MB 7.06MB/s
[1A[2K[1A[2KCollecting 1 genome record [================================================] 100% 1/1
Downloading: ncbi_dataset.zip    105MB 7.05MB/s
[1A[2K[1A[2KCollecting 1 genome record [================================================] 100% 1/1
Downloading: ncbi_dataset.zip    105MB 7.05MB/s
[1A[2K[1A[2KCollecting 1 genome record [================================================] 100% 1/1
Downloading: ncbi_dataset.zip    105MB 7.05MB/s
[1A[2K[1A[2KCollecting 1 genome record [================================================] 100% 1/1
Downloading: ncbi_dataset.zip    105MB 7.05MB/s
[1A[2K[1A[2KCollecting 1 genome record [================================================] 100% 1/1
Downloading: ncbi_dataset.zip    105MB 7.05MB/s
[1A[2K[1A[2KCollecting 1 genome record [================================================] 100% 1/1
Downloading: ncbi_dataset.zip    105MB 7.05MB/s
[1A[2K[1A[2KCollecting 1 genome record [================================================] 100% 1/1
Downloading: ncbi_dataset.zip    105MB 7.04MB/s
[1A[2K[1A[2KCollecting 1 genome record [================================================] 100% 1/1
Downloading: ncbi_dataset.zip    106MB 7.07MB/s
[1A[2K[1A[2KCollecting 1 genome record [================================================] 100% 1/1
Downloading: ncbi_dataset.zip    106MB 7.08MB/s
[1A[2K[1A[2KCollecting 1 genome record [================================================] 100% 1/1
Downloading: ncbi_dataset.zip    106MB 7.08MB/s
[1A[2K[1A[2KCollecting 1 genome record [================================================] 100% 1/1
Downloading: ncbi_dataset.zip    106MB 7.07MB/s
[1A[2K[1A[2KCollecting 1 genome record [================================================] 100% 1/1
Downloading: ncbi_dataset.zip    106MB 7.07MB/s
[1A[2K[1A[2KCollecting 1 genome record [================================================] 100% 1/1
Downloading: ncbi_dataset.zip    106MB 7.07MB/s
[1A[2K[1A[2KCollecting 1 genome record [================================================] 100% 1/1
Downloading: ncbi_dataset.zip    106MB 7.06MB/s
[1A[2K[1A[2KCollecting 1 genome record [================================================] 100% 1/1
Downloading: ncbi_dataset.zip    106MB 7.05MB/s
[1A[2K[1A[2KCollecting 1 genome record [================================================] 100% 1/1
Downloading: ncbi_dataset.zip    106MB 7.05MB/s
[1A[2K[1A[2KCollecting 1 genome record [================================================] 100% 1/1
Downloading: ncbi_dataset.zip    106MB 7.05MB/s
[1A[2K[1A[2KCollecting 1 genome record [================================================] 100% 1/1
Downloading: ncbi_dataset.zip    106MB 7.05MB/s
[1A[2K[1A[2KCollecting 1 genome record [================================================] 100% 1/1
Downloading: ncbi_dataset.zip    106MB 7.05MB/s
[1A[2K[1A[2KCollecting 1 genome record [================================================] 100% 1/1
Downloading: ncbi_dataset.zip    106MB 7.05MB/s
[1A[2K[1A[2KCollecting 1 genome record [================================================] 100% 1/1
Downloading: ncbi_dataset.zip    106MB 7.05MB/s
[1A[2K[1A[2KCollecting 1 genome record [================================================] 100% 1/1
Downloading: ncbi_dataset.zip    106MB 7.05MB/s
[1A[2K[1A[2KCollecting 1 genome record [================================================] 100% 1/1
Downloading: ncbi_dataset.zip    106MB 7.03MB/s
[1A[2K[1A[2KCollecting 1 genome record [================================================] 100% 1/1
Downloading: ncbi_dataset.zip    107MB 7.05MB/s
[1A[2K[1A[2KCollecting 1 genome record [================================================] 100% 1/1
Downloading: ncbi_dataset.zip    107MB 7.08MB/s
[1A[2K[1A[2KCollecting 1 genome record [================================================] 100% 1/1
Downloading: ncbi_dataset.zip    107MB 7.07MB/s
[1A[2K[1A[2KCollecting 1 genome record [================================================] 100% 1/1
Downloading: ncbi_dataset.zip    107MB 7.07MB/s
[1A[2K[1A[2KCollecting 1 genome record [================================================] 100% 1/1
Downloading: ncbi_dataset.zip    107MB 7.07MB/s
[1A[2K[1A[2KCollecting 1 genome record [================================================] 100% 1/1
Downloading: ncbi_dataset.zip    107MB 7.07MB/s
[1A[2K[1A[2KCollecting 1 genome record [================================================] 100% 1/1
Downloading: ncbi_dataset.zip    107MB 7.06MB/s
[1A[2K[1A[2KCollecting 1 genome record [================================================] 100% 1/1
Downloading: ncbi_dataset.zip    107MB 7.06MB/s
[1A[2K[1A[2KCollecting 1 genome record [================================================] 100% 1/1
Downloading: ncbi_dataset.zip    107MB 7.06MB/s
[1A[2K[1A[2KCollecting 1 genome record [================================================] 100% 1/1
Downloading: ncbi_dataset.zip    107MB 7.06MB/s
[1A[2K[1A[2KCollecting 1 genome record [================================================] 100% 1/1
Downloading: ncbi_dataset.zip    107MB 7.04MB/s
[1A[2K[1A[2KCollecting 1 genome record [================================================] 100% 1/1
Downloading: ncbi_dataset.zip    107MB 7.04MB/s
[1A[2K[1A[2KCollecting 1 genome record [================================================] 100% 1/1
Downloading: ncbi_dataset.zip    107MB 7.04MB/s
[1A[2K[1A[2KCollecting 1 genome record [================================================] 100% 1/1
Downloading: ncbi_dataset.zip    107MB 7.04MB/s
[1A[2K[1A[2KCollecting 1 genome record [================================================] 100% 1/1
Downloading: ncbi_dataset.zip    107MB 7.04MB/s
[1A[2K[1A[2KCollecting 1 genome record [================================================] 100% 1/1
Downloading: ncbi_dataset.zip    107MB 7.02MB/s
[1A[2K[1A[2KCollecting 1 genome record [================================================] 100% 1/1
Downloading: ncbi_dataset.zip    108MB 7.04MB/s
[1A[2K[1A[2KCollecting 1 genome record [================================================] 100% 1/1
Downloading: ncbi_dataset.zip    108MB 7.07MB/s
[1A[2K[1A[2KCollecting 1 genome record [================================================] 100% 1/1
Downloading: ncbi_dataset.zip    108MB 7.07MB/s
[1A[2K[1A[2KCollecting 1 genome record [================================================] 100% 1/1
Downloading: ncbi_dataset.zip    108MB 7.07MB/s
[1A[2K[1A[2KCollecting 1 genome record [================================================] 100% 1/1
Downloading: ncbi_dataset.zip    108MB 7.06MB/s
[1A[2K[1A[2KCollecting 1 genome record [================================================] 100% 1/1
Downloading: ncbi_dataset.zip    108MB 7.06MB/s
[1A[2K[1A[2KCollecting 1 genome record [================================================] 100% 1/1
Downloading: ncbi_dataset.zip    108MB 7.06MB/s
[1A[2K[1A[2KCollecting 1 genome record [================================================] 100% 1/1
Downloading: ncbi_dataset.zip    108MB 7.06MB/s
[1A[2K[1A[2KCollecting 1 genome record [================================================] 100% 1/1
Downloading: ncbi_dataset.zip    109MB 7.05MB/s
[1A[2K[1A[2KCollecting 1 genome record [================================================] 100% 1/1
Downloading: ncbi_dataset.zip    109MB 7.05MB/s
[1A[2K[1A[2KCollecting 1 genome record [================================================] 100% 1/1
Downloading: ncbi_dataset.zip    109MB 7.05MB/s
[1A[2K[1A[2KCollecting 1 genome record [================================================] 100% 1/1
Downloading: ncbi_dataset.zip    109MB 7.04MB/s
[1A[2K[1A[2KCollecting 1 genome record [================================================] 100% 1/1
Downloading: ncbi_dataset.zip    109MB 7.04MB/s
[1A[2K[1A[2KCollecting 1 genome record [================================================] 100% 1/1
Downloading: ncbi_dataset.zip    109MB 7.04MB/s
[1A[2K[1A[2KCollecting 1 genome record [================================================] 100% 1/1
Downloading: ncbi_dataset.zip    109MB 7.04MB/s
[1A[2K[1A[2KCollecting 1 genome record [================================================] 100% 1/1
Downloading: ncbi_dataset.zip    109MB 7.04MB/s
[1A[2K[1A[2KCollecting 1 genome record [================================================] 100% 1/1
Downloading: ncbi_dataset.zip    109MB 7.02MB/s
[1A[2K[1A[2KCollecting 1 genome record [================================================] 100% 1/1
Downloading: ncbi_dataset.zip    109MB 7.05MB/s
[1A[2K[1A[2KCollecting 1 genome record [================================================] 100% 1/1
Downloading: ncbi_dataset.zip    110MB 7.07MB/s
[1A[2K[1A[2KCollecting 1 genome record [================================================] 100% 1/1
Downloading: ncbi_dataset.zip    110MB 7.07MB/s
[1A[2K[1A[2KCollecting 1 genome record [================================================] 100% 1/1
Downloading: ncbi_dataset.zip    110MB 7.07MB/s
[1A[2K[1A[2KCollecting 1 genome record [================================================] 100% 1/1
Downloading: ncbi_dataset.zip    110MB 7.06MB/s
[1A[2K[1A[2KCollecting 1 genome record [================================================] 100% 1/1
Downloading: ncbi_dataset.zip    110MB 7.06MB/s
[1A[2K[1A[2KCollecting 1 genome record [================================================] 100% 1/1
Downloading: ncbi_dataset.zip    110MB 7.05MB/s
[1A[2K[1A[2KCollecting 1 genome record [================================================] 100% 1/1
Downloading: ncbi_dataset.zip    110MB 7.05MB/s
[1A[2K[1A[2KCollecting 1 genome record [================================================] 100% 1/1
Downloading: ncbi_dataset.zip    110MB 7.04MB/s
[1A[2K[1A[2KCollecting 1 genome record [================================================] 100% 1/1
Downloading: ncbi_dataset.zip    110MB 7.04MB/s
[1A[2K[1A[2KCollecting 1 genome record [================================================] 100% 1/1
Downloading: ncbi_dataset.zip    110MB 7.04MB/s
[1A[2K[1A[2KCollecting 1 genome record [================================================] 100% 1/1
Downloading: ncbi_dataset.zip    110MB 7.04MB/s
[1A[2K[1A[2KCollecting 1 genome record [================================================] 100% 1/1
Downloading: ncbi_dataset.zip    110MB 7.04MB/s
[1A[2K[1A[2KCollecting 1 genome record [================================================] 100% 1/1
Downloading: ncbi_dataset.zip    110MB 7.04MB/s
[1A[2K[1A[2KCollecting 1 genome record [================================================] 100% 1/1
Downloading: ncbi_dataset.zip    110MB 7.04MB/s
[1A[2K[1A[2KCollecting 1 genome record [================================================] 100% 1/1
Downloading: ncbi_dataset.zip    110MB 7.01MB/s
[1A[2K[1A[2KCollecting 1 genome record [================================================] 100% 1/1
Downloading: ncbi_dataset.zip    110MB 7.02MB/s
[1A[2K[1A[2KCollecting 1 genome record [================================================] 100% 1/1
Downloading: ncbi_dataset.zip    110MB 7.03MB/s
[1A[2K[1A[2KCollecting 1 genome record [================================================] 100% 1/1
Downloading: ncbi_dataset.zip    111MB 7.06MB/s
[1A[2K[1A[2KCollecting 1 genome record [================================================] 100% 1/1
Downloading: ncbi_dataset.zip    111MB 7.06MB/s
[1A[2K[1A[2KCollecting 1 genome record [================================================] 100% 1/1
Downloading: ncbi_dataset.zip    111MB 7.06MB/s
[1A[2K[1A[2KCollecting 1 genome record [================================================] 100% 1/1
Downloading: ncbi_dataset.zip    111MB 7.06MB/s
[1A[2K[1A[2KCollecting 1 genome record [================================================] 100% 1/1
Downloading: ncbi_dataset.zip    111MB 7.06MB/s
[1A[2K[1A[2KCollecting 1 genome record [================================================] 100% 1/1
Downloading: ncbi_dataset.zip    111MB 7.05MB/s
[1A[2K[1A[2KCollecting 1 genome record [================================================] 100% 1/1
Downloading: ncbi_dataset.zip    111MB 7.05MB/s
[1A[2K[1A[2KCollecting 1 genome record [================================================] 100% 1/1
Downloading: ncbi_dataset.zip    111MB 7.04MB/s
[1A[2K[1A[2KCollecting 1 genome record [================================================] 100% 1/1
Downloading: ncbi_dataset.zip    111MB 7.04MB/s
[1A[2K[1A[2KCollecting 1 genome record [================================================] 100% 1/1
Downloading: ncbi_dataset.zip    111MB 7.04MB/s
[1A[2K[1A[2KCollecting 1 genome record [================================================] 100% 1/1
Downloading: ncbi_dataset.zip    111MB 7.04MB/s
[1A[2K[1A[2KCollecting 1 genome record [================================================] 100% 1/1
Downloading: ncbi_dataset.zip    111MB 7.04MB/s
[1A[2K[1A[2KCollecting 1 genome record [================================================] 100% 1/1
Downloading: ncbi_dataset.zip    111MB 7.04MB/s
[1A[2K[1A[2KCollecting 1 genome record [================================================] 100% 1/1
Downloading: ncbi_dataset.zip    111MB 7.04MB/s
[1A[2K[1A[2KCollecting 1 genome record [================================================] 100% 1/1
Downloading: ncbi_dataset.zip    111MB 7.02MB/s
[1A[2K[1A[2KCollecting 1 genome record [================================================] 100% 1/1
Downloading: ncbi_dataset.zip    112MB 7.04MB/s
[1A[2K[1A[2KCollecting 1 genome record [================================================] 100% 1/1
Downloading: ncbi_dataset.zip    112MB 7.06MB/s
[1A[2K[1A[2KCollecting 1 genome record [================================================] 100% 1/1
Downloading: ncbi_dataset.zip    112MB 7.06MB/s
[1A[2K[1A[2KCollecting 1 genome record [================================================] 100% 1/1
Downloading: ncbi_dataset.zip    112MB 7.05MB/s
[1A[2K[1A[2KCollecting 1 genome record [================================================] 100% 1/1
Downloading: ncbi_dataset.zip    112MB 7.05MB/s
[1A[2K[1A[2KCollecting 1 genome record [================================================] 100% 1/1
Downloading: ncbi_dataset.zip    112MB 7.05MB/s
[1A[2K[1A[2KCollecting 1 genome record [================================================] 100% 1/1
Downloading: ncbi_dataset.zip    112MB 7.05MB/s
[1A[2K[1A[2KCollecting 1 genome record [================================================] 100% 1/1
Downloading: ncbi_dataset.zip    112MB 7.04MB/s
[1A[2K[1A[2KCollecting 1 genome record [================================================] 100% 1/1
Downloading: ncbi_dataset.zip    112MB 7.04MB/s
[1A[2K[1A[2KCollecting 1 genome record [================================================] 100% 1/1
Downloading: ncbi_dataset.zip    112MB 7.04MB/s
[1A[2K[1A[2KCollecting 1 genome record [================================================] 100% 1/1
Downloading: ncbi_dataset.zip    112MB 7.04MB/s
[1A[2K[1A[2KCollecting 1 genome record [================================================] 100% 1/1
Downloading: ncbi_dataset.zip    112MB 7.03MB/s
[1A[2K[1A[2KCollecting 1 genome record [================================================] 100% 1/1
Downloading: ncbi_dataset.zip    112MB 7.03MB/s
[1A[2K[1A[2KCollecting 1 genome record [================================================] 100% 1/1
Downloading: ncbi_dataset.zip    112MB 7.03MB/s
[1A[2K[1A[2KCollecting 1 genome record [================================================] 100% 1/1
Downloading: ncbi_dataset.zip    112MB 7.03MB/s
[1A[2K[1A[2KCollecting 1 genome record [================================================] 100% 1/1
Downloading: ncbi_dataset.zip    112MB 7.03MB/s
[1A[2K[1A[2KCollecting 1 genome record [================================================] 100% 1/1
Downloading: ncbi_dataset.zip    112MB 7.02MB/s
[1A[2K[1A[2KCollecting 1 genome record [================================================] 100% 1/1
Downloading: ncbi_dataset.zip    113MB 7.05MB/s
[1A[2K[1A[2KCollecting 1 genome record [================================================] 100% 1/1
Downloading: ncbi_dataset.zip    113MB 7.06MB/s
[1A[2K[1A[2KCollecting 1 genome record [================================================] 100% 1/1
Downloading: ncbi_dataset.zip    113MB 7.06MB/s
[1A[2K[1A[2KCollecting 1 genome record [================================================] 100% 1/1
Downloading: ncbi_dataset.zip    113MB 7.05MB/s
[1A[2K[1A[2KCollecting 1 genome record [================================================] 100% 1/1
Downloading: ncbi_dataset.zip    113MB 7.05MB/s
[1A[2K[1A[2KCollecting 1 genome record [================================================] 100% 1/1
Downloading: ncbi_dataset.zip    113MB 7.05MB/s
[1A[2K[1A[2KCollecting 1 genome record [================================================] 100% 1/1
Downloading: ncbi_dataset.zip    113MB 7.04MB/s
[1A[2K[1A[2KCollecting 1 genome record [================================================] 100% 1/1
Downloading: ncbi_dataset.zip    113MB 7.04MB/s
[1A[2K[1A[2KCollecting 1 genome record [================================================] 100% 1/1
Downloading: ncbi_dataset.zip    113MB 7.04MB/s
[1A[2K[1A[2KCollecting 1 genome record [================================================] 100% 1/1
Downloading: ncbi_dataset.zip    113MB 7.04MB/s
[1A[2K[1A[2KCollecting 1 genome record [================================================] 100% 1/1
Downloading: ncbi_dataset.zip    113MB 7.04MB/s
[1A[2K[1A[2KCollecting 1 genome record [================================================] 100% 1/1
Downloading: ncbi_dataset.zip    113MB 7.04MB/s
[1A[2K[1A[2KCollecting 1 genome record [================================================] 100% 1/1
Downloading: ncbi_dataset.zip    113MB 7.04MB/s
[1A[2K[1A[2KCollecting 1 genome record [================================================] 100% 1/1
Downloading: ncbi_dataset.zip    113MB 7.04MB/s
[1A[2K[1A[2KCollecting 1 genome record [================================================] 100% 1/1
Downloading: ncbi_dataset.zip    113MB 7.04MB/s
[1A[2K[1A[2KCollecting 1 genome record [================================================] 100% 1/1
Downloading: ncbi_dataset.zip    113MB 7.01MB/s
[1A[2K[1A[2KCollecting 1 genome record [================================================] 100% 1/1
Downloading: ncbi_dataset.zip    114MB 7.03MB/s
[1A[2K[1A[2KCollecting 1 genome record [================================================] 100% 1/1
Downloading: ncbi_dataset.zip    114MB 7.05MB/s
[1A[2K[1A[2KCollecting 1 genome record [================================================] 100% 1/1
Downloading: ncbi_dataset.zip    114MB 7.05MB/s
[1A[2K[1A[2KCollecting 1 genome record [================================================] 100% 1/1
Downloading: ncbi_dataset.zip    114MB 7.05MB/s
[1A[2K[1A[2KCollecting 1 genome record [================================================] 100% 1/1
Downloading: ncbi_dataset.zip    114MB 7.05MB/s
[1A[2K[1A[2KCollecting 1 genome record [================================================] 100% 1/1
Downloading: ncbi_dataset.zip    114MB 7.05MB/s
[1A[2K[1A[2KCollecting 1 genome record [================================================] 100% 1/1
Downloading: ncbi_dataset.zip    114MB 7.04MB/s
[1A[2K[1A[2KCollecting 1 genome record [================================================] 100% 1/1
Downloading: ncbi_dataset.zip    114MB 7.04MB/s
[1A[2K[1A[2KCollecting 1 genome record [================================================] 100% 1/1
Downloading: ncbi_dataset.zip    114MB 7.03MB/s
[1A[2K[1A[2KCollecting 1 genome record [================================================] 100% 1/1
Downloading: ncbi_dataset.zip    114MB 7.03MB/s
[1A[2K[1A[2KCollecting 1 genome record [================================================] 100% 1/1
Downloading: ncbi_dataset.zip    114MB 7.03MB/s
[1A[2K[1A[2KCollecting 1 genome record [================================================] 100% 1/1
Downloading: ncbi_dataset.zip    114MB 7.03MB/s
[1A[2K[1A[2KCollecting 1 genome record [================================================] 100% 1/1
Downloading: ncbi_dataset.zip    114MB 7.03MB/s
[1A[2K[1A[2KCollecting 1 genome record [================================================] 100% 1/1
Downloading: ncbi_dataset.zip    114MB 7.03MB/s
[1A[2K[1A[2KCollecting 1 genome record [================================================] 100% 1/1
Downloading: ncbi_dataset.zip    114MB 7.03MB/s
[1A[2K[1A[2KCollecting 1 genome record [================================================] 100% 1/1
Downloading: ncbi_dataset.zip    114MB 7.03MB/s
[1A[2K[1A[2KCollecting 1 genome record [================================================] 100% 1/1
Downloading: ncbi_dataset.zip    115MB 7.02MB/s
[1A[2K[1A[2KCollecting 1 genome record [================================================] 100% 1/1
Downloading: ncbi_dataset.zip    115MB 7.04MB/s
[1A[2K[1A[2KCollecting 1 genome record [================================================] 100% 1/1
Downloading: ncbi_dataset.zip    115MB 7.05MB/s
[1A[2K[1A[2KCollecting 1 genome record [================================================] 100% 1/1
Downloading: ncbi_dataset.zip    115MB 7.05MB/s
[1A[2K[1A[2KCollecting 1 genome record [================================================] 100% 1/1
Downloading: ncbi_dataset.zip    115MB 7.05MB/s
[1A[2K[1A[2KCollecting 1 genome record [================================================] 100% 1/1
Downloading: ncbi_dataset.zip    115MB 7.05MB/s
[1A[2K[1A[2KCollecting 1 genome record [================================================] 100% 1/1
Downloading: ncbi_dataset.zip    116MB 7.04MB/s
[1A[2K[1A[2KCollecting 1 genome record [================================================] 100% 1/1
Downloading: ncbi_dataset.zip    116MB 7.04MB/s
[1A[2K[1A[2KCollecting 1 genome record [================================================] 100% 1/1
Downloading: ncbi_dataset.zip    116MB 7.03MB/s
[1A[2K[1A[2KCollecting 1 genome record [================================================] 100% 1/1
Downloading: ncbi_dataset.zip    116MB 7.03MB/s
[1A[2K[1A[2KCollecting 1 genome record [================================================] 100% 1/1
Downloading: ncbi_dataset.zip    116MB 7.03MB/s
[1A[2K[1A[2KCollecting 1 genome record [================================================] 100% 1/1
Downloading: ncbi_dataset.zip    116MB 7.03MB/s
[1A[2K[1A[2KCollecting 1 genome record [================================================] 100% 1/1
Downloading: ncbi_dataset.zip    116MB 7.03MB/s
[1A[2K[1A[2KCollecting 1 genome record [================================================] 100% 1/1
Downloading: ncbi_dataset.zip    116MB 7.03MB/s
[1A[2K[1A[2KCollecting 1 genome record [================================================] 100% 1/1
Downloading: ncbi_dataset.zip    116MB 7.03MB/s
[1A[2K[1A[2KCollecting 1 genome record [================================================] 100% 1/1
Downloading: ncbi_dataset.zip    116MB 7.03MB/s
[1A[2K[1A[2KCollecting 1 genome record [================================================] 100% 1/1
Downloading: ncbi_dataset.zip    116MB 7.01MB/s
[1A[2K[1A[2KCollecting 1 genome record [================================================] 100% 1/1
Downloading: ncbi_dataset.zip    116MB 7.03MB/s
[1A[2K[1A[2KCollecting 1 genome record [================================================] 100% 1/1
Downloading: ncbi_dataset.zip    117MB 7.05MB/s
[1A[2K[1A[2KCollecting 1 genome record [================================================] 100% 1/1
Downloading: ncbi_dataset.zip    117MB 7.05MB/s
[1A[2K[1A[2KCollecting 1 genome record [================================================] 100% 1/1
Downloading: ncbi_dataset.zip    117MB 7.05MB/s
[1A[2K[1A[2KCollecting 1 genome record [================================================] 100% 1/1
Downloading: ncbi_dataset.zip    117MB 7.04MB/s
[1A[2K[1A[2KCollecting 1 genome record [================================================] 100% 1/1
Downloading: ncbi_dataset.zip    117MB 7.04MB/s
[1A[2K[1A[2KCollecting 1 genome record [================================================] 100% 1/1
Downloading: ncbi_dataset.zip    117MB 7.04MB/s
[1A[2K[1A[2KCollecting 1 genome record [================================================] 100% 1/1
Downloading: ncbi_dataset.zip    117MB 7.03MB/s
[1A[2K[1A[2KCollecting 1 genome record [================================================] 100% 1/1
Downloading: ncbi_dataset.zip    117MB 7.03MB/s
[1A[2K[1A[2KCollecting 1 genome record [================================================] 100% 1/1
Downloading: ncbi_dataset.zip    117MB 7.03MB/s
[1A[2K[1A[2KCollecting 1 genome record [================================================] 100% 1/1
Downloading: ncbi_dataset.zip    117MB 7.03MB/s
[1A[2K[1A[2KCollecting 1 genome record [================================================] 100% 1/1
Downloading: ncbi_dataset.zip    117MB 7.03MB/s
[1A[2K[1A[2KCollecting 1 genome record [================================================] 100% 1/1
Downloading: ncbi_dataset.zip    117MB 7.03MB/s
[1A[2K[1A[2KCollecting 1 genome record [================================================] 100% 1/1
Downloading: ncbi_dataset.zip    117MB 7.01MB/s
[1A[2K[1A[2KCollecting 1 genome record [================================================] 100% 1/1
Downloading: ncbi_dataset.zip    117MB 7.01MB/s
[1A[2K[1A[2KCollecting 1 genome record [================================================] 100% 1/1
Downloading: ncbi_dataset.zip    117MB 7.01MB/s
[1A[2K[1A[2KCollecting 1 genome record [================================================] 100% 1/1
Downloading: ncbi_dataset.zip    117MB 7.02MB/s
[1A[2K[1A[2KCollecting 1 genome record [================================================] 100% 1/1
Downloading: ncbi_dataset.zip    118MB 7.04MB/s
[1A[2K[1A[2KCollecting 1 genome record [================================================] 100% 1/1
Downloading: ncbi_dataset.zip    118MB 7.05MB/s
[1A[2K[1A[2KCollecting 1 genome record [================================================] 100% 1/1
Downloading: ncbi_dataset.zip    118MB 7.05MB/s
[1A[2K[1A[2KCollecting 1 genome record [================================================] 100% 1/1
Downloading: ncbi_dataset.zip    118MB 7.05MB/s
[1A[2K[1A[2KCollecting 1 genome record [================================================] 100% 1/1
Downloading: ncbi_dataset.zip    118MB 7.04MB/s
[1A[2K[1A[2KCollecting 1 genome record [================================================] 100% 1/1
Downloading: ncbi_dataset.zip    118MB 7.04MB/s
[1A[2K[1A[2KCollecting 1 genome record [================================================] 100% 1/1
Downloading: ncbi_dataset.zip    118MB 7.03MB/s
[1A[2K[1A[2KCollecting 1 genome record [================================================] 100% 1/1
Downloading: ncbi_dataset.zip    118MB 7.03MB/s
[1A[2K[1A[2KCollecting 1 genome record [================================================] 100% 1/1
Downloading: ncbi_dataset.zip    118MB 7.02MB/s
[1A[2K[1A[2KCollecting 1 genome record [================================================] 100% 1/1
Downloading: ncbi_dataset.zip    118MB 7.02MB/s
[1A[2K[1A[2KCollecting 1 genome record [================================================] 100% 1/1
Downloading: ncbi_dataset.zip    118MB 7.02MB/s
[1A[2K[1A[2KCollecting 1 genome record [================================================] 100% 1/1
Downloading: ncbi_dataset.zip    118MB 7.02MB/s
[1A[2K[1A[2KCollecting 1 genome record [================================================] 100% 1/1
Downloading: ncbi_dataset.zip    118MB 7.02MB/s
[1A[2K[1A[2KCollecting 1 genome record [================================================] 100% 1/1
Downloading: ncbi_dataset.zip    118MB 7.02MB/s
[1A[2K[1A[2KCollecting 1 genome record [================================================] 100% 1/1
Downloading: ncbi_dataset.zip    118MB 7.02MB/s
[1A[2K[1A[2KCollecting 1 genome record [================================================] 100% 1/1
Downloading: ncbi_dataset.zip    118MB 7MB/s
[1A[2K[1A[2KCollecting 1 genome record [================================================] 100% 1/1
Downloading: ncbi_dataset.zip    118MB 7.02MB/s
[1A[2K[1A[2KCollecting 1 genome record [================================================] 100% 1/1
Downloading: ncbi_dataset.zip    119MB 7.04MB/s
[1A[2K[1A[2KCollecting 1 genome record [================================================] 100% 1/1
Downloading: ncbi_dataset.zip    119MB 7.04MB/s
[1A[2K[1A[2KCollecting 1 genome record [================================================] 100% 1/1
Downloading: ncbi_dataset.zip    119MB 7.04MB/s
[1A[2K[1A[2KCollecting 1 genome record [================================================] 100% 1/1
Downloading: ncbi_dataset.zip    119MB 7.04MB/s
[1A[2K[1A[2KCollecting 1 genome record [================================================] 100% 1/1
Downloading: ncbi_dataset.zip    119MB 7.04MB/s
[1A[2K[1A[2KCollecting 1 genome record [================================================] 100% 1/1
Downloading: ncbi_dataset.zip    119MB 7.03MB/s
[1A[2K[1A[2KCollecting 1 genome record [================================================] 100% 1/1
Downloading: ncbi_dataset.zip    119MB 7.03MB/s
[1A[2K[1A[2KCollecting 1 genome record [================================================] 100% 1/1
Downloading: ncbi_dataset.zip    119MB 7.03MB/s
[1A[2K[1A[2KCollecting 1 genome record [================================================] 100% 1/1
Downloading: ncbi_dataset.zip    119MB 7.03MB/s
[1A[2K[1A[2KCollecting 1 genome record [================================================] 100% 1/1
Downloading: ncbi_dataset.zip    119MB 7.01MB/s
[1A[2K[1A[2KCollecting 1 genome record [================================================] 100% 1/1
Downloading: ncbi_dataset.zip    119MB 7.01MB/s
[1A[2K[1A[2KCollecting 1 genome record [================================================] 100% 1/1
Downloading: ncbi_dataset.zip    119MB 7.01MB/s
[1A[2K[1A[2KCollecting 1 genome record [================================================] 100% 1/1
Downloading: ncbi_dataset.zip    119MB 7.01MB/s
[1A[2K[1A[2KCollecting 1 genome record [================================================] 100% 1/1
Downloading: ncbi_dataset.zip    119MB 7.01MB/s
[1A[2K[1A[2KCollecting 1 genome record [================================================] 100% 1/1
Downloading: ncbi_dataset.zip    119MB 7.01MB/s
[1A[2K[1A[2KCollecting 1 genome record [================================================] 100% 1/1
Downloading: ncbi_dataset.zip    119MB 7.01MB/s
[1A[2K[1A[2KCollecting 1 genome record [================================================] 100% 1/1
Downloading: ncbi_dataset.zip    120MB 7.03MB/s
[1A[2K[1A[2KCollecting 1 genome record [================================================] 100% 1/1
Downloading: ncbi_dataset.zip    120MB 7.04MB/s
[1A[2K[1A[2KCollecting 1 genome record [================================================] 100% 1/1
Downloading: ncbi_dataset.zip    120MB 7.04MB/s
[1A[2K[1A[2KCollecting 1 genome record [================================================] 100% 1/1
Downloading: ncbi_dataset.zip    120MB 7.03MB/s
[1A[2K[1A[2KCollecting 1 genome record [================================================] 100% 1/1
Downloading: ncbi_dataset.zip    120MB 7.03MB/s
[1A[2K[1A[2KCollecting 1 genome record [================================================] 100% 1/1
Downloading: ncbi_dataset.zip    120MB 7.03MB/s
[1A[2K[1A[2KCollecting 1 genome record [================================================] 100% 1/1
Downloading: ncbi_dataset.zip    120MB 7.03MB/s
[1A[2K[1A[2KCollecting 1 genome record [================================================] 100% 1/1
Downloading: ncbi_dataset.zip    120MB 7.02MB/s
[1A[2K[1A[2KCollecting 1 genome record [================================================] 100% 1/1
Downloading: ncbi_dataset.zip    120MB 7.02MB/s
[1A[2K[1A[2KCollecting 1 genome record [================================================] 100% 1/1
Downloading: ncbi_dataset.zip    120MB 7.02MB/s
[1A[2K[1A[2KCollecting 1 genome record [================================================] 100% 1/1
Downloading: ncbi_dataset.zip    120MB 7.01MB/s
[1A[2K[1A[2KCollecting 1 genome record [================================================] 100% 1/1
Downloading: ncbi_dataset.zip    120MB 7.01MB/s
[1A[2K[1A[2KCollecting 1 genome record [================================================] 100% 1/1
Downloading: ncbi_dataset.zip    120MB 7.01MB/s
[1A[2K[1A[2KCollecting 1 genome record [================================================] 100% 1/1
Downloading: ncbi_dataset.zip    120MB 7.01MB/s
[1A[2K[1A[2KCollecting 1 genome record [================================================] 100% 1/1
Downloading: ncbi_dataset.zip    120MB 7.01MB/s
[1A[2K[1A[2KCollecting 1 genome record [================================================] 100% 1/1
Downloading: ncbi_dataset.zip    120MB 7MB/s
[1A[2K[1A[2KCollecting 1 genome record [================================================] 100% 1/1
Downloading: ncbi_dataset.zip    121MB 7.02MB/s
[1A[2K[1A[2KCollecting 1 genome record [================================================] 100% 1/1
Downloading: ncbi_dataset.zip    121MB 7.04MB/s
[1A[2K[1A[2KCollecting 1 genome record [================================================] 100% 1/1
Downloading: ncbi_dataset.zip    121MB 7.04MB/s
[1A[2K[1A[2KCollecting 1 genome record [================================================] 100% 1/1
Downloading: ncbi_dataset.zip    121MB 7.04MB/s
[1A[2K[1A[2KCollecting 1 genome record [================================================] 100% 1/1
Downloading: ncbi_dataset.zip    121MB 7.03MB/s
[1A[2K[1A[2KCollecting 1 genome record [================================================] 100% 1/1
Downloading: ncbi_dataset.zip    121MB 7.03MB/s
[1A[2K[1A[2KCollecting 1 genome record [================================================] 100% 1/1
Downloading: ncbi_dataset.zip    121MB 7.02MB/s
[1A[2K[1A[2KCollecting 1 genome record [================================================] 100% 1/1
Downloading: ncbi_dataset.zip    121MB 7.02MB/s
[1A[2K[1A[2KCollecting 1 genome record [================================================] 100% 1/1
Downloading: ncbi_dataset.zip    121MB 7.02MB/s
[1A[2K[1A[2KCollecting 1 genome record [================================================] 100% 1/1
Downloading: ncbi_dataset.zip    121MB 7.02MB/s
[1A[2K[1A[2KCollecting 1 genome record [================================================] 100% 1/1
Downloading: ncbi_dataset.zip    121MB 7.02MB/s
[1A[2K[1A[2KCollecting 1 genome record [================================================] 100% 1/1
Downloading: ncbi_dataset.zip    121MB 7.02MB/s
[1A[2K[1A[2KCollecting 1 genome record [================================================] 100% 1/1
Downloading: ncbi_dataset.zip    121MB 7.02MB/s
[1A[2K[1A[2KCollecting 1 genome record [================================================] 100% 1/1
Downloading: ncbi_dataset.zip    121MB 7.02MB/s
[1A[2K[1A[2KCollecting 1 genome record [================================================] 100% 1/1
Downloading: ncbi_dataset.zip    121MB 7.02MB/s
[1A[2K[1A[2KCollecting 1 genome record [================================================] 100% 1/1
Downloading: ncbi_dataset.zip    122MB 6.99MB/s
[1A[2K[1A[2KCollecting 1 genome record [================================================] 100% 1/1
Downloading: ncbi_dataset.zip    122MB 7.01MB/s
[1A[2K[1A[2KCollecting 1 genome record [================================================] 100% 1/1
Downloading: ncbi_dataset.zip    122MB 7.03MB/s
[1A[2K[1A[2KCollecting 1 genome record [================================================] 100% 1/1
Downloading: ncbi_dataset.zip    122MB 7.04MB/s
[1A[2K[1A[2KCollecting 1 genome record [================================================] 100% 1/1
Downloading: ncbi_dataset.zip    122MB 7.04MB/s
[1A[2K[1A[2KCollecting 1 genome record [================================================] 100% 1/1
Downloading: ncbi_dataset.zip    122MB 7.03MB/s
[1A[2K[1A[2KCollecting 1 genome record [================================================] 100% 1/1
Downloading: ncbi_dataset.zip    123MB 7.02MB/s
[1A[2K[1A[2KCollecting 1 genome record [================================================] 100% 1/1
Downloading: ncbi_dataset.zip    123MB 7.02MB/s
[1A[2K[1A[2KCollecting 1 genome record [================================================] 100% 1/1
Downloading: ncbi_dataset.zip    123MB 7.02MB/s
[1A[2K[1A[2KCollecting 1 genome record [================================================] 100% 1/1
Downloading: ncbi_dataset.zip    123MB 7.02MB/s
[1A[2K[1A[2KCollecting 1 genome record [================================================] 100% 1/1
Downloading: ncbi_dataset.zip    123MB 7.02MB/s
[1A[2K[1A[2KCollecting 1 genome record [================================================] 100% 1/1
Downloading: ncbi_dataset.zip    123MB 7.02MB/s
[1A[2K[1A[2KCollecting 1 genome record [================================================] 100% 1/1
Downloading: ncbi_dataset.zip    123MB 7.01MB/s
[1A[2K[1A[2KCollecting 1 genome record [================================================] 100% 1/1
Downloading: ncbi_dataset.zip    123MB 7.01MB/s
[1A[2K[1A[2KCollecting 1 genome record [================================================] 100% 1/1
Downloading: ncbi_dataset.zip    123MB 7.01MB/s
[1A[2K[1A[2KCollecting 1 genome record [================================================] 100% 1/1
Downloading: ncbi_dataset.zip    123MB 7.01MB/s
[1A[2K[1A[2KCollecting 1 genome record [================================================] 100% 1/1
Downloading: ncbi_dataset.zip    123MB 7.01MB/s
[1A[2K[1A[2KCollecting 1 genome record [================================================] 100% 1/1
Downloading: ncbi_dataset.zip    123MB 7MB/s
[1A[2K[1A[2KCollecting 1 genome record [================================================] 100% 1/1
Downloading: ncbi_dataset.zip    123MB 7.01MB/s
[1A[2K[1A[2KCollecting 1 genome record [================================================] 100% 1/1
Downloading: ncbi_dataset.zip    124MB 7.03MB/s
[1A[2K[1A[2KCollecting 1 genome record [================================================] 100% 1/1
Downloading: ncbi_dataset.zip    124MB 7.03MB/s
[1A[2K[1A[2KCollecting 1 genome record [================================================] 100% 1/1
Downloading: ncbi_dataset.zip    124MB 7.03MB/s
[1A[2K[1A[2KCollecting 1 genome record [================================================] 100% 1/1
Downloading: ncbi_dataset.zip    124MB 7.03MB/s
[1A[2K[1A[2KCollecting 1 genome record [================================================] 100% 1/1
Downloading: ncbi_dataset.zip    124MB 7.03MB/s
[1A[2K[1A[2KCollecting 1 genome record [================================================] 100% 1/1
Downloading: ncbi_dataset.zip    124MB 7.02MB/s
[1A[2K[1A[2KCollecting 1 genome record [================================================] 100% 1/1
Downloading: ncbi_dataset.zip    124MB 7.02MB/s
[1A[2K[1A[2KCollecting 1 genome record [================================================] 100% 1/1
Downloading: ncbi_dataset.zip    124MB 7.02MB/s
[1A[2K[1A[2KCollecting 1 genome record [================================================] 100% 1/1
Downloading: ncbi_dataset.zip    124MB 7.02MB/s
[1A[2K[1A[2KCollecting 1 genome record [================================================] 100% 1/1
Downloading: ncbi_dataset.zip    124MB 7.02MB/s
[1A[2K[1A[2KCollecting 1 genome record [================================================] 100% 1/1
Downloading: ncbi_dataset.zip    124MB 7MB/s
[1A[2K[1A[2KCollecting 1 genome record [================================================] 100% 1/1
Downloading: ncbi_dataset.zip    124MB 7MB/s
[1A[2K[1A[2KCollecting 1 genome record [================================================] 100% 1/1
Downloading: ncbi_dataset.zip    124MB 7MB/s
[1A[2K[1A[2KCollecting 1 genome record [================================================] 100% 1/1
Downloading: ncbi_dataset.zip    124MB 7MB/s
[1A[2K[1A[2KCollecting 1 genome record [================================================] 100% 1/1
Downloading: ncbi_dataset.zip    124MB 6.99MB/s
[1A[2K[1A[2KCollecting 1 genome record [================================================] 100% 1/1
Downloading: ncbi_dataset.zip    124MB 7.01MB/s
[1A[2K[1A[2KCollecting 1 genome record [================================================] 100% 1/1
Downloading: ncbi_dataset.zip    125MB 7.03MB/s
[1A[2K[1A[2KCollecting 1 genome record [================================================] 100% 1/1
Downloading: ncbi_dataset.zip    125MB 7.03MB/s
[1A[2K[1A[2KCollecting 1 genome record [================================================] 100% 1/1
Downloading: ncbi_dataset.zip    125MB 7.03MB/s
[1A[2K[1A[2KCollecting 1 genome record [================================================] 100% 1/1
Downloading: ncbi_dataset.zip    125MB 7.02MB/s
[1A[2K[1A[2KCollecting 1 genome record [================================================] 100% 1/1
Downloading: ncbi_dataset.zip    125MB 7.02MB/s
[1A[2K[1A[2KCollecting 1 genome record [================================================] 100% 1/1
Downloading: ncbi_dataset.zip    125MB 7.02MB/s
[1A[2K[1A[2KCollecting 1 genome record [================================================] 100% 1/1
Downloading: ncbi_dataset.zip    125MB 7.02MB/s
[1A[2K[1A[2KCollecting 1 genome record [================================================] 100% 1/1
Downloading: ncbi_dataset.zip    125MB 7.02MB/s
[1A[2K[1A[2KCollecting 1 genome record [================================================] 100% 1/1
Downloading: ncbi_dataset.zip    125MB 7.01MB/s
[1A[2K[1A[2KCollecting 1 genome record [================================================] 100% 1/1
Downloading: ncbi_dataset.zip    125MB 7.01MB/s
[1A[2K[1A[2KCollecting 1 genome record [================================================] 100% 1/1
Downloading: ncbi_dataset.zip    125MB 7.01MB/s
[1A[2K[1A[2KCollecting 1 genome record [================================================] 100% 1/1
Downloading: ncbi_dataset.zip    125MB 7.01MB/s
[1A[2K[1A[2KCollecting 1 genome record [================================================] 100% 1/1
Downloading: ncbi_dataset.zip    125MB 7.01MB/s
[1A[2K[1A[2KCollecting 1 genome record [================================================] 100% 1/1
Downloading: ncbi_dataset.zip    125MB 7.01MB/s
[1A[2K[1A[2KCollecting 1 genome record [================================================] 100% 1/1
Downloading: ncbi_dataset.zip    125MB 7.01MB/s
[1A[2K[1A[2KCollecting 1 genome record [================================================] 100% 1/1
Downloading: ncbi_dataset.zip    125MB 7MB/s
[1A[2K[1A[2KCollecting 1 genome record [================================================] 100% 1/1
Downloading: ncbi_dataset.zip    126MB 7.01MB/s
[1A[2K[1A[2KCollecting 1 genome record [================================================] 100% 1/1
Downloading: ncbi_dataset.zip    126MB 7.02MB/s
[1A[2K[1A[2KCollecting 1 genome record [================================================] 100% 1/1
Downloading: ncbi_dataset.zip    126MB 7.03MB/s
[1A[2K[1A[2KCollecting 1 genome record [================================================] 100% 1/1
Downloading: ncbi_dataset.zip    126MB 7.02MB/s
[1A[2K[1A[2KCollecting 1 genome record [================================================] 100% 1/1
Downloading: ncbi_dataset.zip    126MB 7.02MB/s
[1A[2K[1A[2KCollecting 1 genome record [================================================] 100% 1/1
Downloading: ncbi_dataset.zip    126MB 7.02MB/s
[1A[2K[1A[2KCollecting 1 genome record [================================================] 100% 1/1
Downloading: ncbi_dataset.zip    126MB 7.02MB/s
[1A[2K[1A[2KCollecting 1 genome record [================================================] 100% 1/1
Downloading: ncbi_dataset.zip    126MB 7.01MB/s
[1A[2K[1A[2KCollecting 1 genome record [================================================] 100% 1/1
Downloading: ncbi_dataset.zip    126MB 7.01MB/s
[1A[2K[1A[2KCollecting 1 genome record [================================================] 100% 1/1
Downloading: ncbi_dataset.zip    126MB 7.01MB/s
[1A[2K[1A[2KCollecting 1 genome record [================================================] 100% 1/1
Downloading: ncbi_dataset.zip    126MB 7.01MB/s
[1A[2K[1A[2KCollecting 1 genome record [================================================] 100% 1/1
Downloading: ncbi_dataset.zip    126MB 7.01MB/s
[1A[2K[1A[2KCollecting 1 genome record [================================================] 100% 1/1
Downloading: ncbi_dataset.zip    126MB 7.01MB/s
[1A[2K[1A[2KCollecting 1 genome record [================================================] 100% 1/1
Downloading: ncbi_dataset.zip    126MB 7.01MB/s
[1A[2K[1A[2KCollecting 1 genome record [================================================] 100% 1/1
Downloading: ncbi_dataset.zip    126MB 7.01MB/s
[1A[2K[1A[2KCollecting 1 genome record [================================================] 100% 1/1
Downloading: ncbi_dataset.zip    126MB 6.99MB/s
[1A[2K[1A[2KCollecting 1 genome record [================================================] 100% 1/1
Downloading: ncbi_dataset.zip    127MB 7MB/s
[1A[2K[1A[2KCollecting 1 genome record [================================================] 100% 1/1
Downloading: ncbi_dataset.zip    127MB 7.02MB/s
[1A[2K[1A[2KCollecting 1 genome record [================================================] 100% 1/1
Downloading: ncbi_dataset.zip    127MB 7.02MB/s
[1A[2K[1A[2KCollecting 1 genome record [================================================] 100% 1/1
Downloading: ncbi_dataset.zip    127MB 7.02MB/s
[1A[2K[1A[2KCollecting 1 genome record [================================================] 100% 1/1
Downloading: ncbi_dataset.zip    127MB 7.02MB/s
[1A[2K[1A[2KCollecting 1 genome record [================================================] 100% 1/1
Downloading: ncbi_dataset.zip    127MB 7.02MB/s
[1A[2K[1A[2KCollecting 1 genome record [================================================] 100% 1/1
Downloading: ncbi_dataset.zip    127MB 7.01MB/s
[1A[2K[1A[2KCollecting 1 genome record [================================================] 100% 1/1
Downloading: ncbi_dataset.zip    127MB 7.01MB/s
[1A[2K[1A[2KCollecting 1 genome record [================================================] 100% 1/1
Downloading: ncbi_dataset.zip    127MB 7.01MB/s
[1A[2K[1A[2KCollecting 1 genome record [================================================] 100% 1/1
Downloading: ncbi_dataset.zip    127MB 7.01MB/s
[1A[2K[1A[2KCollecting 1 genome record [================================================] 100% 1/1
Downloading: ncbi_dataset.zip    127MB 7.01MB/s
[1A[2K[1A[2KCollecting 1 genome record [================================================] 100% 1/1
Downloading: ncbi_dataset.zip    127MB 7MB/s
[1A[2K[1A[2KCollecting 1 genome record [================================================] 100% 1/1
Downloading: ncbi_dataset.zip    127MB 7MB/s
[1A[2K[1A[2KCollecting 1 genome record [================================================] 100% 1/1
Downloading: ncbi_dataset.zip    127MB 7MB/s
[1A[2K[1A[2KCollecting 1 genome record [================================================] 100% 1/1
Downloading: ncbi_dataset.zip    127MB 7MB/s
[1A[2K[1A[2KCollecting 1 genome record [================================================] 100% 1/1
Downloading: ncbi_dataset.zip    127MB 7MB/s
[1A[2K[1A[2KCollecting 1 genome record [================================================] 100% 1/1
Downloading: ncbi_dataset.zip    128MB 6.99MB/s
[1A[2K[1A[2KCollecting 1 genome record [================================================] 100% 1/1
Downloading: ncbi_dataset.zip    128MB 7.01MB/s
[1A[2K[1A[2KCollecting 1 genome record [================================================] 100% 1/1
Downloading: ncbi_dataset.zip    128MB 7.02MB/s
[1A[2K[1A[2KCollecting 1 genome record [================================================] 100% 1/1
Downloading: ncbi_dataset.zip    128MB 7.02MB/s
[1A[2K[1A[2KCollecting 1 genome record [================================================] 100% 1/1
Downloading: ncbi_dataset.zip    128MB 7.02MB/s
[1A[2K[1A[2KCollecting 1 genome record [================================================] 100% 1/1
Downloading: ncbi_dataset.zip    128MB 7.02MB/s
[1A[2K[1A[2KCollecting 1 genome record [================================================] 100% 1/1
Downloading: ncbi_dataset.zip    128MB 7.02MB/s
[1A[2K[1A[2KCollecting 1 genome record [================================================] 100% 1/1
Downloading: ncbi_dataset.zip    128MB 7.01MB/s
[1A[2K[1A[2KCollecting 1 genome record [================================================] 100% 1/1
Downloading: ncbi_dataset.zip    128MB 7.01MB/s
[1A[2K[1A[2KCollecting 1 genome record [================================================] 100% 1/1
Downloading: ncbi_dataset.zip    128MB 7.01MB/s
[1A[2K[1A[2KCollecting 1 genome record [================================================] 100% 1/1
Downloading: ncbi_dataset.zip    128MB 7.01MB/s
[1A[2K[1A[2KCollecting 1 genome record [================================================] 100% 1/1
Downloading: ncbi_dataset.zip    128MB 7.01MB/s
[1A[2K[1A[2KCollecting 1 genome record [================================================] 100% 1/1
Downloading: ncbi_dataset.zip    128MB 6.99MB/s
[1A[2K[1A[2KCollecting 1 genome record [================================================] 100% 1/1
Downloading: ncbi_dataset.zip    128MB 6.99MB/s
[1A[2K[1A[2KCollecting 1 genome record [================================================] 100% 1/1
Downloading: ncbi_dataset.zip    128MB 6.99MB/s
[1A[2K[1A[2KCollecting 1 genome record [================================================] 100% 1/1
Downloading: ncbi_dataset.zip    128MB 6.99MB/s
[1A[2K[1A[2KCollecting 1 genome record [================================================] 100% 1/1
Downloading: ncbi_dataset.zip    129MB 6.98MB/s
[1A[2K[1A[2KCollecting 1 genome record [================================================] 100% 1/1
Downloading: ncbi_dataset.zip    129MB 7MB/s
[1A[2K[1A[2KCollecting 1 genome record [================================================] 100% 1/1
Downloading: ncbi_dataset.zip    129MB 7.02MB/s
[1A[2K[1A[2KCollecting 1 genome record [================================================] 100% 1/1
Downloading: ncbi_dataset.zip    129MB 7.02MB/s
[1A[2K[1A[2KCollecting 1 genome record [================================================] 100% 1/1
Downloading: ncbi_dataset.zip    129MB 7.02MB/s
[1A[2K[1A[2KCollecting 1 genome record [================================================] 100% 1/1
Downloading: ncbi_dataset.zip    129MB 7.02MB/s
[1A[2K[1A[2KCollecting 1 genome record [================================================] 100% 1/1
Downloading: ncbi_dataset.zip    129MB 7.02MB/s
[1A[2K[1A[2KCollecting 1 genome record [================================================] 100% 1/1
Downloading: ncbi_dataset.zip    130MB 7.01MB/s
[1A[2K[1A[2KCollecting 1 genome record [================================================] 100% 1/1
Downloading: ncbi_dataset.zip    130MB 7.01MB/s
[1A[2K[1A[2KCollecting 1 genome record [================================================] 100% 1/1
Downloading: ncbi_dataset.zip    130MB 7.01MB/s
[1A[2K[1A[2KCollecting 1 genome record [================================================] 100% 1/1
Downloading: ncbi_dataset.zip    130MB 7MB/s
[1A[2K[1A[2KCollecting 1 genome record [================================================] 100% 1/1
Downloading: ncbi_dataset.zip    130MB 7MB/s
[1A[2K[1A[2KCollecting 1 genome record [================================================] 100% 1/1
Downloading: ncbi_dataset.zip    130MB 7MB/s
[1A[2K[1A[2KCollecting 1 genome record [================================================] 100% 1/1
Downloading: ncbi_dataset.zip    130MB 7MB/s
[1A[2K[1A[2KCollecting 1 genome record [================================================] 100% 1/1
Downloading: ncbi_dataset.zip    130MB 7MB/s
[1A[2K[1A[2KCollecting 1 genome record [================================================] 100% 1/1
Downloading: ncbi_dataset.zip    130MB 7MB/s
[1A[2K[1A[2KCollecting 1 genome record [================================================] 100% 1/1
Downloading: ncbi_dataset.zip    130MB 7MB/s
[1A[2K[1A[2KCollecting 1 genome record [================================================] 100% 1/1
Downloading: ncbi_dataset.zip    130MB 6.98MB/s
[1A[2K[1A[2KCollecting 1 genome record [================================================] 100% 1/1
Downloading: ncbi_dataset.zip    130MB 7MB/s
[1A[2K[1A[2KCollecting 1 genome record [================================================] 100% 1/1
Downloading: ncbi_dataset.zip    131MB 7.02MB/s
[1A[2K[1A[2KCollecting 1 genome record [================================================] 100% 1/1
Downloading: ncbi_dataset.zip    131MB 7.02MB/s
[1A[2K[1A[2KCollecting 1 genome record [================================================] 100% 1/1
Downloading: ncbi_dataset.zip    131MB 7.02MB/s
[1A[2K[1A[2KCollecting 1 genome record [================================================] 100% 1/1
Downloading: ncbi_dataset.zip    131MB 7.01MB/s
[1A[2K[1A[2KCollecting 1 genome record [================================================] 100% 1/1
Downloading: ncbi_dataset.zip    131MB 7.01MB/s
[1A[2K[1A[2KCollecting 1 genome record [================================================] 100% 1/1
Downloading: ncbi_dataset.zip    131MB 7.01MB/s
[1A[2K[1A[2KCollecting 1 genome record [================================================] 100% 1/1
Downloading: ncbi_dataset.zip    131MB 7MB/s
[1A[2K[1A[2KCollecting 1 genome record [================================================] 100% 1/1
Downloading: ncbi_dataset.zip    131MB 7MB/s
[1A[2K[1A[2KCollecting 1 genome record [================================================] 100% 1/1
Downloading: ncbi_dataset.zip    131MB 7MB/s
[1A[2K[1A[2KCollecting 1 genome record [================================================] 100% 1/1
Downloading: ncbi_dataset.zip    131MB 7MB/s
[1A[2K[1A[2KCollecting 1 genome record [================================================] 100% 1/1
Downloading: ncbi_dataset.zip    131MB 7MB/s
[1A[2K[1A[2KCollecting 1 genome record [================================================] 100% 1/1
Downloading: ncbi_dataset.zip    131MB 7MB/s
[1A[2K[1A[2KCollecting 1 genome record [================================================] 100% 1/1
Downloading: ncbi_dataset.zip    131MB 7MB/s
[1A[2K[1A[2KCollecting 1 genome record [================================================] 100% 1/1
Downloading: ncbi_dataset.zip    131MB 7MB/s
[1A[2K[1A[2KCollecting 1 genome record [================================================] 100% 1/1
Downloading: ncbi_dataset.zip    131MB 6.98MB/s
[1A[2K[1A[2KCollecting 1 genome record [================================================] 100% 1/1
Downloading: ncbi_dataset.zip    131MB 6.99MB/s
[1A[2K[1A[2KCollecting 1 genome record [================================================] 100% 1/1
Downloading: ncbi_dataset.zip    132MB 7.01MB/s
[1A[2K[1A[2KCollecting 1 genome record [================================================] 100% 1/1
Downloading: ncbi_dataset.zip    132MB 7.02MB/s
[1A[2K[1A[2KCollecting 1 genome record [================================================] 100% 1/1
Downloading: ncbi_dataset.zip    132MB 7.01MB/s
[1A[2K[1A[2KCollecting 1 genome record [================================================] 100% 1/1
Downloading: ncbi_dataset.zip    132MB 7.01MB/s
[1A[2K[1A[2KCollecting 1 genome record [================================================] 100% 1/1
Downloading: ncbi_dataset.zip    132MB 7.01MB/s
[1A[2K[1A[2KCollecting 1 genome record [================================================] 100% 1/1
Downloading: ncbi_dataset.zip    132MB 7MB/s
[1A[2K[1A[2KCollecting 1 genome record [================================================] 100% 1/1
Downloading: ncbi_dataset.zip    132MB 7MB/s
[1A[2K[1A[2KCollecting 1 genome record [================================================] 100% 1/1
Downloading: ncbi_dataset.zip    132MB 7MB/s
[1A[2K[1A[2KCollecting 1 genome record [================================================] 100% 1/1
Downloading: ncbi_dataset.zip    132MB 7MB/s
[1A[2K[1A[2KCollecting 1 genome record [================================================] 100% 1/1
Downloading: ncbi_dataset.zip    132MB 7MB/s
[1A[2K[1A[2KCollecting 1 genome record [================================================] 100% 1/1
Downloading: ncbi_dataset.zip    132MB 6.99MB/s
[1A[2K[1A[2KCollecting 1 genome record [================================================] 100% 1/1
Downloading: ncbi_dataset.zip    132MB 6.99MB/s
[1A[2K[1A[2KCollecting 1 genome record [================================================] 100% 1/1
Downloading: ncbi_dataset.zip    132MB 6.99MB/s
[1A[2K[1A[2KCollecting 1 genome record [================================================] 100% 1/1
Downloading: ncbi_dataset.zip    132MB 6.99MB/s
[1A[2K[1A[2KCollecting 1 genome record [================================================] 100% 1/1
Downloading: ncbi_dataset.zip    132MB 6.99MB/s
[1A[2K[1A[2KCollecting 1 genome record [================================================] 100% 1/1
Downloading: ncbi_dataset.zip    132MB 6.98MB/s
[1A[2K[1A[2KCollecting 1 genome record [================================================] 100% 1/1
Downloading: ncbi_dataset.zip    133MB 7MB/s
[1A[2K[1A[2KCollecting 1 genome record [================================================] 100% 1/1
Downloading: ncbi_dataset.zip    133MB 7.01MB/s
[1A[2K[1A[2KCollecting 1 genome record [================================================] 100% 1/1
Downloading: ncbi_dataset.zip    133MB 7.01MB/s
[1A[2K[1A[2KCollecting 1 genome record [================================================] 100% 1/1
Downloading: ncbi_dataset.zip    133MB 7.01MB/s
[1A[2K[1A[2KCollecting 1 genome record [================================================] 100% 1/1
Downloading: ncbi_dataset.zip    133MB 7.01MB/s
[1A[2K[1A[2KCollecting 1 genome record [================================================] 100% 1/1
Downloading: ncbi_dataset.zip    133MB 7.01MB/s
[1A[2K[1A[2KCollecting 1 genome record [================================================] 100% 1/1
Downloading: ncbi_dataset.zip    133MB 7MB/s
[1A[2K[1A[2KCollecting 1 genome record [================================================] 100% 1/1
Downloading: ncbi_dataset.zip    133MB 7MB/s
[1A[2K[1A[2KCollecting 1 genome record [================================================] 100% 1/1
Downloading: ncbi_dataset.zip    133MB 7MB/s
[1A[2K[1A[2KCollecting 1 genome record [================================================] 100% 1/1
Downloading: ncbi_dataset.zip    133MB 7MB/s
[1A[2K[1A[2KCollecting 1 genome record [================================================] 100% 1/1
Downloading: ncbi_dataset.zip    133MB 6.99MB/s
[1A[2K[1A[2KCollecting 1 genome record [================================================] 100% 1/1
Downloading: ncbi_dataset.zip    133MB 6.99MB/s
[1A[2K[1A[2KCollecting 1 genome record [================================================] 100% 1/1
Downloading: ncbi_dataset.zip    133MB 6.99MB/s
[1A[2K[1A[2KCollecting 1 genome record [================================================] 100% 1/1
Downloading: ncbi_dataset.zip    133MB 6.99MB/s
[1A[2K[1A[2KCollecting 1 genome record [================================================] 100% 1/1
Downloading: ncbi_dataset.zip    133MB 6.99MB/s
[1A[2K[1A[2KCollecting 1 genome record [================================================] 100% 1/1
Downloading: ncbi_dataset.zip    133MB 6.97MB/s
[1A[2K[1A[2KCollecting 1 genome record [================================================] 100% 1/1
Downloading: ncbi_dataset.zip    133MB 6.98MB/s
[1A[2K[1A[2KCollecting 1 genome record [================================================] 100% 1/1
Downloading: ncbi_dataset.zip    134MB 7.01MB/s
[1A[2K[1A[2KCollecting 1 genome record [================================================] 100% 1/1
Downloading: ncbi_dataset.zip    134MB 7.01MB/s
[1A[2K[1A[2KCollecting 1 genome record [================================================] 100% 1/1
Downloading: ncbi_dataset.zip    134MB 7.01MB/s
[1A[2K[1A[2KCollecting 1 genome record [================================================] 100% 1/1
Downloading: ncbi_dataset.zip    134MB 7.01MB/s
[1A[2K[1A[2KCollecting 1 genome record [================================================] 100% 1/1
Downloading: ncbi_dataset.zip    134MB 7.01MB/s
[1A[2K[1A[2KCollecting 1 genome record [================================================] 100% 1/1
Downloading: ncbi_dataset.zip    134MB 7.01MB/s
[1A[2K[1A[2KCollecting 1 genome record [================================================] 100% 1/1
Downloading: ncbi_dataset.zip    134MB 7MB/s
[1A[2K[1A[2KCollecting 1 genome record [================================================] 100% 1/1
Downloading: ncbi_dataset.zip    134MB 7MB/s
[1A[2K[1A[2KCollecting 1 genome record [================================================] 100% 1/1
Downloading: ncbi_dataset.zip    134MB 7MB/s
[1A[2K[1A[2KCollecting 1 genome record [================================================] 100% 1/1
Downloading: ncbi_dataset.zip    134MB 7MB/s
[1A[2K[1A[2KCollecting 1 genome record [================================================] 100% 1/1
Downloading: ncbi_dataset.zip    134MB 6.99MB/s
[1A[2K[1A[2KCollecting 1 genome record [================================================] 100% 1/1
Downloading: ncbi_dataset.zip    134MB 6.99MB/s
[1A[2K[1A[2KCollecting 1 genome record [================================================] 100% 1/1
Downloading: ncbi_dataset.zip    134MB 6.99MB/s
[1A[2K[1A[2KCollecting 1 genome record [================================================] 100% 1/1
Downloading: ncbi_dataset.zip    134MB 6.99MB/s
[1A[2K[1A[2KCollecting 1 genome record [================================================] 100% 1/1
Downloading: ncbi_dataset.zip    134MB 6.99MB/s
[1A[2K[1A[2KCollecting 1 genome record [================================================] 100% 1/1
Downloading: ncbi_dataset.zip    135MB 6.98MB/s
[1A[2K[1A[2KCollecting 1 genome record [================================================] 100% 1/1
Downloading: ncbi_dataset.zip    135MB 7MB/s
[1A[2K[1A[2KCollecting 1 genome record [================================================] 100% 1/1
Downloading: ncbi_dataset.zip    135MB 7.01MB/s
[1A[2K[1A[2KCollecting 1 genome record [================================================] 100% 1/1
Downloading: ncbi_dataset.zip    135MB 7.01MB/s
[1A[2K[1A[2KCollecting 1 genome record [================================================] 100% 1/1
Downloading: ncbi_dataset.zip    135MB 7.01MB/s
[1A[2K[1A[2KCollecting 1 genome record [================================================] 100% 1/1
Downloading: ncbi_dataset.zip    135MB 7.01MB/s
[1A[2K[1A[2KCollecting 1 genome record [================================================] 100% 1/1
Downloading: ncbi_dataset.zip    135MB 7.01MB/s
[1A[2K[1A[2KCollecting 1 genome record [================================================] 100% 1/1
Downloading: ncbi_dataset.zip    135MB 7MB/s
[1A[2K[1A[2KCollecting 1 genome record [================================================] 100% 1/1
Downloading: ncbi_dataset.zip    135MB 7MB/s
[1A[2K[1A[2KCollecting 1 genome record [================================================] 100% 1/1
Downloading: ncbi_dataset.zip    135MB 7MB/s
[1A[2K[1A[2KCollecting 1 genome record [================================================] 100% 1/1
Downloading: ncbi_dataset.zip    135MB 7MB/s
[1A[2K[1A[2KCollecting 1 genome record [================================================] 100% 1/1
Downloading: ncbi_dataset.zip    135MB 6.99MB/s
[1A[2K[1A[2KCollecting 1 genome record [================================================] 100% 1/1
Downloading: ncbi_dataset.zip    135MB 6.99MB/s
[1A[2K[1A[2KCollecting 1 genome record [================================================] 100% 1/1
Downloading: ncbi_dataset.zip    135MB 6.99MB/s
[1A[2K[1A[2KCollecting 1 genome record [================================================] 100% 1/1
Downloading: ncbi_dataset.zip    135MB 6.99MB/s
[1A[2K[1A[2KCollecting 1 genome record [================================================] 100% 1/1
Downloading: ncbi_dataset.zip    135MB 6.99MB/s
[1A[2K[1A[2KCollecting 1 genome record [================================================] 100% 1/1
Downloading: ncbi_dataset.zip    136MB 6.97MB/s
[1A[2K[1A[2KCollecting 1 genome record [================================================] 100% 1/1
Downloading: ncbi_dataset.zip    136MB 6.99MB/s
[1A[2K[1A[2KCollecting 1 genome record [================================================] 100% 1/1
Downloading: ncbi_dataset.zip    136MB 7MB/s
[1A[2K[1A[2KCollecting 1 genome record [================================================] 100% 1/1
Downloading: ncbi_dataset.zip    137MB 7.01MB/s
[1A[2K[1A[2KCollecting 1 genome record [================================================] 100% 1/1
Downloading: ncbi_dataset.zip    137MB 7.01MB/s
[1A[2K[1A[2KCollecting 1 genome record [================================================] 100% 1/1
Downloading: ncbi_dataset.zip    137MB 7.01MB/s
[1A[2K[1A[2KCollecting 1 genome record [================================================] 100% 1/1
Downloading: ncbi_dataset.zip    137MB 7MB/s
[1A[2K[1A[2KCollecting 1 genome record [================================================] 100% 1/1
Downloading: ncbi_dataset.zip    137MB 7MB/s
[1A[2K[1A[2KCollecting 1 genome record [================================================] 100% 1/1
Downloading: ncbi_dataset.zip    137MB 7MB/s
[1A[2K[1A[2KCollecting 1 genome record [================================================] 100% 1/1
Downloading: ncbi_dataset.zip    137MB 7MB/s
[1A[2K[1A[2KCollecting 1 genome record [================================================] 100% 1/1
Downloading: ncbi_dataset.zip    137MB 7MB/s
[1A[2K[1A[2KCollecting 1 genome record [================================================] 100% 1/1
Downloading: ncbi_dataset.zip    137MB 7MB/s
[1A[2K[1A[2KCollecting 1 genome record [================================================] 100% 1/1
Downloading: ncbi_dataset.zip    137MB 6.99MB/s
[1A[2K[1A[2KCollecting 1 genome record [================================================] 100% 1/1
Downloading: ncbi_dataset.zip    137MB 6.99MB/s
[1A[2K[1A[2KCollecting 1 genome record [================================================] 100% 1/1
Downloading: ncbi_dataset.zip    137MB 6.99MB/s
[1A[2K[1A[2KCollecting 1 genome record [================================================] 100% 1/1
Downloading: ncbi_dataset.zip    137MB 6.99MB/s
[1A[2K[1A[2KCollecting 1 genome record [================================================] 100% 1/1
Downloading: ncbi_dataset.zip    137MB 6.99MB/s
[1A[2K[1A[2KCollecting 1 genome record [================================================] 100% 1/1
Downloading: ncbi_dataset.zip    137MB 6.97MB/s
[1A[2K[1A[2KCollecting 1 genome record [================================================] 100% 1/1
Downloading: ncbi_dataset.zip    137MB 6.99MB/s
[1A[2K[1A[2KCollecting 1 genome record [================================================] 100% 1/1
Downloading: ncbi_dataset.zip    138MB 7.01MB/s
[1A[2K[1A[2KCollecting 1 genome record [================================================] 100% 1/1
Downloading: ncbi_dataset.zip    138MB 7.01MB/s
[1A[2K[1A[2KCollecting 1 genome record [================================================] 100% 1/1
Downloading: ncbi_dataset.zip    138MB 7.01MB/s
[1A[2K[1A[2KCollecting 1 genome record [================================================] 100% 1/1
Downloading: ncbi_dataset.zip    138MB 7MB/s
[1A[2K[1A[2KCollecting 1 genome record [================================================] 100% 1/1
Downloading: ncbi_dataset.zip    138MB 7MB/s
[1A[2K[1A[2KCollecting 1 genome record [================================================] 100% 1/1
Downloading: ncbi_dataset.zip    138MB 7MB/s
[1A[2K[1A[2KCollecting 1 genome record [================================================] 100% 1/1
Downloading: ncbi_dataset.zip    138MB 6.99MB/s
[1A[2K[1A[2KCollecting 1 genome record [================================================] 100% 1/1
Downloading: ncbi_dataset.zip    138MB 6.99MB/s
[1A[2K[1A[2KCollecting 1 genome record [================================================] 100% 1/1
Downloading: ncbi_dataset.zip    138MB 6.99MB/s
[1A[2K[1A[2KCollecting 1 genome record [================================================] 100% 1/1
Downloading: ncbi_dataset.zip    138MB 6.98MB/s
[1A[2K[1A[2KCollecting 1 genome record [================================================] 100% 1/1
Downloading: ncbi_dataset.zip    138MB 6.98MB/s
[1A[2K[1A[2KCollecting 1 genome record [================================================] 100% 1/1
Downloading: ncbi_dataset.zip    138MB 6.98MB/s
[1A[2K[1A[2KCollecting 1 genome record [================================================] 100% 1/1
Downloading: ncbi_dataset.zip    138MB 6.98MB/s
[1A[2K[1A[2KCollecting 1 genome record [================================================] 100% 1/1
Downloading: ncbi_dataset.zip    138MB 6.98MB/s
[1A[2K[1A[2KCollecting 1 genome record [================================================] 100% 1/1
Downloading: ncbi_dataset.zip    138MB 6.98MB/s
[1A[2K[1A[2KCollecting 1 genome record [================================================] 100% 1/1
Downloading: ncbi_dataset.zip    138MB 6.98MB/s
[1A[2K[1A[2KCollecting 1 genome record [================================================] 100% 1/1
Downloading: ncbi_dataset.zip    139MB 7MB/s
[1A[2K[1A[2KCollecting 1 genome record [================================================] 100% 1/1
Downloading: ncbi_dataset.zip    139MB 7.01MB/s
[1A[2K[1A[2KCollecting 1 genome record [================================================] 100% 1/1
Downloading: ncbi_dataset.zip    139MB 7.01MB/s
[1A[2K[1A[2KCollecting 1 genome record [================================================] 100% 1/1
Downloading: ncbi_dataset.zip    139MB 7.01MB/s
[1A[2K[1A[2KCollecting 1 genome record [================================================] 100% 1/1
Downloading: ncbi_dataset.zip    139MB 7MB/s
[1A[2K[1A[2KCollecting 1 genome record [================================================] 100% 1/1
Downloading: ncbi_dataset.zip    139MB 7MB/s
[1A[2K[1A[2KCollecting 1 genome record [================================================] 100% 1/1
Downloading: ncbi_dataset.zip    139MB 6.99MB/s
[1A[2K[1A[2KCollecting 1 genome record [================================================] 100% 1/1
Downloading: ncbi_dataset.zip    139MB 6.99MB/s
[1A[2K[1A[2KCollecting 1 genome record [================================================] 100% 1/1
Downloading: ncbi_dataset.zip    139MB 6.99MB/s
[1A[2K[1A[2KCollecting 1 genome record [================================================] 100% 1/1
Downloading: ncbi_dataset.zip    139MB 6.99MB/s
[1A[2K[1A[2KCollecting 1 genome record [================================================] 100% 1/1
Downloading: ncbi_dataset.zip    139MB 6.98MB/s
[1A[2K[1A[2KCollecting 1 genome record [================================================] 100% 1/1
Downloading: ncbi_dataset.zip    139MB 6.98MB/s
[1A[2K[1A[2KCollecting 1 genome record [================================================] 100% 1/1
Downloading: ncbi_dataset.zip    139MB 6.98MB/s
[1A[2K[1A[2KCollecting 1 genome record [================================================] 100% 1/1
Downloading: ncbi_dataset.zip    139MB 6.98MB/s
[1A[2K[1A[2KCollecting 1 genome record [================================================] 100% 1/1
Downloading: ncbi_dataset.zip    139MB 6.98MB/s
[1A[2K[1A[2KCollecting 1 genome record [================================================] 100% 1/1
Downloading: ncbi_dataset.zip    139MB 6.97MB/s
[1A[2K[1A[2KCollecting 1 genome record [================================================] 100% 1/1
Downloading: ncbi_dataset.zip    139MB 6.97MB/s
[1A[2K[1A[2KCollecting 1 genome record [================================================] 100% 1/1
Downloading: ncbi_dataset.zip    139MB 6.98MB/s
[1A[2K[1A[2KCollecting 1 genome record [================================================] 100% 1/1
Downloading: ncbi_dataset.zip    140MB 7MB/s
[1A[2K[1A[2KCollecting 1 genome record [================================================] 100% 1/1
Downloading: ncbi_dataset.zip    140MB 7MB/s
[1A[2K[1A[2KCollecting 1 genome record [================================================] 100% 1/1
Downloading: ncbi_dataset.zip    140MB 7MB/s
[1A[2K[1A[2KCollecting 1 genome record [================================================] 100% 1/1
Downloading: ncbi_dataset.zip    140MB 7MB/s
[1A[2K[1A[2KCollecting 1 genome record [================================================] 100% 1/1
Downloading: ncbi_dataset.zip    140MB 6.99MB/s
[1A[2K[1A[2KCollecting 1 genome record [================================================] 100% 1/1
Downloading: ncbi_dataset.zip    140MB 6.99MB/s
[1A[2K[1A[2KCollecting 1 genome record [================================================] 100% 1/1
Downloading: ncbi_dataset.zip    140MB 6.99MB/s
[1A[2K[1A[2KCollecting 1 genome record [================================================] 100% 1/1
Downloading: ncbi_dataset.zip    140MB 6.99MB/s
[1A[2K[1A[2KCollecting 1 genome record [================================================] 100% 1/1
Downloading: ncbi_dataset.zip    140MB 6.99MB/s
[1A[2K[1A[2KCollecting 1 genome record [================================================] 100% 1/1
Downloading: ncbi_dataset.zip    140MB 6.99MB/s
[1A[2K[1A[2KCollecting 1 genome record [================================================] 100% 1/1
Downloading: ncbi_dataset.zip    140MB 6.99MB/s
[1A[2K[1A[2KCollecting 1 genome record [================================================] 100% 1/1
Downloading: ncbi_dataset.zip    140MB 6.99MB/s
[1A[2K[1A[2KCollecting 1 genome record [================================================] 100% 1/1
Downloading: ncbi_dataset.zip    140MB 6.99MB/s
[1A[2K[1A[2KCollecting 1 genome record [================================================] 100% 1/1
Downloading: ncbi_dataset.zip    140MB 6.99MB/s
[1A[2K[1A[2KCollecting 1 genome record [================================================] 100% 1/1
Downloading: ncbi_dataset.zip    141MB 6.98MB/s
[1A[2K[1A[2KCollecting 1 genome record [================================================] 100% 1/1
Downloading: ncbi_dataset.zip    141MB 6.99MB/s
[1A[2K[1A[2KCollecting 1 genome record [================================================] 100% 1/1
Downloading: ncbi_dataset.zip    141MB 7MB/s
[1A[2K[1A[2KCollecting 1 genome record [================================================] 100% 1/1
Downloading: ncbi_dataset.zip    141MB 7MB/s
[1A[2K[1A[2KCollecting 1 genome record [================================================] 100% 1/1
Downloading: ncbi_dataset.zip    141MB 7MB/s
[1A[2K[1A[2KCollecting 1 genome record [================================================] 100% 1/1
Downloading: ncbi_dataset.zip    141MB 7MB/s
[1A[2K[1A[2KCollecting 1 genome record [================================================] 100% 1/1
Downloading: ncbi_dataset.zip    141MB 7MB/s
[1A[2K[1A[2KCollecting 1 genome record [================================================] 100% 1/1
Downloading: ncbi_dataset.zip    141MB 6.99MB/s
[1A[2K[1A[2KCollecting 1 genome record [================================================] 100% 1/1
Downloading: ncbi_dataset.zip    141MB 6.99MB/s
[1A[2K[1A[2KCollecting 1 genome record [================================================] 100% 1/1
Downloading: ncbi_dataset.zip    141MB 6.99MB/s
[1A[2K[1A[2KCollecting 1 genome record [================================================] 100% 1/1
Downloading: ncbi_dataset.zip    141MB 6.99MB/s
[1A[2K[1A[2KCollecting 1 genome record [================================================] 100% 1/1
Downloading: ncbi_dataset.zip    141MB 6.98MB/s
[1A[2K[1A[2KCollecting 1 genome record [================================================] 100% 1/1
Downloading: ncbi_dataset.zip    141MB 6.98MB/s
[1A[2K[1A[2KCollecting 1 genome record [================================================] 100% 1/1
Downloading: ncbi_dataset.zip    141MB 6.98MB/s
[1A[2K[1A[2KCollecting 1 genome record [================================================] 100% 1/1
Downloading: ncbi_dataset.zip    141MB 6.98MB/s
[1A[2K[1A[2KCollecting 1 genome record [================================================] 100% 1/1
Downloading: ncbi_dataset.zip    141MB 6.98MB/s
[1A[2K[1A[2KCollecting 1 genome record [================================================] 100% 1/1
Downloading: ncbi_dataset.zip    142MB 6.97MB/s
[1A[2K[1A[2KCollecting 1 genome record [================================================] 100% 1/1
Downloading: ncbi_dataset.zip    142MB 6.99MB/s
[1A[2K[1A[2KCollecting 1 genome record [================================================] 100% 1/1
Downloading: ncbi_dataset.zip    142MB 7MB/s
[1A[2K[1A[2KCollecting 1 genome record [================================================] 100% 1/1
Downloading: ncbi_dataset.zip    142MB 7MB/s
[1A[2K[1A[2KCollecting 1 genome record [================================================] 100% 1/1
Downloading: ncbi_dataset.zip    142MB 7MB/s
[1A[2K[1A[2KCollecting 1 genome record [================================================] 100% 1/1
Downloading: ncbi_dataset.zip    143MB 7MB/s
[1A[2K[1A[2KCollecting 1 genome record [================================================] 100% 1/1
Downloading: ncbi_dataset.zip    143MB 7MB/s
[1A[2K[1A[2KCollecting 1 genome record [================================================] 100% 1/1
Downloading: ncbi_dataset.zip    143MB 6.99MB/s
[1A[2K[1A[2KCollecting 1 genome record [================================================] 100% 1/1
Downloading: ncbi_dataset.zip    143MB 6.99MB/s
[1A[2K[1A[2KCollecting 1 genome record [================================================] 100% 1/1
Downloading: ncbi_dataset.zip    143MB 6.99MB/s
[1A[2K[1A[2KCollecting 1 genome record [================================================] 100% 1/1
Downloading: ncbi_dataset.zip    143MB 6.98MB/s
[1A[2K[1A[2KCollecting 1 genome record [================================================] 100% 1/1
Downloading: ncbi_dataset.zip    143MB 6.98MB/s
[1A[2K[1A[2KCollecting 1 genome record [================================================] 100% 1/1
Downloading: ncbi_dataset.zip    143MB 6.98MB/s
[1A[2K[1A[2KCollecting 1 genome record [================================================] 100% 1/1
Downloading: ncbi_dataset.zip    143MB 6.98MB/s
[1A[2K[1A[2KCollecting 1 genome record [================================================] 100% 1/1
Downloading: ncbi_dataset.zip    143MB 6.98MB/s
[1A[2K[1A[2KCollecting 1 genome record [================================================] 100% 1/1
Downloading: ncbi_dataset.zip    143MB 6.98MB/s
[1A[2K[1A[2KCollecting 1 genome record [================================================] 100% 1/1
Downloading: ncbi_dataset.zip    143MB 6.97MB/s
[1A[2K[1A[2KCollecting 1 genome record [================================================] 100% 1/1
Downloading: ncbi_dataset.zip    143MB 6.98MB/s
[1A[2K[1A[2KCollecting 1 genome record [================================================] 100% 1/1
Downloading: ncbi_dataset.zip    143MB 6.99MB/s
[1A[2K[1A[2KCollecting 1 genome record [================================================] 100% 1/1
Downloading: ncbi_dataset.zip    144MB 7MB/s
[1A[2K[1A[2KCollecting 1 genome record [================================================] 100% 1/1
Downloading: ncbi_dataset.zip    144MB 7MB/s
[1A[2K[1A[2KCollecting 1 genome record [================================================] 100% 1/1
Downloading: ncbi_dataset.zip    144MB 7MB/s
[1A[2K[1A[2KCollecting 1 genome record [================================================] 100% 1/1
Downloading: ncbi_dataset.zip    144MB 7MB/s
[1A[2K[1A[2KCollecting 1 genome record [================================================] 100% 1/1
Downloading: ncbi_dataset.zip    144MB 7MB/s
[1A[2K[1A[2KCollecting 1 genome record [================================================] 100% 1/1
Downloading: ncbi_dataset.zip    144MB 6.99MB/s
[1A[2K[1A[2KCollecting 1 genome record [================================================] 100% 1/1
Downloading: ncbi_dataset.zip    144MB 6.99MB/s
[1A[2K[1A[2KCollecting 1 genome record [================================================] 100% 1/1
Downloading: ncbi_dataset.zip    144MB 6.99MB/s
[1A[2K[1A[2KCollecting 1 genome record [================================================] 100% 1/1
Downloading: ncbi_dataset.zip    144MB 6.99MB/s
[1A[2K[1A[2KCollecting 1 genome record [================================================] 100% 1/1
Downloading: ncbi_dataset.zip    144MB 6.98MB/s
[1A[2K[1A[2KCollecting 1 genome record [================================================] 100% 1/1
Downloading: ncbi_dataset.zip    144MB 6.98MB/s
[1A[2K[1A[2KCollecting 1 genome record [================================================] 100% 1/1
Downloading: ncbi_dataset.zip    144MB 6.98MB/s
[1A[2K[1A[2KCollecting 1 genome record [================================================] 100% 1/1
Downloading: ncbi_dataset.zip    144MB 6.98MB/s
[1A[2K[1A[2KCollecting 1 genome record [================================================] 100% 1/1
Downloading: ncbi_dataset.zip    144MB 6.98MB/s
[1A[2K[1A[2KCollecting 1 genome record [================================================] 100% 1/1
Downloading: ncbi_dataset.zip    144MB 6.97MB/s
[1A[2K[1A[2KCollecting 1 genome record [================================================] 100% 1/1
Downloading: ncbi_dataset.zip    144MB 6.99MB/s
[1A[2K[1A[2KCollecting 1 genome record [================================================] 100% 1/1
Downloading: ncbi_dataset.zip    145MB 7MB/s
[1A[2K[1A[2KCollecting 1 genome record [================================================] 100% 1/1
Downloading: ncbi_dataset.zip    145MB 7MB/s
[1A[2K[1A[2KCollecting 1 genome record [================================================] 100% 1/1
Downloading: ncbi_dataset.zip    145MB 7MB/s
[1A[2K[1A[2KCollecting 1 genome record [================================================] 100% 1/1
Downloading: ncbi_dataset.zip    145MB 7MB/s
[1A[2K[1A[2KCollecting 1 genome record [================================================] 100% 1/1
Downloading: ncbi_dataset.zip    145MB 7MB/s
[1A[2K[1A[2KCollecting 1 genome record [================================================] 100% 1/1
Downloading: ncbi_dataset.zip    145MB 6.99MB/s
[1A[2K[1A[2KCollecting 1 genome record [================================================] 100% 1/1
Downloading: ncbi_dataset.zip    145MB 6.99MB/s
[1A[2K[1A[2KCollecting 1 genome record [================================================] 100% 1/1
Downloading: ncbi_dataset.zip    145MB 6.99MB/s
[1A[2K[1A[2KCollecting 1 genome record [================================================] 100% 1/1
Downloading: ncbi_dataset.zip    145MB 6.99MB/s
[1A[2K[1A[2KCollecting 1 genome record [================================================] 100% 1/1
Downloading: ncbi_dataset.zip    145MB 6.99MB/s
[1A[2K[1A[2KCollecting 1 genome record [================================================] 100% 1/1
Downloading: ncbi_dataset.zip    145MB 6.99MB/s
[1A[2K[1A[2KCollecting 1 genome record [================================================] 100% 1/1
Downloading: ncbi_dataset.zip    145MB 6.99MB/s
[1A[2K[1A[2KCollecting 1 genome record [================================================] 100% 1/1
Downloading: ncbi_dataset.zip    145MB 6.99MB/s
[1A[2K[1A[2KCollecting 1 genome record [================================================] 100% 1/1
Downloading: ncbi_dataset.zip    145MB 6.99MB/s
[1A[2K[1A[2KCollecting 1 genome record [================================================] 100% 1/1
Downloading: ncbi_dataset.zip    145MB 6.99MB/s
[1A[2K[1A[2KCollecting 1 genome record [================================================] 100% 1/1
Downloading: ncbi_dataset.zip    145MB 6.97MB/s
[1A[2K[1A[2KCollecting 1 genome record [================================================] 100% 1/1
Downloading: ncbi_dataset.zip    146MB 6.99MB/s
[1A[2K[1A[2KCollecting 1 genome record [================================================] 100% 1/1
Downloading: ncbi_dataset.zip    146MB 7MB/s
[1A[2K[1A[2KCollecting 1 genome record [================================================] 100% 1/1
Downloading: ncbi_dataset.zip    146MB 7MB/s
[1A[2K[1A[2KCollecting 1 genome record [================================================] 100% 1/1
Downloading: ncbi_dataset.zip    146MB 7MB/s
[1A[2K[1A[2KCollecting 1 genome record [================================================] 100% 1/1
Downloading: ncbi_dataset.zip    146MB 7MB/s
[1A[2K[1A[2KCollecting 1 genome record [================================================] 100% 1/1
Downloading: ncbi_dataset.zip    146MB 7MB/s
[1A[2K[1A[2KCollecting 1 genome record [================================================] 100% 1/1
Downloading: ncbi_dataset.zip    146MB 6.99MB/s
[1A[2K[1A[2KCollecting 1 genome record [================================================] 100% 1/1
Downloading: ncbi_dataset.zip    146MB 6.99MB/s
[1A[2K[1A[2KCollecting 1 genome record [================================================] 100% 1/1
Downloading: ncbi_dataset.zip    146MB 6.99MB/s
[1A[2K[1A[2KCollecting 1 genome record [================================================] 100% 1/1
Downloading: ncbi_dataset.zip    146MB 6.99MB/s
[1A[2K[1A[2KCollecting 1 genome record [================================================] 100% 1/1
Downloading: ncbi_dataset.zip    146MB 6.99MB/s
[1A[2K[1A[2KCollecting 1 genome record [================================================] 100% 1/1
Downloading: ncbi_dataset.zip    146MB 6.99MB/s
[1A[2K[1A[2KCollecting 1 genome record [================================================] 100% 1/1
Downloading: ncbi_dataset.zip    146MB 6.99MB/s
[1A[2K[1A[2KCollecting 1 genome record [================================================] 100% 1/1
Downloading: ncbi_dataset.zip    146MB 6.99MB/s
[1A[2K[1A[2KCollecting 1 genome record [================================================] 100% 1/1
Downloading: ncbi_dataset.zip    146MB 6.99MB/s
[1A[2K[1A[2KCollecting 1 genome record [================================================] 100% 1/1
Downloading: ncbi_dataset.zip    146MB 6.97MB/s
[1A[2K[1A[2KCollecting 1 genome record [================================================] 100% 1/1
Downloading: ncbi_dataset.zip    147MB 6.98MB/s
[1A[2K[1A[2KCollecting 1 genome record [================================================] 100% 1/1
Downloading: ncbi_dataset.zip    147MB 7MB/s
[1A[2K[1A[2KCollecting 1 genome record [================================================] 100% 1/1
Downloading: ncbi_dataset.zip    147MB 7MB/s
[1A[2K[1A[2KCollecting 1 genome record [================================================] 100% 1/1
Downloading: ncbi_dataset.zip    147MB 7MB/s
[1A[2K[1A[2KCollecting 1 genome record [================================================] 100% 1/1
Downloading: ncbi_dataset.zip    147MB 7MB/s
[1A[2K[1A[2KCollecting 1 genome record [================================================] 100% 1/1
Downloading: ncbi_dataset.zip    147MB 7MB/s
[1A[2K[1A[2KCollecting 1 genome record [================================================] 100% 1/1
Downloading: ncbi_dataset.zip    147MB 7MB/s
[1A[2K[1A[2KCollecting 1 genome record [================================================] 100% 1/1
Downloading: ncbi_dataset.zip    147MB 6.99MB/s
[1A[2K[1A[2KCollecting 1 genome record [================================================] 100% 1/1
Downloading: ncbi_dataset.zip    147MB 6.99MB/s
[1A[2K[1A[2KCollecting 1 genome record [================================================] 100% 1/1
Downloading: ncbi_dataset.zip    147MB 6.99MB/s
[1A[2K[1A[2KCollecting 1 genome record [================================================] 100% 1/1
Downloading: ncbi_dataset.zip    147MB 6.99MB/s
[1A[2K[1A[2KCollecting 1 genome record [================================================] 100% 1/1
Downloading: ncbi_dataset.zip    147MB 6.99MB/s
[1A[2K[1A[2KCollecting 1 genome record [================================================] 100% 1/1
Downloading: ncbi_dataset.zip    147MB 6.99MB/s
[1A[2K[1A[2KCollecting 1 genome record [================================================] 100% 1/1
Downloading: ncbi_dataset.zip    147MB 6.99MB/s
[1A[2K[1A[2KCollecting 1 genome record [================================================] 100% 1/1
Downloading: ncbi_dataset.zip    147MB 6.99MB/s
[1A[2K[1A[2KCollecting 1 genome record [================================================] 100% 1/1
Downloading: ncbi_dataset.zip    147MB 6.99MB/s
[1A[2K[1A[2KCollecting 1 genome record [================================================] 100% 1/1
Downloading: ncbi_dataset.zip    148MB 6.98MB/s
[1A[2K[1A[2KCollecting 1 genome record [================================================] 100% 1/1
Downloading: ncbi_dataset.zip    148MB 7MB/s
[1A[2K[1A[2KCollecting 1 genome record [================================================] 100% 1/1
Downloading: ncbi_dataset.zip    149MB 7.01MB/s
[1A[2K[1A[2KCollecting 1 genome record [================================================] 100% 1/1
Downloading: ncbi_dataset.zip    149MB 7.01MB/s
[1A[2K[1A[2KCollecting 1 genome record [================================================] 100% 1/1
Downloading: ncbi_dataset.zip    149MB 7.01MB/s
[1A[2K[1A[2KCollecting 1 genome record [================================================] 100% 1/1
Downloading: ncbi_dataset.zip    149MB 7.01MB/s
[1A[2K[1A[2KCollecting 1 genome record [================================================] 100% 1/1
Downloading: ncbi_dataset.zip    149MB 7MB/s
[1A[2K[1A[2KCollecting 1 genome record [================================================] 100% 1/1
Downloading: ncbi_dataset.zip    149MB 7MB/s
[1A[2K[1A[2KCollecting 1 genome record [================================================] 100% 1/1
Downloading: ncbi_dataset.zip    149MB 7MB/s
[1A[2K[1A[2KCollecting 1 genome record [================================================] 100% 1/1
Downloading: ncbi_dataset.zip    149MB 7MB/s
[1A[2K[1A[2KCollecting 1 genome record [================================================] 100% 1/1
Downloading: ncbi_dataset.zip    149MB 6.99MB/s
[1A[2K[1A[2KCollecting 1 genome record [================================================] 100% 1/1
Downloading: ncbi_dataset.zip    149MB 6.99MB/s
[1A[2K[1A[2KCollecting 1 genome record [================================================] 100% 1/1
Downloading: ncbi_dataset.zip    149MB 6.99MB/s
[1A[2K[1A[2KCollecting 1 genome record [================================================] 100% 1/1
Downloading: ncbi_dataset.zip    149MB 6.99MB/s
[1A[2K[1A[2KCollecting 1 genome record [================================================] 100% 1/1
Downloading: ncbi_dataset.zip    149MB 6.99MB/s
[1A[2K[1A[2KCollecting 1 genome record [================================================] 100% 1/1
Downloading: ncbi_dataset.zip    149MB 6.99MB/s
[1A[2K[1A[2KCollecting 1 genome record [================================================] 100% 1/1
Downloading: ncbi_dataset.zip    149MB 6.98MB/s
[1A[2K[1A[2KCollecting 1 genome record [================================================] 100% 1/1
Downloading: ncbi_dataset.zip    149MB 6.99MB/s
[1A[2K[1A[2KCollecting 1 genome record [================================================] 100% 1/1
Downloading: ncbi_dataset.zip    150MB 7.01MB/s
[1A[2K[1A[2KCollecting 1 genome record [================================================] 100% 1/1
Downloading: ncbi_dataset.zip    150MB 7.01MB/s
[1A[2K[1A[2KCollecting 1 genome record [================================================] 100% 1/1
Downloading: ncbi_dataset.zip    150MB 7.01MB/s
[1A[2K[1A[2KCollecting 1 genome record [================================================] 100% 1/1
Downloading: ncbi_dataset.zip    150MB 7.01MB/s
[1A[2K[1A[2KCollecting 1 genome record [================================================] 100% 1/1
Downloading: ncbi_dataset.zip    150MB 7.01MB/s
[1A[2K[1A[2KCollecting 1 genome record [================================================] 100% 1/1
Downloading: ncbi_dataset.zip    150MB 7MB/s
[1A[2K[1A[2KCollecting 1 genome record [================================================] 100% 1/1
Downloading: ncbi_dataset.zip    150MB 7MB/s
[1A[2K[1A[2KCollecting 1 genome record [================================================] 100% 1/1
Downloading: ncbi_dataset.zip    150MB 7MB/s
[1A[2K[1A[2KCollecting 1 genome record [================================================] 100% 1/1
Downloading: ncbi_dataset.zip    150MB 7MB/s
[1A[2K[1A[2KCollecting 1 genome record [================================================] 100% 1/1
Downloading: ncbi_dataset.zip    150MB 7MB/s
[1A[2K[1A[2KCollecting 1 genome record [================================================] 100% 1/1
Downloading: ncbi_dataset.zip    150MB 7MB/s
[1A[2K[1A[2KCollecting 1 genome record [================================================] 100% 1/1
Downloading: ncbi_dataset.zip    150MB 7MB/s
[1A[2K[1A[2KCollecting 1 genome record [================================================] 100% 1/1
Downloading: ncbi_dataset.zip    150MB 7MB/s
[1A[2K[1A[2KCollecting 1 genome record [================================================] 100% 1/1
Downloading: ncbi_dataset.zip    150MB 7MB/s
[1A[2K[1A[2KCollecting 1 genome record [================================================] 100% 1/1
Downloading: ncbi_dataset.zip    150MB 7MB/s
[1A[2K[1A[2KCollecting 1 genome record [================================================] 100% 1/1
Downloading: ncbi_dataset.zip    150MB 6.99MB/s
[1A[2K[1A[2KCollecting 1 genome record [================================================] 100% 1/1
Downloading: ncbi_dataset.zip    151MB 7.01MB/s
[1A[2K[1A[2KCollecting 1 genome record [================================================] 100% 1/1
Downloading: ncbi_dataset.zip    151MB 7.02MB/s
[1A[2K[1A[2KCollecting 1 genome record [================================================] 100% 1/1
Downloading: ncbi_dataset.zip    151MB 7.02MB/s
[1A[2K[1A[2KCollecting 1 genome record [================================================] 100% 1/1
Downloading: ncbi_dataset.zip    151MB 7.02MB/s
[1A[2K[1A[2KCollecting 1 genome record [================================================] 100% 1/1
Downloading: ncbi_dataset.zip    151MB 7.02MB/s
[1A[2K[1A[2KCollecting 1 genome record [================================================] 100% 1/1
Downloading: ncbi_dataset.zip    151MB 7.01MB/s
[1A[2K[1A[2KCollecting 1 genome record [================================================] 100% 1/1
Downloading: ncbi_dataset.zip    151MB 7.01MB/s
[1A[2K[1A[2KCollecting 1 genome record [================================================] 100% 1/1
Downloading: ncbi_dataset.zip    151MB 7.01MB/s
[1A[2K[1A[2KCollecting 1 genome record [================================================] 100% 1/1
Downloading: ncbi_dataset.zip    151MB 7MB/s
[1A[2K[1A[2KCollecting 1 genome record [================================================] 100% 1/1
Downloading: ncbi_dataset.zip    151MB 7MB/s
[1A[2K[1A[2KCollecting 1 genome record [================================================] 100% 1/1
Downloading: ncbi_dataset.zip    151MB 7MB/s
[1A[2K[1A[2KCollecting 1 genome record [================================================] 100% 1/1
Downloading: ncbi_dataset.zip    151MB 7MB/s
[1A[2K[1A[2KCollecting 1 genome record [================================================] 100% 1/1
Downloading: ncbi_dataset.zip    151MB 7MB/s
[1A[2K[1A[2KCollecting 1 genome record [================================================] 100% 1/1
Downloading: ncbi_dataset.zip    151MB 7MB/s
[1A[2K[1A[2KCollecting 1 genome record [================================================] 100% 1/1
Downloading: ncbi_dataset.zip    151MB 7MB/s
[1A[2K[1A[2KCollecting 1 genome record [================================================] 100% 1/1
Downloading: ncbi_dataset.zip    152MB 6.99MB/s
[1A[2K[1A[2KCollecting 1 genome record [================================================] 100% 1/1
Downloading: ncbi_dataset.zip    152MB 7MB/s
[1A[2K[1A[2KCollecting 1 genome record [================================================] 100% 1/1
Downloading: ncbi_dataset.zip    152MB 7.02MB/s
[1A[2K[1A[2KCollecting 1 genome record [================================================] 100% 1/1
Downloading: ncbi_dataset.zip    153MB 7.03MB/s
[1A[2K[1A[2KCollecting 1 genome record [================================================] 100% 1/1
Downloading: ncbi_dataset.zip    153MB 7.02MB/s
[1A[2K[1A[2KCollecting 1 genome record [================================================] 100% 1/1
Downloading: ncbi_dataset.zip    153MB 7.02MB/s
[1A[2K[1A[2KCollecting 1 genome record [================================================] 100% 1/1
Downloading: ncbi_dataset.zip    153MB 7.02MB/s
[1A[2K[1A[2KCollecting 1 genome record [================================================] 100% 1/1
Downloading: ncbi_dataset.zip    153MB 7.02MB/s
[1A[2K[1A[2KCollecting 1 genome record [================================================] 100% 1/1
Downloading: ncbi_dataset.zip    153MB 7.01MB/s
[1A[2K[1A[2KCollecting 1 genome record [================================================] 100% 1/1
Downloading: ncbi_dataset.zip    153MB 7.01MB/s
[1A[2K[1A[2KCollecting 1 genome record [================================================] 100% 1/1
Downloading: ncbi_dataset.zip    153MB 7.01MB/s
[1A[2K[1A[2KCollecting 1 genome record [================================================] 100% 1/1
Downloading: ncbi_dataset.zip    153MB 7.01MB/s
[1A[2K[1A[2KCollecting 1 genome record [================================================] 100% 1/1
Downloading: ncbi_dataset.zip    153MB 7.01MB/s
[1A[2K[1A[2KCollecting 1 genome record [================================================] 100% 1/1
Downloading: ncbi_dataset.zip    153MB 7.01MB/s
[1A[2K[1A[2KCollecting 1 genome record [================================================] 100% 1/1
Downloading: ncbi_dataset.zip    153MB 7.01MB/s
[1A[2K[1A[2KCollecting 1 genome record [================================================] 100% 1/1
Downloading: ncbi_dataset.zip    153MB 7.01MB/s
[1A[2K[1A[2KCollecting 1 genome record [================================================] 100% 1/1
Downloading: ncbi_dataset.zip    153MB 7.01MB/s
[1A[2K[1A[2KCollecting 1 genome record [================================================] 100% 1/1
Downloading: ncbi_dataset.zip    153MB 7MB/s
[1A[2K[1A[2KCollecting 1 genome record [================================================] 100% 1/1
Downloading: ncbi_dataset.zip    153MB 7.01MB/s
[1A[2K[1A[2KCollecting 1 genome record [================================================] 100% 1/1
Downloading: ncbi_dataset.zip    154MB 7.02MB/s
[1A[2K[1A[2KCollecting 1 genome record [================================================] 100% 1/1
Downloading: ncbi_dataset.zip    154MB 7.03MB/s
[1A[2K[1A[2KCollecting 1 genome record [================================================] 100% 1/1
Downloading: ncbi_dataset.zip    154MB 7.03MB/s
[1A[2K[1A[2KCollecting 1 genome record [================================================] 100% 1/1
Downloading: ncbi_dataset.zip    154MB 7.03MB/s
[1A[2K[1A[2KCollecting 1 genome record [================================================] 100% 1/1
Downloading: ncbi_dataset.zip    154MB 7.03MB/s
[1A[2K[1A[2KCollecting 1 genome record [================================================] 100% 1/1
Downloading: ncbi_dataset.zip    154MB 7.02MB/s
[1A[2K[1A[2KCollecting 1 genome record [================================================] 100% 1/1
Downloading: ncbi_dataset.zip    154MB 7.02MB/s
[1A[2K[1A[2KCollecting 1 genome record [================================================] 100% 1/1
Downloading: ncbi_dataset.zip    154MB 7.02MB/s
[1A[2K[1A[2KCollecting 1 genome record [================================================] 100% 1/1
Downloading: ncbi_dataset.zip    154MB 7.02MB/s
[1A[2K[1A[2KCollecting 1 genome record [================================================] 100% 1/1
Downloading: ncbi_dataset.zip    154MB 7.01MB/s
[1A[2K[1A[2KCollecting 1 genome record [================================================] 100% 1/1
Downloading: ncbi_dataset.zip    154MB 7.01MB/s
[1A[2K[1A[2KCollecting 1 genome record [================================================] 100% 1/1
Downloading: ncbi_dataset.zip    154MB 7.01MB/s
[1A[2K[1A[2KCollecting 1 genome record [================================================] 100% 1/1
Downloading: ncbi_dataset.zip    154MB 7.01MB/s
[1A[2K[1A[2KCollecting 1 genome record [================================================] 100% 1/1
Downloading: ncbi_dataset.zip    154MB 7.01MB/s
[1A[2K[1A[2KCollecting 1 genome record [================================================] 100% 1/1
Downloading: ncbi_dataset.zip    154MB 7MB/s
[1A[2K[1A[2KCollecting 1 genome record [================================================] 100% 1/1
Downloading: ncbi_dataset.zip    155MB 7.01MB/s
[1A[2K[1A[2KCollecting 1 genome record [================================================] 100% 1/1
Downloading: ncbi_dataset.zip    155MB 7.03MB/s
[1A[2K[1A[2KCollecting 1 genome record [================================================] 100% 1/1
Downloading: ncbi_dataset.zip    155MB 7.04MB/s
[1A[2K[1A[2KCollecting 1 genome record [================================================] 100% 1/1
Downloading: ncbi_dataset.zip    155MB 7.04MB/s
[1A[2K[1A[2KCollecting 1 genome record [================================================] 100% 1/1
Downloading: ncbi_dataset.zip    155MB 7.03MB/s
[1A[2K[1A[2KCollecting 1 genome record [================================================] 100% 1/1
Downloading: ncbi_dataset.zip    155MB 7.03MB/s
[1A[2K[1A[2KCollecting 1 genome record [================================================] 100% 1/1
Downloading: ncbi_dataset.zip    155MB 7.03MB/s
[1A[2K[1A[2KCollecting 1 genome record [================================================] 100% 1/1
Downloading: ncbi_dataset.zip    155MB 7.03MB/s
[1A[2K[1A[2KCollecting 1 genome record [================================================] 100% 1/1
Downloading: ncbi_dataset.zip    155MB 7.03MB/s
[1A[2K[1A[2KCollecting 1 genome record [================================================] 100% 1/1
Downloading: ncbi_dataset.zip    155MB 7.03MB/s
[1A[2K[1A[2KCollecting 1 genome record [================================================] 100% 1/1
Downloading: ncbi_dataset.zip    155MB 7.02MB/s
[1A[2K[1A[2KCollecting 1 genome record [================================================] 100% 1/1
Downloading: ncbi_dataset.zip    155MB 7.02MB/s
[1A[2K[1A[2KCollecting 1 genome record [================================================] 100% 1/1
Downloading: ncbi_dataset.zip    155MB 7.02MB/s
[1A[2K[1A[2KCollecting 1 genome record [================================================] 100% 1/1
Downloading: ncbi_dataset.zip    155MB 7.02MB/s
[1A[2K[1A[2KCollecting 1 genome record [================================================] 100% 1/1
Downloading: ncbi_dataset.zip    155MB 7.02MB/s
[1A[2K[1A[2KCollecting 1 genome record [================================================] 100% 1/1
Downloading: ncbi_dataset.zip    155MB 7.02MB/s
[1A[2K[1A[2KCollecting 1 genome record [================================================] 100% 1/1
Downloading: ncbi_dataset.zip    156MB 7.01MB/s
[1A[2K[1A[2KCollecting 1 genome record [================================================] 100% 1/1
Downloading: ncbi_dataset.zip    156MB 7.03MB/s
[1A[2K[1A[2KCollecting 1 genome record [================================================] 100% 1/1
Downloading: ncbi_dataset.zip    157MB 7.04MB/s
[1A[2K[1A[2KCollecting 1 genome record [================================================] 100% 1/1
Downloading: ncbi_dataset.zip    157MB 7.04MB/s
[1A[2K[1A[2KCollecting 1 genome record [================================================] 100% 1/1
Downloading: ncbi_dataset.zip    157MB 7.04MB/s
[1A[2K[1A[2KCollecting 1 genome record [================================================] 100% 1/1
Downloading: ncbi_dataset.zip    157MB 7.04MB/s
[1A[2K[1A[2KCollecting 1 genome record [================================================] 100% 1/1
Downloading: ncbi_dataset.zip    157MB 7.04MB/s
[1A[2K[1A[2KCollecting 1 genome record [================================================] 100% 1/1
Downloading: ncbi_dataset.zip    157MB 7.04MB/s
[1A[2K[1A[2KCollecting 1 genome record [================================================] 100% 1/1
Downloading: ncbi_dataset.zip    157MB 7.03MB/s
[1A[2K[1A[2KCollecting 1 genome record [================================================] 100% 1/1
Downloading: ncbi_dataset.zip    157MB 7.03MB/s
[1A[2K[1A[2KCollecting 1 genome record [================================================] 100% 1/1
Downloading: ncbi_dataset.zip    157MB 7.03MB/s
[1A[2K[1A[2KCollecting 1 genome record [================================================] 100% 1/1
Downloading: ncbi_dataset.zip    157MB 7.03MB/s
[1A[2K[1A[2KCollecting 1 genome record [================================================] 100% 1/1
Downloading: ncbi_dataset.zip    157MB 7.03MB/s
[1A[2K[1A[2KCollecting 1 genome record [================================================] 100% 1/1
Downloading: ncbi_dataset.zip    157MB 7.03MB/s
[1A[2K[1A[2KCollecting 1 genome record [================================================] 100% 1/1
Downloading: ncbi_dataset.zip    157MB 7.03MB/s
[1A[2K[1A[2KCollecting 1 genome record [================================================] 100% 1/1
Downloading: ncbi_dataset.zip    157MB 7.03MB/s
[1A[2K[1A[2KCollecting 1 genome record [================================================] 100% 1/1
Downloading: ncbi_dataset.zip    157MB 7.01MB/s
[1A[2K[1A[2KCollecting 1 genome record [================================================] 100% 1/1
Downloading: ncbi_dataset.zip    157MB 7.02MB/s
[1A[2K[1A[2KCollecting 1 genome record [================================================] 100% 1/1
Downloading: ncbi_dataset.zip    158MB 7.04MB/s
[1A[2K[1A[2KCollecting 1 genome record [================================================] 100% 1/1
Downloading: ncbi_dataset.zip    158MB 7.05MB/s
[1A[2K[1A[2KCollecting 1 genome record [================================================] 100% 1/1
Downloading: ncbi_dataset.zip    158MB 7.05MB/s
[1A[2K[1A[2KCollecting 1 genome record [================================================] 100% 1/1
Downloading: ncbi_dataset.zip    158MB 7.05MB/s
[1A[2K[1A[2KCollecting 1 genome record [================================================] 100% 1/1
Downloading: ncbi_dataset.zip    158MB 7.05MB/s
[1A[2K[1A[2KCollecting 1 genome record [================================================] 100% 1/1
Downloading: ncbi_dataset.zip    158MB 7.05MB/s
[1A[2K[1A[2KCollecting 1 genome record [================================================] 100% 1/1
Downloading: ncbi_dataset.zip    158MB 7.04MB/s
[1A[2K[1A[2KCollecting 1 genome record [================================================] 100% 1/1
Downloading: ncbi_dataset.zip    158MB 7.04MB/s
[1A[2K[1A[2KCollecting 1 genome record [================================================] 100% 1/1
Downloading: ncbi_dataset.zip    158MB 7.04MB/s
[1A[2K[1A[2KCollecting 1 genome record [================================================] 100% 1/1
Downloading: ncbi_dataset.zip    158MB 7.04MB/s
[1A[2K[1A[2KCollecting 1 genome record [================================================] 100% 1/1
Downloading: ncbi_dataset.zip    158MB 7.03MB/s
[1A[2K[1A[2KCollecting 1 genome record [================================================] 100% 1/1
Downloading: ncbi_dataset.zip    158MB 7.03MB/s
[1A[2K[1A[2KCollecting 1 genome record [================================================] 100% 1/1
Downloading: ncbi_dataset.zip    158MB 7.03MB/s
[1A[2K[1A[2KCollecting 1 genome record [================================================] 100% 1/1
Downloading: ncbi_dataset.zip    158MB 7.03MB/s
[1A[2K[1A[2KCollecting 1 genome record [================================================] 100% 1/1
Downloading: ncbi_dataset.zip    158MB 7.03MB/s
[1A[2K[1A[2KCollecting 1 genome record [================================================] 100% 1/1
Downloading: ncbi_dataset.zip    158MB 7.02MB/s
[1A[2K[1A[2KCollecting 1 genome record [================================================] 100% 1/1
Downloading: ncbi_dataset.zip    159MB 7.04MB/s
[1A[2K[1A[2KCollecting 1 genome record [================================================] 100% 1/1
Downloading: ncbi_dataset.zip    159MB 7.05MB/s
[1A[2K[1A[2KCollecting 1 genome record [================================================] 100% 1/1
Downloading: ncbi_dataset.zip    159MB 7.05MB/s
[1A[2K[1A[2KCollecting 1 genome record [================================================] 100% 1/1
Downloading: ncbi_dataset.zip    159MB 7.05MB/s
[1A[2K[1A[2KCollecting 1 genome record [================================================] 100% 1/1
Downloading: ncbi_dataset.zip    159MB 7.05MB/s
[1A[2K[1A[2KCollecting 1 genome record [================================================] 100% 1/1
Downloading: ncbi_dataset.zip    159MB 7.05MB/s
[1A[2K[1A[2KCollecting 1 genome record [================================================] 100% 1/1
Downloading: ncbi_dataset.zip    159MB 7.05MB/s
[1A[2K[1A[2KCollecting 1 genome record [================================================] 100% 1/1
Downloading: ncbi_dataset.zip    159MB 7.04MB/s
[1A[2K[1A[2KCollecting 1 genome record [================================================] 100% 1/1
Downloading: ncbi_dataset.zip    159MB 7.04MB/s
[1A[2K[1A[2KCollecting 1 genome record [================================================] 100% 1/1
Downloading: ncbi_dataset.zip    159MB 7.04MB/s
[1A[2K[1A[2KCollecting 1 genome record [================================================] 100% 1/1
Downloading: ncbi_dataset.zip    159MB 7.03MB/s
[1A[2K[1A[2KCollecting 1 genome record [================================================] 100% 1/1
Downloading: ncbi_dataset.zip    159MB 7.03MB/s
[1A[2K[1A[2KCollecting 1 genome record [================================================] 100% 1/1
Downloading: ncbi_dataset.zip    159MB 7.03MB/s
[1A[2K[1A[2KCollecting 1 genome record [================================================] 100% 1/1
Downloading: ncbi_dataset.zip    159MB 7.03MB/s
[1A[2K[1A[2KCollecting 1 genome record [================================================] 100% 1/1
Downloading: ncbi_dataset.zip    159MB 7.03MB/s
[1A[2K[1A[2KCollecting 1 genome record [================================================] 100% 1/1
Downloading: ncbi_dataset.zip    160MB 7.02MB/s
[1A[2K[1A[2KCollecting 1 genome record [================================================] 100% 1/1
Downloading: ncbi_dataset.zip    160MB 7.04MB/s
[1A[2K[1A[2KCollecting 1 genome record [================================================] 100% 1/1
Downloading: ncbi_dataset.zip    160MB 7.05MB/s
[1A[2K[1A[2KCollecting 1 genome record [================================================] 100% 1/1
Downloading: ncbi_dataset.zip    161MB 7.06MB/s
[1A[2K[1A[2KCollecting 1 genome record [================================================] 100% 1/1
Downloading: ncbi_dataset.zip    161MB 7.06MB/s
[1A[2K[1A[2KCollecting 1 genome record [================================================] 100% 1/1
Downloading: ncbi_dataset.zip    161MB 7.05MB/s
[1A[2K[1A[2KCollecting 1 genome record [================================================] 100% 1/1
Downloading: ncbi_dataset.zip    161MB 7.05MB/s
[1A[2K[1A[2KCollecting 1 genome record [================================================] 100% 1/1
Downloading: ncbi_dataset.zip    161MB 7.05MB/s
[1A[2K[1A[2KCollecting 1 genome record [================================================] 100% 1/1
Downloading: ncbi_dataset.zip    161MB 7.05MB/s
[1A[2K[1A[2KCollecting 1 genome record [================================================] 100% 1/1
Downloading: ncbi_dataset.zip    161MB 7.05MB/s
[1A[2K[1A[2KCollecting 1 genome record [================================================] 100% 1/1
Downloading: ncbi_dataset.zip    161MB 7.04MB/s
[1A[2K[1A[2KCollecting 1 genome record [================================================] 100% 1/1
Downloading: ncbi_dataset.zip    161MB 7.04MB/s
[1A[2K[1A[2KCollecting 1 genome record [================================================] 100% 1/1
Downloading: ncbi_dataset.zip    161MB 7.04MB/s
[1A[2K[1A[2KCollecting 1 genome record [================================================] 100% 1/1
Downloading: ncbi_dataset.zip    161MB 7.04MB/s
[1A[2K[1A[2KCollecting 1 genome record [================================================] 100% 1/1
Downloading: ncbi_dataset.zip    161MB 7.04MB/s
[1A[2K[1A[2KCollecting 1 genome record [================================================] 100% 1/1
Downloading: ncbi_dataset.zip    161MB 7.04MB/s
[1A[2K[1A[2KCollecting 1 genome record [================================================] 100% 1/1
Downloading: ncbi_dataset.zip    161MB 7.04MB/s
[1A[2K[1A[2KCollecting 1 genome record [================================================] 100% 1/1
Downloading: ncbi_dataset.zip    161MB 7.03MB/s
[1A[2K[1A[2KCollecting 1 genome record [================================================] 100% 1/1
Downloading: ncbi_dataset.zip    161MB 7.05MB/s
[1A[2K[1A[2KCollecting 1 genome record [================================================] 100% 1/1
Downloading: ncbi_dataset.zip    162MB 7.06MB/s
[1A[2K[1A[2KCollecting 1 genome record [================================================] 100% 1/1
Downloading: ncbi_dataset.zip    162MB 7.06MB/s
[1A[2K[1A[2KCollecting 1 genome record [================================================] 100% 1/1
Downloading: ncbi_dataset.zip    162MB 7.06MB/s
[1A[2K[1A[2KCollecting 1 genome record [================================================] 100% 1/1
Downloading: ncbi_dataset.zip    162MB 7.06MB/s
[1A[2K[1A[2KCollecting 1 genome record [================================================] 100% 1/1
Downloading: ncbi_dataset.zip    162MB 7.06MB/s
[1A[2K[1A[2KCollecting 1 genome record [================================================] 100% 1/1
Downloading: ncbi_dataset.zip    162MB 7.06MB/s
[1A[2K[1A[2KCollecting 1 genome record [================================================] 100% 1/1
Downloading: ncbi_dataset.zip    162MB 7.05MB/s
[1A[2K[1A[2KCollecting 1 genome record [================================================] 100% 1/1
Downloading: ncbi_dataset.zip    162MB 7.05MB/s
[1A[2K[1A[2KCollecting 1 genome record [================================================] 100% 1/1
Downloading: ncbi_dataset.zip    162MB 7.05MB/s
[1A[2K[1A[2KCollecting 1 genome record [================================================] 100% 1/1
Downloading: ncbi_dataset.zip    162MB 7.05MB/s
[1A[2K[1A[2KCollecting 1 genome record [================================================] 100% 1/1
Downloading: ncbi_dataset.zip    162MB 7.04MB/s
[1A[2K[1A[2KCollecting 1 genome record [================================================] 100% 1/1
Downloading: ncbi_dataset.zip    162MB 7.04MB/s
[1A[2K[1A[2KCollecting 1 genome record [================================================] 100% 1/1
Downloading: ncbi_dataset.zip    162MB 7.04MB/s
[1A[2K[1A[2KCollecting 1 genome record [================================================] 100% 1/1
Downloading: ncbi_dataset.zip    162MB 7.04MB/s
[1A[2K[1A[2KCollecting 1 genome record [================================================] 100% 1/1
Downloading: ncbi_dataset.zip    162MB 7.03MB/s
[1A[2K[1A[2KCollecting 1 genome record [================================================] 100% 1/1
Downloading: ncbi_dataset.zip    163MB 7.05MB/s
[1A[2K[1A[2KCollecting 1 genome record [================================================] 100% 1/1
Downloading: ncbi_dataset.zip    163MB 7.06MB/s
[1A[2K[1A[2KCollecting 1 genome record [================================================] 100% 1/1
Downloading: ncbi_dataset.zip    163MB 7.07MB/s
[1A[2K[1A[2KCollecting 1 genome record [================================================] 100% 1/1
Downloading: ncbi_dataset.zip    163MB 7.06MB/s
[1A[2K[1A[2KCollecting 1 genome record [================================================] 100% 1/1
Downloading: ncbi_dataset.zip    163MB 7.06MB/s
[1A[2K[1A[2KCollecting 1 genome record [================================================] 100% 1/1
Downloading: ncbi_dataset.zip    163MB 7.06MB/s
[1A[2K[1A[2KCollecting 1 genome record [================================================] 100% 1/1
Downloading: ncbi_dataset.zip    163MB 7.06MB/s
[1A[2K[1A[2KCollecting 1 genome record [================================================] 100% 1/1
Downloading: ncbi_dataset.zip    163MB 7.06MB/s
[1A[2K[1A[2KCollecting 1 genome record [================================================] 100% 1/1
Downloading: ncbi_dataset.zip    163MB 7.05MB/s
[1A[2K[1A[2KCollecting 1 genome record [================================================] 100% 1/1
Downloading: ncbi_dataset.zip    163MB 7.05MB/s
[1A[2K[1A[2KCollecting 1 genome record [================================================] 100% 1/1
Downloading: ncbi_dataset.zip    163MB 7.05MB/s
[1A[2K[1A[2KCollecting 1 genome record [================================================] 100% 1/1
Downloading: ncbi_dataset.zip    163MB 7.05MB/s
[1A[2K[1A[2KCollecting 1 genome record [================================================] 100% 1/1
Downloading: ncbi_dataset.zip    163MB 7.05MB/s
[1A[2K[1A[2KCollecting 1 genome record [================================================] 100% 1/1
Downloading: ncbi_dataset.zip    163MB 7.05MB/s
[1A[2K[1A[2KCollecting 1 genome record [================================================] 100% 1/1
Downloading: ncbi_dataset.zip    163MB 7.05MB/s
[1A[2K[1A[2KCollecting 1 genome record [================================================] 100% 1/1
Downloading: ncbi_dataset.zip    163MB 7.05MB/s
[1A[2K[1A[2KCollecting 1 genome record [================================================] 100% 1/1
Downloading: ncbi_dataset.zip    164MB 7.05MB/s
[1A[2K[1A[2KCollecting 1 genome record [================================================] 100% 1/1
Downloading: ncbi_dataset.zip    164MB 7.06MB/s
[1A[2K[1A[2KCollecting 1 genome record [================================================] 100% 1/1
Downloading: ncbi_dataset.zip    165MB 7.07MB/s
[1A[2K[1A[2KCollecting 1 genome record [================================================] 100% 1/1
Downloading: ncbi_dataset.zip    165MB 7.07MB/s
[1A[2K[1A[2KCollecting 1 genome record [================================================] 100% 1/1
Downloading: ncbi_dataset.zip    165MB 7.07MB/s
[1A[2K[1A[2KCollecting 1 genome record [================================================] 100% 1/1
Downloading: ncbi_dataset.zip    165MB 7.07MB/s
[1A[2K[1A[2KCollecting 1 genome record [================================================] 100% 1/1
Downloading: ncbi_dataset.zip    165MB 7.06MB/s
[1A[2K[1A[2KCollecting 1 genome record [================================================] 100% 1/1
Downloading: ncbi_dataset.zip    165MB 7.06MB/s
[1A[2K[1A[2KCollecting 1 genome record [================================================] 100% 1/1
Downloading: ncbi_dataset.zip    165MB 7.06MB/s
[1A[2K[1A[2KCollecting 1 genome record [================================================] 100% 1/1
Downloading: ncbi_dataset.zip    165MB 7.06MB/s
[1A[2K[1A[2KCollecting 1 genome record [================================================] 100% 1/1
Downloading: ncbi_dataset.zip    165MB 7.06MB/s
[1A[2K[1A[2KCollecting 1 genome record [================================================] 100% 1/1
Downloading: ncbi_dataset.zip    165MB 7.05MB/s
[1A[2K[1A[2KCollecting 1 genome record [================================================] 100% 1/1
Downloading: ncbi_dataset.zip    165MB 7.05MB/s
[1A[2K[1A[2KCollecting 1 genome record [================================================] 100% 1/1
Downloading: ncbi_dataset.zip    165MB 7.05MB/s
[1A[2K[1A[2KCollecting 1 genome record [================================================] 100% 1/1
Downloading: ncbi_dataset.zip    165MB 7.05MB/s
[1A[2K[1A[2KCollecting 1 genome record [================================================] 100% 1/1
Downloading: ncbi_dataset.zip    165MB 7.05MB/s
[1A[2K[1A[2KCollecting 1 genome record [================================================] 100% 1/1
Downloading: ncbi_dataset.zip    165MB 7.04MB/s
[1A[2K[1A[2KCollecting 1 genome record [================================================] 100% 1/1
Downloading: ncbi_dataset.zip    165MB 7.05MB/s
[1A[2K[1A[2KCollecting 1 genome record [================================================] 100% 1/1
Downloading: ncbi_dataset.zip    165MB 7.06MB/s
[1A[2K[1A[2KCollecting 1 genome record [================================================] 100% 1/1
Downloading: ncbi_dataset.zip    166MB 7.08MB/s
[1A[2K[1A[2KCollecting 1 genome record [================================================] 100% 1/1
Downloading: ncbi_dataset.zip    166MB 7.07MB/s
[1A[2K[1A[2KCollecting 1 genome record [================================================] 100% 1/1
Downloading: ncbi_dataset.zip    166MB 7.07MB/s
[1A[2K[1A[2KCollecting 1 genome record [================================================] 100% 1/1
Downloading: ncbi_dataset.zip    166MB 7.07MB/s
[1A[2K[1A[2KCollecting 1 genome record [================================================] 100% 1/1
Downloading: ncbi_dataset.zip    166MB 7.07MB/s
[1A[2K[1A[2KCollecting 1 genome record [================================================] 100% 1/1
Downloading: ncbi_dataset.zip    166MB 7.07MB/s
[1A[2K[1A[2KCollecting 1 genome record [================================================] 100% 1/1
Downloading: ncbi_dataset.zip    166MB 7.06MB/s
[1A[2K[1A[2KCollecting 1 genome record [================================================] 100% 1/1
Downloading: ncbi_dataset.zip    166MB 7.06MB/s
[1A[2K[1A[2KCollecting 1 genome record [================================================] 100% 1/1
Downloading: ncbi_dataset.zip    166MB 7.06MB/s
[1A[2K[1A[2KCollecting 1 genome record [================================================] 100% 1/1
Downloading: ncbi_dataset.zip    166MB 7.06MB/s
[1A[2K[1A[2KCollecting 1 genome record [================================================] 100% 1/1
Downloading: ncbi_dataset.zip    166MB 7.06MB/s
[1A[2K[1A[2KCollecting 1 genome record [================================================] 100% 1/1
Downloading: ncbi_dataset.zip    166MB 7.06MB/s
[1A[2K[1A[2KCollecting 1 genome record [================================================] 100% 1/1
Downloading: ncbi_dataset.zip    166MB 7.06MB/s
[1A[2K[1A[2KCollecting 1 genome record [================================================] 100% 1/1
Downloading: ncbi_dataset.zip    166MB 7.04MB/s
[1A[2K[1A[2KCollecting 1 genome record [================================================] 100% 1/1
Downloading: ncbi_dataset.zip    167MB 7.06MB/s
[1A[2K[1A[2KCollecting 1 genome record [================================================] 100% 1/1
Downloading: ncbi_dataset.zip    167MB done
Validating package []
[1A[2K[1A[2K[1A[2KCollecting 1 genome record [================================================] 100% 1/1
Downloading: ncbi_dataset.zip    167MB done
Validating package []
[1A[2K[1A[2K[1A[2KCollecting 1 genome record [================================================] 100% 1/1
Downloading: ncbi_dataset.zip    167MB done
Validating package []
[1A[2K[1A[2K[1A[2KCollecting 1 genome record [================================================] 100% 1/1
Downloading: ncbi_dataset.zip    167MB done
Validating package []
[1A[2K[1A[2K[1A[2KCollecting 1 genome record [================================================] 100% 1/1
Downloading: ncbi_dataset.zip    167MB done
Validating package []
[1A[2K[1A[2K[1A[2KCollecting 1 genome record [================================================] 100% 1/1
Downloading: ncbi_dataset.zip    167MB done
Validating package []
[1A[2K[1A[2K[1A[2KCollecting 1 genome record [================================================] 100% 1/1
Downloading: ncbi_dataset.zip    167MB done
Validating package []
[1A[2K[1A[2K[1A[2KCollecting 1 genome record [================================================] 100% 1/1
Downloading: ncbi_dataset.zip    167MB done
Validating package []
[1A[2K[1A[2K[1A[2KCollecting 1 genome record [================================================] 100% 1/1
Downloading: ncbi_dataset.zip    167MB done
Validating package []
[1A[2K[1A[2K[1A[2KCollecting 1 genome record [================================================] 100% 1/1
Downloading: ncbi_dataset.zip    167MB done
Validating package []
[1A[2K[1A[2K[1A[2KCollecting 1 genome record [================================================] 100% 1/1
Downloading: ncbi_dataset.zip    167MB done
Validating package []
[1A[2K[1A[2K[1A[2KCollecting 1 genome record [================================================] 100% 1/1
Downloading: ncbi_dataset.zip    167MB done
Validating package []
[1A[2K[1A[2K[1A[2KCollecting 1 genome record [================================================] 100% 1/1
Downloading: ncbi_dataset.zip    167MB done
Validating package []
[1A[2K[1A[2K[1A[2KCollecting 1 genome record [================================================] 100% 1/1
Downloading: ncbi_dataset.zip    167MB done
Validating package []
[1A[2K[1A[2K[1A[2KCollecting 1 genome record [================================================] 100% 1/1
Downloading: ncbi_dataset.zip    167MB done
Validating package []
[1A[2K[1A[2K[1A[2KCollecting 1 genome record [================================================] 100% 1/1
Downloading: ncbi_dataset.zip    167MB done
Validating package []
[1A[2K[1A[2K[1A[2KCollecting 1 genome record [================================================] 100% 1/1
Downloading: ncbi_dataset.zip    167MB done
Validating package []
[1A[2K[1A[2K[1A[2KCollecting 1 genome record [================================================] 100% 1/1
Downloading: ncbi_dataset.zip    167MB done
Validating package files [============>-----------------------------------]  29% 2/7
[1A[2K[1A[2K[1A[2KCollecting 1 genome record [================================================] 100% 1/1
Downloading: ncbi_dataset.zip    167MB done
Validating package files [============>-----------------------------------]  29% 2/7
[1A[2K[1A[2K[1A[2KCollecting 1 genome record [================================================] 100% 1/1
Downloading: ncbi_dataset.zip    167MB done
Validating package files [============>-----------------------------------]  29% 2/7
[1A[2K[1A[2K[1A[2KCollecting 1 genome record [================================================] 100% 1/1
Downloading: ncbi_dataset.zip    167MB done
Validating package files [============>-----------------------------------]  29% 2/7
[1A[2K[1A[2K[1A[2KCollecting 1 genome record [================================================] 100% 1/1
Downloading: ncbi_dataset.zip    167MB done
Validating package files [============>-----------------------------------]  29% 2/7
[1A[2K[1A[2K[1A[2KCollecting 1 genome record [================================================] 100% 1/1
Downloading: ncbi_dataset.zip    167MB done
Validating package files [============>-----------------------------------]  29% 2/7
[1A[2K[1A[2K[1A[2KCollecting 1 genome record [================================================] 100% 1/1
Downloading: ncbi_dataset.zip    167MB done
Validating package files [============>-----------------------------------]  29% 2/7
[1A[2K[1A[2K[1A[2KCollecting 1 genome record [================================================] 100% 1/1
Downloading: ncbi_dataset.zip    167MB done
Validating package files [============>-----------------------------------]  29% 2/7
[1A[2K[1A[2K[1A[2KCollecting 1 genome record [================================================] 100% 1/1
Downloading: ncbi_dataset.zip    167MB done
Validating package files [============>-----------------------------------]  29% 2/7
[1A[2K[1A[2K[1A[2KCollecting 1 genome record [================================================] 100% 1/1
Downloading: ncbi_dataset.zip    167MB done
Validating package files [============>-----------------------------------]  29% 2/7
[1A[2K[1A[2K[1A[2KCollecting 1 genome record [================================================] 100% 1/1
Downloading: ncbi_dataset.zip    167MB done
Validating package files [============>-----------------------------------]  29% 2/7
[1A[2K[1A[2K[1A[2KCollecting 1 genome record [================================================] 100% 1/1
Downloading: ncbi_dataset.zip    167MB done
Validating package files [============>-----------------------------------]  29% 2/7
[1A[2K[1A[2K[1A[2KCollecting 1 genome record [================================================] 100% 1/1
Downloading: ncbi_dataset.zip    167MB done
Validating package files [============>-----------------------------------]  29% 2/7
[1A[2K[1A[2K[1A[2KCollecting 1 genome record [================================================] 100% 1/1
Downloading: ncbi_dataset.zip    167MB done
Validating package files [============>-----------------------------------]  29% 2/7
[1A[2K[1A[2K[1A[2KCollecting 1 genome record [================================================] 100% 1/1
Downloading: ncbi_dataset.zip    167MB done
Validating package files [============>-----------------------------------]  29% 2/7
[1A[2K[1A[2K[1A[2KCollecting 1 genome record [================================================] 100% 1/1
Downloading: ncbi_dataset.zip    167MB done
Validating package files [============>-----------------------------------]  29% 2/7
[1A[2K[1A[2K[1A[2KCollecting 1 genome record [================================================] 100% 1/1
Downloading: ncbi_dataset.zip    167MB done
Validating package files [============>-----------------------------------]  29% 2/7
[1A[2K[1A[2K[1A[2KCollecting 1 genome record [================================================] 100% 1/1
Downloading: ncbi_dataset.zip    167MB done
Validating package files [============>-----------------------------------]  29% 2/7
[1A[2K[1A[2K[1A[2KCollecting 1 genome record [================================================] 100% 1/1
Downloading: ncbi_dataset.zip    167MB done
Validating package files [============>-----------------------------------]  29% 2/7
[1A[2K[1A[2K[1A[2KCollecting 1 genome record [================================================] 100% 1/1
Downloading: ncbi_dataset.zip    167MB done
Validating package files [============>-----------------------------------]  29% 2/7
[1A[2K[1A[2K[1A[2KCollecting 1 genome record [================================================] 100% 1/1
Downloading: ncbi_dataset.zip    167MB done
Validating package files [============>-----------------------------------]  29% 2/7
[1A[2K[1A[2K[1A[2KCollecting 1 genome record [================================================] 100% 1/1
Downloading: ncbi_dataset.zip    167MB done
Validating package files [============>-----------------------------------]  29% 2/7
[1A[2K[1A[2K[1A[2KCollecting 1 genome record [================================================] 100% 1/1
Downloading: ncbi_dataset.zip    167MB done
Validating package files [============>-----------------------------------]  29% 2/7
[1A[2K[1A[2K[1A[2KCollecting 1 genome record [================================================] 100% 1/1
Downloading: ncbi_dataset.zip    167MB done
Validating package files [============>-----------------------------------]  29% 2/7
[1A[2K[1A[2K[1A[2KCollecting 1 genome record [================================================] 100% 1/1
Downloading: ncbi_dataset.zip    167MB done
Validating package files [============>-----------------------------------]  29% 2/7
[1A[2K[1A[2K[1A[2KCollecting 1 genome record [================================================] 100% 1/1
Downloading: ncbi_dataset.zip    167MB done
Validating package files [============>-----------------------------------]  29% 2/7
[1A[2K[1A[2K[1A[2KCollecting 1 genome record [================================================] 100% 1/1
Downloading: ncbi_dataset.zip    167MB done
Validating package files [============>-----------------------------------]  29% 2/7
[1A[2K[1A[2K[1A[2KCollecting 1 genome record [================================================] 100% 1/1
Downloading: ncbi_dataset.zip    167MB done
Validating package files [============>-----------------------------------]  29% 2/7
[1A[2K[1A[2K[1A[2KCollecting 1 genome record [================================================] 100% 1/1
Downloading: ncbi_dataset.zip    167MB done
Validating package files [============>-----------------------------------]  29% 2/7
[1A[2K[1A[2K[1A[2KCollecting 1 genome record [================================================] 100% 1/1
Downloading: ncbi_dataset.zip    167MB done
Validating package files [============>-----------------------------------]  29% 2/7
[1A[2K[1A[2K[1A[2KCollecting 1 genome record [================================================] 100% 1/1
Downloading: ncbi_dataset.zip    167MB done
Validating package files [============>-----------------------------------]  29% 2/7
[1A[2K[1A[2K[1A[2KCollecting 1 genome record [================================================] 100% 1/1
Downloading: ncbi_dataset.zip    167MB done
Validating package files [============>-----------------------------------]  29% 2/7
[1A[2K[1A[2K[1A[2KCollecting 1 genome record [================================================] 100% 1/1
Downloading: ncbi_dataset.zip    167MB done
Validating package files [============>-----------------------------------]  29% 2/7
[1A[2K[1A[2K[1A[2KCollecting 1 genome record [================================================] 100% 1/1
Downloading: ncbi_dataset.zip    167MB done
Validating package files [============>-----------------------------------]  29% 2/7
[1A[2K[1A[2K[1A[2KCollecting 1 genome record [================================================] 100% 1/1
Downloading: ncbi_dataset.zip    167MB done
Validating package files [============>-----------------------------------]  29% 2/7
[1A[2K[1A[2K[1A[2KCollecting 1 genome record [================================================] 100% 1/1
Downloading: ncbi_dataset.zip    167MB done
Validating package files [============>-----------------------------------]  29% 2/7
[1A[2K[1A[2K[1A[2KCollecting 1 genome record [================================================] 100% 1/1
Downloading: ncbi_dataset.zip    167MB done
Validating package files [============>-----------------------------------]  29% 2/7
[1A[2K[1A[2K[1A[2KCollecting 1 genome record [================================================] 100% 1/1
Downloading: ncbi_dataset.zip    167MB done
Validating package files [============>-----------------------------------]  29% 2/7
[1A[2K[1A[2K[1A[2KCollecting 1 genome record [================================================] 100% 1/1
Downloading: ncbi_dataset.zip    167MB done
Validating package files [============>-----------------------------------]  29% 2/7
[1A[2K[1A[2K[1A[2KCollecting 1 genome record [================================================] 100% 1/1
Downloading: ncbi_dataset.zip    167MB done
Validating package files [============>-----------------------------------]  29% 2/7
[1A[2K[1A[2K[1A[2KCollecting 1 genome record [================================================] 100% 1/1
Downloading: ncbi_dataset.zip    167MB done
Validating package files [============>-----------------------------------]  29% 2/7
[1A[2K[1A[2K[1A[2KCollecting 1 genome record [================================================] 100% 1/1
Downloading: ncbi_dataset.zip    167MB done
Validating package files [============>-----------------------------------]  29% 2/7
[1A[2K[1A[2K[1A[2KCollecting 1 genome record [================================================] 100% 1/1
Downloading: ncbi_dataset.zip    167MB done
Validating package files [============>-----------------------------------]  29% 2/7
[1A[2K[1A[2K[1A[2KCollecting 1 genome record [================================================] 100% 1/1
Downloading: ncbi_dataset.zip    167MB done
Validating package files [============>-----------------------------------]  29% 2/7
[1A[2K[1A[2K[1A[2KCollecting 1 genome record [================================================] 100% 1/1
Downloading: ncbi_dataset.zip    167MB done
Validating package files [============>-----------------------------------]  29% 2/7
[1A[2K[1A[2K[1A[2KCollecting 1 genome record [================================================] 100% 1/1
Downloading: ncbi_dataset.zip    167MB done
Validating package files [============>-----------------------------------]  29% 2/7
[1A[2K[1A[2K[1A[2KCollecting 1 genome record [================================================] 100% 1/1
Downloading: ncbi_dataset.zip    167MB done
Validating package files [============>-----------------------------------]  29% 2/7
[1A[2K[1A[2K[1A[2KCollecting 1 genome record [================================================] 100% 1/1
Downloading: ncbi_dataset.zip    167MB done
Validating package files [============>-----------------------------------]  29% 2/7
[1A[2K[1A[2K[1A[2KCollecting 1 genome record [================================================] 100% 1/1
Downloading: ncbi_dataset.zip    167MB done
Validating package files [============>-----------------------------------]  29% 2/7
[1A[2K[1A[2K[1A[2KCollecting 1 genome record [================================================] 100% 1/1
Downloading: ncbi_dataset.zip    167MB done
Validating package files [============>-----------------------------------]  29% 2/7
[1A[2K[1A[2K[1A[2KCollecting 1 genome record [================================================] 100% 1/1
Downloading: ncbi_dataset.zip    167MB done
Validating package files [============>-----------------------------------]  29% 2/7
[1A[2K[1A[2K[1A[2KCollecting 1 genome record [================================================] 100% 1/1
Downloading: ncbi_dataset.zip    167MB done
Validating package files [============>-----------------------------------]  29% 2/7
[1A[2K[1A[2K[1A[2KCollecting 1 genome record [================================================] 100% 1/1
Downloading: ncbi_dataset.zip    167MB done
Validating package files [============>-----------------------------------]  29% 2/7
[1A[2K[1A[2K[1A[2KCollecting 1 genome record [================================================] 100% 1/1
Downloading: ncbi_dataset.zip    167MB done
Validating package files [============>-----------------------------------]  29% 2/7
[1A[2K[1A[2K[1A[2KCollecting 1 genome record [================================================] 100% 1/1
Downloading: ncbi_dataset.zip    167MB done
Validating package files [============>-----------------------------------]  29% 2/7
[1A[2K[1A[2K[1A[2KCollecting 1 genome record [================================================] 100% 1/1
Downloading: ncbi_dataset.zip    167MB done
Validating package files [============>-----------------------------------]  29% 2/7
[1A[2K[1A[2K[1A[2KCollecting 1 genome record [================================================] 100% 1/1
Downloading: ncbi_dataset.zip    167MB done
Validating package files [============>-----------------------------------]  29% 2/7
[1A[2K[1A[2K[1A[2KCollecting 1 genome record [================================================] 100% 1/1
Downloading: ncbi_dataset.zip    167MB done
Validating package files [============>-----------------------------------]  29% 2/7
[1A[2K[1A[2K[1A[2KCollecting 1 genome record [================================================] 100% 1/1
Downloading: ncbi_dataset.zip    167MB done
Validating package files [============>-----------------------------------]  29% 2/7
[1A[2K[1A[2K[1A[2KCollecting 1 genome record [================================================] 100% 1/1
Downloading: ncbi_dataset.zip    167MB done
Validating package files [============>-----------------------------------]  29% 2/7
[1A[2K[1A[2K[1A[2KCollecting 1 genome record [================================================] 100% 1/1
Downloading: ncbi_dataset.zip    167MB done
Validating package files [============>-----------------------------------]  29% 2/7
[1A[2K[1A[2K[1A[2KCollecting 1 genome record [================================================] 100% 1/1
Downloading: ncbi_dataset.zip    167MB done
Validating package files [============>-----------------------------------]  29% 2/7
[1A[2K[1A[2K[1A[2KCollecting 1 genome record [================================================] 100% 1/1
Downloading: ncbi_dataset.zip    167MB done
Validating package files [============>-----------------------------------]  29% 2/7
[1A[2K[1A[2K[1A[2KCollecting 1 genome record [================================================] 100% 1/1
Downloading: ncbi_dataset.zip    167MB done
Validating package files [============>-----------------------------------]  29% 2/7
[1A[2K[1A[2K[1A[2KCollecting 1 genome record [================================================] 100% 1/1
Downloading: ncbi_dataset.zip    167MB done
Validating package files [============>-----------------------------------]  29% 2/7
[1A[2K[1A[2K[1A[2KCollecting 1 genome record [================================================] 100% 1/1
Downloading: ncbi_dataset.zip    167MB done
Validating package files [============>-----------------------------------]  29% 2/7
[1A[2K[1A[2K[1A[2KCollecting 1 genome record [================================================] 100% 1/1
Downloading: ncbi_dataset.zip    167MB done
Validating package files [============>-----------------------------------]  29% 2/7
[1A[2K[1A[2K[1A[2KCollecting 1 genome record [================================================] 100% 1/1
Downloading: ncbi_dataset.zip    167MB done
Validating package files [============>-----------------------------------]  29% 2/7
[1A[2K[1A[2K[1A[2KCollecting 1 genome record [================================================] 100% 1/1
Downloading: ncbi_dataset.zip    167MB done
Validating package files [============>-----------------------------------]  29% 2/7
[1A[2K[1A[2K[1A[2KCollecting 1 genome record [================================================] 100% 1/1
Downloading: ncbi_dataset.zip    167MB done
Validating package files [============>-----------------------------------]  29% 2/7
[1A[2K[1A[2K[1A[2KCollecting 1 genome record [================================================] 100% 1/1
Downloading: ncbi_dataset.zip    167MB done
Validating package files [============>-----------------------------------]  29% 2/7
[1A[2K[1A[2K[1A[2KCollecting 1 genome record [================================================] 100% 1/1
Downloading: ncbi_dataset.zip    167MB done
Validating package files [============>-----------------------------------]  29% 2/7
[1A[2K[1A[2K[1A[2KCollecting 1 genome record [================================================] 100% 1/1
Downloading: ncbi_dataset.zip    167MB done
Validating package files [============>-----------------------------------]  29% 2/7
[1A[2K[1A[2K[1A[2KCollecting 1 genome record [================================================] 100% 1/1
Downloading: ncbi_dataset.zip    167MB done
Validating package files [============>-----------------------------------]  29% 2/7
[1A[2K[1A[2K[1A[2KCollecting 1 genome record [================================================] 100% 1/1
Downloading: ncbi_dataset.zip    167MB done
Validating package files [============>-----------------------------------]  29% 2/7
[1A[2K[1A[2K[1A[2KCollecting 1 genome record [================================================] 100% 1/1
Downloading: ncbi_dataset.zip    167MB done
Validating package files [============>-----------------------------------]  29% 2/7
[1A[2K[1A[2K[1A[2KCollecting 1 genome record [================================================] 100% 1/1
Downloading: ncbi_dataset.zip    167MB done
Validating package files [============>-----------------------------------]  29% 2/7
[1A[2K[1A[2K[1A[2KCollecting 1 genome record [================================================] 100% 1/1
Downloading: ncbi_dataset.zip    167MB done
Validating package files [============>-----------------------------------]  29% 2/7
[1A[2K[1A[2K[1A[2KCollecting 1 genome record [================================================] 100% 1/1
Downloading: ncbi_dataset.zip    167MB done
Validating package files [============>-----------------------------------]  29% 2/7
[1A[2K[1A[2K[1A[2KCollecting 1 genome record [================================================] 100% 1/1
Downloading: ncbi_dataset.zip    167MB done
Validating package files [============>-----------------------------------]  29% 2/7
[1A[2K[1A[2K[1A[2KCollecting 1 genome record [================================================] 100% 1/1
Downloading: ncbi_dataset.zip    167MB done
Validating package files [============>-----------------------------------]  29% 2/7
[1A[2K[1A[2K[1A[2KCollecting 1 genome record [================================================] 100% 1/1
Downloading: ncbi_dataset.zip    167MB done
Validating package files [============>-----------------------------------]  29% 2/7
[1A[2K[1A[2K[1A[2KCollecting 1 genome record [================================================] 100% 1/1
Downloading: ncbi_dataset.zip    167MB done
Validating package files [============>-----------------------------------]  29% 2/7
[1A[2K[1A[2K[1A[2KCollecting 1 genome record [================================================] 100% 1/1
Downloading: ncbi_dataset.zip    167MB done
Validating package files [============>-----------------------------------]  29% 2/7
[1A[2K[1A[2K[1A[2KCollecting 1 genome record [================================================] 100% 1/1
Downloading: ncbi_dataset.zip    167MB done
Validating package files [============>-----------------------------------]  29% 2/7
[1A[2K[1A[2K[1A[2KCollecting 1 genome record [================================================] 100% 1/1
Downloading: ncbi_dataset.zip    167MB done
Validating package files [============>-----------------------------------]  29% 2/7
[1A[2K[1A[2K[1A[2KCollecting 1 genome record [================================================] 100% 1/1
Downloading: ncbi_dataset.zip    167MB done
Validating package files [============>-----------------------------------]  29% 2/7
[1A[2K[1A[2K[1A[2KCollecting 1 genome record [================================================] 100% 1/1
Downloading: ncbi_dataset.zip    167MB done
Validating package files [============>-----------------------------------]  29% 2/7
[1A[2K[1A[2K[1A[2KCollecting 1 genome record [================================================] 100% 1/1
Downloading: ncbi_dataset.zip    167MB done
Validating package files [============>-----------------------------------]  29% 2/7
[1A[2K[1A[2K[1A[2KCollecting 1 genome record [================================================] 100% 1/1
Downloading: ncbi_dataset.zip    167MB done
Validating package files [============>-----------------------------------]  29% 2/7
[1A[2K[1A[2K[1A[2KCollecting 1 genome record [================================================] 100% 1/1
Downloading: ncbi_dataset.zip    167MB done
Validating package files [============>-----------------------------------]  29% 2/7
[1A[2K[1A[2K[1A[2KCollecting 1 genome record [================================================] 100% 1/1
Downloading: ncbi_dataset.zip    167MB done
Validating package files [============>-----------------------------------]  29% 2/7
[1A[2K[1A[2K[1A[2KCollecting 1 genome record [================================================] 100% 1/1
Downloading: ncbi_dataset.zip    167MB done
Validating package files [============>-----------------------------------]  29% 2/7
[1A[2K[1A[2K[1A[2KCollecting 1 genome record [================================================] 100% 1/1
Downloading: ncbi_dataset.zip    167MB done
Validating package files [============>-----------------------------------]  29% 2/7
[1A[2K[1A[2K[1A[2KCollecting 1 genome record [================================================] 100% 1/1
Downloading: ncbi_dataset.zip    167MB done
Validating package files [============>-----------------------------------]  29% 2/7
[1A[2K[1A[2K[1A[2KCollecting 1 genome record [================================================] 100% 1/1
Downloading: ncbi_dataset.zip    167MB done
Validating package files [============>-----------------------------------]  29% 2/7
[1A[2K[1A[2K[1A[2KCollecting 1 genome record [================================================] 100% 1/1
Downloading: ncbi_dataset.zip    167MB done
Validating package files [============>-----------------------------------]  29% 2/7
[1A[2K[1A[2K[1A[2KCollecting 1 genome record [================================================] 100% 1/1
Downloading: ncbi_dataset.zip    167MB done
Validating package files [============>-----------------------------------]  29% 2/7
[1A[2K[1A[2K[1A[2KCollecting 1 genome record [================================================] 100% 1/1
Downloading: ncbi_dataset.zip    167MB done
Validating package files [============>-----------------------------------]  29% 2/7
[1A[2K[1A[2K[1A[2KCollecting 1 genome record [================================================] 100% 1/1
Downloading: ncbi_dataset.zip    167MB done
Validating package files [============>-----------------------------------]  29% 2/7
[1A[2K[1A[2K[1A[2KCollecting 1 genome record [================================================] 100% 1/1
Downloading: ncbi_dataset.zip    167MB done
Validating package files [============>-----------------------------------]  29% 2/7
[1A[2K[1A[2K[1A[2KCollecting 1 genome record [================================================] 100% 1/1
Downloading: ncbi_dataset.zip    167MB done
Validating package files [============>-----------------------------------]  29% 2/7
[1A[2K[1A[2K[1A[2KCollecting 1 genome record [================================================] 100% 1/1
Downloading: ncbi_dataset.zip    167MB done
Validating package files [============>-----------------------------------]  29% 2/7
[1A[2K[1A[2K[1A[2KCollecting 1 genome record [================================================] 100% 1/1
Downloading: ncbi_dataset.zip    167MB done
Validating package files [============>-----------------------------------]  29% 2/7
[1A[2K[1A[2K[1A[2KCollecting 1 genome record [================================================] 100% 1/1
Downloading: ncbi_dataset.zip    167MB done
Validating package files [============>-----------------------------------]  29% 2/7
[1A[2K[1A[2K[1A[2KCollecting 1 genome record [================================================] 100% 1/1
Downloading: ncbi_dataset.zip    167MB done
Validating package files [============>-----------------------------------]  29% 2/7
[1A[2K[1A[2K[1A[2KCollecting 1 genome record [================================================] 100% 1/1
Downloading: ncbi_dataset.zip    167MB done
Validating package files [============>-----------------------------------]  29% 2/7
[1A[2K[1A[2K[1A[2KCollecting 1 genome record [================================================] 100% 1/1
Downloading: ncbi_dataset.zip    167MB done
Validating package files [============>-----------------------------------]  29% 2/7
[1A[2K[1A[2K[1A[2KCollecting 1 genome record [================================================] 100% 1/1
Downloading: ncbi_dataset.zip    167MB done
Validating package files [============>-----------------------------------]  29% 2/7
[1A[2K[1A[2K[1A[2KCollecting 1 genome record [================================================] 100% 1/1
Downloading: ncbi_dataset.zip    167MB done
Validating package files [============>-----------------------------------]  29% 2/7
[1A[2K[1A[2K[1A[2KCollecting 1 genome record [================================================] 100% 1/1
Downloading: ncbi_dataset.zip    167MB done
Validating package files [============>-----------------------------------]  29% 2/7
[1A[2K[1A[2K[1A[2KCollecting 1 genome record [================================================] 100% 1/1
Downloading: ncbi_dataset.zip    167MB done
Validating package files [============>-----------------------------------]  29% 2/7
[1A[2K[1A[2K[1A[2KCollecting 1 genome record [================================================] 100% 1/1
Downloading: ncbi_dataset.zip    167MB done
Validating package files [============>-----------------------------------]  29% 2/7
[1A[2K[1A[2K[1A[2KCollecting 1 genome record [================================================] 100% 1/1
Downloading: ncbi_dataset.zip    167MB done
Validating package files [============>-----------------------------------]  29% 2/7
[1A[2K[1A[2K[1A[2KCollecting 1 genome record [================================================] 100% 1/1
Downloading: ncbi_dataset.zip    167MB done
Validating package files [============>-----------------------------------]  29% 2/7
[1A[2K[1A[2K[1A[2KCollecting 1 genome record [================================================] 100% 1/1
Downloading: ncbi_dataset.zip    167MB done
Validating package files [============>-----------------------------------]  29% 2/7
[1A[2K[1A[2K[1A[2KCollecting 1 genome record [================================================] 100% 1/1
Downloading: ncbi_dataset.zip    167MB done
Validating package files [============>-----------------------------------]  29% 2/7
[1A[2K[1A[2K[1A[2KCollecting 1 genome record [================================================] 100% 1/1
Downloading: ncbi_dataset.zip    167MB done
Validating package files [============>-----------------------------------]  29% 2/7
[1A[2K[1A[2K[1A[2KCollecting 1 genome record [================================================] 100% 1/1
Downloading: ncbi_dataset.zip    167MB done
Validating package files [============>-----------------------------------]  29% 2/7
[1A[2K[1A[2K[1A[2KCollecting 1 genome record [================================================] 100% 1/1
Downloading: ncbi_dataset.zip    167MB done
Validating package files [============>-----------------------------------]  29% 2/7
[1A[2K[1A[2K[1A[2KCollecting 1 genome record [================================================] 100% 1/1
Downloading: ncbi_dataset.zip    167MB done
Validating package files [============>-----------------------------------]  29% 2/7
[1A[2K[1A[2K[1A[2KCollecting 1 genome record [================================================] 100% 1/1
Downloading: ncbi_dataset.zip    167MB done
Validating package files [============>-----------------------------------]  29% 2/7
[1A[2K[1A[2K[1A[2KCollecting 1 genome record [================================================] 100% 1/1
Downloading: ncbi_dataset.zip    167MB done
Validating package files [============>-----------------------------------]  29% 2/7
[1A[2K[1A[2K[1A[2KCollecting 1 genome record [================================================] 100% 1/1
Downloading: ncbi_dataset.zip    167MB done
Validating package files [============>-----------------------------------]  29% 2/7
[1A[2K[1A[2K[1A[2KCollecting 1 genome record [================================================] 100% 1/1
Downloading: ncbi_dataset.zip    167MB done
Validating package files [============>-----------------------------------]  29% 2/7
[1A[2K[1A[2K[1A[2KCollecting 1 genome record [================================================] 100% 1/1
Downloading: ncbi_dataset.zip    167MB done
Validating package files [============>-----------------------------------]  29% 2/7
[1A[2K[1A[2K[1A[2KCollecting 1 genome record [================================================] 100% 1/1
Downloading: ncbi_dataset.zip    167MB done
Validating package files [============>-----------------------------------]  29% 2/7
[1A[2K[1A[2K[1A[2KCollecting 1 genome record [================================================] 100% 1/1
Downloading: ncbi_dataset.zip    167MB done
Validating package files [============>-----------------------------------]  29% 2/7
[1A[2K[1A[2K[1A[2KCollecting 1 genome record [================================================] 100% 1/1
Downloading: ncbi_dataset.zip    167MB done
Validating package files [============>-----------------------------------]  29% 2/7
[1A[2K[1A[2K[1A[2KCollecting 1 genome record [================================================] 100% 1/1
Downloading: ncbi_dataset.zip    167MB done
Validating package files [============>-----------------------------------]  29% 2/7
[1A[2K[1A[2K[1A[2KCollecting 1 genome record [================================================] 100% 1/1
Downloading: ncbi_dataset.zip    167MB done
Validating package files [============>-----------------------------------]  29% 2/7
[1A[2K[1A[2K[1A[2KCollecting 1 genome record [================================================] 100% 1/1
Downloading: ncbi_dataset.zip    167MB done
Validating package files [============>-----------------------------------]  29% 2/7
[1A[2K[1A[2K[1A[2KCollecting 1 genome record [================================================] 100% 1/1
Downloading: ncbi_dataset.zip    167MB done
Validating package files [============>-----------------------------------]  29% 2/7
[1A[2K[1A[2K[1A[2KCollecting 1 genome record [================================================] 100% 1/1
Downloading: ncbi_dataset.zip    167MB done
Validating package files [============>-----------------------------------]  29% 2/7
[1A[2K[1A[2K[1A[2KCollecting 1 genome record [================================================] 100% 1/1
Downloading: ncbi_dataset.zip    167MB done
Validating package files [============>-----------------------------------]  29% 2/7
[1A[2K[1A[2K[1A[2KCollecting 1 genome record [================================================] 100% 1/1
Downloading: ncbi_dataset.zip    167MB done
Validating package files [============>-----------------------------------]  29% 2/7
[1A[2K[1A[2K[1A[2KCollecting 1 genome record [================================================] 100% 1/1
Downloading: ncbi_dataset.zip    167MB done
Validating package files [============>-----------------------------------]  29% 2/7
[1A[2K[1A[2K[1A[2KCollecting 1 genome record [================================================] 100% 1/1
Downloading: ncbi_dataset.zip    167MB done
Validating package files [============>-----------------------------------]  29% 2/7
[1A[2K[1A[2K[1A[2KCollecting 1 genome record [================================================] 100% 1/1
Downloading: ncbi_dataset.zip    167MB done
Validating package files [============>-----------------------------------]  29% 2/7
[1A[2K[1A[2K[1A[2KCollecting 1 genome record [================================================] 100% 1/1
Downloading: ncbi_dataset.zip    167MB done
Validating package files [============>-----------------------------------]  29% 2/7
[1A[2K[1A[2K[1A[2KCollecting 1 genome record [================================================] 100% 1/1
Downloading: ncbi_dataset.zip    167MB done
Validating package files [============>-----------------------------------]  29% 2/7
[1A[2K[1A[2K[1A[2KCollecting 1 genome record [================================================] 100% 1/1
Downloading: ncbi_dataset.zip    167MB done
Validating package files [============>-----------------------------------]  29% 2/7
[1A[2K[1A[2K[1A[2KCollecting 1 genome record [================================================] 100% 1/1
Downloading: ncbi_dataset.zip    167MB done
Validating package files [============>-----------------------------------]  29% 2/7
[1A[2K[1A[2K[1A[2KCollecting 1 genome record [================================================] 100% 1/1
Downloading: ncbi_dataset.zip    167MB done
Validating package files [============>-----------------------------------]  29% 2/7
[1A[2K[1A[2K[1A[2KCollecting 1 genome record [================================================] 100% 1/1
Downloading: ncbi_dataset.zip    167MB done
Validating package files [============>-----------------------------------]  29% 2/7
[1A[2K[1A[2K[1A[2KCollecting 1 genome record [================================================] 100% 1/1
Downloading: ncbi_dataset.zip    167MB done
Validating package files [============>-----------------------------------]  29% 2/7
[1A[2K[1A[2K[1A[2KCollecting 1 genome record [================================================] 100% 1/1
Downloading: ncbi_dataset.zip    167MB done
Validating package files [============>-----------------------------------]  29% 2/7
[1A[2K[1A[2K[1A[2KCollecting 1 genome record [================================================] 100% 1/1
Downloading: ncbi_dataset.zip    167MB done
Validating package files [============>-----------------------------------]  29% 2/7
[1A[2K[1A[2K[1A[2KCollecting 1 genome record [================================================] 100% 1/1
Downloading: ncbi_dataset.zip    167MB done
Validating package files [============>-----------------------------------]  29% 2/7
[1A[2K[1A[2K[1A[2KCollecting 1 genome record [================================================] 100% 1/1
Downloading: ncbi_dataset.zip    167MB done
Validating package files [============>-----------------------------------]  29% 2/7
[1A[2K[1A[2K[1A[2KCollecting 1 genome record [================================================] 100% 1/1
Downloading: ncbi_dataset.zip    167MB done
Validating package files [============>-----------------------------------]  29% 2/7
[1A[2K[1A[2K[1A[2KCollecting 1 genome record [================================================] 100% 1/1
Downloading: ncbi_dataset.zip    167MB done
Validating package files [============>-----------------------------------]  29% 2/7
[1A[2K[1A[2K[1A[2KCollecting 1 genome record [================================================] 100% 1/1
Downloading: ncbi_dataset.zip    167MB done
Validating package files [============>-----------------------------------]  29% 2/7
[1A[2K[1A[2K[1A[2KCollecting 1 genome record [================================================] 100% 1/1
Downloading: ncbi_dataset.zip    167MB done
Validating package files [============>-----------------------------------]  29% 2/7
[1A[2K[1A[2K[1A[2KCollecting 1 genome record [================================================] 100% 1/1
Downloading: ncbi_dataset.zip    167MB done
Validating package files [============>-----------------------------------]  29% 2/7
[1A[2K[1A[2K[1A[2KCollecting 1 genome record [================================================] 100% 1/1
Downloading: ncbi_dataset.zip    167MB done
Validating package files [============>-----------------------------------]  29% 2/7
[1A[2K[1A[2K[1A[2KCollecting 1 genome record [================================================] 100% 1/1
Downloading: ncbi_dataset.zip    167MB done
Validating package files [============>-----------------------------------]  29% 2/7
[1A[2K[1A[2K[1A[2KCollecting 1 genome record [================================================] 100% 1/1
Downloading: ncbi_dataset.zip    167MB done
Validating package files [============>-----------------------------------]  29% 2/7
[1A[2K[1A[2K[1A[2KCollecting 1 genome record [================================================] 100% 1/1
Downloading: ncbi_dataset.zip    167MB done
Validating package files [============>-----------------------------------]  29% 2/7
[1A[2K[1A[2K[1A[2KCollecting 1 genome record [================================================] 100% 1/1
Downloading: ncbi_dataset.zip    167MB done
Validating package files [============>-----------------------------------]  29% 2/7
[1A[2K[1A[2K[1A[2KCollecting 1 genome record [================================================] 100% 1/1
Downloading: ncbi_dataset.zip    167MB done
Validating package files [============>-----------------------------------]  29% 2/7
[1A[2K[1A[2K[1A[2KCollecting 1 genome record [================================================] 100% 1/1
Downloading: ncbi_dataset.zip    167MB done
Validating package files [============>-----------------------------------]  29% 2/7
[1A[2K[1A[2K[1A[2KCollecting 1 genome record [================================================] 100% 1/1
Downloading: ncbi_dataset.zip    167MB done
Validating package files [============>-----------------------------------]  29% 2/7
[1A[2K[1A[2K[1A[2KCollecting 1 genome record [================================================] 100% 1/1
Downloading: ncbi_dataset.zip    167MB done
Validating package files [============>-----------------------------------]  29% 2/7
[1A[2K[1A[2K[1A[2KCollecting 1 genome record [================================================] 100% 1/1
Downloading: ncbi_dataset.zip    167MB done
Validating package files [============>-----------------------------------]  29% 2/7
[1A[2K[1A[2K[1A[2KCollecting 1 genome record [================================================] 100% 1/1
Downloading: ncbi_dataset.zip    167MB done
Validating package files [============>-----------------------------------]  29% 2/7
[1A[2K[1A[2K[1A[2KCollecting 1 genome record [================================================] 100% 1/1
Downloading: ncbi_dataset.zip    167MB done
Validating package files [============>-----------------------------------]  29% 2/7
[1A[2K[1A[2K[1A[2KCollecting 1 genome record [================================================] 100% 1/1
Downloading: ncbi_dataset.zip    167MB done
Validating package files [============>-----------------------------------]  29% 2/7
[1A[2K[1A[2K[1A[2KCollecting 1 genome record [================================================] 100% 1/1
Downloading: ncbi_dataset.zip    167MB done
Validating package files [============>-----------------------------------]  29% 2/7
[1A[2K[1A[2K[1A[2KCollecting 1 genome record [================================================] 100% 1/1
Downloading: ncbi_dataset.zip    167MB done
Validating package files [============>-----------------------------------]  29% 2/7
[1A[2K[1A[2K[1A[2KCollecting 1 genome record [================================================] 100% 1/1
Downloading: ncbi_dataset.zip    167MB done
Validating package files [============>-----------------------------------]  29% 2/7
[1A[2K[1A[2K[1A[2KCollecting 1 genome record [================================================] 100% 1/1
Downloading: ncbi_dataset.zip    167MB done
Validating package files [============>-----------------------------------]  29% 2/7
[1A[2K[1A[2K[1A[2KCollecting 1 genome record [================================================] 100% 1/1
Downloading: ncbi_dataset.zip    167MB done
Validating package files [============>-----------------------------------]  29% 2/7
[1A[2K[1A[2K[1A[2KCollecting 1 genome record [================================================] 100% 1/1
Downloading: ncbi_dataset.zip    167MB done
Validating package files [============>-----------------------------------]  29% 2/7
[1A[2K[1A[2K[1A[2KCollecting 1 genome record [================================================] 100% 1/1
Downloading: ncbi_dataset.zip    167MB done
Validating package files [============>-----------------------------------]  29% 2/7
[1A[2K[1A[2K[1A[2KCollecting 1 genome record [================================================] 100% 1/1
Downloading: ncbi_dataset.zip    167MB done
Validating package files [============>-----------------------------------]  29% 2/7
[1A[2K[1A[2K[1A[2KCollecting 1 genome record [================================================] 100% 1/1
Downloading: ncbi_dataset.zip    167MB done
Validating package files [============>-----------------------------------]  29% 2/7
[1A[2K[1A[2K[1A[2KCollecting 1 genome record [================================================] 100% 1/1
Downloading: ncbi_dataset.zip    167MB done
Validating package files [============>-----------------------------------]  29% 2/7
[1A[2K[1A[2K[1A[2KCollecting 1 genome record [================================================] 100% 1/1
Downloading: ncbi_dataset.zip    167MB done
Validating package files [============>-----------------------------------]  29% 2/7
[1A[2K[1A[2K[1A[2KCollecting 1 genome record [================================================] 100% 1/1
Downloading: ncbi_dataset.zip    167MB done
Validating package files [============>-----------------------------------]  29% 2/7
[1A[2K[1A[2K[1A[2KCollecting 1 genome record [================================================] 100% 1/1
Downloading: ncbi_dataset.zip    167MB done
Validating package files [============>-----------------------------------]  29% 2/7
[1A[2K[1A[2K[1A[2KCollecting 1 genome record [================================================] 100% 1/1
Downloading: ncbi_dataset.zip    167MB done
Validating package files [============>-----------------------------------]  29% 2/7
[1A[2K[1A[2K[1A[2KCollecting 1 genome record [================================================] 100% 1/1
Downloading: ncbi_dataset.zip    167MB done
Validating package files [============>-----------------------------------]  29% 2/7
[1A[2K[1A[2K[1A[2KCollecting 1 genome record [================================================] 100% 1/1
Downloading: ncbi_dataset.zip    167MB done
Validating package files [============>-----------------------------------]  29% 2/7
[1A[2K[1A[2K[1A[2KCollecting 1 genome record [================================================] 100% 1/1
Downloading: ncbi_dataset.zip    167MB done
Validating package files [============>-----------------------------------]  29% 2/7
[1A[2K[1A[2K[1A[2KCollecting 1 genome record [================================================] 100% 1/1
Downloading: ncbi_dataset.zip    167MB done
Validating package files [============>-----------------------------------]  29% 2/7
[1A[2K[1A[2K[1A[2KCollecting 1 genome record [================================================] 100% 1/1
Downloading: ncbi_dataset.zip    167MB done
Validating package files [============>-----------------------------------]  29% 2/7
[1A[2K[1A[2K[1A[2KCollecting 1 genome record [================================================] 100% 1/1
Downloading: ncbi_dataset.zip    167MB done
Validating package files [============>-----------------------------------]  29% 2/7
[1A[2K[1A[2K[1A[2KCollecting 1 genome record [================================================] 100% 1/1
Downloading: ncbi_dataset.zip    167MB done
Validating package files [============>-----------------------------------]  29% 2/7
[1A[2K[1A[2K[1A[2KCollecting 1 genome record [================================================] 100% 1/1
Downloading: ncbi_dataset.zip    167MB done
Validating package files [============>-----------------------------------]  29% 2/7
[1A[2K[1A[2K[1A[2KCollecting 1 genome record [================================================] 100% 1/1
Downloading: ncbi_dataset.zip    167MB done
Validating package files [============>-----------------------------------]  29% 2/7
[1A[2K[1A[2K[1A[2KCollecting 1 genome record [================================================] 100% 1/1
Downloading: ncbi_dataset.zip    167MB done
Validating package files [============>-----------------------------------]  29% 2/7
[1A[2K[1A[2K[1A[2KCollecting 1 genome record [================================================] 100% 1/1
Downloading: ncbi_dataset.zip    167MB done
Validating package files [============>-----------------------------------]  29% 2/7
[1A[2K[1A[2K[1A[2KCollecting 1 genome record [================================================] 100% 1/1
Downloading: ncbi_dataset.zip    167MB done
Validating package files [============>-----------------------------------]  29% 2/7
[1A[2K[1A[2K[1A[2KCollecting 1 genome record [================================================] 100% 1/1
Downloading: ncbi_dataset.zip    167MB done
Validating package files [============>-----------------------------------]  29% 2/7
[1A[2K[1A[2K[1A[2KCollecting 1 genome record [================================================] 100% 1/1
Downloading: ncbi_dataset.zip    167MB done
Validating package files [============>-----------------------------------]  29% 2/7
[1A[2K[1A[2K[1A[2KCollecting 1 genome record [================================================] 100% 1/1
Downloading: ncbi_dataset.zip    167MB done
Validating package files [============>-----------------------------------]  29% 2/7
[1A[2K[1A[2K[1A[2KCollecting 1 genome record [================================================] 100% 1/1
Downloading: ncbi_dataset.zip    167MB done
Validating package files [============>-----------------------------------]  29% 2/7
[1A[2K[1A[2K[1A[2KCollecting 1 genome record [================================================] 100% 1/1
Downloading: ncbi_dataset.zip    167MB done
Validating package files [============>-----------------------------------]  29% 2/7
[1A[2K[1A[2K[1A[2KCollecting 1 genome record [================================================] 100% 1/1
Downloading: ncbi_dataset.zip    167MB done
Validating package files [============>-----------------------------------]  29% 2/7
[1A[2K[1A[2K[1A[2KCollecting 1 genome record [================================================] 100% 1/1
Downloading: ncbi_dataset.zip    167MB done
Validating package files [============>-----------------------------------]  29% 2/7
[1A[2K[1A[2K[1A[2KCollecting 1 genome record [================================================] 100% 1/1
Downloading: ncbi_dataset.zip    167MB done
Validating package files [============>-----------------------------------]  29% 2/7
[1A[2K[1A[2K[1A[2KCollecting 1 genome record [================================================] 100% 1/1
Downloading: ncbi_dataset.zip    167MB done
Validating package files [============>-----------------------------------]  29% 2/7
[1A[2K[1A[2K[1A[2KCollecting 1 genome record [================================================] 100% 1/1
Downloading: ncbi_dataset.zip    167MB done
Validating package files [============>-----------------------------------]  29% 2/7
[1A[2K[1A[2K[1A[2KCollecting 1 genome record [================================================] 100% 1/1
Downloading: ncbi_dataset.zip    167MB done
Validating package files [============>-----------------------------------]  29% 2/7
[1A[2K[1A[2K[1A[2KCollecting 1 genome record [================================================] 100% 1/1
Downloading: ncbi_dataset.zip    167MB done
Validating package files [============>-----------------------------------]  29% 2/7
[1A[2K[1A[2K[1A[2KCollecting 1 genome record [================================================] 100% 1/1
Downloading: ncbi_dataset.zip    167MB done
Validating package files [============>-----------------------------------]  29% 2/7
[1A[2K[1A[2K[1A[2KCollecting 1 genome record [================================================] 100% 1/1
Downloading: ncbi_dataset.zip    167MB done
Validating package files [============>-----------------------------------]  29% 2/7
[1A[2K[1A[2K[1A[2KCollecting 1 genome record [================================================] 100% 1/1
Downloading: ncbi_dataset.zip    167MB done
Validating package files [============>-----------------------------------]  29% 2/7
[1A[2K[1A[2K[1A[2KCollecting 1 genome record [================================================] 100% 1/1
Downloading: ncbi_dataset.zip    167MB done
Validating package files [============>-----------------------------------]  29% 2/7
[1A[2K[1A[2K[1A[2KCollecting 1 genome record [================================================] 100% 1/1
Downloading: ncbi_dataset.zip    167MB done
Validating package files [============>-----------------------------------]  29% 2/7
[1A[2K[1A[2K[1A[2KCollecting 1 genome record [================================================] 100% 1/1
Downloading: ncbi_dataset.zip    167MB done
Validating package files [============>-----------------------------------]  29% 2/7
[1A[2K[1A[2K[1A[2KCollecting 1 genome record [================================================] 100% 1/1
Downloading: ncbi_dataset.zip    167MB done
Validating package files [============>-----------------------------------]  29% 2/7
[1A[2K[1A[2K[1A[2KCollecting 1 genome record [================================================] 100% 1/1
Downloading: ncbi_dataset.zip    167MB done
Validating package files [============>-----------------------------------]  29% 2/7
[1A[2K[1A[2K[1A[2KCollecting 1 genome record [================================================] 100% 1/1
Downloading: ncbi_dataset.zip    167MB done
Validating package files [============>-----------------------------------]  29% 2/7
[1A[2K[1A[2K[1A[2KCollecting 1 genome record [================================================] 100% 1/1
Downloading: ncbi_dataset.zip    167MB done
Validating package files [============>-----------------------------------]  29% 2/7
[1A[2K[1A[2K[1A[2KCollecting 1 genome record [================================================] 100% 1/1
Downloading: ncbi_dataset.zip    167MB done
Validating package files [============>-----------------------------------]  29% 2/7
[1A[2K[1A[2K[1A[2KCollecting 1 genome record [================================================] 100% 1/1
Downloading: ncbi_dataset.zip    167MB done
Validating package files [============>-----------------------------------]  29% 2/7
[1A[2K[1A[2K[1A[2KCollecting 1 genome record [================================================] 100% 1/1
Downloading: ncbi_dataset.zip    167MB done
Validating package files [============>-----------------------------------]  29% 2/7
[1A[2K[1A[2K[1A[2KCollecting 1 genome record [================================================] 100% 1/1
Downloading: ncbi_dataset.zip    167MB done
Validating package files [============>-----------------------------------]  29% 2/7
[1A[2K[1A[2K[1A[2KCollecting 1 genome record [================================================] 100% 1/1
Downloading: ncbi_dataset.zip    167MB done
Validating package files [============>-----------------------------------]  29% 2/7
[1A[2K[1A[2K[1A[2KCollecting 1 genome record [================================================] 100% 1/1
Downloading: ncbi_dataset.zip    167MB done
Validating package files [============>-----------------------------------]  29% 2/7
[1A[2K[1A[2K[1A[2KCollecting 1 genome record [================================================] 100% 1/1
Downloading: ncbi_dataset.zip    167MB done
Validating package files [============>-----------------------------------]  29% 2/7
[1A[2K[1A[2K[1A[2KCollecting 1 genome record [================================================] 100% 1/1
Downloading: ncbi_dataset.zip    167MB done
Validating package files [============>-----------------------------------]  29% 2/7
[1A[2K[1A[2K[1A[2KCollecting 1 genome record [================================================] 100% 1/1
Downloading: ncbi_dataset.zip    167MB done
Validating package files [============>-----------------------------------]  29% 2/7
[1A[2K[1A[2K[1A[2KCollecting 1 genome record [================================================] 100% 1/1
Downloading: ncbi_dataset.zip    167MB done
Validating package files [============>-----------------------------------]  29% 2/7
[1A[2K[1A[2K[1A[2KCollecting 1 genome record [================================================] 100% 1/1
Downloading: ncbi_dataset.zip    167MB done
Validating package files [============>-----------------------------------]  29% 2/7
[1A[2K[1A[2K[1A[2KCollecting 1 genome record [================================================] 100% 1/1
Downloading: ncbi_dataset.zip    167MB done
Validating package files [===================>----------------------------]  43% 3/7
[1A[2K[1A[2K[1A[2KCollecting 1 genome record [================================================] 100% 1/1
Downloading: ncbi_dataset.zip    167MB done
Validating package files [===================>----------------------------]  43% 3/7
[1A[2K[1A[2K[1A[2KCollecting 1 genome record [================================================] 100% 1/1
Downloading: ncbi_dataset.zip    167MB done
Validating package files [===================>----------------------------]  43% 3/7
[1A[2K[1A[2K[1A[2KCollecting 1 genome record [================================================] 100% 1/1
Downloading: ncbi_dataset.zip    167MB done
Validating package files [===================>----------------------------]  43% 3/7
[1A[2K[1A[2K[1A[2KCollecting 1 genome record [================================================] 100% 1/1
Downloading: ncbi_dataset.zip    167MB done
Validating package files [===================>----------------------------]  43% 3/7
[1A[2K[1A[2K[1A[2KCollecting 1 genome record [================================================] 100% 1/1
Downloading: ncbi_dataset.zip    167MB done
Validating package files [===================>----------------------------]  43% 3/7
[1A[2K[1A[2K[1A[2KCollecting 1 genome record [================================================] 100% 1/1
Downloading: ncbi_dataset.zip    167MB done
Validating package files [===================>----------------------------]  43% 3/7
[1A[2K[1A[2K[1A[2KCollecting 1 genome record [================================================] 100% 1/1
Downloading: ncbi_dataset.zip    167MB done
Validating package files [===================>----------------------------]  43% 3/7
[1A[2K[1A[2K[1A[2KCollecting 1 genome record [================================================] 100% 1/1
Downloading: ncbi_dataset.zip    167MB done
Validating package files [===================>----------------------------]  43% 3/7
[1A[2K[1A[2K[1A[2KCollecting 1 genome record [================================================] 100% 1/1
Downloading: ncbi_dataset.zip    167MB done
Validating package files [===================>----------------------------]  43% 3/7
[1A[2K[1A[2K[1A[2KCollecting 1 genome record [================================================] 100% 1/1
Downloading: ncbi_dataset.zip    167MB done
Validating package files [===================>----------------------------]  43% 3/7
[1A[2K[1A[2K[1A[2KCollecting 1 genome record [================================================] 100% 1/1
Downloading: ncbi_dataset.zip    167MB done
Validating package files [===================>----------------------------]  43% 3/7
[1A[2K[1A[2K[1A[2KCollecting 1 genome record [================================================] 100% 1/1
Downloading: ncbi_dataset.zip    167MB done
Validating package files [===================>----------------------------]  43% 3/7
[1A[2K[1A[2K[1A[2KCollecting 1 genome record [================================================] 100% 1/1
Downloading: ncbi_dataset.zip    167MB done
Validating package files [===================>----------------------------]  43% 3/7
[1A[2K[1A[2K[1A[2KCollecting 1 genome record [================================================] 100% 1/1
Downloading: ncbi_dataset.zip    167MB done
Validating package files [===================>----------------------------]  43% 3/7
[1A[2K[1A[2K[1A[2KCollecting 1 genome record [================================================] 100% 1/1
Downloading: ncbi_dataset.zip    167MB done
Validating package files [===================>----------------------------]  43% 3/7
[1A[2K[1A[2K[1A[2KCollecting 1 genome record [================================================] 100% 1/1
Downloading: ncbi_dataset.zip    167MB done
Validating package files [===================>----------------------------]  43% 3/7
[1A[2K[1A[2K[1A[2KCollecting 1 genome record [================================================] 100% 1/1
Downloading: ncbi_dataset.zip    167MB done
Validating package files [===================>----------------------------]  43% 3/7
[1A[2K[1A[2K[1A[2KCollecting 1 genome record [================================================] 100% 1/1
Downloading: ncbi_dataset.zip    167MB done
Validating package files [===================>----------------------------]  43% 3/7
[1A[2K[1A[2K[1A[2KCollecting 1 genome record [================================================] 100% 1/1
Downloading: ncbi_dataset.zip    167MB done
Validating package files [===================>----------------------------]  43% 3/7
[1A[2K[1A[2K[1A[2KCollecting 1 genome record [================================================] 100% 1/1
Downloading: ncbi_dataset.zip    167MB done
Validating package files [===================>----------------------------]  43% 3/7
[1A[2K[1A[2K[1A[2KCollecting 1 genome record [================================================] 100% 1/1
Downloading: ncbi_dataset.zip    167MB done
Validating package files [===================>----------------------------]  43% 3/7
[1A[2K[1A[2K[1A[2KCollecting 1 genome record [================================================] 100% 1/1
Downloading: ncbi_dataset.zip    167MB done
Validating package files [==========================>---------------------]  57% 4/7
[1A[2K[1A[2K[1A[2KCollecting 1 genome record [================================================] 100% 1/1
Downloading: ncbi_dataset.zip    167MB done
Validating package files [==========================>---------------------]  57% 4/7
[1A[2K[1A[2K[1A[2KCollecting 1 genome record [================================================] 100% 1/1
Downloading: ncbi_dataset.zip    167MB done
Validating package files [==========================>---------------------]  57% 4/7
[1A[2K[1A[2K[1A[2KCollecting 1 genome record [================================================] 100% 1/1
Downloading: ncbi_dataset.zip    167MB done
Validating package files [==========================>---------------------]  57% 4/7
[1A[2K[1A[2K[1A[2KCollecting 1 genome record [================================================] 100% 1/1
Downloading: ncbi_dataset.zip    167MB done
Validating package files [==========================>---------------------]  57% 4/7
[1A[2K[1A[2K[1A[2KCollecting 1 genome record [================================================] 100% 1/1
Downloading: ncbi_dataset.zip    167MB done
Validating package files [==========================>---------------------]  57% 4/7
[1A[2K[1A[2K[1A[2KCollecting 1 genome record [================================================] 100% 1/1
Downloading: ncbi_dataset.zip    167MB done
Validating package files [==========================>---------------------]  57% 4/7
[1A[2K[1A[2K[1A[2KCollecting 1 genome record [================================================] 100% 1/1
Downloading: ncbi_dataset.zip    167MB done
Validating package files [==========================>---------------------]  57% 4/7
[1A[2K[1A[2K[1A[2KCollecting 1 genome record [================================================] 100% 1/1
Downloading: ncbi_dataset.zip    167MB done
Validating package files [==========================>---------------------]  57% 4/7
[1A[2K[1A[2K[1A[2KCollecting 1 genome record [================================================] 100% 1/1
Downloading: ncbi_dataset.zip    167MB done
Validating package files [==========================>---------------------]  57% 4/7
[1A[2K[1A[2K[1A[2KCollecting 1 genome record [================================================] 100% 1/1
Downloading: ncbi_dataset.zip    167MB done
Validating package files [==========================>---------------------]  57% 4/7
[1A[2K[1A[2K[1A[2KCollecting 1 genome record [================================================] 100% 1/1
Downloading: ncbi_dataset.zip    167MB done
Validating package files [==========================>---------------------]  57% 4/7
[1A[2K[1A[2K[1A[2KCollecting 1 genome record [================================================] 100% 1/1
Downloading: ncbi_dataset.zip    167MB done
Validating package files [==========================>---------------------]  57% 4/7
[1A[2K[1A[2K[1A[2KCollecting 1 genome record [================================================] 100% 1/1
Downloading: ncbi_dataset.zip    167MB valid data package
Validating package files [================================================] 100% 7/7
[INFO] Raw protein.faa contains 47014 sequences
[INFO] Step 2: agat longest-isoform filtering...
[INFO] After filtering: 24092 genes, 21536 mRNA features (should be ~1:1)
[INFO] Step 3: gffread translation...
[WARNING] gffread reported coordinate warnings or skipped invalid features (see gffread.log)
[INFO] Filtered protein set contains 0
0 sequences
[INFO] Step 4: basic stats...
[INFO] Step 5: BUSCO...
/rna/liha/miniconda3/envs/busco/bin/busco:25: SyntaxWarning: invalid escape sequence '\w'
  "cannot import name '(?P<module_name>[\w]+)", err.msg
2026-08-10 12:28:11 ERROR:	Please provide a protein file as input
2026-08-10 12:28:11 ERROR:	BUSCO analysis failed!
2026-08-10 12:28:11 ERROR:	Check the logs, read the user guide (https://busco.ezlab.org/busco_userguide.html), and check the BUSCO issue board on https://gitlab.com/ezlab/busco/issues

