[INFO] === taxid=7868 accession=GCF_018977255.1 ===
[INFO] Step 1: downloading assembly data...
New version of client (18.34.0) available at https://ftp.ncbi.nlm.nih.gov/pub/datasets/command-line/LATEST/linux-amd64/datasets.
Collecting 1 genome record [------------------------------------------------]   0% 0/1
[1A[2KCollecting 1 genome record [------------------------------------------------]   0% 0/1
[1A[2KCollecting 1 genome record [------------------------------------------------]   0% 0/1
[1A[2KCollecting 1 genome record [------------------------------------------------]   0% 0/1
[1A[2KCollecting 1 genome record [------------------------------------------------]   0% 0/1
[1A[2KCollecting 1 genome record [------------------------------------------------]   0% 0/1
[1A[2KCollecting 1 genome record [------------------------------------------------]   0% 0/1
[1A[2KCollecting 1 genome record [------------------------------------------------]   0% 0/1
[1A[2KCollecting 1 genome record [------------------------------------------------]   0% 0/1
[1A[2KCollecting 1 genome record [------------------------------------------------]   0% 0/1
[1A[2KCollecting 1 genome record [------------------------------------------------]   0% 0/1
[1A[2KCollecting 1 genome record [------------------------------------------------]   0% 0/1
[1A[2KCollecting 1 genome record [------------------------------------------------]   0% 0/1
[1A[2KCollecting 1 genome record [------------------------------------------------]   0% 0/1
[1A[2KCollecting 1 genome record [------------------------------------------------]   0% 0/1
[1A[2KCollecting 1 genome record [------------------------------------------------]   0% 0/1
[1A[2KCollecting 1 genome record [------------------------------------------------]   0% 0/1
[1A[2KCollecting 1 genome record [------------------------------------------------]   0% 0/1
[1A[2KCollecting 1 genome record [------------------------------------------------]   0% 0/1
[1A[2KCollecting 1 genome record [------------------------------------------------]   0% 0/1
[1A[2KCollecting 1 genome record [------------------------------------------------]   0% 0/1
[1A[2KCollecting 1 genome record [------------------------------------------------]   0% 0/1
[1A[2KCollecting 1 genome record [------------------------------------------------]   0% 0/1
[1A[2KCollecting 1 genome record [------------------------------------------------]   0% 0/1
[1A[2KCollecting 1 genome record [------------------------------------------------]   0% 0/1
[1A[2KCollecting 1 genome record [------------------------------------------------]   0% 0/1
[1A[2KCollecting 1 genome record [------------------------------------------------]   0% 0/1
[1A[2KCollecting 1 genome record [------------------------------------------------]   0% 0/1
[1A[2KCollecting 1 genome record [------------------------------------------------]   0% 0/1
[1A[2KCollecting 1 genome record [------------------------------------------------]   0% 0/1
[1A[2KCollecting 1 genome record [------------------------------------------------]   0% 0/1
[1A[2KCollecting 1 genome record [------------------------------------------------]   0% 0/1
[1A[2KCollecting 1 genome record [------------------------------------------------]   0% 0/1
[1A[2KCollecting 1 genome record [------------------------------------------------]   0% 0/1
[1A[2KCollecting 1 genome record [------------------------------------------------]   0% 0/1
[1A[2KCollecting 1 genome record [------------------------------------------------]   0% 0/1
[1A[2KCollecting 1 genome record [------------------------------------------------]   0% 0/1
[1A[2KCollecting 1 genome record [------------------------------------------------]   0% 0/1
[1A[2KCollecting 1 genome record [------------------------------------------------]   0% 0/1
[1A[2KCollecting 1 genome record [------------------------------------------------]   0% 0/1
[1A[2KCollecting 1 genome record [------------------------------------------------]   0% 0/1
[1A[2KCollecting 1 genome record [------------------------------------------------]   0% 0/1
[1A[2KCollecting 1 genome record [------------------------------------------------]   0% 0/1
[1A[2KCollecting 1 genome record [------------------------------------------------]   0% 0/1
[1A[2KCollecting 1 genome record [------------------------------------------------]   0% 0/1
[1A[2KCollecting 1 genome record [------------------------------------------------]   0% 0/1
[1A[2KCollecting 1 genome record [------------------------------------------------]   0% 0/1
[1A[2KCollecting 1 genome record [------------------------------------------------]   0% 0/1
[1A[2KCollecting 1 genome record [------------------------------------------------]   0% 0/1
[1A[2KCollecting 1 genome record [------------------------------------------------]   0% 0/1
[1A[2KCollecting 1 genome record [------------------------------------------------]   0% 0/1
[1A[2KCollecting 1 genome record [------------------------------------------------]   0% 0/1
[1A[2KCollecting 1 genome record [------------------------------------------------]   0% 0/1
[1A[2KCollecting 1 genome record [------------------------------------------------]   0% 0/1
[1A[2KCollecting 1 genome record [------------------------------------------------]   0% 0/1
[1A[2KCollecting 1 genome record [------------------------------------------------]   0% 0/1
[1A[2KCollecting 1 genome record [------------------------------------------------]   0% 0/1
[1A[2KCollecting 1 genome record [------------------------------------------------]   0% 0/1
[1A[2KCollecting 1 genome record [================================================] 100% 1/1
[1A[2KCollecting 1 genome record [================================================] 100% 1/1
[1A[2KCollecting 1 genome record [================================================] 100% 1/1
[1A[2KCollecting 1 genome record [================================================] 100% 1/1
[1A[2KCollecting 1 genome record [================================================] 100% 1/1
[1A[2KCollecting 1 genome record [================================================] 100% 1/1
[1A[2KCollecting 1 genome record [================================================] 100% 1/1
[1A[2KCollecting 1 genome record [================================================] 100% 1/1
[1A[2KCollecting 1 genome record [================================================] 100% 1/1
[1A[2KCollecting 1 genome record [================================================] 100% 1/1
[1A[2KCollecting 1 genome record [================================================] 100% 1/1
[1A[2KCollecting 1 genome record [================================================] 100% 1/1
[1A[2KCollecting 1 genome record [================================================] 100% 1/1
[1A[2KCollecting 1 genome record [================================================] 100% 1/1
[1A[2KCollecting 1 genome record [================================================] 100% 1/1
[1A[2KCollecting 1 genome record [================================================] 100% 1/1
[1A[2KCollecting 1 genome record [================================================] 100% 1/1
[1A[2KCollecting 1 genome record [================================================] 100% 1/1
[1A[2KCollecting 1 genome record [================================================] 100% 1/1
[1A[2KCollecting 1 genome record [================================================] 100% 1/1
[1A[2KCollecting 1 genome record [================================================] 100% 1/1
[1A[2KCollecting 1 genome record [================================================] 100% 1/1
[1A[2KCollecting 1 genome record [================================================] 100% 1/1
[1A[2KCollecting 1 genome record [================================================] 100% 1/1
[1A[2KCollecting 1 genome record [================================================] 100% 1/1
[1A[2KCollecting 1 genome record [================================================] 100% 1/1
[1A[2KCollecting 1 genome record [================================================] 100% 1/1
[1A[2KCollecting 1 genome record [================================================] 100% 1/1
[1A[2KCollecting 1 genome record [================================================] 100% 1/1
[1A[2KCollecting 1 genome record [================================================] 100% 1/1
[1A[2KCollecting 1 genome record [================================================] 100% 1/1
[1A[2KCollecting 1 genome record [================================================] 100% 1/1
[1A[2KCollecting 1 genome record [================================================] 100% 1/1
[1A[2KCollecting 1 genome record [================================================] 100% 1/1
[1A[2KCollecting 1 genome record [================================================] 100% 1/1
[1A[2KCollecting 1 genome record [================================================] 100% 1/1
[1A[2KCollecting 1 genome record [================================================] 100% 1/1
[1A[2KCollecting 1 genome record [================================================] 100% 1/1
[1A[2KCollecting 1 genome record [================================================] 100% 1/1
[1A[2KCollecting 1 genome record [================================================] 100% 1/1
[1A[2KCollecting 1 genome record [================================================] 100% 1/1
[1A[2KCollecting 1 genome record [================================================] 100% 1/1
[1A[2KCollecting 1 genome record [================================================] 100% 1/1
[1A[2KCollecting 1 genome record [================================================] 100% 1/1
[1A[2KCollecting 1 genome record [================================================] 100% 1/1
[1A[2KCollecting 1 genome record [================================================] 100% 1/1
[1A[2KCollecting 1 genome record [================================================] 100% 1/1
[1A[2KCollecting 1 genome record [================================================] 100% 1/1
[1A[2KCollecting 1 genome record [================================================] 100% 1/1
[1A[2KCollecting 1 genome record [================================================] 100% 1/1
[1A[2KCollecting 1 genome record [================================================] 100% 1/1
[1A[2KCollecting 1 genome record [================================================] 100% 1/1
[1A[2KCollecting 1 genome record [================================================] 100% 1/1
[1A[2KCollecting 1 genome record [================================================] 100% 1/1
[1A[2KCollecting 1 genome record [================================================] 100% 1/1
[1A[2KCollecting 1 genome record [================================================] 100% 1/1
[1A[2KCollecting 1 genome record [================================================] 100% 1/1
[1A[2KCollecting 1 genome record [================================================] 100% 1/1
[1A[2KCollecting 1 genome record [================================================] 100% 1/1
[1A[2KCollecting 1 genome record [================================================] 100% 1/1
[1A[2KCollecting 1 genome record [================================================] 100% 1/1
[1A[2KCollecting 1 genome record [================================================] 100% 1/1
[1A[2KCollecting 1 genome record [================================================] 100% 1/1
Downloading: ncbi_dataset.zip    847B 5.12MB/s
[1A[2K[1A[2KCollecting 1 genome record [================================================] 100% 1/1
Downloading: ncbi_dataset.zip    847B 5.12MB/s
[1A[2K[1A[2KCollecting 1 genome record [================================================] 100% 1/1
Downloading: ncbi_dataset.zip    847B 5.12MB/s
[1A[2K[1A[2KCollecting 1 genome record [================================================] 100% 1/1
Downloading: ncbi_dataset.zip    847B 5.12MB/s
[1A[2K[1A[2KCollecting 1 genome record [================================================] 100% 1/1
Downloading: ncbi_dataset.zip    847B 5.12MB/s
[1A[2K[1A[2KCollecting 1 genome record [================================================] 100% 1/1
Downloading: ncbi_dataset.zip    847B 5.12MB/s
[1A[2K[1A[2KCollecting 1 genome record [================================================] 100% 1/1
Downloading: ncbi_dataset.zip    2.86kB 47.9kB/s
[1A[2K[1A[2KCollecting 1 genome record [================================================] 100% 1/1
Downloading: ncbi_dataset.zip    2.86kB 47.9kB/s
[1A[2K[1A[2KCollecting 1 genome record [================================================] 100% 1/1
Downloading: ncbi_dataset.zip    2.86kB 47.9kB/s
[1A[2K[1A[2KCollecting 1 genome record [================================================] 100% 1/1
Downloading: ncbi_dataset.zip    2.86kB 47.9kB/s
[1A[2K[1A[2KCollecting 1 genome record [================================================] 100% 1/1
Downloading: ncbi_dataset.zip    2.86kB 47.9kB/s
[1A[2K[1A[2KCollecting 1 genome record [================================================] 100% 1/1
Downloading: ncbi_dataset.zip    2.86kB 47.9kB/s
[1A[2K[1A[2KCollecting 1 genome record [================================================] 100% 1/1
Downloading: ncbi_dataset.zip    2.86kB 47.9kB/s
[1A[2K[1A[2KCollecting 1 genome record [================================================] 100% 1/1
Downloading: ncbi_dataset.zip    2.86kB 47.9kB/s
[1A[2K[1A[2KCollecting 1 genome record [================================================] 100% 1/1
Downloading: ncbi_dataset.zip    2.86kB 47.9kB/s
[1A[2K[1A[2KCollecting 1 genome record [================================================] 100% 1/1
Downloading: ncbi_dataset.zip    2.86kB 47.9kB/s
[1A[2K[1A[2KCollecting 1 genome record [================================================] 100% 1/1
Downloading: ncbi_dataset.zip    2.86kB 47.9kB/s
[1A[2K[1A[2KCollecting 1 genome record [================================================] 100% 1/1
Downloading: ncbi_dataset.zip    2.86kB 47.9kB/s
[1A[2K[1A[2KCollecting 1 genome record [================================================] 100% 1/1
Downloading: ncbi_dataset.zip    17.2kB 92.5kB/s
[1A[2K[1A[2KCollecting 1 genome record [================================================] 100% 1/1
Downloading: ncbi_dataset.zip    17.2kB 92.5kB/s
[1A[2K[1A[2KCollecting 1 genome record [================================================] 100% 1/1
Downloading: ncbi_dataset.zip    17.2kB 92.5kB/s
[1A[2K[1A[2KCollecting 1 genome record [================================================] 100% 1/1
Downloading: ncbi_dataset.zip    17.2kB 92.5kB/s
[1A[2K[1A[2KCollecting 1 genome record [================================================] 100% 1/1
Downloading: ncbi_dataset.zip    17.2kB 92.5kB/s
[1A[2K[1A[2KCollecting 1 genome record [================================================] 100% 1/1
Downloading: ncbi_dataset.zip    17.2kB 92.5kB/s
[1A[2K[1A[2KCollecting 1 genome record [================================================] 100% 1/1
Downloading: ncbi_dataset.zip    17.2kB 92.5kB/s
[1A[2K[1A[2KCollecting 1 genome record [================================================] 100% 1/1
Downloading: ncbi_dataset.zip    17.2kB 92.5kB/s
[1A[2K[1A[2KCollecting 1 genome record [================================================] 100% 1/1
Downloading: ncbi_dataset.zip    17.2kB 92.5kB/s
[1A[2K[1A[2KCollecting 1 genome record [================================================] 100% 1/1
Downloading: ncbi_dataset.zip    17.2kB 92.5kB/s
[1A[2K[1A[2KCollecting 1 genome record [================================================] 100% 1/1
Downloading: ncbi_dataset.zip    17.2kB 92.5kB/s
[1A[2K[1A[2KCollecting 1 genome record [================================================] 100% 1/1
Downloading: ncbi_dataset.zip    17.2kB 92.5kB/s
[1A[2K[1A[2KCollecting 1 genome record [================================================] 100% 1/1
Downloading: ncbi_dataset.zip    17.2kB 92.5kB/s
[1A[2K[1A[2KCollecting 1 genome record [================================================] 100% 1/1
Downloading: ncbi_dataset.zip    17.2kB 92.5kB/s
[1A[2K[1A[2KCollecting 1 genome record [================================================] 100% 1/1
Downloading: ncbi_dataset.zip    17.2kB 92.5kB/s
[1A[2K[1A[2KCollecting 1 genome record [================================================] 100% 1/1
Downloading: ncbi_dataset.zip    17.2kB 92.5kB/s
[1A[2K[1A[2KCollecting 1 genome record [================================================] 100% 1/1
Downloading: ncbi_dataset.zip    17.2kB 92.5kB/s
[1A[2K[1A[2KCollecting 1 genome record [================================================] 100% 1/1
Downloading: ncbi_dataset.zip    32.8kB 91.9kB/s
[1A[2K[1A[2KCollecting 1 genome record [================================================] 100% 1/1
Downloading: ncbi_dataset.zip    32.8kB 91.9kB/s
[1A[2K[1A[2KCollecting 1 genome record [================================================] 100% 1/1
Downloading: ncbi_dataset.zip    32.8kB 91.9kB/s
[1A[2K[1A[2KCollecting 1 genome record [================================================] 100% 1/1
Downloading: ncbi_dataset.zip    32.8kB 91.9kB/s
[1A[2K[1A[2KCollecting 1 genome record [================================================] 100% 1/1
Downloading: ncbi_dataset.zip    65.5kB 162kB/s
[1A[2K[1A[2KCollecting 1 genome record [================================================] 100% 1/1
Downloading: ncbi_dataset.zip    65.5kB 162kB/s
[1A[2K[1A[2KCollecting 1 genome record [================================================] 100% 1/1
Downloading: ncbi_dataset.zip    65.5kB 162kB/s
[1A[2K[1A[2KCollecting 1 genome record [================================================] 100% 1/1
Downloading: ncbi_dataset.zip    65.5kB 162kB/s
[1A[2K[1A[2KCollecting 1 genome record [================================================] 100% 1/1
Downloading: ncbi_dataset.zip    65.5kB 162kB/s
[1A[2K[1A[2KCollecting 1 genome record [================================================] 100% 1/1
Downloading: ncbi_dataset.zip    65.5kB 162kB/s
[1A[2K[1A[2KCollecting 1 genome record [================================================] 100% 1/1
Downloading: ncbi_dataset.zip    65.5kB 162kB/s
[1A[2K[1A[2KCollecting 1 genome record [================================================] 100% 1/1
Downloading: ncbi_dataset.zip    65.5kB 162kB/s
[1A[2K[1A[2KCollecting 1 genome record [================================================] 100% 1/1
Downloading: ncbi_dataset.zip    65.5kB 162kB/s
[1A[2K[1A[2KCollecting 1 genome record [================================================] 100% 1/1
Downloading: ncbi_dataset.zip    65.5kB 162kB/s
[1A[2K[1A[2KCollecting 1 genome record [================================================] 100% 1/1
Downloading: ncbi_dataset.zip    65.5kB 162kB/s
[1A[2K[1A[2KCollecting 1 genome record [================================================] 100% 1/1
Downloading: ncbi_dataset.zip    65.5kB 162kB/s
[1A[2K[1A[2KCollecting 1 genome record [================================================] 100% 1/1
Downloading: ncbi_dataset.zip    65.5kB 162kB/s
[1A[2K[1A[2KCollecting 1 genome record [================================================] 100% 1/1
Downloading: ncbi_dataset.zip    131kB 245kB/s
[1A[2K[1A[2KCollecting 1 genome record [================================================] 100% 1/1
Downloading: ncbi_dataset.zip    131kB 245kB/s
[1A[2K[1A[2KCollecting 1 genome record [================================================] 100% 1/1
Downloading: ncbi_dataset.zip    131kB 245kB/s
[1A[2K[1A[2KCollecting 1 genome record [================================================] 100% 1/1
Downloading: ncbi_dataset.zip    131kB 245kB/s
[1A[2K[1A[2KCollecting 1 genome record [================================================] 100% 1/1
Downloading: ncbi_dataset.zip    164kB 284kB/s
[1A[2K[1A[2KCollecting 1 genome record [================================================] 100% 1/1
Downloading: ncbi_dataset.zip    164kB 284kB/s
[1A[2K[1A[2KCollecting 1 genome record [================================================] 100% 1/1
Downloading: ncbi_dataset.zip    164kB 284kB/s
[1A[2K[1A[2KCollecting 1 genome record [================================================] 100% 1/1
Downloading: ncbi_dataset.zip    164kB 284kB/s
[1A[2K[1A[2KCollecting 1 genome record [================================================] 100% 1/1
Downloading: ncbi_dataset.zip    164kB 284kB/s
[1A[2K[1A[2KCollecting 1 genome record [================================================] 100% 1/1
Downloading: ncbi_dataset.zip    164kB 284kB/s
[1A[2K[1A[2KCollecting 1 genome record [================================================] 100% 1/1
Downloading: ncbi_dataset.zip    164kB 284kB/s
[1A[2K[1A[2KCollecting 1 genome record [================================================] 100% 1/1
Downloading: ncbi_dataset.zip    164kB 284kB/s
[1A[2K[1A[2KCollecting 1 genome record [================================================] 100% 1/1
Downloading: ncbi_dataset.zip    164kB 284kB/s
[1A[2K[1A[2KCollecting 1 genome record [================================================] 100% 1/1
Downloading: ncbi_dataset.zip    164kB 284kB/s
[1A[2K[1A[2KCollecting 1 genome record [================================================] 100% 1/1
Downloading: ncbi_dataset.zip    164kB 284kB/s
[1A[2K[1A[2KCollecting 1 genome record [================================================] 100% 1/1
Downloading: ncbi_dataset.zip    164kB 284kB/s
[1A[2K[1A[2KCollecting 1 genome record [================================================] 100% 1/1
Downloading: ncbi_dataset.zip    229kB 326kB/s
[1A[2K[1A[2KCollecting 1 genome record [================================================] 100% 1/1
Downloading: ncbi_dataset.zip    295kB 415kB/s
[1A[2K[1A[2KCollecting 1 genome record [================================================] 100% 1/1
Downloading: ncbi_dataset.zip    295kB 415kB/s
[1A[2K[1A[2KCollecting 1 genome record [================================================] 100% 1/1
Downloading: ncbi_dataset.zip    295kB 415kB/s
[1A[2K[1A[2KCollecting 1 genome record [================================================] 100% 1/1
Downloading: ncbi_dataset.zip    295kB 415kB/s
[1A[2K[1A[2KCollecting 1 genome record [================================================] 100% 1/1
Downloading: ncbi_dataset.zip    360kB 481kB/s
[1A[2K[1A[2KCollecting 1 genome record [================================================] 100% 1/1
Downloading: ncbi_dataset.zip    360kB 481kB/s
[1A[2K[1A[2KCollecting 1 genome record [================================================] 100% 1/1
Downloading: ncbi_dataset.zip    360kB 481kB/s
[1A[2K[1A[2KCollecting 1 genome record [================================================] 100% 1/1
Downloading: ncbi_dataset.zip    360kB 481kB/s
[1A[2K[1A[2KCollecting 1 genome record [================================================] 100% 1/1
Downloading: ncbi_dataset.zip    360kB 481kB/s
[1A[2K[1A[2KCollecting 1 genome record [================================================] 100% 1/1
Downloading: ncbi_dataset.zip    360kB 481kB/s
[1A[2K[1A[2KCollecting 1 genome record [================================================] 100% 1/1
Downloading: ncbi_dataset.zip    360kB 481kB/s
[1A[2K[1A[2KCollecting 1 genome record [================================================] 100% 1/1
Downloading: ncbi_dataset.zip    360kB 481kB/s
[1A[2K[1A[2KCollecting 1 genome record [================================================] 100% 1/1
Downloading: ncbi_dataset.zip    360kB 481kB/s
[1A[2K[1A[2KCollecting 1 genome record [================================================] 100% 1/1
Downloading: ncbi_dataset.zip    360kB 481kB/s
[1A[2K[1A[2KCollecting 1 genome record [================================================] 100% 1/1
Downloading: ncbi_dataset.zip    360kB 481kB/s
[1A[2K[1A[2KCollecting 1 genome record [================================================] 100% 1/1
Downloading: ncbi_dataset.zip    393kB 454kB/s
[1A[2K[1A[2KCollecting 1 genome record [================================================] 100% 1/1
Downloading: ncbi_dataset.zip    524kB 596kB/s
[1A[2K[1A[2KCollecting 1 genome record [================================================] 100% 1/1
Downloading: ncbi_dataset.zip    590kB 668kB/s
[1A[2K[1A[2KCollecting 1 genome record [================================================] 100% 1/1
Downloading: ncbi_dataset.zip    623kB 697kB/s
[1A[2K[1A[2KCollecting 1 genome record [================================================] 100% 1/1
Downloading: ncbi_dataset.zip    623kB 697kB/s
[1A[2K[1A[2KCollecting 1 genome record [================================================] 100% 1/1
Downloading: ncbi_dataset.zip    754kB 817kB/s
[1A[2K[1A[2KCollecting 1 genome record [================================================] 100% 1/1
Downloading: ncbi_dataset.zip    754kB 817kB/s
[1A[2K[1A[2KCollecting 1 genome record [================================================] 100% 1/1
Downloading: ncbi_dataset.zip    754kB 817kB/s
[1A[2K[1A[2KCollecting 1 genome record [================================================] 100% 1/1
Downloading: ncbi_dataset.zip    754kB 817kB/s
[1A[2K[1A[2KCollecting 1 genome record [================================================] 100% 1/1
Downloading: ncbi_dataset.zip    754kB 817kB/s
[1A[2K[1A[2KCollecting 1 genome record [================================================] 100% 1/1
Downloading: ncbi_dataset.zip    754kB 817kB/s
[1A[2K[1A[2KCollecting 1 genome record [================================================] 100% 1/1
Downloading: ncbi_dataset.zip    754kB 817kB/s
[1A[2K[1A[2KCollecting 1 genome record [================================================] 100% 1/1
Downloading: ncbi_dataset.zip    754kB 817kB/s
[1A[2K[1A[2KCollecting 1 genome record [================================================] 100% 1/1
Downloading: ncbi_dataset.zip    754kB 817kB/s
[1A[2K[1A[2KCollecting 1 genome record [================================================] 100% 1/1
Downloading: ncbi_dataset.zip    754kB 817kB/s
[1A[2K[1A[2KCollecting 1 genome record [================================================] 100% 1/1
Downloading: ncbi_dataset.zip    754kB 817kB/s
[1A[2K[1A[2KCollecting 1 genome record [================================================] 100% 1/1
Downloading: ncbi_dataset.zip    754kB 817kB/s
[1A[2K[1A[2KCollecting 1 genome record [================================================] 100% 1/1
Downloading: ncbi_dataset.zip    918kB 877kB/s
[1A[2K[1A[2KCollecting 1 genome record [================================================] 100% 1/1
Downloading: ncbi_dataset.zip    1.08MB 1.02MB/s
[1A[2K[1A[2KCollecting 1 genome record [================================================] 100% 1/1
Downloading: ncbi_dataset.zip    1.25MB 1.17MB/s
[1A[2K[1A[2KCollecting 1 genome record [================================================] 100% 1/1
Downloading: ncbi_dataset.zip    1.28MB 1.2MB/s
[1A[2K[1A[2KCollecting 1 genome record [================================================] 100% 1/1
Downloading: ncbi_dataset.zip    1.28MB 1.2MB/s
[1A[2K[1A[2KCollecting 1 genome record [================================================] 100% 1/1
Downloading: ncbi_dataset.zip    1.57MB 1.43MB/s
[1A[2K[1A[2KCollecting 1 genome record [================================================] 100% 1/1
Downloading: ncbi_dataset.zip    1.57MB 1.43MB/s
[1A[2K[1A[2KCollecting 1 genome record [================================================] 100% 1/1
Downloading: ncbi_dataset.zip    1.57MB 1.43MB/s
[1A[2K[1A[2KCollecting 1 genome record [================================================] 100% 1/1
Downloading: ncbi_dataset.zip    1.57MB 1.43MB/s
[1A[2K[1A[2KCollecting 1 genome record [================================================] 100% 1/1
Downloading: ncbi_dataset.zip    1.57MB 1.43MB/s
[1A[2K[1A[2KCollecting 1 genome record [================================================] 100% 1/1
Downloading: ncbi_dataset.zip    1.57MB 1.43MB/s
[1A[2K[1A[2KCollecting 1 genome record [================================================] 100% 1/1
Downloading: ncbi_dataset.zip    1.57MB 1.43MB/s
[1A[2K[1A[2KCollecting 1 genome record [================================================] 100% 1/1
Downloading: ncbi_dataset.zip    1.57MB 1.43MB/s
[1A[2K[1A[2KCollecting 1 genome record [================================================] 100% 1/1
Downloading: ncbi_dataset.zip    1.57MB 1.43MB/s
[1A[2K[1A[2KCollecting 1 genome record [================================================] 100% 1/1
Downloading: ncbi_dataset.zip    1.57MB 1.43MB/s
[1A[2K[1A[2KCollecting 1 genome record [================================================] 100% 1/1
Downloading: ncbi_dataset.zip    1.57MB 1.43MB/s
[1A[2K[1A[2KCollecting 1 genome record [================================================] 100% 1/1
Downloading: ncbi_dataset.zip    1.57MB 1.43MB/s
[1A[2K[1A[2KCollecting 1 genome record [================================================] 100% 1/1
Downloading: ncbi_dataset.zip    1.8MB 1.48MB/s
[1A[2K[1A[2KCollecting 1 genome record [================================================] 100% 1/1
Downloading: ncbi_dataset.zip    2.23MB 1.81MB/s
[1A[2K[1A[2KCollecting 1 genome record [================================================] 100% 1/1
Downloading: ncbi_dataset.zip    2.26MB 1.82MB/s
[1A[2K[1A[2KCollecting 1 genome record [================================================] 100% 1/1
Downloading: ncbi_dataset.zip    2.62MB 2.11MB/s
[1A[2K[1A[2KCollecting 1 genome record [================================================] 100% 1/1
Downloading: ncbi_dataset.zip    2.62MB 2.11MB/s
[1A[2K[1A[2KCollecting 1 genome record [================================================] 100% 1/1
Downloading: ncbi_dataset.zip    3.18MB 2.5MB/s
[1A[2K[1A[2KCollecting 1 genome record [================================================] 100% 1/1
Downloading: ncbi_dataset.zip    3.18MB 2.5MB/s
[1A[2K[1A[2KCollecting 1 genome record [================================================] 100% 1/1
Downloading: ncbi_dataset.zip    3.18MB 2.5MB/s
[1A[2K[1A[2KCollecting 1 genome record [================================================] 100% 1/1
Downloading: ncbi_dataset.zip    3.18MB 2.5MB/s
[1A[2K[1A[2KCollecting 1 genome record [================================================] 100% 1/1
Downloading: ncbi_dataset.zip    3.18MB 2.5MB/s
[1A[2K[1A[2KCollecting 1 genome record [================================================] 100% 1/1
Downloading: ncbi_dataset.zip    3.18MB 2.5MB/s
[1A[2K[1A[2KCollecting 1 genome record [================================================] 100% 1/1
Downloading: ncbi_dataset.zip    3.18MB 2.5MB/s
[1A[2K[1A[2KCollecting 1 genome record [================================================] 100% 1/1
Downloading: ncbi_dataset.zip    3.18MB 2.5MB/s
[1A[2K[1A[2KCollecting 1 genome record [================================================] 100% 1/1
Downloading: ncbi_dataset.zip    3.18MB 2.5MB/s
[1A[2K[1A[2KCollecting 1 genome record [================================================] 100% 1/1
Downloading: ncbi_dataset.zip    3.18MB 2.5MB/s
[1A[2K[1A[2KCollecting 1 genome record [================================================] 100% 1/1
Downloading: ncbi_dataset.zip    3.18MB 2.5MB/s
[1A[2K[1A[2KCollecting 1 genome record [================================================] 100% 1/1
Downloading: ncbi_dataset.zip    3.34MB 2.41MB/s
[1A[2K[1A[2KCollecting 1 genome record [================================================] 100% 1/1
Downloading: ncbi_dataset.zip    3.77MB 2.7MB/s
[1A[2K[1A[2KCollecting 1 genome record [================================================] 100% 1/1
Downloading: ncbi_dataset.zip    4.16MB 2.96MB/s
[1A[2K[1A[2KCollecting 1 genome record [================================================] 100% 1/1
Downloading: ncbi_dataset.zip    4.42MB 3.13MB/s
[1A[2K[1A[2KCollecting 1 genome record [================================================] 100% 1/1
Downloading: ncbi_dataset.zip    4.78MB 3.35MB/s
[1A[2K[1A[2KCollecting 1 genome record [================================================] 100% 1/1
Downloading: ncbi_dataset.zip    5.31MB 3.7MB/s
[1A[2K[1A[2KCollecting 1 genome record [================================================] 100% 1/1
Downloading: ncbi_dataset.zip    6.03MB 4.17MB/s
[1A[2K[1A[2KCollecting 1 genome record [================================================] 100% 1/1
Downloading: ncbi_dataset.zip    6.39MB 4.4MB/s
[1A[2K[1A[2KCollecting 1 genome record [================================================] 100% 1/1
Downloading: ncbi_dataset.zip    6.39MB 4.4MB/s
[1A[2K[1A[2KCollecting 1 genome record [================================================] 100% 1/1
Downloading: ncbi_dataset.zip    6.39MB 4.4MB/s
[1A[2K[1A[2KCollecting 1 genome record [================================================] 100% 1/1
Downloading: ncbi_dataset.zip    6.39MB 4.4MB/s
[1A[2K[1A[2KCollecting 1 genome record [================================================] 100% 1/1
Downloading: ncbi_dataset.zip    6.39MB 4.4MB/s
[1A[2K[1A[2KCollecting 1 genome record [================================================] 100% 1/1
Downloading: ncbi_dataset.zip    6.39MB 4.4MB/s
[1A[2K[1A[2KCollecting 1 genome record [================================================] 100% 1/1
Downloading: ncbi_dataset.zip    6.39MB 4.4MB/s
[1A[2K[1A[2KCollecting 1 genome record [================================================] 100% 1/1
Downloading: ncbi_dataset.zip    6.39MB 4.4MB/s
[1A[2K[1A[2KCollecting 1 genome record [================================================] 100% 1/1
Downloading: ncbi_dataset.zip    6.39MB 4.4MB/s
[1A[2K[1A[2KCollecting 1 genome record [================================================] 100% 1/1
Downloading: ncbi_dataset.zip    6.39MB 4.4MB/s
[1A[2K[1A[2KCollecting 1 genome record [================================================] 100% 1/1
Downloading: ncbi_dataset.zip    6.91MB 4.43MB/s
[1A[2K[1A[2KCollecting 1 genome record [================================================] 100% 1/1
Downloading: ncbi_dataset.zip    7.21MB 4.61MB/s
[1A[2K[1A[2KCollecting 1 genome record [================================================] 100% 1/1
Downloading: ncbi_dataset.zip    8.36MB 5.28MB/s
[1A[2K[1A[2KCollecting 1 genome record [================================================] 100% 1/1
Downloading: ncbi_dataset.zip    8.95MB 5.62MB/s
[1A[2K[1A[2KCollecting 1 genome record [================================================] 100% 1/1
Downloading: ncbi_dataset.zip    9.24MB 5.79MB/s
[1A[2K[1A[2KCollecting 1 genome record [================================================] 100% 1/1
Downloading: ncbi_dataset.zip    9.83MB 6.09MB/s
[1A[2K[1A[2KCollecting 1 genome record [================================================] 100% 1/1
Downloading: ncbi_dataset.zip    10.4MB 6.39MB/s
[1A[2K[1A[2KCollecting 1 genome record [================================================] 100% 1/1
Downloading: ncbi_dataset.zip    10.4MB 6.39MB/s
[1A[2K[1A[2KCollecting 1 genome record [================================================] 100% 1/1
Downloading: ncbi_dataset.zip    10.4MB 6.39MB/s
[1A[2K[1A[2KCollecting 1 genome record [================================================] 100% 1/1
Downloading: ncbi_dataset.zip    10.4MB 6.39MB/s
[1A[2K[1A[2KCollecting 1 genome record [================================================] 100% 1/1
Downloading: ncbi_dataset.zip    10.4MB 6.39MB/s
[1A[2K[1A[2KCollecting 1 genome record [================================================] 100% 1/1
Downloading: ncbi_dataset.zip    10.4MB 6.39MB/s
[1A[2K[1A[2KCollecting 1 genome record [================================================] 100% 1/1
Downloading: ncbi_dataset.zip    10.4MB 6.39MB/s
[1A[2K[1A[2KCollecting 1 genome record [================================================] 100% 1/1
Downloading: ncbi_dataset.zip    10.4MB 6.39MB/s
[1A[2K[1A[2KCollecting 1 genome record [================================================] 100% 1/1
Downloading: ncbi_dataset.zip    10.4MB 6.39MB/s
[1A[2K[1A[2KCollecting 1 genome record [================================================] 100% 1/1
Downloading: ncbi_dataset.zip    10.4MB 6.39MB/s
[1A[2K[1A[2KCollecting 1 genome record [================================================] 100% 1/1
Downloading: ncbi_dataset.zip    10.5MB 6.06MB/s
[1A[2K[1A[2KCollecting 1 genome record [================================================] 100% 1/1
Downloading: ncbi_dataset.zip    11.1MB 6.4MB/s
[1A[2K[1A[2KCollecting 1 genome record [================================================] 100% 1/1
Downloading: ncbi_dataset.zip    11.9MB 6.81MB/s
[1A[2K[1A[2KCollecting 1 genome record [================================================] 100% 1/1
Downloading: ncbi_dataset.zip    12.6MB 7.16MB/s
[1A[2K[1A[2KCollecting 1 genome record [================================================] 100% 1/1
Downloading: ncbi_dataset.zip    12.9MB 7.33MB/s
[1A[2K[1A[2KCollecting 1 genome record [================================================] 100% 1/1
Downloading: ncbi_dataset.zip    13MB 7.3MB/s
[1A[2K[1A[2KCollecting 1 genome record [================================================] 100% 1/1
Downloading: ncbi_dataset.zip    13.7MB 7.66MB/s
[1A[2K[1A[2KCollecting 1 genome record [================================================] 100% 1/1
Downloading: ncbi_dataset.zip    14.1MB 7.84MB/s
[1A[2K[1A[2KCollecting 1 genome record [================================================] 100% 1/1
Downloading: ncbi_dataset.zip    14.1MB 7.84MB/s
[1A[2K[1A[2KCollecting 1 genome record [================================================] 100% 1/1
Downloading: ncbi_dataset.zip    14.1MB 7.84MB/s
[1A[2K[1A[2KCollecting 1 genome record [================================================] 100% 1/1
Downloading: ncbi_dataset.zip    14.1MB 7.84MB/s
[1A[2K[1A[2KCollecting 1 genome record [================================================] 100% 1/1
Downloading: ncbi_dataset.zip    14.1MB 7.84MB/s
[1A[2K[1A[2KCollecting 1 genome record [================================================] 100% 1/1
Downloading: ncbi_dataset.zip    14.1MB 7.84MB/s
[1A[2K[1A[2KCollecting 1 genome record [================================================] 100% 1/1
Downloading: ncbi_dataset.zip    14.1MB 7.84MB/s
[1A[2K[1A[2KCollecting 1 genome record [================================================] 100% 1/1
Downloading: ncbi_dataset.zip    14.1MB 7.84MB/s
[1A[2K[1A[2KCollecting 1 genome record [================================================] 100% 1/1
Downloading: ncbi_dataset.zip    14.1MB 7.84MB/s
[1A[2K[1A[2KCollecting 1 genome record [================================================] 100% 1/1
Downloading: ncbi_dataset.zip    14.1MB 7.84MB/s
[1A[2K[1A[2KCollecting 1 genome record [================================================] 100% 1/1
Downloading: ncbi_dataset.zip    14.4MB 7.57MB/s
[1A[2K[1A[2KCollecting 1 genome record [================================================] 100% 1/1
Downloading: ncbi_dataset.zip    15.2MB 7.95MB/s
[1A[2K[1A[2KCollecting 1 genome record [================================================] 100% 1/1
Downloading: ncbi_dataset.zip    15.3MB 8.02MB/s
[1A[2K[1A[2KCollecting 1 genome record [================================================] 100% 1/1
Downloading: ncbi_dataset.zip    16.7MB 8.67MB/s
[1A[2K[1A[2KCollecting 1 genome record [================================================] 100% 1/1
Downloading: ncbi_dataset.zip    16.7MB 8.67MB/s
[1A[2K[1A[2KCollecting 1 genome record [================================================] 100% 1/1
Downloading: ncbi_dataset.zip    17.1MB 8.74MB/s
[1A[2K[1A[2KCollecting 1 genome record [================================================] 100% 1/1
Downloading: ncbi_dataset.zip    17.9MB 9.11MB/s
[1A[2K[1A[2KCollecting 1 genome record [================================================] 100% 1/1
Downloading: ncbi_dataset.zip    18MB 9.15MB/s
[1A[2K[1A[2KCollecting 1 genome record [================================================] 100% 1/1
Downloading: ncbi_dataset.zip    18MB 9.15MB/s
[1A[2K[1A[2KCollecting 1 genome record [================================================] 100% 1/1
Downloading: ncbi_dataset.zip    18MB 9.15MB/s
[1A[2K[1A[2KCollecting 1 genome record [================================================] 100% 1/1
Downloading: ncbi_dataset.zip    18MB 9.15MB/s
[1A[2K[1A[2KCollecting 1 genome record [================================================] 100% 1/1
Downloading: ncbi_dataset.zip    18MB 9.15MB/s
[1A[2K[1A[2KCollecting 1 genome record [================================================] 100% 1/1
Downloading: ncbi_dataset.zip    18MB 9.15MB/s
[1A[2K[1A[2KCollecting 1 genome record [================================================] 100% 1/1
Downloading: ncbi_dataset.zip    18MB 9.15MB/s
[1A[2K[1A[2KCollecting 1 genome record [================================================] 100% 1/1
Downloading: ncbi_dataset.zip    18MB 9.15MB/s
[1A[2K[1A[2KCollecting 1 genome record [================================================] 100% 1/1
Downloading: ncbi_dataset.zip    18MB 9.15MB/s
[1A[2K[1A[2KCollecting 1 genome record [================================================] 100% 1/1
Downloading: ncbi_dataset.zip    18MB 9.15MB/s
[1A[2K[1A[2KCollecting 1 genome record [================================================] 100% 1/1
Downloading: ncbi_dataset.zip    18.1MB 8.71MB/s
[1A[2K[1A[2KCollecting 1 genome record [================================================] 100% 1/1
Downloading: ncbi_dataset.zip    18.7MB 8.95MB/s
[1A[2K[1A[2KCollecting 1 genome record [================================================] 100% 1/1
Downloading: ncbi_dataset.zip    19.4MB 9.25MB/s
[1A[2K[1A[2KCollecting 1 genome record [================================================] 100% 1/1
Downloading: ncbi_dataset.zip    20.1MB 9.55MB/s
[1A[2K[1A[2KCollecting 1 genome record [================================================] 100% 1/1
Downloading: ncbi_dataset.zip    20.4MB 9.67MB/s
[1A[2K[1A[2KCollecting 1 genome record [================================================] 100% 1/1
Downloading: ncbi_dataset.zip    20.9MB 9.83MB/s
[1A[2K[1A[2KCollecting 1 genome record [================================================] 100% 1/1
Downloading: ncbi_dataset.zip    21.5MB 10.1MB/s
[1A[2K[1A[2KCollecting 1 genome record [================================================] 100% 1/1
Downloading: ncbi_dataset.zip    21.9MB 10.2MB/s
[1A[2K[1A[2KCollecting 1 genome record [================================================] 100% 1/1
Downloading: ncbi_dataset.zip    21.9MB 10.2MB/s
[1A[2K[1A[2KCollecting 1 genome record [================================================] 100% 1/1
Downloading: ncbi_dataset.zip    21.9MB 10.2MB/s
[1A[2K[1A[2KCollecting 1 genome record [================================================] 100% 1/1
Downloading: ncbi_dataset.zip    21.9MB 10.2MB/s
[1A[2K[1A[2KCollecting 1 genome record [================================================] 100% 1/1
Downloading: ncbi_dataset.zip    21.9MB 10.2MB/s
[1A[2K[1A[2KCollecting 1 genome record [================================================] 100% 1/1
Downloading: ncbi_dataset.zip    21.9MB 10.2MB/s
[1A[2K[1A[2KCollecting 1 genome record [================================================] 100% 1/1
Downloading: ncbi_dataset.zip    21.9MB 10.2MB/s
[1A[2K[1A[2KCollecting 1 genome record [================================================] 100% 1/1
Downloading: ncbi_dataset.zip    21.9MB 10.2MB/s
[1A[2K[1A[2KCollecting 1 genome record [================================================] 100% 1/1
Downloading: ncbi_dataset.zip    21.9MB 10.2MB/s
[1A[2K[1A[2KCollecting 1 genome record [================================================] 100% 1/1
Downloading: ncbi_dataset.zip    22MB 9.8MB/s
[1A[2K[1A[2KCollecting 1 genome record [================================================] 100% 1/1
Downloading: ncbi_dataset.zip    22MB 9.81MB/s
[1A[2K[1A[2KCollecting 1 genome record [================================================] 100% 1/1
Downloading: ncbi_dataset.zip    22.3MB 9.88MB/s
[1A[2K[1A[2KCollecting 1 genome record [================================================] 100% 1/1
Downloading: ncbi_dataset.zip    23.2MB 10.2MB/s
[1A[2K[1A[2KCollecting 1 genome record [================================================] 100% 1/1
Downloading: ncbi_dataset.zip    23.4MB 10.3MB/s
[1A[2K[1A[2KCollecting 1 genome record [================================================] 100% 1/1
Downloading: ncbi_dataset.zip    24.4MB 10.6MB/s
[1A[2K[1A[2KCollecting 1 genome record [================================================] 100% 1/1
Downloading: ncbi_dataset.zip    25MB 10.9MB/s
[1A[2K[1A[2KCollecting 1 genome record [================================================] 100% 1/1
Downloading: ncbi_dataset.zip    25.7MB 11.1MB/s
[1A[2K[1A[2KCollecting 1 genome record [================================================] 100% 1/1
Downloading: ncbi_dataset.zip    25.9MB 11.2MB/s
[1A[2K[1A[2KCollecting 1 genome record [================================================] 100% 1/1
Downloading: ncbi_dataset.zip    25.9MB 11.2MB/s
[1A[2K[1A[2KCollecting 1 genome record [================================================] 100% 1/1
Downloading: ncbi_dataset.zip    25.9MB 11.2MB/s
[1A[2K[1A[2KCollecting 1 genome record [================================================] 100% 1/1
Downloading: ncbi_dataset.zip    25.9MB 11.2MB/s
[1A[2K[1A[2KCollecting 1 genome record [================================================] 100% 1/1
Downloading: ncbi_dataset.zip    25.9MB 11.2MB/s
[1A[2K[1A[2KCollecting 1 genome record [================================================] 100% 1/1
Downloading: ncbi_dataset.zip    25.9MB 11.2MB/s
[1A[2K[1A[2KCollecting 1 genome record [================================================] 100% 1/1
Downloading: ncbi_dataset.zip    25.9MB 11.2MB/s
[1A[2K[1A[2KCollecting 1 genome record [================================================] 100% 1/1
Downloading: ncbi_dataset.zip    25.9MB 11.2MB/s
[1A[2K[1A[2KCollecting 1 genome record [================================================] 100% 1/1
Downloading: ncbi_dataset.zip    25.9MB 11.2MB/s
[1A[2K[1A[2KCollecting 1 genome record [================================================] 100% 1/1
Downloading: ncbi_dataset.zip    26.1MB 10.8MB/s
[1A[2K[1A[2KCollecting 1 genome record [================================================] 100% 1/1
Downloading: ncbi_dataset.zip    26.5MB 10.9MB/s
[1A[2K[1A[2KCollecting 1 genome record [================================================] 100% 1/1
Downloading: ncbi_dataset.zip    26.6MB 11MB/s
[1A[2K[1A[2KCollecting 1 genome record [================================================] 100% 1/1
Downloading: ncbi_dataset.zip    27.2MB 11.1MB/s
[1A[2K[1A[2KCollecting 1 genome record [================================================] 100% 1/1
Downloading: ncbi_dataset.zip    28.1MB 11.5MB/s
[1A[2K[1A[2KCollecting 1 genome record [================================================] 100% 1/1
Downloading: ncbi_dataset.zip    28.4MB 11.5MB/s
[1A[2K[1A[2KCollecting 1 genome record [================================================] 100% 1/1
Downloading: ncbi_dataset.zip    28.8MB 11.6MB/s
[1A[2K[1A[2KCollecting 1 genome record [================================================] 100% 1/1
Downloading: ncbi_dataset.zip    29.4MB 11.8MB/s
[1A[2K[1A[2KCollecting 1 genome record [================================================] 100% 1/1
Downloading: ncbi_dataset.zip    29.8MB 11.9MB/s
[1A[2K[1A[2KCollecting 1 genome record [================================================] 100% 1/1
Downloading: ncbi_dataset.zip    29.8MB 11.9MB/s
[1A[2K[1A[2KCollecting 1 genome record [================================================] 100% 1/1
Downloading: ncbi_dataset.zip    29.8MB 11.9MB/s
[1A[2K[1A[2KCollecting 1 genome record [================================================] 100% 1/1
Downloading: ncbi_dataset.zip    29.8MB 11.9MB/s
[1A[2K[1A[2KCollecting 1 genome record [================================================] 100% 1/1
Downloading: ncbi_dataset.zip    29.8MB 11.9MB/s
[1A[2K[1A[2KCollecting 1 genome record [================================================] 100% 1/1
Downloading: ncbi_dataset.zip    29.8MB 11.9MB/s
[1A[2K[1A[2KCollecting 1 genome record [================================================] 100% 1/1
Downloading: ncbi_dataset.zip    29.8MB 11.9MB/s
[1A[2K[1A[2KCollecting 1 genome record [================================================] 100% 1/1
Downloading: ncbi_dataset.zip    29.8MB 11.9MB/s
[1A[2K[1A[2KCollecting 1 genome record [================================================] 100% 1/1
Downloading: ncbi_dataset.zip    29.8MB 11.9MB/s
[1A[2K[1A[2KCollecting 1 genome record [================================================] 100% 1/1
Downloading: ncbi_dataset.zip    30.1MB 11.6MB/s
[1A[2K[1A[2KCollecting 1 genome record [================================================] 100% 1/1
Downloading: ncbi_dataset.zip    30.6MB 11.8MB/s
[1A[2K[1A[2KCollecting 1 genome record [================================================] 100% 1/1
Downloading: ncbi_dataset.zip    31MB 11.9MB/s
[1A[2K[1A[2KCollecting 1 genome record [================================================] 100% 1/1
Downloading: ncbi_dataset.zip    31.6MB 12MB/s
[1A[2K[1A[2KCollecting 1 genome record [================================================] 100% 1/1
Downloading: ncbi_dataset.zip    32.1MB 12.2MB/s
[1A[2K[1A[2KCollecting 1 genome record [================================================] 100% 1/1
Downloading: ncbi_dataset.zip    32.4MB 12.3MB/s
[1A[2K[1A[2KCollecting 1 genome record [================================================] 100% 1/1
Downloading: ncbi_dataset.zip    33MB 12.5MB/s
[1A[2K[1A[2KCollecting 1 genome record [================================================] 100% 1/1
Downloading: ncbi_dataset.zip    33.5MB 12.6MB/s
[1A[2K[1A[2KCollecting 1 genome record [================================================] 100% 1/1
Downloading: ncbi_dataset.zip    33.8MB 12.7MB/s
[1A[2K[1A[2KCollecting 1 genome record [================================================] 100% 1/1
Downloading: ncbi_dataset.zip    33.8MB 12.7MB/s
[1A[2K[1A[2KCollecting 1 genome record [================================================] 100% 1/1
Downloading: ncbi_dataset.zip    33.8MB 12.7MB/s
[1A[2K[1A[2KCollecting 1 genome record [================================================] 100% 1/1
Downloading: ncbi_dataset.zip    33.8MB 12.7MB/s
[1A[2K[1A[2KCollecting 1 genome record [================================================] 100% 1/1
Downloading: ncbi_dataset.zip    33.8MB 12.7MB/s
[1A[2K[1A[2KCollecting 1 genome record [================================================] 100% 1/1
Downloading: ncbi_dataset.zip    33.8MB 12.7MB/s
[1A[2K[1A[2KCollecting 1 genome record [================================================] 100% 1/1
Downloading: ncbi_dataset.zip    33.8MB 12.7MB/s
[1A[2K[1A[2KCollecting 1 genome record [================================================] 100% 1/1
Downloading: ncbi_dataset.zip    33.8MB 12.7MB/s
[1A[2K[1A[2KCollecting 1 genome record [================================================] 100% 1/1
Downloading: ncbi_dataset.zip    33.8MB 12.7MB/s
[1A[2K[1A[2KCollecting 1 genome record [================================================] 100% 1/1
Downloading: ncbi_dataset.zip    34.2MB 12.4MB/s
[1A[2K[1A[2KCollecting 1 genome record [================================================] 100% 1/1
Downloading: ncbi_dataset.zip    34.7MB 12.5MB/s
[1A[2K[1A[2KCollecting 1 genome record [================================================] 100% 1/1
Downloading: ncbi_dataset.zip    35.2MB 12.6MB/s
[1A[2K[1A[2KCollecting 1 genome record [================================================] 100% 1/1
Downloading: ncbi_dataset.zip    36MB 12.9MB/s
[1A[2K[1A[2KCollecting 1 genome record [================================================] 100% 1/1
Downloading: ncbi_dataset.zip    36MB 12.9MB/s
[1A[2K[1A[2KCollecting 1 genome record [================================================] 100% 1/1
Downloading: ncbi_dataset.zip    36.5MB 12.9MB/s
[1A[2K[1A[2KCollecting 1 genome record [================================================] 100% 1/1
Downloading: ncbi_dataset.zip    37.1MB 13.1MB/s
[1A[2K[1A[2KCollecting 1 genome record [================================================] 100% 1/1
Downloading: ncbi_dataset.zip    37.5MB 13.2MB/s
[1A[2K[1A[2KCollecting 1 genome record [================================================] 100% 1/1
Downloading: ncbi_dataset.zip    37.7MB 13.3MB/s
[1A[2K[1A[2KCollecting 1 genome record [================================================] 100% 1/1
Downloading: ncbi_dataset.zip    37.7MB 13.3MB/s
[1A[2K[1A[2KCollecting 1 genome record [================================================] 100% 1/1
Downloading: ncbi_dataset.zip    37.7MB 13.3MB/s
[1A[2K[1A[2KCollecting 1 genome record [================================================] 100% 1/1
Downloading: ncbi_dataset.zip    37.7MB 13.3MB/s
[1A[2K[1A[2KCollecting 1 genome record [================================================] 100% 1/1
Downloading: ncbi_dataset.zip    37.7MB 13.3MB/s
[1A[2K[1A[2KCollecting 1 genome record [================================================] 100% 1/1
Downloading: ncbi_dataset.zip    37.7MB 13.3MB/s
[1A[2K[1A[2KCollecting 1 genome record [================================================] 100% 1/1
Downloading: ncbi_dataset.zip    37.7MB 13.3MB/s
[1A[2K[1A[2KCollecting 1 genome record [================================================] 100% 1/1
Downloading: ncbi_dataset.zip    37.7MB 13.3MB/s
[1A[2K[1A[2KCollecting 1 genome record [================================================] 100% 1/1
Downloading: ncbi_dataset.zip    37.7MB 12.9MB/s
[1A[2K[1A[2KCollecting 1 genome record [================================================] 100% 1/1
Downloading: ncbi_dataset.zip    38.2MB 13MB/s
[1A[2K[1A[2KCollecting 1 genome record [================================================] 100% 1/1
Downloading: ncbi_dataset.zip    38.8MB 13.2MB/s
[1A[2K[1A[2KCollecting 1 genome record [================================================] 100% 1/1
Downloading: ncbi_dataset.zip    39.3MB 13.3MB/s
[1A[2K[1A[2KCollecting 1 genome record [================================================] 100% 1/1
Downloading: ncbi_dataset.zip    39.9MB 13.5MB/s
[1A[2K[1A[2KCollecting 1 genome record [================================================] 100% 1/1
Downloading: ncbi_dataset.zip    39.9MB 13.5MB/s
[1A[2K[1A[2KCollecting 1 genome record [================================================] 100% 1/1
Downloading: ncbi_dataset.zip    40.5MB 13.6MB/s
[1A[2K[1A[2KCollecting 1 genome record [================================================] 100% 1/1
Downloading: ncbi_dataset.zip    41.2MB 13.7MB/s
[1A[2K[1A[2KCollecting 1 genome record [================================================] 100% 1/1
Downloading: ncbi_dataset.zip    41.7MB 13.9MB/s
[1A[2K[1A[2KCollecting 1 genome record [================================================] 100% 1/1
Downloading: ncbi_dataset.zip    41.7MB 13.9MB/s
[1A[2K[1A[2KCollecting 1 genome record [================================================] 100% 1/1
Downloading: ncbi_dataset.zip    41.7MB 13.9MB/s
[1A[2K[1A[2KCollecting 1 genome record [================================================] 100% 1/1
Downloading: ncbi_dataset.zip    41.7MB 13.9MB/s
[1A[2K[1A[2KCollecting 1 genome record [================================================] 100% 1/1
Downloading: ncbi_dataset.zip    41.7MB 13.9MB/s
[1A[2K[1A[2KCollecting 1 genome record [================================================] 100% 1/1
Downloading: ncbi_dataset.zip    41.7MB 13.9MB/s
[1A[2K[1A[2KCollecting 1 genome record [================================================] 100% 1/1
Downloading: ncbi_dataset.zip    41.7MB 13.9MB/s
[1A[2K[1A[2KCollecting 1 genome record [================================================] 100% 1/1
Downloading: ncbi_dataset.zip    41.7MB 13.9MB/s
[1A[2K[1A[2KCollecting 1 genome record [================================================] 100% 1/1
Downloading: ncbi_dataset.zip    41.7MB 13.9MB/s
[1A[2K[1A[2KCollecting 1 genome record [================================================] 100% 1/1
Downloading: ncbi_dataset.zip    41.8MB 13.5MB/s
[1A[2K[1A[2KCollecting 1 genome record [================================================] 100% 1/1
Downloading: ncbi_dataset.zip    42.2MB 13.6MB/s
[1A[2K[1A[2KCollecting 1 genome record [================================================] 100% 1/1
Downloading: ncbi_dataset.zip    42.6MB 13.7MB/s
[1A[2K[1A[2KCollecting 1 genome record [================================================] 100% 1/1
Downloading: ncbi_dataset.zip    42.6MB 13.7MB/s
[1A[2K[1A[2KCollecting 1 genome record [================================================] 100% 1/1
Downloading: ncbi_dataset.zip    43.4MB 13.8MB/s
[1A[2K[1A[2KCollecting 1 genome record [================================================] 100% 1/1
Downloading: ncbi_dataset.zip    44.2MB 14MB/s
[1A[2K[1A[2KCollecting 1 genome record [================================================] 100% 1/1
Downloading: ncbi_dataset.zip    44.9MB 14.2MB/s
[1A[2K[1A[2KCollecting 1 genome record [================================================] 100% 1/1
Downloading: ncbi_dataset.zip    45.4MB 14.3MB/s
[1A[2K[1A[2KCollecting 1 genome record [================================================] 100% 1/1
Downloading: ncbi_dataset.zip    45.6MB 14.3MB/s
[1A[2K[1A[2KCollecting 1 genome record [================================================] 100% 1/1
Downloading: ncbi_dataset.zip    45.6MB 14.3MB/s
[1A[2K[1A[2KCollecting 1 genome record [================================================] 100% 1/1
Downloading: ncbi_dataset.zip    45.6MB 14.3MB/s
[1A[2K[1A[2KCollecting 1 genome record [================================================] 100% 1/1
Downloading: ncbi_dataset.zip    45.6MB 14.3MB/s
[1A[2K[1A[2KCollecting 1 genome record [================================================] 100% 1/1
Downloading: ncbi_dataset.zip    45.6MB 14.3MB/s
[1A[2K[1A[2KCollecting 1 genome record [================================================] 100% 1/1
Downloading: ncbi_dataset.zip    45.6MB 14.3MB/s
[1A[2K[1A[2KCollecting 1 genome record [================================================] 100% 1/1
Downloading: ncbi_dataset.zip    45.6MB 14.3MB/s
[1A[2K[1A[2KCollecting 1 genome record [================================================] 100% 1/1
Downloading: ncbi_dataset.zip    45.6MB 14.3MB/s
[1A[2K[1A[2KCollecting 1 genome record [================================================] 100% 1/1
Downloading: ncbi_dataset.zip    45.6MB 14.3MB/s
[1A[2K[1A[2KCollecting 1 genome record [================================================] 100% 1/1
Downloading: ncbi_dataset.zip    46MB 14MB/s
[1A[2K[1A[2KCollecting 1 genome record [================================================] 100% 1/1
Downloading: ncbi_dataset.zip    46.3MB 14.1MB/s
[1A[2K[1A[2KCollecting 1 genome record [================================================] 100% 1/1
Downloading: ncbi_dataset.zip    47.3MB 14.3MB/s
[1A[2K[1A[2KCollecting 1 genome record [================================================] 100% 1/1
Downloading: ncbi_dataset.zip    47.9MB 14.5MB/s
[1A[2K[1A[2KCollecting 1 genome record [================================================] 100% 1/1
Downloading: ncbi_dataset.zip    47.9MB 14.5MB/s
[1A[2K[1A[2KCollecting 1 genome record [================================================] 100% 1/1
Downloading: ncbi_dataset.zip    48.1MB 14.5MB/s
[1A[2K[1A[2KCollecting 1 genome record [================================================] 100% 1/1
Downloading: ncbi_dataset.zip    48.1MB 14.5MB/s
[1A[2K[1A[2KCollecting 1 genome record [================================================] 100% 1/1
Downloading: ncbi_dataset.zip    49.5MB 14.8MB/s
[1A[2K[1A[2KCollecting 1 genome record [================================================] 100% 1/1
Downloading: ncbi_dataset.zip    49.5MB 14.8MB/s
[1A[2K[1A[2KCollecting 1 genome record [================================================] 100% 1/1
Downloading: ncbi_dataset.zip    49.5MB 14.8MB/s
[1A[2K[1A[2KCollecting 1 genome record [================================================] 100% 1/1
Downloading: ncbi_dataset.zip    49.5MB 14.8MB/s
[1A[2K[1A[2KCollecting 1 genome record [================================================] 100% 1/1
Downloading: ncbi_dataset.zip    49.5MB 14.8MB/s
[1A[2K[1A[2KCollecting 1 genome record [================================================] 100% 1/1
Downloading: ncbi_dataset.zip    49.5MB 14.8MB/s
[1A[2K[1A[2KCollecting 1 genome record [================================================] 100% 1/1
Downloading: ncbi_dataset.zip    49.5MB 14.8MB/s
[1A[2K[1A[2KCollecting 1 genome record [================================================] 100% 1/1
Downloading: ncbi_dataset.zip    49.5MB 14.8MB/s
[1A[2K[1A[2KCollecting 1 genome record [================================================] 100% 1/1
Downloading: ncbi_dataset.zip    49.5MB 14.8MB/s
[1A[2K[1A[2KCollecting 1 genome record [================================================] 100% 1/1
Downloading: ncbi_dataset.zip    49.5MB 14.4MB/s
[1A[2K[1A[2KCollecting 1 genome record [================================================] 100% 1/1
Downloading: ncbi_dataset.zip    50MB 14.5MB/s
[1A[2K[1A[2KCollecting 1 genome record [================================================] 100% 1/1
Downloading: ncbi_dataset.zip    50.9MB 14.7MB/s
[1A[2K[1A[2KCollecting 1 genome record [================================================] 100% 1/1
Downloading: ncbi_dataset.zip    51.6MB 14.9MB/s
[1A[2K[1A[2KCollecting 1 genome record [================================================] 100% 1/1
Downloading: ncbi_dataset.zip    51.8MB 14.9MB/s
[1A[2K[1A[2KCollecting 1 genome record [================================================] 100% 1/1
Downloading: ncbi_dataset.zip    51.8MB 14.9MB/s
[1A[2K[1A[2KCollecting 1 genome record [================================================] 100% 1/1
Downloading: ncbi_dataset.zip    52.5MB 15MB/s
[1A[2K[1A[2KCollecting 1 genome record [================================================] 100% 1/1
Downloading: ncbi_dataset.zip    53.2MB 15.1MB/s
[1A[2K[1A[2KCollecting 1 genome record [================================================] 100% 1/1
Downloading: ncbi_dataset.zip    53.2MB 15.1MB/s
[1A[2K[1A[2KCollecting 1 genome record [================================================] 100% 1/1
Downloading: ncbi_dataset.zip    53.2MB 15.1MB/s
[1A[2K[1A[2KCollecting 1 genome record [================================================] 100% 1/1
Downloading: ncbi_dataset.zip    53.2MB 15.1MB/s
[1A[2K[1A[2KCollecting 1 genome record [================================================] 100% 1/1
Downloading: ncbi_dataset.zip    53.2MB 15.1MB/s
[1A[2K[1A[2KCollecting 1 genome record [================================================] 100% 1/1
Downloading: ncbi_dataset.zip    53.2MB 15.1MB/s
[1A[2K[1A[2KCollecting 1 genome record [================================================] 100% 1/1
Downloading: ncbi_dataset.zip    53.2MB 15.1MB/s
[1A[2K[1A[2KCollecting 1 genome record [================================================] 100% 1/1
Downloading: ncbi_dataset.zip    53.2MB 15.1MB/s
[1A[2K[1A[2KCollecting 1 genome record [================================================] 100% 1/1
Downloading: ncbi_dataset.zip    53.2MB 15.1MB/s
[1A[2K[1A[2KCollecting 1 genome record [================================================] 100% 1/1
Downloading: ncbi_dataset.zip    53.2MB 15.1MB/s
[1A[2K[1A[2KCollecting 1 genome record [================================================] 100% 1/1
Downloading: ncbi_dataset.zip    53.4MB 14.8MB/s
[1A[2K[1A[2KCollecting 1 genome record [================================================] 100% 1/1
Downloading: ncbi_dataset.zip    54.1MB 14.9MB/s
[1A[2K[1A[2KCollecting 1 genome record [================================================] 100% 1/1
Downloading: ncbi_dataset.zip    54.9MB 15.1MB/s
[1A[2K[1A[2KCollecting 1 genome record [================================================] 100% 1/1
Downloading: ncbi_dataset.zip    55.7MB 15.3MB/s
[1A[2K[1A[2KCollecting 1 genome record [================================================] 100% 1/1
Downloading: ncbi_dataset.zip    55.8MB 15.3MB/s
[1A[2K[1A[2KCollecting 1 genome record [================================================] 100% 1/1
Downloading: ncbi_dataset.zip    55.8MB 15.2MB/s
[1A[2K[1A[2KCollecting 1 genome record [================================================] 100% 1/1
Downloading: ncbi_dataset.zip    56.6MB 15.4MB/s
[1A[2K[1A[2KCollecting 1 genome record [================================================] 100% 1/1
Downloading: ncbi_dataset.zip    57.1MB 15.5MB/s
[1A[2K[1A[2KCollecting 1 genome record [================================================] 100% 1/1
Downloading: ncbi_dataset.zip    57.1MB 15.5MB/s
[1A[2K[1A[2KCollecting 1 genome record [================================================] 100% 1/1
Downloading: ncbi_dataset.zip    57.1MB 15.5MB/s
[1A[2K[1A[2KCollecting 1 genome record [================================================] 100% 1/1
Downloading: ncbi_dataset.zip    57.1MB 15.5MB/s
[1A[2K[1A[2KCollecting 1 genome record [================================================] 100% 1/1
Downloading: ncbi_dataset.zip    57.1MB 15.5MB/s
[1A[2K[1A[2KCollecting 1 genome record [================================================] 100% 1/1
Downloading: ncbi_dataset.zip    57.1MB 15.5MB/s
[1A[2K[1A[2KCollecting 1 genome record [================================================] 100% 1/1
Downloading: ncbi_dataset.zip    57.1MB 15.5MB/s
[1A[2K[1A[2KCollecting 1 genome record [================================================] 100% 1/1
Downloading: ncbi_dataset.zip    57.1MB 15.5MB/s
[1A[2K[1A[2KCollecting 1 genome record [================================================] 100% 1/1
Downloading: ncbi_dataset.zip    57.1MB 15.5MB/s
[1A[2K[1A[2KCollecting 1 genome record [================================================] 100% 1/1
Downloading: ncbi_dataset.zip    57.1MB 15.5MB/s
[1A[2K[1A[2KCollecting 1 genome record [================================================] 100% 1/1
Downloading: ncbi_dataset.zip    57.6MB 15.2MB/s
[1A[2K[1A[2KCollecting 1 genome record [================================================] 100% 1/1
Downloading: ncbi_dataset.zip    58.3MB 15.3MB/s
[1A[2K[1A[2KCollecting 1 genome record [================================================] 100% 1/1
Downloading: ncbi_dataset.zip    58.9MB 15.5MB/s
[1A[2K[1A[2KCollecting 1 genome record [================================================] 100% 1/1
Downloading: ncbi_dataset.zip    59.7MB 15.6MB/s
[1A[2K[1A[2KCollecting 1 genome record [================================================] 100% 1/1
Downloading: ncbi_dataset.zip    59.8MB 15.6MB/s
[1A[2K[1A[2KCollecting 1 genome record [================================================] 100% 1/1
Downloading: ncbi_dataset.zip    60MB 15.6MB/s
[1A[2K[1A[2KCollecting 1 genome record [================================================] 100% 1/1
Downloading: ncbi_dataset.zip    60.8MB 15.8MB/s
[1A[2K[1A[2KCollecting 1 genome record [================================================] 100% 1/1
Downloading: ncbi_dataset.zip    61MB 15.8MB/s
[1A[2K[1A[2KCollecting 1 genome record [================================================] 100% 1/1
Downloading: ncbi_dataset.zip    61MB 15.8MB/s
[1A[2K[1A[2KCollecting 1 genome record [================================================] 100% 1/1
Downloading: ncbi_dataset.zip    61MB 15.8MB/s
[1A[2K[1A[2KCollecting 1 genome record [================================================] 100% 1/1
Downloading: ncbi_dataset.zip    61MB 15.8MB/s
[1A[2K[1A[2KCollecting 1 genome record [================================================] 100% 1/1
Downloading: ncbi_dataset.zip    61MB 15.8MB/s
[1A[2K[1A[2KCollecting 1 genome record [================================================] 100% 1/1
Downloading: ncbi_dataset.zip    61MB 15.8MB/s
[1A[2K[1A[2KCollecting 1 genome record [================================================] 100% 1/1
Downloading: ncbi_dataset.zip    61MB 15.8MB/s
[1A[2K[1A[2KCollecting 1 genome record [================================================] 100% 1/1
Downloading: ncbi_dataset.zip    61MB 15.8MB/s
[1A[2K[1A[2KCollecting 1 genome record [================================================] 100% 1/1
Downloading: ncbi_dataset.zip    61MB 15.8MB/s
[1A[2K[1A[2KCollecting 1 genome record [================================================] 100% 1/1
Downloading: ncbi_dataset.zip    61MB 15.8MB/s
[1A[2K[1A[2KCollecting 1 genome record [================================================] 100% 1/1
Downloading: ncbi_dataset.zip    61.6MB 15.5MB/s
[1A[2K[1A[2KCollecting 1 genome record [================================================] 100% 1/1
Downloading: ncbi_dataset.zip    62.3MB 15.7MB/s
[1A[2K[1A[2KCollecting 1 genome record [================================================] 100% 1/1
Downloading: ncbi_dataset.zip    63.1MB 15.8MB/s
[1A[2K[1A[2KCollecting 1 genome record [================================================] 100% 1/1
Downloading: ncbi_dataset.zip    63.7MB 15.9MB/s
[1A[2K[1A[2KCollecting 1 genome record [================================================] 100% 1/1
Downloading: ncbi_dataset.zip    63.7MB 15.9MB/s
[1A[2K[1A[2KCollecting 1 genome record [================================================] 100% 1/1
Downloading: ncbi_dataset.zip    64.1MB 16MB/s
[1A[2K[1A[2KCollecting 1 genome record [================================================] 100% 1/1
Downloading: ncbi_dataset.zip    64.7MB 16.1MB/s
[1A[2K[1A[2KCollecting 1 genome record [================================================] 100% 1/1
Downloading: ncbi_dataset.zip    64.7MB 16.1MB/s
[1A[2K[1A[2KCollecting 1 genome record [================================================] 100% 1/1
Downloading: ncbi_dataset.zip    64.7MB 16.1MB/s
[1A[2K[1A[2KCollecting 1 genome record [================================================] 100% 1/1
Downloading: ncbi_dataset.zip    64.7MB 16.1MB/s
[1A[2K[1A[2KCollecting 1 genome record [================================================] 100% 1/1
Downloading: ncbi_dataset.zip    64.7MB 16.1MB/s
[1A[2K[1A[2KCollecting 1 genome record [================================================] 100% 1/1
Downloading: ncbi_dataset.zip    64.7MB 16.1MB/s
[1A[2K[1A[2KCollecting 1 genome record [================================================] 100% 1/1
Downloading: ncbi_dataset.zip    64.7MB 16.1MB/s
[1A[2K[1A[2KCollecting 1 genome record [================================================] 100% 1/1
Downloading: ncbi_dataset.zip    64.7MB 16.1MB/s
[1A[2K[1A[2KCollecting 1 genome record [================================================] 100% 1/1
Downloading: ncbi_dataset.zip    64.7MB 16.1MB/s
[1A[2K[1A[2KCollecting 1 genome record [================================================] 100% 1/1
Downloading: ncbi_dataset.zip    64.7MB 16.1MB/s
[1A[2K[1A[2KCollecting 1 genome record [================================================] 100% 1/1
Downloading: ncbi_dataset.zip    64.7MB 16.1MB/s
[1A[2K[1A[2KCollecting 1 genome record [================================================] 100% 1/1
Downloading: ncbi_dataset.zip    65.5MB 15.8MB/s
[1A[2K[1A[2KCollecting 1 genome record [================================================] 100% 1/1
Downloading: ncbi_dataset.zip    66.2MB 16MB/s
[1A[2K[1A[2KCollecting 1 genome record [================================================] 100% 1/1
Downloading: ncbi_dataset.zip    67MB 16.1MB/s
[1A[2K[1A[2KCollecting 1 genome record [================================================] 100% 1/1
Downloading: ncbi_dataset.zip    67.5MB 16.2MB/s
[1A[2K[1A[2KCollecting 1 genome record [================================================] 100% 1/1
Downloading: ncbi_dataset.zip    67.7MB 16.2MB/s
[1A[2K[1A[2KCollecting 1 genome record [================================================] 100% 1/1
Downloading: ncbi_dataset.zip    67.8MB 16.2MB/s
[1A[2K[1A[2KCollecting 1 genome record [================================================] 100% 1/1
Downloading: ncbi_dataset.zip    68.6MB 16.3MB/s
[1A[2K[1A[2KCollecting 1 genome record [================================================] 100% 1/1
Downloading: ncbi_dataset.zip    68.6MB 16.3MB/s
[1A[2K[1A[2KCollecting 1 genome record [================================================] 100% 1/1
Downloading: ncbi_dataset.zip    68.6MB 16.3MB/s
[1A[2K[1A[2KCollecting 1 genome record [================================================] 100% 1/1
Downloading: ncbi_dataset.zip    68.6MB 16.3MB/s
[1A[2K[1A[2KCollecting 1 genome record [================================================] 100% 1/1
Downloading: ncbi_dataset.zip    68.6MB 16.3MB/s
[1A[2K[1A[2KCollecting 1 genome record [================================================] 100% 1/1
Downloading: ncbi_dataset.zip    68.6MB 16.3MB/s
[1A[2K[1A[2KCollecting 1 genome record [================================================] 100% 1/1
Downloading: ncbi_dataset.zip    68.6MB 16.3MB/s
[1A[2K[1A[2KCollecting 1 genome record [================================================] 100% 1/1
Downloading: ncbi_dataset.zip    68.6MB 16.3MB/s
[1A[2K[1A[2KCollecting 1 genome record [================================================] 100% 1/1
Downloading: ncbi_dataset.zip    68.6MB 16.3MB/s
[1A[2K[1A[2KCollecting 1 genome record [================================================] 100% 1/1
Downloading: ncbi_dataset.zip    68.6MB 16.3MB/s
[1A[2K[1A[2KCollecting 1 genome record [================================================] 100% 1/1
Downloading: ncbi_dataset.zip    68.8MB 16MB/s
[1A[2K[1A[2KCollecting 1 genome record [================================================] 100% 1/1
Downloading: ncbi_dataset.zip    69.6MB 16.1MB/s
[1A[2K[1A[2KCollecting 1 genome record [================================================] 100% 1/1
Downloading: ncbi_dataset.zip    70.5MB 16.3MB/s
[1A[2K[1A[2KCollecting 1 genome record [================================================] 100% 1/1
Downloading: ncbi_dataset.zip    71MB 16.4MB/s
[1A[2K[1A[2KCollecting 1 genome record [================================================] 100% 1/1
Downloading: ncbi_dataset.zip    71MB 16.4MB/s
[1A[2K[1A[2KCollecting 1 genome record [================================================] 100% 1/1
Downloading: ncbi_dataset.zip    71MB 16.4MB/s
[1A[2K[1A[2KCollecting 1 genome record [================================================] 100% 1/1
Downloading: ncbi_dataset.zip    71MB 16.4MB/s
[1A[2K[1A[2KCollecting 1 genome record [================================================] 100% 1/1
Downloading: ncbi_dataset.zip    71MB 16.4MB/s
[1A[2K[1A[2KCollecting 1 genome record [================================================] 100% 1/1
Downloading: ncbi_dataset.zip    71MB 16.4MB/s
[1A[2K[1A[2KCollecting 1 genome record [================================================] 100% 1/1
Downloading: ncbi_dataset.zip    71MB 16.4MB/s
[1A[2K[1A[2KCollecting 1 genome record [================================================] 100% 1/1
Downloading: ncbi_dataset.zip    71MB 16.4MB/s
[1A[2K[1A[2KCollecting 1 genome record [================================================] 100% 1/1
Downloading: ncbi_dataset.zip    71MB 16.4MB/s
[1A[2K[1A[2KCollecting 1 genome record [================================================] 100% 1/1
Downloading: ncbi_dataset.zip    71MB 16.4MB/s
[1A[2K[1A[2KCollecting 1 genome record [================================================] 100% 1/1
Downloading: ncbi_dataset.zip    71MB 16.4MB/s
[1A[2K[1A[2KCollecting 1 genome record [================================================] 100% 1/1
Downloading: ncbi_dataset.zip    71MB 16.4MB/s
[1A[2K[1A[2KCollecting 1 genome record [================================================] 100% 1/1
Downloading: ncbi_dataset.zip    71MB 16.4MB/s
[1A[2K[1A[2KCollecting 1 genome record [================================================] 100% 1/1
Downloading: ncbi_dataset.zip    71MB 16.4MB/s
[1A[2K[1A[2KCollecting 1 genome record [================================================] 100% 1/1
Downloading: ncbi_dataset.zip    71MB 16.4MB/s
[1A[2K[1A[2KCollecting 1 genome record [================================================] 100% 1/1
Downloading: ncbi_dataset.zip    71MB 16.4MB/s
[1A[2K[1A[2KCollecting 1 genome record [================================================] 100% 1/1
Downloading: ncbi_dataset.zip    71MB 16.4MB/s
[1A[2K[1A[2KCollecting 1 genome record [================================================] 100% 1/1
Downloading: ncbi_dataset.zip    71.2MB 15.8MB/s
[1A[2K[1A[2KCollecting 1 genome record [================================================] 100% 1/1
Downloading: ncbi_dataset.zip    72MB 15.9MB/s
[1A[2K[1A[2KCollecting 1 genome record [================================================] 100% 1/1
Downloading: ncbi_dataset.zip    73.2MB 16.2MB/s
[1A[2K[1A[2KCollecting 1 genome record [================================================] 100% 1/1
Downloading: ncbi_dataset.zip    73.9MB 16.3MB/s
[1A[2K[1A[2KCollecting 1 genome record [================================================] 100% 1/1
Downloading: ncbi_dataset.zip    74.4MB 16.4MB/s
[1A[2K[1A[2KCollecting 1 genome record [================================================] 100% 1/1
Downloading: ncbi_dataset.zip    74.9MB 16.4MB/s
[1A[2K[1A[2KCollecting 1 genome record [================================================] 100% 1/1
Downloading: ncbi_dataset.zip    75MB 16.4MB/s
[1A[2K[1A[2KCollecting 1 genome record [================================================] 100% 1/1
Downloading: ncbi_dataset.zip    75MB 16.4MB/s
[1A[2K[1A[2KCollecting 1 genome record [================================================] 100% 1/1
Downloading: ncbi_dataset.zip    75MB 16.4MB/s
[1A[2K[1A[2KCollecting 1 genome record [================================================] 100% 1/1
Downloading: ncbi_dataset.zip    75MB 16.4MB/s
[1A[2K[1A[2KCollecting 1 genome record [================================================] 100% 1/1
Downloading: ncbi_dataset.zip    75MB 16.4MB/s
[1A[2K[1A[2KCollecting 1 genome record [================================================] 100% 1/1
Downloading: ncbi_dataset.zip    75MB 16.4MB/s
[1A[2K[1A[2KCollecting 1 genome record [================================================] 100% 1/1
Downloading: ncbi_dataset.zip    75MB 16.4MB/s
[1A[2K[1A[2KCollecting 1 genome record [================================================] 100% 1/1
Downloading: ncbi_dataset.zip    75MB 16.4MB/s
[1A[2K[1A[2KCollecting 1 genome record [================================================] 100% 1/1
Downloading: ncbi_dataset.zip    75MB 16.4MB/s
[1A[2K[1A[2KCollecting 1 genome record [================================================] 100% 1/1
Downloading: ncbi_dataset.zip    75MB 16.4MB/s
[1A[2K[1A[2KCollecting 1 genome record [================================================] 100% 1/1
Downloading: ncbi_dataset.zip    75.2MB 16.1MB/s
[1A[2K[1A[2KCollecting 1 genome record [================================================] 100% 1/1
Downloading: ncbi_dataset.zip    75.4MB 16.1MB/s
[1A[2K[1A[2KCollecting 1 genome record [================================================] 100% 1/1
Downloading: ncbi_dataset.zip    75.8MB 16.1MB/s
[1A[2K[1A[2KCollecting 1 genome record [================================================] 100% 1/1
Downloading: ncbi_dataset.zip    76.4MB 16.2MB/s
[1A[2K[1A[2KCollecting 1 genome record [================================================] 100% 1/1
Downloading: ncbi_dataset.zip    77MB 16.3MB/s
[1A[2K[1A[2KCollecting 1 genome record [================================================] 100% 1/1
Downloading: ncbi_dataset.zip    77MB 16.3MB/s
[1A[2K[1A[2KCollecting 1 genome record [================================================] 100% 1/1
Downloading: ncbi_dataset.zip    77MB 16.3MB/s
[1A[2K[1A[2KCollecting 1 genome record [================================================] 100% 1/1
Downloading: ncbi_dataset.zip    77MB 16.3MB/s
[1A[2K[1A[2KCollecting 1 genome record [================================================] 100% 1/1
Downloading: ncbi_dataset.zip    77MB 16.3MB/s
[1A[2K[1A[2KCollecting 1 genome record [================================================] 100% 1/1
Downloading: ncbi_dataset.zip    77MB 16.3MB/s
[1A[2K[1A[2KCollecting 1 genome record [================================================] 100% 1/1
Downloading: ncbi_dataset.zip    77MB 16.3MB/s
[1A[2K[1A[2KCollecting 1 genome record [================================================] 100% 1/1
Downloading: ncbi_dataset.zip    77MB 16.3MB/s
[1A[2K[1A[2KCollecting 1 genome record [================================================] 100% 1/1
Downloading: ncbi_dataset.zip    77MB 16.3MB/s
[1A[2K[1A[2KCollecting 1 genome record [================================================] 100% 1/1
Downloading: ncbi_dataset.zip    77MB 16.3MB/s
[1A[2K[1A[2KCollecting 1 genome record [================================================] 100% 1/1
Downloading: ncbi_dataset.zip    77MB 16.3MB/s
[1A[2K[1A[2KCollecting 1 genome record [================================================] 100% 1/1
Downloading: ncbi_dataset.zip    77MB 16.3MB/s
[1A[2K[1A[2KCollecting 1 genome record [================================================] 100% 1/1
Downloading: ncbi_dataset.zip    77MB 16.3MB/s
[1A[2K[1A[2KCollecting 1 genome record [================================================] 100% 1/1
Downloading: ncbi_dataset.zip    77.3MB 15.9MB/s
[1A[2K[1A[2KCollecting 1 genome record [================================================] 100% 1/1
Downloading: ncbi_dataset.zip    78MB 16MB/s
[1A[2K[1A[2KCollecting 1 genome record [================================================] 100% 1/1
Downloading: ncbi_dataset.zip    78.7MB 16.2MB/s
[1A[2K[1A[2KCollecting 1 genome record [================================================] 100% 1/1
Downloading: ncbi_dataset.zip    79.3MB 16.3MB/s
[1A[2K[1A[2KCollecting 1 genome record [================================================] 100% 1/1
Downloading: ncbi_dataset.zip    80.1MB 16.4MB/s
[1A[2K[1A[2KCollecting 1 genome record [================================================] 100% 1/1
Downloading: ncbi_dataset.zip    80.6MB 16.4MB/s
[1A[2K[1A[2KCollecting 1 genome record [================================================] 100% 1/1
Downloading: ncbi_dataset.zip    80.6MB 16.4MB/s
[1A[2K[1A[2KCollecting 1 genome record [================================================] 100% 1/1
Downloading: ncbi_dataset.zip    80.6MB 16.4MB/s
[1A[2K[1A[2KCollecting 1 genome record [================================================] 100% 1/1
Downloading: ncbi_dataset.zip    80.6MB 16.4MB/s
[1A[2K[1A[2KCollecting 1 genome record [================================================] 100% 1/1
Downloading: ncbi_dataset.zip    80.6MB 16.4MB/s
[1A[2K[1A[2KCollecting 1 genome record [================================================] 100% 1/1
Downloading: ncbi_dataset.zip    80.6MB 16.4MB/s
[1A[2K[1A[2KCollecting 1 genome record [================================================] 100% 1/1
Downloading: ncbi_dataset.zip    80.6MB 16.4MB/s
[1A[2K[1A[2KCollecting 1 genome record [================================================] 100% 1/1
Downloading: ncbi_dataset.zip    80.6MB 16.4MB/s
[1A[2K[1A[2KCollecting 1 genome record [================================================] 100% 1/1
Downloading: ncbi_dataset.zip    80.6MB 16.4MB/s
[1A[2K[1A[2KCollecting 1 genome record [================================================] 100% 1/1
Downloading: ncbi_dataset.zip    80.6MB 16.4MB/s
[1A[2K[1A[2KCollecting 1 genome record [================================================] 100% 1/1
Downloading: ncbi_dataset.zip    80.6MB 16.4MB/s
[1A[2K[1A[2KCollecting 1 genome record [================================================] 100% 1/1
Downloading: ncbi_dataset.zip    80.6MB 16.4MB/s
[1A[2K[1A[2KCollecting 1 genome record [================================================] 100% 1/1
Downloading: ncbi_dataset.zip    81.2MB 16.2MB/s
[1A[2K[1A[2KCollecting 1 genome record [================================================] 100% 1/1
Downloading: ncbi_dataset.zip    82MB 16.3MB/s
[1A[2K[1A[2KCollecting 1 genome record [================================================] 100% 1/1
Downloading: ncbi_dataset.zip    82.8MB 16.4MB/s
[1A[2K[1A[2KCollecting 1 genome record [================================================] 100% 1/1
Downloading: ncbi_dataset.zip    83.2MB 16.5MB/s
[1A[2K[1A[2KCollecting 1 genome record [================================================] 100% 1/1
Downloading: ncbi_dataset.zip    83.2MB 16.5MB/s
[1A[2K[1A[2KCollecting 1 genome record [================================================] 100% 1/1
Downloading: ncbi_dataset.zip    83.2MB 16.5MB/s
[1A[2K[1A[2KCollecting 1 genome record [================================================] 100% 1/1
Downloading: ncbi_dataset.zip    83.2MB 16.5MB/s
[1A[2K[1A[2KCollecting 1 genome record [================================================] 100% 1/1
Downloading: ncbi_dataset.zip    83.2MB 16.5MB/s
[1A[2K[1A[2KCollecting 1 genome record [================================================] 100% 1/1
Downloading: ncbi_dataset.zip    83.2MB 16.5MB/s
[1A[2K[1A[2KCollecting 1 genome record [================================================] 100% 1/1
Downloading: ncbi_dataset.zip    83.2MB 16.5MB/s
[1A[2K[1A[2KCollecting 1 genome record [================================================] 100% 1/1
Downloading: ncbi_dataset.zip    83.2MB 16.5MB/s
[1A[2K[1A[2KCollecting 1 genome record [================================================] 100% 1/1
Downloading: ncbi_dataset.zip    83.2MB 16.5MB/s
[1A[2K[1A[2KCollecting 1 genome record [================================================] 100% 1/1
Downloading: ncbi_dataset.zip    83.2MB 16.5MB/s
[1A[2K[1A[2KCollecting 1 genome record [================================================] 100% 1/1
Downloading: ncbi_dataset.zip    83.2MB 16.5MB/s
[1A[2K[1A[2KCollecting 1 genome record [================================================] 100% 1/1
Downloading: ncbi_dataset.zip    83.2MB 16.5MB/s
[1A[2K[1A[2KCollecting 1 genome record [================================================] 100% 1/1
Downloading: ncbi_dataset.zip    83.2MB 16.5MB/s
[1A[2K[1A[2KCollecting 1 genome record [================================================] 100% 1/1
Downloading: ncbi_dataset.zip    83.2MB 16.5MB/s
[1A[2K[1A[2KCollecting 1 genome record [================================================] 100% 1/1
Downloading: ncbi_dataset.zip    83.9MB 16.1MB/s
[1A[2K[1A[2KCollecting 1 genome record [================================================] 100% 1/1
Downloading: ncbi_dataset.zip    84.7MB 16.3MB/s
[1A[2K[1A[2KCollecting 1 genome record [================================================] 100% 1/1
Downloading: ncbi_dataset.zip    85.4MB 16.4MB/s
[1A[2K[1A[2KCollecting 1 genome record [================================================] 100% 1/1
Downloading: ncbi_dataset.zip    86.1MB 16.5MB/s
[1A[2K[1A[2KCollecting 1 genome record [================================================] 100% 1/1
Downloading: ncbi_dataset.zip    86.7MB 16.6MB/s
[1A[2K[1A[2KCollecting 1 genome record [================================================] 100% 1/1
Downloading: ncbi_dataset.zip    87MB 16.6MB/s
[1A[2K[1A[2KCollecting 1 genome record [================================================] 100% 1/1
Downloading: ncbi_dataset.zip    87MB 16.6MB/s
[1A[2K[1A[2KCollecting 1 genome record [================================================] 100% 1/1
Downloading: ncbi_dataset.zip    87MB 16.6MB/s
[1A[2K[1A[2KCollecting 1 genome record [================================================] 100% 1/1
Downloading: ncbi_dataset.zip    87MB 16.6MB/s
[1A[2K[1A[2KCollecting 1 genome record [================================================] 100% 1/1
Downloading: ncbi_dataset.zip    87MB 16.6MB/s
[1A[2K[1A[2KCollecting 1 genome record [================================================] 100% 1/1
Downloading: ncbi_dataset.zip    87MB 16.6MB/s
[1A[2K[1A[2KCollecting 1 genome record [================================================] 100% 1/1
Downloading: ncbi_dataset.zip    87MB 16.6MB/s
[1A[2K[1A[2KCollecting 1 genome record [================================================] 100% 1/1
Downloading: ncbi_dataset.zip    87MB 16.6MB/s
[1A[2K[1A[2KCollecting 1 genome record [================================================] 100% 1/1
Downloading: ncbi_dataset.zip    87MB 16.6MB/s
[1A[2K[1A[2KCollecting 1 genome record [================================================] 100% 1/1
Downloading: ncbi_dataset.zip    87MB 16.6MB/s
[1A[2K[1A[2KCollecting 1 genome record [================================================] 100% 1/1
Downloading: ncbi_dataset.zip    87MB 16.6MB/s
[1A[2K[1A[2KCollecting 1 genome record [================================================] 100% 1/1
Downloading: ncbi_dataset.zip    87.1MB 16.2MB/s
[1A[2K[1A[2KCollecting 1 genome record [================================================] 100% 1/1
Downloading: ncbi_dataset.zip    87.2MB 16.3MB/s
[1A[2K[1A[2KCollecting 1 genome record [================================================] 100% 1/1
Downloading: ncbi_dataset.zip    88.6MB 16.5MB/s
[1A[2K[1A[2KCollecting 1 genome record [================================================] 100% 1/1
Downloading: ncbi_dataset.zip    89.2MB 16.5MB/s
[1A[2K[1A[2KCollecting 1 genome record [================================================] 100% 1/1
Downloading: ncbi_dataset.zip    89.6MB 16.6MB/s
[1A[2K[1A[2KCollecting 1 genome record [================================================] 100% 1/1
Downloading: ncbi_dataset.zip    89.6MB 16.6MB/s
[1A[2K[1A[2KCollecting 1 genome record [================================================] 100% 1/1
Downloading: ncbi_dataset.zip    89.6MB 16.6MB/s
[1A[2K[1A[2KCollecting 1 genome record [================================================] 100% 1/1
Downloading: ncbi_dataset.zip    89.6MB 16.6MB/s
[1A[2K[1A[2KCollecting 1 genome record [================================================] 100% 1/1
Downloading: ncbi_dataset.zip    89.6MB 16.6MB/s
[1A[2K[1A[2KCollecting 1 genome record [================================================] 100% 1/1
Downloading: ncbi_dataset.zip    89.6MB 16.6MB/s
[1A[2K[1A[2KCollecting 1 genome record [================================================] 100% 1/1
Downloading: ncbi_dataset.zip    89.6MB 16.6MB/s
[1A[2K[1A[2KCollecting 1 genome record [================================================] 100% 1/1
Downloading: ncbi_dataset.zip    89.6MB 16.6MB/s
[1A[2K[1A[2KCollecting 1 genome record [================================================] 100% 1/1
Downloading: ncbi_dataset.zip    89.6MB 16.6MB/s
[1A[2K[1A[2KCollecting 1 genome record [================================================] 100% 1/1
Downloading: ncbi_dataset.zip    89.6MB 16.6MB/s
[1A[2K[1A[2KCollecting 1 genome record [================================================] 100% 1/1
Downloading: ncbi_dataset.zip    89.6MB 16.6MB/s
[1A[2K[1A[2KCollecting 1 genome record [================================================] 100% 1/1
Downloading: ncbi_dataset.zip    89.6MB 16.6MB/s
[1A[2K[1A[2KCollecting 1 genome record [================================================] 100% 1/1
Downloading: ncbi_dataset.zip    89.6MB 16.6MB/s
[1A[2K[1A[2KCollecting 1 genome record [================================================] 100% 1/1
Downloading: ncbi_dataset.zip    89.7MB 16.2MB/s
[1A[2K[1A[2KCollecting 1 genome record [================================================] 100% 1/1
Downloading: ncbi_dataset.zip    89.9MB 16.2MB/s
[1A[2K[1A[2KCollecting 1 genome record [================================================] 100% 1/1
Downloading: ncbi_dataset.zip    90.5MB 16.3MB/s
[1A[2K[1A[2KCollecting 1 genome record [================================================] 100% 1/1
Downloading: ncbi_dataset.zip    91.8MB 16.5MB/s
[1A[2K[1A[2KCollecting 1 genome record [================================================] 100% 1/1
Downloading: ncbi_dataset.zip    92.6MB 16.6MB/s
[1A[2K[1A[2KCollecting 1 genome record [================================================] 100% 1/1
Downloading: ncbi_dataset.zip    93.2MB 16.7MB/s
[1A[2K[1A[2KCollecting 1 genome record [================================================] 100% 1/1
Downloading: ncbi_dataset.zip    93.2MB 16.7MB/s
[1A[2K[1A[2KCollecting 1 genome record [================================================] 100% 1/1
Downloading: ncbi_dataset.zip    93.3MB 16.7MB/s
[1A[2K[1A[2KCollecting 1 genome record [================================================] 100% 1/1
Downloading: ncbi_dataset.zip    93.3MB 16.7MB/s
[1A[2K[1A[2KCollecting 1 genome record [================================================] 100% 1/1
Downloading: ncbi_dataset.zip    93.3MB 16.7MB/s
[1A[2K[1A[2KCollecting 1 genome record [================================================] 100% 1/1
Downloading: ncbi_dataset.zip    93.3MB 16.7MB/s
[1A[2K[1A[2KCollecting 1 genome record [================================================] 100% 1/1
Downloading: ncbi_dataset.zip    93.3MB 16.7MB/s
[1A[2K[1A[2KCollecting 1 genome record [================================================] 100% 1/1
Downloading: ncbi_dataset.zip    93.3MB 16.7MB/s
[1A[2K[1A[2KCollecting 1 genome record [================================================] 100% 1/1
Downloading: ncbi_dataset.zip    93.3MB 16.7MB/s
[1A[2K[1A[2KCollecting 1 genome record [================================================] 100% 1/1
Downloading: ncbi_dataset.zip    93.3MB 16.7MB/s
[1A[2K[1A[2KCollecting 1 genome record [================================================] 100% 1/1
Downloading: ncbi_dataset.zip    93.3MB 16.7MB/s
[1A[2K[1A[2KCollecting 1 genome record [================================================] 100% 1/1
Downloading: ncbi_dataset.zip    93.3MB 16.7MB/s
[1A[2K[1A[2KCollecting 1 genome record [================================================] 100% 1/1
Downloading: ncbi_dataset.zip    93.6MB 16.4MB/s
[1A[2K[1A[2KCollecting 1 genome record [================================================] 100% 1/1
Downloading: ncbi_dataset.zip    94.4MB 16.5MB/s
[1A[2K[1A[2KCollecting 1 genome record [================================================] 100% 1/1
Downloading: ncbi_dataset.zip    95.1MB 16.6MB/s
[1A[2K[1A[2KCollecting 1 genome record [================================================] 100% 1/1
Downloading: ncbi_dataset.zip    95.8MB 16.7MB/s
[1A[2K[1A[2KCollecting 1 genome record [================================================] 100% 1/1
Downloading: ncbi_dataset.zip    95.8MB 16.7MB/s
[1A[2K[1A[2KCollecting 1 genome record [================================================] 100% 1/1
Downloading: ncbi_dataset.zip    95.8MB 16.7MB/s
[1A[2K[1A[2KCollecting 1 genome record [================================================] 100% 1/1
Downloading: ncbi_dataset.zip    95.8MB 16.7MB/s
[1A[2K[1A[2KCollecting 1 genome record [================================================] 100% 1/1
Downloading: ncbi_dataset.zip    95.8MB 16.7MB/s
[1A[2K[1A[2KCollecting 1 genome record [================================================] 100% 1/1
Downloading: ncbi_dataset.zip    95.8MB 16.7MB/s
[1A[2K[1A[2KCollecting 1 genome record [================================================] 100% 1/1
Downloading: ncbi_dataset.zip    95.8MB 16.7MB/s
[1A[2K[1A[2KCollecting 1 genome record [================================================] 100% 1/1
Downloading: ncbi_dataset.zip    95.8MB 16.7MB/s
[1A[2K[1A[2KCollecting 1 genome record [================================================] 100% 1/1
Downloading: ncbi_dataset.zip    95.8MB 16.7MB/s
[1A[2K[1A[2KCollecting 1 genome record [================================================] 100% 1/1
Downloading: ncbi_dataset.zip    95.8MB 16.7MB/s
[1A[2K[1A[2KCollecting 1 genome record [================================================] 100% 1/1
Downloading: ncbi_dataset.zip    95.8MB 16.7MB/s
[1A[2K[1A[2KCollecting 1 genome record [================================================] 100% 1/1
Downloading: ncbi_dataset.zip    95.8MB 16.7MB/s
[1A[2K[1A[2KCollecting 1 genome record [================================================] 100% 1/1
Downloading: ncbi_dataset.zip    95.8MB 16.7MB/s
[1A[2K[1A[2KCollecting 1 genome record [================================================] 100% 1/1
Downloading: ncbi_dataset.zip    95.8MB 16.7MB/s
[1A[2K[1A[2KCollecting 1 genome record [================================================] 100% 1/1
Downloading: ncbi_dataset.zip    96.4MB 16.4MB/s
[1A[2K[1A[2KCollecting 1 genome record [================================================] 100% 1/1
Downloading: ncbi_dataset.zip    97MB 16.4MB/s
[1A[2K[1A[2KCollecting 1 genome record [================================================] 100% 1/1
Downloading: ncbi_dataset.zip    97.7MB 16.5MB/s
[1A[2K[1A[2KCollecting 1 genome record [================================================] 100% 1/1
Downloading: ncbi_dataset.zip    98.4MB 16.6MB/s
[1A[2K[1A[2KCollecting 1 genome record [================================================] 100% 1/1
Downloading: ncbi_dataset.zip    99.1MB 16.7MB/s
[1A[2K[1A[2KCollecting 1 genome record [================================================] 100% 1/1
Downloading: ncbi_dataset.zip    99.2MB 16.7MB/s
[1A[2K[1A[2KCollecting 1 genome record [================================================] 100% 1/1
Downloading: ncbi_dataset.zip    99.2MB 16.7MB/s
[1A[2K[1A[2KCollecting 1 genome record [================================================] 100% 1/1
Downloading: ncbi_dataset.zip    99.2MB 16.7MB/s
[1A[2K[1A[2KCollecting 1 genome record [================================================] 100% 1/1
Downloading: ncbi_dataset.zip    99.2MB 16.7MB/s
[1A[2K[1A[2KCollecting 1 genome record [================================================] 100% 1/1
Downloading: ncbi_dataset.zip    99.2MB 16.7MB/s
[1A[2K[1A[2KCollecting 1 genome record [================================================] 100% 1/1
Downloading: ncbi_dataset.zip    99.2MB 16.7MB/s
[1A[2K[1A[2KCollecting 1 genome record [================================================] 100% 1/1
Downloading: ncbi_dataset.zip    99.2MB 16.7MB/s
[1A[2K[1A[2KCollecting 1 genome record [================================================] 100% 1/1
Downloading: ncbi_dataset.zip    99.2MB 16.7MB/s
[1A[2K[1A[2KCollecting 1 genome record [================================================] 100% 1/1
Downloading: ncbi_dataset.zip    99.2MB 16.7MB/s
[1A[2K[1A[2KCollecting 1 genome record [================================================] 100% 1/1
Downloading: ncbi_dataset.zip    99.2MB 16.7MB/s
[1A[2K[1A[2KCollecting 1 genome record [================================================] 100% 1/1
Downloading: ncbi_dataset.zip    99.2MB 16.7MB/s
[1A[2K[1A[2KCollecting 1 genome record [================================================] 100% 1/1
Downloading: ncbi_dataset.zip    99.2MB 16.7MB/s
[1A[2K[1A[2KCollecting 1 genome record [================================================] 100% 1/1
Downloading: ncbi_dataset.zip    99.8MB 16.5MB/s
[1A[2K[1A[2KCollecting 1 genome record [================================================] 100% 1/1
Downloading: ncbi_dataset.zip    101MB 16.6MB/s
[1A[2K[1A[2KCollecting 1 genome record [================================================] 100% 1/1
Downloading: ncbi_dataset.zip    101MB 16.6MB/s
[1A[2K[1A[2KCollecting 1 genome record [================================================] 100% 1/1
Downloading: ncbi_dataset.zip    102MB 16.7MB/s
[1A[2K[1A[2KCollecting 1 genome record [================================================] 100% 1/1
Downloading: ncbi_dataset.zip    102MB 16.8MB/s
[1A[2K[1A[2KCollecting 1 genome record [================================================] 100% 1/1
Downloading: ncbi_dataset.zip    102MB 16.8MB/s
[1A[2K[1A[2KCollecting 1 genome record [================================================] 100% 1/1
Downloading: ncbi_dataset.zip    102MB 16.8MB/s
[1A[2K[1A[2KCollecting 1 genome record [================================================] 100% 1/1
Downloading: ncbi_dataset.zip    102MB 16.8MB/s
[1A[2K[1A[2KCollecting 1 genome record [================================================] 100% 1/1
Downloading: ncbi_dataset.zip    102MB 16.8MB/s
[1A[2K[1A[2KCollecting 1 genome record [================================================] 100% 1/1
Downloading: ncbi_dataset.zip    102MB 16.8MB/s
[1A[2K[1A[2KCollecting 1 genome record [================================================] 100% 1/1
Downloading: ncbi_dataset.zip    102MB 16.8MB/s
[1A[2K[1A[2KCollecting 1 genome record [================================================] 100% 1/1
Downloading: ncbi_dataset.zip    102MB 16.8MB/s
[1A[2K[1A[2KCollecting 1 genome record [================================================] 100% 1/1
Downloading: ncbi_dataset.zip    102MB 16.8MB/s
[1A[2K[1A[2KCollecting 1 genome record [================================================] 100% 1/1
Downloading: ncbi_dataset.zip    102MB 16.8MB/s
[1A[2K[1A[2KCollecting 1 genome record [================================================] 100% 1/1
Downloading: ncbi_dataset.zip    102MB 16.8MB/s
[1A[2K[1A[2KCollecting 1 genome record [================================================] 100% 1/1
Downloading: ncbi_dataset.zip    102MB 16.8MB/s
[1A[2K[1A[2KCollecting 1 genome record [================================================] 100% 1/1
Downloading: ncbi_dataset.zip    102MB 16.4MB/s
[1A[2K[1A[2KCollecting 1 genome record [================================================] 100% 1/1
Downloading: ncbi_dataset.zip    103MB 16.5MB/s
[1A[2K[1A[2KCollecting 1 genome record [================================================] 100% 1/1
Downloading: ncbi_dataset.zip    104MB 16.6MB/s
[1A[2K[1A[2KCollecting 1 genome record [================================================] 100% 1/1
Downloading: ncbi_dataset.zip    104MB 16.7MB/s
[1A[2K[1A[2KCollecting 1 genome record [================================================] 100% 1/1
Downloading: ncbi_dataset.zip    105MB 16.7MB/s
[1A[2K[1A[2KCollecting 1 genome record [================================================] 100% 1/1
Downloading: ncbi_dataset.zip    105MB 16.8MB/s
[1A[2K[1A[2KCollecting 1 genome record [================================================] 100% 1/1
Downloading: ncbi_dataset.zip    105MB 16.8MB/s
[1A[2K[1A[2KCollecting 1 genome record [================================================] 100% 1/1
Downloading: ncbi_dataset.zip    105MB 16.8MB/s
[1A[2K[1A[2KCollecting 1 genome record [================================================] 100% 1/1
Downloading: ncbi_dataset.zip    105MB 16.8MB/s
[1A[2K[1A[2KCollecting 1 genome record [================================================] 100% 1/1
Downloading: ncbi_dataset.zip    105MB 16.8MB/s
[1A[2K[1A[2KCollecting 1 genome record [================================================] 100% 1/1
Downloading: ncbi_dataset.zip    105MB 16.8MB/s
[1A[2K[1A[2KCollecting 1 genome record [================================================] 100% 1/1
Downloading: ncbi_dataset.zip    105MB 16.8MB/s
[1A[2K[1A[2KCollecting 1 genome record [================================================] 100% 1/1
Downloading: ncbi_dataset.zip    105MB 16.8MB/s
[1A[2K[1A[2KCollecting 1 genome record [================================================] 100% 1/1
Downloading: ncbi_dataset.zip    105MB 16.8MB/s
[1A[2K[1A[2KCollecting 1 genome record [================================================] 100% 1/1
Downloading: ncbi_dataset.zip    105MB 16.8MB/s
[1A[2K[1A[2KCollecting 1 genome record [================================================] 100% 1/1
Downloading: ncbi_dataset.zip    105MB 16.8MB/s
[1A[2K[1A[2KCollecting 1 genome record [================================================] 100% 1/1
Downloading: ncbi_dataset.zip    105MB 16.8MB/s
[1A[2K[1A[2KCollecting 1 genome record [================================================] 100% 1/1
Downloading: ncbi_dataset.zip    106MB 16.5MB/s
[1A[2K[1A[2KCollecting 1 genome record [================================================] 100% 1/1
Downloading: ncbi_dataset.zip    106MB 16.6MB/s
[1A[2K[1A[2KCollecting 1 genome record [================================================] 100% 1/1
Downloading: ncbi_dataset.zip    107MB 16.7MB/s
[1A[2K[1A[2KCollecting 1 genome record [================================================] 100% 1/1
Downloading: ncbi_dataset.zip    108MB 16.7MB/s
[1A[2K[1A[2KCollecting 1 genome record [================================================] 100% 1/1
Downloading: ncbi_dataset.zip    108MB 16.8MB/s
[1A[2K[1A[2KCollecting 1 genome record [================================================] 100% 1/1
Downloading: ncbi_dataset.zip    109MB 16.9MB/s
[1A[2K[1A[2KCollecting 1 genome record [================================================] 100% 1/1
Downloading: ncbi_dataset.zip    109MB 16.9MB/s
[1A[2K[1A[2KCollecting 1 genome record [================================================] 100% 1/1
Downloading: ncbi_dataset.zip    109MB 16.9MB/s
[1A[2K[1A[2KCollecting 1 genome record [================================================] 100% 1/1
Downloading: ncbi_dataset.zip    109MB 16.9MB/s
[1A[2K[1A[2KCollecting 1 genome record [================================================] 100% 1/1
Downloading: ncbi_dataset.zip    109MB 16.9MB/s
[1A[2K[1A[2KCollecting 1 genome record [================================================] 100% 1/1
Downloading: ncbi_dataset.zip    109MB 16.9MB/s
[1A[2K[1A[2KCollecting 1 genome record [================================================] 100% 1/1
Downloading: ncbi_dataset.zip    109MB 16.9MB/s
[1A[2K[1A[2KCollecting 1 genome record [================================================] 100% 1/1
Downloading: ncbi_dataset.zip    109MB 16.9MB/s
[1A[2K[1A[2KCollecting 1 genome record [================================================] 100% 1/1
Downloading: ncbi_dataset.zip    109MB 16.9MB/s
[1A[2K[1A[2KCollecting 1 genome record [================================================] 100% 1/1
Downloading: ncbi_dataset.zip    109MB 16.9MB/s
[1A[2K[1A[2KCollecting 1 genome record [================================================] 100% 1/1
Downloading: ncbi_dataset.zip    109MB 16.9MB/s
[1A[2K[1A[2KCollecting 1 genome record [================================================] 100% 1/1
Downloading: ncbi_dataset.zip    109MB 16.9MB/s
[1A[2K[1A[2KCollecting 1 genome record [================================================] 100% 1/1
Downloading: ncbi_dataset.zip    109MB 16.6MB/s
[1A[2K[1A[2KCollecting 1 genome record [================================================] 100% 1/1
Downloading: ncbi_dataset.zip    110MB 16.7MB/s
[1A[2K[1A[2KCollecting 1 genome record [================================================] 100% 1/1
Downloading: ncbi_dataset.zip    110MB 16.8MB/s
[1A[2K[1A[2KCollecting 1 genome record [================================================] 100% 1/1
Downloading: ncbi_dataset.zip    111MB 16.8MB/s
[1A[2K[1A[2KCollecting 1 genome record [================================================] 100% 1/1
Downloading: ncbi_dataset.zip    111MB 16.8MB/s
[1A[2K[1A[2KCollecting 1 genome record [================================================] 100% 1/1
Downloading: ncbi_dataset.zip    111MB 16.8MB/s
[1A[2K[1A[2KCollecting 1 genome record [================================================] 100% 1/1
Downloading: ncbi_dataset.zip    111MB 16.8MB/s
[1A[2K[1A[2KCollecting 1 genome record [================================================] 100% 1/1
Downloading: ncbi_dataset.zip    111MB 16.8MB/s
[1A[2K[1A[2KCollecting 1 genome record [================================================] 100% 1/1
Downloading: ncbi_dataset.zip    111MB 16.8MB/s
[1A[2K[1A[2KCollecting 1 genome record [================================================] 100% 1/1
Downloading: ncbi_dataset.zip    111MB 16.8MB/s
[1A[2K[1A[2KCollecting 1 genome record [================================================] 100% 1/1
Downloading: ncbi_dataset.zip    111MB 16.8MB/s
[1A[2K[1A[2KCollecting 1 genome record [================================================] 100% 1/1
Downloading: ncbi_dataset.zip    111MB 16.8MB/s
[1A[2K[1A[2KCollecting 1 genome record [================================================] 100% 1/1
Downloading: ncbi_dataset.zip    111MB 16.8MB/s
[1A[2K[1A[2KCollecting 1 genome record [================================================] 100% 1/1
Downloading: ncbi_dataset.zip    111MB 16.8MB/s
[1A[2K[1A[2KCollecting 1 genome record [================================================] 100% 1/1
Downloading: ncbi_dataset.zip    111MB 16.8MB/s
[1A[2K[1A[2KCollecting 1 genome record [================================================] 100% 1/1
Downloading: ncbi_dataset.zip    111MB 16.8MB/s
[1A[2K[1A[2KCollecting 1 genome record [================================================] 100% 1/1
Downloading: ncbi_dataset.zip    111MB 16.8MB/s
[1A[2K[1A[2KCollecting 1 genome record [================================================] 100% 1/1
Downloading: ncbi_dataset.zip    112MB 16.5MB/s
[1A[2K[1A[2KCollecting 1 genome record [================================================] 100% 1/1
Downloading: ncbi_dataset.zip    112MB 16.6MB/s
[1A[2K[1A[2KCollecting 1 genome record [================================================] 100% 1/1
Downloading: ncbi_dataset.zip    112MB 16.6MB/s
[1A[2K[1A[2KCollecting 1 genome record [================================================] 100% 1/1
Downloading: ncbi_dataset.zip    112MB 16.6MB/s
[1A[2K[1A[2KCollecting 1 genome record [================================================] 100% 1/1
Downloading: ncbi_dataset.zip    112MB 16.6MB/s
[1A[2K[1A[2KCollecting 1 genome record [================================================] 100% 1/1
Downloading: ncbi_dataset.zip    112MB 16.6MB/s
[1A[2K[1A[2KCollecting 1 genome record [================================================] 100% 1/1
Downloading: ncbi_dataset.zip    112MB 16.6MB/s
[1A[2K[1A[2KCollecting 1 genome record [================================================] 100% 1/1
Downloading: ncbi_dataset.zip    112MB 16.6MB/s
[1A[2K[1A[2KCollecting 1 genome record [================================================] 100% 1/1
Downloading: ncbi_dataset.zip    112MB 16.6MB/s
[1A[2K[1A[2KCollecting 1 genome record [================================================] 100% 1/1
Downloading: ncbi_dataset.zip    112MB 16.6MB/s
[1A[2K[1A[2KCollecting 1 genome record [================================================] 100% 1/1
Downloading: ncbi_dataset.zip    112MB 16.6MB/s
[1A[2K[1A[2KCollecting 1 genome record [================================================] 100% 1/1
Downloading: ncbi_dataset.zip    112MB 16.6MB/s
[1A[2K[1A[2KCollecting 1 genome record [================================================] 100% 1/1
Downloading: ncbi_dataset.zip    112MB 16.6MB/s
[1A[2K[1A[2KCollecting 1 genome record [================================================] 100% 1/1
Downloading: ncbi_dataset.zip    112MB 16.6MB/s
[1A[2K[1A[2KCollecting 1 genome record [================================================] 100% 1/1
Downloading: ncbi_dataset.zip    112MB 16.6MB/s
[1A[2K[1A[2KCollecting 1 genome record [================================================] 100% 1/1
Downloading: ncbi_dataset.zip    112MB 16.6MB/s
[1A[2K[1A[2KCollecting 1 genome record [================================================] 100% 1/1
Downloading: ncbi_dataset.zip    112MB 16.6MB/s
[1A[2K[1A[2KCollecting 1 genome record [================================================] 100% 1/1
Downloading: ncbi_dataset.zip    112MB 16.3MB/s
[1A[2K[1A[2KCollecting 1 genome record [================================================] 100% 1/1
Downloading: ncbi_dataset.zip    113MB 16.3MB/s
[1A[2K[1A[2KCollecting 1 genome record [================================================] 100% 1/1
Downloading: ncbi_dataset.zip    114MB 16.4MB/s
[1A[2K[1A[2KCollecting 1 genome record [================================================] 100% 1/1
Downloading: ncbi_dataset.zip    115MB 16.5MB/s
[1A[2K[1A[2KCollecting 1 genome record [================================================] 100% 1/1
Downloading: ncbi_dataset.zip    115MB 16.6MB/s
[1A[2K[1A[2KCollecting 1 genome record [================================================] 100% 1/1
Downloading: ncbi_dataset.zip    115MB 16.6MB/s
[1A[2K[1A[2KCollecting 1 genome record [================================================] 100% 1/1
Downloading: ncbi_dataset.zip    115MB 16.6MB/s
[1A[2K[1A[2KCollecting 1 genome record [================================================] 100% 1/1
Downloading: ncbi_dataset.zip    115MB 16.6MB/s
[1A[2K[1A[2KCollecting 1 genome record [================================================] 100% 1/1
Downloading: ncbi_dataset.zip    115MB 16.6MB/s
[1A[2K[1A[2KCollecting 1 genome record [================================================] 100% 1/1
Downloading: ncbi_dataset.zip    115MB 16.6MB/s
[1A[2K[1A[2KCollecting 1 genome record [================================================] 100% 1/1
Downloading: ncbi_dataset.zip    115MB 16.6MB/s
[1A[2K[1A[2KCollecting 1 genome record [================================================] 100% 1/1
Downloading: ncbi_dataset.zip    115MB 16.6MB/s
[1A[2K[1A[2KCollecting 1 genome record [================================================] 100% 1/1
Downloading: ncbi_dataset.zip    115MB 16.6MB/s
[1A[2K[1A[2KCollecting 1 genome record [================================================] 100% 1/1
Downloading: ncbi_dataset.zip    115MB 16.6MB/s
[1A[2K[1A[2KCollecting 1 genome record [================================================] 100% 1/1
Downloading: ncbi_dataset.zip    115MB 16.6MB/s
[1A[2K[1A[2KCollecting 1 genome record [================================================] 100% 1/1
Downloading: ncbi_dataset.zip    115MB 16.6MB/s
[1A[2K[1A[2KCollecting 1 genome record [================================================] 100% 1/1
Downloading: ncbi_dataset.zip    115MB 16.3MB/s
[1A[2K[1A[2KCollecting 1 genome record [================================================] 100% 1/1
Downloading: ncbi_dataset.zip    116MB 16.4MB/s
[1A[2K[1A[2KCollecting 1 genome record [================================================] 100% 1/1
Downloading: ncbi_dataset.zip    117MB 16.5MB/s
[1A[2K[1A[2KCollecting 1 genome record [================================================] 100% 1/1
Downloading: ncbi_dataset.zip    118MB 16.6MB/s
[1A[2K[1A[2KCollecting 1 genome record [================================================] 100% 1/1
Downloading: ncbi_dataset.zip    118MB 16.6MB/s
[1A[2K[1A[2KCollecting 1 genome record [================================================] 100% 1/1
Downloading: ncbi_dataset.zip    118MB 16.6MB/s
[1A[2K[1A[2KCollecting 1 genome record [================================================] 100% 1/1
Downloading: ncbi_dataset.zip    118MB 16.6MB/s
[1A[2K[1A[2KCollecting 1 genome record [================================================] 100% 1/1
Downloading: ncbi_dataset.zip    118MB 16.6MB/s
[1A[2K[1A[2KCollecting 1 genome record [================================================] 100% 1/1
Downloading: ncbi_dataset.zip    118MB 16.6MB/s
[1A[2K[1A[2KCollecting 1 genome record [================================================] 100% 1/1
Downloading: ncbi_dataset.zip    118MB 16.6MB/s
[1A[2K[1A[2KCollecting 1 genome record [================================================] 100% 1/1
Downloading: ncbi_dataset.zip    118MB 16.6MB/s
[1A[2K[1A[2KCollecting 1 genome record [================================================] 100% 1/1
Downloading: ncbi_dataset.zip    118MB 16.6MB/s
[1A[2K[1A[2KCollecting 1 genome record [================================================] 100% 1/1
Downloading: ncbi_dataset.zip    118MB 16.6MB/s
[1A[2K[1A[2KCollecting 1 genome record [================================================] 100% 1/1
Downloading: ncbi_dataset.zip    118MB 16.6MB/s
[1A[2K[1A[2KCollecting 1 genome record [================================================] 100% 1/1
Downloading: ncbi_dataset.zip    118MB 16.6MB/s
[1A[2K[1A[2KCollecting 1 genome record [================================================] 100% 1/1
Downloading: ncbi_dataset.zip    118MB 16.6MB/s
[1A[2K[1A[2KCollecting 1 genome record [================================================] 100% 1/1
Downloading: ncbi_dataset.zip    118MB 16.6MB/s
[1A[2K[1A[2KCollecting 1 genome record [================================================] 100% 1/1
Downloading: ncbi_dataset.zip    119MB 16.3MB/s
[1A[2K[1A[2KCollecting 1 genome record [================================================] 100% 1/1
Downloading: ncbi_dataset.zip    119MB 16.4MB/s
[1A[2K[1A[2KCollecting 1 genome record [================================================] 100% 1/1
Downloading: ncbi_dataset.zip    119MB 16.4MB/s
[1A[2K[1A[2KCollecting 1 genome record [================================================] 100% 1/1
Downloading: ncbi_dataset.zip    121MB 16.6MB/s
[1A[2K[1A[2KCollecting 1 genome record [================================================] 100% 1/1
Downloading: ncbi_dataset.zip    121MB 16.7MB/s
[1A[2K[1A[2KCollecting 1 genome record [================================================] 100% 1/1
Downloading: ncbi_dataset.zip    121MB 16.7MB/s
[1A[2K[1A[2KCollecting 1 genome record [================================================] 100% 1/1
Downloading: ncbi_dataset.zip    121MB 16.7MB/s
[1A[2K[1A[2KCollecting 1 genome record [================================================] 100% 1/1
Downloading: ncbi_dataset.zip    121MB 16.7MB/s
[1A[2K[1A[2KCollecting 1 genome record [================================================] 100% 1/1
Downloading: ncbi_dataset.zip    121MB 16.7MB/s
[1A[2K[1A[2KCollecting 1 genome record [================================================] 100% 1/1
Downloading: ncbi_dataset.zip    121MB 16.7MB/s
[1A[2K[1A[2KCollecting 1 genome record [================================================] 100% 1/1
Downloading: ncbi_dataset.zip    121MB 16.7MB/s
[1A[2K[1A[2KCollecting 1 genome record [================================================] 100% 1/1
Downloading: ncbi_dataset.zip    121MB 16.7MB/s
[1A[2K[1A[2KCollecting 1 genome record [================================================] 100% 1/1
Downloading: ncbi_dataset.zip    121MB 16.7MB/s
[1A[2K[1A[2KCollecting 1 genome record [================================================] 100% 1/1
Downloading: ncbi_dataset.zip    121MB 16.7MB/s
[1A[2K[1A[2KCollecting 1 genome record [================================================] 100% 1/1
Downloading: ncbi_dataset.zip    121MB 16.7MB/s
[1A[2K[1A[2KCollecting 1 genome record [================================================] 100% 1/1
Downloading: ncbi_dataset.zip    121MB 16.7MB/s
[1A[2K[1A[2KCollecting 1 genome record [================================================] 100% 1/1
Downloading: ncbi_dataset.zip    121MB 16.7MB/s
[1A[2K[1A[2KCollecting 1 genome record [================================================] 100% 1/1
Downloading: ncbi_dataset.zip    122MB 16.4MB/s
[1A[2K[1A[2KCollecting 1 genome record [================================================] 100% 1/1
Downloading: ncbi_dataset.zip    122MB 16.4MB/s
[1A[2K[1A[2KCollecting 1 genome record [================================================] 100% 1/1
Downloading: ncbi_dataset.zip    123MB 16.5MB/s
[1A[2K[1A[2KCollecting 1 genome record [================================================] 100% 1/1
Downloading: ncbi_dataset.zip    124MB 16.7MB/s
[1A[2K[1A[2KCollecting 1 genome record [================================================] 100% 1/1
Downloading: ncbi_dataset.zip    124MB 16.7MB/s
[1A[2K[1A[2KCollecting 1 genome record [================================================] 100% 1/1
Downloading: ncbi_dataset.zip    124MB 16.7MB/s
[1A[2K[1A[2KCollecting 1 genome record [================================================] 100% 1/1
Downloading: ncbi_dataset.zip    124MB 16.7MB/s
[1A[2K[1A[2KCollecting 1 genome record [================================================] 100% 1/1
Downloading: ncbi_dataset.zip    124MB 16.7MB/s
[1A[2K[1A[2KCollecting 1 genome record [================================================] 100% 1/1
Downloading: ncbi_dataset.zip    124MB 16.7MB/s
[1A[2K[1A[2KCollecting 1 genome record [================================================] 100% 1/1
Downloading: ncbi_dataset.zip    124MB 16.7MB/s
[1A[2K[1A[2KCollecting 1 genome record [================================================] 100% 1/1
Downloading: ncbi_dataset.zip    124MB 16.7MB/s
[1A[2K[1A[2KCollecting 1 genome record [================================================] 100% 1/1
Downloading: ncbi_dataset.zip    124MB 16.7MB/s
[1A[2K[1A[2KCollecting 1 genome record [================================================] 100% 1/1
Downloading: ncbi_dataset.zip    124MB 16.7MB/s
[1A[2K[1A[2KCollecting 1 genome record [================================================] 100% 1/1
Downloading: ncbi_dataset.zip    124MB 16.7MB/s
[1A[2K[1A[2KCollecting 1 genome record [================================================] 100% 1/1
Downloading: ncbi_dataset.zip    124MB 16.7MB/s
[1A[2K[1A[2KCollecting 1 genome record [================================================] 100% 1/1
Downloading: ncbi_dataset.zip    124MB 16.7MB/s
[1A[2K[1A[2KCollecting 1 genome record [================================================] 100% 1/1
Downloading: ncbi_dataset.zip    124MB 16.7MB/s
[1A[2K[1A[2KCollecting 1 genome record [================================================] 100% 1/1
Downloading: ncbi_dataset.zip    125MB 16.5MB/s
[1A[2K[1A[2KCollecting 1 genome record [================================================] 100% 1/1
Downloading: ncbi_dataset.zip    126MB 16.5MB/s
[1A[2K[1A[2KCollecting 1 genome record [================================================] 100% 1/1
Downloading: ncbi_dataset.zip    127MB 16.6MB/s
[1A[2K[1A[2KCollecting 1 genome record [================================================] 100% 1/1
Downloading: ncbi_dataset.zip    127MB 16.7MB/s
[1A[2K[1A[2KCollecting 1 genome record [================================================] 100% 1/1
Downloading: ncbi_dataset.zip    128MB 16.7MB/s
[1A[2K[1A[2KCollecting 1 genome record [================================================] 100% 1/1
Downloading: ncbi_dataset.zip    128MB 16.7MB/s
[1A[2K[1A[2KCollecting 1 genome record [================================================] 100% 1/1
Downloading: ncbi_dataset.zip    128MB 16.7MB/s
[1A[2K[1A[2KCollecting 1 genome record [================================================] 100% 1/1
Downloading: ncbi_dataset.zip    128MB 16.7MB/s
[1A[2K[1A[2KCollecting 1 genome record [================================================] 100% 1/1
Downloading: ncbi_dataset.zip    128MB 16.7MB/s
[1A[2K[1A[2KCollecting 1 genome record [================================================] 100% 1/1
Downloading: ncbi_dataset.zip    128MB 16.7MB/s
[1A[2K[1A[2KCollecting 1 genome record [================================================] 100% 1/1
Downloading: ncbi_dataset.zip    128MB 16.7MB/s
[1A[2K[1A[2KCollecting 1 genome record [================================================] 100% 1/1
Downloading: ncbi_dataset.zip    128MB 16.7MB/s
[1A[2K[1A[2KCollecting 1 genome record [================================================] 100% 1/1
Downloading: ncbi_dataset.zip    128MB 16.7MB/s
[1A[2K[1A[2KCollecting 1 genome record [================================================] 100% 1/1
Downloading: ncbi_dataset.zip    128MB 16.7MB/s
[1A[2K[1A[2KCollecting 1 genome record [================================================] 100% 1/1
Downloading: ncbi_dataset.zip    128MB 16.7MB/s
[1A[2K[1A[2KCollecting 1 genome record [================================================] 100% 1/1
Downloading: ncbi_dataset.zip    128MB 16.7MB/s
[1A[2K[1A[2KCollecting 1 genome record [================================================] 100% 1/1
Downloading: ncbi_dataset.zip    128MB 16.4MB/s
[1A[2K[1A[2KCollecting 1 genome record [================================================] 100% 1/1
Downloading: ncbi_dataset.zip    128MB 16.5MB/s
[1A[2K[1A[2KCollecting 1 genome record [================================================] 100% 1/1
Downloading: ncbi_dataset.zip    129MB 16.6MB/s
[1A[2K[1A[2KCollecting 1 genome record [================================================] 100% 1/1
Downloading: ncbi_dataset.zip    130MB 16.7MB/s
[1A[2K[1A[2KCollecting 1 genome record [================================================] 100% 1/1
Downloading: ncbi_dataset.zip    131MB 16.7MB/s
[1A[2K[1A[2KCollecting 1 genome record [================================================] 100% 1/1
Downloading: ncbi_dataset.zip    131MB 16.7MB/s
[1A[2K[1A[2KCollecting 1 genome record [================================================] 100% 1/1
Downloading: ncbi_dataset.zip    131MB 16.7MB/s
[1A[2K[1A[2KCollecting 1 genome record [================================================] 100% 1/1
Downloading: ncbi_dataset.zip    131MB 16.7MB/s
[1A[2K[1A[2KCollecting 1 genome record [================================================] 100% 1/1
Downloading: ncbi_dataset.zip    131MB 16.7MB/s
[1A[2K[1A[2KCollecting 1 genome record [================================================] 100% 1/1
Downloading: ncbi_dataset.zip    131MB 16.7MB/s
[1A[2K[1A[2KCollecting 1 genome record [================================================] 100% 1/1
Downloading: ncbi_dataset.zip    131MB 16.7MB/s
[1A[2K[1A[2KCollecting 1 genome record [================================================] 100% 1/1
Downloading: ncbi_dataset.zip    131MB 16.7MB/s
[1A[2K[1A[2KCollecting 1 genome record [================================================] 100% 1/1
Downloading: ncbi_dataset.zip    131MB 16.7MB/s
[1A[2K[1A[2KCollecting 1 genome record [================================================] 100% 1/1
Downloading: ncbi_dataset.zip    131MB 16.7MB/s
[1A[2K[1A[2KCollecting 1 genome record [================================================] 100% 1/1
Downloading: ncbi_dataset.zip    131MB 16.7MB/s
[1A[2K[1A[2KCollecting 1 genome record [================================================] 100% 1/1
Downloading: ncbi_dataset.zip    131MB 16.7MB/s
[1A[2K[1A[2KCollecting 1 genome record [================================================] 100% 1/1
Downloading: ncbi_dataset.zip    131MB 16.7MB/s
[1A[2K[1A[2KCollecting 1 genome record [================================================] 100% 1/1
Downloading: ncbi_dataset.zip    131MB 16.5MB/s
[1A[2K[1A[2KCollecting 1 genome record [================================================] 100% 1/1
Downloading: ncbi_dataset.zip    132MB 16.5MB/s
[1A[2K[1A[2KCollecting 1 genome record [================================================] 100% 1/1
Downloading: ncbi_dataset.zip    132MB 16.6MB/s
[1A[2K[1A[2KCollecting 1 genome record [================================================] 100% 1/1
Downloading: ncbi_dataset.zip    133MB 16.7MB/s
[1A[2K[1A[2KCollecting 1 genome record [================================================] 100% 1/1
Downloading: ncbi_dataset.zip    134MB 16.7MB/s
[1A[2K[1A[2KCollecting 1 genome record [================================================] 100% 1/1
Downloading: ncbi_dataset.zip    134MB 16.8MB/s
[1A[2K[1A[2KCollecting 1 genome record [================================================] 100% 1/1
Downloading: ncbi_dataset.zip    134MB 16.8MB/s
[1A[2K[1A[2KCollecting 1 genome record [================================================] 100% 1/1
Downloading: ncbi_dataset.zip    134MB 16.8MB/s
[1A[2K[1A[2KCollecting 1 genome record [================================================] 100% 1/1
Downloading: ncbi_dataset.zip    134MB 16.8MB/s
[1A[2K[1A[2KCollecting 1 genome record [================================================] 100% 1/1
Downloading: ncbi_dataset.zip    134MB 16.8MB/s
[1A[2K[1A[2KCollecting 1 genome record [================================================] 100% 1/1
Downloading: ncbi_dataset.zip    134MB 16.8MB/s
[1A[2K[1A[2KCollecting 1 genome record [================================================] 100% 1/1
Downloading: ncbi_dataset.zip    134MB 16.8MB/s
[1A[2K[1A[2KCollecting 1 genome record [================================================] 100% 1/1
Downloading: ncbi_dataset.zip    134MB 16.8MB/s
[1A[2K[1A[2KCollecting 1 genome record [================================================] 100% 1/1
Downloading: ncbi_dataset.zip    134MB 16.8MB/s
[1A[2K[1A[2KCollecting 1 genome record [================================================] 100% 1/1
Downloading: ncbi_dataset.zip    134MB 16.8MB/s
[1A[2K[1A[2KCollecting 1 genome record [================================================] 100% 1/1
Downloading: ncbi_dataset.zip    134MB 16.8MB/s
[1A[2K[1A[2KCollecting 1 genome record [================================================] 100% 1/1
Downloading: ncbi_dataset.zip    134MB 16.8MB/s
[1A[2K[1A[2KCollecting 1 genome record [================================================] 100% 1/1
Downloading: ncbi_dataset.zip    134MB 16.6MB/s
[1A[2K[1A[2KCollecting 1 genome record [================================================] 100% 1/1
Downloading: ncbi_dataset.zip    135MB 16.6MB/s
[1A[2K[1A[2KCollecting 1 genome record [================================================] 100% 1/1
Downloading: ncbi_dataset.zip    136MB 16.7MB/s
[1A[2K[1A[2KCollecting 1 genome record [================================================] 100% 1/1
Downloading: ncbi_dataset.zip    137MB 16.8MB/s
[1A[2K[1A[2KCollecting 1 genome record [================================================] 100% 1/1
Downloading: ncbi_dataset.zip    137MB 16.8MB/s
[1A[2K[1A[2KCollecting 1 genome record [================================================] 100% 1/1
Downloading: ncbi_dataset.zip    137MB 16.8MB/s
[1A[2K[1A[2KCollecting 1 genome record [================================================] 100% 1/1
Downloading: ncbi_dataset.zip    137MB 16.8MB/s
[1A[2K[1A[2KCollecting 1 genome record [================================================] 100% 1/1
Downloading: ncbi_dataset.zip    137MB 16.8MB/s
[1A[2K[1A[2KCollecting 1 genome record [================================================] 100% 1/1
Downloading: ncbi_dataset.zip    137MB 16.8MB/s
[1A[2K[1A[2KCollecting 1 genome record [================================================] 100% 1/1
Downloading: ncbi_dataset.zip    137MB 16.8MB/s
[1A[2K[1A[2KCollecting 1 genome record [================================================] 100% 1/1
Downloading: ncbi_dataset.zip    137MB 16.8MB/s
[1A[2K[1A[2KCollecting 1 genome record [================================================] 100% 1/1
Downloading: ncbi_dataset.zip    137MB 16.8MB/s
[1A[2K[1A[2KCollecting 1 genome record [================================================] 100% 1/1
Downloading: ncbi_dataset.zip    137MB 16.8MB/s
[1A[2K[1A[2KCollecting 1 genome record [================================================] 100% 1/1
Downloading: ncbi_dataset.zip    137MB 16.8MB/s
[1A[2K[1A[2KCollecting 1 genome record [================================================] 100% 1/1
Downloading: ncbi_dataset.zip    137MB 16.8MB/s
[1A[2K[1A[2KCollecting 1 genome record [================================================] 100% 1/1
Downloading: ncbi_dataset.zip    137MB 16.8MB/s
[1A[2K[1A[2KCollecting 1 genome record [================================================] 100% 1/1
Downloading: ncbi_dataset.zip    137MB 16.8MB/s
[1A[2K[1A[2KCollecting 1 genome record [================================================] 100% 1/1
Downloading: ncbi_dataset.zip    138MB 16.6MB/s
[1A[2K[1A[2KCollecting 1 genome record [================================================] 100% 1/1
Downloading: ncbi_dataset.zip    139MB 16.7MB/s
[1A[2K[1A[2KCollecting 1 genome record [================================================] 100% 1/1
Downloading: ncbi_dataset.zip    140MB 16.8MB/s
[1A[2K[1A[2KCollecting 1 genome record [================================================] 100% 1/1
Downloading: ncbi_dataset.zip    140MB 16.9MB/s
[1A[2K[1A[2KCollecting 1 genome record [================================================] 100% 1/1
Downloading: ncbi_dataset.zip    141MB 16.9MB/s
[1A[2K[1A[2KCollecting 1 genome record [================================================] 100% 1/1
Downloading: ncbi_dataset.zip    141MB 16.9MB/s
[1A[2K[1A[2KCollecting 1 genome record [================================================] 100% 1/1
Downloading: ncbi_dataset.zip    141MB 16.9MB/s
[1A[2K[1A[2KCollecting 1 genome record [================================================] 100% 1/1
Downloading: ncbi_dataset.zip    141MB 16.9MB/s
[1A[2K[1A[2KCollecting 1 genome record [================================================] 100% 1/1
Downloading: ncbi_dataset.zip    141MB 16.9MB/s
[1A[2K[1A[2KCollecting 1 genome record [================================================] 100% 1/1
Downloading: ncbi_dataset.zip    141MB 16.9MB/s
[1A[2K[1A[2KCollecting 1 genome record [================================================] 100% 1/1
Downloading: ncbi_dataset.zip    141MB 16.9MB/s
[1A[2K[1A[2KCollecting 1 genome record [================================================] 100% 1/1
Downloading: ncbi_dataset.zip    141MB 16.9MB/s
[1A[2K[1A[2KCollecting 1 genome record [================================================] 100% 1/1
Downloading: ncbi_dataset.zip    141MB 16.9MB/s
[1A[2K[1A[2KCollecting 1 genome record [================================================] 100% 1/1
Downloading: ncbi_dataset.zip    141MB 16.9MB/s
[1A[2K[1A[2KCollecting 1 genome record [================================================] 100% 1/1
Downloading: ncbi_dataset.zip    141MB 16.9MB/s
[1A[2K[1A[2KCollecting 1 genome record [================================================] 100% 1/1
Downloading: ncbi_dataset.zip    141MB 16.9MB/s
[1A[2K[1A[2KCollecting 1 genome record [================================================] 100% 1/1
Downloading: ncbi_dataset.zip    141MB 16.7MB/s
[1A[2K[1A[2KCollecting 1 genome record [================================================] 100% 1/1
Downloading: ncbi_dataset.zip    142MB 16.8MB/s
[1A[2K[1A[2KCollecting 1 genome record [================================================] 100% 1/1
Downloading: ncbi_dataset.zip    143MB 16.8MB/s
[1A[2K[1A[2KCollecting 1 genome record [================================================] 100% 1/1
Downloading: ncbi_dataset.zip    143MB 16.9MB/s
[1A[2K[1A[2KCollecting 1 genome record [================================================] 100% 1/1
Downloading: ncbi_dataset.zip    144MB 16.9MB/s
[1A[2K[1A[2KCollecting 1 genome record [================================================] 100% 1/1
Downloading: ncbi_dataset.zip    144MB 16.9MB/s
[1A[2K[1A[2KCollecting 1 genome record [================================================] 100% 1/1
Downloading: ncbi_dataset.zip    144MB 16.9MB/s
[1A[2K[1A[2KCollecting 1 genome record [================================================] 100% 1/1
Downloading: ncbi_dataset.zip    144MB 16.9MB/s
[1A[2K[1A[2KCollecting 1 genome record [================================================] 100% 1/1
Downloading: ncbi_dataset.zip    144MB 16.9MB/s
[1A[2K[1A[2KCollecting 1 genome record [================================================] 100% 1/1
Downloading: ncbi_dataset.zip    144MB 16.9MB/s
[1A[2K[1A[2KCollecting 1 genome record [================================================] 100% 1/1
Downloading: ncbi_dataset.zip    144MB 16.9MB/s
[1A[2K[1A[2KCollecting 1 genome record [================================================] 100% 1/1
Downloading: ncbi_dataset.zip    144MB 16.9MB/s
[1A[2K[1A[2KCollecting 1 genome record [================================================] 100% 1/1
Downloading: ncbi_dataset.zip    144MB 16.9MB/s
[1A[2K[1A[2KCollecting 1 genome record [================================================] 100% 1/1
Downloading: ncbi_dataset.zip    144MB 16.9MB/s
[1A[2K[1A[2KCollecting 1 genome record [================================================] 100% 1/1
Downloading: ncbi_dataset.zip    144MB 16.9MB/s
[1A[2K[1A[2KCollecting 1 genome record [================================================] 100% 1/1
Downloading: ncbi_dataset.zip    144MB 16.9MB/s
[1A[2K[1A[2KCollecting 1 genome record [================================================] 100% 1/1
Downloading: ncbi_dataset.zip    144MB 16.9MB/s
[1A[2K[1A[2KCollecting 1 genome record [================================================] 100% 1/1
Downloading: ncbi_dataset.zip    144MB 16.7MB/s
[1A[2K[1A[2KCollecting 1 genome record [================================================] 100% 1/1
Downloading: ncbi_dataset.zip    145MB 16.7MB/s
[1A[2K[1A[2KCollecting 1 genome record [================================================] 100% 1/1
Downloading: ncbi_dataset.zip    145MB 16.8MB/s
[1A[2K[1A[2KCollecting 1 genome record [================================================] 100% 1/1
Downloading: ncbi_dataset.zip    145MB 16.8MB/s
[1A[2K[1A[2KCollecting 1 genome record [================================================] 100% 1/1
Downloading: ncbi_dataset.zip    147MB 16.9MB/s
[1A[2K[1A[2KCollecting 1 genome record [================================================] 100% 1/1
Downloading: ncbi_dataset.zip    147MB 16.9MB/s
[1A[2K[1A[2KCollecting 1 genome record [================================================] 100% 1/1
Downloading: ncbi_dataset.zip    147MB 16.9MB/s
[1A[2K[1A[2KCollecting 1 genome record [================================================] 100% 1/1
Downloading: ncbi_dataset.zip    147MB 16.9MB/s
[1A[2K[1A[2KCollecting 1 genome record [================================================] 100% 1/1
Downloading: ncbi_dataset.zip    147MB 16.9MB/s
[1A[2K[1A[2KCollecting 1 genome record [================================================] 100% 1/1
Downloading: ncbi_dataset.zip    147MB 16.9MB/s
[1A[2K[1A[2KCollecting 1 genome record [================================================] 100% 1/1
Downloading: ncbi_dataset.zip    147MB 16.9MB/s
[1A[2K[1A[2KCollecting 1 genome record [================================================] 100% 1/1
Downloading: ncbi_dataset.zip    147MB 16.9MB/s
[1A[2K[1A[2KCollecting 1 genome record [================================================] 100% 1/1
Downloading: ncbi_dataset.zip    147MB 16.9MB/s
[1A[2K[1A[2KCollecting 1 genome record [================================================] 100% 1/1
Downloading: ncbi_dataset.zip    147MB 16.9MB/s
[1A[2K[1A[2KCollecting 1 genome record [================================================] 100% 1/1
Downloading: ncbi_dataset.zip    147MB 16.9MB/s
[1A[2K[1A[2KCollecting 1 genome record [================================================] 100% 1/1
Downloading: ncbi_dataset.zip    147MB 16.9MB/s
[1A[2K[1A[2KCollecting 1 genome record [================================================] 100% 1/1
Downloading: ncbi_dataset.zip    147MB 16.9MB/s
[1A[2K[1A[2KCollecting 1 genome record [================================================] 100% 1/1
Downloading: ncbi_dataset.zip    147MB 16.7MB/s
[1A[2K[1A[2KCollecting 1 genome record [================================================] 100% 1/1
Downloading: ncbi_dataset.zip    148MB 16.8MB/s
[1A[2K[1A[2KCollecting 1 genome record [================================================] 100% 1/1
Downloading: ncbi_dataset.zip    148MB 16.8MB/s
[1A[2K[1A[2KCollecting 1 genome record [================================================] 100% 1/1
Downloading: ncbi_dataset.zip    149MB 16.9MB/s
[1A[2K[1A[2KCollecting 1 genome record [================================================] 100% 1/1
Downloading: ncbi_dataset.zip    150MB 16.9MB/s
[1A[2K[1A[2KCollecting 1 genome record [================================================] 100% 1/1
Downloading: ncbi_dataset.zip    150MB 17MB/s
[1A[2K[1A[2KCollecting 1 genome record [================================================] 100% 1/1
Downloading: ncbi_dataset.zip    151MB 17MB/s
[1A[2K[1A[2KCollecting 1 genome record [================================================] 100% 1/1
Downloading: ncbi_dataset.zip    151MB 17MB/s
[1A[2K[1A[2KCollecting 1 genome record [================================================] 100% 1/1
Downloading: ncbi_dataset.zip    151MB 17MB/s
[1A[2K[1A[2KCollecting 1 genome record [================================================] 100% 1/1
Downloading: ncbi_dataset.zip    151MB 17MB/s
[1A[2K[1A[2KCollecting 1 genome record [================================================] 100% 1/1
Downloading: ncbi_dataset.zip    151MB 17MB/s
[1A[2K[1A[2KCollecting 1 genome record [================================================] 100% 1/1
Downloading: ncbi_dataset.zip    151MB 17MB/s
[1A[2K[1A[2KCollecting 1 genome record [================================================] 100% 1/1
Downloading: ncbi_dataset.zip    151MB 17MB/s
[1A[2K[1A[2KCollecting 1 genome record [================================================] 100% 1/1
Downloading: ncbi_dataset.zip    151MB 17MB/s
[1A[2K[1A[2KCollecting 1 genome record [================================================] 100% 1/1
Downloading: ncbi_dataset.zip    151MB 17MB/s
[1A[2K[1A[2KCollecting 1 genome record [================================================] 100% 1/1
Downloading: ncbi_dataset.zip    151MB 17MB/s
[1A[2K[1A[2KCollecting 1 genome record [================================================] 100% 1/1
Downloading: ncbi_dataset.zip    151MB 17MB/s
[1A[2K[1A[2KCollecting 1 genome record [================================================] 100% 1/1
Downloading: ncbi_dataset.zip    151MB 16.9MB/s
[1A[2K[1A[2KCollecting 1 genome record [================================================] 100% 1/1
Downloading: ncbi_dataset.zip    152MB 16.9MB/s
[1A[2K[1A[2KCollecting 1 genome record [================================================] 100% 1/1
Downloading: ncbi_dataset.zip    153MB 16.9MB/s
[1A[2K[1A[2KCollecting 1 genome record [================================================] 100% 1/1
Downloading: ncbi_dataset.zip    153MB 17MB/s
[1A[2K[1A[2KCollecting 1 genome record [================================================] 100% 1/1
Downloading: ncbi_dataset.zip    154MB 17MB/s
[1A[2K[1A[2KCollecting 1 genome record [================================================] 100% 1/1
Downloading: ncbi_dataset.zip    154MB 17MB/s
[1A[2K[1A[2KCollecting 1 genome record [================================================] 100% 1/1
Downloading: ncbi_dataset.zip    154MB 17MB/s
[1A[2K[1A[2KCollecting 1 genome record [================================================] 100% 1/1
Downloading: ncbi_dataset.zip    154MB 17MB/s
[1A[2K[1A[2KCollecting 1 genome record [================================================] 100% 1/1
Downloading: ncbi_dataset.zip    154MB 17MB/s
[1A[2K[1A[2KCollecting 1 genome record [================================================] 100% 1/1
Downloading: ncbi_dataset.zip    154MB 17MB/s
[1A[2K[1A[2KCollecting 1 genome record [================================================] 100% 1/1
Downloading: ncbi_dataset.zip    154MB 17MB/s
[1A[2K[1A[2KCollecting 1 genome record [================================================] 100% 1/1
Downloading: ncbi_dataset.zip    154MB 17MB/s
[1A[2K[1A[2KCollecting 1 genome record [================================================] 100% 1/1
Downloading: ncbi_dataset.zip    154MB 17MB/s
[1A[2K[1A[2KCollecting 1 genome record [================================================] 100% 1/1
Downloading: ncbi_dataset.zip    154MB 17MB/s
[1A[2K[1A[2KCollecting 1 genome record [================================================] 100% 1/1
Downloading: ncbi_dataset.zip    154MB 17MB/s
[1A[2K[1A[2KCollecting 1 genome record [================================================] 100% 1/1
Downloading: ncbi_dataset.zip    154MB 17MB/s
[1A[2K[1A[2KCollecting 1 genome record [================================================] 100% 1/1
Downloading: ncbi_dataset.zip    154MB 16.8MB/s
[1A[2K[1A[2KCollecting 1 genome record [================================================] 100% 1/1
Downloading: ncbi_dataset.zip    155MB 16.9MB/s
[1A[2K[1A[2KCollecting 1 genome record [================================================] 100% 1/1
Downloading: ncbi_dataset.zip    155MB 17MB/s
[1A[2K[1A[2KCollecting 1 genome record [================================================] 100% 1/1
Downloading: ncbi_dataset.zip    156MB 17MB/s
[1A[2K[1A[2KCollecting 1 genome record [================================================] 100% 1/1
Downloading: ncbi_dataset.zip    157MB 17.1MB/s
[1A[2K[1A[2KCollecting 1 genome record [================================================] 100% 1/1
Downloading: ncbi_dataset.zip    157MB 17.1MB/s
[1A[2K[1A[2KCollecting 1 genome record [================================================] 100% 1/1
Downloading: ncbi_dataset.zip    157MB 17.1MB/s
[1A[2K[1A[2KCollecting 1 genome record [================================================] 100% 1/1
Downloading: ncbi_dataset.zip    158MB 17.1MB/s
[1A[2K[1A[2KCollecting 1 genome record [================================================] 100% 1/1
Downloading: ncbi_dataset.zip    158MB 17.1MB/s
[1A[2K[1A[2KCollecting 1 genome record [================================================] 100% 1/1
Downloading: ncbi_dataset.zip    158MB 17.1MB/s
[1A[2K[1A[2KCollecting 1 genome record [================================================] 100% 1/1
Downloading: ncbi_dataset.zip    158MB 17.1MB/s
[1A[2K[1A[2KCollecting 1 genome record [================================================] 100% 1/1
Downloading: ncbi_dataset.zip    158MB 17.1MB/s
[1A[2K[1A[2KCollecting 1 genome record [================================================] 100% 1/1
Downloading: ncbi_dataset.zip    158MB 17.1MB/s
[1A[2K[1A[2KCollecting 1 genome record [================================================] 100% 1/1
Downloading: ncbi_dataset.zip    158MB 17.1MB/s
[1A[2K[1A[2KCollecting 1 genome record [================================================] 100% 1/1
Downloading: ncbi_dataset.zip    158MB 17.1MB/s
[1A[2K[1A[2KCollecting 1 genome record [================================================] 100% 1/1
Downloading: ncbi_dataset.zip    158MB 17.1MB/s
[1A[2K[1A[2KCollecting 1 genome record [================================================] 100% 1/1
Downloading: ncbi_dataset.zip    158MB 17.1MB/s
[1A[2K[1A[2KCollecting 1 genome record [================================================] 100% 1/1
Downloading: ncbi_dataset.zip    158MB 17MB/s
[1A[2K[1A[2KCollecting 1 genome record [================================================] 100% 1/1
Downloading: ncbi_dataset.zip    158MB 17MB/s
[1A[2K[1A[2KCollecting 1 genome record [================================================] 100% 1/1
Downloading: ncbi_dataset.zip    160MB 17.1MB/s
[1A[2K[1A[2KCollecting 1 genome record [================================================] 100% 1/1
Downloading: ncbi_dataset.zip    160MB 17.1MB/s
[1A[2K[1A[2KCollecting 1 genome record [================================================] 100% 1/1
Downloading: ncbi_dataset.zip    161MB 17.2MB/s
[1A[2K[1A[2KCollecting 1 genome record [================================================] 100% 1/1
Downloading: ncbi_dataset.zip    161MB 17.2MB/s
[1A[2K[1A[2KCollecting 1 genome record [================================================] 100% 1/1
Downloading: ncbi_dataset.zip    161MB 17.2MB/s
[1A[2K[1A[2KCollecting 1 genome record [================================================] 100% 1/1
Downloading: ncbi_dataset.zip    161MB 17.2MB/s
[1A[2K[1A[2KCollecting 1 genome record [================================================] 100% 1/1
Downloading: ncbi_dataset.zip    161MB 17.2MB/s
[1A[2K[1A[2KCollecting 1 genome record [================================================] 100% 1/1
Downloading: ncbi_dataset.zip    161MB 17.2MB/s
[1A[2K[1A[2KCollecting 1 genome record [================================================] 100% 1/1
Downloading: ncbi_dataset.zip    161MB 17.2MB/s
[1A[2K[1A[2KCollecting 1 genome record [================================================] 100% 1/1
Downloading: ncbi_dataset.zip    161MB 17.2MB/s
[1A[2K[1A[2KCollecting 1 genome record [================================================] 100% 1/1
Downloading: ncbi_dataset.zip    161MB 17.2MB/s
[1A[2K[1A[2KCollecting 1 genome record [================================================] 100% 1/1
Downloading: ncbi_dataset.zip    161MB 17.2MB/s
[1A[2K[1A[2KCollecting 1 genome record [================================================] 100% 1/1
Downloading: ncbi_dataset.zip    161MB 17.2MB/s
[1A[2K[1A[2KCollecting 1 genome record [================================================] 100% 1/1
Downloading: ncbi_dataset.zip    161MB 17.2MB/s
[1A[2K[1A[2KCollecting 1 genome record [================================================] 100% 1/1
Downloading: ncbi_dataset.zip    161MB 17.2MB/s
[1A[2K[1A[2KCollecting 1 genome record [================================================] 100% 1/1
Downloading: ncbi_dataset.zip    162MB 17.1MB/s
[1A[2K[1A[2KCollecting 1 genome record [================================================] 100% 1/1
Downloading: ncbi_dataset.zip    163MB 17.1MB/s
[1A[2K[1A[2KCollecting 1 genome record [================================================] 100% 1/1
Downloading: ncbi_dataset.zip    163MB 17.2MB/s
[1A[2K[1A[2KCollecting 1 genome record [================================================] 100% 1/1
Downloading: ncbi_dataset.zip    164MB 17.2MB/s
[1A[2K[1A[2KCollecting 1 genome record [================================================] 100% 1/1
Downloading: ncbi_dataset.zip    165MB 17.3MB/s
[1A[2K[1A[2KCollecting 1 genome record [================================================] 100% 1/1
Downloading: ncbi_dataset.zip    165MB 17.3MB/s
[1A[2K[1A[2KCollecting 1 genome record [================================================] 100% 1/1
Downloading: ncbi_dataset.zip    165MB 17.3MB/s
[1A[2K[1A[2KCollecting 1 genome record [================================================] 100% 1/1
Downloading: ncbi_dataset.zip    165MB 17.3MB/s
[1A[2K[1A[2KCollecting 1 genome record [================================================] 100% 1/1
Downloading: ncbi_dataset.zip    165MB 17.3MB/s
[1A[2K[1A[2KCollecting 1 genome record [================================================] 100% 1/1
Downloading: ncbi_dataset.zip    165MB 17.3MB/s
[1A[2K[1A[2KCollecting 1 genome record [================================================] 100% 1/1
Downloading: ncbi_dataset.zip    165MB 17.3MB/s
[1A[2K[1A[2KCollecting 1 genome record [================================================] 100% 1/1
Downloading: ncbi_dataset.zip    165MB 17.3MB/s
[1A[2K[1A[2KCollecting 1 genome record [================================================] 100% 1/1
Downloading: ncbi_dataset.zip    165MB 17.3MB/s
[1A[2K[1A[2KCollecting 1 genome record [================================================] 100% 1/1
Downloading: ncbi_dataset.zip    165MB 17.3MB/s
[1A[2K[1A[2KCollecting 1 genome record [================================================] 100% 1/1
Downloading: ncbi_dataset.zip    165MB 17.3MB/s
[1A[2K[1A[2KCollecting 1 genome record [================================================] 100% 1/1
Downloading: ncbi_dataset.zip    165MB 17.3MB/s
[1A[2K[1A[2KCollecting 1 genome record [================================================] 100% 1/1
Downloading: ncbi_dataset.zip    165MB 17.3MB/s
[1A[2K[1A[2KCollecting 1 genome record [================================================] 100% 1/1
Downloading: ncbi_dataset.zip    166MB 17.2MB/s
[1A[2K[1A[2KCollecting 1 genome record [================================================] 100% 1/1
Downloading: ncbi_dataset.zip    167MB 17.2MB/s
[1A[2K[1A[2KCollecting 1 genome record [================================================] 100% 1/1
Downloading: ncbi_dataset.zip    167MB 17.3MB/s
[1A[2K[1A[2KCollecting 1 genome record [================================================] 100% 1/1
Downloading: ncbi_dataset.zip    168MB 17.3MB/s
[1A[2K[1A[2KCollecting 1 genome record [================================================] 100% 1/1
Downloading: ncbi_dataset.zip    169MB 17.4MB/s
[1A[2K[1A[2KCollecting 1 genome record [================================================] 100% 1/1
Downloading: ncbi_dataset.zip    169MB 17.4MB/s
[1A[2K[1A[2KCollecting 1 genome record [================================================] 100% 1/1
Downloading: ncbi_dataset.zip    169MB 17.4MB/s
[1A[2K[1A[2KCollecting 1 genome record [================================================] 100% 1/1
Downloading: ncbi_dataset.zip    169MB 17.4MB/s
[1A[2K[1A[2KCollecting 1 genome record [================================================] 100% 1/1
Downloading: ncbi_dataset.zip    169MB 17.4MB/s
[1A[2K[1A[2KCollecting 1 genome record [================================================] 100% 1/1
Downloading: ncbi_dataset.zip    169MB 17.4MB/s
[1A[2K[1A[2KCollecting 1 genome record [================================================] 100% 1/1
Downloading: ncbi_dataset.zip    169MB 17.4MB/s
[1A[2K[1A[2KCollecting 1 genome record [================================================] 100% 1/1
Downloading: ncbi_dataset.zip    169MB 17.4MB/s
[1A[2K[1A[2KCollecting 1 genome record [================================================] 100% 1/1
Downloading: ncbi_dataset.zip    169MB 17.4MB/s
[1A[2K[1A[2KCollecting 1 genome record [================================================] 100% 1/1
Downloading: ncbi_dataset.zip    169MB 17.4MB/s
[1A[2K[1A[2KCollecting 1 genome record [================================================] 100% 1/1
Downloading: ncbi_dataset.zip    169MB 17.4MB/s
[1A[2K[1A[2KCollecting 1 genome record [================================================] 100% 1/1
Downloading: ncbi_dataset.zip    169MB 17.4MB/s
[1A[2K[1A[2KCollecting 1 genome record [================================================] 100% 1/1
Downloading: ncbi_dataset.zip    169MB 17.2MB/s
[1A[2K[1A[2KCollecting 1 genome record [================================================] 100% 1/1
Downloading: ncbi_dataset.zip    170MB 17.2MB/s
[1A[2K[1A[2KCollecting 1 genome record [================================================] 100% 1/1
Downloading: ncbi_dataset.zip    170MB 17.3MB/s
[1A[2K[1A[2KCollecting 1 genome record [================================================] 100% 1/1
Downloading: ncbi_dataset.zip    171MB 17.3MB/s
[1A[2K[1A[2KCollecting 1 genome record [================================================] 100% 1/1
Downloading: ncbi_dataset.zip    171MB 17.4MB/s
[1A[2K[1A[2KCollecting 1 genome record [================================================] 100% 1/1
Downloading: ncbi_dataset.zip    172MB 17.4MB/s
[1A[2K[1A[2KCollecting 1 genome record [================================================] 100% 1/1
Downloading: ncbi_dataset.zip    172MB 17.4MB/s
[1A[2K[1A[2KCollecting 1 genome record [================================================] 100% 1/1
Downloading: ncbi_dataset.zip    172MB 17.4MB/s
[1A[2K[1A[2KCollecting 1 genome record [================================================] 100% 1/1
Downloading: ncbi_dataset.zip    172MB 17.4MB/s
[1A[2K[1A[2KCollecting 1 genome record [================================================] 100% 1/1
Downloading: ncbi_dataset.zip    172MB 17.4MB/s
[1A[2K[1A[2KCollecting 1 genome record [================================================] 100% 1/1
Downloading: ncbi_dataset.zip    172MB 17.4MB/s
[1A[2K[1A[2KCollecting 1 genome record [================================================] 100% 1/1
Downloading: ncbi_dataset.zip    172MB 17.4MB/s
[1A[2K[1A[2KCollecting 1 genome record [================================================] 100% 1/1
Downloading: ncbi_dataset.zip    172MB 17.4MB/s
[1A[2K[1A[2KCollecting 1 genome record [================================================] 100% 1/1
Downloading: ncbi_dataset.zip    172MB 17.4MB/s
[1A[2K[1A[2KCollecting 1 genome record [================================================] 100% 1/1
Downloading: ncbi_dataset.zip    172MB 17.4MB/s
[1A[2K[1A[2KCollecting 1 genome record [================================================] 100% 1/1
Downloading: ncbi_dataset.zip    172MB 17.4MB/s
[1A[2K[1A[2KCollecting 1 genome record [================================================] 100% 1/1
Downloading: ncbi_dataset.zip    172MB 17.4MB/s
[1A[2K[1A[2KCollecting 1 genome record [================================================] 100% 1/1
Downloading: ncbi_dataset.zip    173MB 17.3MB/s
[1A[2K[1A[2KCollecting 1 genome record [================================================] 100% 1/1
Downloading: ncbi_dataset.zip    174MB 17.3MB/s
[1A[2K[1A[2KCollecting 1 genome record [================================================] 100% 1/1
Downloading: ncbi_dataset.zip    174MB 17.4MB/s
[1A[2K[1A[2KCollecting 1 genome record [================================================] 100% 1/1
Downloading: ncbi_dataset.zip    175MB 17.4MB/s
[1A[2K[1A[2KCollecting 1 genome record [================================================] 100% 1/1
Downloading: ncbi_dataset.zip    176MB 17.5MB/s
[1A[2K[1A[2KCollecting 1 genome record [================================================] 100% 1/1
Downloading: ncbi_dataset.zip    176MB 17.5MB/s
[1A[2K[1A[2KCollecting 1 genome record [================================================] 100% 1/1
Downloading: ncbi_dataset.zip    176MB 17.5MB/s
[1A[2K[1A[2KCollecting 1 genome record [================================================] 100% 1/1
Downloading: ncbi_dataset.zip    176MB 17.5MB/s
[1A[2K[1A[2KCollecting 1 genome record [================================================] 100% 1/1
Downloading: ncbi_dataset.zip    176MB 17.5MB/s
[1A[2K[1A[2KCollecting 1 genome record [================================================] 100% 1/1
Downloading: ncbi_dataset.zip    176MB 17.5MB/s
[1A[2K[1A[2KCollecting 1 genome record [================================================] 100% 1/1
Downloading: ncbi_dataset.zip    176MB 17.5MB/s
[1A[2K[1A[2KCollecting 1 genome record [================================================] 100% 1/1
Downloading: ncbi_dataset.zip    176MB 17.5MB/s
[1A[2K[1A[2KCollecting 1 genome record [================================================] 100% 1/1
Downloading: ncbi_dataset.zip    176MB 17.5MB/s
[1A[2K[1A[2KCollecting 1 genome record [================================================] 100% 1/1
Downloading: ncbi_dataset.zip    176MB 17.5MB/s
[1A[2K[1A[2KCollecting 1 genome record [================================================] 100% 1/1
Downloading: ncbi_dataset.zip    176MB 17.5MB/s
[1A[2K[1A[2KCollecting 1 genome record [================================================] 100% 1/1
Downloading: ncbi_dataset.zip    176MB 17.5MB/s
[1A[2K[1A[2KCollecting 1 genome record [================================================] 100% 1/1
Downloading: ncbi_dataset.zip    176MB 17.5MB/s
[1A[2K[1A[2KCollecting 1 genome record [================================================] 100% 1/1
Downloading: ncbi_dataset.zip    177MB 17.3MB/s
[1A[2K[1A[2KCollecting 1 genome record [================================================] 100% 1/1
Downloading: ncbi_dataset.zip    177MB 17.4MB/s
[1A[2K[1A[2KCollecting 1 genome record [================================================] 100% 1/1
Downloading: ncbi_dataset.zip    178MB 17.5MB/s
[1A[2K[1A[2KCollecting 1 genome record [================================================] 100% 1/1
Downloading: ncbi_dataset.zip    179MB 17.5MB/s
[1A[2K[1A[2KCollecting 1 genome record [================================================] 100% 1/1
Downloading: ncbi_dataset.zip    179MB 17.6MB/s
[1A[2K[1A[2KCollecting 1 genome record [================================================] 100% 1/1
Downloading: ncbi_dataset.zip    180MB 17.6MB/s
[1A[2K[1A[2KCollecting 1 genome record [================================================] 100% 1/1
Downloading: ncbi_dataset.zip    180MB 17.6MB/s
[1A[2K[1A[2KCollecting 1 genome record [================================================] 100% 1/1
Downloading: ncbi_dataset.zip    180MB 17.6MB/s
[1A[2K[1A[2KCollecting 1 genome record [================================================] 100% 1/1
Downloading: ncbi_dataset.zip    180MB 17.6MB/s
[1A[2K[1A[2KCollecting 1 genome record [================================================] 100% 1/1
Downloading: ncbi_dataset.zip    180MB 17.6MB/s
[1A[2K[1A[2KCollecting 1 genome record [================================================] 100% 1/1
Downloading: ncbi_dataset.zip    180MB 17.6MB/s
[1A[2K[1A[2KCollecting 1 genome record [================================================] 100% 1/1
Downloading: ncbi_dataset.zip    180MB 17.6MB/s
[1A[2K[1A[2KCollecting 1 genome record [================================================] 100% 1/1
Downloading: ncbi_dataset.zip    180MB 17.6MB/s
[1A[2K[1A[2KCollecting 1 genome record [================================================] 100% 1/1
Downloading: ncbi_dataset.zip    180MB 17.6MB/s
[1A[2K[1A[2KCollecting 1 genome record [================================================] 100% 1/1
Downloading: ncbi_dataset.zip    180MB 17.6MB/s
[1A[2K[1A[2KCollecting 1 genome record [================================================] 100% 1/1
Downloading: ncbi_dataset.zip    180MB 17.6MB/s
[1A[2K[1A[2KCollecting 1 genome record [================================================] 100% 1/1
Downloading: ncbi_dataset.zip    180MB 17.6MB/s
[1A[2K[1A[2KCollecting 1 genome record [================================================] 100% 1/1
Downloading: ncbi_dataset.zip    180MB 17.4MB/s
[1A[2K[1A[2KCollecting 1 genome record [================================================] 100% 1/1
Downloading: ncbi_dataset.zip    181MB 17.4MB/s
[1A[2K[1A[2KCollecting 1 genome record [================================================] 100% 1/1
Downloading: ncbi_dataset.zip    181MB 17.5MB/s
[1A[2K[1A[2KCollecting 1 genome record [================================================] 100% 1/1
Downloading: ncbi_dataset.zip    182MB 17.5MB/s
[1A[2K[1A[2KCollecting 1 genome record [================================================] 100% 1/1
Downloading: ncbi_dataset.zip    183MB 17.6MB/s
[1A[2K[1A[2KCollecting 1 genome record [================================================] 100% 1/1
Downloading: ncbi_dataset.zip    183MB 17.6MB/s
[1A[2K[1A[2KCollecting 1 genome record [================================================] 100% 1/1
Downloading: ncbi_dataset.zip    183MB 17.6MB/s
[1A[2K[1A[2KCollecting 1 genome record [================================================] 100% 1/1
Downloading: ncbi_dataset.zip    183MB 17.6MB/s
[1A[2K[1A[2KCollecting 1 genome record [================================================] 100% 1/1
Downloading: ncbi_dataset.zip    183MB 17.6MB/s
[1A[2K[1A[2KCollecting 1 genome record [================================================] 100% 1/1
Downloading: ncbi_dataset.zip    183MB 17.6MB/s
[1A[2K[1A[2KCollecting 1 genome record [================================================] 100% 1/1
Downloading: ncbi_dataset.zip    183MB 17.6MB/s
[1A[2K[1A[2KCollecting 1 genome record [================================================] 100% 1/1
Downloading: ncbi_dataset.zip    183MB 17.6MB/s
[1A[2K[1A[2KCollecting 1 genome record [================================================] 100% 1/1
Downloading: ncbi_dataset.zip    183MB 17.6MB/s
[1A[2K[1A[2KCollecting 1 genome record [================================================] 100% 1/1
Downloading: ncbi_dataset.zip    183MB 17.6MB/s
[1A[2K[1A[2KCollecting 1 genome record [================================================] 100% 1/1
Downloading: ncbi_dataset.zip    183MB 17.6MB/s
[1A[2K[1A[2KCollecting 1 genome record [================================================] 100% 1/1
Downloading: ncbi_dataset.zip    183MB 17.6MB/s
[1A[2K[1A[2KCollecting 1 genome record [================================================] 100% 1/1
Downloading: ncbi_dataset.zip    183MB 17.4MB/s
[1A[2K[1A[2KCollecting 1 genome record [================================================] 100% 1/1
Downloading: ncbi_dataset.zip    183MB 17.4MB/s
[1A[2K[1A[2KCollecting 1 genome record [================================================] 100% 1/1
Downloading: ncbi_dataset.zip    183MB 17.4MB/s
[1A[2K[1A[2KCollecting 1 genome record [================================================] 100% 1/1
Downloading: ncbi_dataset.zip    183MB 17.4MB/s
[1A[2K[1A[2KCollecting 1 genome record [================================================] 100% 1/1
Downloading: ncbi_dataset.zip    183MB 17.4MB/s
[1A[2K[1A[2KCollecting 1 genome record [================================================] 100% 1/1
Downloading: ncbi_dataset.zip    183MB 17.4MB/s
[1A[2K[1A[2KCollecting 1 genome record [================================================] 100% 1/1
Downloading: ncbi_dataset.zip    183MB 17.4MB/s
[1A[2K[1A[2KCollecting 1 genome record [================================================] 100% 1/1
Downloading: ncbi_dataset.zip    183MB 17.4MB/s
[1A[2K[1A[2KCollecting 1 genome record [================================================] 100% 1/1
Downloading: ncbi_dataset.zip    183MB 17.4MB/s
[1A[2K[1A[2KCollecting 1 genome record [================================================] 100% 1/1
Downloading: ncbi_dataset.zip    183MB 17.4MB/s
[1A[2K[1A[2KCollecting 1 genome record [================================================] 100% 1/1
Downloading: ncbi_dataset.zip    183MB 17.4MB/s
[1A[2K[1A[2KCollecting 1 genome record [================================================] 100% 1/1
Downloading: ncbi_dataset.zip    183MB 17.4MB/s
[1A[2K[1A[2KCollecting 1 genome record [================================================] 100% 1/1
Downloading: ncbi_dataset.zip    183MB 17.4MB/s
[1A[2K[1A[2KCollecting 1 genome record [================================================] 100% 1/1
Downloading: ncbi_dataset.zip    183MB 17.4MB/s
[1A[2K[1A[2KCollecting 1 genome record [================================================] 100% 1/1
Downloading: ncbi_dataset.zip    183MB 17.4MB/s
[1A[2K[1A[2KCollecting 1 genome record [================================================] 100% 1/1
Downloading: ncbi_dataset.zip    183MB 17.4MB/s
[1A[2K[1A[2KCollecting 1 genome record [================================================] 100% 1/1
Downloading: ncbi_dataset.zip    183MB 17.4MB/s
[1A[2K[1A[2KCollecting 1 genome record [================================================] 100% 1/1
Downloading: ncbi_dataset.zip    184MB 17.2MB/s
[1A[2K[1A[2KCollecting 1 genome record [================================================] 100% 1/1
Downloading: ncbi_dataset.zip    184MB 17.2MB/s
[1A[2K[1A[2KCollecting 1 genome record [================================================] 100% 1/1
Downloading: ncbi_dataset.zip    185MB 17.3MB/s
[1A[2K[1A[2KCollecting 1 genome record [================================================] 100% 1/1
Downloading: ncbi_dataset.zip    186MB 17.3MB/s
[1A[2K[1A[2KCollecting 1 genome record [================================================] 100% 1/1
Downloading: ncbi_dataset.zip    186MB 17.4MB/s
[1A[2K[1A[2KCollecting 1 genome record [================================================] 100% 1/1
Downloading: ncbi_dataset.zip    187MB 17.4MB/s
[1A[2K[1A[2KCollecting 1 genome record [================================================] 100% 1/1
Downloading: ncbi_dataset.zip    187MB 17.4MB/s
[1A[2K[1A[2KCollecting 1 genome record [================================================] 100% 1/1
Downloading: ncbi_dataset.zip    187MB 17.4MB/s
[1A[2K[1A[2KCollecting 1 genome record [================================================] 100% 1/1
Downloading: ncbi_dataset.zip    187MB 17.4MB/s
[1A[2K[1A[2KCollecting 1 genome record [================================================] 100% 1/1
Downloading: ncbi_dataset.zip    187MB 17.4MB/s
[1A[2K[1A[2KCollecting 1 genome record [================================================] 100% 1/1
Downloading: ncbi_dataset.zip    187MB 17.4MB/s
[1A[2K[1A[2KCollecting 1 genome record [================================================] 100% 1/1
Downloading: ncbi_dataset.zip    187MB 17.4MB/s
[1A[2K[1A[2KCollecting 1 genome record [================================================] 100% 1/1
Downloading: ncbi_dataset.zip    187MB 17.4MB/s
[1A[2K[1A[2KCollecting 1 genome record [================================================] 100% 1/1
Downloading: ncbi_dataset.zip    187MB 17.4MB/s
[1A[2K[1A[2KCollecting 1 genome record [================================================] 100% 1/1
Downloading: ncbi_dataset.zip    187MB 17.4MB/s
[1A[2K[1A[2KCollecting 1 genome record [================================================] 100% 1/1
Downloading: ncbi_dataset.zip    187MB 17.4MB/s
[1A[2K[1A[2KCollecting 1 genome record [================================================] 100% 1/1
Downloading: ncbi_dataset.zip    187MB 17.4MB/s
[1A[2K[1A[2KCollecting 1 genome record [================================================] 100% 1/1
Downloading: ncbi_dataset.zip    187MB 17.4MB/s
[1A[2K[1A[2KCollecting 1 genome record [================================================] 100% 1/1
Downloading: ncbi_dataset.zip    188MB 17.3MB/s
[1A[2K[1A[2KCollecting 1 genome record [================================================] 100% 1/1
Downloading: ncbi_dataset.zip    189MB 17.3MB/s
[1A[2K[1A[2KCollecting 1 genome record [================================================] 100% 1/1
Downloading: ncbi_dataset.zip    189MB 17.3MB/s
[1A[2K[1A[2KCollecting 1 genome record [================================================] 100% 1/1
Downloading: ncbi_dataset.zip    190MB 17.4MB/s
[1A[2K[1A[2KCollecting 1 genome record [================================================] 100% 1/1
Downloading: ncbi_dataset.zip    190MB 17.4MB/s
[1A[2K[1A[2KCollecting 1 genome record [================================================] 100% 1/1
Downloading: ncbi_dataset.zip    190MB 17.4MB/s
[1A[2K[1A[2KCollecting 1 genome record [================================================] 100% 1/1
Downloading: ncbi_dataset.zip    190MB 17.4MB/s
[1A[2K[1A[2KCollecting 1 genome record [================================================] 100% 1/1
Downloading: ncbi_dataset.zip    190MB 17.4MB/s
[1A[2K[1A[2KCollecting 1 genome record [================================================] 100% 1/1
Downloading: ncbi_dataset.zip    190MB 17.4MB/s
[1A[2K[1A[2KCollecting 1 genome record [================================================] 100% 1/1
Downloading: ncbi_dataset.zip    190MB 17.4MB/s
[1A[2K[1A[2KCollecting 1 genome record [================================================] 100% 1/1
Downloading: ncbi_dataset.zip    190MB 17.4MB/s
[1A[2K[1A[2KCollecting 1 genome record [================================================] 100% 1/1
Downloading: ncbi_dataset.zip    190MB 17.4MB/s
[1A[2K[1A[2KCollecting 1 genome record [================================================] 100% 1/1
Downloading: ncbi_dataset.zip    190MB 17.4MB/s
[1A[2K[1A[2KCollecting 1 genome record [================================================] 100% 1/1
Downloading: ncbi_dataset.zip    190MB 17.4MB/s
[1A[2K[1A[2KCollecting 1 genome record [================================================] 100% 1/1
Downloading: ncbi_dataset.zip    190MB 17.4MB/s
[1A[2K[1A[2KCollecting 1 genome record [================================================] 100% 1/1
Downloading: ncbi_dataset.zip    190MB 17.4MB/s
[1A[2K[1A[2KCollecting 1 genome record [================================================] 100% 1/1
Downloading: ncbi_dataset.zip    190MB 17.2MB/s
[1A[2K[1A[2KCollecting 1 genome record [================================================] 100% 1/1
Downloading: ncbi_dataset.zip    191MB 17.3MB/s
[1A[2K[1A[2KCollecting 1 genome record [================================================] 100% 1/1
Downloading: ncbi_dataset.zip    192MB 17.3MB/s
[1A[2K[1A[2KCollecting 1 genome record [================================================] 100% 1/1
Downloading: ncbi_dataset.zip    193MB 17.4MB/s
[1A[2K[1A[2KCollecting 1 genome record [================================================] 100% 1/1
Downloading: ncbi_dataset.zip    193MB 17.4MB/s
[1A[2K[1A[2KCollecting 1 genome record [================================================] 100% 1/1
Downloading: ncbi_dataset.zip    193MB 17.4MB/s
[1A[2K[1A[2KCollecting 1 genome record [================================================] 100% 1/1
Downloading: ncbi_dataset.zip    193MB 17.4MB/s
[1A[2K[1A[2KCollecting 1 genome record [================================================] 100% 1/1
Downloading: ncbi_dataset.zip    193MB 17.4MB/s
[1A[2K[1A[2KCollecting 1 genome record [================================================] 100% 1/1
Downloading: ncbi_dataset.zip    193MB 17.4MB/s
[1A[2K[1A[2KCollecting 1 genome record [================================================] 100% 1/1
Downloading: ncbi_dataset.zip    193MB 17.4MB/s
[1A[2K[1A[2KCollecting 1 genome record [================================================] 100% 1/1
Downloading: ncbi_dataset.zip    193MB 17.4MB/s
[1A[2K[1A[2KCollecting 1 genome record [================================================] 100% 1/1
Downloading: ncbi_dataset.zip    193MB 17.4MB/s
[1A[2K[1A[2KCollecting 1 genome record [================================================] 100% 1/1
Downloading: ncbi_dataset.zip    193MB 17.4MB/s
[1A[2K[1A[2KCollecting 1 genome record [================================================] 100% 1/1
Downloading: ncbi_dataset.zip    193MB 17.4MB/s
[1A[2K[1A[2KCollecting 1 genome record [================================================] 100% 1/1
Downloading: ncbi_dataset.zip    193MB 17.4MB/s
[1A[2K[1A[2KCollecting 1 genome record [================================================] 100% 1/1
Downloading: ncbi_dataset.zip    193MB 17.4MB/s
[1A[2K[1A[2KCollecting 1 genome record [================================================] 100% 1/1
Downloading: ncbi_dataset.zip    193MB 17.4MB/s
[1A[2K[1A[2KCollecting 1 genome record [================================================] 100% 1/1
Downloading: ncbi_dataset.zip    193MB 17.2MB/s
[1A[2K[1A[2KCollecting 1 genome record [================================================] 100% 1/1
Downloading: ncbi_dataset.zip    194MB 17.3MB/s
[1A[2K[1A[2KCollecting 1 genome record [================================================] 100% 1/1
Downloading: ncbi_dataset.zip    195MB 17.3MB/s
[1A[2K[1A[2KCollecting 1 genome record [================================================] 100% 1/1
Downloading: ncbi_dataset.zip    196MB 17.4MB/s
[1A[2K[1A[2KCollecting 1 genome record [================================================] 100% 1/1
Downloading: ncbi_dataset.zip    196MB 17.4MB/s
[1A[2K[1A[2KCollecting 1 genome record [================================================] 100% 1/1
Downloading: ncbi_dataset.zip    196MB 17.4MB/s
[1A[2K[1A[2KCollecting 1 genome record [================================================] 100% 1/1
Downloading: ncbi_dataset.zip    196MB 17.4MB/s
[1A[2K[1A[2KCollecting 1 genome record [================================================] 100% 1/1
Downloading: ncbi_dataset.zip    196MB 17.4MB/s
[1A[2K[1A[2KCollecting 1 genome record [================================================] 100% 1/1
Downloading: ncbi_dataset.zip    196MB 17.4MB/s
[1A[2K[1A[2KCollecting 1 genome record [================================================] 100% 1/1
Downloading: ncbi_dataset.zip    196MB 17.4MB/s
[1A[2K[1A[2KCollecting 1 genome record [================================================] 100% 1/1
Downloading: ncbi_dataset.zip    196MB 17.4MB/s
[1A[2K[1A[2KCollecting 1 genome record [================================================] 100% 1/1
Downloading: ncbi_dataset.zip    196MB 17.4MB/s
[1A[2K[1A[2KCollecting 1 genome record [================================================] 100% 1/1
Downloading: ncbi_dataset.zip    196MB 17.4MB/s
[1A[2K[1A[2KCollecting 1 genome record [================================================] 100% 1/1
Downloading: ncbi_dataset.zip    196MB 17.4MB/s
[1A[2K[1A[2KCollecting 1 genome record [================================================] 100% 1/1
Downloading: ncbi_dataset.zip    196MB 17.4MB/s
[1A[2K[1A[2KCollecting 1 genome record [================================================] 100% 1/1
Downloading: ncbi_dataset.zip    196MB 17.4MB/s
[1A[2K[1A[2KCollecting 1 genome record [================================================] 100% 1/1
Downloading: ncbi_dataset.zip    196MB 17.4MB/s
[1A[2K[1A[2KCollecting 1 genome record [================================================] 100% 1/1
Downloading: ncbi_dataset.zip    196MB 17.3MB/s
[1A[2K[1A[2KCollecting 1 genome record [================================================] 100% 1/1
Downloading: ncbi_dataset.zip    197MB 17.3MB/s
[1A[2K[1A[2KCollecting 1 genome record [================================================] 100% 1/1
Downloading: ncbi_dataset.zip    198MB 17.3MB/s
[1A[2K[1A[2KCollecting 1 genome record [================================================] 100% 1/1
Downloading: ncbi_dataset.zip    199MB 17.4MB/s
[1A[2K[1A[2KCollecting 1 genome record [================================================] 100% 1/1
Downloading: ncbi_dataset.zip    199MB 17.4MB/s
[1A[2K[1A[2KCollecting 1 genome record [================================================] 100% 1/1
Downloading: ncbi_dataset.zip    199MB 17.4MB/s
[1A[2K[1A[2KCollecting 1 genome record [================================================] 100% 1/1
Downloading: ncbi_dataset.zip    199MB 17.4MB/s
[1A[2K[1A[2KCollecting 1 genome record [================================================] 100% 1/1
Downloading: ncbi_dataset.zip    199MB 17.4MB/s
[1A[2K[1A[2KCollecting 1 genome record [================================================] 100% 1/1
Downloading: ncbi_dataset.zip    199MB 17.4MB/s
[1A[2K[1A[2KCollecting 1 genome record [================================================] 100% 1/1
Downloading: ncbi_dataset.zip    199MB 17.4MB/s
[1A[2K[1A[2KCollecting 1 genome record [================================================] 100% 1/1
Downloading: ncbi_dataset.zip    199MB 17.4MB/s
[1A[2K[1A[2KCollecting 1 genome record [================================================] 100% 1/1
Downloading: ncbi_dataset.zip    199MB 17.4MB/s
[1A[2K[1A[2KCollecting 1 genome record [================================================] 100% 1/1
Downloading: ncbi_dataset.zip    199MB 17.4MB/s
[1A[2K[1A[2KCollecting 1 genome record [================================================] 100% 1/1
Downloading: ncbi_dataset.zip    199MB 17.4MB/s
[1A[2K[1A[2KCollecting 1 genome record [================================================] 100% 1/1
Downloading: ncbi_dataset.zip    199MB 17.4MB/s
[1A[2K[1A[2KCollecting 1 genome record [================================================] 100% 1/1
Downloading: ncbi_dataset.zip    199MB 17.4MB/s
[1A[2K[1A[2KCollecting 1 genome record [================================================] 100% 1/1
Downloading: ncbi_dataset.zip    199MB 17.2MB/s
[1A[2K[1A[2KCollecting 1 genome record [================================================] 100% 1/1
Downloading: ncbi_dataset.zip    199MB 17.2MB/s
[1A[2K[1A[2KCollecting 1 genome record [================================================] 100% 1/1
Downloading: ncbi_dataset.zip    200MB 17.3MB/s
[1A[2K[1A[2KCollecting 1 genome record [================================================] 100% 1/1
Downloading: ncbi_dataset.zip    201MB 17.3MB/s
[1A[2K[1A[2KCollecting 1 genome record [================================================] 100% 1/1
Downloading: ncbi_dataset.zip    202MB 17.4MB/s
[1A[2K[1A[2KCollecting 1 genome record [================================================] 100% 1/1
Downloading: ncbi_dataset.zip    202MB 17.4MB/s
[1A[2K[1A[2KCollecting 1 genome record [================================================] 100% 1/1
Downloading: ncbi_dataset.zip    202MB 17.4MB/s
[1A[2K[1A[2KCollecting 1 genome record [================================================] 100% 1/1
Downloading: ncbi_dataset.zip    202MB 17.4MB/s
[1A[2K[1A[2KCollecting 1 genome record [================================================] 100% 1/1
Downloading: ncbi_dataset.zip    202MB 17.4MB/s
[1A[2K[1A[2KCollecting 1 genome record [================================================] 100% 1/1
Downloading: ncbi_dataset.zip    202MB 17.4MB/s
[1A[2K[1A[2KCollecting 1 genome record [================================================] 100% 1/1
Downloading: ncbi_dataset.zip    202MB 17.4MB/s
[1A[2K[1A[2KCollecting 1 genome record [================================================] 100% 1/1
Downloading: ncbi_dataset.zip    202MB 17.4MB/s
[1A[2K[1A[2KCollecting 1 genome record [================================================] 100% 1/1
Downloading: ncbi_dataset.zip    202MB 17.4MB/s
[1A[2K[1A[2KCollecting 1 genome record [================================================] 100% 1/1
Downloading: ncbi_dataset.zip    202MB 17.4MB/s
[1A[2K[1A[2KCollecting 1 genome record [================================================] 100% 1/1
Downloading: ncbi_dataset.zip    202MB 17.4MB/s
[1A[2K[1A[2KCollecting 1 genome record [================================================] 100% 1/1
Downloading: ncbi_dataset.zip    202MB 17.4MB/s
[1A[2K[1A[2KCollecting 1 genome record [================================================] 100% 1/1
Downloading: ncbi_dataset.zip    202MB 17.4MB/s
[1A[2K[1A[2KCollecting 1 genome record [================================================] 100% 1/1
Downloading: ncbi_dataset.zip    202MB 17.2MB/s
[1A[2K[1A[2KCollecting 1 genome record [================================================] 100% 1/1
Downloading: ncbi_dataset.zip    202MB 17.3MB/s
[1A[2K[1A[2KCollecting 1 genome record [================================================] 100% 1/1
Downloading: ncbi_dataset.zip    203MB 17.3MB/s
[1A[2K[1A[2KCollecting 1 genome record [================================================] 100% 1/1
Downloading: ncbi_dataset.zip    204MB 17.4MB/s
[1A[2K[1A[2KCollecting 1 genome record [================================================] 100% 1/1
Downloading: ncbi_dataset.zip    205MB 17.4MB/s
[1A[2K[1A[2KCollecting 1 genome record [================================================] 100% 1/1
Downloading: ncbi_dataset.zip    205MB 17.4MB/s
[1A[2K[1A[2KCollecting 1 genome record [================================================] 100% 1/1
Downloading: ncbi_dataset.zip    205MB 17.4MB/s
[1A[2K[1A[2KCollecting 1 genome record [================================================] 100% 1/1
Downloading: ncbi_dataset.zip    205MB 17.4MB/s
[1A[2K[1A[2KCollecting 1 genome record [================================================] 100% 1/1
Downloading: ncbi_dataset.zip    205MB 17.4MB/s
[1A[2K[1A[2KCollecting 1 genome record [================================================] 100% 1/1
Downloading: ncbi_dataset.zip    205MB 17.4MB/s
[1A[2K[1A[2KCollecting 1 genome record [================================================] 100% 1/1
Downloading: ncbi_dataset.zip    205MB 17.4MB/s
[1A[2K[1A[2KCollecting 1 genome record [================================================] 100% 1/1
Downloading: ncbi_dataset.zip    205MB 17.4MB/s
[1A[2K[1A[2KCollecting 1 genome record [================================================] 100% 1/1
Downloading: ncbi_dataset.zip    205MB 17.4MB/s
[1A[2K[1A[2KCollecting 1 genome record [================================================] 100% 1/1
Downloading: ncbi_dataset.zip    205MB 17.4MB/s
[1A[2K[1A[2KCollecting 1 genome record [================================================] 100% 1/1
Downloading: ncbi_dataset.zip    205MB 17.4MB/s
[1A[2K[1A[2KCollecting 1 genome record [================================================] 100% 1/1
Downloading: ncbi_dataset.zip    205MB 17.4MB/s
[1A[2K[1A[2KCollecting 1 genome record [================================================] 100% 1/1
Downloading: ncbi_dataset.zip    205MB 17.2MB/s
[1A[2K[1A[2KCollecting 1 genome record [================================================] 100% 1/1
Downloading: ncbi_dataset.zip    205MB 17.2MB/s
[1A[2K[1A[2KCollecting 1 genome record [================================================] 100% 1/1
Downloading: ncbi_dataset.zip    206MB 17.3MB/s
[1A[2K[1A[2KCollecting 1 genome record [================================================] 100% 1/1
Downloading: ncbi_dataset.zip    207MB 17.3MB/s
[1A[2K[1A[2KCollecting 1 genome record [================================================] 100% 1/1
Downloading: ncbi_dataset.zip    208MB 17.4MB/s
[1A[2K[1A[2KCollecting 1 genome record [================================================] 100% 1/1
Downloading: ncbi_dataset.zip    208MB 17.4MB/s
[1A[2K[1A[2KCollecting 1 genome record [================================================] 100% 1/1
Downloading: ncbi_dataset.zip    208MB 17.4MB/s
[1A[2K[1A[2KCollecting 1 genome record [================================================] 100% 1/1
Downloading: ncbi_dataset.zip    208MB 17.4MB/s
[1A[2K[1A[2KCollecting 1 genome record [================================================] 100% 1/1
Downloading: ncbi_dataset.zip    208MB 17.4MB/s
[1A[2K[1A[2KCollecting 1 genome record [================================================] 100% 1/1
Downloading: ncbi_dataset.zip    208MB 17.4MB/s
[1A[2K[1A[2KCollecting 1 genome record [================================================] 100% 1/1
Downloading: ncbi_dataset.zip    208MB 17.4MB/s
[1A[2K[1A[2KCollecting 1 genome record [================================================] 100% 1/1
Downloading: ncbi_dataset.zip    208MB 17.4MB/s
[1A[2K[1A[2KCollecting 1 genome record [================================================] 100% 1/1
Downloading: ncbi_dataset.zip    208MB 17.4MB/s
[1A[2K[1A[2KCollecting 1 genome record [================================================] 100% 1/1
Downloading: ncbi_dataset.zip    208MB 17.4MB/s
[1A[2K[1A[2KCollecting 1 genome record [================================================] 100% 1/1
Downloading: ncbi_dataset.zip    208MB 17.4MB/s
[1A[2K[1A[2KCollecting 1 genome record [================================================] 100% 1/1
Downloading: ncbi_dataset.zip    208MB 17.4MB/s
[1A[2K[1A[2KCollecting 1 genome record [================================================] 100% 1/1
Downloading: ncbi_dataset.zip    208MB 17.4MB/s
[1A[2K[1A[2KCollecting 1 genome record [================================================] 100% 1/1
Downloading: ncbi_dataset.zip    208MB 17.2MB/s
[1A[2K[1A[2KCollecting 1 genome record [================================================] 100% 1/1
Downloading: ncbi_dataset.zip    208MB 17.2MB/s
[1A[2K[1A[2KCollecting 1 genome record [================================================] 100% 1/1
Downloading: ncbi_dataset.zip    209MB 17.3MB/s
[1A[2K[1A[2KCollecting 1 genome record [================================================] 100% 1/1
Downloading: ncbi_dataset.zip    210MB 17.3MB/s
[1A[2K[1A[2KCollecting 1 genome record [================================================] 100% 1/1
Downloading: ncbi_dataset.zip    210MB 17.4MB/s
[1A[2K[1A[2KCollecting 1 genome record [================================================] 100% 1/1
Downloading: ncbi_dataset.zip    211MB 17.4MB/s
[1A[2K[1A[2KCollecting 1 genome record [================================================] 100% 1/1
Downloading: ncbi_dataset.zip    211MB 17.4MB/s
[1A[2K[1A[2KCollecting 1 genome record [================================================] 100% 1/1
Downloading: ncbi_dataset.zip    211MB 17.4MB/s
[1A[2K[1A[2KCollecting 1 genome record [================================================] 100% 1/1
Downloading: ncbi_dataset.zip    211MB 17.4MB/s
[1A[2K[1A[2KCollecting 1 genome record [================================================] 100% 1/1
Downloading: ncbi_dataset.zip    211MB 17.4MB/s
[1A[2K[1A[2KCollecting 1 genome record [================================================] 100% 1/1
Downloading: ncbi_dataset.zip    211MB 17.4MB/s
[1A[2K[1A[2KCollecting 1 genome record [================================================] 100% 1/1
Downloading: ncbi_dataset.zip    211MB 17.4MB/s
[1A[2K[1A[2KCollecting 1 genome record [================================================] 100% 1/1
Downloading: ncbi_dataset.zip    211MB 17.4MB/s
[1A[2K[1A[2KCollecting 1 genome record [================================================] 100% 1/1
Downloading: ncbi_dataset.zip    211MB 17.4MB/s
[1A[2K[1A[2KCollecting 1 genome record [================================================] 100% 1/1
Downloading: ncbi_dataset.zip    211MB 17.4MB/s
[1A[2K[1A[2KCollecting 1 genome record [================================================] 100% 1/1
Downloading: ncbi_dataset.zip    211MB 17.4MB/s
[1A[2K[1A[2KCollecting 1 genome record [================================================] 100% 1/1
Downloading: ncbi_dataset.zip    211MB 17.4MB/s
[1A[2K[1A[2KCollecting 1 genome record [================================================] 100% 1/1
Downloading: ncbi_dataset.zip    211MB 17.2MB/s
[1A[2K[1A[2KCollecting 1 genome record [================================================] 100% 1/1
Downloading: ncbi_dataset.zip    211MB 17.3MB/s
[1A[2K[1A[2KCollecting 1 genome record [================================================] 100% 1/1
Downloading: ncbi_dataset.zip    212MB 17.3MB/s
[1A[2K[1A[2KCollecting 1 genome record [================================================] 100% 1/1
Downloading: ncbi_dataset.zip    213MB 17.3MB/s
[1A[2K[1A[2KCollecting 1 genome record [================================================] 100% 1/1
Downloading: ncbi_dataset.zip    213MB 17.4MB/s
[1A[2K[1A[2KCollecting 1 genome record [================================================] 100% 1/1
Downloading: ncbi_dataset.zip    213MB 17.4MB/s
[1A[2K[1A[2KCollecting 1 genome record [================================================] 100% 1/1
Downloading: ncbi_dataset.zip    214MB 17.4MB/s
[1A[2K[1A[2KCollecting 1 genome record [================================================] 100% 1/1
Downloading: ncbi_dataset.zip    214MB 17.4MB/s
[1A[2K[1A[2KCollecting 1 genome record [================================================] 100% 1/1
Downloading: ncbi_dataset.zip    214MB 17.4MB/s
[1A[2K[1A[2KCollecting 1 genome record [================================================] 100% 1/1
Downloading: ncbi_dataset.zip    214MB 17.4MB/s
[1A[2K[1A[2KCollecting 1 genome record [================================================] 100% 1/1
Downloading: ncbi_dataset.zip    214MB 17.4MB/s
[1A[2K[1A[2KCollecting 1 genome record [================================================] 100% 1/1
Downloading: ncbi_dataset.zip    214MB 17.4MB/s
[1A[2K[1A[2KCollecting 1 genome record [================================================] 100% 1/1
Downloading: ncbi_dataset.zip    214MB 17.4MB/s
[1A[2K[1A[2KCollecting 1 genome record [================================================] 100% 1/1
Downloading: ncbi_dataset.zip    214MB 17.4MB/s
[1A[2K[1A[2KCollecting 1 genome record [================================================] 100% 1/1
Downloading: ncbi_dataset.zip    214MB 17.4MB/s
[1A[2K[1A[2KCollecting 1 genome record [================================================] 100% 1/1
Downloading: ncbi_dataset.zip    214MB 17.4MB/s
[1A[2K[1A[2KCollecting 1 genome record [================================================] 100% 1/1
Downloading: ncbi_dataset.zip    214MB 17.4MB/s
[1A[2K[1A[2KCollecting 1 genome record [================================================] 100% 1/1
Downloading: ncbi_dataset.zip    214MB 17.2MB/s
[1A[2K[1A[2KCollecting 1 genome record [================================================] 100% 1/1
Downloading: ncbi_dataset.zip    214MB 17.2MB/s
[1A[2K[1A[2KCollecting 1 genome record [================================================] 100% 1/1
Downloading: ncbi_dataset.zip    215MB 17.3MB/s
[1A[2K[1A[2KCollecting 1 genome record [================================================] 100% 1/1
Downloading: ncbi_dataset.zip    216MB 17.3MB/s
[1A[2K[1A[2KCollecting 1 genome record [================================================] 100% 1/1
Downloading: ncbi_dataset.zip    217MB 17.4MB/s
[1A[2K[1A[2KCollecting 1 genome record [================================================] 100% 1/1
Downloading: ncbi_dataset.zip    217MB 17.4MB/s
[1A[2K[1A[2KCollecting 1 genome record [================================================] 100% 1/1
Downloading: ncbi_dataset.zip    217MB 17.4MB/s
[1A[2K[1A[2KCollecting 1 genome record [================================================] 100% 1/1
Downloading: ncbi_dataset.zip    217MB 17.4MB/s
[1A[2K[1A[2KCollecting 1 genome record [================================================] 100% 1/1
Downloading: ncbi_dataset.zip    217MB 17.4MB/s
[1A[2K[1A[2KCollecting 1 genome record [================================================] 100% 1/1
Downloading: ncbi_dataset.zip    217MB 17.4MB/s
[1A[2K[1A[2KCollecting 1 genome record [================================================] 100% 1/1
Downloading: ncbi_dataset.zip    217MB 17.4MB/s
[1A[2K[1A[2KCollecting 1 genome record [================================================] 100% 1/1
Downloading: ncbi_dataset.zip    217MB 17.4MB/s
[1A[2K[1A[2KCollecting 1 genome record [================================================] 100% 1/1
Downloading: ncbi_dataset.zip    217MB 17.4MB/s
[1A[2K[1A[2KCollecting 1 genome record [================================================] 100% 1/1
Downloading: ncbi_dataset.zip    217MB 17.4MB/s
[1A[2K[1A[2KCollecting 1 genome record [================================================] 100% 1/1
Downloading: ncbi_dataset.zip    217MB 17.4MB/s
[1A[2K[1A[2KCollecting 1 genome record [================================================] 100% 1/1
Downloading: ncbi_dataset.zip    217MB 17.4MB/s
[1A[2K[1A[2KCollecting 1 genome record [================================================] 100% 1/1
Downloading: ncbi_dataset.zip    217MB 17.4MB/s
[1A[2K[1A[2KCollecting 1 genome record [================================================] 100% 1/1
Downloading: ncbi_dataset.zip    217MB 17.2MB/s
[1A[2K[1A[2KCollecting 1 genome record [================================================] 100% 1/1
Downloading: ncbi_dataset.zip    218MB 17.3MB/s
[1A[2K[1A[2KCollecting 1 genome record [================================================] 100% 1/1
Downloading: ncbi_dataset.zip    218MB 17.3MB/s
[1A[2K[1A[2KCollecting 1 genome record [================================================] 100% 1/1
Downloading: ncbi_dataset.zip    219MB 17.4MB/s
[1A[2K[1A[2KCollecting 1 genome record [================================================] 100% 1/1
Downloading: ncbi_dataset.zip    220MB 17.4MB/s
[1A[2K[1A[2KCollecting 1 genome record [================================================] 100% 1/1
Downloading: ncbi_dataset.zip    220MB 17.4MB/s
[1A[2K[1A[2KCollecting 1 genome record [================================================] 100% 1/1
Downloading: ncbi_dataset.zip    220MB 17.4MB/s
[1A[2K[1A[2KCollecting 1 genome record [================================================] 100% 1/1
Downloading: ncbi_dataset.zip    220MB 17.4MB/s
[1A[2K[1A[2KCollecting 1 genome record [================================================] 100% 1/1
Downloading: ncbi_dataset.zip    220MB 17.4MB/s
[1A[2K[1A[2KCollecting 1 genome record [================================================] 100% 1/1
Downloading: ncbi_dataset.zip    220MB 17.4MB/s
[1A[2K[1A[2KCollecting 1 genome record [================================================] 100% 1/1
Downloading: ncbi_dataset.zip    220MB 17.4MB/s
[1A[2K[1A[2KCollecting 1 genome record [================================================] 100% 1/1
Downloading: ncbi_dataset.zip    220MB 17.4MB/s
[1A[2K[1A[2KCollecting 1 genome record [================================================] 100% 1/1
Downloading: ncbi_dataset.zip    220MB 17.4MB/s
[1A[2K[1A[2KCollecting 1 genome record [================================================] 100% 1/1
Downloading: ncbi_dataset.zip    220MB 17.4MB/s
[1A[2K[1A[2KCollecting 1 genome record [================================================] 100% 1/1
Downloading: ncbi_dataset.zip    220MB 17.4MB/s
[1A[2K[1A[2KCollecting 1 genome record [================================================] 100% 1/1
Downloading: ncbi_dataset.zip    220MB 17.4MB/s
[1A[2K[1A[2KCollecting 1 genome record [================================================] 100% 1/1
Downloading: ncbi_dataset.zip    220MB 17.2MB/s
[1A[2K[1A[2KCollecting 1 genome record [================================================] 100% 1/1
Downloading: ncbi_dataset.zip    220MB 17.3MB/s
[1A[2K[1A[2KCollecting 1 genome record [================================================] 100% 1/1
Downloading: ncbi_dataset.zip    221MB 17.3MB/s
[1A[2K[1A[2KCollecting 1 genome record [================================================] 100% 1/1
Downloading: ncbi_dataset.zip    221MB 17.3MB/s
[1A[2K[1A[2KCollecting 1 genome record [================================================] 100% 1/1
Downloading: ncbi_dataset.zip    221MB 17.3MB/s
[1A[2K[1A[2KCollecting 1 genome record [================================================] 100% 1/1
Downloading: ncbi_dataset.zip    221MB 17.3MB/s
[1A[2K[1A[2KCollecting 1 genome record [================================================] 100% 1/1
Downloading: ncbi_dataset.zip    222MB 17.3MB/s
[1A[2K[1A[2KCollecting 1 genome record [================================================] 100% 1/1
Downloading: ncbi_dataset.zip    222MB 17.3MB/s
[1A[2K[1A[2KCollecting 1 genome record [================================================] 100% 1/1
Downloading: ncbi_dataset.zip    222MB 17.3MB/s
[1A[2K[1A[2KCollecting 1 genome record [================================================] 100% 1/1
Downloading: ncbi_dataset.zip    222MB 17.3MB/s
[1A[2K[1A[2KCollecting 1 genome record [================================================] 100% 1/1
Downloading: ncbi_dataset.zip    223MB 17.3MB/s
[1A[2K[1A[2KCollecting 1 genome record [================================================] 100% 1/1
Downloading: ncbi_dataset.zip    223MB 17.3MB/s
[1A[2K[1A[2KCollecting 1 genome record [================================================] 100% 1/1
Downloading: ncbi_dataset.zip    223MB 17.3MB/s
[1A[2K[1A[2KCollecting 1 genome record [================================================] 100% 1/1
Downloading: ncbi_dataset.zip    223MB 17.3MB/s
[1A[2K[1A[2KCollecting 1 genome record [================================================] 100% 1/1
Downloading: ncbi_dataset.zip    223MB 17.3MB/s
[1A[2K[1A[2KCollecting 1 genome record [================================================] 100% 1/1
Downloading: ncbi_dataset.zip    223MB 17.3MB/s
[1A[2K[1A[2KCollecting 1 genome record [================================================] 100% 1/1
Downloading: ncbi_dataset.zip    223MB 17.3MB/s
[1A[2K[1A[2KCollecting 1 genome record [================================================] 100% 1/1
Downloading: ncbi_dataset.zip    223MB 17.2MB/s
[1A[2K[1A[2KCollecting 1 genome record [================================================] 100% 1/1
Downloading: ncbi_dataset.zip    223MB 17.2MB/s
[1A[2K[1A[2KCollecting 1 genome record [================================================] 100% 1/1
Downloading: ncbi_dataset.zip    223MB 17.2MB/s
[1A[2K[1A[2KCollecting 1 genome record [================================================] 100% 1/1
Downloading: ncbi_dataset.zip    223MB 17.2MB/s
[1A[2K[1A[2KCollecting 1 genome record [================================================] 100% 1/1
Downloading: ncbi_dataset.zip    223MB 17.2MB/s
[1A[2K[1A[2KCollecting 1 genome record [================================================] 100% 1/1
Downloading: ncbi_dataset.zip    223MB 17.2MB/s
[1A[2K[1A[2KCollecting 1 genome record [================================================] 100% 1/1
Downloading: ncbi_dataset.zip    223MB 17.2MB/s
[1A[2K[1A[2KCollecting 1 genome record [================================================] 100% 1/1
Downloading: ncbi_dataset.zip    223MB 17.2MB/s
[1A[2K[1A[2KCollecting 1 genome record [================================================] 100% 1/1
Downloading: ncbi_dataset.zip    223MB 17.2MB/s
[1A[2K[1A[2KCollecting 1 genome record [================================================] 100% 1/1
Downloading: ncbi_dataset.zip    223MB 17.2MB/s
[1A[2K[1A[2KCollecting 1 genome record [================================================] 100% 1/1
Downloading: ncbi_dataset.zip    223MB 17.2MB/s
[1A[2K[1A[2KCollecting 1 genome record [================================================] 100% 1/1
Downloading: ncbi_dataset.zip    223MB 17.2MB/s
[1A[2K[1A[2KCollecting 1 genome record [================================================] 100% 1/1
Downloading: ncbi_dataset.zip    223MB 17.2MB/s
[1A[2K[1A[2KCollecting 1 genome record [================================================] 100% 1/1
Downloading: ncbi_dataset.zip    223MB 17.2MB/s
[1A[2K[1A[2KCollecting 1 genome record [================================================] 100% 1/1
Downloading: ncbi_dataset.zip    223MB 17.2MB/s
[1A[2K[1A[2KCollecting 1 genome record [================================================] 100% 1/1
Downloading: ncbi_dataset.zip    223MB 17.2MB/s
[1A[2K[1A[2KCollecting 1 genome record [================================================] 100% 1/1
Downloading: ncbi_dataset.zip    223MB 17.2MB/s
[1A[2K[1A[2KCollecting 1 genome record [================================================] 100% 1/1
Downloading: ncbi_dataset.zip    223MB 17MB/s
[1A[2K[1A[2KCollecting 1 genome record [================================================] 100% 1/1
Downloading: ncbi_dataset.zip    223MB 17MB/s
[1A[2K[1A[2KCollecting 1 genome record [================================================] 100% 1/1
Downloading: ncbi_dataset.zip    223MB 17MB/s
[1A[2K[1A[2KCollecting 1 genome record [================================================] 100% 1/1
Downloading: ncbi_dataset.zip    223MB 17MB/s
[1A[2K[1A[2KCollecting 1 genome record [================================================] 100% 1/1
Downloading: ncbi_dataset.zip    223MB 17MB/s
[1A[2K[1A[2KCollecting 1 genome record [================================================] 100% 1/1
Downloading: ncbi_dataset.zip    223MB 17MB/s
[1A[2K[1A[2KCollecting 1 genome record [================================================] 100% 1/1
Downloading: ncbi_dataset.zip    223MB 17MB/s
[1A[2K[1A[2KCollecting 1 genome record [================================================] 100% 1/1
Downloading: ncbi_dataset.zip    223MB 17MB/s
[1A[2K[1A[2KCollecting 1 genome record [================================================] 100% 1/1
Downloading: ncbi_dataset.zip    223MB 17MB/s
[1A[2K[1A[2KCollecting 1 genome record [================================================] 100% 1/1
Downloading: ncbi_dataset.zip    223MB 17MB/s
[1A[2K[1A[2KCollecting 1 genome record [================================================] 100% 1/1
Downloading: ncbi_dataset.zip    223MB 17MB/s
[1A[2K[1A[2KCollecting 1 genome record [================================================] 100% 1/1
Downloading: ncbi_dataset.zip    223MB 17MB/s
[1A[2K[1A[2KCollecting 1 genome record [================================================] 100% 1/1
Downloading: ncbi_dataset.zip    223MB 17MB/s
[1A[2K[1A[2KCollecting 1 genome record [================================================] 100% 1/1
Downloading: ncbi_dataset.zip    223MB 17MB/s
[1A[2K[1A[2KCollecting 1 genome record [================================================] 100% 1/1
Downloading: ncbi_dataset.zip    223MB 17MB/s
[1A[2K[1A[2KCollecting 1 genome record [================================================] 100% 1/1
Downloading: ncbi_dataset.zip    223MB 17MB/s
[1A[2K[1A[2KCollecting 1 genome record [================================================] 100% 1/1
Downloading: ncbi_dataset.zip    223MB 17MB/s
[1A[2K[1A[2KCollecting 1 genome record [================================================] 100% 1/1
Downloading: ncbi_dataset.zip    223MB 16.8MB/s
[1A[2K[1A[2KCollecting 1 genome record [================================================] 100% 1/1
Downloading: ncbi_dataset.zip    224MB 16.8MB/s
[1A[2K[1A[2KCollecting 1 genome record [================================================] 100% 1/1
Downloading: ncbi_dataset.zip    225MB 16.9MB/s
[1A[2K[1A[2KCollecting 1 genome record [================================================] 100% 1/1
Downloading: ncbi_dataset.zip    225MB 16.9MB/s
[1A[2K[1A[2KCollecting 1 genome record [================================================] 100% 1/1
Downloading: ncbi_dataset.zip    225MB 16.9MB/s
[1A[2K[1A[2KCollecting 1 genome record [================================================] 100% 1/1
Downloading: ncbi_dataset.zip    227MB 17MB/s
[1A[2K[1A[2KCollecting 1 genome record [================================================] 100% 1/1
Downloading: ncbi_dataset.zip    227MB 17MB/s
[1A[2K[1A[2KCollecting 1 genome record [================================================] 100% 1/1
Downloading: ncbi_dataset.zip    227MB 17MB/s
[1A[2K[1A[2KCollecting 1 genome record [================================================] 100% 1/1
Downloading: ncbi_dataset.zip    227MB 17MB/s
[1A[2K[1A[2KCollecting 1 genome record [================================================] 100% 1/1
Downloading: ncbi_dataset.zip    227MB 17MB/s
[1A[2K[1A[2KCollecting 1 genome record [================================================] 100% 1/1
Downloading: ncbi_dataset.zip    227MB 17MB/s
[1A[2K[1A[2KCollecting 1 genome record [================================================] 100% 1/1
Downloading: ncbi_dataset.zip    227MB 17MB/s
[1A[2K[1A[2KCollecting 1 genome record [================================================] 100% 1/1
Downloading: ncbi_dataset.zip    227MB 17MB/s
[1A[2K[1A[2KCollecting 1 genome record [================================================] 100% 1/1
Downloading: ncbi_dataset.zip    227MB 17MB/s
[1A[2K[1A[2KCollecting 1 genome record [================================================] 100% 1/1
Downloading: ncbi_dataset.zip    227MB 17MB/s
[1A[2K[1A[2KCollecting 1 genome record [================================================] 100% 1/1
Downloading: ncbi_dataset.zip    227MB 17MB/s
[1A[2K[1A[2KCollecting 1 genome record [================================================] 100% 1/1
Downloading: ncbi_dataset.zip    227MB 17MB/s
[1A[2K[1A[2KCollecting 1 genome record [================================================] 100% 1/1
Downloading: ncbi_dataset.zip    227MB 17MB/s
[1A[2K[1A[2KCollecting 1 genome record [================================================] 100% 1/1
Downloading: ncbi_dataset.zip    227MB 16.9MB/s
[1A[2K[1A[2KCollecting 1 genome record [================================================] 100% 1/1
Downloading: ncbi_dataset.zip    228MB 16.9MB/s
[1A[2K[1A[2KCollecting 1 genome record [================================================] 100% 1/1
Downloading: ncbi_dataset.zip    228MB 16.9MB/s
[1A[2K[1A[2KCollecting 1 genome record [================================================] 100% 1/1
Downloading: ncbi_dataset.zip    228MB 16.9MB/s
[1A[2K[1A[2KCollecting 1 genome record [================================================] 100% 1/1
Downloading: ncbi_dataset.zip    228MB 16.9MB/s
[1A[2K[1A[2KCollecting 1 genome record [================================================] 100% 1/1
Downloading: ncbi_dataset.zip    228MB 16.9MB/s
[1A[2K[1A[2KCollecting 1 genome record [================================================] 100% 1/1
Downloading: ncbi_dataset.zip    228MB 16.9MB/s
[1A[2K[1A[2KCollecting 1 genome record [================================================] 100% 1/1
Downloading: ncbi_dataset.zip    228MB 16.9MB/s
[1A[2K[1A[2KCollecting 1 genome record [================================================] 100% 1/1
Downloading: ncbi_dataset.zip    228MB 16.9MB/s
[1A[2K[1A[2KCollecting 1 genome record [================================================] 100% 1/1
Downloading: ncbi_dataset.zip    228MB 16.9MB/s
[1A[2K[1A[2KCollecting 1 genome record [================================================] 100% 1/1
Downloading: ncbi_dataset.zip    228MB 16.9MB/s
[1A[2K[1A[2KCollecting 1 genome record [================================================] 100% 1/1
Downloading: ncbi_dataset.zip    228MB 16.9MB/s
[1A[2K[1A[2KCollecting 1 genome record [================================================] 100% 1/1
Downloading: ncbi_dataset.zip    228MB 16.9MB/s
[1A[2K[1A[2KCollecting 1 genome record [================================================] 100% 1/1
Downloading: ncbi_dataset.zip    228MB 16.9MB/s
[1A[2K[1A[2KCollecting 1 genome record [================================================] 100% 1/1
Downloading: ncbi_dataset.zip    228MB 16.9MB/s
[1A[2K[1A[2KCollecting 1 genome record [================================================] 100% 1/1
Downloading: ncbi_dataset.zip    228MB 16.9MB/s
[1A[2K[1A[2KCollecting 1 genome record [================================================] 100% 1/1
Downloading: ncbi_dataset.zip    228MB 16.8MB/s
[1A[2K[1A[2KCollecting 1 genome record [================================================] 100% 1/1
Downloading: ncbi_dataset.zip    229MB 16.8MB/s
[1A[2K[1A[2KCollecting 1 genome record [================================================] 100% 1/1
Downloading: ncbi_dataset.zip    230MB 16.8MB/s
[1A[2K[1A[2KCollecting 1 genome record [================================================] 100% 1/1
Downloading: ncbi_dataset.zip    230MB 16.8MB/s
[1A[2K[1A[2KCollecting 1 genome record [================================================] 100% 1/1
Downloading: ncbi_dataset.zip    230MB 16.8MB/s
[1A[2K[1A[2KCollecting 1 genome record [================================================] 100% 1/1
Downloading: ncbi_dataset.zip    230MB 16.8MB/s
[1A[2K[1A[2KCollecting 1 genome record [================================================] 100% 1/1
Downloading: ncbi_dataset.zip    230MB 16.8MB/s
[1A[2K[1A[2KCollecting 1 genome record [================================================] 100% 1/1
Downloading: ncbi_dataset.zip    230MB 16.8MB/s
[1A[2K[1A[2KCollecting 1 genome record [================================================] 100% 1/1
Downloading: ncbi_dataset.zip    230MB 16.8MB/s
[1A[2K[1A[2KCollecting 1 genome record [================================================] 100% 1/1
Downloading: ncbi_dataset.zip    230MB 16.8MB/s
[1A[2K[1A[2KCollecting 1 genome record [================================================] 100% 1/1
Downloading: ncbi_dataset.zip    230MB 16.8MB/s
[1A[2K[1A[2KCollecting 1 genome record [================================================] 100% 1/1
Downloading: ncbi_dataset.zip    230MB 16.8MB/s
[1A[2K[1A[2KCollecting 1 genome record [================================================] 100% 1/1
Downloading: ncbi_dataset.zip    230MB 16.8MB/s
[1A[2K[1A[2KCollecting 1 genome record [================================================] 100% 1/1
Downloading: ncbi_dataset.zip    230MB 16.8MB/s
[1A[2K[1A[2KCollecting 1 genome record [================================================] 100% 1/1
Downloading: ncbi_dataset.zip    230MB 16.8MB/s
[1A[2K[1A[2KCollecting 1 genome record [================================================] 100% 1/1
Downloading: ncbi_dataset.zip    230MB 16.8MB/s
[1A[2K[1A[2KCollecting 1 genome record [================================================] 100% 1/1
Downloading: ncbi_dataset.zip    230MB 16.8MB/s
[1A[2K[1A[2KCollecting 1 genome record [================================================] 100% 1/1
Downloading: ncbi_dataset.zip    230MB 16.7MB/s
[1A[2K[1A[2KCollecting 1 genome record [================================================] 100% 1/1
Downloading: ncbi_dataset.zip    231MB 16.7MB/s
[1A[2K[1A[2KCollecting 1 genome record [================================================] 100% 1/1
Downloading: ncbi_dataset.zip    231MB 16.7MB/s
[1A[2K[1A[2KCollecting 1 genome record [================================================] 100% 1/1
Downloading: ncbi_dataset.zip    231MB 16.7MB/s
[1A[2K[1A[2KCollecting 1 genome record [================================================] 100% 1/1
Downloading: ncbi_dataset.zip    231MB 16.7MB/s
[1A[2K[1A[2KCollecting 1 genome record [================================================] 100% 1/1
Downloading: ncbi_dataset.zip    231MB 16.7MB/s
[1A[2K[1A[2KCollecting 1 genome record [================================================] 100% 1/1
Downloading: ncbi_dataset.zip    231MB 16.7MB/s
[1A[2K[1A[2KCollecting 1 genome record [================================================] 100% 1/1
Downloading: ncbi_dataset.zip    231MB 16.7MB/s
[1A[2K[1A[2KCollecting 1 genome record [================================================] 100% 1/1
Downloading: ncbi_dataset.zip    231MB 16.7MB/s
[1A[2K[1A[2KCollecting 1 genome record [================================================] 100% 1/1
Downloading: ncbi_dataset.zip    231MB 16.7MB/s
[1A[2K[1A[2KCollecting 1 genome record [================================================] 100% 1/1
Downloading: ncbi_dataset.zip    231MB 16.7MB/s
[1A[2K[1A[2KCollecting 1 genome record [================================================] 100% 1/1
Downloading: ncbi_dataset.zip    231MB 16.7MB/s
[1A[2K[1A[2KCollecting 1 genome record [================================================] 100% 1/1
Downloading: ncbi_dataset.zip    231MB 16.7MB/s
[1A[2K[1A[2KCollecting 1 genome record [================================================] 100% 1/1
Downloading: ncbi_dataset.zip    231MB 16.7MB/s
[1A[2K[1A[2KCollecting 1 genome record [================================================] 100% 1/1
Downloading: ncbi_dataset.zip    231MB 16.7MB/s
[1A[2K[1A[2KCollecting 1 genome record [================================================] 100% 1/1
Downloading: ncbi_dataset.zip    231MB 16.7MB/s
[1A[2K[1A[2KCollecting 1 genome record [================================================] 100% 1/1
Downloading: ncbi_dataset.zip    231MB 16.6MB/s
[1A[2K[1A[2KCollecting 1 genome record [================================================] 100% 1/1
Downloading: ncbi_dataset.zip    232MB 16.6MB/s
[1A[2K[1A[2KCollecting 1 genome record [================================================] 100% 1/1
Downloading: ncbi_dataset.zip    232MB 16.6MB/s
[1A[2K[1A[2KCollecting 1 genome record [================================================] 100% 1/1
Downloading: ncbi_dataset.zip    233MB 16.6MB/s
[1A[2K[1A[2KCollecting 1 genome record [================================================] 100% 1/1
Downloading: ncbi_dataset.zip    233MB 16.6MB/s
[1A[2K[1A[2KCollecting 1 genome record [================================================] 100% 1/1
Downloading: ncbi_dataset.zip    233MB 16.6MB/s
[1A[2K[1A[2KCollecting 1 genome record [================================================] 100% 1/1
Downloading: ncbi_dataset.zip    233MB 16.6MB/s
[1A[2K[1A[2KCollecting 1 genome record [================================================] 100% 1/1
Downloading: ncbi_dataset.zip    233MB 16.6MB/s
[1A[2K[1A[2KCollecting 1 genome record [================================================] 100% 1/1
Downloading: ncbi_dataset.zip    233MB 16.6MB/s
[1A[2K[1A[2KCollecting 1 genome record [================================================] 100% 1/1
Downloading: ncbi_dataset.zip    233MB 16.6MB/s
[1A[2K[1A[2KCollecting 1 genome record [================================================] 100% 1/1
Downloading: ncbi_dataset.zip    233MB 16.6MB/s
[1A[2K[1A[2KCollecting 1 genome record [================================================] 100% 1/1
Downloading: ncbi_dataset.zip    233MB 16.6MB/s
[1A[2K[1A[2KCollecting 1 genome record [================================================] 100% 1/1
Downloading: ncbi_dataset.zip    233MB 16.6MB/s
[1A[2K[1A[2KCollecting 1 genome record [================================================] 100% 1/1
Downloading: ncbi_dataset.zip    233MB 16.6MB/s
[1A[2K[1A[2KCollecting 1 genome record [================================================] 100% 1/1
Downloading: ncbi_dataset.zip    233MB 16.6MB/s
[1A[2K[1A[2KCollecting 1 genome record [================================================] 100% 1/1
Downloading: ncbi_dataset.zip    233MB 16.6MB/s
[1A[2K[1A[2KCollecting 1 genome record [================================================] 100% 1/1
Downloading: ncbi_dataset.zip    233MB 16.6MB/s
[1A[2K[1A[2KCollecting 1 genome record [================================================] 100% 1/1
Downloading: ncbi_dataset.zip    233MB 16.5MB/s
[1A[2K[1A[2KCollecting 1 genome record [================================================] 100% 1/1
Downloading: ncbi_dataset.zip    233MB 16.5MB/s
[1A[2K[1A[2KCollecting 1 genome record [================================================] 100% 1/1
Downloading: ncbi_dataset.zip    234MB 16.5MB/s
[1A[2K[1A[2KCollecting 1 genome record [================================================] 100% 1/1
Downloading: ncbi_dataset.zip    234MB 16.5MB/s
[1A[2K[1A[2KCollecting 1 genome record [================================================] 100% 1/1
Downloading: ncbi_dataset.zip    235MB 16.5MB/s
[1A[2K[1A[2KCollecting 1 genome record [================================================] 100% 1/1
Downloading: ncbi_dataset.zip    235MB 16.5MB/s
[1A[2K[1A[2KCollecting 1 genome record [================================================] 100% 1/1
Downloading: ncbi_dataset.zip    235MB 16.5MB/s
[1A[2K[1A[2KCollecting 1 genome record [================================================] 100% 1/1
Downloading: ncbi_dataset.zip    235MB 16.5MB/s
[1A[2K[1A[2KCollecting 1 genome record [================================================] 100% 1/1
Downloading: ncbi_dataset.zip    235MB 16.5MB/s
[1A[2K[1A[2KCollecting 1 genome record [================================================] 100% 1/1
Downloading: ncbi_dataset.zip    235MB 16.5MB/s
[1A[2K[1A[2KCollecting 1 genome record [================================================] 100% 1/1
Downloading: ncbi_dataset.zip    235MB 16.5MB/s
[1A[2K[1A[2KCollecting 1 genome record [================================================] 100% 1/1
Downloading: ncbi_dataset.zip    235MB 16.5MB/s
[1A[2K[1A[2KCollecting 1 genome record [================================================] 100% 1/1
Downloading: ncbi_dataset.zip    235MB 16.5MB/s
[1A[2K[1A[2KCollecting 1 genome record [================================================] 100% 1/1
Downloading: ncbi_dataset.zip    235MB 16.5MB/s
[1A[2K[1A[2KCollecting 1 genome record [================================================] 100% 1/1
Downloading: ncbi_dataset.zip    235MB 16.5MB/s
[1A[2K[1A[2KCollecting 1 genome record [================================================] 100% 1/1
Downloading: ncbi_dataset.zip    235MB 16.5MB/s
[1A[2K[1A[2KCollecting 1 genome record [================================================] 100% 1/1
Downloading: ncbi_dataset.zip    235MB 16.5MB/s
[1A[2K[1A[2KCollecting 1 genome record [================================================] 100% 1/1
Downloading: ncbi_dataset.zip    235MB 16.4MB/s
[1A[2K[1A[2KCollecting 1 genome record [================================================] 100% 1/1
Downloading: ncbi_dataset.zip    235MB 16.4MB/s
[1A[2K[1A[2KCollecting 1 genome record [================================================] 100% 1/1
Downloading: ncbi_dataset.zip    236MB 16.5MB/s
[1A[2K[1A[2KCollecting 1 genome record [================================================] 100% 1/1
Downloading: ncbi_dataset.zip    236MB 16.5MB/s
[1A[2K[1A[2KCollecting 1 genome record [================================================] 100% 1/1
Downloading: ncbi_dataset.zip    236MB 16.5MB/s
[1A[2K[1A[2KCollecting 1 genome record [================================================] 100% 1/1
Downloading: ncbi_dataset.zip    236MB 16.5MB/s
[1A[2K[1A[2KCollecting 1 genome record [================================================] 100% 1/1
Downloading: ncbi_dataset.zip    236MB 16.5MB/s
[1A[2K[1A[2KCollecting 1 genome record [================================================] 100% 1/1
Downloading: ncbi_dataset.zip    236MB 16.5MB/s
[1A[2K[1A[2KCollecting 1 genome record [================================================] 100% 1/1
Downloading: ncbi_dataset.zip    236MB 16.5MB/s
[1A[2K[1A[2KCollecting 1 genome record [================================================] 100% 1/1
Downloading: ncbi_dataset.zip    236MB 16.5MB/s
[1A[2K[1A[2KCollecting 1 genome record [================================================] 100% 1/1
Downloading: ncbi_dataset.zip    236MB 16.5MB/s
[1A[2K[1A[2KCollecting 1 genome record [================================================] 100% 1/1
Downloading: ncbi_dataset.zip    236MB 16.5MB/s
[1A[2K[1A[2KCollecting 1 genome record [================================================] 100% 1/1
Downloading: ncbi_dataset.zip    236MB 16.5MB/s
[1A[2K[1A[2KCollecting 1 genome record [================================================] 100% 1/1
Downloading: ncbi_dataset.zip    236MB 16.5MB/s
[1A[2K[1A[2KCollecting 1 genome record [================================================] 100% 1/1
Downloading: ncbi_dataset.zip    236MB 16.5MB/s
[1A[2K[1A[2KCollecting 1 genome record [================================================] 100% 1/1
Downloading: ncbi_dataset.zip    236MB 16.5MB/s
[1A[2K[1A[2KCollecting 1 genome record [================================================] 100% 1/1
Downloading: ncbi_dataset.zip    236MB 16.5MB/s
[1A[2K[1A[2KCollecting 1 genome record [================================================] 100% 1/1
Downloading: ncbi_dataset.zip    236MB 16.3MB/s
[1A[2K[1A[2KCollecting 1 genome record [================================================] 100% 1/1
Downloading: ncbi_dataset.zip    237MB 16.3MB/s
[1A[2K[1A[2KCollecting 1 genome record [================================================] 100% 1/1
Downloading: ncbi_dataset.zip    238MB 16.4MB/s
[1A[2K[1A[2KCollecting 1 genome record [================================================] 100% 1/1
Downloading: ncbi_dataset.zip    238MB 16.4MB/s
[1A[2K[1A[2KCollecting 1 genome record [================================================] 100% 1/1
Downloading: ncbi_dataset.zip    238MB 16.4MB/s
[1A[2K[1A[2KCollecting 1 genome record [================================================] 100% 1/1
Downloading: ncbi_dataset.zip    238MB 16.4MB/s
[1A[2K[1A[2KCollecting 1 genome record [================================================] 100% 1/1
Downloading: ncbi_dataset.zip    238MB 16.4MB/s
[1A[2K[1A[2KCollecting 1 genome record [================================================] 100% 1/1
Downloading: ncbi_dataset.zip    238MB 16.4MB/s
[1A[2K[1A[2KCollecting 1 genome record [================================================] 100% 1/1
Downloading: ncbi_dataset.zip    238MB 16.4MB/s
[1A[2K[1A[2KCollecting 1 genome record [================================================] 100% 1/1
Downloading: ncbi_dataset.zip    238MB 16.4MB/s
[1A[2K[1A[2KCollecting 1 genome record [================================================] 100% 1/1
Downloading: ncbi_dataset.zip    238MB 16.4MB/s
[1A[2K[1A[2KCollecting 1 genome record [================================================] 100% 1/1
Downloading: ncbi_dataset.zip    238MB 16.4MB/s
[1A[2K[1A[2KCollecting 1 genome record [================================================] 100% 1/1
Downloading: ncbi_dataset.zip    238MB 16.4MB/s
[1A[2K[1A[2KCollecting 1 genome record [================================================] 100% 1/1
Downloading: ncbi_dataset.zip    238MB 16.4MB/s
[1A[2K[1A[2KCollecting 1 genome record [================================================] 100% 1/1
Downloading: ncbi_dataset.zip    238MB 16.4MB/s
[1A[2K[1A[2KCollecting 1 genome record [================================================] 100% 1/1
Downloading: ncbi_dataset.zip    238MB 16.4MB/s
[1A[2K[1A[2KCollecting 1 genome record [================================================] 100% 1/1
Downloading: ncbi_dataset.zip    238MB 16.4MB/s
[1A[2K[1A[2KCollecting 1 genome record [================================================] 100% 1/1
Downloading: ncbi_dataset.zip    238MB 16.2MB/s
[1A[2K[1A[2KCollecting 1 genome record [================================================] 100% 1/1
Downloading: ncbi_dataset.zip    239MB 16.3MB/s
[1A[2K[1A[2KCollecting 1 genome record [================================================] 100% 1/1
Downloading: ncbi_dataset.zip    239MB 16.3MB/s
[1A[2K[1A[2KCollecting 1 genome record [================================================] 100% 1/1
Downloading: ncbi_dataset.zip    239MB 16.3MB/s
[1A[2K[1A[2KCollecting 1 genome record [================================================] 100% 1/1
Downloading: ncbi_dataset.zip    239MB 16.3MB/s
[1A[2K[1A[2KCollecting 1 genome record [================================================] 100% 1/1
Downloading: ncbi_dataset.zip    239MB 16.3MB/s
[1A[2K[1A[2KCollecting 1 genome record [================================================] 100% 1/1
Downloading: ncbi_dataset.zip    239MB 16.3MB/s
[1A[2K[1A[2KCollecting 1 genome record [================================================] 100% 1/1
Downloading: ncbi_dataset.zip    239MB 16.3MB/s
[1A[2K[1A[2KCollecting 1 genome record [================================================] 100% 1/1
Downloading: ncbi_dataset.zip    239MB 16.3MB/s
[1A[2K[1A[2KCollecting 1 genome record [================================================] 100% 1/1
Downloading: ncbi_dataset.zip    239MB 16.3MB/s
[1A[2K[1A[2KCollecting 1 genome record [================================================] 100% 1/1
Downloading: ncbi_dataset.zip    239MB 16.3MB/s
[1A[2K[1A[2KCollecting 1 genome record [================================================] 100% 1/1
Downloading: ncbi_dataset.zip    239MB 16.3MB/s
[1A[2K[1A[2KCollecting 1 genome record [================================================] 100% 1/1
Downloading: ncbi_dataset.zip    239MB 16.3MB/s
[1A[2K[1A[2KCollecting 1 genome record [================================================] 100% 1/1
Downloading: ncbi_dataset.zip    239MB 16.3MB/s
[1A[2K[1A[2KCollecting 1 genome record [================================================] 100% 1/1
Downloading: ncbi_dataset.zip    239MB 16.3MB/s
[1A[2K[1A[2KCollecting 1 genome record [================================================] 100% 1/1
Downloading: ncbi_dataset.zip    239MB 16.3MB/s
[1A[2K[1A[2KCollecting 1 genome record [================================================] 100% 1/1
Downloading: ncbi_dataset.zip    239MB 16.3MB/s
[1A[2K[1A[2KCollecting 1 genome record [================================================] 100% 1/1
Downloading: ncbi_dataset.zip    240MB 16.2MB/s
[1A[2K[1A[2KCollecting 1 genome record [================================================] 100% 1/1
Downloading: ncbi_dataset.zip    240MB 16.2MB/s
[1A[2K[1A[2KCollecting 1 genome record [================================================] 100% 1/1
Downloading: ncbi_dataset.zip    241MB 16.2MB/s
[1A[2K[1A[2KCollecting 1 genome record [================================================] 100% 1/1
Downloading: ncbi_dataset.zip    241MB 16.2MB/s
[1A[2K[1A[2KCollecting 1 genome record [================================================] 100% 1/1
Downloading: ncbi_dataset.zip    241MB 16.2MB/s
[1A[2K[1A[2KCollecting 1 genome record [================================================] 100% 1/1
Downloading: ncbi_dataset.zip    241MB 16.2MB/s
[1A[2K[1A[2KCollecting 1 genome record [================================================] 100% 1/1
Downloading: ncbi_dataset.zip    241MB 16.2MB/s
[1A[2K[1A[2KCollecting 1 genome record [================================================] 100% 1/1
Downloading: ncbi_dataset.zip    241MB 16.2MB/s
[1A[2K[1A[2KCollecting 1 genome record [================================================] 100% 1/1
Downloading: ncbi_dataset.zip    241MB 16.2MB/s
[1A[2K[1A[2KCollecting 1 genome record [================================================] 100% 1/1
Downloading: ncbi_dataset.zip    241MB 16.2MB/s
[1A[2K[1A[2KCollecting 1 genome record [================================================] 100% 1/1
Downloading: ncbi_dataset.zip    241MB 16.2MB/s
[1A[2K[1A[2KCollecting 1 genome record [================================================] 100% 1/1
Downloading: ncbi_dataset.zip    241MB 16.2MB/s
[1A[2K[1A[2KCollecting 1 genome record [================================================] 100% 1/1
Downloading: ncbi_dataset.zip    241MB 16.2MB/s
[1A[2K[1A[2KCollecting 1 genome record [================================================] 100% 1/1
Downloading: ncbi_dataset.zip    241MB 16.2MB/s
[1A[2K[1A[2KCollecting 1 genome record [================================================] 100% 1/1
Downloading: ncbi_dataset.zip    241MB 16.2MB/s
[1A[2K[1A[2KCollecting 1 genome record [================================================] 100% 1/1
Downloading: ncbi_dataset.zip    241MB 16.2MB/s
[1A[2K[1A[2KCollecting 1 genome record [================================================] 100% 1/1
Downloading: ncbi_dataset.zip    241MB 16.1MB/s
[1A[2K[1A[2KCollecting 1 genome record [================================================] 100% 1/1
Downloading: ncbi_dataset.zip    242MB 16.1MB/s
[1A[2K[1A[2KCollecting 1 genome record [================================================] 100% 1/1
Downloading: ncbi_dataset.zip    243MB 16.1MB/s
[1A[2K[1A[2KCollecting 1 genome record [================================================] 100% 1/1
Downloading: ncbi_dataset.zip    243MB 16.2MB/s
[1A[2K[1A[2KCollecting 1 genome record [================================================] 100% 1/1
Downloading: ncbi_dataset.zip    243MB 16.2MB/s
[1A[2K[1A[2KCollecting 1 genome record [================================================] 100% 1/1
Downloading: ncbi_dataset.zip    243MB 16.2MB/s
[1A[2K[1A[2KCollecting 1 genome record [================================================] 100% 1/1
Downloading: ncbi_dataset.zip    243MB 16.2MB/s
[1A[2K[1A[2KCollecting 1 genome record [================================================] 100% 1/1
Downloading: ncbi_dataset.zip    243MB 16.2MB/s
[1A[2K[1A[2KCollecting 1 genome record [================================================] 100% 1/1
Downloading: ncbi_dataset.zip    243MB 16.2MB/s
[1A[2K[1A[2KCollecting 1 genome record [================================================] 100% 1/1
Downloading: ncbi_dataset.zip    243MB 16.2MB/s
[1A[2K[1A[2KCollecting 1 genome record [================================================] 100% 1/1
Downloading: ncbi_dataset.zip    243MB 16.2MB/s
[1A[2K[1A[2KCollecting 1 genome record [================================================] 100% 1/1
Downloading: ncbi_dataset.zip    243MB 16.2MB/s
[1A[2K[1A[2KCollecting 1 genome record [================================================] 100% 1/1
Downloading: ncbi_dataset.zip    243MB 16.2MB/s
[1A[2K[1A[2KCollecting 1 genome record [================================================] 100% 1/1
Downloading: ncbi_dataset.zip    243MB 16.2MB/s
[1A[2K[1A[2KCollecting 1 genome record [================================================] 100% 1/1
Downloading: ncbi_dataset.zip    243MB 16.2MB/s
[1A[2K[1A[2KCollecting 1 genome record [================================================] 100% 1/1
Downloading: ncbi_dataset.zip    243MB 16.2MB/s
[1A[2K[1A[2KCollecting 1 genome record [================================================] 100% 1/1
Downloading: ncbi_dataset.zip    243MB 16.2MB/s
[1A[2K[1A[2KCollecting 1 genome record [================================================] 100% 1/1
Downloading: ncbi_dataset.zip    243MB 16MB/s
[1A[2K[1A[2KCollecting 1 genome record [================================================] 100% 1/1
Downloading: ncbi_dataset.zip    244MB 16MB/s
[1A[2K[1A[2KCollecting 1 genome record [================================================] 100% 1/1
Downloading: ncbi_dataset.zip    244MB 16.1MB/s
[1A[2K[1A[2KCollecting 1 genome record [================================================] 100% 1/1
Downloading: ncbi_dataset.zip    244MB 16.1MB/s
[1A[2K[1A[2KCollecting 1 genome record [================================================] 100% 1/1
Downloading: ncbi_dataset.zip    244MB 16.1MB/s
[1A[2K[1A[2KCollecting 1 genome record [================================================] 100% 1/1
Downloading: ncbi_dataset.zip    244MB 16.1MB/s
[1A[2K[1A[2KCollecting 1 genome record [================================================] 100% 1/1
Downloading: ncbi_dataset.zip    244MB 16.1MB/s
[1A[2K[1A[2KCollecting 1 genome record [================================================] 100% 1/1
Downloading: ncbi_dataset.zip    244MB 16.1MB/s
[1A[2K[1A[2KCollecting 1 genome record [================================================] 100% 1/1
Downloading: ncbi_dataset.zip    244MB 16.1MB/s
[1A[2K[1A[2KCollecting 1 genome record [================================================] 100% 1/1
Downloading: ncbi_dataset.zip    244MB 16.1MB/s
[1A[2K[1A[2KCollecting 1 genome record [================================================] 100% 1/1
Downloading: ncbi_dataset.zip    244MB 16.1MB/s
[1A[2K[1A[2KCollecting 1 genome record [================================================] 100% 1/1
Downloading: ncbi_dataset.zip    244MB 16.1MB/s
[1A[2K[1A[2KCollecting 1 genome record [================================================] 100% 1/1
Downloading: ncbi_dataset.zip    244MB 16.1MB/s
[1A[2K[1A[2KCollecting 1 genome record [================================================] 100% 1/1
Downloading: ncbi_dataset.zip    244MB 16.1MB/s
[1A[2K[1A[2KCollecting 1 genome record [================================================] 100% 1/1
Downloading: ncbi_dataset.zip    244MB 16.1MB/s
[1A[2K[1A[2KCollecting 1 genome record [================================================] 100% 1/1
Downloading: ncbi_dataset.zip    244MB 16.1MB/s
[1A[2K[1A[2KCollecting 1 genome record [================================================] 100% 1/1
Downloading: ncbi_dataset.zip    244MB 16.1MB/s
[1A[2K[1A[2KCollecting 1 genome record [================================================] 100% 1/1
Downloading: ncbi_dataset.zip    245MB 15.9MB/s
[1A[2K[1A[2KCollecting 1 genome record [================================================] 100% 1/1
Downloading: ncbi_dataset.zip    246MB 16MB/s
[1A[2K[1A[2KCollecting 1 genome record [================================================] 100% 1/1
Downloading: ncbi_dataset.zip    246MB 16MB/s
[1A[2K[1A[2KCollecting 1 genome record [================================================] 100% 1/1
Downloading: ncbi_dataset.zip    246MB 16MB/s
[1A[2K[1A[2KCollecting 1 genome record [================================================] 100% 1/1
Downloading: ncbi_dataset.zip    246MB 16MB/s
[1A[2K[1A[2KCollecting 1 genome record [================================================] 100% 1/1
Downloading: ncbi_dataset.zip    246MB 16MB/s
[1A[2K[1A[2KCollecting 1 genome record [================================================] 100% 1/1
Downloading: ncbi_dataset.zip    246MB 16MB/s
[1A[2K[1A[2KCollecting 1 genome record [================================================] 100% 1/1
Downloading: ncbi_dataset.zip    246MB 16MB/s
[1A[2K[1A[2KCollecting 1 genome record [================================================] 100% 1/1
Downloading: ncbi_dataset.zip    246MB 16MB/s
[1A[2K[1A[2KCollecting 1 genome record [================================================] 100% 1/1
Downloading: ncbi_dataset.zip    246MB 16MB/s
[1A[2K[1A[2KCollecting 1 genome record [================================================] 100% 1/1
Downloading: ncbi_dataset.zip    246MB 16MB/s
[1A[2K[1A[2KCollecting 1 genome record [================================================] 100% 1/1
Downloading: ncbi_dataset.zip    246MB 16MB/s
[1A[2K[1A[2KCollecting 1 genome record [================================================] 100% 1/1
Downloading: ncbi_dataset.zip    246MB 16MB/s
[1A[2K[1A[2KCollecting 1 genome record [================================================] 100% 1/1
Downloading: ncbi_dataset.zip    246MB 16MB/s
[1A[2K[1A[2KCollecting 1 genome record [================================================] 100% 1/1
Downloading: ncbi_dataset.zip    246MB 16MB/s
[1A[2K[1A[2KCollecting 1 genome record [================================================] 100% 1/1
Downloading: ncbi_dataset.zip    246MB 15.9MB/s
[1A[2K[1A[2KCollecting 1 genome record [================================================] 100% 1/1
Downloading: ncbi_dataset.zip    246MB 15.9MB/s
[1A[2K[1A[2KCollecting 1 genome record [================================================] 100% 1/1
Downloading: ncbi_dataset.zip    247MB 15.9MB/s
[1A[2K[1A[2KCollecting 1 genome record [================================================] 100% 1/1
Downloading: ncbi_dataset.zip    247MB 15.9MB/s
[1A[2K[1A[2KCollecting 1 genome record [================================================] 100% 1/1
Downloading: ncbi_dataset.zip    248MB 15.9MB/s
[1A[2K[1A[2KCollecting 1 genome record [================================================] 100% 1/1
Downloading: ncbi_dataset.zip    248MB 15.9MB/s
[1A[2K[1A[2KCollecting 1 genome record [================================================] 100% 1/1
Downloading: ncbi_dataset.zip    248MB 15.9MB/s
[1A[2K[1A[2KCollecting 1 genome record [================================================] 100% 1/1
Downloading: ncbi_dataset.zip    248MB 15.9MB/s
[1A[2K[1A[2KCollecting 1 genome record [================================================] 100% 1/1
Downloading: ncbi_dataset.zip    248MB 15.9MB/s
[1A[2K[1A[2KCollecting 1 genome record [================================================] 100% 1/1
Downloading: ncbi_dataset.zip    248MB 15.9MB/s
[1A[2K[1A[2KCollecting 1 genome record [================================================] 100% 1/1
Downloading: ncbi_dataset.zip    248MB 15.9MB/s
[1A[2K[1A[2KCollecting 1 genome record [================================================] 100% 1/1
Downloading: ncbi_dataset.zip    248MB 15.9MB/s
[1A[2K[1A[2KCollecting 1 genome record [================================================] 100% 1/1
Downloading: ncbi_dataset.zip    248MB 15.9MB/s
[1A[2K[1A[2KCollecting 1 genome record [================================================] 100% 1/1
Downloading: ncbi_dataset.zip    248MB 15.9MB/s
[1A[2K[1A[2KCollecting 1 genome record [================================================] 100% 1/1
Downloading: ncbi_dataset.zip    248MB 15.9MB/s
[1A[2K[1A[2KCollecting 1 genome record [================================================] 100% 1/1
Downloading: ncbi_dataset.zip    248MB 15.9MB/s
[1A[2K[1A[2KCollecting 1 genome record [================================================] 100% 1/1
Downloading: ncbi_dataset.zip    248MB 15.9MB/s
[1A[2K[1A[2KCollecting 1 genome record [================================================] 100% 1/1
Downloading: ncbi_dataset.zip    248MB 15.9MB/s
[1A[2K[1A[2KCollecting 1 genome record [================================================] 100% 1/1
Downloading: ncbi_dataset.zip    248MB 15.8MB/s
[1A[2K[1A[2KCollecting 1 genome record [================================================] 100% 1/1
Downloading: ncbi_dataset.zip    249MB 15.9MB/s
[1A[2K[1A[2KCollecting 1 genome record [================================================] 100% 1/1
Downloading: ncbi_dataset.zip    250MB 15.9MB/s
[1A[2K[1A[2KCollecting 1 genome record [================================================] 100% 1/1
Downloading: ncbi_dataset.zip    250MB 15.9MB/s
[1A[2K[1A[2KCollecting 1 genome record [================================================] 100% 1/1
Downloading: ncbi_dataset.zip    250MB 15.9MB/s
[1A[2K[1A[2KCollecting 1 genome record [================================================] 100% 1/1
Downloading: ncbi_dataset.zip    250MB 15.9MB/s
[1A[2K[1A[2KCollecting 1 genome record [================================================] 100% 1/1
Downloading: ncbi_dataset.zip    250MB 15.9MB/s
[1A[2K[1A[2KCollecting 1 genome record [================================================] 100% 1/1
Downloading: ncbi_dataset.zip    250MB 15.9MB/s
[1A[2K[1A[2KCollecting 1 genome record [================================================] 100% 1/1
Downloading: ncbi_dataset.zip    250MB 15.9MB/s
[1A[2K[1A[2KCollecting 1 genome record [================================================] 100% 1/1
Downloading: ncbi_dataset.zip    250MB 15.9MB/s
[1A[2K[1A[2KCollecting 1 genome record [================================================] 100% 1/1
Downloading: ncbi_dataset.zip    250MB 15.9MB/s
[1A[2K[1A[2KCollecting 1 genome record [================================================] 100% 1/1
Downloading: ncbi_dataset.zip    250MB 15.9MB/s
[1A[2K[1A[2KCollecting 1 genome record [================================================] 100% 1/1
Downloading: ncbi_dataset.zip    250MB 15.9MB/s
[1A[2K[1A[2KCollecting 1 genome record [================================================] 100% 1/1
Downloading: ncbi_dataset.zip    250MB 15.9MB/s
[1A[2K[1A[2KCollecting 1 genome record [================================================] 100% 1/1
Downloading: ncbi_dataset.zip    250MB 15.9MB/s
[1A[2K[1A[2KCollecting 1 genome record [================================================] 100% 1/1
Downloading: ncbi_dataset.zip    250MB 15.9MB/s
[1A[2K[1A[2KCollecting 1 genome record [================================================] 100% 1/1
Downloading: ncbi_dataset.zip    250MB 15.9MB/s
[1A[2K[1A[2KCollecting 1 genome record [================================================] 100% 1/1
Downloading: ncbi_dataset.zip    250MB 15.8MB/s
[1A[2K[1A[2KCollecting 1 genome record [================================================] 100% 1/1
Downloading: ncbi_dataset.zip    251MB 15.8MB/s
[1A[2K[1A[2KCollecting 1 genome record [================================================] 100% 1/1
Downloading: ncbi_dataset.zip    251MB 15.8MB/s
[1A[2K[1A[2KCollecting 1 genome record [================================================] 100% 1/1
Downloading: ncbi_dataset.zip    251MB 15.8MB/s
[1A[2K[1A[2KCollecting 1 genome record [================================================] 100% 1/1
Downloading: ncbi_dataset.zip    251MB 15.8MB/s
[1A[2K[1A[2KCollecting 1 genome record [================================================] 100% 1/1
Downloading: ncbi_dataset.zip    251MB 15.8MB/s
[1A[2K[1A[2KCollecting 1 genome record [================================================] 100% 1/1
Downloading: ncbi_dataset.zip    251MB 15.8MB/s
[1A[2K[1A[2KCollecting 1 genome record [================================================] 100% 1/1
Downloading: ncbi_dataset.zip    251MB 15.8MB/s
[1A[2K[1A[2KCollecting 1 genome record [================================================] 100% 1/1
Downloading: ncbi_dataset.zip    251MB 15.8MB/s
[1A[2K[1A[2KCollecting 1 genome record [================================================] 100% 1/1
Downloading: ncbi_dataset.zip    251MB 15.8MB/s
[1A[2K[1A[2KCollecting 1 genome record [================================================] 100% 1/1
Downloading: ncbi_dataset.zip    251MB 15.8MB/s
[1A[2K[1A[2KCollecting 1 genome record [================================================] 100% 1/1
Downloading: ncbi_dataset.zip    251MB 15.8MB/s
[1A[2K[1A[2KCollecting 1 genome record [================================================] 100% 1/1
Downloading: ncbi_dataset.zip    251MB 15.8MB/s
[1A[2K[1A[2KCollecting 1 genome record [================================================] 100% 1/1
Downloading: ncbi_dataset.zip    251MB 15.8MB/s
[1A[2K[1A[2KCollecting 1 genome record [================================================] 100% 1/1
Downloading: ncbi_dataset.zip    251MB 15.8MB/s
[1A[2K[1A[2KCollecting 1 genome record [================================================] 100% 1/1
Downloading: ncbi_dataset.zip    251MB 15.8MB/s
[1A[2K[1A[2KCollecting 1 genome record [================================================] 100% 1/1
Downloading: ncbi_dataset.zip    251MB 15.8MB/s
[1A[2K[1A[2KCollecting 1 genome record [================================================] 100% 1/1
Downloading: ncbi_dataset.zip    252MB 15.7MB/s
[1A[2K[1A[2KCollecting 1 genome record [================================================] 100% 1/1
Downloading: ncbi_dataset.zip    253MB 15.7MB/s
[1A[2K[1A[2KCollecting 1 genome record [================================================] 100% 1/1
Downloading: ncbi_dataset.zip    253MB 15.8MB/s
[1A[2K[1A[2KCollecting 1 genome record [================================================] 100% 1/1
Downloading: ncbi_dataset.zip    253MB 15.8MB/s
[1A[2K[1A[2KCollecting 1 genome record [================================================] 100% 1/1
Downloading: ncbi_dataset.zip    253MB 15.8MB/s
[1A[2K[1A[2KCollecting 1 genome record [================================================] 100% 1/1
Downloading: ncbi_dataset.zip    253MB 15.8MB/s
[1A[2K[1A[2KCollecting 1 genome record [================================================] 100% 1/1
Downloading: ncbi_dataset.zip    253MB 15.8MB/s
[1A[2K[1A[2KCollecting 1 genome record [================================================] 100% 1/1
Downloading: ncbi_dataset.zip    253MB 15.8MB/s
[1A[2K[1A[2KCollecting 1 genome record [================================================] 100% 1/1
Downloading: ncbi_dataset.zip    253MB 15.8MB/s
[1A[2K[1A[2KCollecting 1 genome record [================================================] 100% 1/1
Downloading: ncbi_dataset.zip    253MB 15.8MB/s
[1A[2K[1A[2KCollecting 1 genome record [================================================] 100% 1/1
Downloading: ncbi_dataset.zip    253MB 15.8MB/s
[1A[2K[1A[2KCollecting 1 genome record [================================================] 100% 1/1
Downloading: ncbi_dataset.zip    253MB 15.8MB/s
[1A[2K[1A[2KCollecting 1 genome record [================================================] 100% 1/1
Downloading: ncbi_dataset.zip    253MB 15.8MB/s
[1A[2K[1A[2KCollecting 1 genome record [================================================] 100% 1/1
Downloading: ncbi_dataset.zip    253MB 15.8MB/s
[1A[2K[1A[2KCollecting 1 genome record [================================================] 100% 1/1
Downloading: ncbi_dataset.zip    253MB 15.8MB/s
[1A[2K[1A[2KCollecting 1 genome record [================================================] 100% 1/1
Downloading: ncbi_dataset.zip    253MB 15.8MB/s
[1A[2K[1A[2KCollecting 1 genome record [================================================] 100% 1/1
Downloading: ncbi_dataset.zip    253MB 15.6MB/s
[1A[2K[1A[2KCollecting 1 genome record [================================================] 100% 1/1
Downloading: ncbi_dataset.zip    254MB 15.7MB/s
[1A[2K[1A[2KCollecting 1 genome record [================================================] 100% 1/1
Downloading: ncbi_dataset.zip    255MB 15.7MB/s
[1A[2K[1A[2KCollecting 1 genome record [================================================] 100% 1/1
Downloading: ncbi_dataset.zip    255MB 15.7MB/s
[1A[2K[1A[2KCollecting 1 genome record [================================================] 100% 1/1
Downloading: ncbi_dataset.zip    255MB 15.7MB/s
[1A[2K[1A[2KCollecting 1 genome record [================================================] 100% 1/1
Downloading: ncbi_dataset.zip    255MB 15.7MB/s
[1A[2K[1A[2KCollecting 1 genome record [================================================] 100% 1/1
Downloading: ncbi_dataset.zip    255MB 15.7MB/s
[1A[2K[1A[2KCollecting 1 genome record [================================================] 100% 1/1
Downloading: ncbi_dataset.zip    255MB 15.7MB/s
[1A[2K[1A[2KCollecting 1 genome record [================================================] 100% 1/1
Downloading: ncbi_dataset.zip    255MB 15.7MB/s
[1A[2K[1A[2KCollecting 1 genome record [================================================] 100% 1/1
Downloading: ncbi_dataset.zip    255MB 15.7MB/s
[1A[2K[1A[2KCollecting 1 genome record [================================================] 100% 1/1
Downloading: ncbi_dataset.zip    255MB 15.7MB/s
[1A[2K[1A[2KCollecting 1 genome record [================================================] 100% 1/1
Downloading: ncbi_dataset.zip    255MB 15.7MB/s
[1A[2K[1A[2KCollecting 1 genome record [================================================] 100% 1/1
Downloading: ncbi_dataset.zip    255MB 15.7MB/s
[1A[2K[1A[2KCollecting 1 genome record [================================================] 100% 1/1
Downloading: ncbi_dataset.zip    255MB 15.7MB/s
[1A[2K[1A[2KCollecting 1 genome record [================================================] 100% 1/1
Downloading: ncbi_dataset.zip    255MB 15.7MB/s
[1A[2K[1A[2KCollecting 1 genome record [================================================] 100% 1/1
Downloading: ncbi_dataset.zip    255MB 15.7MB/s
[1A[2K[1A[2KCollecting 1 genome record [================================================] 100% 1/1
Downloading: ncbi_dataset.zip    255MB 15.6MB/s
[1A[2K[1A[2KCollecting 1 genome record [================================================] 100% 1/1
Downloading: ncbi_dataset.zip    255MB 15.6MB/s
[1A[2K[1A[2KCollecting 1 genome record [================================================] 100% 1/1
Downloading: ncbi_dataset.zip    256MB 15.6MB/s
[1A[2K[1A[2KCollecting 1 genome record [================================================] 100% 1/1
Downloading: ncbi_dataset.zip    257MB 15.6MB/s
[1A[2K[1A[2KCollecting 1 genome record [================================================] 100% 1/1
Downloading: ncbi_dataset.zip    257MB 15.6MB/s
[1A[2K[1A[2KCollecting 1 genome record [================================================] 100% 1/1
Downloading: ncbi_dataset.zip    257MB 15.6MB/s
[1A[2K[1A[2KCollecting 1 genome record [================================================] 100% 1/1
Downloading: ncbi_dataset.zip    257MB 15.6MB/s
[1A[2K[1A[2KCollecting 1 genome record [================================================] 100% 1/1
Downloading: ncbi_dataset.zip    257MB 15.6MB/s
[1A[2K[1A[2KCollecting 1 genome record [================================================] 100% 1/1
Downloading: ncbi_dataset.zip    257MB 15.6MB/s
[1A[2K[1A[2KCollecting 1 genome record [================================================] 100% 1/1
Downloading: ncbi_dataset.zip    257MB 15.6MB/s
[1A[2K[1A[2KCollecting 1 genome record [================================================] 100% 1/1
Downloading: ncbi_dataset.zip    257MB 15.6MB/s
[1A[2K[1A[2KCollecting 1 genome record [================================================] 100% 1/1
Downloading: ncbi_dataset.zip    257MB 15.6MB/s
[1A[2K[1A[2KCollecting 1 genome record [================================================] 100% 1/1
Downloading: ncbi_dataset.zip    257MB 15.6MB/s
[1A[2K[1A[2KCollecting 1 genome record [================================================] 100% 1/1
Downloading: ncbi_dataset.zip    257MB 15.6MB/s
[1A[2K[1A[2KCollecting 1 genome record [================================================] 100% 1/1
Downloading: ncbi_dataset.zip    257MB 15.6MB/s
[1A[2K[1A[2KCollecting 1 genome record [================================================] 100% 1/1
Downloading: ncbi_dataset.zip    257MB 15.6MB/s
[1A[2K[1A[2KCollecting 1 genome record [================================================] 100% 1/1
Downloading: ncbi_dataset.zip    257MB 15.6MB/s
[1A[2K[1A[2KCollecting 1 genome record [================================================] 100% 1/1
Downloading: ncbi_dataset.zip    257MB 15.5MB/s
[1A[2K[1A[2KCollecting 1 genome record [================================================] 100% 1/1
Downloading: ncbi_dataset.zip    258MB 15.5MB/s
[1A[2K[1A[2KCollecting 1 genome record [================================================] 100% 1/1
Downloading: ncbi_dataset.zip    258MB 15.6MB/s
[1A[2K[1A[2KCollecting 1 genome record [================================================] 100% 1/1
Downloading: ncbi_dataset.zip    258MB 15.6MB/s
[1A[2K[1A[2KCollecting 1 genome record [================================================] 100% 1/1
Downloading: ncbi_dataset.zip    258MB 15.6MB/s
[1A[2K[1A[2KCollecting 1 genome record [================================================] 100% 1/1
Downloading: ncbi_dataset.zip    258MB 15.6MB/s
[1A[2K[1A[2KCollecting 1 genome record [================================================] 100% 1/1
Downloading: ncbi_dataset.zip    258MB 15.6MB/s
[1A[2K[1A[2KCollecting 1 genome record [================================================] 100% 1/1
Downloading: ncbi_dataset.zip    258MB 15.6MB/s
[1A[2K[1A[2KCollecting 1 genome record [================================================] 100% 1/1
Downloading: ncbi_dataset.zip    258MB 15.6MB/s
[1A[2K[1A[2KCollecting 1 genome record [================================================] 100% 1/1
Downloading: ncbi_dataset.zip    258MB 15.6MB/s
[1A[2K[1A[2KCollecting 1 genome record [================================================] 100% 1/1
Downloading: ncbi_dataset.zip    258MB 15.6MB/s
[1A[2K[1A[2KCollecting 1 genome record [================================================] 100% 1/1
Downloading: ncbi_dataset.zip    258MB 15.6MB/s
[1A[2K[1A[2KCollecting 1 genome record [================================================] 100% 1/1
Downloading: ncbi_dataset.zip    258MB 15.6MB/s
[1A[2K[1A[2KCollecting 1 genome record [================================================] 100% 1/1
Downloading: ncbi_dataset.zip    258MB 15.6MB/s
[1A[2K[1A[2KCollecting 1 genome record [================================================] 100% 1/1
Downloading: ncbi_dataset.zip    258MB 15.6MB/s
[1A[2K[1A[2KCollecting 1 genome record [================================================] 100% 1/1
Downloading: ncbi_dataset.zip    258MB 15.6MB/s
[1A[2K[1A[2KCollecting 1 genome record [================================================] 100% 1/1
Downloading: ncbi_dataset.zip    258MB 15.6MB/s
[1A[2K[1A[2KCollecting 1 genome record [================================================] 100% 1/1
Downloading: ncbi_dataset.zip    259MB 15.5MB/s
[1A[2K[1A[2KCollecting 1 genome record [================================================] 100% 1/1
Downloading: ncbi_dataset.zip    259MB 15.5MB/s
[1A[2K[1A[2KCollecting 1 genome record [================================================] 100% 1/1
Downloading: ncbi_dataset.zip    260MB 15.5MB/s
[1A[2K[1A[2KCollecting 1 genome record [================================================] 100% 1/1
Downloading: ncbi_dataset.zip    260MB 15.5MB/s
[1A[2K[1A[2KCollecting 1 genome record [================================================] 100% 1/1
Downloading: ncbi_dataset.zip    260MB 15.5MB/s
[1A[2K[1A[2KCollecting 1 genome record [================================================] 100% 1/1
Downloading: ncbi_dataset.zip    260MB 15.5MB/s
[1A[2K[1A[2KCollecting 1 genome record [================================================] 100% 1/1
Downloading: ncbi_dataset.zip    260MB 15.5MB/s
[1A[2K[1A[2KCollecting 1 genome record [================================================] 100% 1/1
Downloading: ncbi_dataset.zip    260MB 15.5MB/s
[1A[2K[1A[2KCollecting 1 genome record [================================================] 100% 1/1
Downloading: ncbi_dataset.zip    260MB 15.5MB/s
[1A[2K[1A[2KCollecting 1 genome record [================================================] 100% 1/1
Downloading: ncbi_dataset.zip    260MB 15.5MB/s
[1A[2K[1A[2KCollecting 1 genome record [================================================] 100% 1/1
Downloading: ncbi_dataset.zip    260MB 15.5MB/s
[1A[2K[1A[2KCollecting 1 genome record [================================================] 100% 1/1
Downloading: ncbi_dataset.zip    260MB 15.5MB/s
[1A[2K[1A[2KCollecting 1 genome record [================================================] 100% 1/1
Downloading: ncbi_dataset.zip    260MB 15.5MB/s
[1A[2K[1A[2KCollecting 1 genome record [================================================] 100% 1/1
Downloading: ncbi_dataset.zip    260MB 15.5MB/s
[1A[2K[1A[2KCollecting 1 genome record [================================================] 100% 1/1
Downloading: ncbi_dataset.zip    260MB 15.5MB/s
[1A[2K[1A[2KCollecting 1 genome record [================================================] 100% 1/1
Downloading: ncbi_dataset.zip    260MB 15.5MB/s
[1A[2K[1A[2KCollecting 1 genome record [================================================] 100% 1/1
Downloading: ncbi_dataset.zip    260MB 15.5MB/s
[1A[2K[1A[2KCollecting 1 genome record [================================================] 100% 1/1
Downloading: ncbi_dataset.zip    261MB 15.4MB/s
[1A[2K[1A[2KCollecting 1 genome record [================================================] 100% 1/1
Downloading: ncbi_dataset.zip    261MB 15.4MB/s
[1A[2K[1A[2KCollecting 1 genome record [================================================] 100% 1/1
Downloading: ncbi_dataset.zip    262MB 15.5MB/s
[1A[2K[1A[2KCollecting 1 genome record [================================================] 100% 1/1
Downloading: ncbi_dataset.zip    262MB 15.5MB/s
[1A[2K[1A[2KCollecting 1 genome record [================================================] 100% 1/1
Downloading: ncbi_dataset.zip    262MB 15.5MB/s
[1A[2K[1A[2KCollecting 1 genome record [================================================] 100% 1/1
Downloading: ncbi_dataset.zip    262MB 15.5MB/s
[1A[2K[1A[2KCollecting 1 genome record [================================================] 100% 1/1
Downloading: ncbi_dataset.zip    262MB 15.5MB/s
[1A[2K[1A[2KCollecting 1 genome record [================================================] 100% 1/1
Downloading: ncbi_dataset.zip    262MB 15.5MB/s
[1A[2K[1A[2KCollecting 1 genome record [================================================] 100% 1/1
Downloading: ncbi_dataset.zip    262MB 15.5MB/s
[1A[2K[1A[2KCollecting 1 genome record [================================================] 100% 1/1
Downloading: ncbi_dataset.zip    262MB 15.5MB/s
[1A[2K[1A[2KCollecting 1 genome record [================================================] 100% 1/1
Downloading: ncbi_dataset.zip    262MB 15.5MB/s
[1A[2K[1A[2KCollecting 1 genome record [================================================] 100% 1/1
Downloading: ncbi_dataset.zip    262MB 15.5MB/s
[1A[2K[1A[2KCollecting 1 genome record [================================================] 100% 1/1
Downloading: ncbi_dataset.zip    262MB 15.5MB/s
[1A[2K[1A[2KCollecting 1 genome record [================================================] 100% 1/1
Downloading: ncbi_dataset.zip    262MB 15.5MB/s
[1A[2K[1A[2KCollecting 1 genome record [================================================] 100% 1/1
Downloading: ncbi_dataset.zip    262MB 15.5MB/s
[1A[2K[1A[2KCollecting 1 genome record [================================================] 100% 1/1
Downloading: ncbi_dataset.zip    262MB 15.4MB/s
[1A[2K[1A[2KCollecting 1 genome record [================================================] 100% 1/1
Downloading: ncbi_dataset.zip    262MB 15.4MB/s
[1A[2K[1A[2KCollecting 1 genome record [================================================] 100% 1/1
Downloading: ncbi_dataset.zip    263MB 15.4MB/s
[1A[2K[1A[2KCollecting 1 genome record [================================================] 100% 1/1
Downloading: ncbi_dataset.zip    264MB 15.4MB/s
[1A[2K[1A[2KCollecting 1 genome record [================================================] 100% 1/1
Downloading: ncbi_dataset.zip    264MB 15.4MB/s
[1A[2K[1A[2KCollecting 1 genome record [================================================] 100% 1/1
Downloading: ncbi_dataset.zip    264MB 15.4MB/s
[1A[2K[1A[2KCollecting 1 genome record [================================================] 100% 1/1
Downloading: ncbi_dataset.zip    264MB 15.4MB/s
[1A[2K[1A[2KCollecting 1 genome record [================================================] 100% 1/1
Downloading: ncbi_dataset.zip    264MB 15.4MB/s
[1A[2K[1A[2KCollecting 1 genome record [================================================] 100% 1/1
Downloading: ncbi_dataset.zip    264MB 15.4MB/s
[1A[2K[1A[2KCollecting 1 genome record [================================================] 100% 1/1
Downloading: ncbi_dataset.zip    264MB 15.4MB/s
[1A[2K[1A[2KCollecting 1 genome record [================================================] 100% 1/1
Downloading: ncbi_dataset.zip    264MB 15.4MB/s
[1A[2K[1A[2KCollecting 1 genome record [================================================] 100% 1/1
Downloading: ncbi_dataset.zip    264MB 15.4MB/s
[1A[2K[1A[2KCollecting 1 genome record [================================================] 100% 1/1
Downloading: ncbi_dataset.zip    264MB 15.4MB/s
[1A[2K[1A[2KCollecting 1 genome record [================================================] 100% 1/1
Downloading: ncbi_dataset.zip    264MB 15.4MB/s
[1A[2K[1A[2KCollecting 1 genome record [================================================] 100% 1/1
Downloading: ncbi_dataset.zip    264MB 15.4MB/s
[1A[2K[1A[2KCollecting 1 genome record [================================================] 100% 1/1
Downloading: ncbi_dataset.zip    264MB 15.4MB/s
[1A[2K[1A[2KCollecting 1 genome record [================================================] 100% 1/1
Downloading: ncbi_dataset.zip    264MB 15.4MB/s
[1A[2K[1A[2KCollecting 1 genome record [================================================] 100% 1/1
Downloading: ncbi_dataset.zip    264MB 15.4MB/s
[1A[2K[1A[2KCollecting 1 genome record [================================================] 100% 1/1
Downloading: ncbi_dataset.zip    264MB 15.3MB/s
[1A[2K[1A[2KCollecting 1 genome record [================================================] 100% 1/1
Downloading: ncbi_dataset.zip    265MB 15.3MB/s
[1A[2K[1A[2KCollecting 1 genome record [================================================] 100% 1/1
Downloading: ncbi_dataset.zip    265MB 15.4MB/s
[1A[2K[1A[2KCollecting 1 genome record [================================================] 100% 1/1
Downloading: ncbi_dataset.zip    265MB 15.4MB/s
[1A[2K[1A[2KCollecting 1 genome record [================================================] 100% 1/1
Downloading: ncbi_dataset.zip    265MB 15.4MB/s
[1A[2K[1A[2KCollecting 1 genome record [================================================] 100% 1/1
Downloading: ncbi_dataset.zip    265MB 15.4MB/s
[1A[2K[1A[2KCollecting 1 genome record [================================================] 100% 1/1
Downloading: ncbi_dataset.zip    265MB 15.4MB/s
[1A[2K[1A[2KCollecting 1 genome record [================================================] 100% 1/1
Downloading: ncbi_dataset.zip    265MB 15.4MB/s
[1A[2K[1A[2KCollecting 1 genome record [================================================] 100% 1/1
Downloading: ncbi_dataset.zip    265MB 15.4MB/s
[1A[2K[1A[2KCollecting 1 genome record [================================================] 100% 1/1
Downloading: ncbi_dataset.zip    265MB 15.4MB/s
[1A[2K[1A[2KCollecting 1 genome record [================================================] 100% 1/1
Downloading: ncbi_dataset.zip    265MB 15.4MB/s
[1A[2K[1A[2KCollecting 1 genome record [================================================] 100% 1/1
Downloading: ncbi_dataset.zip    265MB 15.4MB/s
[1A[2K[1A[2KCollecting 1 genome record [================================================] 100% 1/1
Downloading: ncbi_dataset.zip    265MB 15.4MB/s
[1A[2K[1A[2KCollecting 1 genome record [================================================] 100% 1/1
Downloading: ncbi_dataset.zip    265MB 15.4MB/s
[1A[2K[1A[2KCollecting 1 genome record [================================================] 100% 1/1
Downloading: ncbi_dataset.zip    265MB 15.4MB/s
[1A[2K[1A[2KCollecting 1 genome record [================================================] 100% 1/1
Downloading: ncbi_dataset.zip    265MB 15.4MB/s
[1A[2K[1A[2KCollecting 1 genome record [================================================] 100% 1/1
Downloading: ncbi_dataset.zip    265MB 15.3MB/s
[1A[2K[1A[2KCollecting 1 genome record [================================================] 100% 1/1
Downloading: ncbi_dataset.zip    266MB 15.3MB/s
[1A[2K[1A[2KCollecting 1 genome record [================================================] 100% 1/1
Downloading: ncbi_dataset.zip    267MB 15.3MB/s
[1A[2K[1A[2KCollecting 1 genome record [================================================] 100% 1/1
Downloading: ncbi_dataset.zip    267MB 15.3MB/s
[1A[2K[1A[2KCollecting 1 genome record [================================================] 100% 1/1
Downloading: ncbi_dataset.zip    267MB 15.3MB/s
[1A[2K[1A[2KCollecting 1 genome record [================================================] 100% 1/1
Downloading: ncbi_dataset.zip    267MB 15.3MB/s
[1A[2K[1A[2KCollecting 1 genome record [================================================] 100% 1/1
Downloading: ncbi_dataset.zip    267MB 15.3MB/s
[1A[2K[1A[2KCollecting 1 genome record [================================================] 100% 1/1
Downloading: ncbi_dataset.zip    267MB 15.3MB/s
[1A[2K[1A[2KCollecting 1 genome record [================================================] 100% 1/1
Downloading: ncbi_dataset.zip    267MB 15.3MB/s
[1A[2K[1A[2KCollecting 1 genome record [================================================] 100% 1/1
Downloading: ncbi_dataset.zip    267MB 15.3MB/s
[1A[2K[1A[2KCollecting 1 genome record [================================================] 100% 1/1
Downloading: ncbi_dataset.zip    267MB 15.3MB/s
[1A[2K[1A[2KCollecting 1 genome record [================================================] 100% 1/1
Downloading: ncbi_dataset.zip    267MB 15.3MB/s
[1A[2K[1A[2KCollecting 1 genome record [================================================] 100% 1/1
Downloading: ncbi_dataset.zip    267MB 15.3MB/s
[1A[2K[1A[2KCollecting 1 genome record [================================================] 100% 1/1
Downloading: ncbi_dataset.zip    267MB 15.3MB/s
[1A[2K[1A[2KCollecting 1 genome record [================================================] 100% 1/1
Downloading: ncbi_dataset.zip    267MB 15.3MB/s
[1A[2K[1A[2KCollecting 1 genome record [================================================] 100% 1/1
Downloading: ncbi_dataset.zip    267MB 15.3MB/s
[1A[2K[1A[2KCollecting 1 genome record [================================================] 100% 1/1
Downloading: ncbi_dataset.zip    267MB 15.2MB/s
[1A[2K[1A[2KCollecting 1 genome record [================================================] 100% 1/1
Downloading: ncbi_dataset.zip    267MB 15.2MB/s
[1A[2K[1A[2KCollecting 1 genome record [================================================] 100% 1/1
Downloading: ncbi_dataset.zip    268MB 15.2MB/s
[1A[2K[1A[2KCollecting 1 genome record [================================================] 100% 1/1
Downloading: ncbi_dataset.zip    269MB 15.3MB/s
[1A[2K[1A[2KCollecting 1 genome record [================================================] 100% 1/1
Downloading: ncbi_dataset.zip    269MB 15.3MB/s
[1A[2K[1A[2KCollecting 1 genome record [================================================] 100% 1/1
Downloading: ncbi_dataset.zip    269MB 15.3MB/s
[1A[2K[1A[2KCollecting 1 genome record [================================================] 100% 1/1
Downloading: ncbi_dataset.zip    269MB 15.3MB/s
[1A[2K[1A[2KCollecting 1 genome record [================================================] 100% 1/1
Downloading: ncbi_dataset.zip    269MB 15.3MB/s
[1A[2K[1A[2KCollecting 1 genome record [================================================] 100% 1/1
Downloading: ncbi_dataset.zip    269MB 15.3MB/s
[1A[2K[1A[2KCollecting 1 genome record [================================================] 100% 1/1
Downloading: ncbi_dataset.zip    269MB 15.3MB/s
[1A[2K[1A[2KCollecting 1 genome record [================================================] 100% 1/1
Downloading: ncbi_dataset.zip    269MB 15.3MB/s
[1A[2K[1A[2KCollecting 1 genome record [================================================] 100% 1/1
Downloading: ncbi_dataset.zip    269MB 15.3MB/s
[1A[2K[1A[2KCollecting 1 genome record [================================================] 100% 1/1
Downloading: ncbi_dataset.zip    269MB 15.3MB/s
[1A[2K[1A[2KCollecting 1 genome record [================================================] 100% 1/1
Downloading: ncbi_dataset.zip    269MB 15.3MB/s
[1A[2K[1A[2KCollecting 1 genome record [================================================] 100% 1/1
Downloading: ncbi_dataset.zip    269MB 15.3MB/s
[1A[2K[1A[2KCollecting 1 genome record [================================================] 100% 1/1
Downloading: ncbi_dataset.zip    269MB 15.3MB/s
[1A[2K[1A[2KCollecting 1 genome record [================================================] 100% 1/1
Downloading: ncbi_dataset.zip    269MB 15.3MB/s
[1A[2K[1A[2KCollecting 1 genome record [================================================] 100% 1/1
Downloading: ncbi_dataset.zip    269MB 15.2MB/s
[1A[2K[1A[2KCollecting 1 genome record [================================================] 100% 1/1
Downloading: ncbi_dataset.zip    269MB 15.2MB/s
[1A[2K[1A[2KCollecting 1 genome record [================================================] 100% 1/1
Downloading: ncbi_dataset.zip    270MB 15.2MB/s
[1A[2K[1A[2KCollecting 1 genome record [================================================] 100% 1/1
Downloading: ncbi_dataset.zip    271MB 15.2MB/s
[1A[2K[1A[2KCollecting 1 genome record [================================================] 100% 1/1
Downloading: ncbi_dataset.zip    271MB 15.2MB/s
[1A[2K[1A[2KCollecting 1 genome record [================================================] 100% 1/1
Downloading: ncbi_dataset.zip    271MB 15.2MB/s
[1A[2K[1A[2KCollecting 1 genome record [================================================] 100% 1/1
Downloading: ncbi_dataset.zip    271MB 15.2MB/s
[1A[2K[1A[2KCollecting 1 genome record [================================================] 100% 1/1
Downloading: ncbi_dataset.zip    271MB 15.2MB/s
[1A[2K[1A[2KCollecting 1 genome record [================================================] 100% 1/1
Downloading: ncbi_dataset.zip    271MB 15.2MB/s
[1A[2K[1A[2KCollecting 1 genome record [================================================] 100% 1/1
Downloading: ncbi_dataset.zip    271MB 15.2MB/s
[1A[2K[1A[2KCollecting 1 genome record [================================================] 100% 1/1
Downloading: ncbi_dataset.zip    271MB 15.2MB/s
[1A[2K[1A[2KCollecting 1 genome record [================================================] 100% 1/1
Downloading: ncbi_dataset.zip    271MB 15.2MB/s
[1A[2K[1A[2KCollecting 1 genome record [================================================] 100% 1/1
Downloading: ncbi_dataset.zip    271MB 15.2MB/s
[1A[2K[1A[2KCollecting 1 genome record [================================================] 100% 1/1
Downloading: ncbi_dataset.zip    271MB 15.2MB/s
[1A[2K[1A[2KCollecting 1 genome record [================================================] 100% 1/1
Downloading: ncbi_dataset.zip    271MB 15.2MB/s
[1A[2K[1A[2KCollecting 1 genome record [================================================] 100% 1/1
Downloading: ncbi_dataset.zip    271MB 15.2MB/s
[1A[2K[1A[2KCollecting 1 genome record [================================================] 100% 1/1
Downloading: ncbi_dataset.zip    271MB 15.2MB/s
[1A[2K[1A[2KCollecting 1 genome record [================================================] 100% 1/1
Downloading: ncbi_dataset.zip    271MB 15.1MB/s
[1A[2K[1A[2KCollecting 1 genome record [================================================] 100% 1/1
Downloading: ncbi_dataset.zip    272MB 15.1MB/s
[1A[2K[1A[2KCollecting 1 genome record [================================================] 100% 1/1
Downloading: ncbi_dataset.zip    273MB 15.2MB/s
[1A[2K[1A[2KCollecting 1 genome record [================================================] 100% 1/1
Downloading: ncbi_dataset.zip    273MB 15.2MB/s
[1A[2K[1A[2KCollecting 1 genome record [================================================] 100% 1/1
Downloading: ncbi_dataset.zip    273MB 15.2MB/s
[1A[2K[1A[2KCollecting 1 genome record [================================================] 100% 1/1
Downloading: ncbi_dataset.zip    273MB 15.2MB/s
[1A[2K[1A[2KCollecting 1 genome record [================================================] 100% 1/1
Downloading: ncbi_dataset.zip    273MB 15.2MB/s
[1A[2K[1A[2KCollecting 1 genome record [================================================] 100% 1/1
Downloading: ncbi_dataset.zip    273MB 15.2MB/s
[1A[2K[1A[2KCollecting 1 genome record [================================================] 100% 1/1
Downloading: ncbi_dataset.zip    273MB 15.2MB/s
[1A[2K[1A[2KCollecting 1 genome record [================================================] 100% 1/1
Downloading: ncbi_dataset.zip    273MB 15.2MB/s
[1A[2K[1A[2KCollecting 1 genome record [================================================] 100% 1/1
Downloading: ncbi_dataset.zip    273MB 15.2MB/s
[1A[2K[1A[2KCollecting 1 genome record [================================================] 100% 1/1
Downloading: ncbi_dataset.zip    273MB 15.2MB/s
[1A[2K[1A[2KCollecting 1 genome record [================================================] 100% 1/1
Downloading: ncbi_dataset.zip    273MB 15.2MB/s
[1A[2K[1A[2KCollecting 1 genome record [================================================] 100% 1/1
Downloading: ncbi_dataset.zip    273MB 15.2MB/s
[1A[2K[1A[2KCollecting 1 genome record [================================================] 100% 1/1
Downloading: ncbi_dataset.zip    273MB 15.2MB/s
[1A[2K[1A[2KCollecting 1 genome record [================================================] 100% 1/1
Downloading: ncbi_dataset.zip    273MB 15.2MB/s
[1A[2K[1A[2KCollecting 1 genome record [================================================] 100% 1/1
Downloading: ncbi_dataset.zip    273MB 15.2MB/s
[1A[2K[1A[2KCollecting 1 genome record [================================================] 100% 1/1
Downloading: ncbi_dataset.zip    273MB 15.1MB/s
[1A[2K[1A[2KCollecting 1 genome record [================================================] 100% 1/1
Downloading: ncbi_dataset.zip    274MB 15.1MB/s
[1A[2K[1A[2KCollecting 1 genome record [================================================] 100% 1/1
Downloading: ncbi_dataset.zip    274MB 15.1MB/s
[1A[2K[1A[2KCollecting 1 genome record [================================================] 100% 1/1
Downloading: ncbi_dataset.zip    274MB 15.1MB/s
[1A[2K[1A[2KCollecting 1 genome record [================================================] 100% 1/1
Downloading: ncbi_dataset.zip    274MB 15.1MB/s
[1A[2K[1A[2KCollecting 1 genome record [================================================] 100% 1/1
Downloading: ncbi_dataset.zip    274MB 15.1MB/s
[1A[2K[1A[2KCollecting 1 genome record [================================================] 100% 1/1
Downloading: ncbi_dataset.zip    274MB 15.1MB/s
[1A[2K[1A[2KCollecting 1 genome record [================================================] 100% 1/1
Downloading: ncbi_dataset.zip    274MB 15.1MB/s
[1A[2K[1A[2KCollecting 1 genome record [================================================] 100% 1/1
Downloading: ncbi_dataset.zip    274MB 15.1MB/s
[1A[2K[1A[2KCollecting 1 genome record [================================================] 100% 1/1
Downloading: ncbi_dataset.zip    274MB 15.1MB/s
[1A[2K[1A[2KCollecting 1 genome record [================================================] 100% 1/1
Downloading: ncbi_dataset.zip    274MB 15.1MB/s
[1A[2K[1A[2KCollecting 1 genome record [================================================] 100% 1/1
Downloading: ncbi_dataset.zip    274MB 15.1MB/s
[1A[2K[1A[2KCollecting 1 genome record [================================================] 100% 1/1
Downloading: ncbi_dataset.zip    274MB 15.1MB/s
[1A[2K[1A[2KCollecting 1 genome record [================================================] 100% 1/1
Downloading: ncbi_dataset.zip    274MB 15.1MB/s
[1A[2K[1A[2KCollecting 1 genome record [================================================] 100% 1/1
Downloading: ncbi_dataset.zip    274MB 15.1MB/s
[1A[2K[1A[2KCollecting 1 genome record [================================================] 100% 1/1
Downloading: ncbi_dataset.zip    274MB 15.1MB/s
[1A[2K[1A[2KCollecting 1 genome record [================================================] 100% 1/1
Downloading: ncbi_dataset.zip    274MB 15MB/s
[1A[2K[1A[2KCollecting 1 genome record [================================================] 100% 1/1
Downloading: ncbi_dataset.zip    275MB 15.1MB/s
[1A[2K[1A[2KCollecting 1 genome record [================================================] 100% 1/1
Downloading: ncbi_dataset.zip    276MB 15.1MB/s
[1A[2K[1A[2KCollecting 1 genome record [================================================] 100% 1/1
Downloading: ncbi_dataset.zip    276MB 15.1MB/s
[1A[2K[1A[2KCollecting 1 genome record [================================================] 100% 1/1
Downloading: ncbi_dataset.zip    276MB 15.1MB/s
[1A[2K[1A[2KCollecting 1 genome record [================================================] 100% 1/1
Downloading: ncbi_dataset.zip    276MB 15.1MB/s
[1A[2K[1A[2KCollecting 1 genome record [================================================] 100% 1/1
Downloading: ncbi_dataset.zip    276MB 15.1MB/s
[1A[2K[1A[2KCollecting 1 genome record [================================================] 100% 1/1
Downloading: ncbi_dataset.zip    276MB 15.1MB/s
[1A[2K[1A[2KCollecting 1 genome record [================================================] 100% 1/1
Downloading: ncbi_dataset.zip    276MB 15.1MB/s
[1A[2K[1A[2KCollecting 1 genome record [================================================] 100% 1/1
Downloading: ncbi_dataset.zip    276MB 15.1MB/s
[1A[2K[1A[2KCollecting 1 genome record [================================================] 100% 1/1
Downloading: ncbi_dataset.zip    276MB 15.1MB/s
[1A[2K[1A[2KCollecting 1 genome record [================================================] 100% 1/1
Downloading: ncbi_dataset.zip    276MB 15.1MB/s
[1A[2K[1A[2KCollecting 1 genome record [================================================] 100% 1/1
Downloading: ncbi_dataset.zip    276MB 15.1MB/s
[1A[2K[1A[2KCollecting 1 genome record [================================================] 100% 1/1
Downloading: ncbi_dataset.zip    276MB 15.1MB/s
[1A[2K[1A[2KCollecting 1 genome record [================================================] 100% 1/1
Downloading: ncbi_dataset.zip    276MB 15.1MB/s
[1A[2K[1A[2KCollecting 1 genome record [================================================] 100% 1/1
Downloading: ncbi_dataset.zip    276MB 15.1MB/s
[1A[2K[1A[2KCollecting 1 genome record [================================================] 100% 1/1
Downloading: ncbi_dataset.zip    276MB 15.1MB/s
[1A[2K[1A[2KCollecting 1 genome record [================================================] 100% 1/1
Downloading: ncbi_dataset.zip    277MB 15MB/s
[1A[2K[1A[2KCollecting 1 genome record [================================================] 100% 1/1
Downloading: ncbi_dataset.zip    277MB 15MB/s
[1A[2K[1A[2KCollecting 1 genome record [================================================] 100% 1/1
Downloading: ncbi_dataset.zip    278MB 15.1MB/s
[1A[2K[1A[2KCollecting 1 genome record [================================================] 100% 1/1
Downloading: ncbi_dataset.zip    278MB 15.1MB/s
[1A[2K[1A[2KCollecting 1 genome record [================================================] 100% 1/1
Downloading: ncbi_dataset.zip    278MB 15.1MB/s
[1A[2K[1A[2KCollecting 1 genome record [================================================] 100% 1/1
Downloading: ncbi_dataset.zip    278MB 15.1MB/s
[1A[2K[1A[2KCollecting 1 genome record [================================================] 100% 1/1
Downloading: ncbi_dataset.zip    278MB 15.1MB/s
[1A[2K[1A[2KCollecting 1 genome record [================================================] 100% 1/1
Downloading: ncbi_dataset.zip    278MB 15.1MB/s
[1A[2K[1A[2KCollecting 1 genome record [================================================] 100% 1/1
Downloading: ncbi_dataset.zip    278MB 15.1MB/s
[1A[2K[1A[2KCollecting 1 genome record [================================================] 100% 1/1
Downloading: ncbi_dataset.zip    278MB 15.1MB/s
[1A[2K[1A[2KCollecting 1 genome record [================================================] 100% 1/1
Downloading: ncbi_dataset.zip    278MB 15.1MB/s
[1A[2K[1A[2KCollecting 1 genome record [================================================] 100% 1/1
Downloading: ncbi_dataset.zip    278MB 15.1MB/s
[1A[2K[1A[2KCollecting 1 genome record [================================================] 100% 1/1
Downloading: ncbi_dataset.zip    278MB 15.1MB/s
[1A[2K[1A[2KCollecting 1 genome record [================================================] 100% 1/1
Downloading: ncbi_dataset.zip    278MB 15.1MB/s
[1A[2K[1A[2KCollecting 1 genome record [================================================] 100% 1/1
Downloading: ncbi_dataset.zip    278MB 15.1MB/s
[1A[2K[1A[2KCollecting 1 genome record [================================================] 100% 1/1
Downloading: ncbi_dataset.zip    278MB 15.1MB/s
[1A[2K[1A[2KCollecting 1 genome record [================================================] 100% 1/1
Downloading: ncbi_dataset.zip    278MB 14.9MB/s
[1A[2K[1A[2KCollecting 1 genome record [================================================] 100% 1/1
Downloading: ncbi_dataset.zip    278MB 15MB/s
[1A[2K[1A[2KCollecting 1 genome record [================================================] 100% 1/1
Downloading: ncbi_dataset.zip    279MB 15MB/s
[1A[2K[1A[2KCollecting 1 genome record [================================================] 100% 1/1
Downloading: ncbi_dataset.zip    280MB 15MB/s
[1A[2K[1A[2KCollecting 1 genome record [================================================] 100% 1/1
Downloading: ncbi_dataset.zip    280MB 15MB/s
[1A[2K[1A[2KCollecting 1 genome record [================================================] 100% 1/1
Downloading: ncbi_dataset.zip    280MB 15MB/s
[1A[2K[1A[2KCollecting 1 genome record [================================================] 100% 1/1
Downloading: ncbi_dataset.zip    280MB 15MB/s
[1A[2K[1A[2KCollecting 1 genome record [================================================] 100% 1/1
Downloading: ncbi_dataset.zip    280MB 15MB/s
[1A[2K[1A[2KCollecting 1 genome record [================================================] 100% 1/1
Downloading: ncbi_dataset.zip    280MB 15MB/s
[1A[2K[1A[2KCollecting 1 genome record [================================================] 100% 1/1
Downloading: ncbi_dataset.zip    280MB 15MB/s
[1A[2K[1A[2KCollecting 1 genome record [================================================] 100% 1/1
Downloading: ncbi_dataset.zip    280MB 15MB/s
[1A[2K[1A[2KCollecting 1 genome record [================================================] 100% 1/1
Downloading: ncbi_dataset.zip    280MB 15MB/s
[1A[2K[1A[2KCollecting 1 genome record [================================================] 100% 1/1
Downloading: ncbi_dataset.zip    280MB 15MB/s
[1A[2K[1A[2KCollecting 1 genome record [================================================] 100% 1/1
Downloading: ncbi_dataset.zip    280MB 15MB/s
[1A[2K[1A[2KCollecting 1 genome record [================================================] 100% 1/1
Downloading: ncbi_dataset.zip    280MB 15MB/s
[1A[2K[1A[2KCollecting 1 genome record [================================================] 100% 1/1
Downloading: ncbi_dataset.zip    280MB 15MB/s
[1A[2K[1A[2KCollecting 1 genome record [================================================] 100% 1/1
Downloading: ncbi_dataset.zip    280MB 14.9MB/s
[1A[2K[1A[2KCollecting 1 genome record [================================================] 100% 1/1
Downloading: ncbi_dataset.zip    280MB 14.9MB/s
[1A[2K[1A[2KCollecting 1 genome record [================================================] 100% 1/1
Downloading: ncbi_dataset.zip    281MB 14.9MB/s
[1A[2K[1A[2KCollecting 1 genome record [================================================] 100% 1/1
Downloading: ncbi_dataset.zip    281MB 14.9MB/s
[1A[2K[1A[2KCollecting 1 genome record [================================================] 100% 1/1
Downloading: ncbi_dataset.zip    282MB 15MB/s
[1A[2K[1A[2KCollecting 1 genome record [================================================] 100% 1/1
Downloading: ncbi_dataset.zip    282MB 15MB/s
[1A[2K[1A[2KCollecting 1 genome record [================================================] 100% 1/1
Downloading: ncbi_dataset.zip    282MB 15MB/s
[1A[2K[1A[2KCollecting 1 genome record [================================================] 100% 1/1
Downloading: ncbi_dataset.zip    282MB 15MB/s
[1A[2K[1A[2KCollecting 1 genome record [================================================] 100% 1/1
Downloading: ncbi_dataset.zip    282MB 15MB/s
[1A[2K[1A[2KCollecting 1 genome record [================================================] 100% 1/1
Downloading: ncbi_dataset.zip    282MB 15MB/s
[1A[2K[1A[2KCollecting 1 genome record [================================================] 100% 1/1
Downloading: ncbi_dataset.zip    282MB 15MB/s
[1A[2K[1A[2KCollecting 1 genome record [================================================] 100% 1/1
Downloading: ncbi_dataset.zip    282MB 15MB/s
[1A[2K[1A[2KCollecting 1 genome record [================================================] 100% 1/1
Downloading: ncbi_dataset.zip    282MB 15MB/s
[1A[2K[1A[2KCollecting 1 genome record [================================================] 100% 1/1
Downloading: ncbi_dataset.zip    282MB 15MB/s
[1A[2K[1A[2KCollecting 1 genome record [================================================] 100% 1/1
Downloading: ncbi_dataset.zip    282MB 15MB/s
[1A[2K[1A[2KCollecting 1 genome record [================================================] 100% 1/1
Downloading: ncbi_dataset.zip    282MB 15MB/s
[1A[2K[1A[2KCollecting 1 genome record [================================================] 100% 1/1
Downloading: ncbi_dataset.zip    282MB 15MB/s
[1A[2K[1A[2KCollecting 1 genome record [================================================] 100% 1/1
Downloading: ncbi_dataset.zip    282MB 15MB/s
[1A[2K[1A[2KCollecting 1 genome record [================================================] 100% 1/1
Downloading: ncbi_dataset.zip    282MB 14.9MB/s
[1A[2K[1A[2KCollecting 1 genome record [================================================] 100% 1/1
Downloading: ncbi_dataset.zip    283MB 14.9MB/s
[1A[2K[1A[2KCollecting 1 genome record [================================================] 100% 1/1
Downloading: ncbi_dataset.zip    284MB 14.9MB/s
[1A[2K[1A[2KCollecting 1 genome record [================================================] 100% 1/1
Downloading: ncbi_dataset.zip    284MB 14.9MB/s
[1A[2K[1A[2KCollecting 1 genome record [================================================] 100% 1/1
Downloading: ncbi_dataset.zip    284MB 14.9MB/s
[1A[2K[1A[2KCollecting 1 genome record [================================================] 100% 1/1
Downloading: ncbi_dataset.zip    284MB 14.9MB/s
[1A[2K[1A[2KCollecting 1 genome record [================================================] 100% 1/1
Downloading: ncbi_dataset.zip    284MB 14.9MB/s
[1A[2K[1A[2KCollecting 1 genome record [================================================] 100% 1/1
Downloading: ncbi_dataset.zip    284MB 14.9MB/s
[1A[2K[1A[2KCollecting 1 genome record [================================================] 100% 1/1
Downloading: ncbi_dataset.zip    284MB 14.9MB/s
[1A[2K[1A[2KCollecting 1 genome record [================================================] 100% 1/1
Downloading: ncbi_dataset.zip    284MB 14.9MB/s
[1A[2K[1A[2KCollecting 1 genome record [================================================] 100% 1/1
Downloading: ncbi_dataset.zip    284MB 14.9MB/s
[1A[2K[1A[2KCollecting 1 genome record [================================================] 100% 1/1
Downloading: ncbi_dataset.zip    284MB 14.9MB/s
[1A[2K[1A[2KCollecting 1 genome record [================================================] 100% 1/1
Downloading: ncbi_dataset.zip    284MB 14.9MB/s
[1A[2K[1A[2KCollecting 1 genome record [================================================] 100% 1/1
Downloading: ncbi_dataset.zip    284MB 14.9MB/s
[1A[2K[1A[2KCollecting 1 genome record [================================================] 100% 1/1
Downloading: ncbi_dataset.zip    284MB 14.9MB/s
[1A[2K[1A[2KCollecting 1 genome record [================================================] 100% 1/1
Downloading: ncbi_dataset.zip    284MB 14.9MB/s
[1A[2K[1A[2KCollecting 1 genome record [================================================] 100% 1/1
Downloading: ncbi_dataset.zip    284MB 14.9MB/s
[1A[2K[1A[2KCollecting 1 genome record [================================================] 100% 1/1
Downloading: ncbi_dataset.zip    284MB 14.9MB/s
[1A[2K[1A[2KCollecting 1 genome record [================================================] 100% 1/1
Downloading: ncbi_dataset.zip    285MB 14.9MB/s
[1A[2K[1A[2KCollecting 1 genome record [================================================] 100% 1/1
Downloading: ncbi_dataset.zip    285MB 14.9MB/s
[1A[2K[1A[2KCollecting 1 genome record [================================================] 100% 1/1
Downloading: ncbi_dataset.zip    285MB 14.9MB/s
[1A[2K[1A[2KCollecting 1 genome record [================================================] 100% 1/1
Downloading: ncbi_dataset.zip    285MB 14.9MB/s
[1A[2K[1A[2KCollecting 1 genome record [================================================] 100% 1/1
Downloading: ncbi_dataset.zip    285MB 14.9MB/s
[1A[2K[1A[2KCollecting 1 genome record [================================================] 100% 1/1
Downloading: ncbi_dataset.zip    285MB 14.9MB/s
[1A[2K[1A[2KCollecting 1 genome record [================================================] 100% 1/1
Downloading: ncbi_dataset.zip    285MB 14.9MB/s
[1A[2K[1A[2KCollecting 1 genome record [================================================] 100% 1/1
Downloading: ncbi_dataset.zip    285MB 14.9MB/s
[1A[2K[1A[2KCollecting 1 genome record [================================================] 100% 1/1
Downloading: ncbi_dataset.zip    285MB 14.9MB/s
[1A[2K[1A[2KCollecting 1 genome record [================================================] 100% 1/1
Downloading: ncbi_dataset.zip    285MB 14.9MB/s
[1A[2K[1A[2KCollecting 1 genome record [================================================] 100% 1/1
Downloading: ncbi_dataset.zip    285MB 14.9MB/s
[1A[2K[1A[2KCollecting 1 genome record [================================================] 100% 1/1
Downloading: ncbi_dataset.zip    285MB 14.9MB/s
[1A[2K[1A[2KCollecting 1 genome record [================================================] 100% 1/1
Downloading: ncbi_dataset.zip    285MB 14.9MB/s
[1A[2K[1A[2KCollecting 1 genome record [================================================] 100% 1/1
Downloading: ncbi_dataset.zip    285MB 14.9MB/s
[1A[2K[1A[2KCollecting 1 genome record [================================================] 100% 1/1
Downloading: ncbi_dataset.zip    285MB 14.9MB/s
[1A[2K[1A[2KCollecting 1 genome record [================================================] 100% 1/1
Downloading: ncbi_dataset.zip    286MB 14.8MB/s
[1A[2K[1A[2KCollecting 1 genome record [================================================] 100% 1/1
Downloading: ncbi_dataset.zip    287MB 14.8MB/s
[1A[2K[1A[2KCollecting 1 genome record [================================================] 100% 1/1
Downloading: ncbi_dataset.zip    287MB 14.9MB/s
[1A[2K[1A[2KCollecting 1 genome record [================================================] 100% 1/1
Downloading: ncbi_dataset.zip    287MB 14.9MB/s
[1A[2K[1A[2KCollecting 1 genome record [================================================] 100% 1/1
Downloading: ncbi_dataset.zip    287MB 14.9MB/s
[1A[2K[1A[2KCollecting 1 genome record [================================================] 100% 1/1
Downloading: ncbi_dataset.zip    287MB 14.9MB/s
[1A[2K[1A[2KCollecting 1 genome record [================================================] 100% 1/1
Downloading: ncbi_dataset.zip    287MB 14.8MB/s
[1A[2K[1A[2KCollecting 1 genome record [================================================] 100% 1/1
Downloading: ncbi_dataset.zip    287MB 14.8MB/s
[1A[2K[1A[2KCollecting 1 genome record [================================================] 100% 1/1
Downloading: ncbi_dataset.zip    287MB 14.8MB/s
[1A[2K[1A[2KCollecting 1 genome record [================================================] 100% 1/1
Downloading: ncbi_dataset.zip    287MB 14.8MB/s
[1A[2K[1A[2KCollecting 1 genome record [================================================] 100% 1/1
Downloading: ncbi_dataset.zip    287MB 14.8MB/s
[1A[2K[1A[2KCollecting 1 genome record [================================================] 100% 1/1
Downloading: ncbi_dataset.zip    287MB 14.8MB/s
[1A[2K[1A[2KCollecting 1 genome record [================================================] 100% 1/1
Downloading: ncbi_dataset.zip    287MB 14.8MB/s
[1A[2K[1A[2KCollecting 1 genome record [================================================] 100% 1/1
Downloading: ncbi_dataset.zip    287MB 14.8MB/s
[1A[2K[1A[2KCollecting 1 genome record [================================================] 100% 1/1
Downloading: ncbi_dataset.zip    287MB 14.8MB/s
[1A[2K[1A[2KCollecting 1 genome record [================================================] 100% 1/1
Downloading: ncbi_dataset.zip    287MB 14.8MB/s
[1A[2K[1A[2KCollecting 1 genome record [================================================] 100% 1/1
Downloading: ncbi_dataset.zip    287MB 14.8MB/s
[1A[2K[1A[2KCollecting 1 genome record [================================================] 100% 1/1
Downloading: ncbi_dataset.zip    288MB 14.8MB/s
[1A[2K[1A[2KCollecting 1 genome record [================================================] 100% 1/1
Downloading: ncbi_dataset.zip    289MB 14.8MB/s
[1A[2K[1A[2KCollecting 1 genome record [================================================] 100% 1/1
Downloading: ncbi_dataset.zip    289MB 14.8MB/s
[1A[2K[1A[2KCollecting 1 genome record [================================================] 100% 1/1
Downloading: ncbi_dataset.zip    289MB 14.8MB/s
[1A[2K[1A[2KCollecting 1 genome record [================================================] 100% 1/1
Downloading: ncbi_dataset.zip    289MB 14.8MB/s
[1A[2K[1A[2KCollecting 1 genome record [================================================] 100% 1/1
Downloading: ncbi_dataset.zip    289MB 14.8MB/s
[1A[2K[1A[2KCollecting 1 genome record [================================================] 100% 1/1
Downloading: ncbi_dataset.zip    289MB 14.8MB/s
[1A[2K[1A[2KCollecting 1 genome record [================================================] 100% 1/1
Downloading: ncbi_dataset.zip    289MB 14.8MB/s
[1A[2K[1A[2KCollecting 1 genome record [================================================] 100% 1/1
Downloading: ncbi_dataset.zip    289MB 14.8MB/s
[1A[2K[1A[2KCollecting 1 genome record [================================================] 100% 1/1
Downloading: ncbi_dataset.zip    289MB 14.8MB/s
[1A[2K[1A[2KCollecting 1 genome record [================================================] 100% 1/1
Downloading: ncbi_dataset.zip    289MB 14.8MB/s
[1A[2K[1A[2KCollecting 1 genome record [================================================] 100% 1/1
Downloading: ncbi_dataset.zip    289MB 14.8MB/s
[1A[2K[1A[2KCollecting 1 genome record [================================================] 100% 1/1
Downloading: ncbi_dataset.zip    289MB 14.8MB/s
[1A[2K[1A[2KCollecting 1 genome record [================================================] 100% 1/1
Downloading: ncbi_dataset.zip    289MB 14.8MB/s
[1A[2K[1A[2KCollecting 1 genome record [================================================] 100% 1/1
Downloading: ncbi_dataset.zip    289MB 14.8MB/s
[1A[2K[1A[2KCollecting 1 genome record [================================================] 100% 1/1
Downloading: ncbi_dataset.zip    289MB 14.8MB/s
[1A[2K[1A[2KCollecting 1 genome record [================================================] 100% 1/1
Downloading: ncbi_dataset.zip    289MB 14.7MB/s
[1A[2K[1A[2KCollecting 1 genome record [================================================] 100% 1/1
Downloading: ncbi_dataset.zip    289MB 14.7MB/s
[1A[2K[1A[2KCollecting 1 genome record [================================================] 100% 1/1
Downloading: ncbi_dataset.zip    289MB 14.7MB/s
[1A[2K[1A[2KCollecting 1 genome record [================================================] 100% 1/1
Downloading: ncbi_dataset.zip    291MB 14.8MB/s
[1A[2K[1A[2KCollecting 1 genome record [================================================] 100% 1/1
Downloading: ncbi_dataset.zip    291MB 14.8MB/s
[1A[2K[1A[2KCollecting 1 genome record [================================================] 100% 1/1
Downloading: ncbi_dataset.zip    291MB 14.8MB/s
[1A[2K[1A[2KCollecting 1 genome record [================================================] 100% 1/1
Downloading: ncbi_dataset.zip    291MB 14.8MB/s
[1A[2K[1A[2KCollecting 1 genome record [================================================] 100% 1/1
Downloading: ncbi_dataset.zip    291MB 14.8MB/s
[1A[2K[1A[2KCollecting 1 genome record [================================================] 100% 1/1
Downloading: ncbi_dataset.zip    291MB 14.8MB/s
[1A[2K[1A[2KCollecting 1 genome record [================================================] 100% 1/1
Downloading: ncbi_dataset.zip    291MB 14.8MB/s
[1A[2K[1A[2KCollecting 1 genome record [================================================] 100% 1/1
Downloading: ncbi_dataset.zip    291MB 14.8MB/s
[1A[2K[1A[2KCollecting 1 genome record [================================================] 100% 1/1
Downloading: ncbi_dataset.zip    291MB 14.8MB/s
[1A[2K[1A[2KCollecting 1 genome record [================================================] 100% 1/1
Downloading: ncbi_dataset.zip    291MB 14.8MB/s
[1A[2K[1A[2KCollecting 1 genome record [================================================] 100% 1/1
Downloading: ncbi_dataset.zip    291MB 14.8MB/s
[1A[2K[1A[2KCollecting 1 genome record [================================================] 100% 1/1
Downloading: ncbi_dataset.zip    291MB 14.8MB/s
[1A[2K[1A[2KCollecting 1 genome record [================================================] 100% 1/1
Downloading: ncbi_dataset.zip    291MB 14.8MB/s
[1A[2K[1A[2KCollecting 1 genome record [================================================] 100% 1/1
Downloading: ncbi_dataset.zip    291MB 14.7MB/s
[1A[2K[1A[2KCollecting 1 genome record [================================================] 100% 1/1
Downloading: ncbi_dataset.zip    291MB 14.7MB/s
[1A[2K[1A[2KCollecting 1 genome record [================================================] 100% 1/1
Downloading: ncbi_dataset.zip    292MB 14.7MB/s
[1A[2K[1A[2KCollecting 1 genome record [================================================] 100% 1/1
Downloading: ncbi_dataset.zip    293MB 14.8MB/s
[1A[2K[1A[2KCollecting 1 genome record [================================================] 100% 1/1
Downloading: ncbi_dataset.zip    293MB 14.7MB/s
[1A[2K[1A[2KCollecting 1 genome record [================================================] 100% 1/1
Downloading: ncbi_dataset.zip    293MB 14.7MB/s
[1A[2K[1A[2KCollecting 1 genome record [================================================] 100% 1/1
Downloading: ncbi_dataset.zip    293MB 14.7MB/s
[1A[2K[1A[2KCollecting 1 genome record [================================================] 100% 1/1
Downloading: ncbi_dataset.zip    293MB 14.7MB/s
[1A[2K[1A[2KCollecting 1 genome record [================================================] 100% 1/1
Downloading: ncbi_dataset.zip    293MB 14.7MB/s
[1A[2K[1A[2KCollecting 1 genome record [================================================] 100% 1/1
Downloading: ncbi_dataset.zip    293MB 14.7MB/s
[1A[2K[1A[2KCollecting 1 genome record [================================================] 100% 1/1
Downloading: ncbi_dataset.zip    293MB 14.7MB/s
[1A[2K[1A[2KCollecting 1 genome record [================================================] 100% 1/1
Downloading: ncbi_dataset.zip    293MB 14.7MB/s
[1A[2K[1A[2KCollecting 1 genome record [================================================] 100% 1/1
Downloading: ncbi_dataset.zip    293MB 14.7MB/s
[1A[2K[1A[2KCollecting 1 genome record [================================================] 100% 1/1
Downloading: ncbi_dataset.zip    293MB 14.7MB/s
[1A[2K[1A[2KCollecting 1 genome record [================================================] 100% 1/1
Downloading: ncbi_dataset.zip    293MB 14.7MB/s
[1A[2K[1A[2KCollecting 1 genome record [================================================] 100% 1/1
Downloading: ncbi_dataset.zip    293MB 14.7MB/s
[1A[2K[1A[2KCollecting 1 genome record [================================================] 100% 1/1
Downloading: ncbi_dataset.zip    293MB 14.7MB/s
[1A[2K[1A[2KCollecting 1 genome record [================================================] 100% 1/1
Downloading: ncbi_dataset.zip    293MB 14.7MB/s
[1A[2K[1A[2KCollecting 1 genome record [================================================] 100% 1/1
Downloading: ncbi_dataset.zip    294MB 14.7MB/s
[1A[2K[1A[2KCollecting 1 genome record [================================================] 100% 1/1
Downloading: ncbi_dataset.zip    294MB 14.7MB/s
[1A[2K[1A[2KCollecting 1 genome record [================================================] 100% 1/1
Downloading: ncbi_dataset.zip    295MB 14.7MB/s
[1A[2K[1A[2KCollecting 1 genome record [================================================] 100% 1/1
Downloading: ncbi_dataset.zip    295MB 14.7MB/s
[1A[2K[1A[2KCollecting 1 genome record [================================================] 100% 1/1
Downloading: ncbi_dataset.zip    295MB 14.7MB/s
[1A[2K[1A[2KCollecting 1 genome record [================================================] 100% 1/1
Downloading: ncbi_dataset.zip    295MB 14.7MB/s
[1A[2K[1A[2KCollecting 1 genome record [================================================] 100% 1/1
Downloading: ncbi_dataset.zip    295MB 14.7MB/s
[1A[2K[1A[2KCollecting 1 genome record [================================================] 100% 1/1
Downloading: ncbi_dataset.zip    295MB 14.7MB/s
[1A[2K[1A[2KCollecting 1 genome record [================================================] 100% 1/1
Downloading: ncbi_dataset.zip    295MB 14.7MB/s
[1A[2K[1A[2KCollecting 1 genome record [================================================] 100% 1/1
Downloading: ncbi_dataset.zip    295MB 14.7MB/s
[1A[2K[1A[2KCollecting 1 genome record [================================================] 100% 1/1
Downloading: ncbi_dataset.zip    295MB 14.7MB/s
[1A[2K[1A[2KCollecting 1 genome record [================================================] 100% 1/1
Downloading: ncbi_dataset.zip    295MB 14.7MB/s
[1A[2K[1A[2KCollecting 1 genome record [================================================] 100% 1/1
Downloading: ncbi_dataset.zip    295MB 14.7MB/s
[1A[2K[1A[2KCollecting 1 genome record [================================================] 100% 1/1
Downloading: ncbi_dataset.zip    295MB 14.7MB/s
[1A[2K[1A[2KCollecting 1 genome record [================================================] 100% 1/1
Downloading: ncbi_dataset.zip    295MB 14.7MB/s
[1A[2K[1A[2KCollecting 1 genome record [================================================] 100% 1/1
Downloading: ncbi_dataset.zip    295MB 14.6MB/s
[1A[2K[1A[2KCollecting 1 genome record [================================================] 100% 1/1
Downloading: ncbi_dataset.zip    295MB 14.6MB/s
[1A[2K[1A[2KCollecting 1 genome record [================================================] 100% 1/1
Downloading: ncbi_dataset.zip    296MB 14.7MB/s
[1A[2K[1A[2KCollecting 1 genome record [================================================] 100% 1/1
Downloading: ncbi_dataset.zip    296MB 14.7MB/s
[1A[2K[1A[2KCollecting 1 genome record [================================================] 100% 1/1
Downloading: ncbi_dataset.zip    296MB 14.7MB/s
[1A[2K[1A[2KCollecting 1 genome record [================================================] 100% 1/1
Downloading: ncbi_dataset.zip    296MB 14.7MB/s
[1A[2K[1A[2KCollecting 1 genome record [================================================] 100% 1/1
Downloading: ncbi_dataset.zip    296MB 14.7MB/s
[1A[2K[1A[2KCollecting 1 genome record [================================================] 100% 1/1
Downloading: ncbi_dataset.zip    296MB 14.7MB/s
[1A[2K[1A[2KCollecting 1 genome record [================================================] 100% 1/1
Downloading: ncbi_dataset.zip    296MB 14.7MB/s
[1A[2K[1A[2KCollecting 1 genome record [================================================] 100% 1/1
Downloading: ncbi_dataset.zip    296MB 14.7MB/s
[1A[2K[1A[2KCollecting 1 genome record [================================================] 100% 1/1
Downloading: ncbi_dataset.zip    296MB 14.7MB/s
[1A[2K[1A[2KCollecting 1 genome record [================================================] 100% 1/1
Downloading: ncbi_dataset.zip    296MB 14.7MB/s
[1A[2K[1A[2KCollecting 1 genome record [================================================] 100% 1/1
Downloading: ncbi_dataset.zip    296MB 14.7MB/s
[1A[2K[1A[2KCollecting 1 genome record [================================================] 100% 1/1
Downloading: ncbi_dataset.zip    296MB 14.7MB/s
[1A[2K[1A[2KCollecting 1 genome record [================================================] 100% 1/1
Downloading: ncbi_dataset.zip    296MB 14.7MB/s
[1A[2K[1A[2KCollecting 1 genome record [================================================] 100% 1/1
Downloading: ncbi_dataset.zip    296MB 14.7MB/s
[1A[2K[1A[2KCollecting 1 genome record [================================================] 100% 1/1
Downloading: ncbi_dataset.zip    296MB 14.7MB/s
[1A[2K[1A[2KCollecting 1 genome record [================================================] 100% 1/1
Downloading: ncbi_dataset.zip    296MB 14.6MB/s
[1A[2K[1A[2KCollecting 1 genome record [================================================] 100% 1/1
Downloading: ncbi_dataset.zip    297MB 14.6MB/s
[1A[2K[1A[2KCollecting 1 genome record [================================================] 100% 1/1
Downloading: ncbi_dataset.zip    298MB 14.6MB/s
[1A[2K[1A[2KCollecting 1 genome record [================================================] 100% 1/1
Downloading: ncbi_dataset.zip    298MB 14.6MB/s
[1A[2K[1A[2KCollecting 1 genome record [================================================] 100% 1/1
Downloading: ncbi_dataset.zip    298MB 14.6MB/s
[1A[2K[1A[2KCollecting 1 genome record [================================================] 100% 1/1
Downloading: ncbi_dataset.zip    298MB 14.6MB/s
[1A[2K[1A[2KCollecting 1 genome record [================================================] 100% 1/1
Downloading: ncbi_dataset.zip    298MB 14.6MB/s
[1A[2K[1A[2KCollecting 1 genome record [================================================] 100% 1/1
Downloading: ncbi_dataset.zip    298MB 14.6MB/s
[1A[2K[1A[2KCollecting 1 genome record [================================================] 100% 1/1
Downloading: ncbi_dataset.zip    298MB 14.6MB/s
[1A[2K[1A[2KCollecting 1 genome record [================================================] 100% 1/1
Downloading: ncbi_dataset.zip    298MB 14.6MB/s
[1A[2K[1A[2KCollecting 1 genome record [================================================] 100% 1/1
Downloading: ncbi_dataset.zip    298MB 14.6MB/s
[1A[2K[1A[2KCollecting 1 genome record [================================================] 100% 1/1
Downloading: ncbi_dataset.zip    298MB 14.6MB/s
[1A[2K[1A[2KCollecting 1 genome record [================================================] 100% 1/1
Downloading: ncbi_dataset.zip    298MB 14.6MB/s
[1A[2K[1A[2KCollecting 1 genome record [================================================] 100% 1/1
Downloading: ncbi_dataset.zip    298MB 14.6MB/s
[1A[2K[1A[2KCollecting 1 genome record [================================================] 100% 1/1
Downloading: ncbi_dataset.zip    298MB 14.6MB/s
[1A[2K[1A[2KCollecting 1 genome record [================================================] 100% 1/1
Downloading: ncbi_dataset.zip    298MB 14.6MB/s
[1A[2K[1A[2KCollecting 1 genome record [================================================] 100% 1/1
Downloading: ncbi_dataset.zip    298MB 14.6MB/s
[1A[2K[1A[2KCollecting 1 genome record [================================================] 100% 1/1
Downloading: ncbi_dataset.zip    299MB 14.6MB/s
[1A[2K[1A[2KCollecting 1 genome record [================================================] 100% 1/1
Downloading: ncbi_dataset.zip    299MB 14.6MB/s
[1A[2K[1A[2KCollecting 1 genome record [================================================] 100% 1/1
Downloading: ncbi_dataset.zip    299MB 14.6MB/s
[1A[2K[1A[2KCollecting 1 genome record [================================================] 100% 1/1
Downloading: ncbi_dataset.zip    300MB 14.6MB/s
[1A[2K[1A[2KCollecting 1 genome record [================================================] 100% 1/1
Downloading: ncbi_dataset.zip    300MB 14.6MB/s
[1A[2K[1A[2KCollecting 1 genome record [================================================] 100% 1/1
Downloading: ncbi_dataset.zip    300MB 14.6MB/s
[1A[2K[1A[2KCollecting 1 genome record [================================================] 100% 1/1
Downloading: ncbi_dataset.zip    300MB 14.6MB/s
[1A[2K[1A[2KCollecting 1 genome record [================================================] 100% 1/1
Downloading: ncbi_dataset.zip    300MB 14.6MB/s
[1A[2K[1A[2KCollecting 1 genome record [================================================] 100% 1/1
Downloading: ncbi_dataset.zip    300MB 14.6MB/s
[1A[2K[1A[2KCollecting 1 genome record [================================================] 100% 1/1
Downloading: ncbi_dataset.zip    300MB 14.6MB/s
[1A[2K[1A[2KCollecting 1 genome record [================================================] 100% 1/1
Downloading: ncbi_dataset.zip    300MB 14.6MB/s
[1A[2K[1A[2KCollecting 1 genome record [================================================] 100% 1/1
Downloading: ncbi_dataset.zip    300MB 14.6MB/s
[1A[2K[1A[2KCollecting 1 genome record [================================================] 100% 1/1
Downloading: ncbi_dataset.zip    300MB 14.6MB/s
[1A[2K[1A[2KCollecting 1 genome record [================================================] 100% 1/1
Downloading: ncbi_dataset.zip    300MB 14.6MB/s
[1A[2K[1A[2KCollecting 1 genome record [================================================] 100% 1/1
Downloading: ncbi_dataset.zip    300MB 14.6MB/s
[1A[2K[1A[2KCollecting 1 genome record [================================================] 100% 1/1
Downloading: ncbi_dataset.zip    300MB 14.6MB/s
[1A[2K[1A[2KCollecting 1 genome record [================================================] 100% 1/1
Downloading: ncbi_dataset.zip    300MB 14.5MB/s
[1A[2K[1A[2KCollecting 1 genome record [================================================] 100% 1/1
Downloading: ncbi_dataset.zip    300MB 14.5MB/s
[1A[2K[1A[2KCollecting 1 genome record [================================================] 100% 1/1
Downloading: ncbi_dataset.zip    301MB 14.5MB/s
[1A[2K[1A[2KCollecting 1 genome record [================================================] 100% 1/1
Downloading: ncbi_dataset.zip    301MB 14.5MB/s
[1A[2K[1A[2KCollecting 1 genome record [================================================] 100% 1/1
Downloading: ncbi_dataset.zip    301MB 14.5MB/s
[1A[2K[1A[2KCollecting 1 genome record [================================================] 100% 1/1
Downloading: ncbi_dataset.zip    302MB 14.6MB/s
[1A[2K[1A[2KCollecting 1 genome record [================================================] 100% 1/1
Downloading: ncbi_dataset.zip    302MB 14.6MB/s
[1A[2K[1A[2KCollecting 1 genome record [================================================] 100% 1/1
Downloading: ncbi_dataset.zip    302MB 14.6MB/s
[1A[2K[1A[2KCollecting 1 genome record [================================================] 100% 1/1
Downloading: ncbi_dataset.zip    302MB 14.6MB/s
[1A[2K[1A[2KCollecting 1 genome record [================================================] 100% 1/1
Downloading: ncbi_dataset.zip    302MB 14.6MB/s
[1A[2K[1A[2KCollecting 1 genome record [================================================] 100% 1/1
Downloading: ncbi_dataset.zip    302MB 14.6MB/s
[1A[2K[1A[2KCollecting 1 genome record [================================================] 100% 1/1
Downloading: ncbi_dataset.zip    302MB 14.6MB/s
[1A[2K[1A[2KCollecting 1 genome record [================================================] 100% 1/1
Downloading: ncbi_dataset.zip    302MB 14.6MB/s
[1A[2K[1A[2KCollecting 1 genome record [================================================] 100% 1/1
Downloading: ncbi_dataset.zip    302MB 14.6MB/s
[1A[2K[1A[2KCollecting 1 genome record [================================================] 100% 1/1
Downloading: ncbi_dataset.zip    302MB 14.6MB/s
[1A[2K[1A[2KCollecting 1 genome record [================================================] 100% 1/1
Downloading: ncbi_dataset.zip    302MB 14.6MB/s
[1A[2K[1A[2KCollecting 1 genome record [================================================] 100% 1/1
Downloading: ncbi_dataset.zip    302MB 14.5MB/s
[1A[2K[1A[2KCollecting 1 genome record [================================================] 100% 1/1
Downloading: ncbi_dataset.zip    302MB 14.5MB/s
[1A[2K[1A[2KCollecting 1 genome record [================================================] 100% 1/1
Downloading: ncbi_dataset.zip    303MB 14.5MB/s
[1A[2K[1A[2KCollecting 1 genome record [================================================] 100% 1/1
Downloading: ncbi_dataset.zip    304MB 14.5MB/s
[1A[2K[1A[2KCollecting 1 genome record [================================================] 100% 1/1
Downloading: ncbi_dataset.zip    304MB 14.5MB/s
[1A[2K[1A[2KCollecting 1 genome record [================================================] 100% 1/1
Downloading: ncbi_dataset.zip    304MB 14.5MB/s
[1A[2K[1A[2KCollecting 1 genome record [================================================] 100% 1/1
Downloading: ncbi_dataset.zip    304MB 14.5MB/s
[1A[2K[1A[2KCollecting 1 genome record [================================================] 100% 1/1
Downloading: ncbi_dataset.zip    304MB 14.5MB/s
[1A[2K[1A[2KCollecting 1 genome record [================================================] 100% 1/1
Downloading: ncbi_dataset.zip    304MB 14.5MB/s
[1A[2K[1A[2KCollecting 1 genome record [================================================] 100% 1/1
Downloading: ncbi_dataset.zip    304MB 14.5MB/s
[1A[2K[1A[2KCollecting 1 genome record [================================================] 100% 1/1
Downloading: ncbi_dataset.zip    304MB 14.5MB/s
[1A[2K[1A[2KCollecting 1 genome record [================================================] 100% 1/1
Downloading: ncbi_dataset.zip    304MB 14.5MB/s
[1A[2K[1A[2KCollecting 1 genome record [================================================] 100% 1/1
Downloading: ncbi_dataset.zip    304MB 14.5MB/s
[1A[2K[1A[2KCollecting 1 genome record [================================================] 100% 1/1
Downloading: ncbi_dataset.zip    304MB 14.5MB/s
[1A[2K[1A[2KCollecting 1 genome record [================================================] 100% 1/1
Downloading: ncbi_dataset.zip    304MB 14.5MB/s
[1A[2K[1A[2KCollecting 1 genome record [================================================] 100% 1/1
Downloading: ncbi_dataset.zip    304MB 14.5MB/s
[1A[2K[1A[2KCollecting 1 genome record [================================================] 100% 1/1
Downloading: ncbi_dataset.zip    304MB 14.5MB/s
[1A[2K[1A[2KCollecting 1 genome record [================================================] 100% 1/1
Downloading: ncbi_dataset.zip    304MB 14.5MB/s
[1A[2K[1A[2KCollecting 1 genome record [================================================] 100% 1/1
Downloading: ncbi_dataset.zip    304MB 14.5MB/s
[1A[2K[1A[2KCollecting 1 genome record [================================================] 100% 1/1
Downloading: ncbi_dataset.zip    305MB 14.5MB/s
[1A[2K[1A[2KCollecting 1 genome record [================================================] 100% 1/1
Downloading: ncbi_dataset.zip    306MB 14.5MB/s
[1A[2K[1A[2KCollecting 1 genome record [================================================] 100% 1/1
Downloading: ncbi_dataset.zip    306MB 14.5MB/s
[1A[2K[1A[2KCollecting 1 genome record [================================================] 100% 1/1
Downloading: ncbi_dataset.zip    306MB 14.5MB/s
[1A[2K[1A[2KCollecting 1 genome record [================================================] 100% 1/1
Downloading: ncbi_dataset.zip    306MB 14.5MB/s
[1A[2K[1A[2KCollecting 1 genome record [================================================] 100% 1/1
Downloading: ncbi_dataset.zip    306MB 14.5MB/s
[1A[2K[1A[2KCollecting 1 genome record [================================================] 100% 1/1
Downloading: ncbi_dataset.zip    306MB 14.5MB/s
[1A[2K[1A[2KCollecting 1 genome record [================================================] 100% 1/1
Downloading: ncbi_dataset.zip    306MB 14.5MB/s
[1A[2K[1A[2KCollecting 1 genome record [================================================] 100% 1/1
Downloading: ncbi_dataset.zip    306MB 14.5MB/s
[1A[2K[1A[2KCollecting 1 genome record [================================================] 100% 1/1
Downloading: ncbi_dataset.zip    306MB 14.5MB/s
[1A[2K[1A[2KCollecting 1 genome record [================================================] 100% 1/1
Downloading: ncbi_dataset.zip    306MB 14.5MB/s
[1A[2K[1A[2KCollecting 1 genome record [================================================] 100% 1/1
Downloading: ncbi_dataset.zip    306MB 14.5MB/s
[1A[2K[1A[2KCollecting 1 genome record [================================================] 100% 1/1
Downloading: ncbi_dataset.zip    306MB 14.5MB/s
[1A[2K[1A[2KCollecting 1 genome record [================================================] 100% 1/1
Downloading: ncbi_dataset.zip    306MB 14.5MB/s
[1A[2K[1A[2KCollecting 1 genome record [================================================] 100% 1/1
Downloading: ncbi_dataset.zip    306MB 14.5MB/s
[1A[2K[1A[2KCollecting 1 genome record [================================================] 100% 1/1
Downloading: ncbi_dataset.zip    306MB 14.4MB/s
[1A[2K[1A[2KCollecting 1 genome record [================================================] 100% 1/1
Downloading: ncbi_dataset.zip    307MB 14.5MB/s
[1A[2K[1A[2KCollecting 1 genome record [================================================] 100% 1/1
Downloading: ncbi_dataset.zip    307MB 14.5MB/s
[1A[2K[1A[2KCollecting 1 genome record [================================================] 100% 1/1
Downloading: ncbi_dataset.zip    307MB 14.5MB/s
[1A[2K[1A[2KCollecting 1 genome record [================================================] 100% 1/1
Downloading: ncbi_dataset.zip    307MB 14.5MB/s
[1A[2K[1A[2KCollecting 1 genome record [================================================] 100% 1/1
Downloading: ncbi_dataset.zip    307MB 14.5MB/s
[1A[2K[1A[2KCollecting 1 genome record [================================================] 100% 1/1
Downloading: ncbi_dataset.zip    307MB 14.5MB/s
[1A[2K[1A[2KCollecting 1 genome record [================================================] 100% 1/1
Downloading: ncbi_dataset.zip    308MB 14.5MB/s
[1A[2K[1A[2KCollecting 1 genome record [================================================] 100% 1/1
Downloading: ncbi_dataset.zip    308MB 14.5MB/s
[1A[2K[1A[2KCollecting 1 genome record [================================================] 100% 1/1
Downloading: ncbi_dataset.zip    308MB 14.5MB/s
[1A[2K[1A[2KCollecting 1 genome record [================================================] 100% 1/1
Downloading: ncbi_dataset.zip    308MB 14.5MB/s
[1A[2K[1A[2KCollecting 1 genome record [================================================] 100% 1/1
Downloading: ncbi_dataset.zip    308MB 14.5MB/s
[1A[2K[1A[2KCollecting 1 genome record [================================================] 100% 1/1
Downloading: ncbi_dataset.zip    308MB 14.5MB/s
[1A[2K[1A[2KCollecting 1 genome record [================================================] 100% 1/1
Downloading: ncbi_dataset.zip    308MB 14.5MB/s
[1A[2K[1A[2KCollecting 1 genome record [================================================] 100% 1/1
Downloading: ncbi_dataset.zip    308MB 14.5MB/s
[1A[2K[1A[2KCollecting 1 genome record [================================================] 100% 1/1
Downloading: ncbi_dataset.zip    308MB 14.5MB/s
[1A[2K[1A[2KCollecting 1 genome record [================================================] 100% 1/1
Downloading: ncbi_dataset.zip    308MB 14.4MB/s
[1A[2K[1A[2KCollecting 1 genome record [================================================] 100% 1/1
Downloading: ncbi_dataset.zip    308MB 14.4MB/s
[1A[2K[1A[2KCollecting 1 genome record [================================================] 100% 1/1
Downloading: ncbi_dataset.zip    309MB 14.4MB/s
[1A[2K[1A[2KCollecting 1 genome record [================================================] 100% 1/1
Downloading: ncbi_dataset.zip    309MB 14.5MB/s
[1A[2K[1A[2KCollecting 1 genome record [================================================] 100% 1/1
Downloading: ncbi_dataset.zip    309MB 14.5MB/s
[1A[2K[1A[2KCollecting 1 genome record [================================================] 100% 1/1
Downloading: ncbi_dataset.zip    309MB 14.5MB/s
[1A[2K[1A[2KCollecting 1 genome record [================================================] 100% 1/1
Downloading: ncbi_dataset.zip    309MB 14.5MB/s
[1A[2K[1A[2KCollecting 1 genome record [================================================] 100% 1/1
Downloading: ncbi_dataset.zip    309MB 14.4MB/s
[1A[2K[1A[2KCollecting 1 genome record [================================================] 100% 1/1
Downloading: ncbi_dataset.zip    309MB 14.4MB/s
[1A[2K[1A[2KCollecting 1 genome record [================================================] 100% 1/1
Downloading: ncbi_dataset.zip    309MB 14.4MB/s
[1A[2K[1A[2KCollecting 1 genome record [================================================] 100% 1/1
Downloading: ncbi_dataset.zip    309MB 14.4MB/s
[1A[2K[1A[2KCollecting 1 genome record [================================================] 100% 1/1
Downloading: ncbi_dataset.zip    309MB 14.4MB/s
[1A[2K[1A[2KCollecting 1 genome record [================================================] 100% 1/1
Downloading: ncbi_dataset.zip    309MB 14.4MB/s
[1A[2K[1A[2KCollecting 1 genome record [================================================] 100% 1/1
Downloading: ncbi_dataset.zip    309MB 14.4MB/s
[1A[2K[1A[2KCollecting 1 genome record [================================================] 100% 1/1
Downloading: ncbi_dataset.zip    309MB 14.4MB/s
[1A[2K[1A[2KCollecting 1 genome record [================================================] 100% 1/1
Downloading: ncbi_dataset.zip    309MB 14.4MB/s
[1A[2K[1A[2KCollecting 1 genome record [================================================] 100% 1/1
Downloading: ncbi_dataset.zip    309MB 14.4MB/s
[1A[2K[1A[2KCollecting 1 genome record [================================================] 100% 1/1
Downloading: ncbi_dataset.zip    309MB 14.4MB/s
[1A[2K[1A[2KCollecting 1 genome record [================================================] 100% 1/1
Downloading: ncbi_dataset.zip    310MB 14.4MB/s
[1A[2K[1A[2KCollecting 1 genome record [================================================] 100% 1/1
Downloading: ncbi_dataset.zip    311MB error
[1A[2K[1A[2KCollecting 1 genome record [================================================] 100% 1/1
Downloading: ncbi_dataset.zip    311MB error
[1A[2K[1A[2KCollecting 1 genome record [================================================] 100% 1/1
Downloading: ncbi_dataset.zip    311MB error
[1A[2K[1A[2KCollecting 1 genome record [================================================] 100% 1/1
Downloading: ncbi_dataset.zip    311MB error
[1A[2K[1A[2KCollecting 1 genome record [================================================] 100% 1/1
Downloading: ncbi_dataset.zip    311MB error
[1A[2K[1A[2KCollecting 1 genome record [================================================] 100% 1/1
Downloading: ncbi_dataset.zip    311MB error
[1A[2K[1A[2KCollecting 1 genome record [================================================] 100% 1/1
Downloading: ncbi_dataset.zip    311MB error
[1A[2K[1A[2KCollecting 1 genome record [================================================] 100% 1/1
Downloading: ncbi_dataset.zip    311MB error
[1A[2K[1A[2KCollecting 1 genome record [================================================] 100% 1/1
Downloading: ncbi_dataset.zip    311MB error
[1A[2K[1A[2KCollecting 1 genome record [================================================] 100% 1/1
Downloading: ncbi_dataset.zip    311MB error
[1A[2K[1A[2KCollecting 1 genome record [================================================] 100% 1/1
Downloading: ncbi_dataset.zip    311MB error
[1A[2K[1A[2KCollecting 1 genome record [================================================] 100% 1/1
Downloading: ncbi_dataset.zip    311MB error
[1A[2K[1A[2KCollecting 1 genome record [================================================] 100% 1/1
Downloading: ncbi_dataset.zip    311MB error
[1A[2K[1A[2KCollecting 1 genome record [================================================] 100% 1/1
Downloading: ncbi_dataset.zip    311MB error
[1A[2K[1A[2KCollecting 1 genome record [================================================] 100% 1/1
Downloading: ncbi_dataset.zip    311MB error
[1A[2K[1A[2KCollecting 1 genome record [================================================] 100% 1/1
Downloading: ncbi_dataset.zip    311MB error
[1A[2K[1A[2KCollecting 1 genome record [================================================] 100% 1/1
Downloading: ncbi_dataset.zip    311MB error
[1A[2K[1A[2KCollecting 1 genome record [================================================] 100% 1/1
Downloading: ncbi_dataset.zip    311MB error
[1A[2K[1A[2KCollecting 1 genome record [================================================] 100% 1/1
Downloading: ncbi_dataset.zip    311MB error
[1A[2K[1A[2KCollecting 1 genome record [================================================] 100% 1/1
Downloading: ncbi_dataset.zip    311MB error
[1A[2K[1A[2KCollecting 1 genome record [================================================] 100% 1/1
Downloading: ncbi_dataset.zip    311MB error
[1A[2K[1A[2KCollecting 1 genome record [================================================] 100% 1/1
Downloading: ncbi_dataset.zip    311MB error
[1A[2K[1A[2KCollecting 1 genome record [================================================] 100% 1/1
Downloading: ncbi_dataset.zip    311MB error
[1A[2K[1A[2KCollecting 1 genome record [================================================] 100% 1/1
Downloading: ncbi_dataset.zip    311MB error
[1A[2K[1A[2KCollecting 1 genome record [================================================] 100% 1/1
Downloading: ncbi_dataset.zip    311MB error
[1A[2K[1A[2KCollecting 1 genome record [================================================] 100% 1/1
Downloading: ncbi_dataset.zip    311MB error
[1A[2K[1A[2KCollecting 1 genome record [================================================] 100% 1/1
Downloading: ncbi_dataset.zip    311MB error
[1A[2K[1A[2KCollecting 1 genome record [================================================] 100% 1/1
Downloading: ncbi_dataset.zip    311MB error
[1A[2K[1A[2KCollecting 1 genome record [================================================] 100% 1/1
Downloading: ncbi_dataset.zip    311MB error
[1A[2K[1A[2KCollecting 1 genome record [================================================] 100% 1/1
Downloading: ncbi_dataset.zip    311MB error
[1A[2K[1A[2KCollecting 1 genome record [================================================] 100% 1/1
Downloading: ncbi_dataset.zip    311MB error
[1A[2K[1A[2KCollecting 1 genome record [================================================] 100% 1/1
Downloading: ncbi_dataset.zip    311MB error
[1A[2K[1A[2KCollecting 1 genome record [================================================] 100% 1/1
Downloading: ncbi_dataset.zip    311MB error
[1A[2K[1A[2KCollecting 1 genome record [================================================] 100% 1/1
Downloading: ncbi_dataset.zip    311MB error
[1A[2K[1A[2KCollecting 1 genome record [================================================] 100% 1/1
Downloading: ncbi_dataset.zip    311MB error
[1A[2K[1A[2KCollecting 1 genome record [================================================] 100% 1/1
Downloading: ncbi_dataset.zip    311MB error
[1A[2K[1A[2KCollecting 1 genome record [================================================] 100% 1/1
Downloading: ncbi_dataset.zip    311MB error
[1A[2K[1A[2KCollecting 1 genome record [================================================] 100% 1/1
Downloading: ncbi_dataset.zip    311MB error
[1A[2K[1A[2KCollecting 1 genome record [================================================] 100% 1/1
Downloading: ncbi_dataset.zip    311MB error
[1A[2K[1A[2KCollecting 1 genome record [================================================] 100% 1/1
Downloading: ncbi_dataset.zip    311MB error
[1A[2K[1A[2KCollecting 1 genome record [================================================] 100% 1/1
Downloading: ncbi_dataset.zip    311MB error
[1A[2K[1A[2KCollecting 1 genome record [================================================] 100% 1/1
Downloading: ncbi_dataset.zip    311MB error
[1A[2K[1A[2KCollecting 1 genome record [================================================] 100% 1/1
Downloading: ncbi_dataset.zip    311MB error
[1A[2K[1A[2KCollecting 1 genome record [================================================] 100% 1/1
Downloading: ncbi_dataset.zip    311MB error
[1A[2K[1A[2KCollecting 1 genome record [================================================] 100% 1/1
Downloading: ncbi_dataset.zip    311MB error
[1A[2K[1A[2KCollecting 1 genome record [================================================] 100% 1/1
Downloading: ncbi_dataset.zip    311MB error
[1A[2K[1A[2KCollecting 1 genome record [================================================] 100% 1/1
Downloading: ncbi_dataset.zip    311MB error
Error: Download error: stream error: stream ID 5; INTERNAL_ERROR; received from peer

Use datasets download genome accession <command> --help for detailed help about a command.

