[INFO] === taxid=7739 accession=GCF_000003815.2 ===
[INFO] Step 1: downloading assembly data...
New version of client (18.34.0) available at https://ftp.ncbi.nlm.nih.gov/pub/datasets/command-line/LATEST/linux-amd64/datasets.
Collecting 1 genome record [------------------------------------------------]   0% 0/1
[1A[2KCollecting 1 genome record [------------------------------------------------]   0% 0/1
[1A[2KCollecting 1 genome record [------------------------------------------------]   0% 0/1
[1A[2KCollecting 1 genome record [------------------------------------------------]   0% 0/1
[1A[2KCollecting 1 genome record [------------------------------------------------]   0% 0/1
[1A[2KCollecting 1 genome record [------------------------------------------------]   0% 0/1
[1A[2KCollecting 1 genome record [------------------------------------------------]   0% 0/1
[1A[2KCollecting 1 genome record [------------------------------------------------]   0% 0/1
[1A[2KCollecting 1 genome record [------------------------------------------------]   0% 0/1
[1A[2KCollecting 1 genome record [------------------------------------------------]   0% 0/1
[1A[2KCollecting 1 genome record [------------------------------------------------]   0% 0/1
[1A[2KCollecting 1 genome record [------------------------------------------------]   0% 0/1
[1A[2KCollecting 1 genome record [------------------------------------------------]   0% 0/1
[1A[2KCollecting 1 genome record [------------------------------------------------]   0% 0/1
[1A[2KCollecting 1 genome record [------------------------------------------------]   0% 0/1
[1A[2KCollecting 1 genome record [------------------------------------------------]   0% 0/1
[1A[2KCollecting 1 genome record [------------------------------------------------]   0% 0/1
[1A[2KCollecting 1 genome record [------------------------------------------------]   0% 0/1
[1A[2KCollecting 1 genome record [------------------------------------------------]   0% 0/1
[1A[2KCollecting 1 genome record [------------------------------------------------]   0% 0/1
[1A[2KCollecting 1 genome record [------------------------------------------------]   0% 0/1
[1A[2KCollecting 1 genome record [------------------------------------------------]   0% 0/1
[1A[2KCollecting 1 genome record [------------------------------------------------]   0% 0/1
[1A[2KCollecting 1 genome record [------------------------------------------------]   0% 0/1
[1A[2KCollecting 1 genome record [------------------------------------------------]   0% 0/1
[1A[2KCollecting 1 genome record [------------------------------------------------]   0% 0/1
[1A[2KCollecting 1 genome record [------------------------------------------------]   0% 0/1
[1A[2KCollecting 1 genome record [------------------------------------------------]   0% 0/1
[1A[2KCollecting 1 genome record [------------------------------------------------]   0% 0/1
[1A[2KCollecting 1 genome record [------------------------------------------------]   0% 0/1
[1A[2KCollecting 1 genome record [------------------------------------------------]   0% 0/1
[1A[2KCollecting 1 genome record [------------------------------------------------]   0% 0/1
[1A[2KCollecting 1 genome record [------------------------------------------------]   0% 0/1
[1A[2KCollecting 1 genome record [------------------------------------------------]   0% 0/1
[1A[2KCollecting 1 genome record [------------------------------------------------]   0% 0/1
[1A[2KCollecting 1 genome record [------------------------------------------------]   0% 0/1
[1A[2KCollecting 1 genome record [------------------------------------------------]   0% 0/1
[1A[2KCollecting 1 genome record [------------------------------------------------]   0% 0/1
[1A[2KCollecting 1 genome record [------------------------------------------------]   0% 0/1
[1A[2KCollecting 1 genome record [------------------------------------------------]   0% 0/1
[1A[2KCollecting 1 genome record [------------------------------------------------]   0% 0/1
[1A[2KCollecting 1 genome record [------------------------------------------------]   0% 0/1
[1A[2KCollecting 1 genome record [------------------------------------------------]   0% 0/1
[1A[2KCollecting 1 genome record [------------------------------------------------]   0% 0/1
[1A[2KCollecting 1 genome record [------------------------------------------------]   0% 0/1
[1A[2KCollecting 1 genome record [------------------------------------------------]   0% 0/1
[1A[2KCollecting 1 genome record [------------------------------------------------]   0% 0/1
[1A[2KCollecting 1 genome record [------------------------------------------------]   0% 0/1
[1A[2KCollecting 1 genome record [------------------------------------------------]   0% 0/1
[1A[2KCollecting 1 genome record [------------------------------------------------]   0% 0/1
[1A[2KCollecting 1 genome record [------------------------------------------------]   0% 0/1
[1A[2KCollecting 1 genome record [------------------------------------------------]   0% 0/1
[1A[2KCollecting 1 genome record [------------------------------------------------]   0% 0/1
[1A[2KCollecting 1 genome record [------------------------------------------------]   0% 0/1
[1A[2KCollecting 1 genome record [------------------------------------------------]   0% 0/1
[1A[2KCollecting 1 genome record [------------------------------------------------]   0% 0/1
[1A[2KCollecting 1 genome record [------------------------------------------------]   0% 0/1
[1A[2KCollecting 1 genome record [================================================] 100% 1/1
[1A[2KCollecting 1 genome record [================================================] 100% 1/1
[1A[2KCollecting 1 genome record [================================================] 100% 1/1
[1A[2KCollecting 1 genome record [================================================] 100% 1/1
[1A[2KCollecting 1 genome record [================================================] 100% 1/1
[1A[2KCollecting 1 genome record [================================================] 100% 1/1
[1A[2KCollecting 1 genome record [================================================] 100% 1/1
[1A[2KCollecting 1 genome record [================================================] 100% 1/1
[1A[2KCollecting 1 genome record [================================================] 100% 1/1
[1A[2KCollecting 1 genome record [================================================] 100% 1/1
[1A[2KCollecting 1 genome record [================================================] 100% 1/1
[1A[2KCollecting 1 genome record [================================================] 100% 1/1
[1A[2KCollecting 1 genome record [================================================] 100% 1/1
[1A[2KCollecting 1 genome record [================================================] 100% 1/1
[1A[2KCollecting 1 genome record [================================================] 100% 1/1
[1A[2KCollecting 1 genome record [================================================] 100% 1/1
[1A[2KCollecting 1 genome record [================================================] 100% 1/1
[1A[2KCollecting 1 genome record [================================================] 100% 1/1
[1A[2KCollecting 1 genome record [================================================] 100% 1/1
[1A[2KCollecting 1 genome record [================================================] 100% 1/1
[1A[2KCollecting 1 genome record [================================================] 100% 1/1
[1A[2KCollecting 1 genome record [================================================] 100% 1/1
[1A[2KCollecting 1 genome record [================================================] 100% 1/1
[1A[2KCollecting 1 genome record [================================================] 100% 1/1
[1A[2KCollecting 1 genome record [================================================] 100% 1/1
[1A[2KCollecting 1 genome record [================================================] 100% 1/1
[1A[2KCollecting 1 genome record [================================================] 100% 1/1
[1A[2KCollecting 1 genome record [================================================] 100% 1/1
[1A[2KCollecting 1 genome record [================================================] 100% 1/1
[1A[2KCollecting 1 genome record [================================================] 100% 1/1
[1A[2KCollecting 1 genome record [================================================] 100% 1/1
[1A[2KCollecting 1 genome record [================================================] 100% 1/1
[1A[2KCollecting 1 genome record [================================================] 100% 1/1
[1A[2KCollecting 1 genome record [================================================] 100% 1/1
[1A[2KCollecting 1 genome record [================================================] 100% 1/1
[1A[2KCollecting 1 genome record [================================================] 100% 1/1
[1A[2KCollecting 1 genome record [================================================] 100% 1/1
[1A[2KCollecting 1 genome record [================================================] 100% 1/1
[1A[2KCollecting 1 genome record [================================================] 100% 1/1
[1A[2KCollecting 1 genome record [================================================] 100% 1/1
[1A[2KCollecting 1 genome record [================================================] 100% 1/1
[1A[2KCollecting 1 genome record [================================================] 100% 1/1
[1A[2KCollecting 1 genome record [================================================] 100% 1/1
[1A[2KCollecting 1 genome record [================================================] 100% 1/1
[1A[2KCollecting 1 genome record [================================================] 100% 1/1
[1A[2KCollecting 1 genome record [================================================] 100% 1/1
[1A[2KCollecting 1 genome record [================================================] 100% 1/1
[1A[2KCollecting 1 genome record [================================================] 100% 1/1
[1A[2KCollecting 1 genome record [================================================] 100% 1/1
[1A[2KCollecting 1 genome record [================================================] 100% 1/1
[1A[2KCollecting 1 genome record [================================================] 100% 1/1
[1A[2KCollecting 1 genome record [================================================] 100% 1/1
[1A[2KCollecting 1 genome record [================================================] 100% 1/1
[1A[2KCollecting 1 genome record [================================================] 100% 1/1
[1A[2KCollecting 1 genome record [================================================] 100% 1/1
[1A[2KCollecting 1 genome record [================================================] 100% 1/1
[1A[2KCollecting 1 genome record [================================================] 100% 1/1
[1A[2KCollecting 1 genome record [================================================] 100% 1/1
[1A[2KCollecting 1 genome record [================================================] 100% 1/1
[1A[2KCollecting 1 genome record [================================================] 100% 1/1
[1A[2KCollecting 1 genome record [================================================] 100% 1/1
[1A[2KCollecting 1 genome record [================================================] 100% 1/1
[1A[2KCollecting 1 genome record [================================================] 100% 1/1
Downloading: ncbi_dataset.zip    847B 6.37MB/s
[1A[2K[1A[2KCollecting 1 genome record [================================================] 100% 1/1
Downloading: ncbi_dataset.zip    847B 6.37MB/s
[1A[2K[1A[2KCollecting 1 genome record [================================================] 100% 1/1
Downloading: ncbi_dataset.zip    847B 6.37MB/s
[1A[2K[1A[2KCollecting 1 genome record [================================================] 100% 1/1
Downloading: ncbi_dataset.zip    847B 6.37MB/s
[1A[2K[1A[2KCollecting 1 genome record [================================================] 100% 1/1
Downloading: ncbi_dataset.zip    847B 6.37MB/s
[1A[2K[1A[2KCollecting 1 genome record [================================================] 100% 1/1
Downloading: ncbi_dataset.zip    847B 6.37MB/s
[1A[2K[1A[2KCollecting 1 genome record [================================================] 100% 1/1
Downloading: ncbi_dataset.zip    847B 6.37MB/s
[1A[2K[1A[2KCollecting 1 genome record [================================================] 100% 1/1
Downloading: ncbi_dataset.zip    2.71kB 35.8kB/s
[1A[2K[1A[2KCollecting 1 genome record [================================================] 100% 1/1
Downloading: ncbi_dataset.zip    2.71kB 35.8kB/s
[1A[2K[1A[2KCollecting 1 genome record [================================================] 100% 1/1
Downloading: ncbi_dataset.zip    2.71kB 35.8kB/s
[1A[2K[1A[2KCollecting 1 genome record [================================================] 100% 1/1
Downloading: ncbi_dataset.zip    2.71kB 35.8kB/s
[1A[2K[1A[2KCollecting 1 genome record [================================================] 100% 1/1
Downloading: ncbi_dataset.zip    2.71kB 35.8kB/s
[1A[2K[1A[2KCollecting 1 genome record [================================================] 100% 1/1
Downloading: ncbi_dataset.zip    2.71kB 35.8kB/s
[1A[2K[1A[2KCollecting 1 genome record [================================================] 100% 1/1
Downloading: ncbi_dataset.zip    2.71kB 35.8kB/s
[1A[2K[1A[2KCollecting 1 genome record [================================================] 100% 1/1
Downloading: ncbi_dataset.zip    2.71kB 35.8kB/s
[1A[2K[1A[2KCollecting 1 genome record [================================================] 100% 1/1
Downloading: ncbi_dataset.zip    2.71kB 35.8kB/s
[1A[2K[1A[2KCollecting 1 genome record [================================================] 100% 1/1
Downloading: ncbi_dataset.zip    2.71kB 35.8kB/s
[1A[2K[1A[2KCollecting 1 genome record [================================================] 100% 1/1
Downloading: ncbi_dataset.zip    2.71kB 35.8kB/s
[1A[2K[1A[2KCollecting 1 genome record [================================================] 100% 1/1
Downloading: ncbi_dataset.zip    2.71kB 35.8kB/s
[1A[2K[1A[2KCollecting 1 genome record [================================================] 100% 1/1
Downloading: ncbi_dataset.zip    2.83kB 14.6kB/s
[1A[2K[1A[2KCollecting 1 genome record [================================================] 100% 1/1
Downloading: ncbi_dataset.zip    9.81kB 48.9kB/s
[1A[2K[1A[2KCollecting 1 genome record [================================================] 100% 1/1
Downloading: ncbi_dataset.zip    9.81kB 48.9kB/s
[1A[2K[1A[2KCollecting 1 genome record [================================================] 100% 1/1
Downloading: ncbi_dataset.zip    9.81kB 48.9kB/s
[1A[2K[1A[2KCollecting 1 genome record [================================================] 100% 1/1
Downloading: ncbi_dataset.zip    9.81kB 48.9kB/s
[1A[2K[1A[2KCollecting 1 genome record [================================================] 100% 1/1
Downloading: ncbi_dataset.zip    13.9kB 56kB/s
[1A[2K[1A[2KCollecting 1 genome record [================================================] 100% 1/1
Downloading: ncbi_dataset.zip    13.9kB 56kB/s
[1A[2K[1A[2KCollecting 1 genome record [================================================] 100% 1/1
Downloading: ncbi_dataset.zip    13.9kB 56kB/s
[1A[2K[1A[2KCollecting 1 genome record [================================================] 100% 1/1
Downloading: ncbi_dataset.zip    13.9kB 56kB/s
[1A[2K[1A[2KCollecting 1 genome record [================================================] 100% 1/1
Downloading: ncbi_dataset.zip    13.9kB 56kB/s
[1A[2K[1A[2KCollecting 1 genome record [================================================] 100% 1/1
Downloading: ncbi_dataset.zip    13.9kB 56kB/s
[1A[2K[1A[2KCollecting 1 genome record [================================================] 100% 1/1
Downloading: ncbi_dataset.zip    13.9kB 56kB/s
[1A[2K[1A[2KCollecting 1 genome record [================================================] 100% 1/1
Downloading: ncbi_dataset.zip    13.9kB 56kB/s
[1A[2K[1A[2KCollecting 1 genome record [================================================] 100% 1/1
Downloading: ncbi_dataset.zip    13.9kB 56kB/s
[1A[2K[1A[2KCollecting 1 genome record [================================================] 100% 1/1
Downloading: ncbi_dataset.zip    13.9kB 56kB/s
[1A[2K[1A[2KCollecting 1 genome record [================================================] 100% 1/1
Downloading: ncbi_dataset.zip    13.9kB 56kB/s
[1A[2K[1A[2KCollecting 1 genome record [================================================] 100% 1/1
Downloading: ncbi_dataset.zip    13.9kB 56kB/s
[1A[2K[1A[2KCollecting 1 genome record [================================================] 100% 1/1
Downloading: ncbi_dataset.zip    32.8kB 87.6kB/s
[1A[2K[1A[2KCollecting 1 genome record [================================================] 100% 1/1
Downloading: ncbi_dataset.zip    32.8kB 87.6kB/s
[1A[2K[1A[2KCollecting 1 genome record [================================================] 100% 1/1
Downloading: ncbi_dataset.zip    32.8kB 87.6kB/s
[1A[2K[1A[2KCollecting 1 genome record [================================================] 100% 1/1
Downloading: ncbi_dataset.zip    32.8kB 87.6kB/s
[1A[2K[1A[2KCollecting 1 genome record [================================================] 100% 1/1
Downloading: ncbi_dataset.zip    32.8kB 87.6kB/s
[1A[2K[1A[2KCollecting 1 genome record [================================================] 100% 1/1
Downloading: ncbi_dataset.zip    32.8kB 87.6kB/s
[1A[2K[1A[2KCollecting 1 genome record [================================================] 100% 1/1
Downloading: ncbi_dataset.zip    32.8kB 87.6kB/s
[1A[2K[1A[2KCollecting 1 genome record [================================================] 100% 1/1
Downloading: ncbi_dataset.zip    32.8kB 87.6kB/s
[1A[2K[1A[2KCollecting 1 genome record [================================================] 100% 1/1
Downloading: ncbi_dataset.zip    32.8kB 87.6kB/s
[1A[2K[1A[2KCollecting 1 genome record [================================================] 100% 1/1
Downloading: ncbi_dataset.zip    32.8kB 87.6kB/s
[1A[2K[1A[2KCollecting 1 genome record [================================================] 100% 1/1
Downloading: ncbi_dataset.zip    32.8kB 87.6kB/s
[1A[2K[1A[2KCollecting 1 genome record [================================================] 100% 1/1
Downloading: ncbi_dataset.zip    32.8kB 87.6kB/s
[1A[2K[1A[2KCollecting 1 genome record [================================================] 100% 1/1
Downloading: ncbi_dataset.zip    32.8kB 87.6kB/s
[1A[2K[1A[2KCollecting 1 genome record [================================================] 100% 1/1
Downloading: ncbi_dataset.zip    32.8kB 87.6kB/s
[1A[2K[1A[2KCollecting 1 genome record [================================================] 100% 1/1
Downloading: ncbi_dataset.zip    32.8kB 87.6kB/s
[1A[2K[1A[2KCollecting 1 genome record [================================================] 100% 1/1
Downloading: ncbi_dataset.zip    32.8kB 87.6kB/s
[1A[2K[1A[2KCollecting 1 genome record [================================================] 100% 1/1
Downloading: ncbi_dataset.zip    32.8kB 87.6kB/s
[1A[2K[1A[2KCollecting 1 genome record [================================================] 100% 1/1
Downloading: ncbi_dataset.zip    98.3kB 179kB/s
[1A[2K[1A[2KCollecting 1 genome record [================================================] 100% 1/1
Downloading: ncbi_dataset.zip    98.3kB 179kB/s
[1A[2K[1A[2KCollecting 1 genome record [================================================] 100% 1/1
Downloading: ncbi_dataset.zip    98.3kB 179kB/s
[1A[2K[1A[2KCollecting 1 genome record [================================================] 100% 1/1
Downloading: ncbi_dataset.zip    98.3kB 179kB/s
[1A[2K[1A[2KCollecting 1 genome record [================================================] 100% 1/1
Downloading: ncbi_dataset.zip    98.3kB 179kB/s
[1A[2K[1A[2KCollecting 1 genome record [================================================] 100% 1/1
Downloading: ncbi_dataset.zip    131kB 221kB/s
[1A[2K[1A[2KCollecting 1 genome record [================================================] 100% 1/1
Downloading: ncbi_dataset.zip    131kB 221kB/s
[1A[2K[1A[2KCollecting 1 genome record [================================================] 100% 1/1
Downloading: ncbi_dataset.zip    131kB 221kB/s
[1A[2K[1A[2KCollecting 1 genome record [================================================] 100% 1/1
Downloading: ncbi_dataset.zip    131kB 221kB/s
[1A[2K[1A[2KCollecting 1 genome record [================================================] 100% 1/1
Downloading: ncbi_dataset.zip    131kB 221kB/s
[1A[2K[1A[2KCollecting 1 genome record [================================================] 100% 1/1
Downloading: ncbi_dataset.zip    131kB 221kB/s
[1A[2K[1A[2KCollecting 1 genome record [================================================] 100% 1/1
Downloading: ncbi_dataset.zip    131kB 221kB/s
[1A[2K[1A[2KCollecting 1 genome record [================================================] 100% 1/1
Downloading: ncbi_dataset.zip    131kB 221kB/s
[1A[2K[1A[2KCollecting 1 genome record [================================================] 100% 1/1
Downloading: ncbi_dataset.zip    131kB 221kB/s
[1A[2K[1A[2KCollecting 1 genome record [================================================] 100% 1/1
Downloading: ncbi_dataset.zip    131kB 221kB/s
[1A[2K[1A[2KCollecting 1 genome record [================================================] 100% 1/1
Downloading: ncbi_dataset.zip    131kB 221kB/s
[1A[2K[1A[2KCollecting 1 genome record [================================================] 100% 1/1
Downloading: ncbi_dataset.zip    131kB 221kB/s
[1A[2K[1A[2KCollecting 1 genome record [================================================] 100% 1/1
Downloading: ncbi_dataset.zip    229kB 317kB/s
[1A[2K[1A[2KCollecting 1 genome record [================================================] 100% 1/1
Downloading: ncbi_dataset.zip    229kB 317kB/s
[1A[2K[1A[2KCollecting 1 genome record [================================================] 100% 1/1
Downloading: ncbi_dataset.zip    229kB 317kB/s
[1A[2K[1A[2KCollecting 1 genome record [================================================] 100% 1/1
Downloading: ncbi_dataset.zip    229kB 317kB/s
[1A[2K[1A[2KCollecting 1 genome record [================================================] 100% 1/1
Downloading: ncbi_dataset.zip    295kB 385kB/s
[1A[2K[1A[2KCollecting 1 genome record [================================================] 100% 1/1
Downloading: ncbi_dataset.zip    295kB 385kB/s
[1A[2K[1A[2KCollecting 1 genome record [================================================] 100% 1/1
Downloading: ncbi_dataset.zip    295kB 385kB/s
[1A[2K[1A[2KCollecting 1 genome record [================================================] 100% 1/1
Downloading: ncbi_dataset.zip    295kB 385kB/s
[1A[2K[1A[2KCollecting 1 genome record [================================================] 100% 1/1
Downloading: ncbi_dataset.zip    295kB 385kB/s
[1A[2K[1A[2KCollecting 1 genome record [================================================] 100% 1/1
Downloading: ncbi_dataset.zip    295kB 385kB/s
[1A[2K[1A[2KCollecting 1 genome record [================================================] 100% 1/1
Downloading: ncbi_dataset.zip    295kB 385kB/s
[1A[2K[1A[2KCollecting 1 genome record [================================================] 100% 1/1
Downloading: ncbi_dataset.zip    295kB 385kB/s
[1A[2K[1A[2KCollecting 1 genome record [================================================] 100% 1/1
Downloading: ncbi_dataset.zip    295kB 385kB/s
[1A[2K[1A[2KCollecting 1 genome record [================================================] 100% 1/1
Downloading: ncbi_dataset.zip    295kB 385kB/s
[1A[2K[1A[2KCollecting 1 genome record [================================================] 100% 1/1
Downloading: ncbi_dataset.zip    295kB 385kB/s
[1A[2K[1A[2KCollecting 1 genome record [================================================] 100% 1/1
Downloading: ncbi_dataset.zip    295kB 385kB/s
[1A[2K[1A[2KCollecting 1 genome record [================================================] 100% 1/1
Downloading: ncbi_dataset.zip    393kB 441kB/s
[1A[2K[1A[2KCollecting 1 genome record [================================================] 100% 1/1
Downloading: ncbi_dataset.zip    524kB 582kB/s
[1A[2K[1A[2KCollecting 1 genome record [================================================] 100% 1/1
Downloading: ncbi_dataset.zip    524kB 582kB/s
[1A[2K[1A[2KCollecting 1 genome record [================================================] 100% 1/1
Downloading: ncbi_dataset.zip    524kB 582kB/s
[1A[2K[1A[2KCollecting 1 genome record [================================================] 100% 1/1
Downloading: ncbi_dataset.zip    524kB 582kB/s
[1A[2K[1A[2KCollecting 1 genome record [================================================] 100% 1/1
Downloading: ncbi_dataset.zip    655kB 697kB/s
[1A[2K[1A[2KCollecting 1 genome record [================================================] 100% 1/1
Downloading: ncbi_dataset.zip    655kB 697kB/s
[1A[2K[1A[2KCollecting 1 genome record [================================================] 100% 1/1
Downloading: ncbi_dataset.zip    655kB 697kB/s
[1A[2K[1A[2KCollecting 1 genome record [================================================] 100% 1/1
Downloading: ncbi_dataset.zip    655kB 697kB/s
[1A[2K[1A[2KCollecting 1 genome record [================================================] 100% 1/1
Downloading: ncbi_dataset.zip    655kB 697kB/s
[1A[2K[1A[2KCollecting 1 genome record [================================================] 100% 1/1
Downloading: ncbi_dataset.zip    655kB 697kB/s
[1A[2K[1A[2KCollecting 1 genome record [================================================] 100% 1/1
Downloading: ncbi_dataset.zip    655kB 697kB/s
[1A[2K[1A[2KCollecting 1 genome record [================================================] 100% 1/1
Downloading: ncbi_dataset.zip    655kB 697kB/s
[1A[2K[1A[2KCollecting 1 genome record [================================================] 100% 1/1
Downloading: ncbi_dataset.zip    655kB 697kB/s
[1A[2K[1A[2KCollecting 1 genome record [================================================] 100% 1/1
Downloading: ncbi_dataset.zip    655kB 697kB/s
[1A[2K[1A[2KCollecting 1 genome record [================================================] 100% 1/1
Downloading: ncbi_dataset.zip    655kB 697kB/s
[1A[2K[1A[2KCollecting 1 genome record [================================================] 100% 1/1
Downloading: ncbi_dataset.zip    655kB 697kB/s
[1A[2K[1A[2KCollecting 1 genome record [================================================] 100% 1/1
Downloading: ncbi_dataset.zip    918kB 859kB/s
[1A[2K[1A[2KCollecting 1 genome record [================================================] 100% 1/1
Downloading: ncbi_dataset.zip    1.11MB 1.04MB/s
[1A[2K[1A[2KCollecting 1 genome record [================================================] 100% 1/1
Downloading: ncbi_dataset.zip    1.11MB 1.04MB/s
[1A[2K[1A[2KCollecting 1 genome record [================================================] 100% 1/1
Downloading: ncbi_dataset.zip    1.11MB 1.04MB/s
[1A[2K[1A[2KCollecting 1 genome record [================================================] 100% 1/1
Downloading: ncbi_dataset.zip    1.11MB 1.04MB/s
[1A[2K[1A[2KCollecting 1 genome record [================================================] 100% 1/1
Downloading: ncbi_dataset.zip    1.34MB 1.21MB/s
[1A[2K[1A[2KCollecting 1 genome record [================================================] 100% 1/1
Downloading: ncbi_dataset.zip    1.34MB 1.21MB/s
[1A[2K[1A[2KCollecting 1 genome record [================================================] 100% 1/1
Downloading: ncbi_dataset.zip    1.34MB 1.21MB/s
[1A[2K[1A[2KCollecting 1 genome record [================================================] 100% 1/1
Downloading: ncbi_dataset.zip    1.34MB 1.21MB/s
[1A[2K[1A[2KCollecting 1 genome record [================================================] 100% 1/1
Downloading: ncbi_dataset.zip    1.34MB 1.21MB/s
[1A[2K[1A[2KCollecting 1 genome record [================================================] 100% 1/1
Downloading: ncbi_dataset.zip    1.34MB 1.21MB/s
[1A[2K[1A[2KCollecting 1 genome record [================================================] 100% 1/1
Downloading: ncbi_dataset.zip    1.34MB 1.21MB/s
[1A[2K[1A[2KCollecting 1 genome record [================================================] 100% 1/1
Downloading: ncbi_dataset.zip    1.34MB 1.21MB/s
[1A[2K[1A[2KCollecting 1 genome record [================================================] 100% 1/1
Downloading: ncbi_dataset.zip    1.34MB 1.21MB/s
[1A[2K[1A[2KCollecting 1 genome record [================================================] 100% 1/1
Downloading: ncbi_dataset.zip    1.34MB 1.21MB/s
[1A[2K[1A[2KCollecting 1 genome record [================================================] 100% 1/1
Downloading: ncbi_dataset.zip    1.34MB 1.21MB/s
[1A[2K[1A[2KCollecting 1 genome record [================================================] 100% 1/1
Downloading: ncbi_dataset.zip    1.34MB 1.21MB/s
[1A[2K[1A[2KCollecting 1 genome record [================================================] 100% 1/1
Downloading: ncbi_dataset.zip    1.87MB 1.5MB/s
[1A[2K[1A[2KCollecting 1 genome record [================================================] 100% 1/1
Downloading: ncbi_dataset.zip    2MB 1.6MB/s
[1A[2K[1A[2KCollecting 1 genome record [================================================] 100% 1/1
Downloading: ncbi_dataset.zip    2.26MB 1.8MB/s
[1A[2K[1A[2KCollecting 1 genome record [================================================] 100% 1/1
Downloading: ncbi_dataset.zip    2.26MB 1.8MB/s
[1A[2K[1A[2KCollecting 1 genome record [================================================] 100% 1/1
Downloading: ncbi_dataset.zip    2.52MB 1.96MB/s
[1A[2K[1A[2KCollecting 1 genome record [================================================] 100% 1/1
Downloading: ncbi_dataset.zip    2.75MB 2.14MB/s
[1A[2K[1A[2KCollecting 1 genome record [================================================] 100% 1/1
Downloading: ncbi_dataset.zip    2.75MB 2.14MB/s
[1A[2K[1A[2KCollecting 1 genome record [================================================] 100% 1/1
Downloading: ncbi_dataset.zip    2.75MB 2.14MB/s
[1A[2K[1A[2KCollecting 1 genome record [================================================] 100% 1/1
Downloading: ncbi_dataset.zip    2.75MB 2.14MB/s
[1A[2K[1A[2KCollecting 1 genome record [================================================] 100% 1/1
Downloading: ncbi_dataset.zip    2.75MB 2.14MB/s
[1A[2K[1A[2KCollecting 1 genome record [================================================] 100% 1/1
Downloading: ncbi_dataset.zip    2.75MB 2.14MB/s
[1A[2K[1A[2KCollecting 1 genome record [================================================] 100% 1/1
Downloading: ncbi_dataset.zip    2.75MB 2.14MB/s
[1A[2K[1A[2KCollecting 1 genome record [================================================] 100% 1/1
Downloading: ncbi_dataset.zip    2.75MB 2.14MB/s
[1A[2K[1A[2KCollecting 1 genome record [================================================] 100% 1/1
Downloading: ncbi_dataset.zip    2.75MB 2.14MB/s
[1A[2K[1A[2KCollecting 1 genome record [================================================] 100% 1/1
Downloading: ncbi_dataset.zip    2.75MB 2.14MB/s
[1A[2K[1A[2KCollecting 1 genome record [================================================] 100% 1/1
Downloading: ncbi_dataset.zip    2.75MB 2.14MB/s
[1A[2K[1A[2KCollecting 1 genome record [================================================] 100% 1/1
Downloading: ncbi_dataset.zip    2.82MB 2MB/s
[1A[2K[1A[2KCollecting 1 genome record [================================================] 100% 1/1
Downloading: ncbi_dataset.zip    2.82MB 2MB/s
[1A[2K[1A[2KCollecting 1 genome record [================================================] 100% 1/1
Downloading: ncbi_dataset.zip    4.03MB 2.82MB/s
[1A[2K[1A[2KCollecting 1 genome record [================================================] 100% 1/1
Downloading: ncbi_dataset.zip    4.49MB 3.14MB/s
[1A[2K[1A[2KCollecting 1 genome record [================================================] 100% 1/1
Downloading: ncbi_dataset.zip    4.55MB 3.16MB/s
[1A[2K[1A[2KCollecting 1 genome record [================================================] 100% 1/1
Downloading: ncbi_dataset.zip    4.92MB 3.37MB/s
[1A[2K[1A[2KCollecting 1 genome record [================================================] 100% 1/1
Downloading: ncbi_dataset.zip    4.92MB 3.37MB/s
[1A[2K[1A[2KCollecting 1 genome record [================================================] 100% 1/1
Downloading: ncbi_dataset.zip    5.54MB 3.75MB/s
[1A[2K[1A[2KCollecting 1 genome record [================================================] 100% 1/1
Downloading: ncbi_dataset.zip    5.54MB 3.75MB/s
[1A[2K[1A[2KCollecting 1 genome record [================================================] 100% 1/1
Downloading: ncbi_dataset.zip    5.54MB 3.75MB/s
[1A[2K[1A[2KCollecting 1 genome record [================================================] 100% 1/1
Downloading: ncbi_dataset.zip    5.54MB 3.75MB/s
[1A[2K[1A[2KCollecting 1 genome record [================================================] 100% 1/1
Downloading: ncbi_dataset.zip    5.54MB 3.75MB/s
[1A[2K[1A[2KCollecting 1 genome record [================================================] 100% 1/1
Downloading: ncbi_dataset.zip    5.54MB 3.75MB/s
[1A[2K[1A[2KCollecting 1 genome record [================================================] 100% 1/1
Downloading: ncbi_dataset.zip    5.54MB 3.75MB/s
[1A[2K[1A[2KCollecting 1 genome record [================================================] 100% 1/1
Downloading: ncbi_dataset.zip    5.54MB 3.75MB/s
[1A[2K[1A[2KCollecting 1 genome record [================================================] 100% 1/1
Downloading: ncbi_dataset.zip    5.54MB 3.75MB/s
[1A[2K[1A[2KCollecting 1 genome record [================================================] 100% 1/1
Downloading: ncbi_dataset.zip    5.54MB 3.75MB/s
[1A[2K[1A[2KCollecting 1 genome record [================================================] 100% 1/1
Downloading: ncbi_dataset.zip    6MB 3.79MB/s
[1A[2K[1A[2KCollecting 1 genome record [================================================] 100% 1/1
Downloading: ncbi_dataset.zip    6.62MB 4.16MB/s
[1A[2K[1A[2KCollecting 1 genome record [================================================] 100% 1/1
Downloading: ncbi_dataset.zip    6.62MB 4.16MB/s
[1A[2K[1A[2KCollecting 1 genome record [================================================] 100% 1/1
Downloading: ncbi_dataset.zip    8.16MB 5.05MB/s
[1A[2K[1A[2KCollecting 1 genome record [================================================] 100% 1/1
Downloading: ncbi_dataset.zip    8.16MB 5.05MB/s
[1A[2K[1A[2KCollecting 1 genome record [================================================] 100% 1/1
Downloading: ncbi_dataset.zip    8.81MB 5.39MB/s
[1A[2K[1A[2KCollecting 1 genome record [================================================] 100% 1/1
Downloading: ncbi_dataset.zip    9.11MB 5.56MB/s
[1A[2K[1A[2KCollecting 1 genome record [================================================] 100% 1/1
Downloading: ncbi_dataset.zip    9.11MB 5.56MB/s
[1A[2K[1A[2KCollecting 1 genome record [================================================] 100% 1/1
Downloading: ncbi_dataset.zip    9.11MB 5.56MB/s
[1A[2K[1A[2KCollecting 1 genome record [================================================] 100% 1/1
Downloading: ncbi_dataset.zip    9.11MB 5.56MB/s
[1A[2K[1A[2KCollecting 1 genome record [================================================] 100% 1/1
Downloading: ncbi_dataset.zip    9.11MB 5.56MB/s
[1A[2K[1A[2KCollecting 1 genome record [================================================] 100% 1/1
Downloading: ncbi_dataset.zip    9.11MB 5.56MB/s
[1A[2K[1A[2KCollecting 1 genome record [================================================] 100% 1/1
Downloading: ncbi_dataset.zip    9.11MB 5.56MB/s
[1A[2K[1A[2KCollecting 1 genome record [================================================] 100% 1/1
Downloading: ncbi_dataset.zip    9.11MB 5.56MB/s
[1A[2K[1A[2KCollecting 1 genome record [================================================] 100% 1/1
Downloading: ncbi_dataset.zip    9.11MB 5.56MB/s
[1A[2K[1A[2KCollecting 1 genome record [================================================] 100% 1/1
Downloading: ncbi_dataset.zip    9.11MB 5.56MB/s
[1A[2K[1A[2KCollecting 1 genome record [================================================] 100% 1/1
Downloading: ncbi_dataset.zip    9.11MB 5.56MB/s
[1A[2K[1A[2KCollecting 1 genome record [================================================] 100% 1/1
Downloading: ncbi_dataset.zip    9.34MB 5.33MB/s
[1A[2K[1A[2KCollecting 1 genome record [================================================] 100% 1/1
Downloading: ncbi_dataset.zip    9.34MB 5.33MB/s
[1A[2K[1A[2KCollecting 1 genome record [================================================] 100% 1/1
Downloading: ncbi_dataset.zip    10.5MB 5.87MB/s
[1A[2K[1A[2KCollecting 1 genome record [================================================] 100% 1/1
Downloading: ncbi_dataset.zip    11.6MB 6.5MB/s
[1A[2K[1A[2KCollecting 1 genome record [================================================] 100% 1/1
Downloading: ncbi_dataset.zip    11.9MB 6.59MB/s
[1A[2K[1A[2KCollecting 1 genome record [================================================] 100% 1/1
Downloading: ncbi_dataset.zip    12.6MB 6.95MB/s
[1A[2K[1A[2KCollecting 1 genome record [================================================] 100% 1/1
Downloading: ncbi_dataset.zip    12.7MB 7MB/s
[1A[2K[1A[2KCollecting 1 genome record [================================================] 100% 1/1
Downloading: ncbi_dataset.zip    12.7MB 7MB/s
[1A[2K[1A[2KCollecting 1 genome record [================================================] 100% 1/1
Downloading: ncbi_dataset.zip    12.7MB 7MB/s
[1A[2K[1A[2KCollecting 1 genome record [================================================] 100% 1/1
Downloading: ncbi_dataset.zip    12.7MB 7MB/s
[1A[2K[1A[2KCollecting 1 genome record [================================================] 100% 1/1
Downloading: ncbi_dataset.zip    12.7MB 7MB/s
[1A[2K[1A[2KCollecting 1 genome record [================================================] 100% 1/1
Downloading: ncbi_dataset.zip    12.7MB 7MB/s
[1A[2K[1A[2KCollecting 1 genome record [================================================] 100% 1/1
Downloading: ncbi_dataset.zip    12.7MB 7MB/s
[1A[2K[1A[2KCollecting 1 genome record [================================================] 100% 1/1
Downloading: ncbi_dataset.zip    12.7MB 7MB/s
[1A[2K[1A[2KCollecting 1 genome record [================================================] 100% 1/1
Downloading: ncbi_dataset.zip    12.7MB 7MB/s
[1A[2K[1A[2KCollecting 1 genome record [================================================] 100% 1/1
Downloading: ncbi_dataset.zip    12.7MB 7MB/s
[1A[2K[1A[2KCollecting 1 genome record [================================================] 100% 1/1
Downloading: ncbi_dataset.zip    12.8MB 6.68MB/s
[1A[2K[1A[2KCollecting 1 genome record [================================================] 100% 1/1
Downloading: ncbi_dataset.zip    13.6MB 7.03MB/s
[1A[2K[1A[2KCollecting 1 genome record [================================================] 100% 1/1
Downloading: ncbi_dataset.zip    14.3MB 7.35MB/s
[1A[2K[1A[2KCollecting 1 genome record [================================================] 100% 1/1
Downloading: ncbi_dataset.zip    14.4MB 7.39MB/s
[1A[2K[1A[2KCollecting 1 genome record [================================================] 100% 1/1
Downloading: ncbi_dataset.zip    15.2MB 7.72MB/s
[1A[2K[1A[2KCollecting 1 genome record [================================================] 100% 1/1
Downloading: ncbi_dataset.zip    15.7MB 7.93MB/s
[1A[2K[1A[2KCollecting 1 genome record [================================================] 100% 1/1
Downloading: ncbi_dataset.zip    16.3MB 8.21MB/s
[1A[2K[1A[2KCollecting 1 genome record [================================================] 100% 1/1
Downloading: ncbi_dataset.zip    16.3MB 8.21MB/s
[1A[2K[1A[2KCollecting 1 genome record [================================================] 100% 1/1
Downloading: ncbi_dataset.zip    16.3MB 8.21MB/s
[1A[2K[1A[2KCollecting 1 genome record [================================================] 100% 1/1
Downloading: ncbi_dataset.zip    16.3MB 8.21MB/s
[1A[2K[1A[2KCollecting 1 genome record [================================================] 100% 1/1
Downloading: ncbi_dataset.zip    16.3MB 8.21MB/s
[1A[2K[1A[2KCollecting 1 genome record [================================================] 100% 1/1
Downloading: ncbi_dataset.zip    16.3MB 8.21MB/s
[1A[2K[1A[2KCollecting 1 genome record [================================================] 100% 1/1
Downloading: ncbi_dataset.zip    16.3MB 8.21MB/s
[1A[2K[1A[2KCollecting 1 genome record [================================================] 100% 1/1
Downloading: ncbi_dataset.zip    16.3MB 8.21MB/s
[1A[2K[1A[2KCollecting 1 genome record [================================================] 100% 1/1
Downloading: ncbi_dataset.zip    16.3MB 8.21MB/s
[1A[2K[1A[2KCollecting 1 genome record [================================================] 100% 1/1
Downloading: ncbi_dataset.zip    16.3MB 8.21MB/s
[1A[2K[1A[2KCollecting 1 genome record [================================================] 100% 1/1
Downloading: ncbi_dataset.zip    16.3MB 8.21MB/s
[1A[2K[1A[2KCollecting 1 genome record [================================================] 100% 1/1
Downloading: ncbi_dataset.zip    16.6MB 7.92MB/s
[1A[2K[1A[2KCollecting 1 genome record [================================================] 100% 1/1
Downloading: ncbi_dataset.zip    16.9MB 8.04MB/s
[1A[2K[1A[2KCollecting 1 genome record [================================================] 100% 1/1
Downloading: ncbi_dataset.zip    17.5MB 8.27MB/s
[1A[2K[1A[2KCollecting 1 genome record [================================================] 100% 1/1
Downloading: ncbi_dataset.zip    18.7MB 8.77MB/s
[1A[2K[1A[2KCollecting 1 genome record [================================================] 100% 1/1
Downloading: ncbi_dataset.zip    18.9MB 8.88MB/s
[1A[2K[1A[2KCollecting 1 genome record [================================================] 100% 1/1
Downloading: ncbi_dataset.zip    19.4MB 9MB/s
[1A[2K[1A[2KCollecting 1 genome record [================================================] 100% 1/1
Downloading: ncbi_dataset.zip    19.9MB 9.2MB/s
[1A[2K[1A[2KCollecting 1 genome record [================================================] 100% 1/1
Downloading: ncbi_dataset.zip    19.9MB 9.2MB/s
[1A[2K[1A[2KCollecting 1 genome record [================================================] 100% 1/1
Downloading: ncbi_dataset.zip    19.9MB 9.2MB/s
[1A[2K[1A[2KCollecting 1 genome record [================================================] 100% 1/1
Downloading: ncbi_dataset.zip    19.9MB 9.2MB/s
[1A[2K[1A[2KCollecting 1 genome record [================================================] 100% 1/1
Downloading: ncbi_dataset.zip    19.9MB 9.2MB/s
[1A[2K[1A[2KCollecting 1 genome record [================================================] 100% 1/1
Downloading: ncbi_dataset.zip    19.9MB 9.2MB/s
[1A[2K[1A[2KCollecting 1 genome record [================================================] 100% 1/1
Downloading: ncbi_dataset.zip    19.9MB 9.2MB/s
[1A[2K[1A[2KCollecting 1 genome record [================================================] 100% 1/1
Downloading: ncbi_dataset.zip    19.9MB 9.2MB/s
[1A[2K[1A[2KCollecting 1 genome record [================================================] 100% 1/1
Downloading: ncbi_dataset.zip    19.9MB 9.2MB/s
[1A[2K[1A[2KCollecting 1 genome record [================================================] 100% 1/1
Downloading: ncbi_dataset.zip    19.9MB 9.2MB/s
[1A[2K[1A[2KCollecting 1 genome record [================================================] 100% 1/1
Downloading: ncbi_dataset.zip    19.9MB 9.2MB/s
[1A[2K[1A[2KCollecting 1 genome record [================================================] 100% 1/1
Downloading: ncbi_dataset.zip    20.4MB 8.96MB/s
[1A[2K[1A[2KCollecting 1 genome record [================================================] 100% 1/1
Downloading: ncbi_dataset.zip    21.2MB 9.26MB/s
[1A[2K[1A[2KCollecting 1 genome record [================================================] 100% 1/1
Downloading: ncbi_dataset.zip    21.8MB 9.49MB/s
[1A[2K[1A[2KCollecting 1 genome record [================================================] 100% 1/1
Downloading: ncbi_dataset.zip    22.5MB 9.75MB/s
[1A[2K[1A[2KCollecting 1 genome record [================================================] 100% 1/1
Downloading: ncbi_dataset.zip    22.5MB 9.74MB/s
[1A[2K[1A[2KCollecting 1 genome record [================================================] 100% 1/1
Downloading: ncbi_dataset.zip    23.3MB 10MB/s
[1A[2K[1A[2KCollecting 1 genome record [================================================] 100% 1/1
Downloading: ncbi_dataset.zip    23.4MB 10.1MB/s
[1A[2K[1A[2KCollecting 1 genome record [================================================] 100% 1/1
Downloading: ncbi_dataset.zip    23.4MB 10.1MB/s
[1A[2K[1A[2KCollecting 1 genome record [================================================] 100% 1/1
Downloading: ncbi_dataset.zip    23.4MB 10.1MB/s
[1A[2K[1A[2KCollecting 1 genome record [================================================] 100% 1/1
Downloading: ncbi_dataset.zip    23.4MB 10.1MB/s
[1A[2K[1A[2KCollecting 1 genome record [================================================] 100% 1/1
Downloading: ncbi_dataset.zip    23.4MB 10.1MB/s
[1A[2K[1A[2KCollecting 1 genome record [================================================] 100% 1/1
Downloading: ncbi_dataset.zip    23.4MB 10.1MB/s
[1A[2K[1A[2KCollecting 1 genome record [================================================] 100% 1/1
Downloading: ncbi_dataset.zip    23.4MB 10.1MB/s
[1A[2K[1A[2KCollecting 1 genome record [================================================] 100% 1/1
Downloading: ncbi_dataset.zip    23.4MB 10.1MB/s
[1A[2K[1A[2KCollecting 1 genome record [================================================] 100% 1/1
Downloading: ncbi_dataset.zip    23.4MB 10.1MB/s
[1A[2K[1A[2KCollecting 1 genome record [================================================] 100% 1/1
Downloading: ncbi_dataset.zip    23.4MB 10.1MB/s
[1A[2K[1A[2KCollecting 1 genome record [================================================] 100% 1/1
Downloading: ncbi_dataset.zip    23.5MB 9.62MB/s
[1A[2K[1A[2KCollecting 1 genome record [================================================] 100% 1/1
Downloading: ncbi_dataset.zip    24MB 9.78MB/s
[1A[2K[1A[2KCollecting 1 genome record [================================================] 100% 1/1
Downloading: ncbi_dataset.zip    24.6MB 10MB/s
[1A[2K[1A[2KCollecting 1 genome record [================================================] 100% 1/1
Downloading: ncbi_dataset.zip    25.4MB 10.3MB/s
[1A[2K[1A[2KCollecting 1 genome record [================================================] 100% 1/1
Downloading: ncbi_dataset.zip    26MB 10.5MB/s
[1A[2K[1A[2KCollecting 1 genome record [================================================] 100% 1/1
Downloading: ncbi_dataset.zip    26.2MB 10.5MB/s
[1A[2K[1A[2KCollecting 1 genome record [================================================] 100% 1/1
Downloading: ncbi_dataset.zip    26.9MB 10.8MB/s
[1A[2K[1A[2KCollecting 1 genome record [================================================] 100% 1/1
Downloading: ncbi_dataset.zip    27MB 10.8MB/s
[1A[2K[1A[2KCollecting 1 genome record [================================================] 100% 1/1
Downloading: ncbi_dataset.zip    27MB 10.8MB/s
[1A[2K[1A[2KCollecting 1 genome record [================================================] 100% 1/1
Downloading: ncbi_dataset.zip    27MB 10.8MB/s
[1A[2K[1A[2KCollecting 1 genome record [================================================] 100% 1/1
Downloading: ncbi_dataset.zip    27MB 10.8MB/s
[1A[2K[1A[2KCollecting 1 genome record [================================================] 100% 1/1
Downloading: ncbi_dataset.zip    27MB 10.8MB/s
[1A[2K[1A[2KCollecting 1 genome record [================================================] 100% 1/1
Downloading: ncbi_dataset.zip    27MB 10.8MB/s
[1A[2K[1A[2KCollecting 1 genome record [================================================] 100% 1/1
Downloading: ncbi_dataset.zip    27MB 10.8MB/s
[1A[2K[1A[2KCollecting 1 genome record [================================================] 100% 1/1
Downloading: ncbi_dataset.zip    27MB 10.8MB/s
[1A[2K[1A[2KCollecting 1 genome record [================================================] 100% 1/1
Downloading: ncbi_dataset.zip    27MB 10.8MB/s
[1A[2K[1A[2KCollecting 1 genome record [================================================] 100% 1/1
Downloading: ncbi_dataset.zip    27MB 10.8MB/s
[1A[2K[1A[2KCollecting 1 genome record [================================================] 100% 1/1
Downloading: ncbi_dataset.zip    27MB 10.8MB/s
[1A[2K[1A[2KCollecting 1 genome record [================================================] 100% 1/1
Downloading: ncbi_dataset.zip    27.6MB 10.5MB/s
[1A[2K[1A[2KCollecting 1 genome record [================================================] 100% 1/1
Downloading: ncbi_dataset.zip    28.3MB 10.7MB/s
[1A[2K[1A[2KCollecting 1 genome record [================================================] 100% 1/1
Downloading: ncbi_dataset.zip    28.9MB 10.9MB/s
[1A[2K[1A[2KCollecting 1 genome record [================================================] 100% 1/1
Downloading: ncbi_dataset.zip    29.4MB 11.1MB/s
[1A[2K[1A[2KCollecting 1 genome record [================================================] 100% 1/1
Downloading: ncbi_dataset.zip    29.9MB 11.2MB/s
[1A[2K[1A[2KCollecting 1 genome record [================================================] 100% 1/1
Downloading: ncbi_dataset.zip    30.5MB 11.4MB/s
[1A[2K[1A[2KCollecting 1 genome record [================================================] 100% 1/1
Downloading: ncbi_dataset.zip    30.5MB 11.4MB/s
[1A[2K[1A[2KCollecting 1 genome record [================================================] 100% 1/1
Downloading: ncbi_dataset.zip    30.5MB 11.4MB/s
[1A[2K[1A[2KCollecting 1 genome record [================================================] 100% 1/1
Downloading: ncbi_dataset.zip    30.5MB 11.4MB/s
[1A[2K[1A[2KCollecting 1 genome record [================================================] 100% 1/1
Downloading: ncbi_dataset.zip    30.5MB 11.4MB/s
[1A[2K[1A[2KCollecting 1 genome record [================================================] 100% 1/1
Downloading: ncbi_dataset.zip    30.5MB 11.4MB/s
[1A[2K[1A[2KCollecting 1 genome record [================================================] 100% 1/1
Downloading: ncbi_dataset.zip    30.5MB 11.4MB/s
[1A[2K[1A[2KCollecting 1 genome record [================================================] 100% 1/1
Downloading: ncbi_dataset.zip    30.5MB 11.4MB/s
[1A[2K[1A[2KCollecting 1 genome record [================================================] 100% 1/1
Downloading: ncbi_dataset.zip    30.5MB 11.4MB/s
[1A[2K[1A[2KCollecting 1 genome record [================================================] 100% 1/1
Downloading: ncbi_dataset.zip    30.5MB 11.4MB/s
[1A[2K[1A[2KCollecting 1 genome record [================================================] 100% 1/1
Downloading: ncbi_dataset.zip    30.5MB 11.4MB/s
[1A[2K[1A[2KCollecting 1 genome record [================================================] 100% 1/1
Downloading: ncbi_dataset.zip    30.8MB 11.1MB/s
[1A[2K[1A[2KCollecting 1 genome record [================================================] 100% 1/1
Downloading: ncbi_dataset.zip    31.4MB 11.2MB/s
[1A[2K[1A[2KCollecting 1 genome record [================================================] 100% 1/1
Downloading: ncbi_dataset.zip    32.3MB 11.5MB/s
[1A[2K[1A[2KCollecting 1 genome record [================================================] 100% 1/1
Downloading: ncbi_dataset.zip    32.8MB 11.6MB/s
[1A[2K[1A[2KCollecting 1 genome record [================================================] 100% 1/1
Downloading: ncbi_dataset.zip    32.9MB 11.7MB/s
[1A[2K[1A[2KCollecting 1 genome record [================================================] 100% 1/1
Downloading: ncbi_dataset.zip    33.6MB 11.8MB/s
[1A[2K[1A[2KCollecting 1 genome record [================================================] 100% 1/1
Downloading: ncbi_dataset.zip    34MB 12MB/s
[1A[2K[1A[2KCollecting 1 genome record [================================================] 100% 1/1
Downloading: ncbi_dataset.zip    34MB 12MB/s
[1A[2K[1A[2KCollecting 1 genome record [================================================] 100% 1/1
Downloading: ncbi_dataset.zip    34MB 12MB/s
[1A[2K[1A[2KCollecting 1 genome record [================================================] 100% 1/1
Downloading: ncbi_dataset.zip    34MB 12MB/s
[1A[2K[1A[2KCollecting 1 genome record [================================================] 100% 1/1
Downloading: ncbi_dataset.zip    34MB 12MB/s
[1A[2K[1A[2KCollecting 1 genome record [================================================] 100% 1/1
Downloading: ncbi_dataset.zip    34MB 12MB/s
[1A[2K[1A[2KCollecting 1 genome record [================================================] 100% 1/1
Downloading: ncbi_dataset.zip    34MB 12MB/s
[1A[2K[1A[2KCollecting 1 genome record [================================================] 100% 1/1
Downloading: ncbi_dataset.zip    34MB 12MB/s
[1A[2K[1A[2KCollecting 1 genome record [================================================] 100% 1/1
Downloading: ncbi_dataset.zip    34MB 12MB/s
[1A[2K[1A[2KCollecting 1 genome record [================================================] 100% 1/1
Downloading: ncbi_dataset.zip    34MB 12MB/s
[1A[2K[1A[2KCollecting 1 genome record [================================================] 100% 1/1
Downloading: ncbi_dataset.zip    34MB 12MB/s
[1A[2K[1A[2KCollecting 1 genome record [================================================] 100% 1/1
Downloading: ncbi_dataset.zip    34.7MB 11.7MB/s
[1A[2K[1A[2KCollecting 1 genome record [================================================] 100% 1/1
Downloading: ncbi_dataset.zip    35.5MB 11.9MB/s
[1A[2K[1A[2KCollecting 1 genome record [================================================] 100% 1/1
Downloading: ncbi_dataset.zip    36.2MB 12.1MB/s
[1A[2K[1A[2KCollecting 1 genome record [================================================] 100% 1/1
Downloading: ncbi_dataset.zip    36.5MB 12.2MB/s
[1A[2K[1A[2KCollecting 1 genome record [================================================] 100% 1/1
Downloading: ncbi_dataset.zip    36.6MB 12.2MB/s
[1A[2K[1A[2KCollecting 1 genome record [================================================] 100% 1/1
Downloading: ncbi_dataset.zip    37.3MB 12.4MB/s
[1A[2K[1A[2KCollecting 1 genome record [================================================] 100% 1/1
Downloading: ncbi_dataset.zip    37.6MB 12.5MB/s
[1A[2K[1A[2KCollecting 1 genome record [================================================] 100% 1/1
Downloading: ncbi_dataset.zip    37.6MB 12.5MB/s
[1A[2K[1A[2KCollecting 1 genome record [================================================] 100% 1/1
Downloading: ncbi_dataset.zip    37.6MB 12.5MB/s
[1A[2K[1A[2KCollecting 1 genome record [================================================] 100% 1/1
Downloading: ncbi_dataset.zip    37.6MB 12.5MB/s
[1A[2K[1A[2KCollecting 1 genome record [================================================] 100% 1/1
Downloading: ncbi_dataset.zip    37.6MB 12.5MB/s
[1A[2K[1A[2KCollecting 1 genome record [================================================] 100% 1/1
Downloading: ncbi_dataset.zip    37.6MB 12.5MB/s
[1A[2K[1A[2KCollecting 1 genome record [================================================] 100% 1/1
Downloading: ncbi_dataset.zip    37.6MB 12.5MB/s
[1A[2K[1A[2KCollecting 1 genome record [================================================] 100% 1/1
Downloading: ncbi_dataset.zip    37.6MB 12.5MB/s
[1A[2K[1A[2KCollecting 1 genome record [================================================] 100% 1/1
Downloading: ncbi_dataset.zip    37.6MB 12.5MB/s
[1A[2K[1A[2KCollecting 1 genome record [================================================] 100% 1/1
Downloading: ncbi_dataset.zip    37.6MB 12.5MB/s
[1A[2K[1A[2KCollecting 1 genome record [================================================] 100% 1/1
Downloading: ncbi_dataset.zip    37.7MB 12MB/s
[1A[2K[1A[2KCollecting 1 genome record [================================================] 100% 1/1
Downloading: ncbi_dataset.zip    38.3MB 12.2MB/s
[1A[2K[1A[2KCollecting 1 genome record [================================================] 100% 1/1
Downloading: ncbi_dataset.zip    38.8MB 12.3MB/s
[1A[2K[1A[2KCollecting 1 genome record [================================================] 100% 1/1
Downloading: ncbi_dataset.zip    39.3MB 12.4MB/s
[1A[2K[1A[2KCollecting 1 genome record [================================================] 100% 1/1
Downloading: ncbi_dataset.zip    39.7MB 12.5MB/s
[1A[2K[1A[2KCollecting 1 genome record [================================================] 100% 1/1
Downloading: ncbi_dataset.zip    40.1MB 12.6MB/s
[1A[2K[1A[2KCollecting 1 genome record [================================================] 100% 1/1
Downloading: ncbi_dataset.zip    40.8MB 12.8MB/s
[1A[2K[1A[2KCollecting 1 genome record [================================================] 100% 1/1
Downloading: ncbi_dataset.zip    41.2MB 12.9MB/s
[1A[2K[1A[2KCollecting 1 genome record [================================================] 100% 1/1
Downloading: ncbi_dataset.zip    41.2MB 12.9MB/s
[1A[2K[1A[2KCollecting 1 genome record [================================================] 100% 1/1
Downloading: ncbi_dataset.zip    41.2MB 12.9MB/s
[1A[2K[1A[2KCollecting 1 genome record [================================================] 100% 1/1
Downloading: ncbi_dataset.zip    41.2MB 12.9MB/s
[1A[2K[1A[2KCollecting 1 genome record [================================================] 100% 1/1
Downloading: ncbi_dataset.zip    41.2MB 12.9MB/s
[1A[2K[1A[2KCollecting 1 genome record [================================================] 100% 1/1
Downloading: ncbi_dataset.zip    41.2MB 12.9MB/s
[1A[2K[1A[2KCollecting 1 genome record [================================================] 100% 1/1
Downloading: ncbi_dataset.zip    41.2MB 12.9MB/s
[1A[2K[1A[2KCollecting 1 genome record [================================================] 100% 1/1
Downloading: ncbi_dataset.zip    41.2MB 12.9MB/s
[1A[2K[1A[2KCollecting 1 genome record [================================================] 100% 1/1
Downloading: ncbi_dataset.zip    41.2MB 12.9MB/s
[1A[2K[1A[2KCollecting 1 genome record [================================================] 100% 1/1
Downloading: ncbi_dataset.zip    41.2MB 12.9MB/s
[1A[2K[1A[2KCollecting 1 genome record [================================================] 100% 1/1
Downloading: ncbi_dataset.zip    41.3MB 12.5MB/s
[1A[2K[1A[2KCollecting 1 genome record [================================================] 100% 1/1
Downloading: ncbi_dataset.zip    42MB 12.7MB/s
[1A[2K[1A[2KCollecting 1 genome record [================================================] 100% 1/1
Downloading: ncbi_dataset.zip    42.7MB 12.9MB/s
[1A[2K[1A[2KCollecting 1 genome record [================================================] 100% 1/1
Downloading: ncbi_dataset.zip    43.3MB 13MB/s
[1A[2K[1A[2KCollecting 1 genome record [================================================] 100% 1/1
Downloading: ncbi_dataset.zip    43.3MB 13MB/s
[1A[2K[1A[2KCollecting 1 genome record [================================================] 100% 1/1
Downloading: ncbi_dataset.zip    43.6MB 13MB/s
[1A[2K[1A[2KCollecting 1 genome record [================================================] 100% 1/1
Downloading: ncbi_dataset.zip    44.6MB 13.3MB/s
[1A[2K[1A[2KCollecting 1 genome record [================================================] 100% 1/1
Downloading: ncbi_dataset.zip    44.7MB 13.3MB/s
[1A[2K[1A[2KCollecting 1 genome record [================================================] 100% 1/1
Downloading: ncbi_dataset.zip    44.7MB 13.3MB/s
[1A[2K[1A[2KCollecting 1 genome record [================================================] 100% 1/1
Downloading: ncbi_dataset.zip    44.7MB 13.3MB/s
[1A[2K[1A[2KCollecting 1 genome record [================================================] 100% 1/1
Downloading: ncbi_dataset.zip    44.7MB 13.3MB/s
[1A[2K[1A[2KCollecting 1 genome record [================================================] 100% 1/1
Downloading: ncbi_dataset.zip    44.7MB 13.3MB/s
[1A[2K[1A[2KCollecting 1 genome record [================================================] 100% 1/1
Downloading: ncbi_dataset.zip    44.7MB 13.3MB/s
[1A[2K[1A[2KCollecting 1 genome record [================================================] 100% 1/1
Downloading: ncbi_dataset.zip    44.7MB 13.3MB/s
[1A[2K[1A[2KCollecting 1 genome record [================================================] 100% 1/1
Downloading: ncbi_dataset.zip    44.7MB 13.3MB/s
[1A[2K[1A[2KCollecting 1 genome record [================================================] 100% 1/1
Downloading: ncbi_dataset.zip    44.7MB 13.3MB/s
[1A[2K[1A[2KCollecting 1 genome record [================================================] 100% 1/1
Downloading: ncbi_dataset.zip    44.7MB 13.3MB/s
[1A[2K[1A[2KCollecting 1 genome record [================================================] 100% 1/1
Downloading: ncbi_dataset.zip    44.9MB 12.9MB/s
[1A[2K[1A[2KCollecting 1 genome record [================================================] 100% 1/1
Downloading: ncbi_dataset.zip    46MB 13.2MB/s
[1A[2K[1A[2KCollecting 1 genome record [================================================] 100% 1/1
Downloading: ncbi_dataset.zip    46.9MB 13.4MB/s
[1A[2K[1A[2KCollecting 1 genome record [================================================] 100% 1/1
Downloading: ncbi_dataset.zip    46.9MB 13.4MB/s
[1A[2K[1A[2KCollecting 1 genome record [================================================] 100% 1/1
Downloading: ncbi_dataset.zip    46.9MB 13.4MB/s
[1A[2K[1A[2KCollecting 1 genome record [================================================] 100% 1/1
Downloading: ncbi_dataset.zip    47.4MB 13.4MB/s
[1A[2K[1A[2KCollecting 1 genome record [================================================] 100% 1/1
Downloading: ncbi_dataset.zip    48.2MB 13.6MB/s
[1A[2K[1A[2KCollecting 1 genome record [================================================] 100% 1/1
Downloading: ncbi_dataset.zip    48.2MB 13.6MB/s
[1A[2K[1A[2KCollecting 1 genome record [================================================] 100% 1/1
Downloading: ncbi_dataset.zip    48.2MB 13.6MB/s
[1A[2K[1A[2KCollecting 1 genome record [================================================] 100% 1/1
Downloading: ncbi_dataset.zip    48.2MB 13.6MB/s
[1A[2K[1A[2KCollecting 1 genome record [================================================] 100% 1/1
Downloading: ncbi_dataset.zip    48.2MB 13.6MB/s
[1A[2K[1A[2KCollecting 1 genome record [================================================] 100% 1/1
Downloading: ncbi_dataset.zip    48.2MB 13.6MB/s
[1A[2K[1A[2KCollecting 1 genome record [================================================] 100% 1/1
Downloading: ncbi_dataset.zip    48.2MB 13.6MB/s
[1A[2K[1A[2KCollecting 1 genome record [================================================] 100% 1/1
Downloading: ncbi_dataset.zip    48.2MB 13.6MB/s
[1A[2K[1A[2KCollecting 1 genome record [================================================] 100% 1/1
Downloading: ncbi_dataset.zip    48.2MB 13.6MB/s
[1A[2K[1A[2KCollecting 1 genome record [================================================] 100% 1/1
Downloading: ncbi_dataset.zip    48.2MB 13.6MB/s
[1A[2K[1A[2KCollecting 1 genome record [================================================] 100% 1/1
Downloading: ncbi_dataset.zip    48.2MB 13.6MB/s
[1A[2K[1A[2KCollecting 1 genome record [================================================] 100% 1/1
Downloading: ncbi_dataset.zip    48.3MB 13.2MB/s
[1A[2K[1A[2KCollecting 1 genome record [================================================] 100% 1/1
Downloading: ncbi_dataset.zip    49.3MB 13.5MB/s
[1A[2K[1A[2KCollecting 1 genome record [================================================] 100% 1/1
Downloading: ncbi_dataset.zip    50.4MB 13.7MB/s
[1A[2K[1A[2KCollecting 1 genome record [================================================] 100% 1/1
Downloading: ncbi_dataset.zip    50.5MB 13.7MB/s
[1A[2K[1A[2KCollecting 1 genome record [================================================] 100% 1/1
Downloading: ncbi_dataset.zip    50.5MB 13.7MB/s
[1A[2K[1A[2KCollecting 1 genome record [================================================] 100% 1/1
Downloading: ncbi_dataset.zip    50.9MB 13.8MB/s
[1A[2K[1A[2KCollecting 1 genome record [================================================] 100% 1/1
Downloading: ncbi_dataset.zip    50.9MB 13.8MB/s
[1A[2K[1A[2KCollecting 1 genome record [================================================] 100% 1/1
Downloading: ncbi_dataset.zip    51.5MB 13.8MB/s
[1A[2K[1A[2KCollecting 1 genome record [================================================] 100% 1/1
Downloading: ncbi_dataset.zip    51.6MB 13.9MB/s
[1A[2K[1A[2KCollecting 1 genome record [================================================] 100% 1/1
Downloading: ncbi_dataset.zip    51.6MB 13.9MB/s
[1A[2K[1A[2KCollecting 1 genome record [================================================] 100% 1/1
Downloading: ncbi_dataset.zip    51.6MB 13.9MB/s
[1A[2K[1A[2KCollecting 1 genome record [================================================] 100% 1/1
Downloading: ncbi_dataset.zip    51.6MB 13.9MB/s
[1A[2K[1A[2KCollecting 1 genome record [================================================] 100% 1/1
Downloading: ncbi_dataset.zip    51.6MB 13.9MB/s
[1A[2K[1A[2KCollecting 1 genome record [================================================] 100% 1/1
Downloading: ncbi_dataset.zip    51.6MB 13.9MB/s
[1A[2K[1A[2KCollecting 1 genome record [================================================] 100% 1/1
Downloading: ncbi_dataset.zip    51.6MB 13.9MB/s
[1A[2K[1A[2KCollecting 1 genome record [================================================] 100% 1/1
Downloading: ncbi_dataset.zip    51.6MB 13.9MB/s
[1A[2K[1A[2KCollecting 1 genome record [================================================] 100% 1/1
Downloading: ncbi_dataset.zip    51.6MB 13.9MB/s
[1A[2K[1A[2KCollecting 1 genome record [================================================] 100% 1/1
Downloading: ncbi_dataset.zip    52.3MB 13.7MB/s
[1A[2K[1A[2KCollecting 1 genome record [================================================] 100% 1/1
Downloading: ncbi_dataset.zip    52.5MB 13.7MB/s
[1A[2K[1A[2KCollecting 1 genome record [================================================] 100% 1/1
Downloading: ncbi_dataset.zip    53.1MB 13.8MB/s
[1A[2K[1A[2KCollecting 1 genome record [================================================] 100% 1/1
Downloading: ncbi_dataset.zip    53.8MB 14MB/s
[1A[2K[1A[2KCollecting 1 genome record [================================================] 100% 1/1
Downloading: ncbi_dataset.zip    54.2MB 14MB/s
[1A[2K[1A[2KCollecting 1 genome record [================================================] 100% 1/1
Downloading: ncbi_dataset.zip    54.2MB 14MB/s
[1A[2K[1A[2KCollecting 1 genome record [================================================] 100% 1/1
Downloading: ncbi_dataset.zip    55.1MB 14.2MB/s
[1A[2K[1A[2KCollecting 1 genome record [================================================] 100% 1/1
Downloading: ncbi_dataset.zip    55.1MB 14.2MB/s
[1A[2K[1A[2KCollecting 1 genome record [================================================] 100% 1/1
Downloading: ncbi_dataset.zip    55.1MB 14.2MB/s
[1A[2K[1A[2KCollecting 1 genome record [================================================] 100% 1/1
Downloading: ncbi_dataset.zip    55.1MB 14.2MB/s
[1A[2K[1A[2KCollecting 1 genome record [================================================] 100% 1/1
Downloading: ncbi_dataset.zip    55.1MB 14.2MB/s
[1A[2K[1A[2KCollecting 1 genome record [================================================] 100% 1/1
Downloading: ncbi_dataset.zip    55.1MB 14.2MB/s
[1A[2K[1A[2KCollecting 1 genome record [================================================] 100% 1/1
Downloading: ncbi_dataset.zip    55.1MB 14.2MB/s
[1A[2K[1A[2KCollecting 1 genome record [================================================] 100% 1/1
Downloading: ncbi_dataset.zip    55.1MB 14.2MB/s
[1A[2K[1A[2KCollecting 1 genome record [================================================] 100% 1/1
Downloading: ncbi_dataset.zip    55.1MB 14.2MB/s
[1A[2K[1A[2KCollecting 1 genome record [================================================] 100% 1/1
Downloading: ncbi_dataset.zip    55.1MB 14.2MB/s
[1A[2K[1A[2KCollecting 1 genome record [================================================] 100% 1/1
Downloading: ncbi_dataset.zip    55.2MB 13.8MB/s
[1A[2K[1A[2KCollecting 1 genome record [================================================] 100% 1/1
Downloading: ncbi_dataset.zip    55.9MB 14MB/s
[1A[2K[1A[2KCollecting 1 genome record [================================================] 100% 1/1
Downloading: ncbi_dataset.zip    56.4MB 14.1MB/s
[1A[2K[1A[2KCollecting 1 genome record [================================================] 100% 1/1
Downloading: ncbi_dataset.zip    57MB 14.2MB/s
[1A[2K[1A[2KCollecting 1 genome record [================================================] 100% 1/1
Downloading: ncbi_dataset.zip    57.5MB 14.3MB/s
[1A[2K[1A[2KCollecting 1 genome record [================================================] 100% 1/1
Downloading: ncbi_dataset.zip    57.7MB 14.3MB/s
[1A[2K[1A[2KCollecting 1 genome record [================================================] 100% 1/1
Downloading: ncbi_dataset.zip    58.4MB 14.4MB/s
[1A[2K[1A[2KCollecting 1 genome record [================================================] 100% 1/1
Downloading: ncbi_dataset.zip    58.7MB 14.5MB/s
[1A[2K[1A[2KCollecting 1 genome record [================================================] 100% 1/1
Downloading: ncbi_dataset.zip    58.7MB 14.5MB/s
[1A[2K[1A[2KCollecting 1 genome record [================================================] 100% 1/1
Downloading: ncbi_dataset.zip    58.7MB 14.5MB/s
[1A[2K[1A[2KCollecting 1 genome record [================================================] 100% 1/1
Downloading: ncbi_dataset.zip    58.7MB 14.5MB/s
[1A[2K[1A[2KCollecting 1 genome record [================================================] 100% 1/1
Downloading: ncbi_dataset.zip    58.7MB 14.5MB/s
[1A[2K[1A[2KCollecting 1 genome record [================================================] 100% 1/1
Downloading: ncbi_dataset.zip    58.7MB 14.5MB/s
[1A[2K[1A[2KCollecting 1 genome record [================================================] 100% 1/1
Downloading: ncbi_dataset.zip    58.7MB 14.5MB/s
[1A[2K[1A[2KCollecting 1 genome record [================================================] 100% 1/1
Downloading: ncbi_dataset.zip    58.7MB 14.5MB/s
[1A[2K[1A[2KCollecting 1 genome record [================================================] 100% 1/1
Downloading: ncbi_dataset.zip    58.7MB 14.5MB/s
[1A[2K[1A[2KCollecting 1 genome record [================================================] 100% 1/1
Downloading: ncbi_dataset.zip    58.7MB 14.5MB/s
[1A[2K[1A[2KCollecting 1 genome record [================================================] 100% 1/1
Downloading: ncbi_dataset.zip    58.8MB 14.1MB/s
[1A[2K[1A[2KCollecting 1 genome record [================================================] 100% 1/1
Downloading: ncbi_dataset.zip    58.9MB 14.2MB/s
[1A[2K[1A[2KCollecting 1 genome record [================================================] 100% 1/1
Downloading: ncbi_dataset.zip    59.7MB 14.3MB/s
[1A[2K[1A[2KCollecting 1 genome record [================================================] 100% 1/1
Downloading: ncbi_dataset.zip    60.4MB 14.4MB/s
[1A[2K[1A[2KCollecting 1 genome record [================================================] 100% 1/1
Downloading: ncbi_dataset.zip    61MB 14.5MB/s
[1A[2K[1A[2KCollecting 1 genome record [================================================] 100% 1/1
Downloading: ncbi_dataset.zip    61.6MB 14.6MB/s
[1A[2K[1A[2KCollecting 1 genome record [================================================] 100% 1/1
Downloading: ncbi_dataset.zip    62MB 14.7MB/s
[1A[2K[1A[2KCollecting 1 genome record [================================================] 100% 1/1
Downloading: ncbi_dataset.zip    62.2MB 14.7MB/s
[1A[2K[1A[2KCollecting 1 genome record [================================================] 100% 1/1
Downloading: ncbi_dataset.zip    62.2MB 14.7MB/s
[1A[2K[1A[2KCollecting 1 genome record [================================================] 100% 1/1
Downloading: ncbi_dataset.zip    62.2MB 14.7MB/s
[1A[2K[1A[2KCollecting 1 genome record [================================================] 100% 1/1
Downloading: ncbi_dataset.zip    62.2MB 14.7MB/s
[1A[2K[1A[2KCollecting 1 genome record [================================================] 100% 1/1
Downloading: ncbi_dataset.zip    62.2MB 14.7MB/s
[1A[2K[1A[2KCollecting 1 genome record [================================================] 100% 1/1
Downloading: ncbi_dataset.zip    62.2MB 14.7MB/s
[1A[2K[1A[2KCollecting 1 genome record [================================================] 100% 1/1
Downloading: ncbi_dataset.zip    62.2MB 14.7MB/s
[1A[2K[1A[2KCollecting 1 genome record [================================================] 100% 1/1
Downloading: ncbi_dataset.zip    62.2MB 14.7MB/s
[1A[2K[1A[2KCollecting 1 genome record [================================================] 100% 1/1
Downloading: ncbi_dataset.zip    62.2MB 14.7MB/s
[1A[2K[1A[2KCollecting 1 genome record [================================================] 100% 1/1
Downloading: ncbi_dataset.zip    62.2MB 14.7MB/s
[1A[2K[1A[2KCollecting 1 genome record [================================================] 100% 1/1
Downloading: ncbi_dataset.zip    62.6MB 14.4MB/s
[1A[2K[1A[2KCollecting 1 genome record [================================================] 100% 1/1
Downloading: ncbi_dataset.zip    62.7MB 14.4MB/s
[1A[2K[1A[2KCollecting 1 genome record [================================================] 100% 1/1
Downloading: ncbi_dataset.zip    63.2MB 14.5MB/s
[1A[2K[1A[2KCollecting 1 genome record [================================================] 100% 1/1
Downloading: ncbi_dataset.zip    63.7MB 14.6MB/s
[1A[2K[1A[2KCollecting 1 genome record [================================================] 100% 1/1
Downloading: ncbi_dataset.zip    64MB 14.6MB/s
[1A[2K[1A[2KCollecting 1 genome record [================================================] 100% 1/1
Downloading: ncbi_dataset.zip    64.2MB 14.6MB/s
[1A[2K[1A[2KCollecting 1 genome record [================================================] 100% 1/1
Downloading: ncbi_dataset.zip    64.8MB 14.7MB/s
[1A[2K[1A[2KCollecting 1 genome record [================================================] 100% 1/1
Downloading: ncbi_dataset.zip    65.7MB 14.9MB/s
[1A[2K[1A[2KCollecting 1 genome record [================================================] 100% 1/1
Downloading: ncbi_dataset.zip    65.7MB 14.9MB/s
[1A[2K[1A[2KCollecting 1 genome record [================================================] 100% 1/1
Downloading: ncbi_dataset.zip    65.7MB 14.9MB/s
[1A[2K[1A[2KCollecting 1 genome record [================================================] 100% 1/1
Downloading: ncbi_dataset.zip    65.7MB 14.9MB/s
[1A[2K[1A[2KCollecting 1 genome record [================================================] 100% 1/1
Downloading: ncbi_dataset.zip    65.7MB 14.9MB/s
[1A[2K[1A[2KCollecting 1 genome record [================================================] 100% 1/1
Downloading: ncbi_dataset.zip    65.7MB 14.9MB/s
[1A[2K[1A[2KCollecting 1 genome record [================================================] 100% 1/1
Downloading: ncbi_dataset.zip    65.7MB 14.9MB/s
[1A[2K[1A[2KCollecting 1 genome record [================================================] 100% 1/1
Downloading: ncbi_dataset.zip    65.7MB 14.9MB/s
[1A[2K[1A[2KCollecting 1 genome record [================================================] 100% 1/1
Downloading: ncbi_dataset.zip    65.7MB 14.9MB/s
[1A[2K[1A[2KCollecting 1 genome record [================================================] 100% 1/1
Downloading: ncbi_dataset.zip    65.7MB 14.9MB/s
[1A[2K[1A[2KCollecting 1 genome record [================================================] 100% 1/1
Downloading: ncbi_dataset.zip    66.2MB 14.7MB/s
[1A[2K[1A[2KCollecting 1 genome record [================================================] 100% 1/1
Downloading: ncbi_dataset.zip    66.9MB 14.8MB/s
[1A[2K[1A[2KCollecting 1 genome record [================================================] 100% 1/1
Downloading: ncbi_dataset.zip    67.5MB 14.9MB/s
[1A[2K[1A[2KCollecting 1 genome record [================================================] 100% 1/1
Downloading: ncbi_dataset.zip    68.2MB 15MB/s
[1A[2K[1A[2KCollecting 1 genome record [================================================] 100% 1/1
Downloading: ncbi_dataset.zip    68.5MB 15MB/s
[1A[2K[1A[2KCollecting 1 genome record [================================================] 100% 1/1
Downloading: ncbi_dataset.zip    69MB 15.1MB/s
[1A[2K[1A[2KCollecting 1 genome record [================================================] 100% 1/1
Downloading: ncbi_dataset.zip    69.3MB 15.2MB/s
[1A[2K[1A[2KCollecting 1 genome record [================================================] 100% 1/1
Downloading: ncbi_dataset.zip    69.3MB 15.2MB/s
[1A[2K[1A[2KCollecting 1 genome record [================================================] 100% 1/1
Downloading: ncbi_dataset.zip    69.3MB 15.2MB/s
[1A[2K[1A[2KCollecting 1 genome record [================================================] 100% 1/1
Downloading: ncbi_dataset.zip    69.3MB 15.2MB/s
[1A[2K[1A[2KCollecting 1 genome record [================================================] 100% 1/1
Downloading: ncbi_dataset.zip    69.3MB 15.2MB/s
[1A[2K[1A[2KCollecting 1 genome record [================================================] 100% 1/1
Downloading: ncbi_dataset.zip    69.3MB 15.2MB/s
[1A[2K[1A[2KCollecting 1 genome record [================================================] 100% 1/1
Downloading: ncbi_dataset.zip    69.3MB 15.2MB/s
[1A[2K[1A[2KCollecting 1 genome record [================================================] 100% 1/1
Downloading: ncbi_dataset.zip    69.3MB 15.2MB/s
[1A[2K[1A[2KCollecting 1 genome record [================================================] 100% 1/1
Downloading: ncbi_dataset.zip    69.3MB 15.2MB/s
[1A[2K[1A[2KCollecting 1 genome record [================================================] 100% 1/1
Downloading: ncbi_dataset.zip    69.3MB 15.2MB/s
[1A[2K[1A[2KCollecting 1 genome record [================================================] 100% 1/1
Downloading: ncbi_dataset.zip    69.3MB 14.8MB/s
[1A[2K[1A[2KCollecting 1 genome record [================================================] 100% 1/1
Downloading: ncbi_dataset.zip    69.7MB 14.9MB/s
[1A[2K[1A[2KCollecting 1 genome record [================================================] 100% 1/1
Downloading: ncbi_dataset.zip    70.3MB 15MB/s
[1A[2K[1A[2KCollecting 1 genome record [================================================] 100% 1/1
Downloading: ncbi_dataset.zip    70.9MB 15.1MB/s
[1A[2K[1A[2KCollecting 1 genome record [================================================] 100% 1/1
Downloading: ncbi_dataset.zip    71.6MB 15.2MB/s
[1A[2K[1A[2KCollecting 1 genome record [================================================] 100% 1/1
Downloading: ncbi_dataset.zip    72.1MB 15.3MB/s
[1A[2K[1A[2KCollecting 1 genome record [================================================] 100% 1/1
Downloading: ncbi_dataset.zip    72.6MB 15.3MB/s
[1A[2K[1A[2KCollecting 1 genome record [================================================] 100% 1/1
Downloading: ncbi_dataset.zip    72.7MB 15.3MB/s
[1A[2K[1A[2KCollecting 1 genome record [================================================] 100% 1/1
Downloading: ncbi_dataset.zip    72.7MB 15.3MB/s
[1A[2K[1A[2KCollecting 1 genome record [================================================] 100% 1/1
Downloading: ncbi_dataset.zip    72.7MB 15.3MB/s
[1A[2K[1A[2KCollecting 1 genome record [================================================] 100% 1/1
Downloading: ncbi_dataset.zip    72.7MB 15.3MB/s
[1A[2K[1A[2KCollecting 1 genome record [================================================] 100% 1/1
Downloading: ncbi_dataset.zip    72.8MB 15.2MB/s
[1A[2K[1A[2KCollecting 1 genome record [================================================] 100% 1/1
Downloading: ncbi_dataset.zip    72.8MB 15.2MB/s
[1A[2K[1A[2KCollecting 1 genome record [================================================] 100% 1/1
Downloading: ncbi_dataset.zip    72.8MB 15.2MB/s
[1A[2K[1A[2KCollecting 1 genome record [================================================] 100% 1/1
Downloading: ncbi_dataset.zip    72.8MB 15.2MB/s
[1A[2K[1A[2KCollecting 1 genome record [================================================] 100% 1/1
Downloading: ncbi_dataset.zip    72.8MB 15.2MB/s
[1A[2K[1A[2KCollecting 1 genome record [================================================] 100% 1/1
Downloading: ncbi_dataset.zip    72.8MB 15.2MB/s
[1A[2K[1A[2KCollecting 1 genome record [================================================] 100% 1/1
Downloading: ncbi_dataset.zip    72.9MB 15MB/s
[1A[2K[1A[2KCollecting 1 genome record [================================================] 100% 1/1
Downloading: ncbi_dataset.zip    73.6MB 15.1MB/s
[1A[2K[1A[2KCollecting 1 genome record [================================================] 100% 1/1
Downloading: ncbi_dataset.zip    74.2MB 15.2MB/s
[1A[2K[1A[2KCollecting 1 genome record [================================================] 100% 1/1
Downloading: ncbi_dataset.zip    74.8MB 15.3MB/s
[1A[2K[1A[2KCollecting 1 genome record [================================================] 100% 1/1
Downloading: ncbi_dataset.zip    75.5MB 15.4MB/s
[1A[2K[1A[2KCollecting 1 genome record [================================================] 100% 1/1
Downloading: ncbi_dataset.zip    75.8MB 15.5MB/s
[1A[2K[1A[2KCollecting 1 genome record [================================================] 100% 1/1
Downloading: ncbi_dataset.zip    76.4MB 15.5MB/s
[1A[2K[1A[2KCollecting 1 genome record [================================================] 100% 1/1
Downloading: ncbi_dataset.zip    76.4MB 15.5MB/s
[1A[2K[1A[2KCollecting 1 genome record [================================================] 100% 1/1
Downloading: ncbi_dataset.zip    76.4MB 15.5MB/s
[1A[2K[1A[2KCollecting 1 genome record [================================================] 100% 1/1
Downloading: ncbi_dataset.zip    76.4MB 15.5MB/s
[1A[2K[1A[2KCollecting 1 genome record [================================================] 100% 1/1
Downloading: ncbi_dataset.zip    76.4MB 15.5MB/s
[1A[2K[1A[2KCollecting 1 genome record [================================================] 100% 1/1
Downloading: ncbi_dataset.zip    76.4MB 15.5MB/s
[1A[2K[1A[2KCollecting 1 genome record [================================================] 100% 1/1
Downloading: ncbi_dataset.zip    76.4MB 15.5MB/s
[1A[2K[1A[2KCollecting 1 genome record [================================================] 100% 1/1
Downloading: ncbi_dataset.zip    76.4MB 15.5MB/s
[1A[2K[1A[2KCollecting 1 genome record [================================================] 100% 1/1
Downloading: ncbi_dataset.zip    76.4MB 15.5MB/s
[1A[2K[1A[2KCollecting 1 genome record [================================================] 100% 1/1
Downloading: ncbi_dataset.zip    76.4MB 15.5MB/s
[1A[2K[1A[2KCollecting 1 genome record [================================================] 100% 1/1
Downloading: ncbi_dataset.zip    76.4MB 15.5MB/s
[1A[2K[1A[2KCollecting 1 genome record [================================================] 100% 1/1
Downloading: ncbi_dataset.zip    76.5MB 15.2MB/s
[1A[2K[1A[2KCollecting 1 genome record [================================================] 100% 1/1
Downloading: ncbi_dataset.zip    76.5MB 15.2MB/s
[1A[2K[1A[2KCollecting 1 genome record [================================================] 100% 1/1
Downloading: ncbi_dataset.zip    77.5MB 15.4MB/s
[1A[2K[1A[2KCollecting 1 genome record [================================================] 100% 1/1
Downloading: ncbi_dataset.zip    78.3MB 15.5MB/s
[1A[2K[1A[2KCollecting 1 genome record [================================================] 100% 1/1
Downloading: ncbi_dataset.zip    79.1MB 15.6MB/s
[1A[2K[1A[2KCollecting 1 genome record [================================================] 100% 1/1
Downloading: ncbi_dataset.zip    79.6MB 15.7MB/s
[1A[2K[1A[2KCollecting 1 genome record [================================================] 100% 1/1
Downloading: ncbi_dataset.zip    79.8MB 15.7MB/s
[1A[2K[1A[2KCollecting 1 genome record [================================================] 100% 1/1
Downloading: ncbi_dataset.zip    79.8MB 15.7MB/s
[1A[2K[1A[2KCollecting 1 genome record [================================================] 100% 1/1
Downloading: ncbi_dataset.zip    79.8MB 15.7MB/s
[1A[2K[1A[2KCollecting 1 genome record [================================================] 100% 1/1
Downloading: ncbi_dataset.zip    79.8MB 15.7MB/s
[1A[2K[1A[2KCollecting 1 genome record [================================================] 100% 1/1
Downloading: ncbi_dataset.zip    79.8MB 15.7MB/s
[1A[2K[1A[2KCollecting 1 genome record [================================================] 100% 1/1
Downloading: ncbi_dataset.zip    79.8MB 15.7MB/s
[1A[2K[1A[2KCollecting 1 genome record [================================================] 100% 1/1
Downloading: ncbi_dataset.zip    79.8MB 15.7MB/s
[1A[2K[1A[2KCollecting 1 genome record [================================================] 100% 1/1
Downloading: ncbi_dataset.zip    79.8MB 15.7MB/s
[1A[2K[1A[2KCollecting 1 genome record [================================================] 100% 1/1
Downloading: ncbi_dataset.zip    79.8MB 15.7MB/s
[1A[2K[1A[2KCollecting 1 genome record [================================================] 100% 1/1
Downloading: ncbi_dataset.zip    79.8MB 15.7MB/s
[1A[2K[1A[2KCollecting 1 genome record [================================================] 100% 1/1
Downloading: ncbi_dataset.zip    79.8MB 15.7MB/s
[1A[2K[1A[2KCollecting 1 genome record [================================================] 100% 1/1
Downloading: ncbi_dataset.zip    80MB 15.4MB/s
[1A[2K[1A[2KCollecting 1 genome record [================================================] 100% 1/1
Downloading: ncbi_dataset.zip    80MB 15.4MB/s
[1A[2K[1A[2KCollecting 1 genome record [================================================] 100% 1/1
Downloading: ncbi_dataset.zip    81.7MB 15.6MB/s
[1A[2K[1A[2KCollecting 1 genome record [================================================] 100% 1/1
Downloading: ncbi_dataset.zip    82.1MB 15.7MB/s
[1A[2K[1A[2KCollecting 1 genome record [================================================] 100% 1/1
Downloading: ncbi_dataset.zip    82.1MB 15.7MB/s
[1A[2K[1A[2KCollecting 1 genome record [================================================] 100% 1/1
Downloading: ncbi_dataset.zip    82.1MB 15.7MB/s
[1A[2K[1A[2KCollecting 1 genome record [================================================] 100% 1/1
Downloading: ncbi_dataset.zip    82.1MB 15.7MB/s
[1A[2K[1A[2KCollecting 1 genome record [================================================] 100% 1/1
Downloading: ncbi_dataset.zip    82.1MB 15.7MB/s
[1A[2K[1A[2KCollecting 1 genome record [================================================] 100% 1/1
Downloading: ncbi_dataset.zip    82.1MB 15.7MB/s
[1A[2K[1A[2KCollecting 1 genome record [================================================] 100% 1/1
Downloading: ncbi_dataset.zip    82.1MB 15.7MB/s
[1A[2K[1A[2KCollecting 1 genome record [================================================] 100% 1/1
Downloading: ncbi_dataset.zip    82.1MB 15.7MB/s
[1A[2K[1A[2KCollecting 1 genome record [================================================] 100% 1/1
Downloading: ncbi_dataset.zip    82.1MB 15.7MB/s
[1A[2K[1A[2KCollecting 1 genome record [================================================] 100% 1/1
Downloading: ncbi_dataset.zip    82.1MB 15.7MB/s
[1A[2K[1A[2KCollecting 1 genome record [================================================] 100% 1/1
Downloading: ncbi_dataset.zip    82.1MB 15.7MB/s
[1A[2K[1A[2KCollecting 1 genome record [================================================] 100% 1/1
Downloading: ncbi_dataset.zip    82.1MB 15.7MB/s
[1A[2K[1A[2KCollecting 1 genome record [================================================] 100% 1/1
Downloading: ncbi_dataset.zip    82.1MB 15.7MB/s
[1A[2K[1A[2KCollecting 1 genome record [================================================] 100% 1/1
Downloading: ncbi_dataset.zip    82.1MB 15.7MB/s
[1A[2K[1A[2KCollecting 1 genome record [================================================] 100% 1/1
Downloading: ncbi_dataset.zip    82.1MB 15.7MB/s
[1A[2K[1A[2KCollecting 1 genome record [================================================] 100% 1/1
Downloading: ncbi_dataset.zip    82.3MB 15.3MB/s
[1A[2K[1A[2KCollecting 1 genome record [================================================] 100% 1/1
Downloading: ncbi_dataset.zip    82.5MB 15.3MB/s
[1A[2K[1A[2KCollecting 1 genome record [================================================] 100% 1/1
Downloading: ncbi_dataset.zip    83.3MB 15.4MB/s
[1A[2K[1A[2KCollecting 1 genome record [================================================] 100% 1/1
Downloading: ncbi_dataset.zip    83.3MB 15.4MB/s
[1A[2K[1A[2KCollecting 1 genome record [================================================] 100% 1/1
Downloading: ncbi_dataset.zip    83.8MB 15.4MB/s
[1A[2K[1A[2KCollecting 1 genome record [================================================] 100% 1/1
Downloading: ncbi_dataset.zip    84.3MB 15.5MB/s
[1A[2K[1A[2KCollecting 1 genome record [================================================] 100% 1/1
Downloading: ncbi_dataset.zip    84.3MB 15.5MB/s
[1A[2K[1A[2KCollecting 1 genome record [================================================] 100% 1/1
Downloading: ncbi_dataset.zip    84.6MB 15.5MB/s
[1A[2K[1A[2KCollecting 1 genome record [================================================] 100% 1/1
Downloading: ncbi_dataset.zip    85.5MB 15.6MB/s
[1A[2K[1A[2KCollecting 1 genome record [================================================] 100% 1/1
Downloading: ncbi_dataset.zip    85.5MB 15.6MB/s
[1A[2K[1A[2KCollecting 1 genome record [================================================] 100% 1/1
Downloading: ncbi_dataset.zip    85.5MB 15.6MB/s
[1A[2K[1A[2KCollecting 1 genome record [================================================] 100% 1/1
Downloading: ncbi_dataset.zip    85.5MB 15.6MB/s
[1A[2K[1A[2KCollecting 1 genome record [================================================] 100% 1/1
Downloading: ncbi_dataset.zip    85.5MB 15.6MB/s
[1A[2K[1A[2KCollecting 1 genome record [================================================] 100% 1/1
Downloading: ncbi_dataset.zip    85.5MB 15.6MB/s
[1A[2K[1A[2KCollecting 1 genome record [================================================] 100% 1/1
Downloading: ncbi_dataset.zip    85.5MB 15.6MB/s
[1A[2K[1A[2KCollecting 1 genome record [================================================] 100% 1/1
Downloading: ncbi_dataset.zip    85.5MB 15.6MB/s
[1A[2K[1A[2KCollecting 1 genome record [================================================] 100% 1/1
Downloading: ncbi_dataset.zip    85.5MB 15.6MB/s
[1A[2K[1A[2KCollecting 1 genome record [================================================] 100% 1/1
Downloading: ncbi_dataset.zip    85.5MB 15.6MB/s
[1A[2K[1A[2KCollecting 1 genome record [================================================] 100% 1/1
Downloading: ncbi_dataset.zip    85.5MB 15.6MB/s
[1A[2K[1A[2KCollecting 1 genome record [================================================] 100% 1/1
Downloading: ncbi_dataset.zip    85.5MB 15.6MB/s
[1A[2K[1A[2KCollecting 1 genome record [================================================] 100% 1/1
Downloading: ncbi_dataset.zip    85.5MB 15.6MB/s
[1A[2K[1A[2KCollecting 1 genome record [================================================] 100% 1/1
Downloading: ncbi_dataset.zip    86.1MB 15.4MB/s
[1A[2K[1A[2KCollecting 1 genome record [================================================] 100% 1/1
Downloading: ncbi_dataset.zip    86.9MB 15.5MB/s
[1A[2K[1A[2KCollecting 1 genome record [================================================] 100% 1/1
Downloading: ncbi_dataset.zip    87.1MB 15.5MB/s
[1A[2K[1A[2KCollecting 1 genome record [================================================] 100% 1/1
Downloading: ncbi_dataset.zip    87.5MB 15.5MB/s
[1A[2K[1A[2KCollecting 1 genome record [================================================] 100% 1/1
Downloading: ncbi_dataset.zip    87.5MB 15.5MB/s
[1A[2K[1A[2KCollecting 1 genome record [================================================] 100% 1/1
Downloading: ncbi_dataset.zip    87.5MB 15.5MB/s
[1A[2K[1A[2KCollecting 1 genome record [================================================] 100% 1/1
Downloading: ncbi_dataset.zip    87.5MB 15.5MB/s
[1A[2K[1A[2KCollecting 1 genome record [================================================] 100% 1/1
Downloading: ncbi_dataset.zip    87.5MB 15.5MB/s
[1A[2K[1A[2KCollecting 1 genome record [================================================] 100% 1/1
Downloading: ncbi_dataset.zip    87.5MB 15.5MB/s
[1A[2K[1A[2KCollecting 1 genome record [================================================] 100% 1/1
Downloading: ncbi_dataset.zip    87.5MB 15.5MB/s
[1A[2K[1A[2KCollecting 1 genome record [================================================] 100% 1/1
Downloading: ncbi_dataset.zip    87.5MB 15.5MB/s
[1A[2K[1A[2KCollecting 1 genome record [================================================] 100% 1/1
Downloading: ncbi_dataset.zip    87.5MB 15.5MB/s
[1A[2K[1A[2KCollecting 1 genome record [================================================] 100% 1/1
Downloading: ncbi_dataset.zip    87.5MB 15.5MB/s
[1A[2K[1A[2KCollecting 1 genome record [================================================] 100% 1/1
Downloading: ncbi_dataset.zip    87.5MB 15.5MB/s
[1A[2K[1A[2KCollecting 1 genome record [================================================] 100% 1/1
Downloading: ncbi_dataset.zip    87.5MB 15.5MB/s
[1A[2K[1A[2KCollecting 1 genome record [================================================] 100% 1/1
Downloading: ncbi_dataset.zip    87.5MB 15.5MB/s
[1A[2K[1A[2KCollecting 1 genome record [================================================] 100% 1/1
Downloading: ncbi_dataset.zip    87.6MB 15.2MB/s
[1A[2K[1A[2KCollecting 1 genome record [================================================] 100% 1/1
Downloading: ncbi_dataset.zip    88.3MB 15.3MB/s
[1A[2K[1A[2KCollecting 1 genome record [================================================] 100% 1/1
Downloading: ncbi_dataset.zip    88.6MB 15.3MB/s
[1A[2K[1A[2KCollecting 1 genome record [================================================] 100% 1/1
Downloading: ncbi_dataset.zip    88.7MB 15.3MB/s
[1A[2K[1A[2KCollecting 1 genome record [================================================] 100% 1/1
Downloading: ncbi_dataset.zip    89.1MB 15.4MB/s
[1A[2K[1A[2KCollecting 1 genome record [================================================] 100% 1/1
Downloading: ncbi_dataset.zip    90MB 15.5MB/s
[1A[2K[1A[2KCollecting 1 genome record [================================================] 100% 1/1
Downloading: ncbi_dataset.zip    90MB 15.5MB/s
[1A[2K[1A[2KCollecting 1 genome record [================================================] 100% 1/1
Downloading: ncbi_dataset.zip    90MB 15.5MB/s
[1A[2K[1A[2KCollecting 1 genome record [================================================] 100% 1/1
Downloading: ncbi_dataset.zip    90MB 15.5MB/s
[1A[2K[1A[2KCollecting 1 genome record [================================================] 100% 1/1
Downloading: ncbi_dataset.zip    90MB 15.5MB/s
[1A[2K[1A[2KCollecting 1 genome record [================================================] 100% 1/1
Downloading: ncbi_dataset.zip    90MB 15.5MB/s
[1A[2K[1A[2KCollecting 1 genome record [================================================] 100% 1/1
Downloading: ncbi_dataset.zip    90MB 15.5MB/s
[1A[2K[1A[2KCollecting 1 genome record [================================================] 100% 1/1
Downloading: ncbi_dataset.zip    90MB 15.5MB/s
[1A[2K[1A[2KCollecting 1 genome record [================================================] 100% 1/1
Downloading: ncbi_dataset.zip    90MB 15.5MB/s
[1A[2K[1A[2KCollecting 1 genome record [================================================] 100% 1/1
Downloading: ncbi_dataset.zip    90MB 15.5MB/s
[1A[2K[1A[2KCollecting 1 genome record [================================================] 100% 1/1
Downloading: ncbi_dataset.zip    90MB 15.5MB/s
[1A[2K[1A[2KCollecting 1 genome record [================================================] 100% 1/1
Downloading: ncbi_dataset.zip    90MB 15.5MB/s
[1A[2K[1A[2KCollecting 1 genome record [================================================] 100% 1/1
Downloading: ncbi_dataset.zip    90.3MB 15.2MB/s
[1A[2K[1A[2KCollecting 1 genome record [================================================] 100% 1/1
Downloading: ncbi_dataset.zip    91MB 15.3MB/s
[1A[2K[1A[2KCollecting 1 genome record [================================================] 100% 1/1
Downloading: ncbi_dataset.zip    91.6MB 15.4MB/s
[1A[2K[1A[2KCollecting 1 genome record [================================================] 100% 1/1
Downloading: ncbi_dataset.zip    92.3MB 15.4MB/s
[1A[2K[1A[2KCollecting 1 genome record [================================================] 100% 1/1
Downloading: ncbi_dataset.zip    92.5MB 15.5MB/s
[1A[2K[1A[2KCollecting 1 genome record [================================================] 100% 1/1
Downloading: ncbi_dataset.zip    92.5MB 15.5MB/s
[1A[2K[1A[2KCollecting 1 genome record [================================================] 100% 1/1
Downloading: ncbi_dataset.zip    92.5MB 15.5MB/s
[1A[2K[1A[2KCollecting 1 genome record [================================================] 100% 1/1
Downloading: ncbi_dataset.zip    92.5MB 15.5MB/s
[1A[2K[1A[2KCollecting 1 genome record [================================================] 100% 1/1
Downloading: ncbi_dataset.zip    92.5MB 15.5MB/s
[1A[2K[1A[2KCollecting 1 genome record [================================================] 100% 1/1
Downloading: ncbi_dataset.zip    92.5MB 15.5MB/s
[1A[2K[1A[2KCollecting 1 genome record [================================================] 100% 1/1
Downloading: ncbi_dataset.zip    92.5MB 15.5MB/s
[1A[2K[1A[2KCollecting 1 genome record [================================================] 100% 1/1
Downloading: ncbi_dataset.zip    92.5MB 15.5MB/s
[1A[2K[1A[2KCollecting 1 genome record [================================================] 100% 1/1
Downloading: ncbi_dataset.zip    92.5MB 15.5MB/s
[1A[2K[1A[2KCollecting 1 genome record [================================================] 100% 1/1
Downloading: ncbi_dataset.zip    92.5MB 15.5MB/s
[1A[2K[1A[2KCollecting 1 genome record [================================================] 100% 1/1
Downloading: ncbi_dataset.zip    92.5MB 15.5MB/s
[1A[2K[1A[2KCollecting 1 genome record [================================================] 100% 1/1
Downloading: ncbi_dataset.zip    92.5MB 15.5MB/s
[1A[2K[1A[2KCollecting 1 genome record [================================================] 100% 1/1
Downloading: ncbi_dataset.zip    92.5MB 15.5MB/s
[1A[2K[1A[2KCollecting 1 genome record [================================================] 100% 1/1
Downloading: ncbi_dataset.zip    92.9MB 15.2MB/s
[1A[2K[1A[2KCollecting 1 genome record [================================================] 100% 1/1
Downloading: ncbi_dataset.zip    93.7MB 15.3MB/s
[1A[2K[1A[2KCollecting 1 genome record [================================================] 100% 1/1
Downloading: ncbi_dataset.zip    94.4MB 15.4MB/s
[1A[2K[1A[2KCollecting 1 genome record [================================================] 100% 1/1
Downloading: ncbi_dataset.zip    95MB 15.5MB/s
[1A[2K[1A[2KCollecting 1 genome record [================================================] 100% 1/1
Downloading: ncbi_dataset.zip    95MB 15.5MB/s
[1A[2K[1A[2KCollecting 1 genome record [================================================] 100% 1/1
Downloading: ncbi_dataset.zip    95MB 15.5MB/s
[1A[2K[1A[2KCollecting 1 genome record [================================================] 100% 1/1
Downloading: ncbi_dataset.zip    95MB 15.5MB/s
[1A[2K[1A[2KCollecting 1 genome record [================================================] 100% 1/1
Downloading: ncbi_dataset.zip    95MB 15.5MB/s
[1A[2K[1A[2KCollecting 1 genome record [================================================] 100% 1/1
Downloading: ncbi_dataset.zip    95MB 15.5MB/s
[1A[2K[1A[2KCollecting 1 genome record [================================================] 100% 1/1
Downloading: ncbi_dataset.zip    95MB 15.5MB/s
[1A[2K[1A[2KCollecting 1 genome record [================================================] 100% 1/1
Downloading: ncbi_dataset.zip    95MB 15.5MB/s
[1A[2K[1A[2KCollecting 1 genome record [================================================] 100% 1/1
Downloading: ncbi_dataset.zip    95MB 15.5MB/s
[1A[2K[1A[2KCollecting 1 genome record [================================================] 100% 1/1
Downloading: ncbi_dataset.zip    95MB 15.5MB/s
[1A[2K[1A[2KCollecting 1 genome record [================================================] 100% 1/1
Downloading: ncbi_dataset.zip    95MB 15.5MB/s
[1A[2K[1A[2KCollecting 1 genome record [================================================] 100% 1/1
Downloading: ncbi_dataset.zip    95MB 15.5MB/s
[1A[2K[1A[2KCollecting 1 genome record [================================================] 100% 1/1
Downloading: ncbi_dataset.zip    95MB 15.5MB/s
[1A[2K[1A[2KCollecting 1 genome record [================================================] 100% 1/1
Downloading: ncbi_dataset.zip    95MB 15.5MB/s
[1A[2K[1A[2KCollecting 1 genome record [================================================] 100% 1/1
Downloading: ncbi_dataset.zip    95.6MB 15.2MB/s
[1A[2K[1A[2KCollecting 1 genome record [================================================] 100% 1/1
Downloading: ncbi_dataset.zip    96.3MB 15.3MB/s
[1A[2K[1A[2KCollecting 1 genome record [================================================] 100% 1/1
Downloading: ncbi_dataset.zip    96.6MB 15.3MB/s
[1A[2K[1A[2KCollecting 1 genome record [================================================] 100% 1/1
Downloading: ncbi_dataset.zip    96.9MB 15.3MB/s
[1A[2K[1A[2KCollecting 1 genome record [================================================] 100% 1/1
Downloading: ncbi_dataset.zip    97.4MB 15.4MB/s
[1A[2K[1A[2KCollecting 1 genome record [================================================] 100% 1/1
Downloading: ncbi_dataset.zip    97.4MB 15.4MB/s
[1A[2K[1A[2KCollecting 1 genome record [================================================] 100% 1/1
Downloading: ncbi_dataset.zip    97.4MB 15.4MB/s
[1A[2K[1A[2KCollecting 1 genome record [================================================] 100% 1/1
Downloading: ncbi_dataset.zip    97.4MB 15.4MB/s
[1A[2K[1A[2KCollecting 1 genome record [================================================] 100% 1/1
Downloading: ncbi_dataset.zip    97.4MB 15.4MB/s
[1A[2K[1A[2KCollecting 1 genome record [================================================] 100% 1/1
Downloading: ncbi_dataset.zip    97.4MB 15.4MB/s
[1A[2K[1A[2KCollecting 1 genome record [================================================] 100% 1/1
Downloading: ncbi_dataset.zip    97.4MB 15.4MB/s
[1A[2K[1A[2KCollecting 1 genome record [================================================] 100% 1/1
Downloading: ncbi_dataset.zip    97.4MB 15.4MB/s
[1A[2K[1A[2KCollecting 1 genome record [================================================] 100% 1/1
Downloading: ncbi_dataset.zip    97.4MB 15.4MB/s
[1A[2K[1A[2KCollecting 1 genome record [================================================] 100% 1/1
Downloading: ncbi_dataset.zip    97.4MB 15.4MB/s
[1A[2K[1A[2KCollecting 1 genome record [================================================] 100% 1/1
Downloading: ncbi_dataset.zip    97.4MB 15.4MB/s
[1A[2K[1A[2KCollecting 1 genome record [================================================] 100% 1/1
Downloading: ncbi_dataset.zip    97.4MB 15.4MB/s
[1A[2K[1A[2KCollecting 1 genome record [================================================] 100% 1/1
Downloading: ncbi_dataset.zip    97.5MB 15.1MB/s
[1A[2K[1A[2KCollecting 1 genome record [================================================] 100% 1/1
Downloading: ncbi_dataset.zip    97.6MB 15.1MB/s
[1A[2K[1A[2KCollecting 1 genome record [================================================] 100% 1/1
Downloading: ncbi_dataset.zip    98.1MB 15.1MB/s
[1A[2K[1A[2KCollecting 1 genome record [================================================] 100% 1/1
Downloading: ncbi_dataset.zip    98.7MB 15.2MB/s
[1A[2K[1A[2KCollecting 1 genome record [================================================] 100% 1/1
Downloading: ncbi_dataset.zip    98.7MB 15.2MB/s
[1A[2K[1A[2KCollecting 1 genome record [================================================] 100% 1/1
Downloading: ncbi_dataset.zip    98.7MB 15.2MB/s
[1A[2K[1A[2KCollecting 1 genome record [================================================] 100% 1/1
Downloading: ncbi_dataset.zip    98.7MB 15.2MB/s
[1A[2K[1A[2KCollecting 1 genome record [================================================] 100% 1/1
Downloading: ncbi_dataset.zip    98.7MB 15.2MB/s
[1A[2K[1A[2KCollecting 1 genome record [================================================] 100% 1/1
Downloading: ncbi_dataset.zip    98.7MB 15.2MB/s
[1A[2K[1A[2KCollecting 1 genome record [================================================] 100% 1/1
Downloading: ncbi_dataset.zip    98.7MB 15.2MB/s
[1A[2K[1A[2KCollecting 1 genome record [================================================] 100% 1/1
Downloading: ncbi_dataset.zip    98.7MB 15.2MB/s
[1A[2K[1A[2KCollecting 1 genome record [================================================] 100% 1/1
Downloading: ncbi_dataset.zip    98.7MB 15.2MB/s
[1A[2K[1A[2KCollecting 1 genome record [================================================] 100% 1/1
Downloading: ncbi_dataset.zip    98.7MB 15.2MB/s
[1A[2K[1A[2KCollecting 1 genome record [================================================] 100% 1/1
Downloading: ncbi_dataset.zip    98.7MB 15.2MB/s
[1A[2K[1A[2KCollecting 1 genome record [================================================] 100% 1/1
Downloading: ncbi_dataset.zip    98.7MB 15.2MB/s
[1A[2K[1A[2KCollecting 1 genome record [================================================] 100% 1/1
Downloading: ncbi_dataset.zip    98.7MB 15.2MB/s
[1A[2K[1A[2KCollecting 1 genome record [================================================] 100% 1/1
Downloading: ncbi_dataset.zip    98.7MB 15.2MB/s
[1A[2K[1A[2KCollecting 1 genome record [================================================] 100% 1/1
Downloading: ncbi_dataset.zip    98.8MB 14.9MB/s
[1A[2K[1A[2KCollecting 1 genome record [================================================] 100% 1/1
Downloading: ncbi_dataset.zip    99.4MB 15MB/s
[1A[2K[1A[2KCollecting 1 genome record [================================================] 100% 1/1
Downloading: ncbi_dataset.zip    99.9MB 15MB/s
[1A[2K[1A[2KCollecting 1 genome record [================================================] 100% 1/1
Downloading: ncbi_dataset.zip    100MB 15.1MB/s
[1A[2K[1A[2KCollecting 1 genome record [================================================] 100% 1/1
Downloading: ncbi_dataset.zip    101MB 15.1MB/s
[1A[2K[1A[2KCollecting 1 genome record [================================================] 100% 1/1
Downloading: ncbi_dataset.zip    102MB 15.2MB/s
[1A[2K[1A[2KCollecting 1 genome record [================================================] 100% 1/1
Downloading: ncbi_dataset.zip    102MB 15.2MB/s
[1A[2K[1A[2KCollecting 1 genome record [================================================] 100% 1/1
Downloading: ncbi_dataset.zip    102MB 15.2MB/s
[1A[2K[1A[2KCollecting 1 genome record [================================================] 100% 1/1
Downloading: ncbi_dataset.zip    102MB 15.2MB/s
[1A[2K[1A[2KCollecting 1 genome record [================================================] 100% 1/1
Downloading: ncbi_dataset.zip    102MB 15.2MB/s
[1A[2K[1A[2KCollecting 1 genome record [================================================] 100% 1/1
Downloading: ncbi_dataset.zip    102MB 15.2MB/s
[1A[2K[1A[2KCollecting 1 genome record [================================================] 100% 1/1
Downloading: ncbi_dataset.zip    102MB 15.2MB/s
[1A[2K[1A[2KCollecting 1 genome record [================================================] 100% 1/1
Downloading: ncbi_dataset.zip    102MB 15.2MB/s
[1A[2K[1A[2KCollecting 1 genome record [================================================] 100% 1/1
Downloading: ncbi_dataset.zip    102MB 15.2MB/s
[1A[2K[1A[2KCollecting 1 genome record [================================================] 100% 1/1
Downloading: ncbi_dataset.zip    102MB 15.2MB/s
[1A[2K[1A[2KCollecting 1 genome record [================================================] 100% 1/1
Downloading: ncbi_dataset.zip    102MB 15.2MB/s
[1A[2K[1A[2KCollecting 1 genome record [================================================] 100% 1/1
Downloading: ncbi_dataset.zip    102MB 15.2MB/s
[1A[2K[1A[2KCollecting 1 genome record [================================================] 100% 1/1
Downloading: ncbi_dataset.zip    102MB 15MB/s
[1A[2K[1A[2KCollecting 1 genome record [================================================] 100% 1/1
Downloading: ncbi_dataset.zip    102MB 15MB/s
[1A[2K[1A[2KCollecting 1 genome record [================================================] 100% 1/1
Downloading: ncbi_dataset.zip    103MB 15.1MB/s
[1A[2K[1A[2KCollecting 1 genome record [================================================] 100% 1/1
Downloading: ncbi_dataset.zip    104MB 15.2MB/s
[1A[2K[1A[2KCollecting 1 genome record [================================================] 100% 1/1
Downloading: ncbi_dataset.zip    104MB 15.3MB/s
[1A[2K[1A[2KCollecting 1 genome record [================================================] 100% 1/1
Downloading: ncbi_dataset.zip    105MB 15.3MB/s
[1A[2K[1A[2KCollecting 1 genome record [================================================] 100% 1/1
Downloading: ncbi_dataset.zip    105MB 15.4MB/s
[1A[2K[1A[2KCollecting 1 genome record [================================================] 100% 1/1
Downloading: ncbi_dataset.zip    105MB 15.4MB/s
[1A[2K[1A[2KCollecting 1 genome record [================================================] 100% 1/1
Downloading: ncbi_dataset.zip    105MB 15.4MB/s
[1A[2K[1A[2KCollecting 1 genome record [================================================] 100% 1/1
Downloading: ncbi_dataset.zip    105MB 15.4MB/s
[1A[2K[1A[2KCollecting 1 genome record [================================================] 100% 1/1
Downloading: ncbi_dataset.zip    105MB 15.4MB/s
[1A[2K[1A[2KCollecting 1 genome record [================================================] 100% 1/1
Downloading: ncbi_dataset.zip    105MB 15.4MB/s
[1A[2K[1A[2KCollecting 1 genome record [================================================] 100% 1/1
Downloading: ncbi_dataset.zip    105MB 15.4MB/s
[1A[2K[1A[2KCollecting 1 genome record [================================================] 100% 1/1
Downloading: ncbi_dataset.zip    105MB 15.4MB/s
[1A[2K[1A[2KCollecting 1 genome record [================================================] 100% 1/1
Downloading: ncbi_dataset.zip    105MB 15.4MB/s
[1A[2K[1A[2KCollecting 1 genome record [================================================] 100% 1/1
Downloading: ncbi_dataset.zip    105MB 15.4MB/s
[1A[2K[1A[2KCollecting 1 genome record [================================================] 100% 1/1
Downloading: ncbi_dataset.zip    105MB 15.4MB/s
[1A[2K[1A[2KCollecting 1 genome record [================================================] 100% 1/1
Downloading: ncbi_dataset.zip    105MB 15.1MB/s
[1A[2K[1A[2KCollecting 1 genome record [================================================] 100% 1/1
Downloading: ncbi_dataset.zip    106MB 15.2MB/s
[1A[2K[1A[2KCollecting 1 genome record [================================================] 100% 1/1
Downloading: ncbi_dataset.zip    107MB 15.3MB/s
[1A[2K[1A[2KCollecting 1 genome record [================================================] 100% 1/1
Downloading: ncbi_dataset.zip    108MB 15.3MB/s
[1A[2K[1A[2KCollecting 1 genome record [================================================] 100% 1/1
Downloading: ncbi_dataset.zip    108MB 15.4MB/s
[1A[2K[1A[2KCollecting 1 genome record [================================================] 100% 1/1
Downloading: ncbi_dataset.zip    108MB 15.4MB/s
[1A[2K[1A[2KCollecting 1 genome record [================================================] 100% 1/1
Downloading: ncbi_dataset.zip    108MB 15.4MB/s
[1A[2K[1A[2KCollecting 1 genome record [================================================] 100% 1/1
Downloading: ncbi_dataset.zip    108MB 15.4MB/s
[1A[2K[1A[2KCollecting 1 genome record [================================================] 100% 1/1
Downloading: ncbi_dataset.zip    108MB 15.4MB/s
[1A[2K[1A[2KCollecting 1 genome record [================================================] 100% 1/1
Downloading: ncbi_dataset.zip    108MB 15.4MB/s
[1A[2K[1A[2KCollecting 1 genome record [================================================] 100% 1/1
Downloading: ncbi_dataset.zip    108MB 15.4MB/s
[1A[2K[1A[2KCollecting 1 genome record [================================================] 100% 1/1
Downloading: ncbi_dataset.zip    108MB 15.4MB/s
[1A[2K[1A[2KCollecting 1 genome record [================================================] 100% 1/1
Downloading: ncbi_dataset.zip    108MB 15.4MB/s
[1A[2K[1A[2KCollecting 1 genome record [================================================] 100% 1/1
Downloading: ncbi_dataset.zip    108MB 15.4MB/s
[1A[2K[1A[2KCollecting 1 genome record [================================================] 100% 1/1
Downloading: ncbi_dataset.zip    108MB 15.4MB/s
[1A[2K[1A[2KCollecting 1 genome record [================================================] 100% 1/1
Downloading: ncbi_dataset.zip    108MB 15.4MB/s
[1A[2K[1A[2KCollecting 1 genome record [================================================] 100% 1/1
Downloading: ncbi_dataset.zip    108MB 15.4MB/s
[1A[2K[1A[2KCollecting 1 genome record [================================================] 100% 1/1
Downloading: ncbi_dataset.zip    108MB 15.1MB/s
[1A[2K[1A[2KCollecting 1 genome record [================================================] 100% 1/1
Downloading: ncbi_dataset.zip    109MB 15.2MB/s
[1A[2K[1A[2KCollecting 1 genome record [================================================] 100% 1/1
Downloading: ncbi_dataset.zip    109MB 15.2MB/s
[1A[2K[1A[2KCollecting 1 genome record [================================================] 100% 1/1
Downloading: ncbi_dataset.zip    110MB 15.3MB/s
[1A[2K[1A[2KCollecting 1 genome record [================================================] 100% 1/1
Downloading: ncbi_dataset.zip    110MB 15.3MB/s
[1A[2K[1A[2KCollecting 1 genome record [================================================] 100% 1/1
Downloading: ncbi_dataset.zip    111MB 15.4MB/s
[1A[2K[1A[2KCollecting 1 genome record [================================================] 100% 1/1
Downloading: ncbi_dataset.zip    111MB 15.4MB/s
[1A[2K[1A[2KCollecting 1 genome record [================================================] 100% 1/1
Downloading: ncbi_dataset.zip    111MB 15.4MB/s
[1A[2K[1A[2KCollecting 1 genome record [================================================] 100% 1/1
Downloading: ncbi_dataset.zip    111MB 15.4MB/s
[1A[2K[1A[2KCollecting 1 genome record [================================================] 100% 1/1
Downloading: ncbi_dataset.zip    111MB 15.4MB/s
[1A[2K[1A[2KCollecting 1 genome record [================================================] 100% 1/1
Downloading: ncbi_dataset.zip    111MB 15.4MB/s
[1A[2K[1A[2KCollecting 1 genome record [================================================] 100% 1/1
Downloading: ncbi_dataset.zip    111MB 15.4MB/s
[1A[2K[1A[2KCollecting 1 genome record [================================================] 100% 1/1
Downloading: ncbi_dataset.zip    111MB 15.4MB/s
[1A[2K[1A[2KCollecting 1 genome record [================================================] 100% 1/1
Downloading: ncbi_dataset.zip    111MB 15.4MB/s
[1A[2K[1A[2KCollecting 1 genome record [================================================] 100% 1/1
Downloading: ncbi_dataset.zip    111MB 15.4MB/s
[1A[2K[1A[2KCollecting 1 genome record [================================================] 100% 1/1
Downloading: ncbi_dataset.zip    111MB 15.4MB/s
[1A[2K[1A[2KCollecting 1 genome record [================================================] 100% 1/1
Downloading: ncbi_dataset.zip    111MB 15.4MB/s
[1A[2K[1A[2KCollecting 1 genome record [================================================] 100% 1/1
Downloading: ncbi_dataset.zip    111MB 15.2MB/s
[1A[2K[1A[2KCollecting 1 genome record [================================================] 100% 1/1
Downloading: ncbi_dataset.zip    112MB 15.2MB/s
[1A[2K[1A[2KCollecting 1 genome record [================================================] 100% 1/1
Downloading: ncbi_dataset.zip    112MB 15.3MB/s
[1A[2K[1A[2KCollecting 1 genome record [================================================] 100% 1/1
Downloading: ncbi_dataset.zip    113MB 15.4MB/s
[1A[2K[1A[2KCollecting 1 genome record [================================================] 100% 1/1
Downloading: ncbi_dataset.zip    114MB 15.4MB/s
[1A[2K[1A[2KCollecting 1 genome record [================================================] 100% 1/1
Downloading: ncbi_dataset.zip    114MB 15.4MB/s
[1A[2K[1A[2KCollecting 1 genome record [================================================] 100% 1/1
Downloading: ncbi_dataset.zip    114MB 15.4MB/s
[1A[2K[1A[2KCollecting 1 genome record [================================================] 100% 1/1
Downloading: ncbi_dataset.zip    114MB 15.4MB/s
[1A[2K[1A[2KCollecting 1 genome record [================================================] 100% 1/1
Downloading: ncbi_dataset.zip    114MB 15.4MB/s
[1A[2K[1A[2KCollecting 1 genome record [================================================] 100% 1/1
Downloading: ncbi_dataset.zip    114MB 15.4MB/s
[1A[2K[1A[2KCollecting 1 genome record [================================================] 100% 1/1
Downloading: ncbi_dataset.zip    114MB 15.4MB/s
[1A[2K[1A[2KCollecting 1 genome record [================================================] 100% 1/1
Downloading: ncbi_dataset.zip    114MB 15.4MB/s
[1A[2K[1A[2KCollecting 1 genome record [================================================] 100% 1/1
Downloading: ncbi_dataset.zip    114MB 15.4MB/s
[1A[2K[1A[2KCollecting 1 genome record [================================================] 100% 1/1
Downloading: ncbi_dataset.zip    114MB 15.4MB/s
[1A[2K[1A[2KCollecting 1 genome record [================================================] 100% 1/1
Downloading: ncbi_dataset.zip    114MB 15.4MB/s
[1A[2K[1A[2KCollecting 1 genome record [================================================] 100% 1/1
Downloading: ncbi_dataset.zip    114MB 15.4MB/s
[1A[2K[1A[2KCollecting 1 genome record [================================================] 100% 1/1
Downloading: ncbi_dataset.zip    114MB 15.4MB/s
[1A[2K[1A[2KCollecting 1 genome record [================================================] 100% 1/1
Downloading: ncbi_dataset.zip    114MB 15.2MB/s
[1A[2K[1A[2KCollecting 1 genome record [================================================] 100% 1/1
Downloading: ncbi_dataset.zip    115MB 15.3MB/s
[1A[2K[1A[2KCollecting 1 genome record [================================================] 100% 1/1
Downloading: ncbi_dataset.zip    115MB 15.3MB/s
[1A[2K[1A[2KCollecting 1 genome record [================================================] 100% 1/1
Downloading: ncbi_dataset.zip    116MB 15.4MB/s
[1A[2K[1A[2KCollecting 1 genome record [================================================] 100% 1/1
Downloading: ncbi_dataset.zip    116MB 15.4MB/s
[1A[2K[1A[2KCollecting 1 genome record [================================================] 100% 1/1
Downloading: ncbi_dataset.zip    116MB 15.4MB/s
[1A[2K[1A[2KCollecting 1 genome record [================================================] 100% 1/1
Downloading: ncbi_dataset.zip    116MB 15.4MB/s
[1A[2K[1A[2KCollecting 1 genome record [================================================] 100% 1/1
Downloading: ncbi_dataset.zip    116MB 15.4MB/s
[1A[2K[1A[2KCollecting 1 genome record [================================================] 100% 1/1
Downloading: ncbi_dataset.zip    116MB 15.4MB/s
[1A[2K[1A[2KCollecting 1 genome record [================================================] 100% 1/1
Downloading: ncbi_dataset.zip    116MB 15.4MB/s
[1A[2K[1A[2KCollecting 1 genome record [================================================] 100% 1/1
Downloading: ncbi_dataset.zip    116MB 15.4MB/s
[1A[2K[1A[2KCollecting 1 genome record [================================================] 100% 1/1
Downloading: ncbi_dataset.zip    116MB 15.4MB/s
[1A[2K[1A[2KCollecting 1 genome record [================================================] 100% 1/1
Downloading: ncbi_dataset.zip    116MB 15.4MB/s
[1A[2K[1A[2KCollecting 1 genome record [================================================] 100% 1/1
Downloading: ncbi_dataset.zip    116MB 15.4MB/s
[1A[2K[1A[2KCollecting 1 genome record [================================================] 100% 1/1
Downloading: ncbi_dataset.zip    116MB 15.4MB/s
[1A[2K[1A[2KCollecting 1 genome record [================================================] 100% 1/1
Downloading: ncbi_dataset.zip    116MB 15.4MB/s
[1A[2K[1A[2KCollecting 1 genome record [================================================] 100% 1/1
Downloading: ncbi_dataset.zip    116MB 15.4MB/s
[1A[2K[1A[2KCollecting 1 genome record [================================================] 100% 1/1
Downloading: ncbi_dataset.zip    116MB 15.1MB/s
[1A[2K[1A[2KCollecting 1 genome record [================================================] 100% 1/1
Downloading: ncbi_dataset.zip    117MB 15.2MB/s
[1A[2K[1A[2KCollecting 1 genome record [================================================] 100% 1/1
Downloading: ncbi_dataset.zip    118MB 15.3MB/s
[1A[2K[1A[2KCollecting 1 genome record [================================================] 100% 1/1
Downloading: ncbi_dataset.zip    118MB 15.3MB/s
[1A[2K[1A[2KCollecting 1 genome record [================================================] 100% 1/1
Downloading: ncbi_dataset.zip    119MB 15.4MB/s
[1A[2K[1A[2KCollecting 1 genome record [================================================] 100% 1/1
Downloading: ncbi_dataset.zip    119MB 15.5MB/s
[1A[2K[1A[2KCollecting 1 genome record [================================================] 100% 1/1
Downloading: ncbi_dataset.zip    119MB 15.5MB/s
[1A[2K[1A[2KCollecting 1 genome record [================================================] 100% 1/1
Downloading: ncbi_dataset.zip    119MB 15.5MB/s
[1A[2K[1A[2KCollecting 1 genome record [================================================] 100% 1/1
Downloading: ncbi_dataset.zip    119MB 15.5MB/s
[1A[2K[1A[2KCollecting 1 genome record [================================================] 100% 1/1
Downloading: ncbi_dataset.zip    119MB 15.5MB/s
[1A[2K[1A[2KCollecting 1 genome record [================================================] 100% 1/1
Downloading: ncbi_dataset.zip    119MB 15.5MB/s
[1A[2K[1A[2KCollecting 1 genome record [================================================] 100% 1/1
Downloading: ncbi_dataset.zip    119MB 15.5MB/s
[1A[2K[1A[2KCollecting 1 genome record [================================================] 100% 1/1
Downloading: ncbi_dataset.zip    119MB 15.5MB/s
[1A[2K[1A[2KCollecting 1 genome record [================================================] 100% 1/1
Downloading: ncbi_dataset.zip    119MB 15.5MB/s
[1A[2K[1A[2KCollecting 1 genome record [================================================] 100% 1/1
Downloading: ncbi_dataset.zip    119MB 15.5MB/s
[1A[2K[1A[2KCollecting 1 genome record [================================================] 100% 1/1
Downloading: ncbi_dataset.zip    119MB 15.5MB/s
[1A[2K[1A[2KCollecting 1 genome record [================================================] 100% 1/1
Downloading: ncbi_dataset.zip    119MB 15.5MB/s
[1A[2K[1A[2KCollecting 1 genome record [================================================] 100% 1/1
Downloading: ncbi_dataset.zip    120MB 15.2MB/s
[1A[2K[1A[2KCollecting 1 genome record [================================================] 100% 1/1
Downloading: ncbi_dataset.zip    120MB 15.3MB/s
[1A[2K[1A[2KCollecting 1 genome record [================================================] 100% 1/1
Downloading: ncbi_dataset.zip    121MB 15.4MB/s
[1A[2K[1A[2KCollecting 1 genome record [================================================] 100% 1/1
Downloading: ncbi_dataset.zip    122MB 15.4MB/s
[1A[2K[1A[2KCollecting 1 genome record [================================================] 100% 1/1
Downloading: ncbi_dataset.zip    122MB 15.5MB/s
[1A[2K[1A[2KCollecting 1 genome record [================================================] 100% 1/1
Downloading: ncbi_dataset.zip    122MB 15.5MB/s
[1A[2K[1A[2KCollecting 1 genome record [================================================] 100% 1/1
Downloading: ncbi_dataset.zip    122MB 15.5MB/s
[1A[2K[1A[2KCollecting 1 genome record [================================================] 100% 1/1
Downloading: ncbi_dataset.zip    122MB 15.5MB/s
[1A[2K[1A[2KCollecting 1 genome record [================================================] 100% 1/1
Downloading: ncbi_dataset.zip    122MB 15.5MB/s
[1A[2K[1A[2KCollecting 1 genome record [================================================] 100% 1/1
Downloading: ncbi_dataset.zip    122MB 15.5MB/s
[1A[2K[1A[2KCollecting 1 genome record [================================================] 100% 1/1
Downloading: ncbi_dataset.zip    122MB 15.5MB/s
[1A[2K[1A[2KCollecting 1 genome record [================================================] 100% 1/1
Downloading: ncbi_dataset.zip    122MB 15.5MB/s
[1A[2K[1A[2KCollecting 1 genome record [================================================] 100% 1/1
Downloading: ncbi_dataset.zip    122MB 15.5MB/s
[1A[2K[1A[2KCollecting 1 genome record [================================================] 100% 1/1
Downloading: ncbi_dataset.zip    122MB 15.5MB/s
[1A[2K[1A[2KCollecting 1 genome record [================================================] 100% 1/1
Downloading: ncbi_dataset.zip    122MB 15.5MB/s
[1A[2K[1A[2KCollecting 1 genome record [================================================] 100% 1/1
Downloading: ncbi_dataset.zip    122MB 15.5MB/s
[1A[2K[1A[2KCollecting 1 genome record [================================================] 100% 1/1
Downloading: ncbi_dataset.zip    122MB 15.5MB/s
[1A[2K[1A[2KCollecting 1 genome record [================================================] 100% 1/1
Downloading: ncbi_dataset.zip    122MB 15.2MB/s
[1A[2K[1A[2KCollecting 1 genome record [================================================] 100% 1/1
Downloading: ncbi_dataset.zip    123MB 15.3MB/s
[1A[2K[1A[2KCollecting 1 genome record [================================================] 100% 1/1
Downloading: ncbi_dataset.zip    124MB 15.4MB/s
[1A[2K[1A[2KCollecting 1 genome record [================================================] 100% 1/1
Downloading: ncbi_dataset.zip    124MB 15.4MB/s
[1A[2K[1A[2KCollecting 1 genome record [================================================] 100% 1/1
Downloading: ncbi_dataset.zip    124MB 15.4MB/s
[1A[2K[1A[2KCollecting 1 genome record [================================================] 100% 1/1
Downloading: ncbi_dataset.zip    124MB 15.4MB/s
[1A[2K[1A[2KCollecting 1 genome record [================================================] 100% 1/1
Downloading: ncbi_dataset.zip    124MB 15.4MB/s
[1A[2K[1A[2KCollecting 1 genome record [================================================] 100% 1/1
Downloading: ncbi_dataset.zip    124MB 15.4MB/s
[1A[2K[1A[2KCollecting 1 genome record [================================================] 100% 1/1
Downloading: ncbi_dataset.zip    124MB 15.4MB/s
[1A[2K[1A[2KCollecting 1 genome record [================================================] 100% 1/1
Downloading: ncbi_dataset.zip    124MB 15.4MB/s
[1A[2K[1A[2KCollecting 1 genome record [================================================] 100% 1/1
Downloading: ncbi_dataset.zip    124MB 15.4MB/s
[1A[2K[1A[2KCollecting 1 genome record [================================================] 100% 1/1
Downloading: ncbi_dataset.zip    124MB 15.4MB/s
[1A[2K[1A[2KCollecting 1 genome record [================================================] 100% 1/1
Downloading: ncbi_dataset.zip    124MB 15.4MB/s
[1A[2K[1A[2KCollecting 1 genome record [================================================] 100% 1/1
Downloading: ncbi_dataset.zip    124MB 15.4MB/s
[1A[2K[1A[2KCollecting 1 genome record [================================================] 100% 1/1
Downloading: ncbi_dataset.zip    124MB 15.4MB/s
[1A[2K[1A[2KCollecting 1 genome record [================================================] 100% 1/1
Downloading: ncbi_dataset.zip    124MB 15.4MB/s
[1A[2K[1A[2KCollecting 1 genome record [================================================] 100% 1/1
Downloading: ncbi_dataset.zip    124MB 15.4MB/s
[1A[2K[1A[2KCollecting 1 genome record [================================================] 100% 1/1
Downloading: ncbi_dataset.zip    125MB 15.3MB/s
[1A[2K[1A[2KCollecting 1 genome record [================================================] 100% 1/1
Downloading: ncbi_dataset.zip    126MB 15.3MB/s
[1A[2K[1A[2KCollecting 1 genome record [================================================] 100% 1/1
Downloading: ncbi_dataset.zip    126MB 15.3MB/s
[1A[2K[1A[2KCollecting 1 genome record [================================================] 100% 1/1
Downloading: ncbi_dataset.zip    126MB 15.3MB/s
[1A[2K[1A[2KCollecting 1 genome record [================================================] 100% 1/1
Downloading: ncbi_dataset.zip    127MB 15.4MB/s
[1A[2K[1A[2KCollecting 1 genome record [================================================] 100% 1/1
Downloading: ncbi_dataset.zip    127MB 15.4MB/s
[1A[2K[1A[2KCollecting 1 genome record [================================================] 100% 1/1
Downloading: ncbi_dataset.zip    127MB 15.4MB/s
[1A[2K[1A[2KCollecting 1 genome record [================================================] 100% 1/1
Downloading: ncbi_dataset.zip    127MB 15.4MB/s
[1A[2K[1A[2KCollecting 1 genome record [================================================] 100% 1/1
Downloading: ncbi_dataset.zip    127MB 15.4MB/s
[1A[2K[1A[2KCollecting 1 genome record [================================================] 100% 1/1
Downloading: ncbi_dataset.zip    127MB 15.4MB/s
[1A[2K[1A[2KCollecting 1 genome record [================================================] 100% 1/1
Downloading: ncbi_dataset.zip    127MB 15.4MB/s
[1A[2K[1A[2KCollecting 1 genome record [================================================] 100% 1/1
Downloading: ncbi_dataset.zip    127MB 15.4MB/s
[1A[2K[1A[2KCollecting 1 genome record [================================================] 100% 1/1
Downloading: ncbi_dataset.zip    127MB 15.4MB/s
[1A[2K[1A[2KCollecting 1 genome record [================================================] 100% 1/1
Downloading: ncbi_dataset.zip    127MB 15.4MB/s
[1A[2K[1A[2KCollecting 1 genome record [================================================] 100% 1/1
Downloading: ncbi_dataset.zip    127MB 15.4MB/s
[1A[2K[1A[2KCollecting 1 genome record [================================================] 100% 1/1
Downloading: ncbi_dataset.zip    127MB 15.4MB/s
[1A[2K[1A[2KCollecting 1 genome record [================================================] 100% 1/1
Downloading: ncbi_dataset.zip    127MB 15.2MB/s
[1A[2K[1A[2KCollecting 1 genome record [================================================] 100% 1/1
Downloading: ncbi_dataset.zip    128MB 15.3MB/s
[1A[2K[1A[2KCollecting 1 genome record [================================================] 100% 1/1
Downloading: ncbi_dataset.zip    129MB 15.3MB/s
[1A[2K[1A[2KCollecting 1 genome record [================================================] 100% 1/1
Downloading: ncbi_dataset.zip    129MB 15.4MB/s
[1A[2K[1A[2KCollecting 1 genome record [================================================] 100% 1/1
Downloading: ncbi_dataset.zip    130MB 15.4MB/s
[1A[2K[1A[2KCollecting 1 genome record [================================================] 100% 1/1
Downloading: ncbi_dataset.zip    130MB 15.4MB/s
[1A[2K[1A[2KCollecting 1 genome record [================================================] 100% 1/1
Downloading: ncbi_dataset.zip    130MB 15.4MB/s
[1A[2K[1A[2KCollecting 1 genome record [================================================] 100% 1/1
Downloading: ncbi_dataset.zip    130MB 15.4MB/s
[1A[2K[1A[2KCollecting 1 genome record [================================================] 100% 1/1
Downloading: ncbi_dataset.zip    130MB 15.4MB/s
[1A[2K[1A[2KCollecting 1 genome record [================================================] 100% 1/1
Downloading: ncbi_dataset.zip    130MB 15.4MB/s
[1A[2K[1A[2KCollecting 1 genome record [================================================] 100% 1/1
Downloading: ncbi_dataset.zip    130MB 15.4MB/s
[1A[2K[1A[2KCollecting 1 genome record [================================================] 100% 1/1
Downloading: ncbi_dataset.zip    130MB 15.4MB/s
[1A[2K[1A[2KCollecting 1 genome record [================================================] 100% 1/1
Downloading: ncbi_dataset.zip    130MB 15.4MB/s
[1A[2K[1A[2KCollecting 1 genome record [================================================] 100% 1/1
Downloading: ncbi_dataset.zip    130MB 15.4MB/s
[1A[2K[1A[2KCollecting 1 genome record [================================================] 100% 1/1
Downloading: ncbi_dataset.zip    130MB 15.4MB/s
[1A[2K[1A[2KCollecting 1 genome record [================================================] 100% 1/1
Downloading: ncbi_dataset.zip    130MB 15.4MB/s
[1A[2K[1A[2KCollecting 1 genome record [================================================] 100% 1/1
Downloading: ncbi_dataset.zip    130MB 15.4MB/s
[1A[2K[1A[2KCollecting 1 genome record [================================================] 100% 1/1
Downloading: ncbi_dataset.zip    130MB 15.2MB/s
[1A[2K[1A[2KCollecting 1 genome record [================================================] 100% 1/1
Downloading: ncbi_dataset.zip    131MB 15.3MB/s
[1A[2K[1A[2KCollecting 1 genome record [================================================] 100% 1/1
Downloading: ncbi_dataset.zip    131MB 15.3MB/s
[1A[2K[1A[2KCollecting 1 genome record [================================================] 100% 1/1
Downloading: ncbi_dataset.zip    132MB 15.4MB/s
[1A[2K[1A[2KCollecting 1 genome record [================================================] 100% 1/1
Downloading: ncbi_dataset.zip    132MB 15.4MB/s
[1A[2K[1A[2KCollecting 1 genome record [================================================] 100% 1/1
Downloading: ncbi_dataset.zip    132MB 15.4MB/s
[1A[2K[1A[2KCollecting 1 genome record [================================================] 100% 1/1
Downloading: ncbi_dataset.zip    132MB 15.4MB/s
[1A[2K[1A[2KCollecting 1 genome record [================================================] 100% 1/1
Downloading: ncbi_dataset.zip    132MB 15.4MB/s
[1A[2K[1A[2KCollecting 1 genome record [================================================] 100% 1/1
Downloading: ncbi_dataset.zip    132MB 15.4MB/s
[1A[2K[1A[2KCollecting 1 genome record [================================================] 100% 1/1
Downloading: ncbi_dataset.zip    132MB 15.4MB/s
[1A[2K[1A[2KCollecting 1 genome record [================================================] 100% 1/1
Downloading: ncbi_dataset.zip    132MB 15.4MB/s
[1A[2K[1A[2KCollecting 1 genome record [================================================] 100% 1/1
Downloading: ncbi_dataset.zip    132MB 15.4MB/s
[1A[2K[1A[2KCollecting 1 genome record [================================================] 100% 1/1
Downloading: ncbi_dataset.zip    132MB 15.4MB/s
[1A[2K[1A[2KCollecting 1 genome record [================================================] 100% 1/1
Downloading: ncbi_dataset.zip    132MB 15.4MB/s
[1A[2K[1A[2KCollecting 1 genome record [================================================] 100% 1/1
Downloading: ncbi_dataset.zip    132MB 15.4MB/s
[1A[2K[1A[2KCollecting 1 genome record [================================================] 100% 1/1
Downloading: ncbi_dataset.zip    132MB 15.4MB/s
[1A[2K[1A[2KCollecting 1 genome record [================================================] 100% 1/1
Downloading: ncbi_dataset.zip    132MB 15.4MB/s
[1A[2K[1A[2KCollecting 1 genome record [================================================] 100% 1/1
Downloading: ncbi_dataset.zip    133MB 15.2MB/s
[1A[2K[1A[2KCollecting 1 genome record [================================================] 100% 1/1
Downloading: ncbi_dataset.zip    133MB 15.2MB/s
[1A[2K[1A[2KCollecting 1 genome record [================================================] 100% 1/1
Downloading: ncbi_dataset.zip    133MB 15.2MB/s
[1A[2K[1A[2KCollecting 1 genome record [================================================] 100% 1/1
Downloading: ncbi_dataset.zip    133MB 15.2MB/s
[1A[2K[1A[2KCollecting 1 genome record [================================================] 100% 1/1
Downloading: ncbi_dataset.zip    133MB 15.2MB/s
[1A[2K[1A[2KCollecting 1 genome record [================================================] 100% 1/1
Downloading: ncbi_dataset.zip    133MB 15.2MB/s
[1A[2K[1A[2KCollecting 1 genome record [================================================] 100% 1/1
Downloading: ncbi_dataset.zip    133MB 15.2MB/s
[1A[2K[1A[2KCollecting 1 genome record [================================================] 100% 1/1
Downloading: ncbi_dataset.zip    133MB 15.2MB/s
[1A[2K[1A[2KCollecting 1 genome record [================================================] 100% 1/1
Downloading: ncbi_dataset.zip    133MB 15.2MB/s
[1A[2K[1A[2KCollecting 1 genome record [================================================] 100% 1/1
Downloading: ncbi_dataset.zip    133MB 15.2MB/s
[1A[2K[1A[2KCollecting 1 genome record [================================================] 100% 1/1
Downloading: ncbi_dataset.zip    133MB 15.2MB/s
[1A[2K[1A[2KCollecting 1 genome record [================================================] 100% 1/1
Downloading: ncbi_dataset.zip    133MB 15.2MB/s
[1A[2K[1A[2KCollecting 1 genome record [================================================] 100% 1/1
Downloading: ncbi_dataset.zip    133MB 15.2MB/s
[1A[2K[1A[2KCollecting 1 genome record [================================================] 100% 1/1
Downloading: ncbi_dataset.zip    133MB 15.2MB/s
[1A[2K[1A[2KCollecting 1 genome record [================================================] 100% 1/1
Downloading: ncbi_dataset.zip    133MB 15.2MB/s
[1A[2K[1A[2KCollecting 1 genome record [================================================] 100% 1/1
Downloading: ncbi_dataset.zip    133MB 15.2MB/s
[1A[2K[1A[2KCollecting 1 genome record [================================================] 100% 1/1
Downloading: ncbi_dataset.zip    133MB 15.2MB/s
[1A[2K[1A[2KCollecting 1 genome record [================================================] 100% 1/1
Downloading: ncbi_dataset.zip    133MB 15MB/s
[1A[2K[1A[2KCollecting 1 genome record [================================================] 100% 1/1
Downloading: ncbi_dataset.zip    134MB 15MB/s
[1A[2K[1A[2KCollecting 1 genome record [================================================] 100% 1/1
Downloading: ncbi_dataset.zip    134MB 15.1MB/s
[1A[2K[1A[2KCollecting 1 genome record [================================================] 100% 1/1
Downloading: ncbi_dataset.zip    135MB 15.1MB/s
[1A[2K[1A[2KCollecting 1 genome record [================================================] 100% 1/1
Downloading: ncbi_dataset.zip    135MB 15.2MB/s
[1A[2K[1A[2KCollecting 1 genome record [================================================] 100% 1/1
Downloading: ncbi_dataset.zip    136MB 15.2MB/s
[1A[2K[1A[2KCollecting 1 genome record [================================================] 100% 1/1
Downloading: ncbi_dataset.zip    136MB 15.2MB/s
[1A[2K[1A[2KCollecting 1 genome record [================================================] 100% 1/1
Downloading: ncbi_dataset.zip    136MB 15.2MB/s
[1A[2K[1A[2KCollecting 1 genome record [================================================] 100% 1/1
Downloading: ncbi_dataset.zip    136MB 15.2MB/s
[1A[2K[1A[2KCollecting 1 genome record [================================================] 100% 1/1
Downloading: ncbi_dataset.zip    136MB 15.2MB/s
[1A[2K[1A[2KCollecting 1 genome record [================================================] 100% 1/1
Downloading: ncbi_dataset.zip    136MB 15.2MB/s
[1A[2K[1A[2KCollecting 1 genome record [================================================] 100% 1/1
Downloading: ncbi_dataset.zip    136MB 15.2MB/s
[1A[2K[1A[2KCollecting 1 genome record [================================================] 100% 1/1
Downloading: ncbi_dataset.zip    136MB 15.2MB/s
[1A[2K[1A[2KCollecting 1 genome record [================================================] 100% 1/1
Downloading: ncbi_dataset.zip    136MB 15.2MB/s
[1A[2K[1A[2KCollecting 1 genome record [================================================] 100% 1/1
Downloading: ncbi_dataset.zip    136MB 15.2MB/s
[1A[2K[1A[2KCollecting 1 genome record [================================================] 100% 1/1
Downloading: ncbi_dataset.zip    136MB 15.2MB/s
[1A[2K[1A[2KCollecting 1 genome record [================================================] 100% 1/1
Downloading: ncbi_dataset.zip    136MB 15.2MB/s
[1A[2K[1A[2KCollecting 1 genome record [================================================] 100% 1/1
Downloading: ncbi_dataset.zip    137MB 15.1MB/s
[1A[2K[1A[2KCollecting 1 genome record [================================================] 100% 1/1
Downloading: ncbi_dataset.zip    137MB 15.1MB/s
[1A[2K[1A[2KCollecting 1 genome record [================================================] 100% 1/1
Downloading: ncbi_dataset.zip    137MB 15.1MB/s
[1A[2K[1A[2KCollecting 1 genome record [================================================] 100% 1/1
Downloading: ncbi_dataset.zip    138MB 15.2MB/s
[1A[2K[1A[2KCollecting 1 genome record [================================================] 100% 1/1
Downloading: ncbi_dataset.zip    138MB 15.2MB/s
[1A[2K[1A[2KCollecting 1 genome record [================================================] 100% 1/1
Downloading: ncbi_dataset.zip    138MB 15.2MB/s
[1A[2K[1A[2KCollecting 1 genome record [================================================] 100% 1/1
Downloading: ncbi_dataset.zip    138MB 15.2MB/s
[1A[2K[1A[2KCollecting 1 genome record [================================================] 100% 1/1
Downloading: ncbi_dataset.zip    138MB 15.2MB/s
[1A[2K[1A[2KCollecting 1 genome record [================================================] 100% 1/1
Downloading: ncbi_dataset.zip    138MB 15.2MB/s
[1A[2K[1A[2KCollecting 1 genome record [================================================] 100% 1/1
Downloading: ncbi_dataset.zip    138MB 15.2MB/s
[1A[2K[1A[2KCollecting 1 genome record [================================================] 100% 1/1
Downloading: ncbi_dataset.zip    138MB 15.2MB/s
[1A[2K[1A[2KCollecting 1 genome record [================================================] 100% 1/1
Downloading: ncbi_dataset.zip    138MB 15.2MB/s
[1A[2K[1A[2KCollecting 1 genome record [================================================] 100% 1/1
Downloading: ncbi_dataset.zip    138MB 15.2MB/s
[1A[2K[1A[2KCollecting 1 genome record [================================================] 100% 1/1
Downloading: ncbi_dataset.zip    138MB 15.2MB/s
[1A[2K[1A[2KCollecting 1 genome record [================================================] 100% 1/1
Downloading: ncbi_dataset.zip    138MB 15.2MB/s
[1A[2K[1A[2KCollecting 1 genome record [================================================] 100% 1/1
Downloading: ncbi_dataset.zip    138MB 15.2MB/s
[1A[2K[1A[2KCollecting 1 genome record [================================================] 100% 1/1
Downloading: ncbi_dataset.zip    138MB 14.9MB/s
[1A[2K[1A[2KCollecting 1 genome record [================================================] 100% 1/1
Downloading: ncbi_dataset.zip    139MB 15MB/s
[1A[2K[1A[2KCollecting 1 genome record [================================================] 100% 1/1
Downloading: ncbi_dataset.zip    139MB 15.1MB/s
[1A[2K[1A[2KCollecting 1 genome record [================================================] 100% 1/1
Downloading: ncbi_dataset.zip    140MB 15.1MB/s
[1A[2K[1A[2KCollecting 1 genome record [================================================] 100% 1/1
Downloading: ncbi_dataset.zip    140MB 15.1MB/s
[1A[2K[1A[2KCollecting 1 genome record [================================================] 100% 1/1
Downloading: ncbi_dataset.zip    140MB 15.1MB/s
[1A[2K[1A[2KCollecting 1 genome record [================================================] 100% 1/1
Downloading: ncbi_dataset.zip    140MB 15.1MB/s
[1A[2K[1A[2KCollecting 1 genome record [================================================] 100% 1/1
Downloading: ncbi_dataset.zip    140MB 15.1MB/s
[1A[2K[1A[2KCollecting 1 genome record [================================================] 100% 1/1
Downloading: ncbi_dataset.zip    140MB 15.1MB/s
[1A[2K[1A[2KCollecting 1 genome record [================================================] 100% 1/1
Downloading: ncbi_dataset.zip    140MB 15.1MB/s
[1A[2K[1A[2KCollecting 1 genome record [================================================] 100% 1/1
Downloading: ncbi_dataset.zip    140MB 15.1MB/s
[1A[2K[1A[2KCollecting 1 genome record [================================================] 100% 1/1
Downloading: ncbi_dataset.zip    140MB 15.1MB/s
[1A[2K[1A[2KCollecting 1 genome record [================================================] 100% 1/1
Downloading: ncbi_dataset.zip    140MB 15.1MB/s
[1A[2K[1A[2KCollecting 1 genome record [================================================] 100% 1/1
Downloading: ncbi_dataset.zip    140MB 15.1MB/s
[1A[2K[1A[2KCollecting 1 genome record [================================================] 100% 1/1
Downloading: ncbi_dataset.zip    140MB 15.1MB/s
[1A[2K[1A[2KCollecting 1 genome record [================================================] 100% 1/1
Downloading: ncbi_dataset.zip    140MB 15.1MB/s
[1A[2K[1A[2KCollecting 1 genome record [================================================] 100% 1/1
Downloading: ncbi_dataset.zip    140MB 15.1MB/s
[1A[2K[1A[2KCollecting 1 genome record [================================================] 100% 1/1
Downloading: ncbi_dataset.zip    140MB 14.9MB/s
[1A[2K[1A[2KCollecting 1 genome record [================================================] 100% 1/1
Downloading: ncbi_dataset.zip    141MB 15MB/s
[1A[2K[1A[2KCollecting 1 genome record [================================================] 100% 1/1
Downloading: ncbi_dataset.zip    142MB 15MB/s
[1A[2K[1A[2KCollecting 1 genome record [================================================] 100% 1/1
Downloading: ncbi_dataset.zip    142MB 15MB/s
[1A[2K[1A[2KCollecting 1 genome record [================================================] 100% 1/1
Downloading: ncbi_dataset.zip    142MB 15MB/s
[1A[2K[1A[2KCollecting 1 genome record [================================================] 100% 1/1
Downloading: ncbi_dataset.zip    142MB 15MB/s
[1A[2K[1A[2KCollecting 1 genome record [================================================] 100% 1/1
Downloading: ncbi_dataset.zip    142MB 15MB/s
[1A[2K[1A[2KCollecting 1 genome record [================================================] 100% 1/1
Downloading: ncbi_dataset.zip    142MB 15MB/s
[1A[2K[1A[2KCollecting 1 genome record [================================================] 100% 1/1
Downloading: ncbi_dataset.zip    142MB 15MB/s
[1A[2K[1A[2KCollecting 1 genome record [================================================] 100% 1/1
Downloading: ncbi_dataset.zip    142MB 15MB/s
[1A[2K[1A[2KCollecting 1 genome record [================================================] 100% 1/1
Downloading: ncbi_dataset.zip    142MB 15MB/s
[1A[2K[1A[2KCollecting 1 genome record [================================================] 100% 1/1
Downloading: ncbi_dataset.zip    142MB 15MB/s
[1A[2K[1A[2KCollecting 1 genome record [================================================] 100% 1/1
Downloading: ncbi_dataset.zip    142MB 15MB/s
[1A[2K[1A[2KCollecting 1 genome record [================================================] 100% 1/1
Downloading: ncbi_dataset.zip    142MB 15MB/s
[1A[2K[1A[2KCollecting 1 genome record [================================================] 100% 1/1
Downloading: ncbi_dataset.zip    142MB 15MB/s
[1A[2K[1A[2KCollecting 1 genome record [================================================] 100% 1/1
Downloading: ncbi_dataset.zip    142MB 15MB/s
[1A[2K[1A[2KCollecting 1 genome record [================================================] 100% 1/1
Downloading: ncbi_dataset.zip    142MB 15MB/s
[1A[2K[1A[2KCollecting 1 genome record [================================================] 100% 1/1
Downloading: ncbi_dataset.zip    142MB 14.8MB/s
[1A[2K[1A[2KCollecting 1 genome record [================================================] 100% 1/1
Downloading: ncbi_dataset.zip    143MB 14.9MB/s
[1A[2K[1A[2KCollecting 1 genome record [================================================] 100% 1/1
Downloading: ncbi_dataset.zip    144MB 15MB/s
[1A[2K[1A[2KCollecting 1 genome record [================================================] 100% 1/1
Downloading: ncbi_dataset.zip    144MB 15MB/s
[1A[2K[1A[2KCollecting 1 genome record [================================================] 100% 1/1
Downloading: ncbi_dataset.zip    144MB 15MB/s
[1A[2K[1A[2KCollecting 1 genome record [================================================] 100% 1/1
Downloading: ncbi_dataset.zip    144MB 15MB/s
[1A[2K[1A[2KCollecting 1 genome record [================================================] 100% 1/1
Downloading: ncbi_dataset.zip    144MB 15MB/s
[1A[2K[1A[2KCollecting 1 genome record [================================================] 100% 1/1
Downloading: ncbi_dataset.zip    144MB 15MB/s
[1A[2K[1A[2KCollecting 1 genome record [================================================] 100% 1/1
Downloading: ncbi_dataset.zip    144MB 15MB/s
[1A[2K[1A[2KCollecting 1 genome record [================================================] 100% 1/1
Downloading: ncbi_dataset.zip    144MB 15MB/s
[1A[2K[1A[2KCollecting 1 genome record [================================================] 100% 1/1
Downloading: ncbi_dataset.zip    144MB 15MB/s
[1A[2K[1A[2KCollecting 1 genome record [================================================] 100% 1/1
Downloading: ncbi_dataset.zip    144MB 15MB/s
[1A[2K[1A[2KCollecting 1 genome record [================================================] 100% 1/1
Downloading: ncbi_dataset.zip    144MB 15MB/s
[1A[2K[1A[2KCollecting 1 genome record [================================================] 100% 1/1
Downloading: ncbi_dataset.zip    144MB 15MB/s
[1A[2K[1A[2KCollecting 1 genome record [================================================] 100% 1/1
Downloading: ncbi_dataset.zip    144MB 15MB/s
[1A[2K[1A[2KCollecting 1 genome record [================================================] 100% 1/1
Downloading: ncbi_dataset.zip    144MB 15MB/s
[1A[2K[1A[2KCollecting 1 genome record [================================================] 100% 1/1
Downloading: ncbi_dataset.zip    144MB 15MB/s
[1A[2K[1A[2KCollecting 1 genome record [================================================] 100% 1/1
Downloading: ncbi_dataset.zip    144MB 14.8MB/s
[1A[2K[1A[2KCollecting 1 genome record [================================================] 100% 1/1
Downloading: ncbi_dataset.zip    145MB 14.8MB/s
[1A[2K[1A[2KCollecting 1 genome record [================================================] 100% 1/1
Downloading: ncbi_dataset.zip    145MB 14.9MB/s
[1A[2K[1A[2KCollecting 1 genome record [================================================] 100% 1/1
Downloading: ncbi_dataset.zip    146MB 14.9MB/s
[1A[2K[1A[2KCollecting 1 genome record [================================================] 100% 1/1
Downloading: ncbi_dataset.zip    146MB 14.9MB/s
[1A[2K[1A[2KCollecting 1 genome record [================================================] 100% 1/1
Downloading: ncbi_dataset.zip    146MB 14.9MB/s
[1A[2K[1A[2KCollecting 1 genome record [================================================] 100% 1/1
Downloading: ncbi_dataset.zip    146MB 14.9MB/s
[1A[2K[1A[2KCollecting 1 genome record [================================================] 100% 1/1
Downloading: ncbi_dataset.zip    146MB 14.9MB/s
[1A[2K[1A[2KCollecting 1 genome record [================================================] 100% 1/1
Downloading: ncbi_dataset.zip    146MB 14.9MB/s
[1A[2K[1A[2KCollecting 1 genome record [================================================] 100% 1/1
Downloading: ncbi_dataset.zip    146MB 14.9MB/s
[1A[2K[1A[2KCollecting 1 genome record [================================================] 100% 1/1
Downloading: ncbi_dataset.zip    146MB 14.9MB/s
[1A[2K[1A[2KCollecting 1 genome record [================================================] 100% 1/1
Downloading: ncbi_dataset.zip    146MB 14.9MB/s
[1A[2K[1A[2KCollecting 1 genome record [================================================] 100% 1/1
Downloading: ncbi_dataset.zip    146MB 14.9MB/s
[1A[2K[1A[2KCollecting 1 genome record [================================================] 100% 1/1
Downloading: ncbi_dataset.zip    146MB 14.9MB/s
[1A[2K[1A[2KCollecting 1 genome record [================================================] 100% 1/1
Downloading: ncbi_dataset.zip    146MB 14.9MB/s
[1A[2K[1A[2KCollecting 1 genome record [================================================] 100% 1/1
Downloading: ncbi_dataset.zip    146MB 14.9MB/s
[1A[2K[1A[2KCollecting 1 genome record [================================================] 100% 1/1
Downloading: ncbi_dataset.zip    146MB 14.7MB/s
[1A[2K[1A[2KCollecting 1 genome record [================================================] 100% 1/1
Downloading: ncbi_dataset.zip    146MB 14.7MB/s
[1A[2K[1A[2KCollecting 1 genome record [================================================] 100% 1/1
Downloading: ncbi_dataset.zip    147MB 14.8MB/s
[1A[2K[1A[2KCollecting 1 genome record [================================================] 100% 1/1
Downloading: ncbi_dataset.zip    147MB 14.8MB/s
[1A[2K[1A[2KCollecting 1 genome record [================================================] 100% 1/1
Downloading: ncbi_dataset.zip    147MB 14.8MB/s
[1A[2K[1A[2KCollecting 1 genome record [================================================] 100% 1/1
Downloading: ncbi_dataset.zip    147MB 14.8MB/s
[1A[2K[1A[2KCollecting 1 genome record [================================================] 100% 1/1
Downloading: ncbi_dataset.zip    147MB 14.8MB/s
[1A[2K[1A[2KCollecting 1 genome record [================================================] 100% 1/1
Downloading: ncbi_dataset.zip    147MB 14.8MB/s
[1A[2K[1A[2KCollecting 1 genome record [================================================] 100% 1/1
Downloading: ncbi_dataset.zip    147MB 14.8MB/s
[1A[2K[1A[2KCollecting 1 genome record [================================================] 100% 1/1
Downloading: ncbi_dataset.zip    147MB 14.8MB/s
[1A[2K[1A[2KCollecting 1 genome record [================================================] 100% 1/1
Downloading: ncbi_dataset.zip    147MB 14.8MB/s
[1A[2K[1A[2KCollecting 1 genome record [================================================] 100% 1/1
Downloading: ncbi_dataset.zip    147MB 14.8MB/s
[1A[2K[1A[2KCollecting 1 genome record [================================================] 100% 1/1
Downloading: ncbi_dataset.zip    147MB 14.8MB/s
[1A[2K[1A[2KCollecting 1 genome record [================================================] 100% 1/1
Downloading: ncbi_dataset.zip    147MB 14.8MB/s
[1A[2K[1A[2KCollecting 1 genome record [================================================] 100% 1/1
Downloading: ncbi_dataset.zip    147MB 14.8MB/s
[1A[2K[1A[2KCollecting 1 genome record [================================================] 100% 1/1
Downloading: ncbi_dataset.zip    147MB 14.8MB/s
[1A[2K[1A[2KCollecting 1 genome record [================================================] 100% 1/1
Downloading: ncbi_dataset.zip    147MB 14.8MB/s
[1A[2K[1A[2KCollecting 1 genome record [================================================] 100% 1/1
Downloading: ncbi_dataset.zip    148MB 14.6MB/s
[1A[2K[1A[2KCollecting 1 genome record [================================================] 100% 1/1
Downloading: ncbi_dataset.zip    148MB 14.7MB/s
[1A[2K[1A[2KCollecting 1 genome record [================================================] 100% 1/1
Downloading: ncbi_dataset.zip    149MB 14.7MB/s
[1A[2K[1A[2KCollecting 1 genome record [================================================] 100% 1/1
Downloading: ncbi_dataset.zip    149MB 14.7MB/s
[1A[2K[1A[2KCollecting 1 genome record [================================================] 100% 1/1
Downloading: ncbi_dataset.zip    149MB 14.7MB/s
[1A[2K[1A[2KCollecting 1 genome record [================================================] 100% 1/1
Downloading: ncbi_dataset.zip    149MB 14.7MB/s
[1A[2K[1A[2KCollecting 1 genome record [================================================] 100% 1/1
Downloading: ncbi_dataset.zip    149MB 14.7MB/s
[1A[2K[1A[2KCollecting 1 genome record [================================================] 100% 1/1
Downloading: ncbi_dataset.zip    149MB 14.7MB/s
[1A[2K[1A[2KCollecting 1 genome record [================================================] 100% 1/1
Downloading: ncbi_dataset.zip    149MB 14.7MB/s
[1A[2K[1A[2KCollecting 1 genome record [================================================] 100% 1/1
Downloading: ncbi_dataset.zip    149MB 14.7MB/s
[1A[2K[1A[2KCollecting 1 genome record [================================================] 100% 1/1
Downloading: ncbi_dataset.zip    149MB 14.7MB/s
[1A[2K[1A[2KCollecting 1 genome record [================================================] 100% 1/1
Downloading: ncbi_dataset.zip    149MB 14.7MB/s
[1A[2K[1A[2KCollecting 1 genome record [================================================] 100% 1/1
Downloading: ncbi_dataset.zip    149MB 14.7MB/s
[1A[2K[1A[2KCollecting 1 genome record [================================================] 100% 1/1
Downloading: ncbi_dataset.zip    149MB 14.7MB/s
[1A[2K[1A[2KCollecting 1 genome record [================================================] 100% 1/1
Downloading: ncbi_dataset.zip    149MB 14.7MB/s
[1A[2K[1A[2KCollecting 1 genome record [================================================] 100% 1/1
Downloading: ncbi_dataset.zip    149MB 14.7MB/s
[1A[2K[1A[2KCollecting 1 genome record [================================================] 100% 1/1
Downloading: ncbi_dataset.zip    149MB 14.7MB/s
[1A[2K[1A[2KCollecting 1 genome record [================================================] 100% 1/1
Downloading: ncbi_dataset.zip    150MB 14.6MB/s
[1A[2K[1A[2KCollecting 1 genome record [================================================] 100% 1/1
Downloading: ncbi_dataset.zip    150MB 14.6MB/s
[1A[2K[1A[2KCollecting 1 genome record [================================================] 100% 1/1
Downloading: ncbi_dataset.zip    151MB 14.7MB/s
[1A[2K[1A[2KCollecting 1 genome record [================================================] 100% 1/1
Downloading: ncbi_dataset.zip    151MB 14.7MB/s
[1A[2K[1A[2KCollecting 1 genome record [================================================] 100% 1/1
Downloading: ncbi_dataset.zip    151MB 14.7MB/s
[1A[2K[1A[2KCollecting 1 genome record [================================================] 100% 1/1
Downloading: ncbi_dataset.zip    151MB 14.7MB/s
[1A[2K[1A[2KCollecting 1 genome record [================================================] 100% 1/1
Downloading: ncbi_dataset.zip    151MB 14.7MB/s
[1A[2K[1A[2KCollecting 1 genome record [================================================] 100% 1/1
Downloading: ncbi_dataset.zip    151MB 14.7MB/s
[1A[2K[1A[2KCollecting 1 genome record [================================================] 100% 1/1
Downloading: ncbi_dataset.zip    151MB 14.7MB/s
[1A[2K[1A[2KCollecting 1 genome record [================================================] 100% 1/1
Downloading: ncbi_dataset.zip    151MB 14.7MB/s
[1A[2K[1A[2KCollecting 1 genome record [================================================] 100% 1/1
Downloading: ncbi_dataset.zip    151MB 14.7MB/s
[1A[2K[1A[2KCollecting 1 genome record [================================================] 100% 1/1
Downloading: ncbi_dataset.zip    151MB 14.7MB/s
[1A[2K[1A[2KCollecting 1 genome record [================================================] 100% 1/1
Downloading: ncbi_dataset.zip    151MB 14.7MB/s
[1A[2K[1A[2KCollecting 1 genome record [================================================] 100% 1/1
Downloading: ncbi_dataset.zip    151MB 14.7MB/s
[1A[2K[1A[2KCollecting 1 genome record [================================================] 100% 1/1
Downloading: ncbi_dataset.zip    151MB 14.7MB/s
[1A[2K[1A[2KCollecting 1 genome record [================================================] 100% 1/1
Downloading: ncbi_dataset.zip    151MB 14.7MB/s
[1A[2K[1A[2KCollecting 1 genome record [================================================] 100% 1/1
Downloading: ncbi_dataset.zip    151MB 14.5MB/s
[1A[2K[1A[2KCollecting 1 genome record [================================================] 100% 1/1
Downloading: ncbi_dataset.zip    152MB 14.6MB/s
[1A[2K[1A[2KCollecting 1 genome record [================================================] 100% 1/1
Downloading: ncbi_dataset.zip    153MB 14.6MB/s
[1A[2K[1A[2KCollecting 1 genome record [================================================] 100% 1/1
Downloading: ncbi_dataset.zip    153MB 14.6MB/s
[1A[2K[1A[2KCollecting 1 genome record [================================================] 100% 1/1
Downloading: ncbi_dataset.zip    153MB 14.7MB/s
[1A[2K[1A[2KCollecting 1 genome record [================================================] 100% 1/1
Downloading: ncbi_dataset.zip    153MB 14.7MB/s
[1A[2K[1A[2KCollecting 1 genome record [================================================] 100% 1/1
Downloading: ncbi_dataset.zip    153MB 14.7MB/s
[1A[2K[1A[2KCollecting 1 genome record [================================================] 100% 1/1
Downloading: ncbi_dataset.zip    153MB 14.7MB/s
[1A[2K[1A[2KCollecting 1 genome record [================================================] 100% 1/1
Downloading: ncbi_dataset.zip    153MB 14.7MB/s
[1A[2K[1A[2KCollecting 1 genome record [================================================] 100% 1/1
Downloading: ncbi_dataset.zip    153MB 14.7MB/s
[1A[2K[1A[2KCollecting 1 genome record [================================================] 100% 1/1
Downloading: ncbi_dataset.zip    153MB 14.7MB/s
[1A[2K[1A[2KCollecting 1 genome record [================================================] 100% 1/1
Downloading: ncbi_dataset.zip    153MB 14.7MB/s
[1A[2K[1A[2KCollecting 1 genome record [================================================] 100% 1/1
Downloading: ncbi_dataset.zip    153MB 14.7MB/s
[1A[2K[1A[2KCollecting 1 genome record [================================================] 100% 1/1
Downloading: ncbi_dataset.zip    153MB 14.7MB/s
[1A[2K[1A[2KCollecting 1 genome record [================================================] 100% 1/1
Downloading: ncbi_dataset.zip    153MB 14.7MB/s
[1A[2K[1A[2KCollecting 1 genome record [================================================] 100% 1/1
Downloading: ncbi_dataset.zip    153MB 14.7MB/s
[1A[2K[1A[2KCollecting 1 genome record [================================================] 100% 1/1
Downloading: ncbi_dataset.zip    153MB 14.7MB/s
[1A[2K[1A[2KCollecting 1 genome record [================================================] 100% 1/1
Downloading: ncbi_dataset.zip    154MB 14.5MB/s
[1A[2K[1A[2KCollecting 1 genome record [================================================] 100% 1/1
Downloading: ncbi_dataset.zip    154MB 14.5MB/s
[1A[2K[1A[2KCollecting 1 genome record [================================================] 100% 1/1
Downloading: ncbi_dataset.zip    155MB 14.5MB/s
[1A[2K[1A[2KCollecting 1 genome record [================================================] 100% 1/1
Downloading: ncbi_dataset.zip    155MB 14.6MB/s
[1A[2K[1A[2KCollecting 1 genome record [================================================] 100% 1/1
Downloading: ncbi_dataset.zip    155MB 14.6MB/s
[1A[2K[1A[2KCollecting 1 genome record [================================================] 100% 1/1
Downloading: ncbi_dataset.zip    156MB 14.6MB/s
[1A[2K[1A[2KCollecting 1 genome record [================================================] 100% 1/1
Downloading: ncbi_dataset.zip    156MB 14.6MB/s
[1A[2K[1A[2KCollecting 1 genome record [================================================] 100% 1/1
Downloading: ncbi_dataset.zip    156MB 14.6MB/s
[1A[2K[1A[2KCollecting 1 genome record [================================================] 100% 1/1
Downloading: ncbi_dataset.zip    156MB 14.6MB/s
[1A[2K[1A[2KCollecting 1 genome record [================================================] 100% 1/1
Downloading: ncbi_dataset.zip    156MB 14.6MB/s
[1A[2K[1A[2KCollecting 1 genome record [================================================] 100% 1/1
Downloading: ncbi_dataset.zip    156MB 14.6MB/s
[1A[2K[1A[2KCollecting 1 genome record [================================================] 100% 1/1
Downloading: ncbi_dataset.zip    156MB 14.6MB/s
[1A[2K[1A[2KCollecting 1 genome record [================================================] 100% 1/1
Downloading: ncbi_dataset.zip    156MB 14.6MB/s
[1A[2K[1A[2KCollecting 1 genome record [================================================] 100% 1/1
Downloading: ncbi_dataset.zip    156MB 14.6MB/s
[1A[2K[1A[2KCollecting 1 genome record [================================================] 100% 1/1
Downloading: ncbi_dataset.zip    156MB 14.6MB/s
[1A[2K[1A[2KCollecting 1 genome record [================================================] 100% 1/1
Downloading: ncbi_dataset.zip    156MB 14.6MB/s
[1A[2K[1A[2KCollecting 1 genome record [================================================] 100% 1/1
Downloading: ncbi_dataset.zip    156MB 14.6MB/s
[1A[2K[1A[2KCollecting 1 genome record [================================================] 100% 1/1
Downloading: ncbi_dataset.zip    156MB 14.5MB/s
[1A[2K[1A[2KCollecting 1 genome record [================================================] 100% 1/1
Downloading: ncbi_dataset.zip    156MB 14.5MB/s
[1A[2K[1A[2KCollecting 1 genome record [================================================] 100% 1/1
Downloading: ncbi_dataset.zip    157MB 14.5MB/s
[1A[2K[1A[2KCollecting 1 genome record [================================================] 100% 1/1
Downloading: ncbi_dataset.zip    157MB 14.6MB/s
[1A[2K[1A[2KCollecting 1 genome record [================================================] 100% 1/1
Downloading: ncbi_dataset.zip    158MB 14.6MB/s
[1A[2K[1A[2KCollecting 1 genome record [================================================] 100% 1/1
Downloading: ncbi_dataset.zip    158MB 14.6MB/s
[1A[2K[1A[2KCollecting 1 genome record [================================================] 100% 1/1
Downloading: ncbi_dataset.zip    158MB 14.6MB/s
[1A[2K[1A[2KCollecting 1 genome record [================================================] 100% 1/1
Downloading: ncbi_dataset.zip    158MB 14.6MB/s
[1A[2K[1A[2KCollecting 1 genome record [================================================] 100% 1/1
Downloading: ncbi_dataset.zip    158MB 14.6MB/s
[1A[2K[1A[2KCollecting 1 genome record [================================================] 100% 1/1
Downloading: ncbi_dataset.zip    158MB 14.6MB/s
[1A[2K[1A[2KCollecting 1 genome record [================================================] 100% 1/1
Downloading: ncbi_dataset.zip    158MB 14.6MB/s
[1A[2K[1A[2KCollecting 1 genome record [================================================] 100% 1/1
Downloading: ncbi_dataset.zip    158MB 14.6MB/s
[1A[2K[1A[2KCollecting 1 genome record [================================================] 100% 1/1
Downloading: ncbi_dataset.zip    158MB 14.6MB/s
[1A[2K[1A[2KCollecting 1 genome record [================================================] 100% 1/1
Downloading: ncbi_dataset.zip    158MB 14.6MB/s
[1A[2K[1A[2KCollecting 1 genome record [================================================] 100% 1/1
Downloading: ncbi_dataset.zip    158MB 14.6MB/s
[1A[2K[1A[2KCollecting 1 genome record [================================================] 100% 1/1
Downloading: ncbi_dataset.zip    158MB 14.6MB/s
[1A[2K[1A[2KCollecting 1 genome record [================================================] 100% 1/1
Downloading: ncbi_dataset.zip    158MB 14.6MB/s
[1A[2K[1A[2KCollecting 1 genome record [================================================] 100% 1/1
Downloading: ncbi_dataset.zip    158MB 14.4MB/s
[1A[2K[1A[2KCollecting 1 genome record [================================================] 100% 1/1
Downloading: ncbi_dataset.zip    159MB 14.5MB/s
[1A[2K[1A[2KCollecting 1 genome record [================================================] 100% 1/1
Downloading: ncbi_dataset.zip    159MB 14.5MB/s
[1A[2K[1A[2KCollecting 1 genome record [================================================] 100% 1/1
Downloading: ncbi_dataset.zip    159MB 14.5MB/s
[1A[2K[1A[2KCollecting 1 genome record [================================================] 100% 1/1
Downloading: ncbi_dataset.zip    160MB 14.5MB/s
[1A[2K[1A[2KCollecting 1 genome record [================================================] 100% 1/1
Downloading: ncbi_dataset.zip    160MB 14.5MB/s
[1A[2K[1A[2KCollecting 1 genome record [================================================] 100% 1/1
Downloading: ncbi_dataset.zip    160MB 14.5MB/s
[1A[2K[1A[2KCollecting 1 genome record [================================================] 100% 1/1
Downloading: ncbi_dataset.zip    160MB 14.5MB/s
[1A[2K[1A[2KCollecting 1 genome record [================================================] 100% 1/1
Downloading: ncbi_dataset.zip    160MB 14.5MB/s
[1A[2K[1A[2KCollecting 1 genome record [================================================] 100% 1/1
Downloading: ncbi_dataset.zip    160MB 14.5MB/s
[1A[2K[1A[2KCollecting 1 genome record [================================================] 100% 1/1
Downloading: ncbi_dataset.zip    160MB 14.5MB/s
[1A[2K[1A[2KCollecting 1 genome record [================================================] 100% 1/1
Downloading: ncbi_dataset.zip    160MB 14.5MB/s
[1A[2K[1A[2KCollecting 1 genome record [================================================] 100% 1/1
Downloading: ncbi_dataset.zip    160MB 14.5MB/s
[1A[2K[1A[2KCollecting 1 genome record [================================================] 100% 1/1
Downloading: ncbi_dataset.zip    160MB 14.5MB/s
[1A[2K[1A[2KCollecting 1 genome record [================================================] 100% 1/1
Downloading: ncbi_dataset.zip    160MB 14.5MB/s
[1A[2K[1A[2KCollecting 1 genome record [================================================] 100% 1/1
Downloading: ncbi_dataset.zip    160MB 14.5MB/s
[1A[2K[1A[2KCollecting 1 genome record [================================================] 100% 1/1
Downloading: ncbi_dataset.zip    160MB 14.4MB/s
[1A[2K[1A[2KCollecting 1 genome record [================================================] 100% 1/1
Downloading: ncbi_dataset.zip    160MB 14.4MB/s
[1A[2K[1A[2KCollecting 1 genome record [================================================] 100% 1/1
Downloading: ncbi_dataset.zip    161MB 14.4MB/s
[1A[2K[1A[2KCollecting 1 genome record [================================================] 100% 1/1
Downloading: ncbi_dataset.zip    161MB 14.5MB/s
[1A[2K[1A[2KCollecting 1 genome record [================================================] 100% 1/1
Downloading: ncbi_dataset.zip    162MB 14.5MB/s
[1A[2K[1A[2KCollecting 1 genome record [================================================] 100% 1/1
Downloading: ncbi_dataset.zip    162MB 14.5MB/s
[1A[2K[1A[2KCollecting 1 genome record [================================================] 100% 1/1
Downloading: ncbi_dataset.zip    162MB 14.5MB/s
[1A[2K[1A[2KCollecting 1 genome record [================================================] 100% 1/1
Downloading: ncbi_dataset.zip    162MB 14.5MB/s
[1A[2K[1A[2KCollecting 1 genome record [================================================] 100% 1/1
Downloading: ncbi_dataset.zip    162MB 14.5MB/s
[1A[2K[1A[2KCollecting 1 genome record [================================================] 100% 1/1
Downloading: ncbi_dataset.zip    162MB 14.5MB/s
[1A[2K[1A[2KCollecting 1 genome record [================================================] 100% 1/1
Downloading: ncbi_dataset.zip    162MB 14.5MB/s
[1A[2K[1A[2KCollecting 1 genome record [================================================] 100% 1/1
Downloading: ncbi_dataset.zip    162MB 14.5MB/s
[1A[2K[1A[2KCollecting 1 genome record [================================================] 100% 1/1
Downloading: ncbi_dataset.zip    162MB 14.5MB/s
[1A[2K[1A[2KCollecting 1 genome record [================================================] 100% 1/1
Downloading: ncbi_dataset.zip    162MB 14.5MB/s
[1A[2K[1A[2KCollecting 1 genome record [================================================] 100% 1/1
Downloading: ncbi_dataset.zip    162MB 14.5MB/s
[1A[2K[1A[2KCollecting 1 genome record [================================================] 100% 1/1
Downloading: ncbi_dataset.zip    162MB 14.5MB/s
[1A[2K[1A[2KCollecting 1 genome record [================================================] 100% 1/1
Downloading: ncbi_dataset.zip    162MB 14.5MB/s
[1A[2K[1A[2KCollecting 1 genome record [================================================] 100% 1/1
Downloading: ncbi_dataset.zip    162MB 14.4MB/s
[1A[2K[1A[2KCollecting 1 genome record [================================================] 100% 1/1
Downloading: ncbi_dataset.zip    163MB 14.4MB/s
[1A[2K[1A[2KCollecting 1 genome record [================================================] 100% 1/1
Downloading: ncbi_dataset.zip    163MB 14.4MB/s
[1A[2K[1A[2KCollecting 1 genome record [================================================] 100% 1/1
Downloading: ncbi_dataset.zip    164MB 14.4MB/s
[1A[2K[1A[2KCollecting 1 genome record [================================================] 100% 1/1
Downloading: ncbi_dataset.zip    164MB 14.5MB/s
[1A[2K[1A[2KCollecting 1 genome record [================================================] 100% 1/1
Downloading: ncbi_dataset.zip    165MB 14.5MB/s
[1A[2K[1A[2KCollecting 1 genome record [================================================] 100% 1/1
Downloading: ncbi_dataset.zip    165MB 14.5MB/s
[1A[2K[1A[2KCollecting 1 genome record [================================================] 100% 1/1
Downloading: ncbi_dataset.zip    165MB 14.5MB/s
[1A[2K[1A[2KCollecting 1 genome record [================================================] 100% 1/1
Downloading: ncbi_dataset.zip    165MB 14.5MB/s
[1A[2K[1A[2KCollecting 1 genome record [================================================] 100% 1/1
Downloading: ncbi_dataset.zip    165MB 14.5MB/s
[1A[2K[1A[2KCollecting 1 genome record [================================================] 100% 1/1
Downloading: ncbi_dataset.zip    165MB 14.5MB/s
[1A[2K[1A[2KCollecting 1 genome record [================================================] 100% 1/1
Downloading: ncbi_dataset.zip    165MB 14.5MB/s
[1A[2K[1A[2KCollecting 1 genome record [================================================] 100% 1/1
Downloading: ncbi_dataset.zip    165MB 14.5MB/s
[1A[2K[1A[2KCollecting 1 genome record [================================================] 100% 1/1
Downloading: ncbi_dataset.zip    165MB 14.5MB/s
[1A[2K[1A[2KCollecting 1 genome record [================================================] 100% 1/1
Downloading: ncbi_dataset.zip    165MB 14.5MB/s
[1A[2K[1A[2KCollecting 1 genome record [================================================] 100% 1/1
Downloading: ncbi_dataset.zip    165MB 14.5MB/s
[1A[2K[1A[2KCollecting 1 genome record [================================================] 100% 1/1
Downloading: ncbi_dataset.zip    165MB 14.5MB/s
[1A[2K[1A[2KCollecting 1 genome record [================================================] 100% 1/1
Downloading: ncbi_dataset.zip    165MB 14.4MB/s
[1A[2K[1A[2KCollecting 1 genome record [================================================] 100% 1/1
Downloading: ncbi_dataset.zip    165MB 14.4MB/s
[1A[2K[1A[2KCollecting 1 genome record [================================================] 100% 1/1
Downloading: ncbi_dataset.zip    166MB 14.4MB/s
[1A[2K[1A[2KCollecting 1 genome record [================================================] 100% 1/1
Downloading: ncbi_dataset.zip    166MB 14.4MB/s
[1A[2K[1A[2KCollecting 1 genome record [================================================] 100% 1/1
Downloading: ncbi_dataset.zip    166MB 14.5MB/s
[1A[2K[1A[2KCollecting 1 genome record [================================================] 100% 1/1
Downloading: ncbi_dataset.zip    167MB 14.5MB/s
[1A[2K[1A[2KCollecting 1 genome record [================================================] 100% 1/1
Downloading: ncbi_dataset.zip    167MB 14.5MB/s
[1A[2K[1A[2KCollecting 1 genome record [================================================] 100% 1/1
Downloading: ncbi_dataset.zip    167MB 14.5MB/s
[1A[2K[1A[2KCollecting 1 genome record [================================================] 100% 1/1
Downloading: ncbi_dataset.zip    167MB 14.5MB/s
[1A[2K[1A[2KCollecting 1 genome record [================================================] 100% 1/1
Downloading: ncbi_dataset.zip    167MB 14.5MB/s
[1A[2K[1A[2KCollecting 1 genome record [================================================] 100% 1/1
Downloading: ncbi_dataset.zip    167MB 14.5MB/s
[1A[2K[1A[2KCollecting 1 genome record [================================================] 100% 1/1
Downloading: ncbi_dataset.zip    167MB 14.5MB/s
[1A[2K[1A[2KCollecting 1 genome record [================================================] 100% 1/1
Downloading: ncbi_dataset.zip    167MB 14.5MB/s
[1A[2K[1A[2KCollecting 1 genome record [================================================] 100% 1/1
Downloading: ncbi_dataset.zip    167MB 14.5MB/s
[1A[2K[1A[2KCollecting 1 genome record [================================================] 100% 1/1
Downloading: ncbi_dataset.zip    167MB 14.5MB/s
[1A[2K[1A[2KCollecting 1 genome record [================================================] 100% 1/1
Downloading: ncbi_dataset.zip    167MB 14.5MB/s
[1A[2K[1A[2KCollecting 1 genome record [================================================] 100% 1/1
Downloading: ncbi_dataset.zip    167MB 14.5MB/s
[1A[2K[1A[2KCollecting 1 genome record [================================================] 100% 1/1
Downloading: ncbi_dataset.zip    167MB 14.3MB/s
[1A[2K[1A[2KCollecting 1 genome record [================================================] 100% 1/1
Downloading: ncbi_dataset.zip    167MB 14.4MB/s
[1A[2K[1A[2KCollecting 1 genome record [================================================] 100% 1/1
Downloading: ncbi_dataset.zip    168MB 14.4MB/s
[1A[2K[1A[2KCollecting 1 genome record [================================================] 100% 1/1
Downloading: ncbi_dataset.zip    168MB 14.4MB/s
[1A[2K[1A[2KCollecting 1 genome record [================================================] 100% 1/1
Downloading: ncbi_dataset.zip    169MB 14.5MB/s
[1A[2K[1A[2KCollecting 1 genome record [================================================] 100% 1/1
Downloading: ncbi_dataset.zip    169MB 14.5MB/s
[1A[2K[1A[2KCollecting 1 genome record [================================================] 100% 1/1
Downloading: ncbi_dataset.zip    169MB 14.5MB/s
[1A[2K[1A[2KCollecting 1 genome record [================================================] 100% 1/1
Downloading: ncbi_dataset.zip    169MB 14.5MB/s
[1A[2K[1A[2KCollecting 1 genome record [================================================] 100% 1/1
Downloading: ncbi_dataset.zip    169MB 14.5MB/s
[1A[2K[1A[2KCollecting 1 genome record [================================================] 100% 1/1
Downloading: ncbi_dataset.zip    169MB 14.5MB/s
[1A[2K[1A[2KCollecting 1 genome record [================================================] 100% 1/1
Downloading: ncbi_dataset.zip    169MB 14.5MB/s
[1A[2K[1A[2KCollecting 1 genome record [================================================] 100% 1/1
Downloading: ncbi_dataset.zip    169MB 14.5MB/s
[1A[2K[1A[2KCollecting 1 genome record [================================================] 100% 1/1
Downloading: ncbi_dataset.zip    169MB 14.5MB/s
[1A[2K[1A[2KCollecting 1 genome record [================================================] 100% 1/1
Downloading: ncbi_dataset.zip    169MB 14.5MB/s
[1A[2K[1A[2KCollecting 1 genome record [================================================] 100% 1/1
Downloading: ncbi_dataset.zip    169MB 14.5MB/s
[1A[2K[1A[2KCollecting 1 genome record [================================================] 100% 1/1
Downloading: ncbi_dataset.zip    169MB 14.5MB/s
[1A[2K[1A[2KCollecting 1 genome record [================================================] 100% 1/1
Downloading: ncbi_dataset.zip    169MB 14.5MB/s
[1A[2K[1A[2KCollecting 1 genome record [================================================] 100% 1/1
Downloading: ncbi_dataset.zip    170MB 14.3MB/s
[1A[2K[1A[2KCollecting 1 genome record [================================================] 100% 1/1
Downloading: ncbi_dataset.zip    170MB 14.4MB/s
[1A[2K[1A[2KCollecting 1 genome record [================================================] 100% 1/1
Downloading: ncbi_dataset.zip    171MB 14.4MB/s
[1A[2K[1A[2KCollecting 1 genome record [================================================] 100% 1/1
Downloading: ncbi_dataset.zip    171MB 14.4MB/s
[1A[2K[1A[2KCollecting 1 genome record [================================================] 100% 1/1
Downloading: ncbi_dataset.zip    171MB 14.4MB/s
[1A[2K[1A[2KCollecting 1 genome record [================================================] 100% 1/1
Downloading: ncbi_dataset.zip    171MB 14.4MB/s
[1A[2K[1A[2KCollecting 1 genome record [================================================] 100% 1/1
Downloading: ncbi_dataset.zip    171MB 14.4MB/s
[1A[2K[1A[2KCollecting 1 genome record [================================================] 100% 1/1
Downloading: ncbi_dataset.zip    171MB 14.4MB/s
[1A[2K[1A[2KCollecting 1 genome record [================================================] 100% 1/1
Downloading: ncbi_dataset.zip    171MB 14.4MB/s
[1A[2K[1A[2KCollecting 1 genome record [================================================] 100% 1/1
Downloading: ncbi_dataset.zip    171MB 14.4MB/s
[1A[2K[1A[2KCollecting 1 genome record [================================================] 100% 1/1
Downloading: ncbi_dataset.zip    171MB 14.4MB/s
[1A[2K[1A[2KCollecting 1 genome record [================================================] 100% 1/1
Downloading: ncbi_dataset.zip    171MB 14.4MB/s
[1A[2K[1A[2KCollecting 1 genome record [================================================] 100% 1/1
Downloading: ncbi_dataset.zip    171MB 14.4MB/s
[1A[2K[1A[2KCollecting 1 genome record [================================================] 100% 1/1
Downloading: ncbi_dataset.zip    171MB 14.4MB/s
[1A[2K[1A[2KCollecting 1 genome record [================================================] 100% 1/1
Downloading: ncbi_dataset.zip    171MB 14.4MB/s
[1A[2K[1A[2KCollecting 1 genome record [================================================] 100% 1/1
Downloading: ncbi_dataset.zip    171MB 14.4MB/s
[1A[2K[1A[2KCollecting 1 genome record [================================================] 100% 1/1
Downloading: ncbi_dataset.zip    171MB 14.3MB/s
[1A[2K[1A[2KCollecting 1 genome record [================================================] 100% 1/1
Downloading: ncbi_dataset.zip    172MB 14.3MB/s
[1A[2K[1A[2KCollecting 1 genome record [================================================] 100% 1/1
Downloading: ncbi_dataset.zip    172MB 14.3MB/s
[1A[2K[1A[2KCollecting 1 genome record [================================================] 100% 1/1
Downloading: ncbi_dataset.zip    173MB 14.4MB/s
[1A[2K[1A[2KCollecting 1 genome record [================================================] 100% 1/1
Downloading: ncbi_dataset.zip    173MB 14.4MB/s
[1A[2K[1A[2KCollecting 1 genome record [================================================] 100% 1/1
Downloading: ncbi_dataset.zip    173MB 14.4MB/s
[1A[2K[1A[2KCollecting 1 genome record [================================================] 100% 1/1
Downloading: ncbi_dataset.zip    173MB 14.4MB/s
[1A[2K[1A[2KCollecting 1 genome record [================================================] 100% 1/1
Downloading: ncbi_dataset.zip    173MB 14.4MB/s
[1A[2K[1A[2KCollecting 1 genome record [================================================] 100% 1/1
Downloading: ncbi_dataset.zip    173MB 14.4MB/s
[1A[2K[1A[2KCollecting 1 genome record [================================================] 100% 1/1
Downloading: ncbi_dataset.zip    173MB 14.4MB/s
[1A[2K[1A[2KCollecting 1 genome record [================================================] 100% 1/1
Downloading: ncbi_dataset.zip    173MB 14.4MB/s
[1A[2K[1A[2KCollecting 1 genome record [================================================] 100% 1/1
Downloading: ncbi_dataset.zip    173MB 14.4MB/s
[1A[2K[1A[2KCollecting 1 genome record [================================================] 100% 1/1
Downloading: ncbi_dataset.zip    173MB 14.4MB/s
[1A[2K[1A[2KCollecting 1 genome record [================================================] 100% 1/1
Downloading: ncbi_dataset.zip    173MB 14.4MB/s
[1A[2K[1A[2KCollecting 1 genome record [================================================] 100% 1/1
Downloading: ncbi_dataset.zip    173MB 14.4MB/s
[1A[2K[1A[2KCollecting 1 genome record [================================================] 100% 1/1
Downloading: ncbi_dataset.zip    173MB 14.4MB/s
[1A[2K[1A[2KCollecting 1 genome record [================================================] 100% 1/1
Downloading: ncbi_dataset.zip    173MB 14.4MB/s
[1A[2K[1A[2KCollecting 1 genome record [================================================] 100% 1/1
Downloading: ncbi_dataset.zip    174MB 14.3MB/s
[1A[2K[1A[2KCollecting 1 genome record [================================================] 100% 1/1
Downloading: ncbi_dataset.zip    174MB 14.3MB/s
[1A[2K[1A[2KCollecting 1 genome record [================================================] 100% 1/1
Downloading: ncbi_dataset.zip    175MB 14.3MB/s
[1A[2K[1A[2KCollecting 1 genome record [================================================] 100% 1/1
Downloading: ncbi_dataset.zip    175MB 14.4MB/s
[1A[2K[1A[2KCollecting 1 genome record [================================================] 100% 1/1
Downloading: ncbi_dataset.zip    176MB 14.4MB/s
[1A[2K[1A[2KCollecting 1 genome record [================================================] 100% 1/1
Downloading: ncbi_dataset.zip    176MB 14.4MB/s
[1A[2K[1A[2KCollecting 1 genome record [================================================] 100% 1/1
Downloading: ncbi_dataset.zip    176MB 14.4MB/s
[1A[2K[1A[2KCollecting 1 genome record [================================================] 100% 1/1
Downloading: ncbi_dataset.zip    176MB 14.4MB/s
[1A[2K[1A[2KCollecting 1 genome record [================================================] 100% 1/1
Downloading: ncbi_dataset.zip    176MB 14.4MB/s
[1A[2K[1A[2KCollecting 1 genome record [================================================] 100% 1/1
Downloading: ncbi_dataset.zip    176MB 14.4MB/s
[1A[2K[1A[2KCollecting 1 genome record [================================================] 100% 1/1
Downloading: ncbi_dataset.zip    176MB 14.4MB/s
[1A[2K[1A[2KCollecting 1 genome record [================================================] 100% 1/1
Downloading: ncbi_dataset.zip    176MB 14.4MB/s
[1A[2K[1A[2KCollecting 1 genome record [================================================] 100% 1/1
Downloading: ncbi_dataset.zip    176MB 14.4MB/s
[1A[2K[1A[2KCollecting 1 genome record [================================================] 100% 1/1
Downloading: ncbi_dataset.zip    176MB 14.4MB/s
[1A[2K[1A[2KCollecting 1 genome record [================================================] 100% 1/1
Downloading: ncbi_dataset.zip    176MB 14.4MB/s
[1A[2K[1A[2KCollecting 1 genome record [================================================] 100% 1/1
Downloading: ncbi_dataset.zip    176MB 14.4MB/s
[1A[2K[1A[2KCollecting 1 genome record [================================================] 100% 1/1
Downloading: ncbi_dataset.zip    176MB 14.4MB/s
[1A[2K[1A[2KCollecting 1 genome record [================================================] 100% 1/1
Downloading: ncbi_dataset.zip    176MB 14.3MB/s
[1A[2K[1A[2KCollecting 1 genome record [================================================] 100% 1/1
Downloading: ncbi_dataset.zip    176MB 14.3MB/s
[1A[2K[1A[2KCollecting 1 genome record [================================================] 100% 1/1
Downloading: ncbi_dataset.zip    177MB 14.3MB/s
[1A[2K[1A[2KCollecting 1 genome record [================================================] 100% 1/1
Downloading: ncbi_dataset.zip    177MB 14.4MB/s
[1A[2K[1A[2KCollecting 1 genome record [================================================] 100% 1/1
Downloading: ncbi_dataset.zip    178MB 14.4MB/s
[1A[2K[1A[2KCollecting 1 genome record [================================================] 100% 1/1
Downloading: ncbi_dataset.zip    178MB 14.4MB/s
[1A[2K[1A[2KCollecting 1 genome record [================================================] 100% 1/1
Downloading: ncbi_dataset.zip    178MB 14.4MB/s
[1A[2K[1A[2KCollecting 1 genome record [================================================] 100% 1/1
Downloading: ncbi_dataset.zip    178MB 14.4MB/s
[1A[2K[1A[2KCollecting 1 genome record [================================================] 100% 1/1
Downloading: ncbi_dataset.zip    178MB 14.4MB/s
[1A[2K[1A[2KCollecting 1 genome record [================================================] 100% 1/1
Downloading: ncbi_dataset.zip    178MB 14.4MB/s
[1A[2K[1A[2KCollecting 1 genome record [================================================] 100% 1/1
Downloading: ncbi_dataset.zip    178MB 14.4MB/s
[1A[2K[1A[2KCollecting 1 genome record [================================================] 100% 1/1
Downloading: ncbi_dataset.zip    178MB 14.4MB/s
[1A[2K[1A[2KCollecting 1 genome record [================================================] 100% 1/1
Downloading: ncbi_dataset.zip    178MB 14.4MB/s
[1A[2K[1A[2KCollecting 1 genome record [================================================] 100% 1/1
Downloading: ncbi_dataset.zip    178MB 14.4MB/s
[1A[2K[1A[2KCollecting 1 genome record [================================================] 100% 1/1
Downloading: ncbi_dataset.zip    178MB 14.4MB/s
[1A[2K[1A[2KCollecting 1 genome record [================================================] 100% 1/1
Downloading: ncbi_dataset.zip    178MB 14.4MB/s
[1A[2K[1A[2KCollecting 1 genome record [================================================] 100% 1/1
Downloading: ncbi_dataset.zip    178MB 14.4MB/s
[1A[2K[1A[2KCollecting 1 genome record [================================================] 100% 1/1
Downloading: ncbi_dataset.zip    178MB done
Validating package []
[1A[2K[1A[2K[1A[2KCollecting 1 genome record [================================================] 100% 1/1
Downloading: ncbi_dataset.zip    178MB done
Validating package []
[1A[2K[1A[2K[1A[2KCollecting 1 genome record [================================================] 100% 1/1
Downloading: ncbi_dataset.zip    178MB done
Validating package []
[1A[2K[1A[2K[1A[2KCollecting 1 genome record [================================================] 100% 1/1
Downloading: ncbi_dataset.zip    178MB done
Validating package []
[1A[2K[1A[2K[1A[2KCollecting 1 genome record [================================================] 100% 1/1
Downloading: ncbi_dataset.zip    178MB done
Validating package []
[1A[2K[1A[2K[1A[2KCollecting 1 genome record [================================================] 100% 1/1
Downloading: ncbi_dataset.zip    178MB done
Validating package []
[1A[2K[1A[2K[1A[2KCollecting 1 genome record [================================================] 100% 1/1
Downloading: ncbi_dataset.zip    178MB done
Validating package []
[1A[2K[1A[2K[1A[2KCollecting 1 genome record [================================================] 100% 1/1
Downloading: ncbi_dataset.zip    178MB done
Validating package []
[1A[2K[1A[2K[1A[2KCollecting 1 genome record [================================================] 100% 1/1
Downloading: ncbi_dataset.zip    178MB done
Validating package []
[1A[2K[1A[2K[1A[2KCollecting 1 genome record [================================================] 100% 1/1
Downloading: ncbi_dataset.zip    178MB done
Validating package []
[1A[2K[1A[2K[1A[2KCollecting 1 genome record [================================================] 100% 1/1
Downloading: ncbi_dataset.zip    178MB done
Validating package []
[1A[2K[1A[2K[1A[2KCollecting 1 genome record [================================================] 100% 1/1
Downloading: ncbi_dataset.zip    178MB done
Validating package []
[1A[2K[1A[2K[1A[2KCollecting 1 genome record [================================================] 100% 1/1
Downloading: ncbi_dataset.zip    178MB done
Validating package []
[1A[2K[1A[2K[1A[2KCollecting 1 genome record [================================================] 100% 1/1
Downloading: ncbi_dataset.zip    178MB done
Validating package []
[1A[2K[1A[2K[1A[2KCollecting 1 genome record [================================================] 100% 1/1
Downloading: ncbi_dataset.zip    178MB done
Validating package []
[1A[2K[1A[2K[1A[2KCollecting 1 genome record [================================================] 100% 1/1
Downloading: ncbi_dataset.zip    178MB done
Validating package []
[1A[2K[1A[2K[1A[2KCollecting 1 genome record [================================================] 100% 1/1
Downloading: ncbi_dataset.zip    178MB done
Validating package []
[1A[2K[1A[2K[1A[2KCollecting 1 genome record [================================================] 100% 1/1
Downloading: ncbi_dataset.zip    178MB done
Validating package files [============>-----------------------------------]  29% 2/7
[1A[2K[1A[2K[1A[2KCollecting 1 genome record [================================================] 100% 1/1
Downloading: ncbi_dataset.zip    178MB done
Validating package files [============>-----------------------------------]  29% 2/7
[1A[2K[1A[2K[1A[2KCollecting 1 genome record [================================================] 100% 1/1
Downloading: ncbi_dataset.zip    178MB done
Validating package files [============>-----------------------------------]  29% 2/7
[1A[2K[1A[2K[1A[2KCollecting 1 genome record [================================================] 100% 1/1
Downloading: ncbi_dataset.zip    178MB done
Validating package files [============>-----------------------------------]  29% 2/7
[1A[2K[1A[2K[1A[2KCollecting 1 genome record [================================================] 100% 1/1
Downloading: ncbi_dataset.zip    178MB done
Validating package files [============>-----------------------------------]  29% 2/7
[1A[2K[1A[2K[1A[2KCollecting 1 genome record [================================================] 100% 1/1
Downloading: ncbi_dataset.zip    178MB done
Validating package files [============>-----------------------------------]  29% 2/7
[1A[2K[1A[2K[1A[2KCollecting 1 genome record [================================================] 100% 1/1
Downloading: ncbi_dataset.zip    178MB done
Validating package files [============>-----------------------------------]  29% 2/7
[1A[2K[1A[2K[1A[2KCollecting 1 genome record [================================================] 100% 1/1
Downloading: ncbi_dataset.zip    178MB done
Validating package files [============>-----------------------------------]  29% 2/7
[1A[2K[1A[2K[1A[2KCollecting 1 genome record [================================================] 100% 1/1
Downloading: ncbi_dataset.zip    178MB done
Validating package files [============>-----------------------------------]  29% 2/7
[1A[2K[1A[2K[1A[2KCollecting 1 genome record [================================================] 100% 1/1
Downloading: ncbi_dataset.zip    178MB done
Validating package files [============>-----------------------------------]  29% 2/7
[1A[2K[1A[2K[1A[2KCollecting 1 genome record [================================================] 100% 1/1
Downloading: ncbi_dataset.zip    178MB done
Validating package files [============>-----------------------------------]  29% 2/7
[1A[2K[1A[2K[1A[2KCollecting 1 genome record [================================================] 100% 1/1
Downloading: ncbi_dataset.zip    178MB done
Validating package files [============>-----------------------------------]  29% 2/7
[1A[2K[1A[2K[1A[2KCollecting 1 genome record [================================================] 100% 1/1
Downloading: ncbi_dataset.zip    178MB done
Validating package files [============>-----------------------------------]  29% 2/7
[1A[2K[1A[2K[1A[2KCollecting 1 genome record [================================================] 100% 1/1
Downloading: ncbi_dataset.zip    178MB done
Validating package files [============>-----------------------------------]  29% 2/7
[1A[2K[1A[2K[1A[2KCollecting 1 genome record [================================================] 100% 1/1
Downloading: ncbi_dataset.zip    178MB done
Validating package files [============>-----------------------------------]  29% 2/7
[1A[2K[1A[2K[1A[2KCollecting 1 genome record [================================================] 100% 1/1
Downloading: ncbi_dataset.zip    178MB done
Validating package files [============>-----------------------------------]  29% 2/7
[1A[2K[1A[2K[1A[2KCollecting 1 genome record [================================================] 100% 1/1
Downloading: ncbi_dataset.zip    178MB done
Validating package files [============>-----------------------------------]  29% 2/7
[1A[2K[1A[2K[1A[2KCollecting 1 genome record [================================================] 100% 1/1
Downloading: ncbi_dataset.zip    178MB done
Validating package files [============>-----------------------------------]  29% 2/7
[1A[2K[1A[2K[1A[2KCollecting 1 genome record [================================================] 100% 1/1
Downloading: ncbi_dataset.zip    178MB done
Validating package files [============>-----------------------------------]  29% 2/7
[1A[2K[1A[2K[1A[2KCollecting 1 genome record [================================================] 100% 1/1
Downloading: ncbi_dataset.zip    178MB done
Validating package files [============>-----------------------------------]  29% 2/7
[1A[2K[1A[2K[1A[2KCollecting 1 genome record [================================================] 100% 1/1
Downloading: ncbi_dataset.zip    178MB done
Validating package files [============>-----------------------------------]  29% 2/7
[1A[2K[1A[2K[1A[2KCollecting 1 genome record [================================================] 100% 1/1
Downloading: ncbi_dataset.zip    178MB done
Validating package files [============>-----------------------------------]  29% 2/7
[1A[2K[1A[2K[1A[2KCollecting 1 genome record [================================================] 100% 1/1
Downloading: ncbi_dataset.zip    178MB done
Validating package files [============>-----------------------------------]  29% 2/7
[1A[2K[1A[2K[1A[2KCollecting 1 genome record [================================================] 100% 1/1
Downloading: ncbi_dataset.zip    178MB done
Validating package files [============>-----------------------------------]  29% 2/7
[1A[2K[1A[2K[1A[2KCollecting 1 genome record [================================================] 100% 1/1
Downloading: ncbi_dataset.zip    178MB done
Validating package files [============>-----------------------------------]  29% 2/7
[1A[2K[1A[2K[1A[2KCollecting 1 genome record [================================================] 100% 1/1
Downloading: ncbi_dataset.zip    178MB done
Validating package files [============>-----------------------------------]  29% 2/7
[1A[2K[1A[2K[1A[2KCollecting 1 genome record [================================================] 100% 1/1
Downloading: ncbi_dataset.zip    178MB done
Validating package files [============>-----------------------------------]  29% 2/7
[1A[2K[1A[2K[1A[2KCollecting 1 genome record [================================================] 100% 1/1
Downloading: ncbi_dataset.zip    178MB done
Validating package files [============>-----------------------------------]  29% 2/7
[1A[2K[1A[2K[1A[2KCollecting 1 genome record [================================================] 100% 1/1
Downloading: ncbi_dataset.zip    178MB done
Validating package files [============>-----------------------------------]  29% 2/7
[1A[2K[1A[2K[1A[2KCollecting 1 genome record [================================================] 100% 1/1
Downloading: ncbi_dataset.zip    178MB done
Validating package files [============>-----------------------------------]  29% 2/7
[1A[2K[1A[2K[1A[2KCollecting 1 genome record [================================================] 100% 1/1
Downloading: ncbi_dataset.zip    178MB done
Validating package files [============>-----------------------------------]  29% 2/7
[1A[2K[1A[2K[1A[2KCollecting 1 genome record [================================================] 100% 1/1
Downloading: ncbi_dataset.zip    178MB done
Validating package files [============>-----------------------------------]  29% 2/7
[1A[2K[1A[2K[1A[2KCollecting 1 genome record [================================================] 100% 1/1
Downloading: ncbi_dataset.zip    178MB done
Validating package files [============>-----------------------------------]  29% 2/7
[1A[2K[1A[2K[1A[2KCollecting 1 genome record [================================================] 100% 1/1
Downloading: ncbi_dataset.zip    178MB done
Validating package files [============>-----------------------------------]  29% 2/7
[1A[2K[1A[2K[1A[2KCollecting 1 genome record [================================================] 100% 1/1
Downloading: ncbi_dataset.zip    178MB done
Validating package files [============>-----------------------------------]  29% 2/7
[1A[2K[1A[2K[1A[2KCollecting 1 genome record [================================================] 100% 1/1
Downloading: ncbi_dataset.zip    178MB done
Validating package files [============>-----------------------------------]  29% 2/7
[1A[2K[1A[2K[1A[2KCollecting 1 genome record [================================================] 100% 1/1
Downloading: ncbi_dataset.zip    178MB done
Validating package files [============>-----------------------------------]  29% 2/7
[1A[2K[1A[2K[1A[2KCollecting 1 genome record [================================================] 100% 1/1
Downloading: ncbi_dataset.zip    178MB done
Validating package files [============>-----------------------------------]  29% 2/7
[1A[2K[1A[2K[1A[2KCollecting 1 genome record [================================================] 100% 1/1
Downloading: ncbi_dataset.zip    178MB done
Validating package files [============>-----------------------------------]  29% 2/7
[1A[2K[1A[2K[1A[2KCollecting 1 genome record [================================================] 100% 1/1
Downloading: ncbi_dataset.zip    178MB done
Validating package files [============>-----------------------------------]  29% 2/7
[1A[2K[1A[2K[1A[2KCollecting 1 genome record [================================================] 100% 1/1
Downloading: ncbi_dataset.zip    178MB done
Validating package files [============>-----------------------------------]  29% 2/7
[1A[2K[1A[2K[1A[2KCollecting 1 genome record [================================================] 100% 1/1
Downloading: ncbi_dataset.zip    178MB done
Validating package files [============>-----------------------------------]  29% 2/7
[1A[2K[1A[2K[1A[2KCollecting 1 genome record [================================================] 100% 1/1
Downloading: ncbi_dataset.zip    178MB done
Validating package files [============>-----------------------------------]  29% 2/7
[1A[2K[1A[2K[1A[2KCollecting 1 genome record [================================================] 100% 1/1
Downloading: ncbi_dataset.zip    178MB done
Validating package files [============>-----------------------------------]  29% 2/7
[1A[2K[1A[2K[1A[2KCollecting 1 genome record [================================================] 100% 1/1
Downloading: ncbi_dataset.zip    178MB done
Validating package files [============>-----------------------------------]  29% 2/7
[1A[2K[1A[2K[1A[2KCollecting 1 genome record [================================================] 100% 1/1
Downloading: ncbi_dataset.zip    178MB done
Validating package files [============>-----------------------------------]  29% 2/7
[1A[2K[1A[2K[1A[2KCollecting 1 genome record [================================================] 100% 1/1
Downloading: ncbi_dataset.zip    178MB done
Validating package files [============>-----------------------------------]  29% 2/7
[1A[2K[1A[2K[1A[2KCollecting 1 genome record [================================================] 100% 1/1
Downloading: ncbi_dataset.zip    178MB done
Validating package files [============>-----------------------------------]  29% 2/7
[1A[2K[1A[2K[1A[2KCollecting 1 genome record [================================================] 100% 1/1
Downloading: ncbi_dataset.zip    178MB done
Validating package files [============>-----------------------------------]  29% 2/7
[1A[2K[1A[2K[1A[2KCollecting 1 genome record [================================================] 100% 1/1
Downloading: ncbi_dataset.zip    178MB done
Validating package files [============>-----------------------------------]  29% 2/7
[1A[2K[1A[2K[1A[2KCollecting 1 genome record [================================================] 100% 1/1
Downloading: ncbi_dataset.zip    178MB done
Validating package files [============>-----------------------------------]  29% 2/7
[1A[2K[1A[2K[1A[2KCollecting 1 genome record [================================================] 100% 1/1
Downloading: ncbi_dataset.zip    178MB done
Validating package files [============>-----------------------------------]  29% 2/7
[1A[2K[1A[2K[1A[2KCollecting 1 genome record [================================================] 100% 1/1
Downloading: ncbi_dataset.zip    178MB done
Validating package files [============>-----------------------------------]  29% 2/7
[1A[2K[1A[2K[1A[2KCollecting 1 genome record [================================================] 100% 1/1
Downloading: ncbi_dataset.zip    178MB done
Validating package files [============>-----------------------------------]  29% 2/7
[1A[2K[1A[2K[1A[2KCollecting 1 genome record [================================================] 100% 1/1
Downloading: ncbi_dataset.zip    178MB done
Validating package files [============>-----------------------------------]  29% 2/7
[1A[2K[1A[2K[1A[2KCollecting 1 genome record [================================================] 100% 1/1
Downloading: ncbi_dataset.zip    178MB done
Validating package files [============>-----------------------------------]  29% 2/7
[1A[2K[1A[2K[1A[2KCollecting 1 genome record [================================================] 100% 1/1
Downloading: ncbi_dataset.zip    178MB done
Validating package files [============>-----------------------------------]  29% 2/7
[1A[2K[1A[2K[1A[2KCollecting 1 genome record [================================================] 100% 1/1
Downloading: ncbi_dataset.zip    178MB done
Validating package files [============>-----------------------------------]  29% 2/7
[1A[2K[1A[2K[1A[2KCollecting 1 genome record [================================================] 100% 1/1
Downloading: ncbi_dataset.zip    178MB done
Validating package files [============>-----------------------------------]  29% 2/7
[1A[2K[1A[2K[1A[2KCollecting 1 genome record [================================================] 100% 1/1
Downloading: ncbi_dataset.zip    178MB done
Validating package files [============>-----------------------------------]  29% 2/7
[1A[2K[1A[2K[1A[2KCollecting 1 genome record [================================================] 100% 1/1
Downloading: ncbi_dataset.zip    178MB done
Validating package files [============>-----------------------------------]  29% 2/7
[1A[2K[1A[2K[1A[2KCollecting 1 genome record [================================================] 100% 1/1
Downloading: ncbi_dataset.zip    178MB done
Validating package files [============>-----------------------------------]  29% 2/7
[1A[2K[1A[2K[1A[2KCollecting 1 genome record [================================================] 100% 1/1
Downloading: ncbi_dataset.zip    178MB done
Validating package files [============>-----------------------------------]  29% 2/7
[1A[2K[1A[2K[1A[2KCollecting 1 genome record [================================================] 100% 1/1
Downloading: ncbi_dataset.zip    178MB done
Validating package files [============>-----------------------------------]  29% 2/7
[1A[2K[1A[2K[1A[2KCollecting 1 genome record [================================================] 100% 1/1
Downloading: ncbi_dataset.zip    178MB done
Validating package files [============>-----------------------------------]  29% 2/7
[1A[2K[1A[2K[1A[2KCollecting 1 genome record [================================================] 100% 1/1
Downloading: ncbi_dataset.zip    178MB done
Validating package files [============>-----------------------------------]  29% 2/7
[1A[2K[1A[2K[1A[2KCollecting 1 genome record [================================================] 100% 1/1
Downloading: ncbi_dataset.zip    178MB done
Validating package files [============>-----------------------------------]  29% 2/7
[1A[2K[1A[2K[1A[2KCollecting 1 genome record [================================================] 100% 1/1
Downloading: ncbi_dataset.zip    178MB done
Validating package files [============>-----------------------------------]  29% 2/7
[1A[2K[1A[2K[1A[2KCollecting 1 genome record [================================================] 100% 1/1
Downloading: ncbi_dataset.zip    178MB done
Validating package files [============>-----------------------------------]  29% 2/7
[1A[2K[1A[2K[1A[2KCollecting 1 genome record [================================================] 100% 1/1
Downloading: ncbi_dataset.zip    178MB done
Validating package files [============>-----------------------------------]  29% 2/7
[1A[2K[1A[2K[1A[2KCollecting 1 genome record [================================================] 100% 1/1
Downloading: ncbi_dataset.zip    178MB done
Validating package files [============>-----------------------------------]  29% 2/7
[1A[2K[1A[2K[1A[2KCollecting 1 genome record [================================================] 100% 1/1
Downloading: ncbi_dataset.zip    178MB done
Validating package files [============>-----------------------------------]  29% 2/7
[1A[2K[1A[2K[1A[2KCollecting 1 genome record [================================================] 100% 1/1
Downloading: ncbi_dataset.zip    178MB done
Validating package files [============>-----------------------------------]  29% 2/7
[1A[2K[1A[2K[1A[2KCollecting 1 genome record [================================================] 100% 1/1
Downloading: ncbi_dataset.zip    178MB done
Validating package files [============>-----------------------------------]  29% 2/7
[1A[2K[1A[2K[1A[2KCollecting 1 genome record [================================================] 100% 1/1
Downloading: ncbi_dataset.zip    178MB done
Validating package files [============>-----------------------------------]  29% 2/7
[1A[2K[1A[2K[1A[2KCollecting 1 genome record [================================================] 100% 1/1
Downloading: ncbi_dataset.zip    178MB done
Validating package files [============>-----------------------------------]  29% 2/7
[1A[2K[1A[2K[1A[2KCollecting 1 genome record [================================================] 100% 1/1
Downloading: ncbi_dataset.zip    178MB done
Validating package files [============>-----------------------------------]  29% 2/7
[1A[2K[1A[2K[1A[2KCollecting 1 genome record [================================================] 100% 1/1
Downloading: ncbi_dataset.zip    178MB done
Validating package files [============>-----------------------------------]  29% 2/7
[1A[2K[1A[2K[1A[2KCollecting 1 genome record [================================================] 100% 1/1
Downloading: ncbi_dataset.zip    178MB done
Validating package files [============>-----------------------------------]  29% 2/7
[1A[2K[1A[2K[1A[2KCollecting 1 genome record [================================================] 100% 1/1
Downloading: ncbi_dataset.zip    178MB done
Validating package files [============>-----------------------------------]  29% 2/7
[1A[2K[1A[2K[1A[2KCollecting 1 genome record [================================================] 100% 1/1
Downloading: ncbi_dataset.zip    178MB done
Validating package files [============>-----------------------------------]  29% 2/7
[1A[2K[1A[2K[1A[2KCollecting 1 genome record [================================================] 100% 1/1
Downloading: ncbi_dataset.zip    178MB done
Validating package files [============>-----------------------------------]  29% 2/7
[1A[2K[1A[2K[1A[2KCollecting 1 genome record [================================================] 100% 1/1
Downloading: ncbi_dataset.zip    178MB done
Validating package files [============>-----------------------------------]  29% 2/7
[1A[2K[1A[2K[1A[2KCollecting 1 genome record [================================================] 100% 1/1
Downloading: ncbi_dataset.zip    178MB done
Validating package files [============>-----------------------------------]  29% 2/7
[1A[2K[1A[2K[1A[2KCollecting 1 genome record [================================================] 100% 1/1
Downloading: ncbi_dataset.zip    178MB done
Validating package files [============>-----------------------------------]  29% 2/7
[1A[2K[1A[2K[1A[2KCollecting 1 genome record [================================================] 100% 1/1
Downloading: ncbi_dataset.zip    178MB done
Validating package files [============>-----------------------------------]  29% 2/7
[1A[2K[1A[2K[1A[2KCollecting 1 genome record [================================================] 100% 1/1
Downloading: ncbi_dataset.zip    178MB done
Validating package files [============>-----------------------------------]  29% 2/7
[1A[2K[1A[2K[1A[2KCollecting 1 genome record [================================================] 100% 1/1
Downloading: ncbi_dataset.zip    178MB done
Validating package files [============>-----------------------------------]  29% 2/7
[1A[2K[1A[2K[1A[2KCollecting 1 genome record [================================================] 100% 1/1
Downloading: ncbi_dataset.zip    178MB done
Validating package files [============>-----------------------------------]  29% 2/7
[1A[2K[1A[2K[1A[2KCollecting 1 genome record [================================================] 100% 1/1
Downloading: ncbi_dataset.zip    178MB done
Validating package files [============>-----------------------------------]  29% 2/7
[1A[2K[1A[2K[1A[2KCollecting 1 genome record [================================================] 100% 1/1
Downloading: ncbi_dataset.zip    178MB done
Validating package files [============>-----------------------------------]  29% 2/7
[1A[2K[1A[2K[1A[2KCollecting 1 genome record [================================================] 100% 1/1
Downloading: ncbi_dataset.zip    178MB done
Validating package files [============>-----------------------------------]  29% 2/7
[1A[2K[1A[2K[1A[2KCollecting 1 genome record [================================================] 100% 1/1
Downloading: ncbi_dataset.zip    178MB done
Validating package files [============>-----------------------------------]  29% 2/7
[1A[2K[1A[2K[1A[2KCollecting 1 genome record [================================================] 100% 1/1
Downloading: ncbi_dataset.zip    178MB done
Validating package files [============>-----------------------------------]  29% 2/7
[1A[2K[1A[2K[1A[2KCollecting 1 genome record [================================================] 100% 1/1
Downloading: ncbi_dataset.zip    178MB done
Validating package files [============>-----------------------------------]  29% 2/7
[1A[2K[1A[2K[1A[2KCollecting 1 genome record [================================================] 100% 1/1
Downloading: ncbi_dataset.zip    178MB done
Validating package files [============>-----------------------------------]  29% 2/7
[1A[2K[1A[2K[1A[2KCollecting 1 genome record [================================================] 100% 1/1
Downloading: ncbi_dataset.zip    178MB done
Validating package files [============>-----------------------------------]  29% 2/7
[1A[2K[1A[2K[1A[2KCollecting 1 genome record [================================================] 100% 1/1
Downloading: ncbi_dataset.zip    178MB done
Validating package files [============>-----------------------------------]  29% 2/7
[1A[2K[1A[2K[1A[2KCollecting 1 genome record [================================================] 100% 1/1
Downloading: ncbi_dataset.zip    178MB done
Validating package files [============>-----------------------------------]  29% 2/7
[1A[2K[1A[2K[1A[2KCollecting 1 genome record [================================================] 100% 1/1
Downloading: ncbi_dataset.zip    178MB done
Validating package files [============>-----------------------------------]  29% 2/7
[1A[2K[1A[2K[1A[2KCollecting 1 genome record [================================================] 100% 1/1
Downloading: ncbi_dataset.zip    178MB done
Validating package files [============>-----------------------------------]  29% 2/7
[1A[2K[1A[2K[1A[2KCollecting 1 genome record [================================================] 100% 1/1
Downloading: ncbi_dataset.zip    178MB done
Validating package files [============>-----------------------------------]  29% 2/7
[1A[2K[1A[2K[1A[2KCollecting 1 genome record [================================================] 100% 1/1
Downloading: ncbi_dataset.zip    178MB done
Validating package files [============>-----------------------------------]  29% 2/7
[1A[2K[1A[2K[1A[2KCollecting 1 genome record [================================================] 100% 1/1
Downloading: ncbi_dataset.zip    178MB done
Validating package files [============>-----------------------------------]  29% 2/7
[1A[2K[1A[2K[1A[2KCollecting 1 genome record [================================================] 100% 1/1
Downloading: ncbi_dataset.zip    178MB done
Validating package files [============>-----------------------------------]  29% 2/7
[1A[2K[1A[2K[1A[2KCollecting 1 genome record [================================================] 100% 1/1
Downloading: ncbi_dataset.zip    178MB done
Validating package files [============>-----------------------------------]  29% 2/7
[1A[2K[1A[2K[1A[2KCollecting 1 genome record [================================================] 100% 1/1
Downloading: ncbi_dataset.zip    178MB done
Validating package files [============>-----------------------------------]  29% 2/7
[1A[2K[1A[2K[1A[2KCollecting 1 genome record [================================================] 100% 1/1
Downloading: ncbi_dataset.zip    178MB done
Validating package files [============>-----------------------------------]  29% 2/7
[1A[2K[1A[2K[1A[2KCollecting 1 genome record [================================================] 100% 1/1
Downloading: ncbi_dataset.zip    178MB done
Validating package files [============>-----------------------------------]  29% 2/7
[1A[2K[1A[2K[1A[2KCollecting 1 genome record [================================================] 100% 1/1
Downloading: ncbi_dataset.zip    178MB done
Validating package files [============>-----------------------------------]  29% 2/7
[1A[2K[1A[2K[1A[2KCollecting 1 genome record [================================================] 100% 1/1
Downloading: ncbi_dataset.zip    178MB done
Validating package files [============>-----------------------------------]  29% 2/7
[1A[2K[1A[2K[1A[2KCollecting 1 genome record [================================================] 100% 1/1
Downloading: ncbi_dataset.zip    178MB done
Validating package files [============>-----------------------------------]  29% 2/7
[1A[2K[1A[2K[1A[2KCollecting 1 genome record [================================================] 100% 1/1
Downloading: ncbi_dataset.zip    178MB done
Validating package files [============>-----------------------------------]  29% 2/7
[1A[2K[1A[2K[1A[2KCollecting 1 genome record [================================================] 100% 1/1
Downloading: ncbi_dataset.zip    178MB done
Validating package files [============>-----------------------------------]  29% 2/7
[1A[2K[1A[2K[1A[2KCollecting 1 genome record [================================================] 100% 1/1
Downloading: ncbi_dataset.zip    178MB done
Validating package files [============>-----------------------------------]  29% 2/7
[1A[2K[1A[2K[1A[2KCollecting 1 genome record [================================================] 100% 1/1
Downloading: ncbi_dataset.zip    178MB done
Validating package files [============>-----------------------------------]  29% 2/7
[1A[2K[1A[2K[1A[2KCollecting 1 genome record [================================================] 100% 1/1
Downloading: ncbi_dataset.zip    178MB done
Validating package files [============>-----------------------------------]  29% 2/7
[1A[2K[1A[2K[1A[2KCollecting 1 genome record [================================================] 100% 1/1
Downloading: ncbi_dataset.zip    178MB done
Validating package files [============>-----------------------------------]  29% 2/7
[1A[2K[1A[2K[1A[2KCollecting 1 genome record [================================================] 100% 1/1
Downloading: ncbi_dataset.zip    178MB done
Validating package files [============>-----------------------------------]  29% 2/7
[1A[2K[1A[2K[1A[2KCollecting 1 genome record [================================================] 100% 1/1
Downloading: ncbi_dataset.zip    178MB done
Validating package files [============>-----------------------------------]  29% 2/7
[1A[2K[1A[2K[1A[2KCollecting 1 genome record [================================================] 100% 1/1
Downloading: ncbi_dataset.zip    178MB done
Validating package files [============>-----------------------------------]  29% 2/7
[1A[2K[1A[2K[1A[2KCollecting 1 genome record [================================================] 100% 1/1
Downloading: ncbi_dataset.zip    178MB done
Validating package files [============>-----------------------------------]  29% 2/7
[1A[2K[1A[2K[1A[2KCollecting 1 genome record [================================================] 100% 1/1
Downloading: ncbi_dataset.zip    178MB done
Validating package files [============>-----------------------------------]  29% 2/7
[1A[2K[1A[2K[1A[2KCollecting 1 genome record [================================================] 100% 1/1
Downloading: ncbi_dataset.zip    178MB done
Validating package files [============>-----------------------------------]  29% 2/7
[1A[2K[1A[2K[1A[2KCollecting 1 genome record [================================================] 100% 1/1
Downloading: ncbi_dataset.zip    178MB done
Validating package files [============>-----------------------------------]  29% 2/7
[1A[2K[1A[2K[1A[2KCollecting 1 genome record [================================================] 100% 1/1
Downloading: ncbi_dataset.zip    178MB done
Validating package files [============>-----------------------------------]  29% 2/7
[1A[2K[1A[2K[1A[2KCollecting 1 genome record [================================================] 100% 1/1
Downloading: ncbi_dataset.zip    178MB done
Validating package files [============>-----------------------------------]  29% 2/7
[1A[2K[1A[2K[1A[2KCollecting 1 genome record [================================================] 100% 1/1
Downloading: ncbi_dataset.zip    178MB done
Validating package files [============>-----------------------------------]  29% 2/7
[1A[2K[1A[2K[1A[2KCollecting 1 genome record [================================================] 100% 1/1
Downloading: ncbi_dataset.zip    178MB done
Validating package files [============>-----------------------------------]  29% 2/7
[1A[2K[1A[2K[1A[2KCollecting 1 genome record [================================================] 100% 1/1
Downloading: ncbi_dataset.zip    178MB done
Validating package files [============>-----------------------------------]  29% 2/7
[1A[2K[1A[2K[1A[2KCollecting 1 genome record [================================================] 100% 1/1
Downloading: ncbi_dataset.zip    178MB done
Validating package files [============>-----------------------------------]  29% 2/7
[1A[2K[1A[2K[1A[2KCollecting 1 genome record [================================================] 100% 1/1
Downloading: ncbi_dataset.zip    178MB done
Validating package files [============>-----------------------------------]  29% 2/7
[1A[2K[1A[2K[1A[2KCollecting 1 genome record [================================================] 100% 1/1
Downloading: ncbi_dataset.zip    178MB done
Validating package files [============>-----------------------------------]  29% 2/7
[1A[2K[1A[2K[1A[2KCollecting 1 genome record [================================================] 100% 1/1
Downloading: ncbi_dataset.zip    178MB done
Validating package files [============>-----------------------------------]  29% 2/7
[1A[2K[1A[2K[1A[2KCollecting 1 genome record [================================================] 100% 1/1
Downloading: ncbi_dataset.zip    178MB done
Validating package files [============>-----------------------------------]  29% 2/7
[1A[2K[1A[2K[1A[2KCollecting 1 genome record [================================================] 100% 1/1
Downloading: ncbi_dataset.zip    178MB done
Validating package files [============>-----------------------------------]  29% 2/7
[1A[2K[1A[2K[1A[2KCollecting 1 genome record [================================================] 100% 1/1
Downloading: ncbi_dataset.zip    178MB done
Validating package files [============>-----------------------------------]  29% 2/7
[1A[2K[1A[2K[1A[2KCollecting 1 genome record [================================================] 100% 1/1
Downloading: ncbi_dataset.zip    178MB done
Validating package files [============>-----------------------------------]  29% 2/7
[1A[2K[1A[2K[1A[2KCollecting 1 genome record [================================================] 100% 1/1
Downloading: ncbi_dataset.zip    178MB done
Validating package files [============>-----------------------------------]  29% 2/7
[1A[2K[1A[2K[1A[2KCollecting 1 genome record [================================================] 100% 1/1
Downloading: ncbi_dataset.zip    178MB done
Validating package files [============>-----------------------------------]  29% 2/7
[1A[2K[1A[2K[1A[2KCollecting 1 genome record [================================================] 100% 1/1
Downloading: ncbi_dataset.zip    178MB done
Validating package files [============>-----------------------------------]  29% 2/7
[1A[2K[1A[2K[1A[2KCollecting 1 genome record [================================================] 100% 1/1
Downloading: ncbi_dataset.zip    178MB done
Validating package files [============>-----------------------------------]  29% 2/7
[1A[2K[1A[2K[1A[2KCollecting 1 genome record [================================================] 100% 1/1
Downloading: ncbi_dataset.zip    178MB done
Validating package files [============>-----------------------------------]  29% 2/7
[1A[2K[1A[2K[1A[2KCollecting 1 genome record [================================================] 100% 1/1
Downloading: ncbi_dataset.zip    178MB done
Validating package files [============>-----------------------------------]  29% 2/7
[1A[2K[1A[2K[1A[2KCollecting 1 genome record [================================================] 100% 1/1
Downloading: ncbi_dataset.zip    178MB done
Validating package files [============>-----------------------------------]  29% 2/7
[1A[2K[1A[2K[1A[2KCollecting 1 genome record [================================================] 100% 1/1
Downloading: ncbi_dataset.zip    178MB done
Validating package files [============>-----------------------------------]  29% 2/7
[1A[2K[1A[2K[1A[2KCollecting 1 genome record [================================================] 100% 1/1
Downloading: ncbi_dataset.zip    178MB done
Validating package files [============>-----------------------------------]  29% 2/7
[1A[2K[1A[2K[1A[2KCollecting 1 genome record [================================================] 100% 1/1
Downloading: ncbi_dataset.zip    178MB done
Validating package files [============>-----------------------------------]  29% 2/7
[1A[2K[1A[2K[1A[2KCollecting 1 genome record [================================================] 100% 1/1
Downloading: ncbi_dataset.zip    178MB done
Validating package files [============>-----------------------------------]  29% 2/7
[1A[2K[1A[2K[1A[2KCollecting 1 genome record [================================================] 100% 1/1
Downloading: ncbi_dataset.zip    178MB done
Validating package files [============>-----------------------------------]  29% 2/7
[1A[2K[1A[2K[1A[2KCollecting 1 genome record [================================================] 100% 1/1
Downloading: ncbi_dataset.zip    178MB done
Validating package files [============>-----------------------------------]  29% 2/7
[1A[2K[1A[2K[1A[2KCollecting 1 genome record [================================================] 100% 1/1
Downloading: ncbi_dataset.zip    178MB done
Validating package files [============>-----------------------------------]  29% 2/7
[1A[2K[1A[2K[1A[2KCollecting 1 genome record [================================================] 100% 1/1
Downloading: ncbi_dataset.zip    178MB done
Validating package files [============>-----------------------------------]  29% 2/7
[1A[2K[1A[2K[1A[2KCollecting 1 genome record [================================================] 100% 1/1
Downloading: ncbi_dataset.zip    178MB done
Validating package files [============>-----------------------------------]  29% 2/7
[1A[2K[1A[2K[1A[2KCollecting 1 genome record [================================================] 100% 1/1
Downloading: ncbi_dataset.zip    178MB done
Validating package files [============>-----------------------------------]  29% 2/7
[1A[2K[1A[2K[1A[2KCollecting 1 genome record [================================================] 100% 1/1
Downloading: ncbi_dataset.zip    178MB done
Validating package files [============>-----------------------------------]  29% 2/7
[1A[2K[1A[2K[1A[2KCollecting 1 genome record [================================================] 100% 1/1
Downloading: ncbi_dataset.zip    178MB done
Validating package files [============>-----------------------------------]  29% 2/7
[1A[2K[1A[2K[1A[2KCollecting 1 genome record [================================================] 100% 1/1
Downloading: ncbi_dataset.zip    178MB done
Validating package files [============>-----------------------------------]  29% 2/7
[1A[2K[1A[2K[1A[2KCollecting 1 genome record [================================================] 100% 1/1
Downloading: ncbi_dataset.zip    178MB done
Validating package files [============>-----------------------------------]  29% 2/7
[1A[2K[1A[2K[1A[2KCollecting 1 genome record [================================================] 100% 1/1
Downloading: ncbi_dataset.zip    178MB done
Validating package files [============>-----------------------------------]  29% 2/7
[1A[2K[1A[2K[1A[2KCollecting 1 genome record [================================================] 100% 1/1
Downloading: ncbi_dataset.zip    178MB done
Validating package files [============>-----------------------------------]  29% 2/7
[1A[2K[1A[2K[1A[2KCollecting 1 genome record [================================================] 100% 1/1
Downloading: ncbi_dataset.zip    178MB done
Validating package files [============>-----------------------------------]  29% 2/7
[1A[2K[1A[2K[1A[2KCollecting 1 genome record [================================================] 100% 1/1
Downloading: ncbi_dataset.zip    178MB done
Validating package files [============>-----------------------------------]  29% 2/7
[1A[2K[1A[2K[1A[2KCollecting 1 genome record [================================================] 100% 1/1
Downloading: ncbi_dataset.zip    178MB done
Validating package files [============>-----------------------------------]  29% 2/7
[1A[2K[1A[2K[1A[2KCollecting 1 genome record [================================================] 100% 1/1
Downloading: ncbi_dataset.zip    178MB done
Validating package files [============>-----------------------------------]  29% 2/7
[1A[2K[1A[2K[1A[2KCollecting 1 genome record [================================================] 100% 1/1
Downloading: ncbi_dataset.zip    178MB done
Validating package files [============>-----------------------------------]  29% 2/7
[1A[2K[1A[2K[1A[2KCollecting 1 genome record [================================================] 100% 1/1
Downloading: ncbi_dataset.zip    178MB done
Validating package files [============>-----------------------------------]  29% 2/7
[1A[2K[1A[2K[1A[2KCollecting 1 genome record [================================================] 100% 1/1
Downloading: ncbi_dataset.zip    178MB done
Validating package files [============>-----------------------------------]  29% 2/7
[1A[2K[1A[2K[1A[2KCollecting 1 genome record [================================================] 100% 1/1
Downloading: ncbi_dataset.zip    178MB done
Validating package files [============>-----------------------------------]  29% 2/7
[1A[2K[1A[2K[1A[2KCollecting 1 genome record [================================================] 100% 1/1
Downloading: ncbi_dataset.zip    178MB done
Validating package files [============>-----------------------------------]  29% 2/7
[1A[2K[1A[2K[1A[2KCollecting 1 genome record [================================================] 100% 1/1
Downloading: ncbi_dataset.zip    178MB done
Validating package files [============>-----------------------------------]  29% 2/7
[1A[2K[1A[2K[1A[2KCollecting 1 genome record [================================================] 100% 1/1
Downloading: ncbi_dataset.zip    178MB done
Validating package files [============>-----------------------------------]  29% 2/7
[1A[2K[1A[2K[1A[2KCollecting 1 genome record [================================================] 100% 1/1
Downloading: ncbi_dataset.zip    178MB done
Validating package files [============>-----------------------------------]  29% 2/7
[1A[2K[1A[2K[1A[2KCollecting 1 genome record [================================================] 100% 1/1
Downloading: ncbi_dataset.zip    178MB done
Validating package files [============>-----------------------------------]  29% 2/7
[1A[2K[1A[2K[1A[2KCollecting 1 genome record [================================================] 100% 1/1
Downloading: ncbi_dataset.zip    178MB done
Validating package files [============>-----------------------------------]  29% 2/7
[1A[2K[1A[2K[1A[2KCollecting 1 genome record [================================================] 100% 1/1
Downloading: ncbi_dataset.zip    178MB done
Validating package files [============>-----------------------------------]  29% 2/7
[1A[2K[1A[2K[1A[2KCollecting 1 genome record [================================================] 100% 1/1
Downloading: ncbi_dataset.zip    178MB done
Validating package files [============>-----------------------------------]  29% 2/7
[1A[2K[1A[2K[1A[2KCollecting 1 genome record [================================================] 100% 1/1
Downloading: ncbi_dataset.zip    178MB done
Validating package files [============>-----------------------------------]  29% 2/7
[1A[2K[1A[2K[1A[2KCollecting 1 genome record [================================================] 100% 1/1
Downloading: ncbi_dataset.zip    178MB done
Validating package files [============>-----------------------------------]  29% 2/7
[1A[2K[1A[2K[1A[2KCollecting 1 genome record [================================================] 100% 1/1
Downloading: ncbi_dataset.zip    178MB done
Validating package files [============>-----------------------------------]  29% 2/7
[1A[2K[1A[2K[1A[2KCollecting 1 genome record [================================================] 100% 1/1
Downloading: ncbi_dataset.zip    178MB done
Validating package files [============>-----------------------------------]  29% 2/7
[1A[2K[1A[2K[1A[2KCollecting 1 genome record [================================================] 100% 1/1
Downloading: ncbi_dataset.zip    178MB done
Validating package files [============>-----------------------------------]  29% 2/7
[1A[2K[1A[2K[1A[2KCollecting 1 genome record [================================================] 100% 1/1
Downloading: ncbi_dataset.zip    178MB done
Validating package files [============>-----------------------------------]  29% 2/7
[1A[2K[1A[2K[1A[2KCollecting 1 genome record [================================================] 100% 1/1
Downloading: ncbi_dataset.zip    178MB done
Validating package files [============>-----------------------------------]  29% 2/7
[1A[2K[1A[2K[1A[2KCollecting 1 genome record [================================================] 100% 1/1
Downloading: ncbi_dataset.zip    178MB done
Validating package files [============>-----------------------------------]  29% 2/7
[1A[2K[1A[2K[1A[2KCollecting 1 genome record [================================================] 100% 1/1
Downloading: ncbi_dataset.zip    178MB done
Validating package files [============>-----------------------------------]  29% 2/7
[1A[2K[1A[2K[1A[2KCollecting 1 genome record [================================================] 100% 1/1
Downloading: ncbi_dataset.zip    178MB done
Validating package files [============>-----------------------------------]  29% 2/7
[1A[2K[1A[2K[1A[2KCollecting 1 genome record [================================================] 100% 1/1
Downloading: ncbi_dataset.zip    178MB done
Validating package files [============>-----------------------------------]  29% 2/7
[1A[2K[1A[2K[1A[2KCollecting 1 genome record [================================================] 100% 1/1
Downloading: ncbi_dataset.zip    178MB done
Validating package files [============>-----------------------------------]  29% 2/7
[1A[2K[1A[2K[1A[2KCollecting 1 genome record [================================================] 100% 1/1
Downloading: ncbi_dataset.zip    178MB done
Validating package files [============>-----------------------------------]  29% 2/7
[1A[2K[1A[2K[1A[2KCollecting 1 genome record [================================================] 100% 1/1
Downloading: ncbi_dataset.zip    178MB done
Validating package files [============>-----------------------------------]  29% 2/7
[1A[2K[1A[2K[1A[2KCollecting 1 genome record [================================================] 100% 1/1
Downloading: ncbi_dataset.zip    178MB done
Validating package files [============>-----------------------------------]  29% 2/7
[1A[2K[1A[2K[1A[2KCollecting 1 genome record [================================================] 100% 1/1
Downloading: ncbi_dataset.zip    178MB done
Validating package files [============>-----------------------------------]  29% 2/7
[1A[2K[1A[2K[1A[2KCollecting 1 genome record [================================================] 100% 1/1
Downloading: ncbi_dataset.zip    178MB done
Validating package files [============>-----------------------------------]  29% 2/7
[1A[2K[1A[2K[1A[2KCollecting 1 genome record [================================================] 100% 1/1
Downloading: ncbi_dataset.zip    178MB done
Validating package files [============>-----------------------------------]  29% 2/7
[1A[2K[1A[2K[1A[2KCollecting 1 genome record [================================================] 100% 1/1
Downloading: ncbi_dataset.zip    178MB done
Validating package files [============>-----------------------------------]  29% 2/7
[1A[2K[1A[2K[1A[2KCollecting 1 genome record [================================================] 100% 1/1
Downloading: ncbi_dataset.zip    178MB done
Validating package files [============>-----------------------------------]  29% 2/7
[1A[2K[1A[2K[1A[2KCollecting 1 genome record [================================================] 100% 1/1
Downloading: ncbi_dataset.zip    178MB done
Validating package files [============>-----------------------------------]  29% 2/7
[1A[2K[1A[2K[1A[2KCollecting 1 genome record [================================================] 100% 1/1
Downloading: ncbi_dataset.zip    178MB done
Validating package files [============>-----------------------------------]  29% 2/7
[1A[2K[1A[2K[1A[2KCollecting 1 genome record [================================================] 100% 1/1
Downloading: ncbi_dataset.zip    178MB done
Validating package files [============>-----------------------------------]  29% 2/7
[1A[2K[1A[2K[1A[2KCollecting 1 genome record [================================================] 100% 1/1
Downloading: ncbi_dataset.zip    178MB done
Validating package files [============>-----------------------------------]  29% 2/7
[1A[2K[1A[2K[1A[2KCollecting 1 genome record [================================================] 100% 1/1
Downloading: ncbi_dataset.zip    178MB done
Validating package files [============>-----------------------------------]  29% 2/7
[1A[2K[1A[2K[1A[2KCollecting 1 genome record [================================================] 100% 1/1
Downloading: ncbi_dataset.zip    178MB done
Validating package files [============>-----------------------------------]  29% 2/7
[1A[2K[1A[2K[1A[2KCollecting 1 genome record [================================================] 100% 1/1
Downloading: ncbi_dataset.zip    178MB done
Validating package files [============>-----------------------------------]  29% 2/7
[1A[2K[1A[2K[1A[2KCollecting 1 genome record [================================================] 100% 1/1
Downloading: ncbi_dataset.zip    178MB done
Validating package files [============>-----------------------------------]  29% 2/7
[1A[2K[1A[2K[1A[2KCollecting 1 genome record [================================================] 100% 1/1
Downloading: ncbi_dataset.zip    178MB done
Validating package files [============>-----------------------------------]  29% 2/7
[1A[2K[1A[2K[1A[2KCollecting 1 genome record [================================================] 100% 1/1
Downloading: ncbi_dataset.zip    178MB done
Validating package files [============>-----------------------------------]  29% 2/7
[1A[2K[1A[2K[1A[2KCollecting 1 genome record [================================================] 100% 1/1
Downloading: ncbi_dataset.zip    178MB done
Validating package files [============>-----------------------------------]  29% 2/7
[1A[2K[1A[2K[1A[2KCollecting 1 genome record [================================================] 100% 1/1
Downloading: ncbi_dataset.zip    178MB done
Validating package files [============>-----------------------------------]  29% 2/7
[1A[2K[1A[2K[1A[2KCollecting 1 genome record [================================================] 100% 1/1
Downloading: ncbi_dataset.zip    178MB done
Validating package files [============>-----------------------------------]  29% 2/7
[1A[2K[1A[2K[1A[2KCollecting 1 genome record [================================================] 100% 1/1
Downloading: ncbi_dataset.zip    178MB done
Validating package files [============>-----------------------------------]  29% 2/7
[1A[2K[1A[2K[1A[2KCollecting 1 genome record [================================================] 100% 1/1
Downloading: ncbi_dataset.zip    178MB done
Validating package files [============>-----------------------------------]  29% 2/7
[1A[2K[1A[2K[1A[2KCollecting 1 genome record [================================================] 100% 1/1
Downloading: ncbi_dataset.zip    178MB done
Validating package files [============>-----------------------------------]  29% 2/7
[1A[2K[1A[2K[1A[2KCollecting 1 genome record [================================================] 100% 1/1
Downloading: ncbi_dataset.zip    178MB done
Validating package files [============>-----------------------------------]  29% 2/7
[1A[2K[1A[2K[1A[2KCollecting 1 genome record [================================================] 100% 1/1
Downloading: ncbi_dataset.zip    178MB done
Validating package files [============>-----------------------------------]  29% 2/7
[1A[2K[1A[2K[1A[2KCollecting 1 genome record [================================================] 100% 1/1
Downloading: ncbi_dataset.zip    178MB done
Validating package files [============>-----------------------------------]  29% 2/7
[1A[2K[1A[2K[1A[2KCollecting 1 genome record [================================================] 100% 1/1
Downloading: ncbi_dataset.zip    178MB done
Validating package files [============>-----------------------------------]  29% 2/7
[1A[2K[1A[2K[1A[2KCollecting 1 genome record [================================================] 100% 1/1
Downloading: ncbi_dataset.zip    178MB done
Validating package files [============>-----------------------------------]  29% 2/7
[1A[2K[1A[2K[1A[2KCollecting 1 genome record [================================================] 100% 1/1
Downloading: ncbi_dataset.zip    178MB done
Validating package files [============>-----------------------------------]  29% 2/7
[1A[2K[1A[2K[1A[2KCollecting 1 genome record [================================================] 100% 1/1
Downloading: ncbi_dataset.zip    178MB done
Validating package files [============>-----------------------------------]  29% 2/7
[1A[2K[1A[2K[1A[2KCollecting 1 genome record [================================================] 100% 1/1
Downloading: ncbi_dataset.zip    178MB done
Validating package files [============>-----------------------------------]  29% 2/7
[1A[2K[1A[2K[1A[2KCollecting 1 genome record [================================================] 100% 1/1
Downloading: ncbi_dataset.zip    178MB done
Validating package files [============>-----------------------------------]  29% 2/7
[1A[2K[1A[2K[1A[2KCollecting 1 genome record [================================================] 100% 1/1
Downloading: ncbi_dataset.zip    178MB done
Validating package files [============>-----------------------------------]  29% 2/7
[1A[2K[1A[2K[1A[2KCollecting 1 genome record [================================================] 100% 1/1
Downloading: ncbi_dataset.zip    178MB done
Validating package files [============>-----------------------------------]  29% 2/7
[1A[2K[1A[2K[1A[2KCollecting 1 genome record [================================================] 100% 1/1
Downloading: ncbi_dataset.zip    178MB done
Validating package files [============>-----------------------------------]  29% 2/7
[1A[2K[1A[2K[1A[2KCollecting 1 genome record [================================================] 100% 1/1
Downloading: ncbi_dataset.zip    178MB done
Validating package files [============>-----------------------------------]  29% 2/7
[1A[2K[1A[2K[1A[2KCollecting 1 genome record [================================================] 100% 1/1
Downloading: ncbi_dataset.zip    178MB done
Validating package files [============>-----------------------------------]  29% 2/7
[1A[2K[1A[2K[1A[2KCollecting 1 genome record [================================================] 100% 1/1
Downloading: ncbi_dataset.zip    178MB done
Validating package files [============>-----------------------------------]  29% 2/7
[1A[2K[1A[2K[1A[2KCollecting 1 genome record [================================================] 100% 1/1
Downloading: ncbi_dataset.zip    178MB done
Validating package files [============>-----------------------------------]  29% 2/7
[1A[2K[1A[2K[1A[2KCollecting 1 genome record [================================================] 100% 1/1
Downloading: ncbi_dataset.zip    178MB done
Validating package files [============>-----------------------------------]  29% 2/7
[1A[2K[1A[2K[1A[2KCollecting 1 genome record [================================================] 100% 1/1
Downloading: ncbi_dataset.zip    178MB done
Validating package files [============>-----------------------------------]  29% 2/7
[1A[2K[1A[2K[1A[2KCollecting 1 genome record [================================================] 100% 1/1
Downloading: ncbi_dataset.zip    178MB done
Validating package files [============>-----------------------------------]  29% 2/7
[1A[2K[1A[2K[1A[2KCollecting 1 genome record [================================================] 100% 1/1
Downloading: ncbi_dataset.zip    178MB done
Validating package files [============>-----------------------------------]  29% 2/7
[1A[2K[1A[2K[1A[2KCollecting 1 genome record [================================================] 100% 1/1
Downloading: ncbi_dataset.zip    178MB done
Validating package files [============>-----------------------------------]  29% 2/7
[1A[2K[1A[2K[1A[2KCollecting 1 genome record [================================================] 100% 1/1
Downloading: ncbi_dataset.zip    178MB done
Validating package files [============>-----------------------------------]  29% 2/7
[1A[2K[1A[2K[1A[2KCollecting 1 genome record [================================================] 100% 1/1
Downloading: ncbi_dataset.zip    178MB done
Validating package files [============>-----------------------------------]  29% 2/7
[1A[2K[1A[2K[1A[2KCollecting 1 genome record [================================================] 100% 1/1
Downloading: ncbi_dataset.zip    178MB done
Validating package files [============>-----------------------------------]  29% 2/7
[1A[2K[1A[2K[1A[2KCollecting 1 genome record [================================================] 100% 1/1
Downloading: ncbi_dataset.zip    178MB done
Validating package files [===================>----------------------------]  43% 3/7
[1A[2K[1A[2K[1A[2KCollecting 1 genome record [================================================] 100% 1/1
Downloading: ncbi_dataset.zip    178MB done
Validating package files [===================>----------------------------]  43% 3/7
[1A[2K[1A[2K[1A[2KCollecting 1 genome record [================================================] 100% 1/1
Downloading: ncbi_dataset.zip    178MB done
Validating package files [===================>----------------------------]  43% 3/7
[1A[2K[1A[2K[1A[2KCollecting 1 genome record [================================================] 100% 1/1
Downloading: ncbi_dataset.zip    178MB done
Validating package files [===================>----------------------------]  43% 3/7
[1A[2K[1A[2K[1A[2KCollecting 1 genome record [================================================] 100% 1/1
Downloading: ncbi_dataset.zip    178MB done
Validating package files [===================>----------------------------]  43% 3/7
[1A[2K[1A[2K[1A[2KCollecting 1 genome record [================================================] 100% 1/1
Downloading: ncbi_dataset.zip    178MB done
Validating package files [===================>----------------------------]  43% 3/7
[1A[2K[1A[2K[1A[2KCollecting 1 genome record [================================================] 100% 1/1
Downloading: ncbi_dataset.zip    178MB done
Validating package files [===================>----------------------------]  43% 3/7
[1A[2K[1A[2K[1A[2KCollecting 1 genome record [================================================] 100% 1/1
Downloading: ncbi_dataset.zip    178MB done
Validating package files [===================>----------------------------]  43% 3/7
[1A[2K[1A[2K[1A[2KCollecting 1 genome record [================================================] 100% 1/1
Downloading: ncbi_dataset.zip    178MB done
Validating package files [===================>----------------------------]  43% 3/7
[1A[2K[1A[2K[1A[2KCollecting 1 genome record [================================================] 100% 1/1
Downloading: ncbi_dataset.zip    178MB done
Validating package files [===================>----------------------------]  43% 3/7
[1A[2K[1A[2K[1A[2KCollecting 1 genome record [================================================] 100% 1/1
Downloading: ncbi_dataset.zip    178MB done
Validating package files [===================>----------------------------]  43% 3/7
[1A[2K[1A[2K[1A[2KCollecting 1 genome record [================================================] 100% 1/1
Downloading: ncbi_dataset.zip    178MB done
Validating package files [===================>----------------------------]  43% 3/7
[1A[2K[1A[2K[1A[2KCollecting 1 genome record [================================================] 100% 1/1
Downloading: ncbi_dataset.zip    178MB done
Validating package files [===================>----------------------------]  43% 3/7
[1A[2K[1A[2K[1A[2KCollecting 1 genome record [================================================] 100% 1/1
Downloading: ncbi_dataset.zip    178MB done
Validating package files [===================>----------------------------]  43% 3/7
[1A[2K[1A[2K[1A[2KCollecting 1 genome record [================================================] 100% 1/1
Downloading: ncbi_dataset.zip    178MB done
Validating package files [===================>----------------------------]  43% 3/7
[1A[2K[1A[2K[1A[2KCollecting 1 genome record [================================================] 100% 1/1
Downloading: ncbi_dataset.zip    178MB done
Validating package files [===================>----------------------------]  43% 3/7
[1A[2K[1A[2K[1A[2KCollecting 1 genome record [================================================] 100% 1/1
Downloading: ncbi_dataset.zip    178MB done
Validating package files [===================>----------------------------]  43% 3/7
[1A[2K[1A[2K[1A[2KCollecting 1 genome record [================================================] 100% 1/1
Downloading: ncbi_dataset.zip    178MB done
Validating package files [===================>----------------------------]  43% 3/7
[1A[2K[1A[2K[1A[2KCollecting 1 genome record [================================================] 100% 1/1
Downloading: ncbi_dataset.zip    178MB done
Validating package files [===================>----------------------------]  43% 3/7
[1A[2K[1A[2K[1A[2KCollecting 1 genome record [================================================] 100% 1/1
Downloading: ncbi_dataset.zip    178MB done
Validating package files [===================>----------------------------]  43% 3/7
[1A[2K[1A[2K[1A[2KCollecting 1 genome record [================================================] 100% 1/1
Downloading: ncbi_dataset.zip    178MB done
Validating package files [===================>----------------------------]  43% 3/7
[1A[2K[1A[2K[1A[2KCollecting 1 genome record [================================================] 100% 1/1
Downloading: ncbi_dataset.zip    178MB done
Validating package files [===================>----------------------------]  43% 3/7
[1A[2K[1A[2K[1A[2KCollecting 1 genome record [================================================] 100% 1/1
Downloading: ncbi_dataset.zip    178MB done
Validating package files [===================>----------------------------]  43% 3/7
[1A[2K[1A[2K[1A[2KCollecting 1 genome record [================================================] 100% 1/1
Downloading: ncbi_dataset.zip    178MB done
Validating package files [===================>----------------------------]  43% 3/7
[1A[2K[1A[2K[1A[2KCollecting 1 genome record [================================================] 100% 1/1
Downloading: ncbi_dataset.zip    178MB done
Validating package files [===================>----------------------------]  43% 3/7
[1A[2K[1A[2K[1A[2KCollecting 1 genome record [================================================] 100% 1/1
Downloading: ncbi_dataset.zip    178MB done
Validating package files [==========================>---------------------]  57% 4/7
[1A[2K[1A[2K[1A[2KCollecting 1 genome record [================================================] 100% 1/1
Downloading: ncbi_dataset.zip    178MB done
Validating package files [==========================>---------------------]  57% 4/7
[1A[2K[1A[2K[1A[2KCollecting 1 genome record [================================================] 100% 1/1
Downloading: ncbi_dataset.zip    178MB done
Validating package files [==========================>---------------------]  57% 4/7
[1A[2K[1A[2K[1A[2KCollecting 1 genome record [================================================] 100% 1/1
Downloading: ncbi_dataset.zip    178MB done
Validating package files [==========================>---------------------]  57% 4/7
[1A[2K[1A[2K[1A[2KCollecting 1 genome record [================================================] 100% 1/1
Downloading: ncbi_dataset.zip    178MB done
Validating package files [==========================>---------------------]  57% 4/7
[1A[2K[1A[2K[1A[2KCollecting 1 genome record [================================================] 100% 1/1
Downloading: ncbi_dataset.zip    178MB done
Validating package files [==========================>---------------------]  57% 4/7
[1A[2K[1A[2K[1A[2KCollecting 1 genome record [================================================] 100% 1/1
Downloading: ncbi_dataset.zip    178MB done
Validating package files [==========================>---------------------]  57% 4/7
[1A[2K[1A[2K[1A[2KCollecting 1 genome record [================================================] 100% 1/1
Downloading: ncbi_dataset.zip    178MB done
Validating package files [==========================>---------------------]  57% 4/7
[1A[2K[1A[2K[1A[2KCollecting 1 genome record [================================================] 100% 1/1
Downloading: ncbi_dataset.zip    178MB done
Validating package files [==========================>---------------------]  57% 4/7
[1A[2K[1A[2K[1A[2KCollecting 1 genome record [================================================] 100% 1/1
Downloading: ncbi_dataset.zip    178MB done
Validating package files [==========================>---------------------]  57% 4/7
[1A[2K[1A[2K[1A[2KCollecting 1 genome record [================================================] 100% 1/1
Downloading: ncbi_dataset.zip    178MB done
Validating package files [==========================>---------------------]  57% 4/7
[1A[2K[1A[2K[1A[2KCollecting 1 genome record [================================================] 100% 1/1
Downloading: ncbi_dataset.zip    178MB done
Validating package files [==========================>---------------------]  57% 4/7
[1A[2K[1A[2K[1A[2KCollecting 1 genome record [================================================] 100% 1/1
Downloading: ncbi_dataset.zip    178MB done
Validating package files [==========================>---------------------]  57% 4/7
[1A[2K[1A[2K[1A[2KCollecting 1 genome record [================================================] 100% 1/1
Downloading: ncbi_dataset.zip    178MB done
Validating package files [==========================>---------------------]  57% 4/7
[1A[2K[1A[2K[1A[2KCollecting 1 genome record [================================================] 100% 1/1
Downloading: ncbi_dataset.zip    178MB done
Validating package files [==========================>---------------------]  57% 4/7
[1A[2K[1A[2K[1A[2KCollecting 1 genome record [================================================] 100% 1/1
Downloading: ncbi_dataset.zip    178MB valid data package
Validating package files [================================================] 100% 7/7
[INFO] Raw protein.faa contains 43041 sequences
[INFO] Step 2: agat longest-isoform filtering...
[INFO] After filtering: 29741 genes, 26689 mRNA features (should be ~1:1)
[INFO] Step 3: gffread translation...
FASTA index file /bank/ncbi/gnathostome/Tmp/7739/01_raw/genomic.fna.fai created.
[INFO] Filtered protein set contains 26689 sequences
[INFO] Step 4: basic stats...
[INFO] Step 5: BUSCO...
/rna/liha/miniconda3/envs/busco/bin/busco:25: SyntaxWarning: invalid escape sequence '\w'
  "cannot import name '(?P<module_name>[\w]+)", err.msg
/rna/liha/miniconda3/envs/busco/bin/busco:25: SyntaxWarning: invalid escape sequence '\w'
  "cannot import name '(?P<module_name>[\w]+)", err.msg
/rna/liha/miniconda3/envs/busco/bin/busco:25: SyntaxWarning: invalid escape sequence '\w'
  "cannot import name '(?P<module_name>[\w]+)", err.msg
/rna/liha/miniconda3/envs/busco/bin/busco:25: SyntaxWarning: invalid escape sequence '\w'
  "cannot import name '(?P<module_name>[\w]+)", err.msg
/rna/liha/miniconda3/envs/busco/bin/busco:25: SyntaxWarning: invalid escape sequence '\w'
  "cannot import name '(?P<module_name>[\w]+)", err.msg
/rna/liha/miniconda3/envs/busco/bin/busco:25: SyntaxWarning: invalid escape sequence '\w'
  "cannot import name '(?P<module_name>[\w]+)", err.msg
/rna/liha/miniconda3/envs/busco/bin/busco:25: SyntaxWarning: invalid escape sequence '\w'
  "cannot import name '(?P<module_name>[\w]+)", err.msg
/rna/liha/miniconda3/envs/busco/bin/busco:25: SyntaxWarning: invalid escape sequence '\w'
  "cannot import name '(?P<module_name>[\w]+)", err.msg
/rna/liha/miniconda3/envs/busco/bin/busco:25: SyntaxWarning: invalid escape sequence '\w'
  "cannot import name '(?P<module_name>[\w]+)", err.msg
[INFO] Step 6: OMArk...
================================================================================

   _____ _____ _____
  |     |     |  _  |_____ ___ ___
  |  |  | | | |     |     | -_|  _|
  |_____|_|_|_|__|__|_|_|_|___|_|   v2.1.2

  OMAmer is licensed under the GNU Lesser General Public License 3.0 (LGPL-3.0).
    
================================================================================

Loading required libraries  [DONE]

================================================================================

Running OMAmer on pichu, using:
 - database: /bank/ncbi/gnathostome/OMArk/LUCA.h5
 - query: /bank/ncbi/gnathostome/Tmp/7739/02_filtered/longest_isoform.faa
 - version: 2.1.2

================================================================================

Loading data required for OMAmer search from database...
 - taxonomy information (0.0s) [DONE]
 - family information (0.0s) [DONE]
 - sub-family information (0.5s) [DONE]
 - family hierarchy (0.0s) [DONE]
 - k-mer index (23.7s) [DONE]
 - family probability estimates (0.0s) [DONE]
 - sub-family probability estimates (0.1s) [DONE]

Finished loading required data

================================================================================

[?25lSearching -  0 queries in 0s (0.0 queries/s) Searching -  0 queries in 5s (0.0 queries/s) Searching -  0 queries in 10s (0.0 queries/s) Searching -  0 queries in 15s (0.0 queries/s) Searching -  0 queries in 20s (0.0 queries/s) Searching -  0 queries in 25s (0.0 queries/s) Searching -  0 queries in 30s (0.0 queries/s) Searching -  0 queries in 35s (0.0 queries/s) Searching -  0 queries in 40s (0.0 queries/s) Searching -  0 queries in 45s (0.0 queries/s) Searching -  0 queries in 50s (0.0 queries/s) Searching -  0 queries in 55s (0.0 queries/s) Searching -  10000 queries in 1:00 (166.4 queries/s) Searching -  10000 queries in 1:05 (162.6 queries/s) Searching -  10000 queries in 1:10 (156.6 queries/s) Searching -  10000 queries in 1:15 (149.6 queries/s) Searching -  10000 queries in 1:20 (142.2 queries/s) Searching -  10000 queries in 1:25 (134.8 queries/s) Searching -  10000 queries in 1:30 (127.6 queries/s) Searching -  20000 queries in 1:35 (152.4 queries/s) Searching -  20000 queries in 1:40 (166.7 queries/s) Searching -  20000 queries in 1:45 (173.8 queries/s) Searching -  20000 queries in 1:50 (176.1 queries/s) Searching -  20000 queries in 1:55 (175.4 queries/s) [?25h[JSearching -  26689 queries in 2:00.1 (189.46 queries/s) 

================================================================================

OMAmer search complete:
 - results written to: /bank/ncbi/gnathostome/Tmp/7739/05_omark/7739.omamer
 - total 144.69 seconds
 - search phase only 229.59 queries/s


Note: family p-values are stated in negative log units.
================================================================================

Thank you for using OMAmer. If you use OMAmer in your research, please cite:

Victor Rossier, Alex Warwick Vesztrocy, Marc Robinson-Rechavi, Christophe Dessimoz, OMAmer: tree-driven and alignment-free protein assignment to subfamilies outperforms closest sequence approaches, Bioinformatics, Volume 37, Issue 18, September 2021, Pages 2866-2873, https://doi.org/10.1093/bioinformatics/btab219


OMAmer uses data from the OMA browser. Results can be interpreted further using:
 - OMA browser website (https://omabrowser.org)
 - PyOMADB, the Python OMA API client (https://github.com/DessimozLab/pyomadb)

================================================================================
WARNING: The selected ancestral lineage is from the phylum rank or higher which means the target species' taxonomic division is not well sampled in our database. The results may lack accuracy.
[INFO] Step 7: saving results to /rna/liha/phylogenomics_practice/QC-DB/Results/Obazoa-Holozoa-Metazoa-Chordata-Cephalochordata_7739 and cleaning up Tmp...
[DONE] taxid=7739 finished. Results under /rna/liha/phylogenomics_practice/QC-DB/Results/Obazoa-Holozoa-Metazoa-Chordata-Cephalochordata_7739, Tmp cleaned.
