[INFO] === taxid=7574 accession=GCF_001039355.2 ===
[INFO] Step 1: downloading assembly data...
New version of client (18.34.0) available at https://ftp.ncbi.nlm.nih.gov/pub/datasets/command-line/LATEST/linux-amd64/datasets.
Collecting 1 genome record [------------------------------------------------]   0% 0/1
[1A[2KCollecting 1 genome record [------------------------------------------------]   0% 0/1
[1A[2KCollecting 1 genome record [------------------------------------------------]   0% 0/1
[1A[2KCollecting 1 genome record [------------------------------------------------]   0% 0/1
[1A[2KCollecting 1 genome record [------------------------------------------------]   0% 0/1
[1A[2KCollecting 1 genome record [------------------------------------------------]   0% 0/1
[1A[2KCollecting 1 genome record [------------------------------------------------]   0% 0/1
[1A[2KCollecting 1 genome record [------------------------------------------------]   0% 0/1
[1A[2KCollecting 1 genome record [------------------------------------------------]   0% 0/1
[1A[2KCollecting 1 genome record [------------------------------------------------]   0% 0/1
[1A[2KCollecting 1 genome record [------------------------------------------------]   0% 0/1
[1A[2KCollecting 1 genome record [------------------------------------------------]   0% 0/1
[1A[2KCollecting 1 genome record [------------------------------------------------]   0% 0/1
[1A[2KCollecting 1 genome record [------------------------------------------------]   0% 0/1
[1A[2KCollecting 1 genome record [------------------------------------------------]   0% 0/1
[1A[2KCollecting 1 genome record [------------------------------------------------]   0% 0/1
[1A[2KCollecting 1 genome record [------------------------------------------------]   0% 0/1
[1A[2KCollecting 1 genome record [------------------------------------------------]   0% 0/1
[1A[2KCollecting 1 genome record [------------------------------------------------]   0% 0/1
[1A[2KCollecting 1 genome record [------------------------------------------------]   0% 0/1
[1A[2KCollecting 1 genome record [------------------------------------------------]   0% 0/1
[1A[2KCollecting 1 genome record [------------------------------------------------]   0% 0/1
[1A[2KCollecting 1 genome record [------------------------------------------------]   0% 0/1
[1A[2KCollecting 1 genome record [------------------------------------------------]   0% 0/1
[1A[2KCollecting 1 genome record [------------------------------------------------]   0% 0/1
[1A[2KCollecting 1 genome record [------------------------------------------------]   0% 0/1
[1A[2KCollecting 1 genome record [------------------------------------------------]   0% 0/1
[1A[2KCollecting 1 genome record [------------------------------------------------]   0% 0/1
[1A[2KCollecting 1 genome record [------------------------------------------------]   0% 0/1
[1A[2KCollecting 1 genome record [------------------------------------------------]   0% 0/1
[1A[2KCollecting 1 genome record [------------------------------------------------]   0% 0/1
[1A[2KCollecting 1 genome record [------------------------------------------------]   0% 0/1
[1A[2KCollecting 1 genome record [------------------------------------------------]   0% 0/1
[1A[2KCollecting 1 genome record [------------------------------------------------]   0% 0/1
[1A[2KCollecting 1 genome record [------------------------------------------------]   0% 0/1
[1A[2KCollecting 1 genome record [------------------------------------------------]   0% 0/1
[1A[2KCollecting 1 genome record [------------------------------------------------]   0% 0/1
[1A[2KCollecting 1 genome record [------------------------------------------------]   0% 0/1
[1A[2KCollecting 1 genome record [------------------------------------------------]   0% 0/1
[1A[2KCollecting 1 genome record [------------------------------------------------]   0% 0/1
[1A[2KCollecting 1 genome record [------------------------------------------------]   0% 0/1
[1A[2KCollecting 1 genome record [------------------------------------------------]   0% 0/1
[1A[2KCollecting 1 genome record [------------------------------------------------]   0% 0/1
[1A[2KCollecting 1 genome record [------------------------------------------------]   0% 0/1
[1A[2KCollecting 1 genome record [------------------------------------------------]   0% 0/1
[1A[2KCollecting 1 genome record [------------------------------------------------]   0% 0/1
[1A[2KCollecting 1 genome record [------------------------------------------------]   0% 0/1
[1A[2KCollecting 1 genome record [------------------------------------------------]   0% 0/1
[1A[2KCollecting 1 genome record [------------------------------------------------]   0% 0/1
[1A[2KCollecting 1 genome record [------------------------------------------------]   0% 0/1
[1A[2KCollecting 1 genome record [------------------------------------------------]   0% 0/1
[1A[2KCollecting 1 genome record [------------------------------------------------]   0% 0/1
[1A[2KCollecting 1 genome record [------------------------------------------------]   0% 0/1
[1A[2KCollecting 1 genome record [------------------------------------------------]   0% 0/1
[1A[2KCollecting 1 genome record [------------------------------------------------]   0% 0/1
[1A[2KCollecting 1 genome record [------------------------------------------------]   0% 0/1
[1A[2KCollecting 1 genome record [------------------------------------------------]   0% 0/1
[1A[2KCollecting 1 genome record [================================================] 100% 1/1
[1A[2KCollecting 1 genome record [================================================] 100% 1/1
[1A[2KCollecting 1 genome record [================================================] 100% 1/1
[1A[2KCollecting 1 genome record [================================================] 100% 1/1
[1A[2KCollecting 1 genome record [================================================] 100% 1/1
[1A[2KCollecting 1 genome record [================================================] 100% 1/1
[1A[2KCollecting 1 genome record [================================================] 100% 1/1
[1A[2KCollecting 1 genome record [================================================] 100% 1/1
[1A[2KCollecting 1 genome record [================================================] 100% 1/1
[1A[2KCollecting 1 genome record [================================================] 100% 1/1
[1A[2KCollecting 1 genome record [================================================] 100% 1/1
[1A[2KCollecting 1 genome record [================================================] 100% 1/1
[1A[2KCollecting 1 genome record [================================================] 100% 1/1
[1A[2KCollecting 1 genome record [================================================] 100% 1/1
[1A[2KCollecting 1 genome record [================================================] 100% 1/1
[1A[2KCollecting 1 genome record [================================================] 100% 1/1
[1A[2KCollecting 1 genome record [================================================] 100% 1/1
[1A[2KCollecting 1 genome record [================================================] 100% 1/1
[1A[2KCollecting 1 genome record [================================================] 100% 1/1
[1A[2KCollecting 1 genome record [================================================] 100% 1/1
[1A[2KCollecting 1 genome record [================================================] 100% 1/1
[1A[2KCollecting 1 genome record [================================================] 100% 1/1
[1A[2KCollecting 1 genome record [================================================] 100% 1/1
[1A[2KCollecting 1 genome record [================================================] 100% 1/1
[1A[2KCollecting 1 genome record [================================================] 100% 1/1
[1A[2KCollecting 1 genome record [================================================] 100% 1/1
[1A[2KCollecting 1 genome record [================================================] 100% 1/1
[1A[2KCollecting 1 genome record [================================================] 100% 1/1
[1A[2KCollecting 1 genome record [================================================] 100% 1/1
[1A[2KCollecting 1 genome record [================================================] 100% 1/1
[1A[2KCollecting 1 genome record [================================================] 100% 1/1
[1A[2KCollecting 1 genome record [================================================] 100% 1/1
[1A[2KCollecting 1 genome record [================================================] 100% 1/1
[1A[2KCollecting 1 genome record [================================================] 100% 1/1
[1A[2KCollecting 1 genome record [================================================] 100% 1/1
[1A[2KCollecting 1 genome record [================================================] 100% 1/1
[1A[2KCollecting 1 genome record [================================================] 100% 1/1
[1A[2KCollecting 1 genome record [================================================] 100% 1/1
[1A[2KCollecting 1 genome record [================================================] 100% 1/1
[1A[2KCollecting 1 genome record [================================================] 100% 1/1
[1A[2KCollecting 1 genome record [================================================] 100% 1/1
[1A[2KCollecting 1 genome record [================================================] 100% 1/1
[1A[2KCollecting 1 genome record [================================================] 100% 1/1
[1A[2KCollecting 1 genome record [================================================] 100% 1/1
[1A[2KCollecting 1 genome record [================================================] 100% 1/1
[1A[2KCollecting 1 genome record [================================================] 100% 1/1
[1A[2KCollecting 1 genome record [================================================] 100% 1/1
[1A[2KCollecting 1 genome record [================================================] 100% 1/1
[1A[2KCollecting 1 genome record [================================================] 100% 1/1
[1A[2KCollecting 1 genome record [================================================] 100% 1/1
[1A[2KCollecting 1 genome record [================================================] 100% 1/1
[1A[2KCollecting 1 genome record [================================================] 100% 1/1
[1A[2KCollecting 1 genome record [================================================] 100% 1/1
[1A[2KCollecting 1 genome record [================================================] 100% 1/1
[1A[2KCollecting 1 genome record [================================================] 100% 1/1
[1A[2KCollecting 1 genome record [================================================] 100% 1/1
[1A[2KCollecting 1 genome record [================================================] 100% 1/1
[1A[2KCollecting 1 genome record [================================================] 100% 1/1
[1A[2KCollecting 1 genome record [================================================] 100% 1/1
[1A[2KCollecting 1 genome record [================================================] 100% 1/1
[1A[2KCollecting 1 genome record [================================================] 100% 1/1
[1A[2KCollecting 1 genome record [================================================] 100% 1/1
[1A[2KCollecting 1 genome record [================================================] 100% 1/1
Downloading: ncbi_dataset.zip    3kB 25.3MB/s
[1A[2K[1A[2KCollecting 1 genome record [================================================] 100% 1/1
Downloading: ncbi_dataset.zip    3kB 25.3MB/s
[1A[2K[1A[2KCollecting 1 genome record [================================================] 100% 1/1
Downloading: ncbi_dataset.zip    3kB 25.3MB/s
[1A[2K[1A[2KCollecting 1 genome record [================================================] 100% 1/1
Downloading: ncbi_dataset.zip    3kB 25.3MB/s
[1A[2K[1A[2KCollecting 1 genome record [================================================] 100% 1/1
Downloading: ncbi_dataset.zip    3.12kB 83.8kB/s
[1A[2K[1A[2KCollecting 1 genome record [================================================] 100% 1/1
Downloading: ncbi_dataset.zip    3.12kB 83.8kB/s
[1A[2K[1A[2KCollecting 1 genome record [================================================] 100% 1/1
Downloading: ncbi_dataset.zip    3.12kB 83.8kB/s
[1A[2K[1A[2KCollecting 1 genome record [================================================] 100% 1/1
Downloading: ncbi_dataset.zip    8.65kB 133kB/s
[1A[2K[1A[2KCollecting 1 genome record [================================================] 100% 1/1
Downloading: ncbi_dataset.zip    8.65kB 133kB/s
[1A[2K[1A[2KCollecting 1 genome record [================================================] 100% 1/1
Downloading: ncbi_dataset.zip    8.65kB 133kB/s
[1A[2K[1A[2KCollecting 1 genome record [================================================] 100% 1/1
Downloading: ncbi_dataset.zip    8.65kB 133kB/s
[1A[2K[1A[2KCollecting 1 genome record [================================================] 100% 1/1
Downloading: ncbi_dataset.zip    8.65kB 133kB/s
[1A[2K[1A[2KCollecting 1 genome record [================================================] 100% 1/1
Downloading: ncbi_dataset.zip    8.65kB 133kB/s
[1A[2K[1A[2KCollecting 1 genome record [================================================] 100% 1/1
Downloading: ncbi_dataset.zip    8.65kB 133kB/s
[1A[2K[1A[2KCollecting 1 genome record [================================================] 100% 1/1
Downloading: ncbi_dataset.zip    8.65kB 133kB/s
[1A[2K[1A[2KCollecting 1 genome record [================================================] 100% 1/1
Downloading: ncbi_dataset.zip    8.65kB 133kB/s
[1A[2K[1A[2KCollecting 1 genome record [================================================] 100% 1/1
Downloading: ncbi_dataset.zip    8.65kB 133kB/s
[1A[2K[1A[2KCollecting 1 genome record [================================================] 100% 1/1
Downloading: ncbi_dataset.zip    8.65kB 133kB/s
[1A[2K[1A[2KCollecting 1 genome record [================================================] 100% 1/1
Downloading: ncbi_dataset.zip    8.65kB 133kB/s
[1A[2K[1A[2KCollecting 1 genome record [================================================] 100% 1/1
Downloading: ncbi_dataset.zip    8.65kB 133kB/s
[1A[2K[1A[2KCollecting 1 genome record [================================================] 100% 1/1
Downloading: ncbi_dataset.zip    8.65kB 133kB/s
[1A[2K[1A[2KCollecting 1 genome record [================================================] 100% 1/1
Downloading: ncbi_dataset.zip    8.65kB 133kB/s
[1A[2K[1A[2KCollecting 1 genome record [================================================] 100% 1/1
Downloading: ncbi_dataset.zip    8.65kB 133kB/s
[1A[2K[1A[2KCollecting 1 genome record [================================================] 100% 1/1
Downloading: ncbi_dataset.zip    8.65kB 133kB/s
[1A[2K[1A[2KCollecting 1 genome record [================================================] 100% 1/1
Downloading: ncbi_dataset.zip    32.8kB 138kB/s
[1A[2K[1A[2KCollecting 1 genome record [================================================] 100% 1/1
Downloading: ncbi_dataset.zip    32.8kB 138kB/s
[1A[2K[1A[2KCollecting 1 genome record [================================================] 100% 1/1
Downloading: ncbi_dataset.zip    32.8kB 138kB/s
[1A[2K[1A[2KCollecting 1 genome record [================================================] 100% 1/1
Downloading: ncbi_dataset.zip    32.8kB 138kB/s
[1A[2K[1A[2KCollecting 1 genome record [================================================] 100% 1/1
Downloading: ncbi_dataset.zip    32.8kB 138kB/s
[1A[2K[1A[2KCollecting 1 genome record [================================================] 100% 1/1
Downloading: ncbi_dataset.zip    32.8kB 138kB/s
[1A[2K[1A[2KCollecting 1 genome record [================================================] 100% 1/1
Downloading: ncbi_dataset.zip    32.8kB 138kB/s
[1A[2K[1A[2KCollecting 1 genome record [================================================] 100% 1/1
Downloading: ncbi_dataset.zip    32.8kB 138kB/s
[1A[2K[1A[2KCollecting 1 genome record [================================================] 100% 1/1
Downloading: ncbi_dataset.zip    32.8kB 138kB/s
[1A[2K[1A[2KCollecting 1 genome record [================================================] 100% 1/1
Downloading: ncbi_dataset.zip    32.8kB 138kB/s
[1A[2K[1A[2KCollecting 1 genome record [================================================] 100% 1/1
Downloading: ncbi_dataset.zip    65.5kB 188kB/s
[1A[2K[1A[2KCollecting 1 genome record [================================================] 100% 1/1
Downloading: ncbi_dataset.zip    65.5kB 188kB/s
[1A[2K[1A[2KCollecting 1 genome record [================================================] 100% 1/1
Downloading: ncbi_dataset.zip    65.5kB 188kB/s
[1A[2K[1A[2KCollecting 1 genome record [================================================] 100% 1/1
Downloading: ncbi_dataset.zip    65.5kB 188kB/s
[1A[2K[1A[2KCollecting 1 genome record [================================================] 100% 1/1
Downloading: ncbi_dataset.zip    65.5kB 188kB/s
[1A[2K[1A[2KCollecting 1 genome record [================================================] 100% 1/1
Downloading: ncbi_dataset.zip    65.5kB 188kB/s
[1A[2K[1A[2KCollecting 1 genome record [================================================] 100% 1/1
Downloading: ncbi_dataset.zip    98.3kB 238kB/s
[1A[2K[1A[2KCollecting 1 genome record [================================================] 100% 1/1
Downloading: ncbi_dataset.zip    98.3kB 238kB/s
[1A[2K[1A[2KCollecting 1 genome record [================================================] 100% 1/1
Downloading: ncbi_dataset.zip    98.3kB 238kB/s
[1A[2K[1A[2KCollecting 1 genome record [================================================] 100% 1/1
Downloading: ncbi_dataset.zip    98.3kB 238kB/s
[1A[2K[1A[2KCollecting 1 genome record [================================================] 100% 1/1
Downloading: ncbi_dataset.zip    98.3kB 238kB/s
[1A[2K[1A[2KCollecting 1 genome record [================================================] 100% 1/1
Downloading: ncbi_dataset.zip    98.3kB 238kB/s
[1A[2K[1A[2KCollecting 1 genome record [================================================] 100% 1/1
Downloading: ncbi_dataset.zip    98.3kB 238kB/s
[1A[2K[1A[2KCollecting 1 genome record [================================================] 100% 1/1
Downloading: ncbi_dataset.zip    98.3kB 238kB/s
[1A[2K[1A[2KCollecting 1 genome record [================================================] 100% 1/1
Downloading: ncbi_dataset.zip    98.3kB 238kB/s
[1A[2K[1A[2KCollecting 1 genome record [================================================] 100% 1/1
Downloading: ncbi_dataset.zip    98.3kB 238kB/s
[1A[2K[1A[2KCollecting 1 genome record [================================================] 100% 1/1
Downloading: ncbi_dataset.zip    98.3kB 238kB/s
[1A[2K[1A[2KCollecting 1 genome record [================================================] 100% 1/1
Downloading: ncbi_dataset.zip    131kB 250kB/s
[1A[2K[1A[2KCollecting 1 genome record [================================================] 100% 1/1
Downloading: ncbi_dataset.zip    164kB 310kB/s
[1A[2K[1A[2KCollecting 1 genome record [================================================] 100% 1/1
Downloading: ncbi_dataset.zip    164kB 310kB/s
[1A[2K[1A[2KCollecting 1 genome record [================================================] 100% 1/1
Downloading: ncbi_dataset.zip    164kB 310kB/s
[1A[2K[1A[2KCollecting 1 genome record [================================================] 100% 1/1
Downloading: ncbi_dataset.zip    164kB 310kB/s
[1A[2K[1A[2KCollecting 1 genome record [================================================] 100% 1/1
Downloading: ncbi_dataset.zip    164kB 310kB/s
[1A[2K[1A[2KCollecting 1 genome record [================================================] 100% 1/1
Downloading: ncbi_dataset.zip    229kB 392kB/s
[1A[2K[1A[2KCollecting 1 genome record [================================================] 100% 1/1
Downloading: ncbi_dataset.zip    229kB 392kB/s
[1A[2K[1A[2KCollecting 1 genome record [================================================] 100% 1/1
Downloading: ncbi_dataset.zip    229kB 392kB/s
[1A[2K[1A[2KCollecting 1 genome record [================================================] 100% 1/1
Downloading: ncbi_dataset.zip    229kB 392kB/s
[1A[2K[1A[2KCollecting 1 genome record [================================================] 100% 1/1
Downloading: ncbi_dataset.zip    229kB 392kB/s
[1A[2K[1A[2KCollecting 1 genome record [================================================] 100% 1/1
Downloading: ncbi_dataset.zip    229kB 392kB/s
[1A[2K[1A[2KCollecting 1 genome record [================================================] 100% 1/1
Downloading: ncbi_dataset.zip    229kB 392kB/s
[1A[2K[1A[2KCollecting 1 genome record [================================================] 100% 1/1
Downloading: ncbi_dataset.zip    229kB 392kB/s
[1A[2K[1A[2KCollecting 1 genome record [================================================] 100% 1/1
Downloading: ncbi_dataset.zip    229kB 392kB/s
[1A[2K[1A[2KCollecting 1 genome record [================================================] 100% 1/1
Downloading: ncbi_dataset.zip    229kB 392kB/s
[1A[2K[1A[2KCollecting 1 genome record [================================================] 100% 1/1
Downloading: ncbi_dataset.zip    229kB 392kB/s
[1A[2K[1A[2KCollecting 1 genome record [================================================] 100% 1/1
Downloading: ncbi_dataset.zip    360kB 513kB/s
[1A[2K[1A[2KCollecting 1 genome record [================================================] 100% 1/1
Downloading: ncbi_dataset.zip    360kB 513kB/s
[1A[2K[1A[2KCollecting 1 genome record [================================================] 100% 1/1
Downloading: ncbi_dataset.zip    360kB 513kB/s
[1A[2K[1A[2KCollecting 1 genome record [================================================] 100% 1/1
Downloading: ncbi_dataset.zip    360kB 513kB/s
[1A[2K[1A[2KCollecting 1 genome record [================================================] 100% 1/1
Downloading: ncbi_dataset.zip    393kB 533kB/s
[1A[2K[1A[2KCollecting 1 genome record [================================================] 100% 1/1
Downloading: ncbi_dataset.zip    393kB 533kB/s
[1A[2K[1A[2KCollecting 1 genome record [================================================] 100% 1/1
Downloading: ncbi_dataset.zip    492kB 646kB/s
[1A[2K[1A[2KCollecting 1 genome record [================================================] 100% 1/1
Downloading: ncbi_dataset.zip    492kB 646kB/s
[1A[2K[1A[2KCollecting 1 genome record [================================================] 100% 1/1
Downloading: ncbi_dataset.zip    492kB 646kB/s
[1A[2K[1A[2KCollecting 1 genome record [================================================] 100% 1/1
Downloading: ncbi_dataset.zip    492kB 646kB/s
[1A[2K[1A[2KCollecting 1 genome record [================================================] 100% 1/1
Downloading: ncbi_dataset.zip    492kB 646kB/s
[1A[2K[1A[2KCollecting 1 genome record [================================================] 100% 1/1
Downloading: ncbi_dataset.zip    492kB 646kB/s
[1A[2K[1A[2KCollecting 1 genome record [================================================] 100% 1/1
Downloading: ncbi_dataset.zip    492kB 646kB/s
[1A[2K[1A[2KCollecting 1 genome record [================================================] 100% 1/1
Downloading: ncbi_dataset.zip    492kB 646kB/s
[1A[2K[1A[2KCollecting 1 genome record [================================================] 100% 1/1
Downloading: ncbi_dataset.zip    492kB 646kB/s
[1A[2K[1A[2KCollecting 1 genome record [================================================] 100% 1/1
Downloading: ncbi_dataset.zip    492kB 646kB/s
[1A[2K[1A[2KCollecting 1 genome record [================================================] 100% 1/1
Downloading: ncbi_dataset.zip    590kB 679kB/s
[1A[2K[1A[2KCollecting 1 genome record [================================================] 100% 1/1
Downloading: ncbi_dataset.zip    754kB 859kB/s
[1A[2K[1A[2KCollecting 1 genome record [================================================] 100% 1/1
Downloading: ncbi_dataset.zip    754kB 859kB/s
[1A[2K[1A[2KCollecting 1 genome record [================================================] 100% 1/1
Downloading: ncbi_dataset.zip    754kB 859kB/s
[1A[2K[1A[2KCollecting 1 genome record [================================================] 100% 1/1
Downloading: ncbi_dataset.zip    786kB 863kB/s
[1A[2K[1A[2KCollecting 1 genome record [================================================] 100% 1/1
Downloading: ncbi_dataset.zip    852kB 933kB/s
[1A[2K[1A[2KCollecting 1 genome record [================================================] 100% 1/1
Downloading: ncbi_dataset.zip    885kB 950kB/s
[1A[2K[1A[2KCollecting 1 genome record [================================================] 100% 1/1
Downloading: ncbi_dataset.zip    1.02MB 1.08MB/s
[1A[2K[1A[2KCollecting 1 genome record [================================================] 100% 1/1
Downloading: ncbi_dataset.zip    1.02MB 1.08MB/s
[1A[2K[1A[2KCollecting 1 genome record [================================================] 100% 1/1
Downloading: ncbi_dataset.zip    1.02MB 1.08MB/s
[1A[2K[1A[2KCollecting 1 genome record [================================================] 100% 1/1
Downloading: ncbi_dataset.zip    1.02MB 1.08MB/s
[1A[2K[1A[2KCollecting 1 genome record [================================================] 100% 1/1
Downloading: ncbi_dataset.zip    1.02MB 1.08MB/s
[1A[2K[1A[2KCollecting 1 genome record [================================================] 100% 1/1
Downloading: ncbi_dataset.zip    1.02MB 1.08MB/s
[1A[2K[1A[2KCollecting 1 genome record [================================================] 100% 1/1
Downloading: ncbi_dataset.zip    1.02MB 1.08MB/s
[1A[2K[1A[2KCollecting 1 genome record [================================================] 100% 1/1
Downloading: ncbi_dataset.zip    1.02MB 1.08MB/s
[1A[2K[1A[2KCollecting 1 genome record [================================================] 100% 1/1
Downloading: ncbi_dataset.zip    1.02MB 1.08MB/s
[1A[2K[1A[2KCollecting 1 genome record [================================================] 100% 1/1
Downloading: ncbi_dataset.zip    1.02MB 1.08MB/s
[1A[2K[1A[2KCollecting 1 genome record [================================================] 100% 1/1
Downloading: ncbi_dataset.zip    1.25MB 1.19MB/s
[1A[2K[1A[2KCollecting 1 genome record [================================================] 100% 1/1
Downloading: ncbi_dataset.zip    1.51MB 1.43MB/s
[1A[2K[1A[2KCollecting 1 genome record [================================================] 100% 1/1
Downloading: ncbi_dataset.zip    1.57MB 1.49MB/s
[1A[2K[1A[2KCollecting 1 genome record [================================================] 100% 1/1
Downloading: ncbi_dataset.zip    1.57MB 1.49MB/s
[1A[2K[1A[2KCollecting 1 genome record [================================================] 100% 1/1
Downloading: ncbi_dataset.zip    1.57MB 1.49MB/s
[1A[2K[1A[2KCollecting 1 genome record [================================================] 100% 1/1
Downloading: ncbi_dataset.zip    1.74MB 1.59MB/s
[1A[2K[1A[2KCollecting 1 genome record [================================================] 100% 1/1
Downloading: ncbi_dataset.zip    1.77MB 1.6MB/s
[1A[2K[1A[2KCollecting 1 genome record [================================================] 100% 1/1
Downloading: ncbi_dataset.zip    2.06MB 1.85MB/s
[1A[2K[1A[2KCollecting 1 genome record [================================================] 100% 1/1
Downloading: ncbi_dataset.zip    2.1MB 1.88MB/s
[1A[2K[1A[2KCollecting 1 genome record [================================================] 100% 1/1
Downloading: ncbi_dataset.zip    2.1MB 1.88MB/s
[1A[2K[1A[2KCollecting 1 genome record [================================================] 100% 1/1
Downloading: ncbi_dataset.zip    2.1MB 1.88MB/s
[1A[2K[1A[2KCollecting 1 genome record [================================================] 100% 1/1
Downloading: ncbi_dataset.zip    2.1MB 1.88MB/s
[1A[2K[1A[2KCollecting 1 genome record [================================================] 100% 1/1
Downloading: ncbi_dataset.zip    2.1MB 1.88MB/s
[1A[2K[1A[2KCollecting 1 genome record [================================================] 100% 1/1
Downloading: ncbi_dataset.zip    2.1MB 1.88MB/s
[1A[2K[1A[2KCollecting 1 genome record [================================================] 100% 1/1
Downloading: ncbi_dataset.zip    2.1MB 1.88MB/s
[1A[2K[1A[2KCollecting 1 genome record [================================================] 100% 1/1
Downloading: ncbi_dataset.zip    2.1MB 1.88MB/s
[1A[2K[1A[2KCollecting 1 genome record [================================================] 100% 1/1
Downloading: ncbi_dataset.zip    2.1MB 1.88MB/s
[1A[2K[1A[2KCollecting 1 genome record [================================================] 100% 1/1
Downloading: ncbi_dataset.zip    2.33MB 1.91MB/s
[1A[2K[1A[2KCollecting 1 genome record [================================================] 100% 1/1
Downloading: ncbi_dataset.zip    2.62MB 2.14MB/s
[1A[2K[1A[2KCollecting 1 genome record [================================================] 100% 1/1
Downloading: ncbi_dataset.zip    2.92MB 2.35MB/s
[1A[2K[1A[2KCollecting 1 genome record [================================================] 100% 1/1
Downloading: ncbi_dataset.zip    3.18MB 2.55MB/s
[1A[2K[1A[2KCollecting 1 genome record [================================================] 100% 1/1
Downloading: ncbi_dataset.zip    3.31MB 2.62MB/s
[1A[2K[1A[2KCollecting 1 genome record [================================================] 100% 1/1
Downloading: ncbi_dataset.zip    3.54MB 2.79MB/s
[1A[2K[1A[2KCollecting 1 genome record [================================================] 100% 1/1
Downloading: ncbi_dataset.zip    3.74MB 2.91MB/s
[1A[2K[1A[2KCollecting 1 genome record [================================================] 100% 1/1
Downloading: ncbi_dataset.zip    3.96MB 3.08MB/s
[1A[2K[1A[2KCollecting 1 genome record [================================================] 100% 1/1
Downloading: ncbi_dataset.zip    4.23MB 3.26MB/s
[1A[2K[1A[2KCollecting 1 genome record [================================================] 100% 1/1
Downloading: ncbi_dataset.zip    4.23MB 3.26MB/s
[1A[2K[1A[2KCollecting 1 genome record [================================================] 100% 1/1
Downloading: ncbi_dataset.zip    4.23MB 3.26MB/s
[1A[2K[1A[2KCollecting 1 genome record [================================================] 100% 1/1
Downloading: ncbi_dataset.zip    4.23MB 3.26MB/s
[1A[2K[1A[2KCollecting 1 genome record [================================================] 100% 1/1
Downloading: ncbi_dataset.zip    4.23MB 3.26MB/s
[1A[2K[1A[2KCollecting 1 genome record [================================================] 100% 1/1
Downloading: ncbi_dataset.zip    4.23MB 3.26MB/s
[1A[2K[1A[2KCollecting 1 genome record [================================================] 100% 1/1
Downloading: ncbi_dataset.zip    4.23MB 3.26MB/s
[1A[2K[1A[2KCollecting 1 genome record [================================================] 100% 1/1
Downloading: ncbi_dataset.zip    4.23MB 3.26MB/s
[1A[2K[1A[2KCollecting 1 genome record [================================================] 100% 1/1
Downloading: ncbi_dataset.zip    4.23MB 3.26MB/s
[1A[2K[1A[2KCollecting 1 genome record [================================================] 100% 1/1
Downloading: ncbi_dataset.zip    4.59MB 3.29MB/s
[1A[2K[1A[2KCollecting 1 genome record [================================================] 100% 1/1
Downloading: ncbi_dataset.zip    4.65MB 3.33MB/s
[1A[2K[1A[2KCollecting 1 genome record [================================================] 100% 1/1
Downloading: ncbi_dataset.zip    4.72MB 3.33MB/s
[1A[2K[1A[2KCollecting 1 genome record [================================================] 100% 1/1
Downloading: ncbi_dataset.zip    5.64MB 3.95MB/s
[1A[2K[1A[2KCollecting 1 genome record [================================================] 100% 1/1
Downloading: ncbi_dataset.zip    6.39MB 4.45MB/s
[1A[2K[1A[2KCollecting 1 genome record [================================================] 100% 1/1
Downloading: ncbi_dataset.zip    6.75MB 4.66MB/s
[1A[2K[1A[2KCollecting 1 genome record [================================================] 100% 1/1
Downloading: ncbi_dataset.zip    7.08MB 4.88MB/s
[1A[2K[1A[2KCollecting 1 genome record [================================================] 100% 1/1
Downloading: ncbi_dataset.zip    7.6MB 5.18MB/s
[1A[2K[1A[2KCollecting 1 genome record [================================================] 100% 1/1
Downloading: ncbi_dataset.zip    7.8MB 5.3MB/s
[1A[2K[1A[2KCollecting 1 genome record [================================================] 100% 1/1
Downloading: ncbi_dataset.zip    8MB 5.38MB/s
[1A[2K[1A[2KCollecting 1 genome record [================================================] 100% 1/1
Downloading: ncbi_dataset.zip    8MB 5.38MB/s
[1A[2K[1A[2KCollecting 1 genome record [================================================] 100% 1/1
Downloading: ncbi_dataset.zip    8MB 5.38MB/s
[1A[2K[1A[2KCollecting 1 genome record [================================================] 100% 1/1
Downloading: ncbi_dataset.zip    8MB 5.38MB/s
[1A[2K[1A[2KCollecting 1 genome record [================================================] 100% 1/1
Downloading: ncbi_dataset.zip    8MB 5.38MB/s
[1A[2K[1A[2KCollecting 1 genome record [================================================] 100% 1/1
Downloading: ncbi_dataset.zip    8MB 5.38MB/s
[1A[2K[1A[2KCollecting 1 genome record [================================================] 100% 1/1
Downloading: ncbi_dataset.zip    8MB 5.38MB/s
[1A[2K[1A[2KCollecting 1 genome record [================================================] 100% 1/1
Downloading: ncbi_dataset.zip    8MB 5.38MB/s
[1A[2K[1A[2KCollecting 1 genome record [================================================] 100% 1/1
Downloading: ncbi_dataset.zip    8.39MB 5.34MB/s
[1A[2K[1A[2KCollecting 1 genome record [================================================] 100% 1/1
Downloading: ncbi_dataset.zip    8.85MB 5.6MB/s
[1A[2K[1A[2KCollecting 1 genome record [================================================] 100% 1/1
Downloading: ncbi_dataset.zip    9.04MB 5.69MB/s
[1A[2K[1A[2KCollecting 1 genome record [================================================] 100% 1/1
Downloading: ncbi_dataset.zip    9.24MB 5.79MB/s
[1A[2K[1A[2KCollecting 1 genome record [================================================] 100% 1/1
Downloading: ncbi_dataset.zip    9.24MB 5.79MB/s
[1A[2K[1A[2KCollecting 1 genome record [================================================] 100% 1/1
Downloading: ncbi_dataset.zip    9.54MB 5.88MB/s
[1A[2K[1A[2KCollecting 1 genome record [================================================] 100% 1/1
Downloading: ncbi_dataset.zip    10.1MB 6.18MB/s
[1A[2K[1A[2KCollecting 1 genome record [================================================] 100% 1/1
Downloading: ncbi_dataset.zip    10.9MB 6.63MB/s
[1A[2K[1A[2KCollecting 1 genome record [================================================] 100% 1/1
Downloading: ncbi_dataset.zip    11MB 6.68MB/s
[1A[2K[1A[2KCollecting 1 genome record [================================================] 100% 1/1
Downloading: ncbi_dataset.zip    11.5MB 6.93MB/s
[1A[2K[1A[2KCollecting 1 genome record [================================================] 100% 1/1
Downloading: ncbi_dataset.zip    11.5MB 6.93MB/s
[1A[2K[1A[2KCollecting 1 genome record [================================================] 100% 1/1
Downloading: ncbi_dataset.zip    11.5MB 6.93MB/s
[1A[2K[1A[2KCollecting 1 genome record [================================================] 100% 1/1
Downloading: ncbi_dataset.zip    11.5MB 6.93MB/s
[1A[2K[1A[2KCollecting 1 genome record [================================================] 100% 1/1
Downloading: ncbi_dataset.zip    11.5MB 6.93MB/s
[1A[2K[1A[2KCollecting 1 genome record [================================================] 100% 1/1
Downloading: ncbi_dataset.zip    11.5MB 6.93MB/s
[1A[2K[1A[2KCollecting 1 genome record [================================================] 100% 1/1
Downloading: ncbi_dataset.zip    11.5MB 6.93MB/s
[1A[2K[1A[2KCollecting 1 genome record [================================================] 100% 1/1
Downloading: ncbi_dataset.zip    11.5MB 6.65MB/s
[1A[2K[1A[2KCollecting 1 genome record [================================================] 100% 1/1
Downloading: ncbi_dataset.zip    11.9MB 6.82MB/s
[1A[2K[1A[2KCollecting 1 genome record [================================================] 100% 1/1
Downloading: ncbi_dataset.zip    12.3MB 7.02MB/s
[1A[2K[1A[2KCollecting 1 genome record [================================================] 100% 1/1
Downloading: ncbi_dataset.zip    12.8MB 7.24MB/s
[1A[2K[1A[2KCollecting 1 genome record [================================================] 100% 1/1
Downloading: ncbi_dataset.zip    13.1MB 7.4MB/s
[1A[2K[1A[2KCollecting 1 genome record [================================================] 100% 1/1
Downloading: ncbi_dataset.zip    13.6MB 7.6MB/s
[1A[2K[1A[2KCollecting 1 genome record [================================================] 100% 1/1
Downloading: ncbi_dataset.zip    14.1MB 7.82MB/s
[1A[2K[1A[2KCollecting 1 genome record [================================================] 100% 1/1
Downloading: ncbi_dataset.zip    14.4MB 7.96MB/s
[1A[2K[1A[2KCollecting 1 genome record [================================================] 100% 1/1
Downloading: ncbi_dataset.zip    14.8MB 8.13MB/s
[1A[2K[1A[2KCollecting 1 genome record [================================================] 100% 1/1
Downloading: ncbi_dataset.zip    15.1MB 8.26MB/s
[1A[2K[1A[2KCollecting 1 genome record [================================================] 100% 1/1
Downloading: ncbi_dataset.zip    15.4MB 8.39MB/s
[1A[2K[1A[2KCollecting 1 genome record [================================================] 100% 1/1
Downloading: ncbi_dataset.zip    15.4MB 8.39MB/s
[1A[2K[1A[2KCollecting 1 genome record [================================================] 100% 1/1
Downloading: ncbi_dataset.zip    15.4MB 8.39MB/s
[1A[2K[1A[2KCollecting 1 genome record [================================================] 100% 1/1
Downloading: ncbi_dataset.zip    15.4MB 8.39MB/s
[1A[2K[1A[2KCollecting 1 genome record [================================================] 100% 1/1
Downloading: ncbi_dataset.zip    15.4MB 8.39MB/s
[1A[2K[1A[2KCollecting 1 genome record [================================================] 100% 1/1
Downloading: ncbi_dataset.zip    15.4MB 8.39MB/s
[1A[2K[1A[2KCollecting 1 genome record [================================================] 100% 1/1
Downloading: ncbi_dataset.zip    15.4MB 8.39MB/s
[1A[2K[1A[2KCollecting 1 genome record [================================================] 100% 1/1
Downloading: ncbi_dataset.zip    15.5MB 8.1MB/s
[1A[2K[1A[2KCollecting 1 genome record [================================================] 100% 1/1
Downloading: ncbi_dataset.zip    16MB 8.31MB/s
[1A[2K[1A[2KCollecting 1 genome record [================================================] 100% 1/1
Downloading: ncbi_dataset.zip    16.4MB 8.48MB/s
[1A[2K[1A[2KCollecting 1 genome record [================================================] 100% 1/1
Downloading: ncbi_dataset.zip    16.8MB 8.66MB/s
[1A[2K[1A[2KCollecting 1 genome record [================================================] 100% 1/1
Downloading: ncbi_dataset.zip    17MB 8.74MB/s
[1A[2K[1A[2KCollecting 1 genome record [================================================] 100% 1/1
Downloading: ncbi_dataset.zip    17.3MB 8.8MB/s
[1A[2K[1A[2KCollecting 1 genome record [================================================] 100% 1/1
Downloading: ncbi_dataset.zip    18.2MB 9.22MB/s
[1A[2K[1A[2KCollecting 1 genome record [================================================] 100% 1/1
Downloading: ncbi_dataset.zip    18.7MB 9.46MB/s
[1A[2K[1A[2KCollecting 1 genome record [================================================] 100% 1/1
Downloading: ncbi_dataset.zip    19.2MB 9.64MB/s
[1A[2K[1A[2KCollecting 1 genome record [================================================] 100% 1/1
Downloading: ncbi_dataset.zip    19.2MB 9.65MB/s
[1A[2K[1A[2KCollecting 1 genome record [================================================] 100% 1/1
Downloading: ncbi_dataset.zip    19.2MB 9.65MB/s
[1A[2K[1A[2KCollecting 1 genome record [================================================] 100% 1/1
Downloading: ncbi_dataset.zip    19.2MB 9.65MB/s
[1A[2K[1A[2KCollecting 1 genome record [================================================] 100% 1/1
Downloading: ncbi_dataset.zip    19.2MB 9.65MB/s
[1A[2K[1A[2KCollecting 1 genome record [================================================] 100% 1/1
Downloading: ncbi_dataset.zip    19.2MB 9.65MB/s
[1A[2K[1A[2KCollecting 1 genome record [================================================] 100% 1/1
Downloading: ncbi_dataset.zip    19.2MB 9.65MB/s
[1A[2K[1A[2KCollecting 1 genome record [================================================] 100% 1/1
Downloading: ncbi_dataset.zip    19.2MB 9.65MB/s
[1A[2K[1A[2KCollecting 1 genome record [================================================] 100% 1/1
Downloading: ncbi_dataset.zip    19.2MB 9.65MB/s
[1A[2K[1A[2KCollecting 1 genome record [================================================] 100% 1/1
Downloading: ncbi_dataset.zip    19.3MB 9.28MB/s
[1A[2K[1A[2KCollecting 1 genome record [================================================] 100% 1/1
Downloading: ncbi_dataset.zip    19.9MB 9.48MB/s
[1A[2K[1A[2KCollecting 1 genome record [================================================] 100% 1/1
Downloading: ncbi_dataset.zip    20.3MB 9.62MB/s
[1A[2K[1A[2KCollecting 1 genome record [================================================] 100% 1/1
Downloading: ncbi_dataset.zip    20.6MB 9.76MB/s
[1A[2K[1A[2KCollecting 1 genome record [================================================] 100% 1/1
Downloading: ncbi_dataset.zip    21MB 9.87MB/s
[1A[2K[1A[2KCollecting 1 genome record [================================================] 100% 1/1
Downloading: ncbi_dataset.zip    21MB 9.87MB/s
[1A[2K[1A[2KCollecting 1 genome record [================================================] 100% 1/1
Downloading: ncbi_dataset.zip    21.4MB 9.98MB/s
[1A[2K[1A[2KCollecting 1 genome record [================================================] 100% 1/1
Downloading: ncbi_dataset.zip    22MB 10.2MB/s
[1A[2K[1A[2KCollecting 1 genome record [================================================] 100% 1/1
Downloading: ncbi_dataset.zip    22.5MB 10.4MB/s
[1A[2K[1A[2KCollecting 1 genome record [================================================] 100% 1/1
Downloading: ncbi_dataset.zip    23.1MB 10.6MB/s
[1A[2K[1A[2KCollecting 1 genome record [================================================] 100% 1/1
Downloading: ncbi_dataset.zip    23.2MB 10.6MB/s
[1A[2K[1A[2KCollecting 1 genome record [================================================] 100% 1/1
Downloading: ncbi_dataset.zip    23.2MB 10.6MB/s
[1A[2K[1A[2KCollecting 1 genome record [================================================] 100% 1/1
Downloading: ncbi_dataset.zip    23.2MB 10.6MB/s
[1A[2K[1A[2KCollecting 1 genome record [================================================] 100% 1/1
Downloading: ncbi_dataset.zip    23.2MB 10.6MB/s
[1A[2K[1A[2KCollecting 1 genome record [================================================] 100% 1/1
Downloading: ncbi_dataset.zip    23.2MB 10.6MB/s
[1A[2K[1A[2KCollecting 1 genome record [================================================] 100% 1/1
Downloading: ncbi_dataset.zip    23.2MB 10.6MB/s
[1A[2K[1A[2KCollecting 1 genome record [================================================] 100% 1/1
Downloading: ncbi_dataset.zip    23.2MB 10.6MB/s
[1A[2K[1A[2KCollecting 1 genome record [================================================] 100% 1/1
Downloading: ncbi_dataset.zip    23.5MB 10.4MB/s
[1A[2K[1A[2KCollecting 1 genome record [================================================] 100% 1/1
Downloading: ncbi_dataset.zip    23.9MB 10.5MB/s
[1A[2K[1A[2KCollecting 1 genome record [================================================] 100% 1/1
Downloading: ncbi_dataset.zip    24.3MB 10.7MB/s
[1A[2K[1A[2KCollecting 1 genome record [================================================] 100% 1/1
Downloading: ncbi_dataset.zip    24.8MB 10.8MB/s
[1A[2K[1A[2KCollecting 1 genome record [================================================] 100% 1/1
Downloading: ncbi_dataset.zip    25.3MB 11MB/s
[1A[2K[1A[2KCollecting 1 genome record [================================================] 100% 1/1
Downloading: ncbi_dataset.zip    25.8MB 11.1MB/s
[1A[2K[1A[2KCollecting 1 genome record [================================================] 100% 1/1
Downloading: ncbi_dataset.zip    26.2MB 11.3MB/s
[1A[2K[1A[2KCollecting 1 genome record [================================================] 100% 1/1
Downloading: ncbi_dataset.zip    26.7MB 11.4MB/s
[1A[2K[1A[2KCollecting 1 genome record [================================================] 100% 1/1
Downloading: ncbi_dataset.zip    26.8MB 11.4MB/s
[1A[2K[1A[2KCollecting 1 genome record [================================================] 100% 1/1
Downloading: ncbi_dataset.zip    27.1MB 11.6MB/s
[1A[2K[1A[2KCollecting 1 genome record [================================================] 100% 1/1
Downloading: ncbi_dataset.zip    27.1MB 11.6MB/s
[1A[2K[1A[2KCollecting 1 genome record [================================================] 100% 1/1
Downloading: ncbi_dataset.zip    27.1MB 11.6MB/s
[1A[2K[1A[2KCollecting 1 genome record [================================================] 100% 1/1
Downloading: ncbi_dataset.zip    27.1MB 11.6MB/s
[1A[2K[1A[2KCollecting 1 genome record [================================================] 100% 1/1
Downloading: ncbi_dataset.zip    27.1MB 11.6MB/s
[1A[2K[1A[2KCollecting 1 genome record [================================================] 100% 1/1
Downloading: ncbi_dataset.zip    27.1MB 11.6MB/s
[1A[2K[1A[2KCollecting 1 genome record [================================================] 100% 1/1
Downloading: ncbi_dataset.zip    27.1MB 11.6MB/s
[1A[2K[1A[2KCollecting 1 genome record [================================================] 100% 1/1
Downloading: ncbi_dataset.zip    27.1MB 11.6MB/s
[1A[2K[1A[2KCollecting 1 genome record [================================================] 100% 1/1
Downloading: ncbi_dataset.zip    27.6MB 11.3MB/s
[1A[2K[1A[2KCollecting 1 genome record [================================================] 100% 1/1
Downloading: ncbi_dataset.zip    28MB 11.4MB/s
[1A[2K[1A[2KCollecting 1 genome record [================================================] 100% 1/1
Downloading: ncbi_dataset.zip    28.4MB 11.6MB/s
[1A[2K[1A[2KCollecting 1 genome record [================================================] 100% 1/1
Downloading: ncbi_dataset.zip    28.8MB 11.7MB/s
[1A[2K[1A[2KCollecting 1 genome record [================================================] 100% 1/1
Downloading: ncbi_dataset.zip    29.2MB 11.8MB/s
[1A[2K[1A[2KCollecting 1 genome record [================================================] 100% 1/1
Downloading: ncbi_dataset.zip    29.6MB 11.9MB/s
[1A[2K[1A[2KCollecting 1 genome record [================================================] 100% 1/1
Downloading: ncbi_dataset.zip    30.1MB 12.1MB/s
[1A[2K[1A[2KCollecting 1 genome record [================================================] 100% 1/1
Downloading: ncbi_dataset.zip    30.6MB 12.2MB/s
[1A[2K[1A[2KCollecting 1 genome record [================================================] 100% 1/1
Downloading: ncbi_dataset.zip    31MB 12.3MB/s
[1A[2K[1A[2KCollecting 1 genome record [================================================] 100% 1/1
Downloading: ncbi_dataset.zip    31MB 12.3MB/s
[1A[2K[1A[2KCollecting 1 genome record [================================================] 100% 1/1
Downloading: ncbi_dataset.zip    31MB 12.3MB/s
[1A[2K[1A[2KCollecting 1 genome record [================================================] 100% 1/1
Downloading: ncbi_dataset.zip    31MB 12.3MB/s
[1A[2K[1A[2KCollecting 1 genome record [================================================] 100% 1/1
Downloading: ncbi_dataset.zip    31MB 12.3MB/s
[1A[2K[1A[2KCollecting 1 genome record [================================================] 100% 1/1
Downloading: ncbi_dataset.zip    31MB 12.3MB/s
[1A[2K[1A[2KCollecting 1 genome record [================================================] 100% 1/1
Downloading: ncbi_dataset.zip    31MB 12.3MB/s
[1A[2K[1A[2KCollecting 1 genome record [================================================] 100% 1/1
Downloading: ncbi_dataset.zip    31MB 12.3MB/s
[1A[2K[1A[2KCollecting 1 genome record [================================================] 100% 1/1
Downloading: ncbi_dataset.zip    31MB 12.3MB/s
[1A[2K[1A[2KCollecting 1 genome record [================================================] 100% 1/1
Downloading: ncbi_dataset.zip    31.5MB 12.1MB/s
[1A[2K[1A[2KCollecting 1 genome record [================================================] 100% 1/1
Downloading: ncbi_dataset.zip    31.9MB 12.2MB/s
[1A[2K[1A[2KCollecting 1 genome record [================================================] 100% 1/1
Downloading: ncbi_dataset.zip    32.3MB 12.3MB/s
[1A[2K[1A[2KCollecting 1 genome record [================================================] 100% 1/1
Downloading: ncbi_dataset.zip    32.8MB 12.4MB/s
[1A[2K[1A[2KCollecting 1 genome record [================================================] 100% 1/1
Downloading: ncbi_dataset.zip    33.2MB 12.5MB/s
[1A[2K[1A[2KCollecting 1 genome record [================================================] 100% 1/1
Downloading: ncbi_dataset.zip    33.7MB 12.7MB/s
[1A[2K[1A[2KCollecting 1 genome record [================================================] 100% 1/1
Downloading: ncbi_dataset.zip    34.2MB 12.8MB/s
[1A[2K[1A[2KCollecting 1 genome record [================================================] 100% 1/1
Downloading: ncbi_dataset.zip    34.6MB 12.9MB/s
[1A[2K[1A[2KCollecting 1 genome record [================================================] 100% 1/1
Downloading: ncbi_dataset.zip    35MB 13MB/s
[1A[2K[1A[2KCollecting 1 genome record [================================================] 100% 1/1
Downloading: ncbi_dataset.zip    35MB 13MB/s
[1A[2K[1A[2KCollecting 1 genome record [================================================] 100% 1/1
Downloading: ncbi_dataset.zip    35MB 13MB/s
[1A[2K[1A[2KCollecting 1 genome record [================================================] 100% 1/1
Downloading: ncbi_dataset.zip    35MB 13MB/s
[1A[2K[1A[2KCollecting 1 genome record [================================================] 100% 1/1
Downloading: ncbi_dataset.zip    35MB 13MB/s
[1A[2K[1A[2KCollecting 1 genome record [================================================] 100% 1/1
Downloading: ncbi_dataset.zip    35MB 13MB/s
[1A[2K[1A[2KCollecting 1 genome record [================================================] 100% 1/1
Downloading: ncbi_dataset.zip    35MB 13MB/s
[1A[2K[1A[2KCollecting 1 genome record [================================================] 100% 1/1
Downloading: ncbi_dataset.zip    35MB 13MB/s
[1A[2K[1A[2KCollecting 1 genome record [================================================] 100% 1/1
Downloading: ncbi_dataset.zip    35MB 13MB/s
[1A[2K[1A[2KCollecting 1 genome record [================================================] 100% 1/1
Downloading: ncbi_dataset.zip    35.4MB 12.7MB/s
[1A[2K[1A[2KCollecting 1 genome record [================================================] 100% 1/1
Downloading: ncbi_dataset.zip    35.7MB 12.8MB/s
[1A[2K[1A[2KCollecting 1 genome record [================================================] 100% 1/1
Downloading: ncbi_dataset.zip    36MB 12.8MB/s
[1A[2K[1A[2KCollecting 1 genome record [================================================] 100% 1/1
Downloading: ncbi_dataset.zip    36.3MB 12.9MB/s
[1A[2K[1A[2KCollecting 1 genome record [================================================] 100% 1/1
Downloading: ncbi_dataset.zip    36.6MB 12.9MB/s
[1A[2K[1A[2KCollecting 1 genome record [================================================] 100% 1/1
Downloading: ncbi_dataset.zip    36.9MB 13MB/s
[1A[2K[1A[2KCollecting 1 genome record [================================================] 100% 1/1
Downloading: ncbi_dataset.zip    37.3MB 13.1MB/s
[1A[2K[1A[2KCollecting 1 genome record [================================================] 100% 1/1
Downloading: ncbi_dataset.zip    37.7MB 13.2MB/s
[1A[2K[1A[2KCollecting 1 genome record [================================================] 100% 1/1
Downloading: ncbi_dataset.zip    38MB 13.3MB/s
[1A[2K[1A[2KCollecting 1 genome record [================================================] 100% 1/1
Downloading: ncbi_dataset.zip    38.6MB 13.4MB/s
[1A[2K[1A[2KCollecting 1 genome record [================================================] 100% 1/1
Downloading: ncbi_dataset.zip    38.9MB 13.5MB/s
[1A[2K[1A[2KCollecting 1 genome record [================================================] 100% 1/1
Downloading: ncbi_dataset.zip    38.9MB 13.5MB/s
[1A[2K[1A[2KCollecting 1 genome record [================================================] 100% 1/1
Downloading: ncbi_dataset.zip    38.9MB 13.5MB/s
[1A[2K[1A[2KCollecting 1 genome record [================================================] 100% 1/1
Downloading: ncbi_dataset.zip    38.9MB 13.5MB/s
[1A[2K[1A[2KCollecting 1 genome record [================================================] 100% 1/1
Downloading: ncbi_dataset.zip    38.9MB 13.5MB/s
[1A[2K[1A[2KCollecting 1 genome record [================================================] 100% 1/1
Downloading: ncbi_dataset.zip    38.9MB 13.5MB/s
[1A[2K[1A[2KCollecting 1 genome record [================================================] 100% 1/1
Downloading: ncbi_dataset.zip    39MB 13.2MB/s
[1A[2K[1A[2KCollecting 1 genome record [================================================] 100% 1/1
Downloading: ncbi_dataset.zip    39.6MB 13.4MB/s
[1A[2K[1A[2KCollecting 1 genome record [================================================] 100% 1/1
Downloading: ncbi_dataset.zip    40.1MB 13.5MB/s
[1A[2K[1A[2KCollecting 1 genome record [================================================] 100% 1/1
Downloading: ncbi_dataset.zip    40.7MB 13.6MB/s
[1A[2K[1A[2KCollecting 1 genome record [================================================] 100% 1/1
Downloading: ncbi_dataset.zip    41MB 13.7MB/s
[1A[2K[1A[2KCollecting 1 genome record [================================================] 100% 1/1
Downloading: ncbi_dataset.zip    41.3MB 13.8MB/s
[1A[2K[1A[2KCollecting 1 genome record [================================================] 100% 1/1
Downloading: ncbi_dataset.zip    41.7MB 13.9MB/s
[1A[2K[1A[2KCollecting 1 genome record [================================================] 100% 1/1
Downloading: ncbi_dataset.zip    42.3MB 14MB/s
[1A[2K[1A[2KCollecting 1 genome record [================================================] 100% 1/1
Downloading: ncbi_dataset.zip    42.8MB 14.1MB/s
[1A[2K[1A[2KCollecting 1 genome record [================================================] 100% 1/1
Downloading: ncbi_dataset.zip    42.9MB 14.1MB/s
[1A[2K[1A[2KCollecting 1 genome record [================================================] 100% 1/1
Downloading: ncbi_dataset.zip    42.9MB 14.1MB/s
[1A[2K[1A[2KCollecting 1 genome record [================================================] 100% 1/1
Downloading: ncbi_dataset.zip    42.9MB 14.1MB/s
[1A[2K[1A[2KCollecting 1 genome record [================================================] 100% 1/1
Downloading: ncbi_dataset.zip    42.9MB 14.1MB/s
[1A[2K[1A[2KCollecting 1 genome record [================================================] 100% 1/1
Downloading: ncbi_dataset.zip    42.9MB 14.1MB/s
[1A[2K[1A[2KCollecting 1 genome record [================================================] 100% 1/1
Downloading: ncbi_dataset.zip    42.9MB 14.1MB/s
[1A[2K[1A[2KCollecting 1 genome record [================================================] 100% 1/1
Downloading: ncbi_dataset.zip    42.9MB 14.1MB/s
[1A[2K[1A[2KCollecting 1 genome record [================================================] 100% 1/1
Downloading: ncbi_dataset.zip    42.9MB 14.1MB/s
[1A[2K[1A[2KCollecting 1 genome record [================================================] 100% 1/1
Downloading: ncbi_dataset.zip    43.1MB 13.8MB/s
[1A[2K[1A[2KCollecting 1 genome record [================================================] 100% 1/1
Downloading: ncbi_dataset.zip    43.3MB 13.8MB/s
[1A[2K[1A[2KCollecting 1 genome record [================================================] 100% 1/1
Downloading: ncbi_dataset.zip    43.7MB 13.9MB/s
[1A[2K[1A[2KCollecting 1 genome record [================================================] 100% 1/1
Downloading: ncbi_dataset.zip    44.5MB 14.1MB/s
[1A[2K[1A[2KCollecting 1 genome record [================================================] 100% 1/1
Downloading: ncbi_dataset.zip    44.5MB 14.1MB/s
[1A[2K[1A[2KCollecting 1 genome record [================================================] 100% 1/1
Downloading: ncbi_dataset.zip    45.1MB 14.2MB/s
[1A[2K[1A[2KCollecting 1 genome record [================================================] 100% 1/1
Downloading: ncbi_dataset.zip    45.5MB 14.3MB/s
[1A[2K[1A[2KCollecting 1 genome record [================================================] 100% 1/1
Downloading: ncbi_dataset.zip    46MB 14.4MB/s
[1A[2K[1A[2KCollecting 1 genome record [================================================] 100% 1/1
Downloading: ncbi_dataset.zip    46.6MB 14.5MB/s
[1A[2K[1A[2KCollecting 1 genome record [================================================] 100% 1/1
Downloading: ncbi_dataset.zip    46.9MB 14.6MB/s
[1A[2K[1A[2KCollecting 1 genome record [================================================] 100% 1/1
Downloading: ncbi_dataset.zip    46.9MB 14.6MB/s
[1A[2K[1A[2KCollecting 1 genome record [================================================] 100% 1/1
Downloading: ncbi_dataset.zip    46.9MB 14.6MB/s
[1A[2K[1A[2KCollecting 1 genome record [================================================] 100% 1/1
Downloading: ncbi_dataset.zip    46.9MB 14.6MB/s
[1A[2K[1A[2KCollecting 1 genome record [================================================] 100% 1/1
Downloading: ncbi_dataset.zip    46.9MB 14.6MB/s
[1A[2K[1A[2KCollecting 1 genome record [================================================] 100% 1/1
Downloading: ncbi_dataset.zip    46.9MB 14.6MB/s
[1A[2K[1A[2KCollecting 1 genome record [================================================] 100% 1/1
Downloading: ncbi_dataset.zip    46.9MB 14.6MB/s
[1A[2K[1A[2KCollecting 1 genome record [================================================] 100% 1/1
Downloading: ncbi_dataset.zip    46.9MB 14.6MB/s
[1A[2K[1A[2KCollecting 1 genome record [================================================] 100% 1/1
Downloading: ncbi_dataset.zip    47.1MB 14.3MB/s
[1A[2K[1A[2KCollecting 1 genome record [================================================] 100% 1/1
Downloading: ncbi_dataset.zip    47.7MB 14.4MB/s
[1A[2K[1A[2KCollecting 1 genome record [================================================] 100% 1/1
Downloading: ncbi_dataset.zip    48.4MB 14.6MB/s
[1A[2K[1A[2KCollecting 1 genome record [================================================] 100% 1/1
Downloading: ncbi_dataset.zip    48.9MB 14.7MB/s
[1A[2K[1A[2KCollecting 1 genome record [================================================] 100% 1/1
Downloading: ncbi_dataset.zip    48.9MB 14.6MB/s
[1A[2K[1A[2KCollecting 1 genome record [================================================] 100% 1/1
Downloading: ncbi_dataset.zip    49.3MB 14.7MB/s
[1A[2K[1A[2KCollecting 1 genome record [================================================] 100% 1/1
Downloading: ncbi_dataset.zip    49.3MB 14.7MB/s
[1A[2K[1A[2KCollecting 1 genome record [================================================] 100% 1/1
Downloading: ncbi_dataset.zip    49.8MB 14.8MB/s
[1A[2K[1A[2KCollecting 1 genome record [================================================] 100% 1/1
Downloading: ncbi_dataset.zip    50.5MB 14.9MB/s
[1A[2K[1A[2KCollecting 1 genome record [================================================] 100% 1/1
Downloading: ncbi_dataset.zip    50.8MB 15MB/s
[1A[2K[1A[2KCollecting 1 genome record [================================================] 100% 1/1
Downloading: ncbi_dataset.zip    50.8MB 15MB/s
[1A[2K[1A[2KCollecting 1 genome record [================================================] 100% 1/1
Downloading: ncbi_dataset.zip    50.8MB 15MB/s
[1A[2K[1A[2KCollecting 1 genome record [================================================] 100% 1/1
Downloading: ncbi_dataset.zip    50.8MB 15MB/s
[1A[2K[1A[2KCollecting 1 genome record [================================================] 100% 1/1
Downloading: ncbi_dataset.zip    50.8MB 15MB/s
[1A[2K[1A[2KCollecting 1 genome record [================================================] 100% 1/1
Downloading: ncbi_dataset.zip    50.8MB 15MB/s
[1A[2K[1A[2KCollecting 1 genome record [================================================] 100% 1/1
Downloading: ncbi_dataset.zip    50.8MB 15MB/s
[1A[2K[1A[2KCollecting 1 genome record [================================================] 100% 1/1
Downloading: ncbi_dataset.zip    50.8MB 15MB/s
[1A[2K[1A[2KCollecting 1 genome record [================================================] 100% 1/1
Downloading: ncbi_dataset.zip    51MB 14.7MB/s
[1A[2K[1A[2KCollecting 1 genome record [================================================] 100% 1/1
Downloading: ncbi_dataset.zip    51.3MB 14.7MB/s
[1A[2K[1A[2KCollecting 1 genome record [================================================] 100% 1/1
Downloading: ncbi_dataset.zip    51.6MB 14.8MB/s
[1A[2K[1A[2KCollecting 1 genome record [================================================] 100% 1/1
Downloading: ncbi_dataset.zip    51.9MB 14.8MB/s
[1A[2K[1A[2KCollecting 1 genome record [================================================] 100% 1/1
Downloading: ncbi_dataset.zip    52.1MB 14.8MB/s
[1A[2K[1A[2KCollecting 1 genome record [================================================] 100% 1/1
Downloading: ncbi_dataset.zip    52.3MB 14.8MB/s
[1A[2K[1A[2KCollecting 1 genome record [================================================] 100% 1/1
Downloading: ncbi_dataset.zip    52.5MB 14.8MB/s
[1A[2K[1A[2KCollecting 1 genome record [================================================] 100% 1/1
Downloading: ncbi_dataset.zip    52.7MB 14.9MB/s
[1A[2K[1A[2KCollecting 1 genome record [================================================] 100% 1/1
Downloading: ncbi_dataset.zip    53MB 14.9MB/s
[1A[2K[1A[2KCollecting 1 genome record [================================================] 100% 1/1
Downloading: ncbi_dataset.zip    53.3MB 14.9MB/s
[1A[2K[1A[2KCollecting 1 genome record [================================================] 100% 1/1
Downloading: ncbi_dataset.zip    53.6MB 15MB/s
[1A[2K[1A[2KCollecting 1 genome record [================================================] 100% 1/1
Downloading: ncbi_dataset.zip    54.2MB 15.1MB/s
[1A[2K[1A[2KCollecting 1 genome record [================================================] 100% 1/1
Downloading: ncbi_dataset.zip    54.8MB 15.2MB/s
[1A[2K[1A[2KCollecting 1 genome record [================================================] 100% 1/1
Downloading: ncbi_dataset.zip    54.8MB 15.2MB/s
[1A[2K[1A[2KCollecting 1 genome record [================================================] 100% 1/1
Downloading: ncbi_dataset.zip    54.8MB 15.2MB/s
[1A[2K[1A[2KCollecting 1 genome record [================================================] 100% 1/1
Downloading: ncbi_dataset.zip    54.8MB 15.2MB/s
[1A[2K[1A[2KCollecting 1 genome record [================================================] 100% 1/1
Downloading: ncbi_dataset.zip    54.8MB 15.2MB/s
[1A[2K[1A[2KCollecting 1 genome record [================================================] 100% 1/1
Downloading: ncbi_dataset.zip    55.1MB 15.1MB/s
[1A[2K[1A[2KCollecting 1 genome record [================================================] 100% 1/1
Downloading: ncbi_dataset.zip    55.7MB 15.2MB/s
[1A[2K[1A[2KCollecting 1 genome record [================================================] 100% 1/1
Downloading: ncbi_dataset.zip    56.2MB 15.3MB/s
[1A[2K[1A[2KCollecting 1 genome record [================================================] 100% 1/1
Downloading: ncbi_dataset.zip    56.8MB 15.4MB/s
[1A[2K[1A[2KCollecting 1 genome record [================================================] 100% 1/1
Downloading: ncbi_dataset.zip    57MB 15.4MB/s
[1A[2K[1A[2KCollecting 1 genome record [================================================] 100% 1/1
Downloading: ncbi_dataset.zip    57.4MB 15.5MB/s
[1A[2K[1A[2KCollecting 1 genome record [================================================] 100% 1/1
Downloading: ncbi_dataset.zip    58MB 15.6MB/s
[1A[2K[1A[2KCollecting 1 genome record [================================================] 100% 1/1
Downloading: ncbi_dataset.zip    58.5MB 15.7MB/s
[1A[2K[1A[2KCollecting 1 genome record [================================================] 100% 1/1
Downloading: ncbi_dataset.zip    58.8MB 15.8MB/s
[1A[2K[1A[2KCollecting 1 genome record [================================================] 100% 1/1
Downloading: ncbi_dataset.zip    58.8MB 15.8MB/s
[1A[2K[1A[2KCollecting 1 genome record [================================================] 100% 1/1
Downloading: ncbi_dataset.zip    58.8MB 15.8MB/s
[1A[2K[1A[2KCollecting 1 genome record [================================================] 100% 1/1
Downloading: ncbi_dataset.zip    58.8MB 15.8MB/s
[1A[2K[1A[2KCollecting 1 genome record [================================================] 100% 1/1
Downloading: ncbi_dataset.zip    58.8MB 15.8MB/s
[1A[2K[1A[2KCollecting 1 genome record [================================================] 100% 1/1
Downloading: ncbi_dataset.zip    58.8MB 15.8MB/s
[1A[2K[1A[2KCollecting 1 genome record [================================================] 100% 1/1
Downloading: ncbi_dataset.zip    58.8MB 15.8MB/s
[1A[2K[1A[2KCollecting 1 genome record [================================================] 100% 1/1
Downloading: ncbi_dataset.zip    58.8MB 15.8MB/s
[1A[2K[1A[2KCollecting 1 genome record [================================================] 100% 1/1
Downloading: ncbi_dataset.zip    58.8MB 15.8MB/s
[1A[2K[1A[2KCollecting 1 genome record [================================================] 100% 1/1
Downloading: ncbi_dataset.zip    59.1MB 15.5MB/s
[1A[2K[1A[2KCollecting 1 genome record [================================================] 100% 1/1
Downloading: ncbi_dataset.zip    59.5MB 15.5MB/s
[1A[2K[1A[2KCollecting 1 genome record [================================================] 100% 1/1
Downloading: ncbi_dataset.zip    60MB 15.6MB/s
[1A[2K[1A[2KCollecting 1 genome record [================================================] 100% 1/1
Downloading: ncbi_dataset.zip    60.5MB 15.7MB/s
[1A[2K[1A[2KCollecting 1 genome record [================================================] 100% 1/1
Downloading: ncbi_dataset.zip    60.5MB 15.7MB/s
[1A[2K[1A[2KCollecting 1 genome record [================================================] 100% 1/1
Downloading: ncbi_dataset.zip    60.8MB 15.7MB/s
[1A[2K[1A[2KCollecting 1 genome record [================================================] 100% 1/1
Downloading: ncbi_dataset.zip    61.6MB 15.9MB/s
[1A[2K[1A[2KCollecting 1 genome record [================================================] 100% 1/1
Downloading: ncbi_dataset.zip    62.2MB 16MB/s
[1A[2K[1A[2KCollecting 1 genome record [================================================] 100% 1/1
Downloading: ncbi_dataset.zip    62.8MB 16.1MB/s
[1A[2K[1A[2KCollecting 1 genome record [================================================] 100% 1/1
Downloading: ncbi_dataset.zip    62.8MB 16.1MB/s
[1A[2K[1A[2KCollecting 1 genome record [================================================] 100% 1/1
Downloading: ncbi_dataset.zip    62.8MB 16.1MB/s
[1A[2K[1A[2KCollecting 1 genome record [================================================] 100% 1/1
Downloading: ncbi_dataset.zip    62.8MB 16.1MB/s
[1A[2K[1A[2KCollecting 1 genome record [================================================] 100% 1/1
Downloading: ncbi_dataset.zip    62.8MB 16.1MB/s
[1A[2K[1A[2KCollecting 1 genome record [================================================] 100% 1/1
Downloading: ncbi_dataset.zip    62.8MB 16.1MB/s
[1A[2K[1A[2KCollecting 1 genome record [================================================] 100% 1/1
Downloading: ncbi_dataset.zip    62.8MB 16.1MB/s
[1A[2K[1A[2KCollecting 1 genome record [================================================] 100% 1/1
Downloading: ncbi_dataset.zip    62.8MB 16.1MB/s
[1A[2K[1A[2KCollecting 1 genome record [================================================] 100% 1/1
Downloading: ncbi_dataset.zip    62.8MB 16.1MB/s
[1A[2K[1A[2KCollecting 1 genome record [================================================] 100% 1/1
Downloading: ncbi_dataset.zip    63.2MB 15.8MB/s
[1A[2K[1A[2KCollecting 1 genome record [================================================] 100% 1/1
Downloading: ncbi_dataset.zip    63.7MB 15.9MB/s
[1A[2K[1A[2KCollecting 1 genome record [================================================] 100% 1/1
Downloading: ncbi_dataset.zip    64.1MB 15.9MB/s
[1A[2K[1A[2KCollecting 1 genome record [================================================] 100% 1/1
Downloading: ncbi_dataset.zip    64.6MB 16MB/s
[1A[2K[1A[2KCollecting 1 genome record [================================================] 100% 1/1
Downloading: ncbi_dataset.zip    64.9MB 16.1MB/s
[1A[2K[1A[2KCollecting 1 genome record [================================================] 100% 1/1
Downloading: ncbi_dataset.zip    65.5MB 16.2MB/s
[1A[2K[1A[2KCollecting 1 genome record [================================================] 100% 1/1
Downloading: ncbi_dataset.zip    65.9MB 16.2MB/s
[1A[2K[1A[2KCollecting 1 genome record [================================================] 100% 1/1
Downloading: ncbi_dataset.zip    66.3MB 16.3MB/s
[1A[2K[1A[2KCollecting 1 genome record [================================================] 100% 1/1
Downloading: ncbi_dataset.zip    66.7MB 16.4MB/s
[1A[2K[1A[2KCollecting 1 genome record [================================================] 100% 1/1
Downloading: ncbi_dataset.zip    66.7MB 16.4MB/s
[1A[2K[1A[2KCollecting 1 genome record [================================================] 100% 1/1
Downloading: ncbi_dataset.zip    66.7MB 16.4MB/s
[1A[2K[1A[2KCollecting 1 genome record [================================================] 100% 1/1
Downloading: ncbi_dataset.zip    66.7MB 16.4MB/s
[1A[2K[1A[2KCollecting 1 genome record [================================================] 100% 1/1
Downloading: ncbi_dataset.zip    66.7MB 16.4MB/s
[1A[2K[1A[2KCollecting 1 genome record [================================================] 100% 1/1
Downloading: ncbi_dataset.zip    66.7MB 16.4MB/s
[1A[2K[1A[2KCollecting 1 genome record [================================================] 100% 1/1
Downloading: ncbi_dataset.zip    66.7MB 16.4MB/s
[1A[2K[1A[2KCollecting 1 genome record [================================================] 100% 1/1
Downloading: ncbi_dataset.zip    66.7MB 16.4MB/s
[1A[2K[1A[2KCollecting 1 genome record [================================================] 100% 1/1
Downloading: ncbi_dataset.zip    66.7MB 16MB/s
[1A[2K[1A[2KCollecting 1 genome record [================================================] 100% 1/1
Downloading: ncbi_dataset.zip    67MB 16MB/s
[1A[2K[1A[2KCollecting 1 genome record [================================================] 100% 1/1
Downloading: ncbi_dataset.zip    67.4MB 16.1MB/s
[1A[2K[1A[2KCollecting 1 genome record [================================================] 100% 1/1
Downloading: ncbi_dataset.zip    67.7MB 16.1MB/s
[1A[2K[1A[2KCollecting 1 genome record [================================================] 100% 1/1
Downloading: ncbi_dataset.zip    68.1MB 16.2MB/s
[1A[2K[1A[2KCollecting 1 genome record [================================================] 100% 1/1
Downloading: ncbi_dataset.zip    68.4MB 16.2MB/s
[1A[2K[1A[2KCollecting 1 genome record [================================================] 100% 1/1
Downloading: ncbi_dataset.zip    68.8MB 16.3MB/s
[1A[2K[1A[2KCollecting 1 genome record [================================================] 100% 1/1
Downloading: ncbi_dataset.zip    69.2MB 16.3MB/s
[1A[2K[1A[2KCollecting 1 genome record [================================================] 100% 1/1
Downloading: ncbi_dataset.zip    69.6MB 16.4MB/s
[1A[2K[1A[2KCollecting 1 genome record [================================================] 100% 1/1
Downloading: ncbi_dataset.zip    70MB 16.4MB/s
[1A[2K[1A[2KCollecting 1 genome record [================================================] 100% 1/1
Downloading: ncbi_dataset.zip    70.3MB 16.5MB/s
[1A[2K[1A[2KCollecting 1 genome record [================================================] 100% 1/1
Downloading: ncbi_dataset.zip    70.6MB 16.5MB/s
[1A[2K[1A[2KCollecting 1 genome record [================================================] 100% 1/1
Downloading: ncbi_dataset.zip    70.7MB 16.5MB/s
[1A[2K[1A[2KCollecting 1 genome record [================================================] 100% 1/1
Downloading: ncbi_dataset.zip    70.7MB 16.5MB/s
[1A[2K[1A[2KCollecting 1 genome record [================================================] 100% 1/1
Downloading: ncbi_dataset.zip    70.7MB 16.5MB/s
[1A[2K[1A[2KCollecting 1 genome record [================================================] 100% 1/1
Downloading: ncbi_dataset.zip    70.7MB 16.5MB/s
[1A[2K[1A[2KCollecting 1 genome record [================================================] 100% 1/1
Downloading: ncbi_dataset.zip    70.7MB 16.5MB/s
[1A[2K[1A[2KCollecting 1 genome record [================================================] 100% 1/1
Downloading: ncbi_dataset.zip    70.8MB 16.3MB/s
[1A[2K[1A[2KCollecting 1 genome record [================================================] 100% 1/1
Downloading: ncbi_dataset.zip    71.3MB 16.4MB/s
[1A[2K[1A[2KCollecting 1 genome record [================================================] 100% 1/1
Downloading: ncbi_dataset.zip    71.9MB 16.5MB/s
[1A[2K[1A[2KCollecting 1 genome record [================================================] 100% 1/1
Downloading: ncbi_dataset.zip    72.3MB 16.5MB/s
[1A[2K[1A[2KCollecting 1 genome record [================================================] 100% 1/1
Downloading: ncbi_dataset.zip    72.6MB 16.6MB/s
[1A[2K[1A[2KCollecting 1 genome record [================================================] 100% 1/1
Downloading: ncbi_dataset.zip    73.2MB 16.7MB/s
[1A[2K[1A[2KCollecting 1 genome record [================================================] 100% 1/1
Downloading: ncbi_dataset.zip    73.9MB 16.8MB/s
[1A[2K[1A[2KCollecting 1 genome record [================================================] 100% 1/1
Downloading: ncbi_dataset.zip    74.4MB 16.9MB/s
[1A[2K[1A[2KCollecting 1 genome record [================================================] 100% 1/1
Downloading: ncbi_dataset.zip    74.7MB 16.9MB/s
[1A[2K[1A[2KCollecting 1 genome record [================================================] 100% 1/1
Downloading: ncbi_dataset.zip    74.7MB 16.9MB/s
[1A[2K[1A[2KCollecting 1 genome record [================================================] 100% 1/1
Downloading: ncbi_dataset.zip    74.7MB 16.9MB/s
[1A[2K[1A[2KCollecting 1 genome record [================================================] 100% 1/1
Downloading: ncbi_dataset.zip    74.7MB 16.9MB/s
[1A[2K[1A[2KCollecting 1 genome record [================================================] 100% 1/1
Downloading: ncbi_dataset.zip    74.7MB 16.9MB/s
[1A[2K[1A[2KCollecting 1 genome record [================================================] 100% 1/1
Downloading: ncbi_dataset.zip    74.7MB 16.9MB/s
[1A[2K[1A[2KCollecting 1 genome record [================================================] 100% 1/1
Downloading: ncbi_dataset.zip    74.7MB 16.9MB/s
[1A[2K[1A[2KCollecting 1 genome record [================================================] 100% 1/1
Downloading: ncbi_dataset.zip    74.7MB 16.9MB/s
[1A[2K[1A[2KCollecting 1 genome record [================================================] 100% 1/1
Downloading: ncbi_dataset.zip    74.7MB 16.9MB/s
[1A[2K[1A[2KCollecting 1 genome record [================================================] 100% 1/1
Downloading: ncbi_dataset.zip    74.8MB 16.6MB/s
[1A[2K[1A[2KCollecting 1 genome record [================================================] 100% 1/1
Downloading: ncbi_dataset.zip    75.3MB 16.6MB/s
[1A[2K[1A[2KCollecting 1 genome record [================================================] 100% 1/1
Downloading: ncbi_dataset.zip    75.8MB 16.7MB/s
[1A[2K[1A[2KCollecting 1 genome record [================================================] 100% 1/1
Downloading: ncbi_dataset.zip    76.3MB 16.8MB/s
[1A[2K[1A[2KCollecting 1 genome record [================================================] 100% 1/1
Downloading: ncbi_dataset.zip    76.6MB 16.8MB/s
[1A[2K[1A[2KCollecting 1 genome record [================================================] 100% 1/1
Downloading: ncbi_dataset.zip    77.2MB 16.9MB/s
[1A[2K[1A[2KCollecting 1 genome record [================================================] 100% 1/1
Downloading: ncbi_dataset.zip    77.7MB 17MB/s
[1A[2K[1A[2KCollecting 1 genome record [================================================] 100% 1/1
Downloading: ncbi_dataset.zip    78.3MB 17.1MB/s
[1A[2K[1A[2KCollecting 1 genome record [================================================] 100% 1/1
Downloading: ncbi_dataset.zip    78.5MB 17.1MB/s
[1A[2K[1A[2KCollecting 1 genome record [================================================] 100% 1/1
Downloading: ncbi_dataset.zip    78.6MB 17.1MB/s
[1A[2K[1A[2KCollecting 1 genome record [================================================] 100% 1/1
Downloading: ncbi_dataset.zip    78.6MB 17.1MB/s
[1A[2K[1A[2KCollecting 1 genome record [================================================] 100% 1/1
Downloading: ncbi_dataset.zip    78.6MB 17.1MB/s
[1A[2K[1A[2KCollecting 1 genome record [================================================] 100% 1/1
Downloading: ncbi_dataset.zip    78.6MB 17.1MB/s
[1A[2K[1A[2KCollecting 1 genome record [================================================] 100% 1/1
Downloading: ncbi_dataset.zip    78.6MB 17.1MB/s
[1A[2K[1A[2KCollecting 1 genome record [================================================] 100% 1/1
Downloading: ncbi_dataset.zip    78.6MB 17.1MB/s
[1A[2K[1A[2KCollecting 1 genome record [================================================] 100% 1/1
Downloading: ncbi_dataset.zip    78.6MB 17.1MB/s
[1A[2K[1A[2KCollecting 1 genome record [================================================] 100% 1/1
Downloading: ncbi_dataset.zip    78.6MB 17.1MB/s
[1A[2K[1A[2KCollecting 1 genome record [================================================] 100% 1/1
Downloading: ncbi_dataset.zip    78.8MB 16.8MB/s
[1A[2K[1A[2KCollecting 1 genome record [================================================] 100% 1/1
Downloading: ncbi_dataset.zip    79.3MB 16.9MB/s
[1A[2K[1A[2KCollecting 1 genome record [================================================] 100% 1/1
Downloading: ncbi_dataset.zip    79.9MB 16.9MB/s
[1A[2K[1A[2KCollecting 1 genome record [================================================] 100% 1/1
Downloading: ncbi_dataset.zip    80.5MB 17MB/s
[1A[2K[1A[2KCollecting 1 genome record [================================================] 100% 1/1
Downloading: ncbi_dataset.zip    80.7MB 17.1MB/s
[1A[2K[1A[2KCollecting 1 genome record [================================================] 100% 1/1
Downloading: ncbi_dataset.zip    80.9MB 17.1MB/s
[1A[2K[1A[2KCollecting 1 genome record [================================================] 100% 1/1
Downloading: ncbi_dataset.zip    81.2MB 17.1MB/s
[1A[2K[1A[2KCollecting 1 genome record [================================================] 100% 1/1
Downloading: ncbi_dataset.zip    81.7MB 17.2MB/s
[1A[2K[1A[2KCollecting 1 genome record [================================================] 100% 1/1
Downloading: ncbi_dataset.zip    82.2MB 17.2MB/s
[1A[2K[1A[2KCollecting 1 genome record [================================================] 100% 1/1
Downloading: ncbi_dataset.zip    82.6MB 17.3MB/s
[1A[2K[1A[2KCollecting 1 genome record [================================================] 100% 1/1
Downloading: ncbi_dataset.zip    82.6MB 17.3MB/s
[1A[2K[1A[2KCollecting 1 genome record [================================================] 100% 1/1
Downloading: ncbi_dataset.zip    82.6MB 17.3MB/s
[1A[2K[1A[2KCollecting 1 genome record [================================================] 100% 1/1
Downloading: ncbi_dataset.zip    82.6MB 17.3MB/s
[1A[2K[1A[2KCollecting 1 genome record [================================================] 100% 1/1
Downloading: ncbi_dataset.zip    82.6MB 17.3MB/s
[1A[2K[1A[2KCollecting 1 genome record [================================================] 100% 1/1
Downloading: ncbi_dataset.zip    82.6MB 17.3MB/s
[1A[2K[1A[2KCollecting 1 genome record [================================================] 100% 1/1
Downloading: ncbi_dataset.zip    82.6MB 17.3MB/s
[1A[2K[1A[2KCollecting 1 genome record [================================================] 100% 1/1
Downloading: ncbi_dataset.zip    82.6MB 17.3MB/s
[1A[2K[1A[2KCollecting 1 genome record [================================================] 100% 1/1
Downloading: ncbi_dataset.zip    82.9MB 17MB/s
[1A[2K[1A[2KCollecting 1 genome record [================================================] 100% 1/1
Downloading: ncbi_dataset.zip    83.4MB 17.1MB/s
[1A[2K[1A[2KCollecting 1 genome record [================================================] 100% 1/1
Downloading: ncbi_dataset.zip    84MB 17.2MB/s
[1A[2K[1A[2KCollecting 1 genome record [================================================] 100% 1/1
Downloading: ncbi_dataset.zip    84.4MB 17.2MB/s
[1A[2K[1A[2KCollecting 1 genome record [================================================] 100% 1/1
Downloading: ncbi_dataset.zip    84.7MB 17.3MB/s
[1A[2K[1A[2KCollecting 1 genome record [================================================] 100% 1/1
Downloading: ncbi_dataset.zip    85.2MB 17.3MB/s
[1A[2K[1A[2KCollecting 1 genome record [================================================] 100% 1/1
Downloading: ncbi_dataset.zip    85.3MB 17.3MB/s
[1A[2K[1A[2KCollecting 1 genome record [================================================] 100% 1/1
Downloading: ncbi_dataset.zip    86MB 17.4MB/s
[1A[2K[1A[2KCollecting 1 genome record [================================================] 100% 1/1
Downloading: ncbi_dataset.zip    86.6MB 17.5MB/s
[1A[2K[1A[2KCollecting 1 genome record [================================================] 100% 1/1
Downloading: ncbi_dataset.zip    86.6MB 17.5MB/s
[1A[2K[1A[2KCollecting 1 genome record [================================================] 100% 1/1
Downloading: ncbi_dataset.zip    86.6MB 17.5MB/s
[1A[2K[1A[2KCollecting 1 genome record [================================================] 100% 1/1
Downloading: ncbi_dataset.zip    86.6MB 17.5MB/s
[1A[2K[1A[2KCollecting 1 genome record [================================================] 100% 1/1
Downloading: ncbi_dataset.zip    86.6MB 17.5MB/s
[1A[2K[1A[2KCollecting 1 genome record [================================================] 100% 1/1
Downloading: ncbi_dataset.zip    86.6MB 17.5MB/s
[1A[2K[1A[2KCollecting 1 genome record [================================================] 100% 1/1
Downloading: ncbi_dataset.zip    86.6MB 17.5MB/s
[1A[2K[1A[2KCollecting 1 genome record [================================================] 100% 1/1
Downloading: ncbi_dataset.zip    86.6MB 17.5MB/s
[1A[2K[1A[2KCollecting 1 genome record [================================================] 100% 1/1
Downloading: ncbi_dataset.zip    86.6MB 17.5MB/s
[1A[2K[1A[2KCollecting 1 genome record [================================================] 100% 1/1
Downloading: ncbi_dataset.zip    86.9MB 17.2MB/s
[1A[2K[1A[2KCollecting 1 genome record [================================================] 100% 1/1
Downloading: ncbi_dataset.zip    87.4MB 17.3MB/s
[1A[2K[1A[2KCollecting 1 genome record [================================================] 100% 1/1
Downloading: ncbi_dataset.zip    87.9MB 17.4MB/s
[1A[2K[1A[2KCollecting 1 genome record [================================================] 100% 1/1
Downloading: ncbi_dataset.zip    88.3MB 17.4MB/s
[1A[2K[1A[2KCollecting 1 genome record [================================================] 100% 1/1
Downloading: ncbi_dataset.zip    88.5MB 17.4MB/s
[1A[2K[1A[2KCollecting 1 genome record [================================================] 100% 1/1
Downloading: ncbi_dataset.zip    89MB 17.5MB/s
[1A[2K[1A[2KCollecting 1 genome record [================================================] 100% 1/1
Downloading: ncbi_dataset.zip    89.4MB 17.5MB/s
[1A[2K[1A[2KCollecting 1 genome record [================================================] 100% 1/1
Downloading: ncbi_dataset.zip    89.8MB 17.6MB/s
[1A[2K[1A[2KCollecting 1 genome record [================================================] 100% 1/1
Downloading: ncbi_dataset.zip    90.3MB 17.6MB/s
[1A[2K[1A[2KCollecting 1 genome record [================================================] 100% 1/1
Downloading: ncbi_dataset.zip    90.5MB 17.7MB/s
[1A[2K[1A[2KCollecting 1 genome record [================================================] 100% 1/1
Downloading: ncbi_dataset.zip    90.5MB 17.7MB/s
[1A[2K[1A[2KCollecting 1 genome record [================================================] 100% 1/1
Downloading: ncbi_dataset.zip    90.5MB 17.7MB/s
[1A[2K[1A[2KCollecting 1 genome record [================================================] 100% 1/1
Downloading: ncbi_dataset.zip    90.5MB 17.7MB/s
[1A[2K[1A[2KCollecting 1 genome record [================================================] 100% 1/1
Downloading: ncbi_dataset.zip    90.5MB 17.7MB/s
[1A[2K[1A[2KCollecting 1 genome record [================================================] 100% 1/1
Downloading: ncbi_dataset.zip    90.5MB 17.7MB/s
[1A[2K[1A[2KCollecting 1 genome record [================================================] 100% 1/1
Downloading: ncbi_dataset.zip    90.5MB 17.7MB/s
[1A[2K[1A[2KCollecting 1 genome record [================================================] 100% 1/1
Downloading: ncbi_dataset.zip    90.5MB 17.7MB/s
[1A[2K[1A[2KCollecting 1 genome record [================================================] 100% 1/1
Downloading: ncbi_dataset.zip    90.9MB 17.4MB/s
[1A[2K[1A[2KCollecting 1 genome record [================================================] 100% 1/1
Downloading: ncbi_dataset.zip    91.2MB 17.4MB/s
[1A[2K[1A[2KCollecting 1 genome record [================================================] 100% 1/1
Downloading: ncbi_dataset.zip    91.8MB 17.5MB/s
[1A[2K[1A[2KCollecting 1 genome record [================================================] 100% 1/1
Downloading: ncbi_dataset.zip    92MB 17.6MB/s
[1A[2K[1A[2KCollecting 1 genome record [================================================] 100% 1/1
Downloading: ncbi_dataset.zip    92.7MB 17.6MB/s
[1A[2K[1A[2KCollecting 1 genome record [================================================] 100% 1/1
Downloading: ncbi_dataset.zip    93.2MB 17.7MB/s
[1A[2K[1A[2KCollecting 1 genome record [================================================] 100% 1/1
Downloading: ncbi_dataset.zip    93.7MB 17.7MB/s
[1A[2K[1A[2KCollecting 1 genome record [================================================] 100% 1/1
Downloading: ncbi_dataset.zip    94.2MB 17.8MB/s
[1A[2K[1A[2KCollecting 1 genome record [================================================] 100% 1/1
Downloading: ncbi_dataset.zip    94.5MB 17.9MB/s
[1A[2K[1A[2KCollecting 1 genome record [================================================] 100% 1/1
Downloading: ncbi_dataset.zip    94.5MB 17.9MB/s
[1A[2K[1A[2KCollecting 1 genome record [================================================] 100% 1/1
Downloading: ncbi_dataset.zip    94.5MB 17.9MB/s
[1A[2K[1A[2KCollecting 1 genome record [================================================] 100% 1/1
Downloading: ncbi_dataset.zip    94.5MB 17.9MB/s
[1A[2K[1A[2KCollecting 1 genome record [================================================] 100% 1/1
Downloading: ncbi_dataset.zip    94.5MB 17.9MB/s
[1A[2K[1A[2KCollecting 1 genome record [================================================] 100% 1/1
Downloading: ncbi_dataset.zip    94.5MB 17.9MB/s
[1A[2K[1A[2KCollecting 1 genome record [================================================] 100% 1/1
Downloading: ncbi_dataset.zip    94.5MB 17.9MB/s
[1A[2K[1A[2KCollecting 1 genome record [================================================] 100% 1/1
Downloading: ncbi_dataset.zip    94.5MB 17.9MB/s
[1A[2K[1A[2KCollecting 1 genome record [================================================] 100% 1/1
Downloading: ncbi_dataset.zip    94.5MB 17.9MB/s
[1A[2K[1A[2KCollecting 1 genome record [================================================] 100% 1/1
Downloading: ncbi_dataset.zip    94.9MB 17.6MB/s
[1A[2K[1A[2KCollecting 1 genome record [================================================] 100% 1/1
Downloading: ncbi_dataset.zip    95.4MB 17.7MB/s
[1A[2K[1A[2KCollecting 1 genome record [================================================] 100% 1/1
Downloading: ncbi_dataset.zip    95.8MB 17.7MB/s
[1A[2K[1A[2KCollecting 1 genome record [================================================] 100% 1/1
Downloading: ncbi_dataset.zip    96.3MB 17.8MB/s
[1A[2K[1A[2KCollecting 1 genome record [================================================] 100% 1/1
Downloading: ncbi_dataset.zip    96.7MB 17.8MB/s
[1A[2K[1A[2KCollecting 1 genome record [================================================] 100% 1/1
Downloading: ncbi_dataset.zip    97.1MB 17.8MB/s
[1A[2K[1A[2KCollecting 1 genome record [================================================] 100% 1/1
Downloading: ncbi_dataset.zip    97.6MB 17.9MB/s
[1A[2K[1A[2KCollecting 1 genome record [================================================] 100% 1/1
Downloading: ncbi_dataset.zip    98.1MB 18MB/s
[1A[2K[1A[2KCollecting 1 genome record [================================================] 100% 1/1
Downloading: ncbi_dataset.zip    98.5MB 18MB/s
[1A[2K[1A[2KCollecting 1 genome record [================================================] 100% 1/1
Downloading: ncbi_dataset.zip    98.5MB 18MB/s
[1A[2K[1A[2KCollecting 1 genome record [================================================] 100% 1/1
Downloading: ncbi_dataset.zip    98.5MB 18MB/s
[1A[2K[1A[2KCollecting 1 genome record [================================================] 100% 1/1
Downloading: ncbi_dataset.zip    98.5MB 18MB/s
[1A[2K[1A[2KCollecting 1 genome record [================================================] 100% 1/1
Downloading: ncbi_dataset.zip    98.5MB 18MB/s
[1A[2K[1A[2KCollecting 1 genome record [================================================] 100% 1/1
Downloading: ncbi_dataset.zip    98.5MB 18MB/s
[1A[2K[1A[2KCollecting 1 genome record [================================================] 100% 1/1
Downloading: ncbi_dataset.zip    98.5MB 18MB/s
[1A[2K[1A[2KCollecting 1 genome record [================================================] 100% 1/1
Downloading: ncbi_dataset.zip    98.5MB 18MB/s
[1A[2K[1A[2KCollecting 1 genome record [================================================] 100% 1/1
Downloading: ncbi_dataset.zip    98.5MB 18MB/s
[1A[2K[1A[2KCollecting 1 genome record [================================================] 100% 1/1
Downloading: ncbi_dataset.zip    98.9MB 17.8MB/s
[1A[2K[1A[2KCollecting 1 genome record [================================================] 100% 1/1
Downloading: ncbi_dataset.zip    99.3MB 17.8MB/s
[1A[2K[1A[2KCollecting 1 genome record [================================================] 100% 1/1
Downloading: ncbi_dataset.zip    99.8MB 17.9MB/s
[1A[2K[1A[2KCollecting 1 genome record [================================================] 100% 1/1
Downloading: ncbi_dataset.zip    100MB 17.9MB/s
[1A[2K[1A[2KCollecting 1 genome record [================================================] 100% 1/1
Downloading: ncbi_dataset.zip    101MB 18MB/s
[1A[2K[1A[2KCollecting 1 genome record [================================================] 100% 1/1
Downloading: ncbi_dataset.zip    101MB 18MB/s
[1A[2K[1A[2KCollecting 1 genome record [================================================] 100% 1/1
Downloading: ncbi_dataset.zip    102MB 18.1MB/s
[1A[2K[1A[2KCollecting 1 genome record [================================================] 100% 1/1
Downloading: ncbi_dataset.zip    102MB 18.2MB/s
[1A[2K[1A[2KCollecting 1 genome record [================================================] 100% 1/1
Downloading: ncbi_dataset.zip    102MB 18.2MB/s
[1A[2K[1A[2KCollecting 1 genome record [================================================] 100% 1/1
Downloading: ncbi_dataset.zip    102MB 18.2MB/s
[1A[2K[1A[2KCollecting 1 genome record [================================================] 100% 1/1
Downloading: ncbi_dataset.zip    102MB 18.2MB/s
[1A[2K[1A[2KCollecting 1 genome record [================================================] 100% 1/1
Downloading: ncbi_dataset.zip    102MB 18.2MB/s
[1A[2K[1A[2KCollecting 1 genome record [================================================] 100% 1/1
Downloading: ncbi_dataset.zip    102MB 18.2MB/s
[1A[2K[1A[2KCollecting 1 genome record [================================================] 100% 1/1
Downloading: ncbi_dataset.zip    102MB 18.2MB/s
[1A[2K[1A[2KCollecting 1 genome record [================================================] 100% 1/1
Downloading: ncbi_dataset.zip    102MB 18.2MB/s
[1A[2K[1A[2KCollecting 1 genome record [================================================] 100% 1/1
Downloading: ncbi_dataset.zip    102MB 18.2MB/s
[1A[2K[1A[2KCollecting 1 genome record [================================================] 100% 1/1
Downloading: ncbi_dataset.zip    102MB 17.9MB/s
[1A[2K[1A[2KCollecting 1 genome record [================================================] 100% 1/1
Downloading: ncbi_dataset.zip    103MB 17.9MB/s
[1A[2K[1A[2KCollecting 1 genome record [================================================] 100% 1/1
Downloading: ncbi_dataset.zip    104MB 18MB/s
[1A[2K[1A[2KCollecting 1 genome record [================================================] 100% 1/1
Downloading: ncbi_dataset.zip    104MB 18.1MB/s
[1A[2K[1A[2KCollecting 1 genome record [================================================] 100% 1/1
Downloading: ncbi_dataset.zip    104MB 18.1MB/s
[1A[2K[1A[2KCollecting 1 genome record [================================================] 100% 1/1
Downloading: ncbi_dataset.zip    105MB 18.1MB/s
[1A[2K[1A[2KCollecting 1 genome record [================================================] 100% 1/1
Downloading: ncbi_dataset.zip    105MB 18.1MB/s
[1A[2K[1A[2KCollecting 1 genome record [================================================] 100% 1/1
Downloading: ncbi_dataset.zip    105MB 18.1MB/s
[1A[2K[1A[2KCollecting 1 genome record [================================================] 100% 1/1
Downloading: ncbi_dataset.zip    106MB 18.2MB/s
[1A[2K[1A[2KCollecting 1 genome record [================================================] 100% 1/1
Downloading: ncbi_dataset.zip    106MB 18.3MB/s
[1A[2K[1A[2KCollecting 1 genome record [================================================] 100% 1/1
Downloading: ncbi_dataset.zip    106MB 18.3MB/s
[1A[2K[1A[2KCollecting 1 genome record [================================================] 100% 1/1
Downloading: ncbi_dataset.zip    106MB 18.3MB/s
[1A[2K[1A[2KCollecting 1 genome record [================================================] 100% 1/1
Downloading: ncbi_dataset.zip    106MB 18.3MB/s
[1A[2K[1A[2KCollecting 1 genome record [================================================] 100% 1/1
Downloading: ncbi_dataset.zip    106MB 18.3MB/s
[1A[2K[1A[2KCollecting 1 genome record [================================================] 100% 1/1
Downloading: ncbi_dataset.zip    106MB 18.3MB/s
[1A[2K[1A[2KCollecting 1 genome record [================================================] 100% 1/1
Downloading: ncbi_dataset.zip    106MB 18.3MB/s
[1A[2K[1A[2KCollecting 1 genome record [================================================] 100% 1/1
Downloading: ncbi_dataset.zip    106MB 18.3MB/s
[1A[2K[1A[2KCollecting 1 genome record [================================================] 100% 1/1
Downloading: ncbi_dataset.zip    106MB 18MB/s
[1A[2K[1A[2KCollecting 1 genome record [================================================] 100% 1/1
Downloading: ncbi_dataset.zip    107MB 18.1MB/s
[1A[2K[1A[2KCollecting 1 genome record [================================================] 100% 1/1
Downloading: ncbi_dataset.zip    108MB 18.2MB/s
[1A[2K[1A[2KCollecting 1 genome record [================================================] 100% 1/1
Downloading: ncbi_dataset.zip    108MB 18.2MB/s
[1A[2K[1A[2KCollecting 1 genome record [================================================] 100% 1/1
Downloading: ncbi_dataset.zip    108MB 18.2MB/s
[1A[2K[1A[2KCollecting 1 genome record [================================================] 100% 1/1
Downloading: ncbi_dataset.zip    109MB 18.3MB/s
[1A[2K[1A[2KCollecting 1 genome record [================================================] 100% 1/1
Downloading: ncbi_dataset.zip    109MB 18.3MB/s
[1A[2K[1A[2KCollecting 1 genome record [================================================] 100% 1/1
Downloading: ncbi_dataset.zip    110MB 18.4MB/s
[1A[2K[1A[2KCollecting 1 genome record [================================================] 100% 1/1
Downloading: ncbi_dataset.zip    110MB 18.4MB/s
[1A[2K[1A[2KCollecting 1 genome record [================================================] 100% 1/1
Downloading: ncbi_dataset.zip    110MB 18.4MB/s
[1A[2K[1A[2KCollecting 1 genome record [================================================] 100% 1/1
Downloading: ncbi_dataset.zip    110MB 18.4MB/s
[1A[2K[1A[2KCollecting 1 genome record [================================================] 100% 1/1
Downloading: ncbi_dataset.zip    110MB 18.4MB/s
[1A[2K[1A[2KCollecting 1 genome record [================================================] 100% 1/1
Downloading: ncbi_dataset.zip    110MB 18.4MB/s
[1A[2K[1A[2KCollecting 1 genome record [================================================] 100% 1/1
Downloading: ncbi_dataset.zip    110MB 18.4MB/s
[1A[2K[1A[2KCollecting 1 genome record [================================================] 100% 1/1
Downloading: ncbi_dataset.zip    110MB 18.4MB/s
[1A[2K[1A[2KCollecting 1 genome record [================================================] 100% 1/1
Downloading: ncbi_dataset.zip    110MB 18.4MB/s
[1A[2K[1A[2KCollecting 1 genome record [================================================] 100% 1/1
Downloading: ncbi_dataset.zip    110MB 18.4MB/s
[1A[2K[1A[2KCollecting 1 genome record [================================================] 100% 1/1
Downloading: ncbi_dataset.zip    110MB 18.2MB/s
[1A[2K[1A[2KCollecting 1 genome record [================================================] 100% 1/1
Downloading: ncbi_dataset.zip    111MB 18.2MB/s
[1A[2K[1A[2KCollecting 1 genome record [================================================] 100% 1/1
Downloading: ncbi_dataset.zip    112MB 18.3MB/s
[1A[2K[1A[2KCollecting 1 genome record [================================================] 100% 1/1
Downloading: ncbi_dataset.zip    112MB 18.4MB/s
[1A[2K[1A[2KCollecting 1 genome record [================================================] 100% 1/1
Downloading: ncbi_dataset.zip    112MB 18.3MB/s
[1A[2K[1A[2KCollecting 1 genome record [================================================] 100% 1/1
Downloading: ncbi_dataset.zip    113MB 18.4MB/s
[1A[2K[1A[2KCollecting 1 genome record [================================================] 100% 1/1
Downloading: ncbi_dataset.zip    113MB 18.4MB/s
[1A[2K[1A[2KCollecting 1 genome record [================================================] 100% 1/1
Downloading: ncbi_dataset.zip    114MB 18.5MB/s
[1A[2K[1A[2KCollecting 1 genome record [================================================] 100% 1/1
Downloading: ncbi_dataset.zip    114MB 18.6MB/s
[1A[2K[1A[2KCollecting 1 genome record [================================================] 100% 1/1
Downloading: ncbi_dataset.zip    114MB 18.6MB/s
[1A[2K[1A[2KCollecting 1 genome record [================================================] 100% 1/1
Downloading: ncbi_dataset.zip    114MB 18.6MB/s
[1A[2K[1A[2KCollecting 1 genome record [================================================] 100% 1/1
Downloading: ncbi_dataset.zip    114MB 18.6MB/s
[1A[2K[1A[2KCollecting 1 genome record [================================================] 100% 1/1
Downloading: ncbi_dataset.zip    114MB 18.6MB/s
[1A[2K[1A[2KCollecting 1 genome record [================================================] 100% 1/1
Downloading: ncbi_dataset.zip    114MB 18.6MB/s
[1A[2K[1A[2KCollecting 1 genome record [================================================] 100% 1/1
Downloading: ncbi_dataset.zip    114MB 18.6MB/s
[1A[2K[1A[2KCollecting 1 genome record [================================================] 100% 1/1
Downloading: ncbi_dataset.zip    114MB 18.6MB/s
[1A[2K[1A[2KCollecting 1 genome record [================================================] 100% 1/1
Downloading: ncbi_dataset.zip    114MB 18.6MB/s
[1A[2K[1A[2KCollecting 1 genome record [================================================] 100% 1/1
Downloading: ncbi_dataset.zip    115MB 18.3MB/s
[1A[2K[1A[2KCollecting 1 genome record [================================================] 100% 1/1
Downloading: ncbi_dataset.zip    115MB 18.4MB/s
[1A[2K[1A[2KCollecting 1 genome record [================================================] 100% 1/1
Downloading: ncbi_dataset.zip    116MB 18.4MB/s
[1A[2K[1A[2KCollecting 1 genome record [================================================] 100% 1/1
Downloading: ncbi_dataset.zip    116MB 18.5MB/s
[1A[2K[1A[2KCollecting 1 genome record [================================================] 100% 1/1
Downloading: ncbi_dataset.zip    116MB 18.5MB/s
[1A[2K[1A[2KCollecting 1 genome record [================================================] 100% 1/1
Downloading: ncbi_dataset.zip    117MB 18.5MB/s
[1A[2K[1A[2KCollecting 1 genome record [================================================] 100% 1/1
Downloading: ncbi_dataset.zip    117MB 18.6MB/s
[1A[2K[1A[2KCollecting 1 genome record [================================================] 100% 1/1
Downloading: ncbi_dataset.zip    118MB 18.7MB/s
[1A[2K[1A[2KCollecting 1 genome record [================================================] 100% 1/1
Downloading: ncbi_dataset.zip    118MB 18.7MB/s
[1A[2K[1A[2KCollecting 1 genome record [================================================] 100% 1/1
Downloading: ncbi_dataset.zip    118MB 18.7MB/s
[1A[2K[1A[2KCollecting 1 genome record [================================================] 100% 1/1
Downloading: ncbi_dataset.zip    118MB 18.7MB/s
[1A[2K[1A[2KCollecting 1 genome record [================================================] 100% 1/1
Downloading: ncbi_dataset.zip    118MB 18.7MB/s
[1A[2K[1A[2KCollecting 1 genome record [================================================] 100% 1/1
Downloading: ncbi_dataset.zip    118MB 18.7MB/s
[1A[2K[1A[2KCollecting 1 genome record [================================================] 100% 1/1
Downloading: ncbi_dataset.zip    118MB 18.7MB/s
[1A[2K[1A[2KCollecting 1 genome record [================================================] 100% 1/1
Downloading: ncbi_dataset.zip    118MB 18.7MB/s
[1A[2K[1A[2KCollecting 1 genome record [================================================] 100% 1/1
Downloading: ncbi_dataset.zip    118MB 18.7MB/s
[1A[2K[1A[2KCollecting 1 genome record [================================================] 100% 1/1
Downloading: ncbi_dataset.zip    118MB 18.4MB/s
[1A[2K[1A[2KCollecting 1 genome record [================================================] 100% 1/1
Downloading: ncbi_dataset.zip    119MB 18.4MB/s
[1A[2K[1A[2KCollecting 1 genome record [================================================] 100% 1/1
Downloading: ncbi_dataset.zip    119MB 18.5MB/s
[1A[2K[1A[2KCollecting 1 genome record [================================================] 100% 1/1
Downloading: ncbi_dataset.zip    120MB 18.6MB/s
[1A[2K[1A[2KCollecting 1 genome record [================================================] 100% 1/1
Downloading: ncbi_dataset.zip    120MB 18.6MB/s
[1A[2K[1A[2KCollecting 1 genome record [================================================] 100% 1/1
Downloading: ncbi_dataset.zip    120MB 18.6MB/s
[1A[2K[1A[2KCollecting 1 genome record [================================================] 100% 1/1
Downloading: ncbi_dataset.zip    121MB 18.7MB/s
[1A[2K[1A[2KCollecting 1 genome record [================================================] 100% 1/1
Downloading: ncbi_dataset.zip    122MB 18.7MB/s
[1A[2K[1A[2KCollecting 1 genome record [================================================] 100% 1/1
Downloading: ncbi_dataset.zip    122MB 18.8MB/s
[1A[2K[1A[2KCollecting 1 genome record [================================================] 100% 1/1
Downloading: ncbi_dataset.zip    122MB 18.8MB/s
[1A[2K[1A[2KCollecting 1 genome record [================================================] 100% 1/1
Downloading: ncbi_dataset.zip    122MB 18.8MB/s
[1A[2K[1A[2KCollecting 1 genome record [================================================] 100% 1/1
Downloading: ncbi_dataset.zip    122MB 18.8MB/s
[1A[2K[1A[2KCollecting 1 genome record [================================================] 100% 1/1
Downloading: ncbi_dataset.zip    122MB 18.8MB/s
[1A[2K[1A[2KCollecting 1 genome record [================================================] 100% 1/1
Downloading: ncbi_dataset.zip    122MB 18.8MB/s
[1A[2K[1A[2KCollecting 1 genome record [================================================] 100% 1/1
Downloading: ncbi_dataset.zip    122MB 18.8MB/s
[1A[2K[1A[2KCollecting 1 genome record [================================================] 100% 1/1
Downloading: ncbi_dataset.zip    122MB 18.8MB/s
[1A[2K[1A[2KCollecting 1 genome record [================================================] 100% 1/1
Downloading: ncbi_dataset.zip    122MB 18.8MB/s
[1A[2K[1A[2KCollecting 1 genome record [================================================] 100% 1/1
Downloading: ncbi_dataset.zip    122MB 18.5MB/s
[1A[2K[1A[2KCollecting 1 genome record [================================================] 100% 1/1
Downloading: ncbi_dataset.zip    123MB 18.6MB/s
[1A[2K[1A[2KCollecting 1 genome record [================================================] 100% 1/1
Downloading: ncbi_dataset.zip    123MB 18.6MB/s
[1A[2K[1A[2KCollecting 1 genome record [================================================] 100% 1/1
Downloading: ncbi_dataset.zip    124MB 18.6MB/s
[1A[2K[1A[2KCollecting 1 genome record [================================================] 100% 1/1
Downloading: ncbi_dataset.zip    124MB 18.7MB/s
[1A[2K[1A[2KCollecting 1 genome record [================================================] 100% 1/1
Downloading: ncbi_dataset.zip    124MB 18.7MB/s
[1A[2K[1A[2KCollecting 1 genome record [================================================] 100% 1/1
Downloading: ncbi_dataset.zip    125MB 18.8MB/s
[1A[2K[1A[2KCollecting 1 genome record [================================================] 100% 1/1
Downloading: ncbi_dataset.zip    125MB 18.8MB/s
[1A[2K[1A[2KCollecting 1 genome record [================================================] 100% 1/1
Downloading: ncbi_dataset.zip    126MB 18.8MB/s
[1A[2K[1A[2KCollecting 1 genome record [================================================] 100% 1/1
Downloading: ncbi_dataset.zip    126MB 18.9MB/s
[1A[2K[1A[2KCollecting 1 genome record [================================================] 100% 1/1
Downloading: ncbi_dataset.zip    126MB 18.9MB/s
[1A[2K[1A[2KCollecting 1 genome record [================================================] 100% 1/1
Downloading: ncbi_dataset.zip    126MB 18.9MB/s
[1A[2K[1A[2KCollecting 1 genome record [================================================] 100% 1/1
Downloading: ncbi_dataset.zip    126MB 18.9MB/s
[1A[2K[1A[2KCollecting 1 genome record [================================================] 100% 1/1
Downloading: ncbi_dataset.zip    126MB 18.9MB/s
[1A[2K[1A[2KCollecting 1 genome record [================================================] 100% 1/1
Downloading: ncbi_dataset.zip    126MB 18.9MB/s
[1A[2K[1A[2KCollecting 1 genome record [================================================] 100% 1/1
Downloading: ncbi_dataset.zip    126MB 18.9MB/s
[1A[2K[1A[2KCollecting 1 genome record [================================================] 100% 1/1
Downloading: ncbi_dataset.zip    126MB 18.9MB/s
[1A[2K[1A[2KCollecting 1 genome record [================================================] 100% 1/1
Downloading: ncbi_dataset.zip    127MB 18.7MB/s
[1A[2K[1A[2KCollecting 1 genome record [================================================] 100% 1/1
Downloading: ncbi_dataset.zip    127MB 18.7MB/s
[1A[2K[1A[2KCollecting 1 genome record [================================================] 100% 1/1
Downloading: ncbi_dataset.zip    127MB 18.7MB/s
[1A[2K[1A[2KCollecting 1 genome record [================================================] 100% 1/1
Downloading: ncbi_dataset.zip    128MB 18.8MB/s
[1A[2K[1A[2KCollecting 1 genome record [================================================] 100% 1/1
Downloading: ncbi_dataset.zip    128MB 18.8MB/s
[1A[2K[1A[2KCollecting 1 genome record [================================================] 100% 1/1
Downloading: ncbi_dataset.zip    129MB 18.9MB/s
[1A[2K[1A[2KCollecting 1 genome record [================================================] 100% 1/1
Downloading: ncbi_dataset.zip    129MB 18.9MB/s
[1A[2K[1A[2KCollecting 1 genome record [================================================] 100% 1/1
Downloading: ncbi_dataset.zip    130MB 18.9MB/s
[1A[2K[1A[2KCollecting 1 genome record [================================================] 100% 1/1
Downloading: ncbi_dataset.zip    130MB 19MB/s
[1A[2K[1A[2KCollecting 1 genome record [================================================] 100% 1/1
Downloading: ncbi_dataset.zip    131MB 19.1MB/s
[1A[2K[1A[2KCollecting 1 genome record [================================================] 100% 1/1
Downloading: ncbi_dataset.zip    131MB 19.1MB/s
[1A[2K[1A[2KCollecting 1 genome record [================================================] 100% 1/1
Downloading: ncbi_dataset.zip    131MB 19.1MB/s
[1A[2K[1A[2KCollecting 1 genome record [================================================] 100% 1/1
Downloading: ncbi_dataset.zip    131MB 19.1MB/s
[1A[2K[1A[2KCollecting 1 genome record [================================================] 100% 1/1
Downloading: ncbi_dataset.zip    131MB 19.1MB/s
[1A[2K[1A[2KCollecting 1 genome record [================================================] 100% 1/1
Downloading: ncbi_dataset.zip    131MB 19.1MB/s
[1A[2K[1A[2KCollecting 1 genome record [================================================] 100% 1/1
Downloading: ncbi_dataset.zip    131MB 19.1MB/s
[1A[2K[1A[2KCollecting 1 genome record [================================================] 100% 1/1
Downloading: ncbi_dataset.zip    131MB 19.1MB/s
[1A[2K[1A[2KCollecting 1 genome record [================================================] 100% 1/1
Downloading: ncbi_dataset.zip    131MB 18.8MB/s
[1A[2K[1A[2KCollecting 1 genome record [================================================] 100% 1/1
Downloading: ncbi_dataset.zip    131MB 18.8MB/s
[1A[2K[1A[2KCollecting 1 genome record [================================================] 100% 1/1
Downloading: ncbi_dataset.zip    132MB 18.9MB/s
[1A[2K[1A[2KCollecting 1 genome record [================================================] 100% 1/1
Downloading: ncbi_dataset.zip    132MB 18.9MB/s
[1A[2K[1A[2KCollecting 1 genome record [================================================] 100% 1/1
Downloading: ncbi_dataset.zip    132MB 18.9MB/s
[1A[2K[1A[2KCollecting 1 genome record [================================================] 100% 1/1
Downloading: ncbi_dataset.zip    133MB 19MB/s
[1A[2K[1A[2KCollecting 1 genome record [================================================] 100% 1/1
Downloading: ncbi_dataset.zip    133MB 19MB/s
[1A[2K[1A[2KCollecting 1 genome record [================================================] 100% 1/1
Downloading: ncbi_dataset.zip    133MB 19MB/s
[1A[2K[1A[2KCollecting 1 genome record [================================================] 100% 1/1
Downloading: ncbi_dataset.zip    134MB 19.1MB/s
[1A[2K[1A[2KCollecting 1 genome record [================================================] 100% 1/1
Downloading: ncbi_dataset.zip    135MB 19.1MB/s
[1A[2K[1A[2KCollecting 1 genome record [================================================] 100% 1/1
Downloading: ncbi_dataset.zip    135MB 19.1MB/s
[1A[2K[1A[2KCollecting 1 genome record [================================================] 100% 1/1
Downloading: ncbi_dataset.zip    135MB 19.1MB/s
[1A[2K[1A[2KCollecting 1 genome record [================================================] 100% 1/1
Downloading: ncbi_dataset.zip    135MB 19.1MB/s
[1A[2K[1A[2KCollecting 1 genome record [================================================] 100% 1/1
Downloading: ncbi_dataset.zip    135MB 19.1MB/s
[1A[2K[1A[2KCollecting 1 genome record [================================================] 100% 1/1
Downloading: ncbi_dataset.zip    135MB 19.1MB/s
[1A[2K[1A[2KCollecting 1 genome record [================================================] 100% 1/1
Downloading: ncbi_dataset.zip    135MB 19.1MB/s
[1A[2K[1A[2KCollecting 1 genome record [================================================] 100% 1/1
Downloading: ncbi_dataset.zip    135MB 19.1MB/s
[1A[2K[1A[2KCollecting 1 genome record [================================================] 100% 1/1
Downloading: ncbi_dataset.zip    135MB 19MB/s
[1A[2K[1A[2KCollecting 1 genome record [================================================] 100% 1/1
Downloading: ncbi_dataset.zip    135MB 19MB/s
[1A[2K[1A[2KCollecting 1 genome record [================================================] 100% 1/1
Downloading: ncbi_dataset.zip    136MB 19MB/s
[1A[2K[1A[2KCollecting 1 genome record [================================================] 100% 1/1
Downloading: ncbi_dataset.zip    136MB 19MB/s
[1A[2K[1A[2KCollecting 1 genome record [================================================] 100% 1/1
Downloading: ncbi_dataset.zip    137MB 19.1MB/s
[1A[2K[1A[2KCollecting 1 genome record [================================================] 100% 1/1
Downloading: ncbi_dataset.zip    137MB 19.1MB/s
[1A[2K[1A[2KCollecting 1 genome record [================================================] 100% 1/1
Downloading: ncbi_dataset.zip    138MB 19.2MB/s
[1A[2K[1A[2KCollecting 1 genome record [================================================] 100% 1/1
Downloading: ncbi_dataset.zip    138MB 19.2MB/s
[1A[2K[1A[2KCollecting 1 genome record [================================================] 100% 1/1
Downloading: ncbi_dataset.zip    138MB 19.2MB/s
[1A[2K[1A[2KCollecting 1 genome record [================================================] 100% 1/1
Downloading: ncbi_dataset.zip    139MB 19.2MB/s
[1A[2K[1A[2KCollecting 1 genome record [================================================] 100% 1/1
Downloading: ncbi_dataset.zip    139MB 19.2MB/s
[1A[2K[1A[2KCollecting 1 genome record [================================================] 100% 1/1
Downloading: ncbi_dataset.zip    139MB 19.2MB/s
[1A[2K[1A[2KCollecting 1 genome record [================================================] 100% 1/1
Downloading: ncbi_dataset.zip    139MB 19.2MB/s
[1A[2K[1A[2KCollecting 1 genome record [================================================] 100% 1/1
Downloading: ncbi_dataset.zip    139MB 19.2MB/s
[1A[2K[1A[2KCollecting 1 genome record [================================================] 100% 1/1
Downloading: ncbi_dataset.zip    139MB 19.2MB/s
[1A[2K[1A[2KCollecting 1 genome record [================================================] 100% 1/1
Downloading: ncbi_dataset.zip    139MB 19.2MB/s
[1A[2K[1A[2KCollecting 1 genome record [================================================] 100% 1/1
Downloading: ncbi_dataset.zip    139MB 19.2MB/s
[1A[2K[1A[2KCollecting 1 genome record [================================================] 100% 1/1
Downloading: ncbi_dataset.zip    139MB 19MB/s
[1A[2K[1A[2KCollecting 1 genome record [================================================] 100% 1/1
Downloading: ncbi_dataset.zip    139MB 19.1MB/s
[1A[2K[1A[2KCollecting 1 genome record [================================================] 100% 1/1
Downloading: ncbi_dataset.zip    140MB 19.1MB/s
[1A[2K[1A[2KCollecting 1 genome record [================================================] 100% 1/1
Downloading: ncbi_dataset.zip    140MB 19.1MB/s
[1A[2K[1A[2KCollecting 1 genome record [================================================] 100% 1/1
Downloading: ncbi_dataset.zip    141MB 19.1MB/s
[1A[2K[1A[2KCollecting 1 genome record [================================================] 100% 1/1
Downloading: ncbi_dataset.zip    141MB 19.2MB/s
[1A[2K[1A[2KCollecting 1 genome record [================================================] 100% 1/1
Downloading: ncbi_dataset.zip    141MB 19.2MB/s
[1A[2K[1A[2KCollecting 1 genome record [================================================] 100% 1/1
Downloading: ncbi_dataset.zip    142MB 19.2MB/s
[1A[2K[1A[2KCollecting 1 genome record [================================================] 100% 1/1
Downloading: ncbi_dataset.zip    142MB 19.3MB/s
[1A[2K[1A[2KCollecting 1 genome record [================================================] 100% 1/1
Downloading: ncbi_dataset.zip    143MB 19.3MB/s
[1A[2K[1A[2KCollecting 1 genome record [================================================] 100% 1/1
Downloading: ncbi_dataset.zip    143MB 19.3MB/s
[1A[2K[1A[2KCollecting 1 genome record [================================================] 100% 1/1
Downloading: ncbi_dataset.zip    143MB 19.3MB/s
[1A[2K[1A[2KCollecting 1 genome record [================================================] 100% 1/1
Downloading: ncbi_dataset.zip    143MB 19.3MB/s
[1A[2K[1A[2KCollecting 1 genome record [================================================] 100% 1/1
Downloading: ncbi_dataset.zip    143MB 19.3MB/s
[1A[2K[1A[2KCollecting 1 genome record [================================================] 100% 1/1
Downloading: ncbi_dataset.zip    143MB 19.3MB/s
[1A[2K[1A[2KCollecting 1 genome record [================================================] 100% 1/1
Downloading: ncbi_dataset.zip    143MB 19.3MB/s
[1A[2K[1A[2KCollecting 1 genome record [================================================] 100% 1/1
Downloading: ncbi_dataset.zip    143MB 19.1MB/s
[1A[2K[1A[2KCollecting 1 genome record [================================================] 100% 1/1
Downloading: ncbi_dataset.zip    143MB 19.1MB/s
[1A[2K[1A[2KCollecting 1 genome record [================================================] 100% 1/1
Downloading: ncbi_dataset.zip    143MB 19.2MB/s
[1A[2K[1A[2KCollecting 1 genome record [================================================] 100% 1/1
Downloading: ncbi_dataset.zip    144MB 19.2MB/s
[1A[2K[1A[2KCollecting 1 genome record [================================================] 100% 1/1
Downloading: ncbi_dataset.zip    144MB done
Validating package []
[1A[2K[1A[2K[1A[2KCollecting 1 genome record [================================================] 100% 1/1
Downloading: ncbi_dataset.zip    144MB done
Validating package []
[1A[2K[1A[2K[1A[2KCollecting 1 genome record [================================================] 100% 1/1
Downloading: ncbi_dataset.zip    144MB done
Validating package []
[1A[2K[1A[2K[1A[2KCollecting 1 genome record [================================================] 100% 1/1
Downloading: ncbi_dataset.zip    144MB done
Validating package []
[1A[2K[1A[2K[1A[2KCollecting 1 genome record [================================================] 100% 1/1
Downloading: ncbi_dataset.zip    144MB done
Validating package []
[1A[2K[1A[2K[1A[2KCollecting 1 genome record [================================================] 100% 1/1
Downloading: ncbi_dataset.zip    144MB done
Validating package []
[1A[2K[1A[2K[1A[2KCollecting 1 genome record [================================================] 100% 1/1
Downloading: ncbi_dataset.zip    144MB done
Validating package files [============>-----------------------------------]  29% 2/7
[1A[2K[1A[2K[1A[2KCollecting 1 genome record [================================================] 100% 1/1
Downloading: ncbi_dataset.zip    144MB done
Validating package files [============>-----------------------------------]  29% 2/7
[1A[2K[1A[2K[1A[2KCollecting 1 genome record [================================================] 100% 1/1
Downloading: ncbi_dataset.zip    144MB done
Validating package files [============>-----------------------------------]  29% 2/7
[1A[2K[1A[2K[1A[2KCollecting 1 genome record [================================================] 100% 1/1
Downloading: ncbi_dataset.zip    144MB done
Validating package files [============>-----------------------------------]  29% 2/7
[1A[2K[1A[2K[1A[2KCollecting 1 genome record [================================================] 100% 1/1
Downloading: ncbi_dataset.zip    144MB done
Validating package files [============>-----------------------------------]  29% 2/7
[1A[2K[1A[2K[1A[2KCollecting 1 genome record [================================================] 100% 1/1
Downloading: ncbi_dataset.zip    144MB done
Validating package files [============>-----------------------------------]  29% 2/7
[1A[2K[1A[2K[1A[2KCollecting 1 genome record [================================================] 100% 1/1
Downloading: ncbi_dataset.zip    144MB done
Validating package files [============>-----------------------------------]  29% 2/7
[1A[2K[1A[2K[1A[2KCollecting 1 genome record [================================================] 100% 1/1
Downloading: ncbi_dataset.zip    144MB done
Validating package files [============>-----------------------------------]  29% 2/7
[1A[2K[1A[2K[1A[2KCollecting 1 genome record [================================================] 100% 1/1
Downloading: ncbi_dataset.zip    144MB done
Validating package files [============>-----------------------------------]  29% 2/7
[1A[2K[1A[2K[1A[2KCollecting 1 genome record [================================================] 100% 1/1
Downloading: ncbi_dataset.zip    144MB done
Validating package files [============>-----------------------------------]  29% 2/7
[1A[2K[1A[2K[1A[2KCollecting 1 genome record [================================================] 100% 1/1
Downloading: ncbi_dataset.zip    144MB done
Validating package files [============>-----------------------------------]  29% 2/7
[1A[2K[1A[2K[1A[2KCollecting 1 genome record [================================================] 100% 1/1
Downloading: ncbi_dataset.zip    144MB done
Validating package files [============>-----------------------------------]  29% 2/7
[1A[2K[1A[2K[1A[2KCollecting 1 genome record [================================================] 100% 1/1
Downloading: ncbi_dataset.zip    144MB done
Validating package files [============>-----------------------------------]  29% 2/7
[1A[2K[1A[2K[1A[2KCollecting 1 genome record [================================================] 100% 1/1
Downloading: ncbi_dataset.zip    144MB done
Validating package files [============>-----------------------------------]  29% 2/7
[1A[2K[1A[2K[1A[2KCollecting 1 genome record [================================================] 100% 1/1
Downloading: ncbi_dataset.zip    144MB done
Validating package files [============>-----------------------------------]  29% 2/7
[1A[2K[1A[2K[1A[2KCollecting 1 genome record [================================================] 100% 1/1
Downloading: ncbi_dataset.zip    144MB done
Validating package files [============>-----------------------------------]  29% 2/7
[1A[2K[1A[2K[1A[2KCollecting 1 genome record [================================================] 100% 1/1
Downloading: ncbi_dataset.zip    144MB done
Validating package files [============>-----------------------------------]  29% 2/7
[1A[2K[1A[2K[1A[2KCollecting 1 genome record [================================================] 100% 1/1
Downloading: ncbi_dataset.zip    144MB done
Validating package files [============>-----------------------------------]  29% 2/7
[1A[2K[1A[2K[1A[2KCollecting 1 genome record [================================================] 100% 1/1
Downloading: ncbi_dataset.zip    144MB done
Validating package files [============>-----------------------------------]  29% 2/7
[1A[2K[1A[2K[1A[2KCollecting 1 genome record [================================================] 100% 1/1
Downloading: ncbi_dataset.zip    144MB done
Validating package files [============>-----------------------------------]  29% 2/7
[1A[2K[1A[2K[1A[2KCollecting 1 genome record [================================================] 100% 1/1
Downloading: ncbi_dataset.zip    144MB done
Validating package files [============>-----------------------------------]  29% 2/7
[1A[2K[1A[2K[1A[2KCollecting 1 genome record [================================================] 100% 1/1
Downloading: ncbi_dataset.zip    144MB done
Validating package files [============>-----------------------------------]  29% 2/7
[1A[2K[1A[2K[1A[2KCollecting 1 genome record [================================================] 100% 1/1
Downloading: ncbi_dataset.zip    144MB done
Validating package files [============>-----------------------------------]  29% 2/7
[1A[2K[1A[2K[1A[2KCollecting 1 genome record [================================================] 100% 1/1
Downloading: ncbi_dataset.zip    144MB done
Validating package files [============>-----------------------------------]  29% 2/7
[1A[2K[1A[2K[1A[2KCollecting 1 genome record [================================================] 100% 1/1
Downloading: ncbi_dataset.zip    144MB done
Validating package files [============>-----------------------------------]  29% 2/7
[1A[2K[1A[2K[1A[2KCollecting 1 genome record [================================================] 100% 1/1
Downloading: ncbi_dataset.zip    144MB done
Validating package files [============>-----------------------------------]  29% 2/7
[1A[2K[1A[2K[1A[2KCollecting 1 genome record [================================================] 100% 1/1
Downloading: ncbi_dataset.zip    144MB done
Validating package files [============>-----------------------------------]  29% 2/7
[1A[2K[1A[2K[1A[2KCollecting 1 genome record [================================================] 100% 1/1
Downloading: ncbi_dataset.zip    144MB done
Validating package files [============>-----------------------------------]  29% 2/7
[1A[2K[1A[2K[1A[2KCollecting 1 genome record [================================================] 100% 1/1
Downloading: ncbi_dataset.zip    144MB done
Validating package files [============>-----------------------------------]  29% 2/7
[1A[2K[1A[2K[1A[2KCollecting 1 genome record [================================================] 100% 1/1
Downloading: ncbi_dataset.zip    144MB done
Validating package files [============>-----------------------------------]  29% 2/7
[1A[2K[1A[2K[1A[2KCollecting 1 genome record [================================================] 100% 1/1
Downloading: ncbi_dataset.zip    144MB done
Validating package files [============>-----------------------------------]  29% 2/7
[1A[2K[1A[2K[1A[2KCollecting 1 genome record [================================================] 100% 1/1
Downloading: ncbi_dataset.zip    144MB done
Validating package files [============>-----------------------------------]  29% 2/7
[1A[2K[1A[2K[1A[2KCollecting 1 genome record [================================================] 100% 1/1
Downloading: ncbi_dataset.zip    144MB done
Validating package files [============>-----------------------------------]  29% 2/7
[1A[2K[1A[2K[1A[2KCollecting 1 genome record [================================================] 100% 1/1
Downloading: ncbi_dataset.zip    144MB done
Validating package files [============>-----------------------------------]  29% 2/7
[1A[2K[1A[2K[1A[2KCollecting 1 genome record [================================================] 100% 1/1
Downloading: ncbi_dataset.zip    144MB done
Validating package files [============>-----------------------------------]  29% 2/7
[1A[2K[1A[2K[1A[2KCollecting 1 genome record [================================================] 100% 1/1
Downloading: ncbi_dataset.zip    144MB done
Validating package files [============>-----------------------------------]  29% 2/7
[1A[2K[1A[2K[1A[2KCollecting 1 genome record [================================================] 100% 1/1
Downloading: ncbi_dataset.zip    144MB done
Validating package files [============>-----------------------------------]  29% 2/7
[1A[2K[1A[2K[1A[2KCollecting 1 genome record [================================================] 100% 1/1
Downloading: ncbi_dataset.zip    144MB done
Validating package files [============>-----------------------------------]  29% 2/7
[1A[2K[1A[2K[1A[2KCollecting 1 genome record [================================================] 100% 1/1
Downloading: ncbi_dataset.zip    144MB done
Validating package files [============>-----------------------------------]  29% 2/7
[1A[2K[1A[2K[1A[2KCollecting 1 genome record [================================================] 100% 1/1
Downloading: ncbi_dataset.zip    144MB done
Validating package files [============>-----------------------------------]  29% 2/7
[1A[2K[1A[2K[1A[2KCollecting 1 genome record [================================================] 100% 1/1
Downloading: ncbi_dataset.zip    144MB done
Validating package files [============>-----------------------------------]  29% 2/7
[1A[2K[1A[2K[1A[2KCollecting 1 genome record [================================================] 100% 1/1
Downloading: ncbi_dataset.zip    144MB done
Validating package files [============>-----------------------------------]  29% 2/7
[1A[2K[1A[2K[1A[2KCollecting 1 genome record [================================================] 100% 1/1
Downloading: ncbi_dataset.zip    144MB done
Validating package files [============>-----------------------------------]  29% 2/7
[1A[2K[1A[2K[1A[2KCollecting 1 genome record [================================================] 100% 1/1
Downloading: ncbi_dataset.zip    144MB done
Validating package files [============>-----------------------------------]  29% 2/7
[1A[2K[1A[2K[1A[2KCollecting 1 genome record [================================================] 100% 1/1
Downloading: ncbi_dataset.zip    144MB done
Validating package files [============>-----------------------------------]  29% 2/7
[1A[2K[1A[2K[1A[2KCollecting 1 genome record [================================================] 100% 1/1
Downloading: ncbi_dataset.zip    144MB done
Validating package files [============>-----------------------------------]  29% 2/7
[1A[2K[1A[2K[1A[2KCollecting 1 genome record [================================================] 100% 1/1
Downloading: ncbi_dataset.zip    144MB done
Validating package files [============>-----------------------------------]  29% 2/7
[1A[2K[1A[2K[1A[2KCollecting 1 genome record [================================================] 100% 1/1
Downloading: ncbi_dataset.zip    144MB done
Validating package files [============>-----------------------------------]  29% 2/7
[1A[2K[1A[2K[1A[2KCollecting 1 genome record [================================================] 100% 1/1
Downloading: ncbi_dataset.zip    144MB done
Validating package files [============>-----------------------------------]  29% 2/7
[1A[2K[1A[2K[1A[2KCollecting 1 genome record [================================================] 100% 1/1
Downloading: ncbi_dataset.zip    144MB done
Validating package files [============>-----------------------------------]  29% 2/7
[1A[2K[1A[2K[1A[2KCollecting 1 genome record [================================================] 100% 1/1
Downloading: ncbi_dataset.zip    144MB done
Validating package files [============>-----------------------------------]  29% 2/7
[1A[2K[1A[2K[1A[2KCollecting 1 genome record [================================================] 100% 1/1
Downloading: ncbi_dataset.zip    144MB done
Validating package files [============>-----------------------------------]  29% 2/7
[1A[2K[1A[2K[1A[2KCollecting 1 genome record [================================================] 100% 1/1
Downloading: ncbi_dataset.zip    144MB done
Validating package files [============>-----------------------------------]  29% 2/7
[1A[2K[1A[2K[1A[2KCollecting 1 genome record [================================================] 100% 1/1
Downloading: ncbi_dataset.zip    144MB done
Validating package files [============>-----------------------------------]  29% 2/7
[1A[2K[1A[2K[1A[2KCollecting 1 genome record [================================================] 100% 1/1
Downloading: ncbi_dataset.zip    144MB done
Validating package files [============>-----------------------------------]  29% 2/7
[1A[2K[1A[2K[1A[2KCollecting 1 genome record [================================================] 100% 1/1
Downloading: ncbi_dataset.zip    144MB done
Validating package files [============>-----------------------------------]  29% 2/7
[1A[2K[1A[2K[1A[2KCollecting 1 genome record [================================================] 100% 1/1
Downloading: ncbi_dataset.zip    144MB done
Validating package files [============>-----------------------------------]  29% 2/7
[1A[2K[1A[2K[1A[2KCollecting 1 genome record [================================================] 100% 1/1
Downloading: ncbi_dataset.zip    144MB done
Validating package files [============>-----------------------------------]  29% 2/7
[1A[2K[1A[2K[1A[2KCollecting 1 genome record [================================================] 100% 1/1
Downloading: ncbi_dataset.zip    144MB done
Validating package files [============>-----------------------------------]  29% 2/7
[1A[2K[1A[2K[1A[2KCollecting 1 genome record [================================================] 100% 1/1
Downloading: ncbi_dataset.zip    144MB done
Validating package files [============>-----------------------------------]  29% 2/7
[1A[2K[1A[2K[1A[2KCollecting 1 genome record [================================================] 100% 1/1
Downloading: ncbi_dataset.zip    144MB done
Validating package files [============>-----------------------------------]  29% 2/7
[1A[2K[1A[2K[1A[2KCollecting 1 genome record [================================================] 100% 1/1
Downloading: ncbi_dataset.zip    144MB done
Validating package files [============>-----------------------------------]  29% 2/7
[1A[2K[1A[2K[1A[2KCollecting 1 genome record [================================================] 100% 1/1
Downloading: ncbi_dataset.zip    144MB done
Validating package files [============>-----------------------------------]  29% 2/7
[1A[2K[1A[2K[1A[2KCollecting 1 genome record [================================================] 100% 1/1
Downloading: ncbi_dataset.zip    144MB done
Validating package files [============>-----------------------------------]  29% 2/7
[1A[2K[1A[2K[1A[2KCollecting 1 genome record [================================================] 100% 1/1
Downloading: ncbi_dataset.zip    144MB done
Validating package files [============>-----------------------------------]  29% 2/7
[1A[2K[1A[2K[1A[2KCollecting 1 genome record [================================================] 100% 1/1
Downloading: ncbi_dataset.zip    144MB done
Validating package files [============>-----------------------------------]  29% 2/7
[1A[2K[1A[2K[1A[2KCollecting 1 genome record [================================================] 100% 1/1
Downloading: ncbi_dataset.zip    144MB done
Validating package files [============>-----------------------------------]  29% 2/7
[1A[2K[1A[2K[1A[2KCollecting 1 genome record [================================================] 100% 1/1
Downloading: ncbi_dataset.zip    144MB done
Validating package files [============>-----------------------------------]  29% 2/7
[1A[2K[1A[2K[1A[2KCollecting 1 genome record [================================================] 100% 1/1
Downloading: ncbi_dataset.zip    144MB done
Validating package files [============>-----------------------------------]  29% 2/7
[1A[2K[1A[2K[1A[2KCollecting 1 genome record [================================================] 100% 1/1
Downloading: ncbi_dataset.zip    144MB done
Validating package files [============>-----------------------------------]  29% 2/7
[1A[2K[1A[2K[1A[2KCollecting 1 genome record [================================================] 100% 1/1
Downloading: ncbi_dataset.zip    144MB done
Validating package files [============>-----------------------------------]  29% 2/7
[1A[2K[1A[2K[1A[2KCollecting 1 genome record [================================================] 100% 1/1
Downloading: ncbi_dataset.zip    144MB done
Validating package files [============>-----------------------------------]  29% 2/7
[1A[2K[1A[2K[1A[2KCollecting 1 genome record [================================================] 100% 1/1
Downloading: ncbi_dataset.zip    144MB done
Validating package files [============>-----------------------------------]  29% 2/7
[1A[2K[1A[2K[1A[2KCollecting 1 genome record [================================================] 100% 1/1
Downloading: ncbi_dataset.zip    144MB done
Validating package files [============>-----------------------------------]  29% 2/7
[1A[2K[1A[2K[1A[2KCollecting 1 genome record [================================================] 100% 1/1
Downloading: ncbi_dataset.zip    144MB done
Validating package files [============>-----------------------------------]  29% 2/7
[1A[2K[1A[2K[1A[2KCollecting 1 genome record [================================================] 100% 1/1
Downloading: ncbi_dataset.zip    144MB done
Validating package files [============>-----------------------------------]  29% 2/7
[1A[2K[1A[2K[1A[2KCollecting 1 genome record [================================================] 100% 1/1
Downloading: ncbi_dataset.zip    144MB done
Validating package files [============>-----------------------------------]  29% 2/7
[1A[2K[1A[2K[1A[2KCollecting 1 genome record [================================================] 100% 1/1
Downloading: ncbi_dataset.zip    144MB done
Validating package files [============>-----------------------------------]  29% 2/7
[1A[2K[1A[2K[1A[2KCollecting 1 genome record [================================================] 100% 1/1
Downloading: ncbi_dataset.zip    144MB done
Validating package files [============>-----------------------------------]  29% 2/7
[1A[2K[1A[2K[1A[2KCollecting 1 genome record [================================================] 100% 1/1
Downloading: ncbi_dataset.zip    144MB done
Validating package files [============>-----------------------------------]  29% 2/7
[1A[2K[1A[2K[1A[2KCollecting 1 genome record [================================================] 100% 1/1
Downloading: ncbi_dataset.zip    144MB done
Validating package files [============>-----------------------------------]  29% 2/7
[1A[2K[1A[2K[1A[2KCollecting 1 genome record [================================================] 100% 1/1
Downloading: ncbi_dataset.zip    144MB done
Validating package files [============>-----------------------------------]  29% 2/7
[1A[2K[1A[2K[1A[2KCollecting 1 genome record [================================================] 100% 1/1
Downloading: ncbi_dataset.zip    144MB done
Validating package files [============>-----------------------------------]  29% 2/7
[1A[2K[1A[2K[1A[2KCollecting 1 genome record [================================================] 100% 1/1
Downloading: ncbi_dataset.zip    144MB done
Validating package files [============>-----------------------------------]  29% 2/7
[1A[2K[1A[2K[1A[2KCollecting 1 genome record [================================================] 100% 1/1
Downloading: ncbi_dataset.zip    144MB done
Validating package files [============>-----------------------------------]  29% 2/7
[1A[2K[1A[2K[1A[2KCollecting 1 genome record [================================================] 100% 1/1
Downloading: ncbi_dataset.zip    144MB done
Validating package files [============>-----------------------------------]  29% 2/7
[1A[2K[1A[2K[1A[2KCollecting 1 genome record [================================================] 100% 1/1
Downloading: ncbi_dataset.zip    144MB done
Validating package files [============>-----------------------------------]  29% 2/7
[1A[2K[1A[2K[1A[2KCollecting 1 genome record [================================================] 100% 1/1
Downloading: ncbi_dataset.zip    144MB done
Validating package files [============>-----------------------------------]  29% 2/7
[1A[2K[1A[2K[1A[2KCollecting 1 genome record [================================================] 100% 1/1
Downloading: ncbi_dataset.zip    144MB done
Validating package files [============>-----------------------------------]  29% 2/7
[1A[2K[1A[2K[1A[2KCollecting 1 genome record [================================================] 100% 1/1
Downloading: ncbi_dataset.zip    144MB done
Validating package files [============>-----------------------------------]  29% 2/7
[1A[2K[1A[2K[1A[2KCollecting 1 genome record [================================================] 100% 1/1
Downloading: ncbi_dataset.zip    144MB done
Validating package files [============>-----------------------------------]  29% 2/7
[1A[2K[1A[2K[1A[2KCollecting 1 genome record [================================================] 100% 1/1
Downloading: ncbi_dataset.zip    144MB done
Validating package files [============>-----------------------------------]  29% 2/7
[1A[2K[1A[2K[1A[2KCollecting 1 genome record [================================================] 100% 1/1
Downloading: ncbi_dataset.zip    144MB done
Validating package files [============>-----------------------------------]  29% 2/7
[1A[2K[1A[2K[1A[2KCollecting 1 genome record [================================================] 100% 1/1
Downloading: ncbi_dataset.zip    144MB done
Validating package files [============>-----------------------------------]  29% 2/7
[1A[2K[1A[2K[1A[2KCollecting 1 genome record [================================================] 100% 1/1
Downloading: ncbi_dataset.zip    144MB done
Validating package files [============>-----------------------------------]  29% 2/7
[1A[2K[1A[2K[1A[2KCollecting 1 genome record [================================================] 100% 1/1
Downloading: ncbi_dataset.zip    144MB done
Validating package files [============>-----------------------------------]  29% 2/7
[1A[2K[1A[2K[1A[2KCollecting 1 genome record [================================================] 100% 1/1
Downloading: ncbi_dataset.zip    144MB done
Validating package files [============>-----------------------------------]  29% 2/7
[1A[2K[1A[2K[1A[2KCollecting 1 genome record [================================================] 100% 1/1
Downloading: ncbi_dataset.zip    144MB done
Validating package files [============>-----------------------------------]  29% 2/7
[1A[2K[1A[2K[1A[2KCollecting 1 genome record [================================================] 100% 1/1
Downloading: ncbi_dataset.zip    144MB done
Validating package files [============>-----------------------------------]  29% 2/7
[1A[2K[1A[2K[1A[2KCollecting 1 genome record [================================================] 100% 1/1
Downloading: ncbi_dataset.zip    144MB done
Validating package files [============>-----------------------------------]  29% 2/7
[1A[2K[1A[2K[1A[2KCollecting 1 genome record [================================================] 100% 1/1
Downloading: ncbi_dataset.zip    144MB done
Validating package files [============>-----------------------------------]  29% 2/7
[1A[2K[1A[2K[1A[2KCollecting 1 genome record [================================================] 100% 1/1
Downloading: ncbi_dataset.zip    144MB done
Validating package files [============>-----------------------------------]  29% 2/7
[1A[2K[1A[2K[1A[2KCollecting 1 genome record [================================================] 100% 1/1
Downloading: ncbi_dataset.zip    144MB done
Validating package files [============>-----------------------------------]  29% 2/7
[1A[2K[1A[2K[1A[2KCollecting 1 genome record [================================================] 100% 1/1
Downloading: ncbi_dataset.zip    144MB done
Validating package files [============>-----------------------------------]  29% 2/7
[1A[2K[1A[2K[1A[2KCollecting 1 genome record [================================================] 100% 1/1
Downloading: ncbi_dataset.zip    144MB done
Validating package files [============>-----------------------------------]  29% 2/7
[1A[2K[1A[2K[1A[2KCollecting 1 genome record [================================================] 100% 1/1
Downloading: ncbi_dataset.zip    144MB done
Validating package files [============>-----------------------------------]  29% 2/7
[1A[2K[1A[2K[1A[2KCollecting 1 genome record [================================================] 100% 1/1
Downloading: ncbi_dataset.zip    144MB done
Validating package files [============>-----------------------------------]  29% 2/7
[1A[2K[1A[2K[1A[2KCollecting 1 genome record [================================================] 100% 1/1
Downloading: ncbi_dataset.zip    144MB done
Validating package files [============>-----------------------------------]  29% 2/7
[1A[2K[1A[2K[1A[2KCollecting 1 genome record [================================================] 100% 1/1
Downloading: ncbi_dataset.zip    144MB done
Validating package files [============>-----------------------------------]  29% 2/7
[1A[2K[1A[2K[1A[2KCollecting 1 genome record [================================================] 100% 1/1
Downloading: ncbi_dataset.zip    144MB done
Validating package files [============>-----------------------------------]  29% 2/7
[1A[2K[1A[2K[1A[2KCollecting 1 genome record [================================================] 100% 1/1
Downloading: ncbi_dataset.zip    144MB done
Validating package files [============>-----------------------------------]  29% 2/7
[1A[2K[1A[2K[1A[2KCollecting 1 genome record [================================================] 100% 1/1
Downloading: ncbi_dataset.zip    144MB done
Validating package files [============>-----------------------------------]  29% 2/7
[1A[2K[1A[2K[1A[2KCollecting 1 genome record [================================================] 100% 1/1
Downloading: ncbi_dataset.zip    144MB done
Validating package files [============>-----------------------------------]  29% 2/7
[1A[2K[1A[2K[1A[2KCollecting 1 genome record [================================================] 100% 1/1
Downloading: ncbi_dataset.zip    144MB done
Validating package files [============>-----------------------------------]  29% 2/7
[1A[2K[1A[2K[1A[2KCollecting 1 genome record [================================================] 100% 1/1
Downloading: ncbi_dataset.zip    144MB done
Validating package files [============>-----------------------------------]  29% 2/7
[1A[2K[1A[2K[1A[2KCollecting 1 genome record [================================================] 100% 1/1
Downloading: ncbi_dataset.zip    144MB done
Validating package files [============>-----------------------------------]  29% 2/7
[1A[2K[1A[2K[1A[2KCollecting 1 genome record [================================================] 100% 1/1
Downloading: ncbi_dataset.zip    144MB done
Validating package files [============>-----------------------------------]  29% 2/7
[1A[2K[1A[2K[1A[2KCollecting 1 genome record [================================================] 100% 1/1
Downloading: ncbi_dataset.zip    144MB done
Validating package files [============>-----------------------------------]  29% 2/7
[1A[2K[1A[2K[1A[2KCollecting 1 genome record [================================================] 100% 1/1
Downloading: ncbi_dataset.zip    144MB done
Validating package files [============>-----------------------------------]  29% 2/7
[1A[2K[1A[2K[1A[2KCollecting 1 genome record [================================================] 100% 1/1
Downloading: ncbi_dataset.zip    144MB done
Validating package files [============>-----------------------------------]  29% 2/7
[1A[2K[1A[2K[1A[2KCollecting 1 genome record [================================================] 100% 1/1
Downloading: ncbi_dataset.zip    144MB done
Validating package files [============>-----------------------------------]  29% 2/7
[1A[2K[1A[2K[1A[2KCollecting 1 genome record [================================================] 100% 1/1
Downloading: ncbi_dataset.zip    144MB done
Validating package files [============>-----------------------------------]  29% 2/7
[1A[2K[1A[2K[1A[2KCollecting 1 genome record [================================================] 100% 1/1
Downloading: ncbi_dataset.zip    144MB done
Validating package files [============>-----------------------------------]  29% 2/7
[1A[2K[1A[2K[1A[2KCollecting 1 genome record [================================================] 100% 1/1
Downloading: ncbi_dataset.zip    144MB done
Validating package files [============>-----------------------------------]  29% 2/7
[1A[2K[1A[2K[1A[2KCollecting 1 genome record [================================================] 100% 1/1
Downloading: ncbi_dataset.zip    144MB done
Validating package files [============>-----------------------------------]  29% 2/7
[1A[2K[1A[2K[1A[2KCollecting 1 genome record [================================================] 100% 1/1
Downloading: ncbi_dataset.zip    144MB done
Validating package files [============>-----------------------------------]  29% 2/7
[1A[2K[1A[2K[1A[2KCollecting 1 genome record [================================================] 100% 1/1
Downloading: ncbi_dataset.zip    144MB done
Validating package files [============>-----------------------------------]  29% 2/7
[1A[2K[1A[2K[1A[2KCollecting 1 genome record [================================================] 100% 1/1
Downloading: ncbi_dataset.zip    144MB done
Validating package files [============>-----------------------------------]  29% 2/7
[1A[2K[1A[2K[1A[2KCollecting 1 genome record [================================================] 100% 1/1
Downloading: ncbi_dataset.zip    144MB done
Validating package files [============>-----------------------------------]  29% 2/7
[1A[2K[1A[2K[1A[2KCollecting 1 genome record [================================================] 100% 1/1
Downloading: ncbi_dataset.zip    144MB done
Validating package files [============>-----------------------------------]  29% 2/7
[1A[2K[1A[2K[1A[2KCollecting 1 genome record [================================================] 100% 1/1
Downloading: ncbi_dataset.zip    144MB done
Validating package files [============>-----------------------------------]  29% 2/7
[1A[2K[1A[2K[1A[2KCollecting 1 genome record [================================================] 100% 1/1
Downloading: ncbi_dataset.zip    144MB done
Validating package files [============>-----------------------------------]  29% 2/7
[1A[2K[1A[2K[1A[2KCollecting 1 genome record [================================================] 100% 1/1
Downloading: ncbi_dataset.zip    144MB done
Validating package files [============>-----------------------------------]  29% 2/7
[1A[2K[1A[2K[1A[2KCollecting 1 genome record [================================================] 100% 1/1
Downloading: ncbi_dataset.zip    144MB done
Validating package files [============>-----------------------------------]  29% 2/7
[1A[2K[1A[2K[1A[2KCollecting 1 genome record [================================================] 100% 1/1
Downloading: ncbi_dataset.zip    144MB done
Validating package files [============>-----------------------------------]  29% 2/7
[1A[2K[1A[2K[1A[2KCollecting 1 genome record [================================================] 100% 1/1
Downloading: ncbi_dataset.zip    144MB done
Validating package files [============>-----------------------------------]  29% 2/7
[1A[2K[1A[2K[1A[2KCollecting 1 genome record [================================================] 100% 1/1
Downloading: ncbi_dataset.zip    144MB done
Validating package files [============>-----------------------------------]  29% 2/7
[1A[2K[1A[2K[1A[2KCollecting 1 genome record [================================================] 100% 1/1
Downloading: ncbi_dataset.zip    144MB done
Validating package files [============>-----------------------------------]  29% 2/7
[1A[2K[1A[2K[1A[2KCollecting 1 genome record [================================================] 100% 1/1
Downloading: ncbi_dataset.zip    144MB done
Validating package files [============>-----------------------------------]  29% 2/7
[1A[2K[1A[2K[1A[2KCollecting 1 genome record [================================================] 100% 1/1
Downloading: ncbi_dataset.zip    144MB done
Validating package files [============>-----------------------------------]  29% 2/7
[1A[2K[1A[2K[1A[2KCollecting 1 genome record [================================================] 100% 1/1
Downloading: ncbi_dataset.zip    144MB done
Validating package files [============>-----------------------------------]  29% 2/7
[1A[2K[1A[2K[1A[2KCollecting 1 genome record [================================================] 100% 1/1
Downloading: ncbi_dataset.zip    144MB done
Validating package files [============>-----------------------------------]  29% 2/7
[1A[2K[1A[2K[1A[2KCollecting 1 genome record [================================================] 100% 1/1
Downloading: ncbi_dataset.zip    144MB done
Validating package files [============>-----------------------------------]  29% 2/7
[1A[2K[1A[2K[1A[2KCollecting 1 genome record [================================================] 100% 1/1
Downloading: ncbi_dataset.zip    144MB done
Validating package files [============>-----------------------------------]  29% 2/7
[1A[2K[1A[2K[1A[2KCollecting 1 genome record [================================================] 100% 1/1
Downloading: ncbi_dataset.zip    144MB done
Validating package files [============>-----------------------------------]  29% 2/7
[1A[2K[1A[2K[1A[2KCollecting 1 genome record [================================================] 100% 1/1
Downloading: ncbi_dataset.zip    144MB done
Validating package files [============>-----------------------------------]  29% 2/7
[1A[2K[1A[2K[1A[2KCollecting 1 genome record [================================================] 100% 1/1
Downloading: ncbi_dataset.zip    144MB done
Validating package files [============>-----------------------------------]  29% 2/7
[1A[2K[1A[2K[1A[2KCollecting 1 genome record [================================================] 100% 1/1
Downloading: ncbi_dataset.zip    144MB done
Validating package files [============>-----------------------------------]  29% 2/7
[1A[2K[1A[2K[1A[2KCollecting 1 genome record [================================================] 100% 1/1
Downloading: ncbi_dataset.zip    144MB done
Validating package files [============>-----------------------------------]  29% 2/7
[1A[2K[1A[2K[1A[2KCollecting 1 genome record [================================================] 100% 1/1
Downloading: ncbi_dataset.zip    144MB done
Validating package files [============>-----------------------------------]  29% 2/7
[1A[2K[1A[2K[1A[2KCollecting 1 genome record [================================================] 100% 1/1
Downloading: ncbi_dataset.zip    144MB done
Validating package files [============>-----------------------------------]  29% 2/7
[1A[2K[1A[2K[1A[2KCollecting 1 genome record [================================================] 100% 1/1
Downloading: ncbi_dataset.zip    144MB done
Validating package files [============>-----------------------------------]  29% 2/7
[1A[2K[1A[2K[1A[2KCollecting 1 genome record [================================================] 100% 1/1
Downloading: ncbi_dataset.zip    144MB done
Validating package files [============>-----------------------------------]  29% 2/7
[1A[2K[1A[2K[1A[2KCollecting 1 genome record [================================================] 100% 1/1
Downloading: ncbi_dataset.zip    144MB done
Validating package files [============>-----------------------------------]  29% 2/7
[1A[2K[1A[2K[1A[2KCollecting 1 genome record [================================================] 100% 1/1
Downloading: ncbi_dataset.zip    144MB done
Validating package files [============>-----------------------------------]  29% 2/7
[1A[2K[1A[2K[1A[2KCollecting 1 genome record [================================================] 100% 1/1
Downloading: ncbi_dataset.zip    144MB done
Validating package files [============>-----------------------------------]  29% 2/7
[1A[2K[1A[2K[1A[2KCollecting 1 genome record [================================================] 100% 1/1
Downloading: ncbi_dataset.zip    144MB done
Validating package files [============>-----------------------------------]  29% 2/7
[1A[2K[1A[2K[1A[2KCollecting 1 genome record [================================================] 100% 1/1
Downloading: ncbi_dataset.zip    144MB done
Validating package files [============>-----------------------------------]  29% 2/7
[1A[2K[1A[2K[1A[2KCollecting 1 genome record [================================================] 100% 1/1
Downloading: ncbi_dataset.zip    144MB done
Validating package files [============>-----------------------------------]  29% 2/7
[1A[2K[1A[2K[1A[2KCollecting 1 genome record [================================================] 100% 1/1
Downloading: ncbi_dataset.zip    144MB done
Validating package files [============>-----------------------------------]  29% 2/7
[1A[2K[1A[2K[1A[2KCollecting 1 genome record [================================================] 100% 1/1
Downloading: ncbi_dataset.zip    144MB done
Validating package files [============>-----------------------------------]  29% 2/7
[1A[2K[1A[2K[1A[2KCollecting 1 genome record [================================================] 100% 1/1
Downloading: ncbi_dataset.zip    144MB done
Validating package files [============>-----------------------------------]  29% 2/7
[1A[2K[1A[2K[1A[2KCollecting 1 genome record [================================================] 100% 1/1
Downloading: ncbi_dataset.zip    144MB done
Validating package files [============>-----------------------------------]  29% 2/7
[1A[2K[1A[2K[1A[2KCollecting 1 genome record [================================================] 100% 1/1
Downloading: ncbi_dataset.zip    144MB done
Validating package files [============>-----------------------------------]  29% 2/7
[1A[2K[1A[2K[1A[2KCollecting 1 genome record [================================================] 100% 1/1
Downloading: ncbi_dataset.zip    144MB done
Validating package files [============>-----------------------------------]  29% 2/7
[1A[2K[1A[2K[1A[2KCollecting 1 genome record [================================================] 100% 1/1
Downloading: ncbi_dataset.zip    144MB done
Validating package files [============>-----------------------------------]  29% 2/7
[1A[2K[1A[2K[1A[2KCollecting 1 genome record [================================================] 100% 1/1
Downloading: ncbi_dataset.zip    144MB done
Validating package files [============>-----------------------------------]  29% 2/7
[1A[2K[1A[2K[1A[2KCollecting 1 genome record [================================================] 100% 1/1
Downloading: ncbi_dataset.zip    144MB done
Validating package files [============>-----------------------------------]  29% 2/7
[1A[2K[1A[2K[1A[2KCollecting 1 genome record [================================================] 100% 1/1
Downloading: ncbi_dataset.zip    144MB done
Validating package files [============>-----------------------------------]  29% 2/7
[1A[2K[1A[2K[1A[2KCollecting 1 genome record [================================================] 100% 1/1
Downloading: ncbi_dataset.zip    144MB done
Validating package files [============>-----------------------------------]  29% 2/7
[1A[2K[1A[2K[1A[2KCollecting 1 genome record [================================================] 100% 1/1
Downloading: ncbi_dataset.zip    144MB done
Validating package files [============>-----------------------------------]  29% 2/7
[1A[2K[1A[2K[1A[2KCollecting 1 genome record [================================================] 100% 1/1
Downloading: ncbi_dataset.zip    144MB done
Validating package files [============>-----------------------------------]  29% 2/7
[1A[2K[1A[2K[1A[2KCollecting 1 genome record [================================================] 100% 1/1
Downloading: ncbi_dataset.zip    144MB done
Validating package files [============>-----------------------------------]  29% 2/7
[1A[2K[1A[2K[1A[2KCollecting 1 genome record [================================================] 100% 1/1
Downloading: ncbi_dataset.zip    144MB done
Validating package files [============>-----------------------------------]  29% 2/7
[1A[2K[1A[2K[1A[2KCollecting 1 genome record [================================================] 100% 1/1
Downloading: ncbi_dataset.zip    144MB done
Validating package files [============>-----------------------------------]  29% 2/7
[1A[2K[1A[2K[1A[2KCollecting 1 genome record [================================================] 100% 1/1
Downloading: ncbi_dataset.zip    144MB done
Validating package files [============>-----------------------------------]  29% 2/7
[1A[2K[1A[2K[1A[2KCollecting 1 genome record [================================================] 100% 1/1
Downloading: ncbi_dataset.zip    144MB done
Validating package files [============>-----------------------------------]  29% 2/7
[1A[2K[1A[2K[1A[2KCollecting 1 genome record [================================================] 100% 1/1
Downloading: ncbi_dataset.zip    144MB done
Validating package files [============>-----------------------------------]  29% 2/7
[1A[2K[1A[2K[1A[2KCollecting 1 genome record [================================================] 100% 1/1
Downloading: ncbi_dataset.zip    144MB done
Validating package files [============>-----------------------------------]  29% 2/7
[1A[2K[1A[2K[1A[2KCollecting 1 genome record [================================================] 100% 1/1
Downloading: ncbi_dataset.zip    144MB done
Validating package files [============>-----------------------------------]  29% 2/7
[1A[2K[1A[2K[1A[2KCollecting 1 genome record [================================================] 100% 1/1
Downloading: ncbi_dataset.zip    144MB done
Validating package files [============>-----------------------------------]  29% 2/7
[1A[2K[1A[2K[1A[2KCollecting 1 genome record [================================================] 100% 1/1
Downloading: ncbi_dataset.zip    144MB done
Validating package files [============>-----------------------------------]  29% 2/7
[1A[2K[1A[2K[1A[2KCollecting 1 genome record [================================================] 100% 1/1
Downloading: ncbi_dataset.zip    144MB done
Validating package files [============>-----------------------------------]  29% 2/7
[1A[2K[1A[2K[1A[2KCollecting 1 genome record [================================================] 100% 1/1
Downloading: ncbi_dataset.zip    144MB done
Validating package files [============>-----------------------------------]  29% 2/7
[1A[2K[1A[2K[1A[2KCollecting 1 genome record [================================================] 100% 1/1
Downloading: ncbi_dataset.zip    144MB done
Validating package files [============>-----------------------------------]  29% 2/7
[1A[2K[1A[2K[1A[2KCollecting 1 genome record [================================================] 100% 1/1
Downloading: ncbi_dataset.zip    144MB done
Validating package files [============>-----------------------------------]  29% 2/7
[1A[2K[1A[2K[1A[2KCollecting 1 genome record [================================================] 100% 1/1
Downloading: ncbi_dataset.zip    144MB done
Validating package files [============>-----------------------------------]  29% 2/7
[1A[2K[1A[2K[1A[2KCollecting 1 genome record [================================================] 100% 1/1
Downloading: ncbi_dataset.zip    144MB done
Validating package files [============>-----------------------------------]  29% 2/7
[1A[2K[1A[2K[1A[2KCollecting 1 genome record [================================================] 100% 1/1
Downloading: ncbi_dataset.zip    144MB done
Validating package files [============>-----------------------------------]  29% 2/7
[1A[2K[1A[2K[1A[2KCollecting 1 genome record [================================================] 100% 1/1
Downloading: ncbi_dataset.zip    144MB done
Validating package files [============>-----------------------------------]  29% 2/7
[1A[2K[1A[2K[1A[2KCollecting 1 genome record [================================================] 100% 1/1
Downloading: ncbi_dataset.zip    144MB done
Validating package files [============>-----------------------------------]  29% 2/7
[1A[2K[1A[2K[1A[2KCollecting 1 genome record [================================================] 100% 1/1
Downloading: ncbi_dataset.zip    144MB done
Validating package files [============>-----------------------------------]  29% 2/7
[1A[2K[1A[2K[1A[2KCollecting 1 genome record [================================================] 100% 1/1
Downloading: ncbi_dataset.zip    144MB done
Validating package files [===================>----------------------------]  43% 3/7
[1A[2K[1A[2K[1A[2KCollecting 1 genome record [================================================] 100% 1/1
Downloading: ncbi_dataset.zip    144MB done
Validating package files [===================>----------------------------]  43% 3/7
[1A[2K[1A[2K[1A[2KCollecting 1 genome record [================================================] 100% 1/1
Downloading: ncbi_dataset.zip    144MB done
Validating package files [===================>----------------------------]  43% 3/7
[1A[2K[1A[2K[1A[2KCollecting 1 genome record [================================================] 100% 1/1
Downloading: ncbi_dataset.zip    144MB done
Validating package files [===================>----------------------------]  43% 3/7
[1A[2K[1A[2K[1A[2KCollecting 1 genome record [================================================] 100% 1/1
Downloading: ncbi_dataset.zip    144MB done
Validating package files [===================>----------------------------]  43% 3/7
[1A[2K[1A[2K[1A[2KCollecting 1 genome record [================================================] 100% 1/1
Downloading: ncbi_dataset.zip    144MB done
Validating package files [===================>----------------------------]  43% 3/7
[1A[2K[1A[2K[1A[2KCollecting 1 genome record [================================================] 100% 1/1
Downloading: ncbi_dataset.zip    144MB done
Validating package files [===================>----------------------------]  43% 3/7
[1A[2K[1A[2K[1A[2KCollecting 1 genome record [================================================] 100% 1/1
Downloading: ncbi_dataset.zip    144MB done
Validating package files [===================>----------------------------]  43% 3/7
[1A[2K[1A[2K[1A[2KCollecting 1 genome record [================================================] 100% 1/1
Downloading: ncbi_dataset.zip    144MB done
Validating package files [===================>----------------------------]  43% 3/7
[1A[2K[1A[2K[1A[2KCollecting 1 genome record [================================================] 100% 1/1
Downloading: ncbi_dataset.zip    144MB done
Validating package files [===================>----------------------------]  43% 3/7
[1A[2K[1A[2K[1A[2KCollecting 1 genome record [================================================] 100% 1/1
Downloading: ncbi_dataset.zip    144MB done
Validating package files [===================>----------------------------]  43% 3/7
[1A[2K[1A[2K[1A[2KCollecting 1 genome record [================================================] 100% 1/1
Downloading: ncbi_dataset.zip    144MB done
Validating package files [===================>----------------------------]  43% 3/7
[1A[2K[1A[2K[1A[2KCollecting 1 genome record [================================================] 100% 1/1
Downloading: ncbi_dataset.zip    144MB done
Validating package files [===================>----------------------------]  43% 3/7
[1A[2K[1A[2K[1A[2KCollecting 1 genome record [================================================] 100% 1/1
Downloading: ncbi_dataset.zip    144MB done
Validating package files [===================>----------------------------]  43% 3/7
[1A[2K[1A[2K[1A[2KCollecting 1 genome record [================================================] 100% 1/1
Downloading: ncbi_dataset.zip    144MB done
Validating package files [===================>----------------------------]  43% 3/7
[1A[2K[1A[2K[1A[2KCollecting 1 genome record [================================================] 100% 1/1
Downloading: ncbi_dataset.zip    144MB done
Validating package files [===================>----------------------------]  43% 3/7
[1A[2K[1A[2K[1A[2KCollecting 1 genome record [================================================] 100% 1/1
Downloading: ncbi_dataset.zip    144MB done
Validating package files [===================>----------------------------]  43% 3/7
[1A[2K[1A[2K[1A[2KCollecting 1 genome record [================================================] 100% 1/1
Downloading: ncbi_dataset.zip    144MB done
Validating package files [===================>----------------------------]  43% 3/7
[1A[2K[1A[2K[1A[2KCollecting 1 genome record [================================================] 100% 1/1
Downloading: ncbi_dataset.zip    144MB done
Validating package files [===================>----------------------------]  43% 3/7
[1A[2K[1A[2K[1A[2KCollecting 1 genome record [================================================] 100% 1/1
Downloading: ncbi_dataset.zip    144MB done
Validating package files [===================>----------------------------]  43% 3/7
[1A[2K[1A[2K[1A[2KCollecting 1 genome record [================================================] 100% 1/1
Downloading: ncbi_dataset.zip    144MB done
Validating package files [===================>----------------------------]  43% 3/7
[1A[2K[1A[2K[1A[2KCollecting 1 genome record [================================================] 100% 1/1
Downloading: ncbi_dataset.zip    144MB done
Validating package files [==========================>---------------------]  57% 4/7
[1A[2K[1A[2K[1A[2KCollecting 1 genome record [================================================] 100% 1/1
Downloading: ncbi_dataset.zip    144MB done
Validating package files [==========================>---------------------]  57% 4/7
[1A[2K[1A[2K[1A[2KCollecting 1 genome record [================================================] 100% 1/1
Downloading: ncbi_dataset.zip    144MB done
Validating package files [==========================>---------------------]  57% 4/7
[1A[2K[1A[2K[1A[2KCollecting 1 genome record [================================================] 100% 1/1
Downloading: ncbi_dataset.zip    144MB done
Validating package files [==========================>---------------------]  57% 4/7
[1A[2K[1A[2K[1A[2KCollecting 1 genome record [================================================] 100% 1/1
Downloading: ncbi_dataset.zip    144MB done
Validating package files [==========================>---------------------]  57% 4/7
[1A[2K[1A[2K[1A[2KCollecting 1 genome record [================================================] 100% 1/1
Downloading: ncbi_dataset.zip    144MB done
Validating package files [==========================>---------------------]  57% 4/7
[1A[2K[1A[2K[1A[2KCollecting 1 genome record [================================================] 100% 1/1
Downloading: ncbi_dataset.zip    144MB done
Validating package files [==========================>---------------------]  57% 4/7
[1A[2K[1A[2K[1A[2KCollecting 1 genome record [================================================] 100% 1/1
Downloading: ncbi_dataset.zip    144MB done
Validating package files [==========================>---------------------]  57% 4/7
[1A[2K[1A[2K[1A[2KCollecting 1 genome record [================================================] 100% 1/1
Downloading: ncbi_dataset.zip    144MB done
Validating package files [==========================>---------------------]  57% 4/7
[1A[2K[1A[2K[1A[2KCollecting 1 genome record [================================================] 100% 1/1
Downloading: ncbi_dataset.zip    144MB done
Validating package files [==========================>---------------------]  57% 4/7
[1A[2K[1A[2K[1A[2KCollecting 1 genome record [================================================] 100% 1/1
Downloading: ncbi_dataset.zip    144MB done
Validating package files [==========================>---------------------]  57% 4/7
[1A[2K[1A[2K[1A[2KCollecting 1 genome record [================================================] 100% 1/1
Downloading: ncbi_dataset.zip    144MB done
Validating package files [==========================>---------------------]  57% 4/7
[1A[2K[1A[2K[1A[2KCollecting 1 genome record [================================================] 100% 1/1
Downloading: ncbi_dataset.zip    144MB done
Validating package files [==========================>---------------------]  57% 4/7
[1A[2K[1A[2K[1A[2KCollecting 1 genome record [================================================] 100% 1/1
Downloading: ncbi_dataset.zip    144MB done
Validating package files [==========================>---------------------]  57% 4/7
[1A[2K[1A[2K[1A[2KCollecting 1 genome record [================================================] 100% 1/1
Downloading: ncbi_dataset.zip    144MB done
Validating package files [==========================>---------------------]  57% 4/7
[1A[2K[1A[2K[1A[2KCollecting 1 genome record [================================================] 100% 1/1
Downloading: ncbi_dataset.zip    144MB valid data package
Validating package files [================================================] 100% 7/7
[INFO] Raw protein.faa contains 41392 sequences
[INFO] Step 2: agat longest-isoform filtering...
[INFO] After filtering: 30065 genes, 27068 mRNA features (should be ~1:1)
[INFO] Step 3: gffread translation...
FASTA index file /bank/ncbi/gnathostome/Tmp/7574/01_raw/genomic.fna.fai created.
[INFO] Filtered protein set contains 27068 sequences
[INFO] Step 4: basic stats...
[INFO] Step 5: BUSCO...
/rna/liha/miniconda3/envs/busco/bin/busco:25: SyntaxWarning: invalid escape sequence '\w'
  "cannot import name '(?P<module_name>[\w]+)", err.msg
/rna/liha/miniconda3/envs/busco/bin/busco:25: SyntaxWarning: invalid escape sequence '\w'
  "cannot import name '(?P<module_name>[\w]+)", err.msg
/rna/liha/miniconda3/envs/busco/bin/busco:25: SyntaxWarning: invalid escape sequence '\w'
  "cannot import name '(?P<module_name>[\w]+)", err.msg
/rna/liha/miniconda3/envs/busco/bin/busco:25: SyntaxWarning: invalid escape sequence '\w'
  "cannot import name '(?P<module_name>[\w]+)", err.msg
/rna/liha/miniconda3/envs/busco/bin/busco:25: SyntaxWarning: invalid escape sequence '\w'
  "cannot import name '(?P<module_name>[\w]+)", err.msg
/rna/liha/miniconda3/envs/busco/bin/busco:25: SyntaxWarning: invalid escape sequence '\w'
  "cannot import name '(?P<module_name>[\w]+)", err.msg
/rna/liha/miniconda3/envs/busco/bin/busco:25: SyntaxWarning: invalid escape sequence '\w'
  "cannot import name '(?P<module_name>[\w]+)", err.msg
/rna/liha/miniconda3/envs/busco/bin/busco:25: SyntaxWarning: invalid escape sequence '\w'
  "cannot import name '(?P<module_name>[\w]+)", err.msg
/rna/liha/miniconda3/envs/busco/bin/busco:25: SyntaxWarning: invalid escape sequence '\w'
  "cannot import name '(?P<module_name>[\w]+)", err.msg
[INFO] Step 6: OMArk...
================================================================================

   _____ _____ _____
  |     |     |  _  |_____ ___ ___
  |  |  | | | |     |     | -_|  _|
  |_____|_|_|_|__|__|_|_|_|___|_|   v2.1.2

  OMAmer is licensed under the GNU Lesser General Public License 3.0 (LGPL-3.0).
    
================================================================================

Loading required libraries  [DONE]

================================================================================

Running OMAmer on pichu, using:
 - database: /bank/ncbi/gnathostome/OMArk/LUCA.h5
 - query: /bank/ncbi/gnathostome/Tmp/7574/02_filtered/longest_isoform.faa
 - version: 2.1.2

================================================================================

Loading data required for OMAmer search from database...
 - taxonomy information (0.0s) [DONE]
 - family information (0.0s) [DONE]
 - sub-family information (0.3s) [DONE]
 - family hierarchy (0.0s) [DONE]
 - k-mer index (8.5s) [DONE]
 - family probability estimates (0.0s) [DONE]
 - sub-family probability estimates (0.0s) [DONE]

Finished loading required data

================================================================================

[?25lSearching -  0 queries in 0s (0.0 queries/s) Searching -  0 queries in 5s (0.0 queries/s) Searching -  0 queries in 10s (0.0 queries/s) Searching -  0 queries in 15s (0.0 queries/s) Searching -  0 queries in 20s (0.0 queries/s) Searching -  0 queries in 25s (0.0 queries/s) Searching -  0 queries in 30s (0.0 queries/s) Searching -  0 queries in 35s (0.0 queries/s) Searching -  0 queries in 40s (0.0 queries/s) Searching -  0 queries in 45s (0.0 queries/s) Searching -  0 queries in 50s (0.0 queries/s) Searching -  10000 queries in 55s (181.6 queries/s) Searching -  10000 queries in 1:00 (177.0 queries/s) Searching -  10000 queries in 1:05 (170.0 queries/s) Searching -  10000 queries in 1:10 (161.8 queries/s) Searching -  10000 queries in 1:15 (153.2 queries/s) Searching -  10000 queries in 1:20 (144.7 queries/s) Searching -  10000 queries in 1:25 (136.6 queries/s) Searching -  20000 queries in 1:30 (162.2 queries/s) Searching -  20000 queries in 1:35 (176.7 queries/s) Searching -  20000 queries in 1:40 (183.6 queries/s) Searching -  20000 queries in 1:45 (185.6 queries/s) Searching -  20000 queries in 1:50 (184.5 queries/s) [?25h[JSearching -  27068 queries in 1:55.1 (199.68 queries/s) 

================================================================================

OMAmer search complete:
 - results written to: /bank/ncbi/gnathostome/Tmp/7574/05_omark/7574.omamer
 - total 124.29 seconds
 - search phase only 240.25 queries/s


Note: family p-values are stated in negative log units.
================================================================================

Thank you for using OMAmer. If you use OMAmer in your research, please cite:

Victor Rossier, Alex Warwick Vesztrocy, Marc Robinson-Rechavi, Christophe Dessimoz, OMAmer: tree-driven and alignment-free protein assignment to subfamilies outperforms closest sequence approaches, Bioinformatics, Volume 37, Issue 18, September 2021, Pages 2866-2873, https://doi.org/10.1093/bioinformatics/btab219


OMAmer uses data from the OMA browser. Results can be interpreted further using:
 - OMA browser website (https://omabrowser.org)
 - PyOMADB, the Python OMA API client (https://github.com/DessimozLab/pyomadb)

================================================================================
WARNING: The selected ancestral lineage is from the phylum rank or higher which means the target species' taxonomic division is not well sampled in our database. The results may lack accuracy.
[INFO] Step 7: saving results to /rna/liha/phylogenomics_practice/QC-DB/Results/Obazoa-Holozoa-Metazoa-Protostomia-Spiralia-Brachiopoda_7574 and cleaning up Tmp...
[DONE] taxid=7574 finished. Results under /rna/liha/phylogenomics_practice/QC-DB/Results/Obazoa-Holozoa-Metazoa-Protostomia-Spiralia-Brachiopoda_7574, Tmp cleaned.
