[INFO] === taxid=7757 accession=GCF_048934315.1 ===
[INFO] Step 1: downloading assembly data...
New version of client (18.34.0) available at https://ftp.ncbi.nlm.nih.gov/pub/datasets/command-line/LATEST/linux-amd64/datasets.
Collecting 1 genome record [------------------------------------------------]   0% 0/1
[1A[2KCollecting 1 genome record [------------------------------------------------]   0% 0/1
[1A[2KCollecting 1 genome record [------------------------------------------------]   0% 0/1
[1A[2KCollecting 1 genome record [------------------------------------------------]   0% 0/1
[1A[2KCollecting 1 genome record [------------------------------------------------]   0% 0/1
[1A[2KCollecting 1 genome record [------------------------------------------------]   0% 0/1
[1A[2KCollecting 1 genome record [------------------------------------------------]   0% 0/1
[1A[2KCollecting 1 genome record [------------------------------------------------]   0% 0/1
[1A[2KCollecting 1 genome record [------------------------------------------------]   0% 0/1
[1A[2KCollecting 1 genome record [------------------------------------------------]   0% 0/1
[1A[2KCollecting 1 genome record [------------------------------------------------]   0% 0/1
[1A[2KCollecting 1 genome record [------------------------------------------------]   0% 0/1
[1A[2KCollecting 1 genome record [------------------------------------------------]   0% 0/1
[1A[2KCollecting 1 genome record [------------------------------------------------]   0% 0/1
[1A[2KCollecting 1 genome record [------------------------------------------------]   0% 0/1
[1A[2KCollecting 1 genome record [------------------------------------------------]   0% 0/1
[1A[2KCollecting 1 genome record [------------------------------------------------]   0% 0/1
[1A[2KCollecting 1 genome record [------------------------------------------------]   0% 0/1
[1A[2KCollecting 1 genome record [------------------------------------------------]   0% 0/1
[1A[2KCollecting 1 genome record [------------------------------------------------]   0% 0/1
[1A[2KCollecting 1 genome record [------------------------------------------------]   0% 0/1
[1A[2KCollecting 1 genome record [------------------------------------------------]   0% 0/1
[1A[2KCollecting 1 genome record [------------------------------------------------]   0% 0/1
[1A[2KCollecting 1 genome record [------------------------------------------------]   0% 0/1
[1A[2KCollecting 1 genome record [------------------------------------------------]   0% 0/1
[1A[2KCollecting 1 genome record [------------------------------------------------]   0% 0/1
[1A[2KCollecting 1 genome record [------------------------------------------------]   0% 0/1
[1A[2KCollecting 1 genome record [------------------------------------------------]   0% 0/1
[1A[2KCollecting 1 genome record [------------------------------------------------]   0% 0/1
[1A[2KCollecting 1 genome record [------------------------------------------------]   0% 0/1
[1A[2KCollecting 1 genome record [------------------------------------------------]   0% 0/1
[1A[2KCollecting 1 genome record [------------------------------------------------]   0% 0/1
[1A[2KCollecting 1 genome record [------------------------------------------------]   0% 0/1
[1A[2KCollecting 1 genome record [------------------------------------------------]   0% 0/1
[1A[2KCollecting 1 genome record [------------------------------------------------]   0% 0/1
[1A[2KCollecting 1 genome record [------------------------------------------------]   0% 0/1
[1A[2KCollecting 1 genome record [------------------------------------------------]   0% 0/1
[1A[2KCollecting 1 genome record [------------------------------------------------]   0% 0/1
[1A[2KCollecting 1 genome record [------------------------------------------------]   0% 0/1
[1A[2KCollecting 1 genome record [------------------------------------------------]   0% 0/1
[1A[2KCollecting 1 genome record [------------------------------------------------]   0% 0/1
[1A[2KCollecting 1 genome record [------------------------------------------------]   0% 0/1
[1A[2KCollecting 1 genome record [------------------------------------------------]   0% 0/1
[1A[2KCollecting 1 genome record [------------------------------------------------]   0% 0/1
[1A[2KCollecting 1 genome record [------------------------------------------------]   0% 0/1
[1A[2KCollecting 1 genome record [------------------------------------------------]   0% 0/1
[1A[2KCollecting 1 genome record [------------------------------------------------]   0% 0/1
[1A[2KCollecting 1 genome record [------------------------------------------------]   0% 0/1
[1A[2KCollecting 1 genome record [------------------------------------------------]   0% 0/1
[1A[2KCollecting 1 genome record [------------------------------------------------]   0% 0/1
[1A[2KCollecting 1 genome record [------------------------------------------------]   0% 0/1
[1A[2KCollecting 1 genome record [------------------------------------------------]   0% 0/1
[1A[2KCollecting 1 genome record [------------------------------------------------]   0% 0/1
[1A[2KCollecting 1 genome record [------------------------------------------------]   0% 0/1
[1A[2KCollecting 1 genome record [------------------------------------------------]   0% 0/1
[1A[2KCollecting 1 genome record [------------------------------------------------]   0% 0/1
[1A[2KCollecting 1 genome record [------------------------------------------------]   0% 0/1
[1A[2KCollecting 1 genome record [------------------------------------------------]   0% 0/1
[1A[2KCollecting 1 genome record [================================================] 100% 1/1
[1A[2KCollecting 1 genome record [================================================] 100% 1/1
[1A[2KCollecting 1 genome record [================================================] 100% 1/1
[1A[2KCollecting 1 genome record [================================================] 100% 1/1
[1A[2KCollecting 1 genome record [================================================] 100% 1/1
[1A[2KCollecting 1 genome record [================================================] 100% 1/1
[1A[2KCollecting 1 genome record [================================================] 100% 1/1
[1A[2KCollecting 1 genome record [================================================] 100% 1/1
[1A[2KCollecting 1 genome record [================================================] 100% 1/1
[1A[2KCollecting 1 genome record [================================================] 100% 1/1
[1A[2KCollecting 1 genome record [================================================] 100% 1/1
[1A[2KCollecting 1 genome record [================================================] 100% 1/1
[1A[2KCollecting 1 genome record [================================================] 100% 1/1
[1A[2KCollecting 1 genome record [================================================] 100% 1/1
[1A[2KCollecting 1 genome record [================================================] 100% 1/1
[1A[2KCollecting 1 genome record [================================================] 100% 1/1
[1A[2KCollecting 1 genome record [================================================] 100% 1/1
[1A[2KCollecting 1 genome record [================================================] 100% 1/1
[1A[2KCollecting 1 genome record [================================================] 100% 1/1
[1A[2KCollecting 1 genome record [================================================] 100% 1/1
[1A[2KCollecting 1 genome record [================================================] 100% 1/1
[1A[2KCollecting 1 genome record [================================================] 100% 1/1
[1A[2KCollecting 1 genome record [================================================] 100% 1/1
[1A[2KCollecting 1 genome record [================================================] 100% 1/1
[1A[2KCollecting 1 genome record [================================================] 100% 1/1
[1A[2KCollecting 1 genome record [================================================] 100% 1/1
[1A[2KCollecting 1 genome record [================================================] 100% 1/1
[1A[2KCollecting 1 genome record [================================================] 100% 1/1
[1A[2KCollecting 1 genome record [================================================] 100% 1/1
[1A[2KCollecting 1 genome record [================================================] 100% 1/1
[1A[2KCollecting 1 genome record [================================================] 100% 1/1
[1A[2KCollecting 1 genome record [================================================] 100% 1/1
[1A[2KCollecting 1 genome record [================================================] 100% 1/1
[1A[2KCollecting 1 genome record [================================================] 100% 1/1
[1A[2KCollecting 1 genome record [================================================] 100% 1/1
[1A[2KCollecting 1 genome record [================================================] 100% 1/1
[1A[2KCollecting 1 genome record [================================================] 100% 1/1
[1A[2KCollecting 1 genome record [================================================] 100% 1/1
[1A[2KCollecting 1 genome record [================================================] 100% 1/1
[1A[2KCollecting 1 genome record [================================================] 100% 1/1
[1A[2KCollecting 1 genome record [================================================] 100% 1/1
[1A[2KCollecting 1 genome record [================================================] 100% 1/1
[1A[2KCollecting 1 genome record [================================================] 100% 1/1
[1A[2KCollecting 1 genome record [================================================] 100% 1/1
[1A[2KCollecting 1 genome record [================================================] 100% 1/1
[1A[2KCollecting 1 genome record [================================================] 100% 1/1
[1A[2KCollecting 1 genome record [================================================] 100% 1/1
[1A[2KCollecting 1 genome record [================================================] 100% 1/1
[1A[2KCollecting 1 genome record [================================================] 100% 1/1
[1A[2KCollecting 1 genome record [================================================] 100% 1/1
[1A[2KCollecting 1 genome record [================================================] 100% 1/1
[1A[2KCollecting 1 genome record [================================================] 100% 1/1
[1A[2KCollecting 1 genome record [================================================] 100% 1/1
[1A[2KCollecting 1 genome record [================================================] 100% 1/1
[1A[2KCollecting 1 genome record [================================================] 100% 1/1
[1A[2KCollecting 1 genome record [================================================] 100% 1/1
[1A[2KCollecting 1 genome record [================================================] 100% 1/1
[1A[2KCollecting 1 genome record [================================================] 100% 1/1
[1A[2KCollecting 1 genome record [================================================] 100% 1/1
[1A[2KCollecting 1 genome record [================================================] 100% 1/1
[1A[2KCollecting 1 genome record [================================================] 100% 1/1
[1A[2KCollecting 1 genome record [================================================] 100% 1/1
Downloading: ncbi_dataset.zip    3.27kB 24.5MB/s
[1A[2K[1A[2KCollecting 1 genome record [================================================] 100% 1/1
Downloading: ncbi_dataset.zip    3.27kB 24.5MB/s
[1A[2K[1A[2KCollecting 1 genome record [================================================] 100% 1/1
Downloading: ncbi_dataset.zip    3.27kB 24.5MB/s
[1A[2K[1A[2KCollecting 1 genome record [================================================] 100% 1/1
Downloading: ncbi_dataset.zip    3.27kB 24.5MB/s
[1A[2K[1A[2KCollecting 1 genome record [================================================] 100% 1/1
Downloading: ncbi_dataset.zip    3.27kB 24.5MB/s
[1A[2K[1A[2KCollecting 1 genome record [================================================] 100% 1/1
Downloading: ncbi_dataset.zip    3.27kB 24.5MB/s
[1A[2K[1A[2KCollecting 1 genome record [================================================] 100% 1/1
Downloading: ncbi_dataset.zip    3.27kB 24.5MB/s
[1A[2K[1A[2KCollecting 1 genome record [================================================] 100% 1/1
Downloading: ncbi_dataset.zip    3.27kB 24.5MB/s
[1A[2K[1A[2KCollecting 1 genome record [================================================] 100% 1/1
Downloading: ncbi_dataset.zip    7.35kB 88.4kB/s
[1A[2K[1A[2KCollecting 1 genome record [================================================] 100% 1/1
Downloading: ncbi_dataset.zip    7.35kB 88.4kB/s
[1A[2K[1A[2KCollecting 1 genome record [================================================] 100% 1/1
Downloading: ncbi_dataset.zip    7.35kB 88.4kB/s
[1A[2K[1A[2KCollecting 1 genome record [================================================] 100% 1/1
Downloading: ncbi_dataset.zip    7.35kB 88.4kB/s
[1A[2K[1A[2KCollecting 1 genome record [================================================] 100% 1/1
Downloading: ncbi_dataset.zip    7.35kB 88.4kB/s
[1A[2K[1A[2KCollecting 1 genome record [================================================] 100% 1/1
Downloading: ncbi_dataset.zip    7.35kB 88.4kB/s
[1A[2K[1A[2KCollecting 1 genome record [================================================] 100% 1/1
Downloading: ncbi_dataset.zip    7.35kB 88.4kB/s
[1A[2K[1A[2KCollecting 1 genome record [================================================] 100% 1/1
Downloading: ncbi_dataset.zip    7.35kB 88.4kB/s
[1A[2K[1A[2KCollecting 1 genome record [================================================] 100% 1/1
Downloading: ncbi_dataset.zip    7.35kB 88.4kB/s
[1A[2K[1A[2KCollecting 1 genome record [================================================] 100% 1/1
Downloading: ncbi_dataset.zip    18.9kB 111kB/s
[1A[2K[1A[2KCollecting 1 genome record [================================================] 100% 1/1
Downloading: ncbi_dataset.zip    18.9kB 111kB/s
[1A[2K[1A[2KCollecting 1 genome record [================================================] 100% 1/1
Downloading: ncbi_dataset.zip    18.9kB 111kB/s
[1A[2K[1A[2KCollecting 1 genome record [================================================] 100% 1/1
Downloading: ncbi_dataset.zip    18.9kB 111kB/s
[1A[2K[1A[2KCollecting 1 genome record [================================================] 100% 1/1
Downloading: ncbi_dataset.zip    18.9kB 111kB/s
[1A[2K[1A[2KCollecting 1 genome record [================================================] 100% 1/1
Downloading: ncbi_dataset.zip    18.9kB 111kB/s
[1A[2K[1A[2KCollecting 1 genome record [================================================] 100% 1/1
Downloading: ncbi_dataset.zip    18.9kB 111kB/s
[1A[2K[1A[2KCollecting 1 genome record [================================================] 100% 1/1
Downloading: ncbi_dataset.zip    18.9kB 111kB/s
[1A[2K[1A[2KCollecting 1 genome record [================================================] 100% 1/1
Downloading: ncbi_dataset.zip    32.8kB 127kB/s
[1A[2K[1A[2KCollecting 1 genome record [================================================] 100% 1/1
Downloading: ncbi_dataset.zip    32.8kB 127kB/s
[1A[2K[1A[2KCollecting 1 genome record [================================================] 100% 1/1
Downloading: ncbi_dataset.zip    32.8kB 127kB/s
[1A[2K[1A[2KCollecting 1 genome record [================================================] 100% 1/1
Downloading: ncbi_dataset.zip    32.8kB 127kB/s
[1A[2K[1A[2KCollecting 1 genome record [================================================] 100% 1/1
Downloading: ncbi_dataset.zip    32.8kB 127kB/s
[1A[2K[1A[2KCollecting 1 genome record [================================================] 100% 1/1
Downloading: ncbi_dataset.zip    32.8kB 127kB/s
[1A[2K[1A[2KCollecting 1 genome record [================================================] 100% 1/1
Downloading: ncbi_dataset.zip    32.8kB 127kB/s
[1A[2K[1A[2KCollecting 1 genome record [================================================] 100% 1/1
Downloading: ncbi_dataset.zip    32.8kB 127kB/s
[1A[2K[1A[2KCollecting 1 genome record [================================================] 100% 1/1
Downloading: ncbi_dataset.zip    32.8kB 127kB/s
[1A[2K[1A[2KCollecting 1 genome record [================================================] 100% 1/1
Downloading: ncbi_dataset.zip    65.5kB 187kB/s
[1A[2K[1A[2KCollecting 1 genome record [================================================] 100% 1/1
Downloading: ncbi_dataset.zip    65.5kB 187kB/s
[1A[2K[1A[2KCollecting 1 genome record [================================================] 100% 1/1
Downloading: ncbi_dataset.zip    65.5kB 187kB/s
[1A[2K[1A[2KCollecting 1 genome record [================================================] 100% 1/1
Downloading: ncbi_dataset.zip    65.5kB 187kB/s
[1A[2K[1A[2KCollecting 1 genome record [================================================] 100% 1/1
Downloading: ncbi_dataset.zip    65.5kB 187kB/s
[1A[2K[1A[2KCollecting 1 genome record [================================================] 100% 1/1
Downloading: ncbi_dataset.zip    65.5kB 187kB/s
[1A[2K[1A[2KCollecting 1 genome record [================================================] 100% 1/1
Downloading: ncbi_dataset.zip    65.5kB 187kB/s
[1A[2K[1A[2KCollecting 1 genome record [================================================] 100% 1/1
Downloading: ncbi_dataset.zip    65.5kB 187kB/s
[1A[2K[1A[2KCollecting 1 genome record [================================================] 100% 1/1
Downloading: ncbi_dataset.zip    98.3kB 227kB/s
[1A[2K[1A[2KCollecting 1 genome record [================================================] 100% 1/1
Downloading: ncbi_dataset.zip    98.3kB 227kB/s
[1A[2K[1A[2KCollecting 1 genome record [================================================] 100% 1/1
Downloading: ncbi_dataset.zip    98.3kB 227kB/s
[1A[2K[1A[2KCollecting 1 genome record [================================================] 100% 1/1
Downloading: ncbi_dataset.zip    98.3kB 227kB/s
[1A[2K[1A[2KCollecting 1 genome record [================================================] 100% 1/1
Downloading: ncbi_dataset.zip    98.3kB 227kB/s
[1A[2K[1A[2KCollecting 1 genome record [================================================] 100% 1/1
Downloading: ncbi_dataset.zip    98.3kB 227kB/s
[1A[2K[1A[2KCollecting 1 genome record [================================================] 100% 1/1
Downloading: ncbi_dataset.zip    98.3kB 227kB/s
[1A[2K[1A[2KCollecting 1 genome record [================================================] 100% 1/1
Downloading: ncbi_dataset.zip    98.3kB 227kB/s
[1A[2K[1A[2KCollecting 1 genome record [================================================] 100% 1/1
Downloading: ncbi_dataset.zip    98.3kB 227kB/s
[1A[2K[1A[2KCollecting 1 genome record [================================================] 100% 1/1
Downloading: ncbi_dataset.zip    164kB 311kB/s
[1A[2K[1A[2KCollecting 1 genome record [================================================] 100% 1/1
Downloading: ncbi_dataset.zip    197kB 371kB/s
[1A[2K[1A[2KCollecting 1 genome record [================================================] 100% 1/1
Downloading: ncbi_dataset.zip    197kB 371kB/s
[1A[2K[1A[2KCollecting 1 genome record [================================================] 100% 1/1
Downloading: ncbi_dataset.zip    197kB 371kB/s
[1A[2K[1A[2KCollecting 1 genome record [================================================] 100% 1/1
Downloading: ncbi_dataset.zip    197kB 371kB/s
[1A[2K[1A[2KCollecting 1 genome record [================================================] 100% 1/1
Downloading: ncbi_dataset.zip    197kB 371kB/s
[1A[2K[1A[2KCollecting 1 genome record [================================================] 100% 1/1
Downloading: ncbi_dataset.zip    197kB 371kB/s
[1A[2K[1A[2KCollecting 1 genome record [================================================] 100% 1/1
Downloading: ncbi_dataset.zip    197kB 371kB/s
[1A[2K[1A[2KCollecting 1 genome record [================================================] 100% 1/1
Downloading: ncbi_dataset.zip    229kB 376kB/s
[1A[2K[1A[2KCollecting 1 genome record [================================================] 100% 1/1
Downloading: ncbi_dataset.zip    229kB 376kB/s
[1A[2K[1A[2KCollecting 1 genome record [================================================] 100% 1/1
Downloading: ncbi_dataset.zip    229kB 376kB/s
[1A[2K[1A[2KCollecting 1 genome record [================================================] 100% 1/1
Downloading: ncbi_dataset.zip    229kB 376kB/s
[1A[2K[1A[2KCollecting 1 genome record [================================================] 100% 1/1
Downloading: ncbi_dataset.zip    229kB 376kB/s
[1A[2K[1A[2KCollecting 1 genome record [================================================] 100% 1/1
Downloading: ncbi_dataset.zip    229kB 376kB/s
[1A[2K[1A[2KCollecting 1 genome record [================================================] 100% 1/1
Downloading: ncbi_dataset.zip    229kB 376kB/s
[1A[2K[1A[2KCollecting 1 genome record [================================================] 100% 1/1
Downloading: ncbi_dataset.zip    229kB 376kB/s
[1A[2K[1A[2KCollecting 1 genome record [================================================] 100% 1/1
Downloading: ncbi_dataset.zip    229kB 376kB/s
[1A[2K[1A[2KCollecting 1 genome record [================================================] 100% 1/1
Downloading: ncbi_dataset.zip    393kB 559kB/s
[1A[2K[1A[2KCollecting 1 genome record [================================================] 100% 1/1
Downloading: ncbi_dataset.zip    393kB 559kB/s
[1A[2K[1A[2KCollecting 1 genome record [================================================] 100% 1/1
Downloading: ncbi_dataset.zip    393kB 559kB/s
[1A[2K[1A[2KCollecting 1 genome record [================================================] 100% 1/1
Downloading: ncbi_dataset.zip    393kB 559kB/s
[1A[2K[1A[2KCollecting 1 genome record [================================================] 100% 1/1
Downloading: ncbi_dataset.zip    393kB 559kB/s
[1A[2K[1A[2KCollecting 1 genome record [================================================] 100% 1/1
Downloading: ncbi_dataset.zip    393kB 559kB/s
[1A[2K[1A[2KCollecting 1 genome record [================================================] 100% 1/1
Downloading: ncbi_dataset.zip    393kB 559kB/s
[1A[2K[1A[2KCollecting 1 genome record [================================================] 100% 1/1
Downloading: ncbi_dataset.zip    393kB 559kB/s
[1A[2K[1A[2KCollecting 1 genome record [================================================] 100% 1/1
Downloading: ncbi_dataset.zip    492kB 628kB/s
[1A[2K[1A[2KCollecting 1 genome record [================================================] 100% 1/1
Downloading: ncbi_dataset.zip    492kB 628kB/s
[1A[2K[1A[2KCollecting 1 genome record [================================================] 100% 1/1
Downloading: ncbi_dataset.zip    492kB 628kB/s
[1A[2K[1A[2KCollecting 1 genome record [================================================] 100% 1/1
Downloading: ncbi_dataset.zip    492kB 628kB/s
[1A[2K[1A[2KCollecting 1 genome record [================================================] 100% 1/1
Downloading: ncbi_dataset.zip    492kB 628kB/s
[1A[2K[1A[2KCollecting 1 genome record [================================================] 100% 1/1
Downloading: ncbi_dataset.zip    492kB 628kB/s
[1A[2K[1A[2KCollecting 1 genome record [================================================] 100% 1/1
Downloading: ncbi_dataset.zip    492kB 628kB/s
[1A[2K[1A[2KCollecting 1 genome record [================================================] 100% 1/1
Downloading: ncbi_dataset.zip    492kB 628kB/s
[1A[2K[1A[2KCollecting 1 genome record [================================================] 100% 1/1
Downloading: ncbi_dataset.zip    492kB 628kB/s
[1A[2K[1A[2KCollecting 1 genome record [================================================] 100% 1/1
Downloading: ncbi_dataset.zip    721kB 821kB/s
[1A[2K[1A[2KCollecting 1 genome record [================================================] 100% 1/1
Downloading: ncbi_dataset.zip    852kB 963kB/s
[1A[2K[1A[2KCollecting 1 genome record [================================================] 100% 1/1
Downloading: ncbi_dataset.zip    852kB 963kB/s
[1A[2K[1A[2KCollecting 1 genome record [================================================] 100% 1/1
Downloading: ncbi_dataset.zip    852kB 963kB/s
[1A[2K[1A[2KCollecting 1 genome record [================================================] 100% 1/1
Downloading: ncbi_dataset.zip    852kB 963kB/s
[1A[2K[1A[2KCollecting 1 genome record [================================================] 100% 1/1
Downloading: ncbi_dataset.zip    852kB 963kB/s
[1A[2K[1A[2KCollecting 1 genome record [================================================] 100% 1/1
Downloading: ncbi_dataset.zip    852kB 963kB/s
[1A[2K[1A[2KCollecting 1 genome record [================================================] 100% 1/1
Downloading: ncbi_dataset.zip    852kB 963kB/s
[1A[2K[1A[2KCollecting 1 genome record [================================================] 100% 1/1
Downloading: ncbi_dataset.zip    1.02MB 1.06MB/s
[1A[2K[1A[2KCollecting 1 genome record [================================================] 100% 1/1
Downloading: ncbi_dataset.zip    1.02MB 1.06MB/s
[1A[2K[1A[2KCollecting 1 genome record [================================================] 100% 1/1
Downloading: ncbi_dataset.zip    1.02MB 1.06MB/s
[1A[2K[1A[2KCollecting 1 genome record [================================================] 100% 1/1
Downloading: ncbi_dataset.zip    1.02MB 1.06MB/s
[1A[2K[1A[2KCollecting 1 genome record [================================================] 100% 1/1
Downloading: ncbi_dataset.zip    1.02MB 1.06MB/s
[1A[2K[1A[2KCollecting 1 genome record [================================================] 100% 1/1
Downloading: ncbi_dataset.zip    1.02MB 1.06MB/s
[1A[2K[1A[2KCollecting 1 genome record [================================================] 100% 1/1
Downloading: ncbi_dataset.zip    1.02MB 1.06MB/s
[1A[2K[1A[2KCollecting 1 genome record [================================================] 100% 1/1
Downloading: ncbi_dataset.zip    1.02MB 1.06MB/s
[1A[2K[1A[2KCollecting 1 genome record [================================================] 100% 1/1
Downloading: ncbi_dataset.zip    1.02MB 1.06MB/s
[1A[2K[1A[2KCollecting 1 genome record [================================================] 100% 1/1
Downloading: ncbi_dataset.zip    1.11MB 1.06MB/s
[1A[2K[1A[2KCollecting 1 genome record [================================================] 100% 1/1
Downloading: ncbi_dataset.zip    1.74MB 1.64MB/s
[1A[2K[1A[2KCollecting 1 genome record [================================================] 100% 1/1
Downloading: ncbi_dataset.zip    1.74MB 1.64MB/s
[1A[2K[1A[2KCollecting 1 genome record [================================================] 100% 1/1
Downloading: ncbi_dataset.zip    1.74MB 1.64MB/s
[1A[2K[1A[2KCollecting 1 genome record [================================================] 100% 1/1
Downloading: ncbi_dataset.zip    1.74MB 1.64MB/s
[1A[2K[1A[2KCollecting 1 genome record [================================================] 100% 1/1
Downloading: ncbi_dataset.zip    1.74MB 1.64MB/s
[1A[2K[1A[2KCollecting 1 genome record [================================================] 100% 1/1
Downloading: ncbi_dataset.zip    1.74MB 1.64MB/s
[1A[2K[1A[2KCollecting 1 genome record [================================================] 100% 1/1
Downloading: ncbi_dataset.zip    1.74MB 1.64MB/s
[1A[2K[1A[2KCollecting 1 genome record [================================================] 100% 1/1
Downloading: ncbi_dataset.zip    2.06MB 1.82MB/s
[1A[2K[1A[2KCollecting 1 genome record [================================================] 100% 1/1
Downloading: ncbi_dataset.zip    2.1MB 1.84MB/s
[1A[2K[1A[2KCollecting 1 genome record [================================================] 100% 1/1
Downloading: ncbi_dataset.zip    2.1MB 1.84MB/s
[1A[2K[1A[2KCollecting 1 genome record [================================================] 100% 1/1
Downloading: ncbi_dataset.zip    2.1MB 1.84MB/s
[1A[2K[1A[2KCollecting 1 genome record [================================================] 100% 1/1
Downloading: ncbi_dataset.zip    2.1MB 1.84MB/s
[1A[2K[1A[2KCollecting 1 genome record [================================================] 100% 1/1
Downloading: ncbi_dataset.zip    2.1MB 1.84MB/s
[1A[2K[1A[2KCollecting 1 genome record [================================================] 100% 1/1
Downloading: ncbi_dataset.zip    2.1MB 1.84MB/s
[1A[2K[1A[2KCollecting 1 genome record [================================================] 100% 1/1
Downloading: ncbi_dataset.zip    2.1MB 1.84MB/s
[1A[2K[1A[2KCollecting 1 genome record [================================================] 100% 1/1
Downloading: ncbi_dataset.zip    2.1MB 1.84MB/s
[1A[2K[1A[2KCollecting 1 genome record [================================================] 100% 1/1
Downloading: ncbi_dataset.zip    2.62MB 2.14MB/s
[1A[2K[1A[2KCollecting 1 genome record [================================================] 100% 1/1
Downloading: ncbi_dataset.zip    3.05MB 2.47MB/s
[1A[2K[1A[2KCollecting 1 genome record [================================================] 100% 1/1
Downloading: ncbi_dataset.zip    3.05MB 2.47MB/s
[1A[2K[1A[2KCollecting 1 genome record [================================================] 100% 1/1
Downloading: ncbi_dataset.zip    3.05MB 2.47MB/s
[1A[2K[1A[2KCollecting 1 genome record [================================================] 100% 1/1
Downloading: ncbi_dataset.zip    3.05MB 2.47MB/s
[1A[2K[1A[2KCollecting 1 genome record [================================================] 100% 1/1
Downloading: ncbi_dataset.zip    3.05MB 2.47MB/s
[1A[2K[1A[2KCollecting 1 genome record [================================================] 100% 1/1
Downloading: ncbi_dataset.zip    3.05MB 2.47MB/s
[1A[2K[1A[2KCollecting 1 genome record [================================================] 100% 1/1
Downloading: ncbi_dataset.zip    3.05MB 2.47MB/s
[1A[2K[1A[2KCollecting 1 genome record [================================================] 100% 1/1
Downloading: ncbi_dataset.zip    3.34MB 2.55MB/s
[1A[2K[1A[2KCollecting 1 genome record [================================================] 100% 1/1
Downloading: ncbi_dataset.zip    3.7MB 2.81MB/s
[1A[2K[1A[2KCollecting 1 genome record [================================================] 100% 1/1
Downloading: ncbi_dataset.zip    3.7MB 2.81MB/s
[1A[2K[1A[2KCollecting 1 genome record [================================================] 100% 1/1
Downloading: ncbi_dataset.zip    3.7MB 2.81MB/s
[1A[2K[1A[2KCollecting 1 genome record [================================================] 100% 1/1
Downloading: ncbi_dataset.zip    3.7MB 2.81MB/s
[1A[2K[1A[2KCollecting 1 genome record [================================================] 100% 1/1
Downloading: ncbi_dataset.zip    3.7MB 2.81MB/s
[1A[2K[1A[2KCollecting 1 genome record [================================================] 100% 1/1
Downloading: ncbi_dataset.zip    3.7MB 2.81MB/s
[1A[2K[1A[2KCollecting 1 genome record [================================================] 100% 1/1
Downloading: ncbi_dataset.zip    3.7MB 2.81MB/s
[1A[2K[1A[2KCollecting 1 genome record [================================================] 100% 1/1
Downloading: ncbi_dataset.zip    3.74MB 2.68MB/s
[1A[2K[1A[2KCollecting 1 genome record [================================================] 100% 1/1
Downloading: ncbi_dataset.zip    4.46MB 3.18MB/s
[1A[2K[1A[2KCollecting 1 genome record [================================================] 100% 1/1
Downloading: ncbi_dataset.zip    5.28MB 3.73MB/s
[1A[2K[1A[2KCollecting 1 genome record [================================================] 100% 1/1
Downloading: ncbi_dataset.zip    5.93MB 4.17MB/s
[1A[2K[1A[2KCollecting 1 genome record [================================================] 100% 1/1
Downloading: ncbi_dataset.zip    6.16MB 4.32MB/s
[1A[2K[1A[2KCollecting 1 genome record [================================================] 100% 1/1
Downloading: ncbi_dataset.zip    6.16MB 4.32MB/s
[1A[2K[1A[2KCollecting 1 genome record [================================================] 100% 1/1
Downloading: ncbi_dataset.zip    6.16MB 4.32MB/s
[1A[2K[1A[2KCollecting 1 genome record [================================================] 100% 1/1
Downloading: ncbi_dataset.zip    6.16MB 4.32MB/s
[1A[2K[1A[2KCollecting 1 genome record [================================================] 100% 1/1
Downloading: ncbi_dataset.zip    6.16MB 4.32MB/s
[1A[2K[1A[2KCollecting 1 genome record [================================================] 100% 1/1
Downloading: ncbi_dataset.zip    6.52MB 4.39MB/s
[1A[2K[1A[2KCollecting 1 genome record [================================================] 100% 1/1
Downloading: ncbi_dataset.zip    7.21MB 4.82MB/s
[1A[2K[1A[2KCollecting 1 genome record [================================================] 100% 1/1
Downloading: ncbi_dataset.zip    7.47MB 4.99MB/s
[1A[2K[1A[2KCollecting 1 genome record [================================================] 100% 1/1
Downloading: ncbi_dataset.zip    7.47MB 4.99MB/s
[1A[2K[1A[2KCollecting 1 genome record [================================================] 100% 1/1
Downloading: ncbi_dataset.zip    7.47MB 4.99MB/s
[1A[2K[1A[2KCollecting 1 genome record [================================================] 100% 1/1
Downloading: ncbi_dataset.zip    7.47MB 4.99MB/s
[1A[2K[1A[2KCollecting 1 genome record [================================================] 100% 1/1
Downloading: ncbi_dataset.zip    7.47MB 4.99MB/s
[1A[2K[1A[2KCollecting 1 genome record [================================================] 100% 1/1
Downloading: ncbi_dataset.zip    7.47MB 4.99MB/s
[1A[2K[1A[2KCollecting 1 genome record [================================================] 100% 1/1
Downloading: ncbi_dataset.zip    7.47MB 4.99MB/s
[1A[2K[1A[2KCollecting 1 genome record [================================================] 100% 1/1
Downloading: ncbi_dataset.zip    7.96MB 5.05MB/s
[1A[2K[1A[2KCollecting 1 genome record [================================================] 100% 1/1
Downloading: ncbi_dataset.zip    8.55MB 5.39MB/s
[1A[2K[1A[2KCollecting 1 genome record [================================================] 100% 1/1
Downloading: ncbi_dataset.zip    8.88MB 5.56MB/s
[1A[2K[1A[2KCollecting 1 genome record [================================================] 100% 1/1
Downloading: ncbi_dataset.zip    9.34MB 5.81MB/s
[1A[2K[1A[2KCollecting 1 genome record [================================================] 100% 1/1
Downloading: ncbi_dataset.zip    9.76MB 6.04MB/s
[1A[2K[1A[2KCollecting 1 genome record [================================================] 100% 1/1
Downloading: ncbi_dataset.zip    10.1MB 6.22MB/s
[1A[2K[1A[2KCollecting 1 genome record [================================================] 100% 1/1
Downloading: ncbi_dataset.zip    10.1MB 6.22MB/s
[1A[2K[1A[2KCollecting 1 genome record [================================================] 100% 1/1
Downloading: ncbi_dataset.zip    10.1MB 6.22MB/s
[1A[2K[1A[2KCollecting 1 genome record [================================================] 100% 1/1
Downloading: ncbi_dataset.zip    10.3MB 6.2MB/s
[1A[2K[1A[2KCollecting 1 genome record [================================================] 100% 1/1
Downloading: ncbi_dataset.zip    10.8MB 6.48MB/s
[1A[2K[1A[2KCollecting 1 genome record [================================================] 100% 1/1
Downloading: ncbi_dataset.zip    11.2MB 6.7MB/s
[1A[2K[1A[2KCollecting 1 genome record [================================================] 100% 1/1
Downloading: ncbi_dataset.zip    11.4MB 6.8MB/s
[1A[2K[1A[2KCollecting 1 genome record [================================================] 100% 1/1
Downloading: ncbi_dataset.zip    11.4MB 6.8MB/s
[1A[2K[1A[2KCollecting 1 genome record [================================================] 100% 1/1
Downloading: ncbi_dataset.zip    11.4MB 6.8MB/s
[1A[2K[1A[2KCollecting 1 genome record [================================================] 100% 1/1
Downloading: ncbi_dataset.zip    11.4MB 6.8MB/s
[1A[2K[1A[2KCollecting 1 genome record [================================================] 100% 1/1
Downloading: ncbi_dataset.zip    11.4MB 6.8MB/s
[1A[2K[1A[2KCollecting 1 genome record [================================================] 100% 1/1
Downloading: ncbi_dataset.zip    11.4MB 6.8MB/s
[1A[2K[1A[2KCollecting 1 genome record [================================================] 100% 1/1
Downloading: ncbi_dataset.zip    12.2MB 6.96MB/s
[1A[2K[1A[2KCollecting 1 genome record [================================================] 100% 1/1
Downloading: ncbi_dataset.zip    12.9MB 7.35MB/s
[1A[2K[1A[2KCollecting 1 genome record [================================================] 100% 1/1
Downloading: ncbi_dataset.zip    13.6MB 7.68MB/s
[1A[2K[1A[2KCollecting 1 genome record [================================================] 100% 1/1
Downloading: ncbi_dataset.zip    14.1MB 7.92MB/s
[1A[2K[1A[2KCollecting 1 genome record [================================================] 100% 1/1
Downloading: ncbi_dataset.zip    14.1MB 7.92MB/s
[1A[2K[1A[2KCollecting 1 genome record [================================================] 100% 1/1
Downloading: ncbi_dataset.zip    14.1MB 7.92MB/s
[1A[2K[1A[2KCollecting 1 genome record [================================================] 100% 1/1
Downloading: ncbi_dataset.zip    14.1MB 7.92MB/s
[1A[2K[1A[2KCollecting 1 genome record [================================================] 100% 1/1
Downloading: ncbi_dataset.zip    14.1MB 7.92MB/s
[1A[2K[1A[2KCollecting 1 genome record [================================================] 100% 1/1
Downloading: ncbi_dataset.zip    14.5MB 7.9MB/s
[1A[2K[1A[2KCollecting 1 genome record [================================================] 100% 1/1
Downloading: ncbi_dataset.zip    15.2MB 8.26MB/s
[1A[2K[1A[2KCollecting 1 genome record [================================================] 100% 1/1
Downloading: ncbi_dataset.zip    15.4MB 8.34MB/s
[1A[2K[1A[2KCollecting 1 genome record [================================================] 100% 1/1
Downloading: ncbi_dataset.zip    15.4MB 8.34MB/s
[1A[2K[1A[2KCollecting 1 genome record [================================================] 100% 1/1
Downloading: ncbi_dataset.zip    15.4MB 8.34MB/s
[1A[2K[1A[2KCollecting 1 genome record [================================================] 100% 1/1
Downloading: ncbi_dataset.zip    15.4MB 8.34MB/s
[1A[2K[1A[2KCollecting 1 genome record [================================================] 100% 1/1
Downloading: ncbi_dataset.zip    15.4MB 8.34MB/s
[1A[2K[1A[2KCollecting 1 genome record [================================================] 100% 1/1
Downloading: ncbi_dataset.zip    15.4MB 8.34MB/s
[1A[2K[1A[2KCollecting 1 genome record [================================================] 100% 1/1
Downloading: ncbi_dataset.zip    15.4MB 8.05MB/s
[1A[2K[1A[2KCollecting 1 genome record [================================================] 100% 1/1
Downloading: ncbi_dataset.zip    16.1MB 8.35MB/s
[1A[2K[1A[2KCollecting 1 genome record [================================================] 100% 1/1
Downloading: ncbi_dataset.zip    16.7MB 8.63MB/s
[1A[2K[1A[2KCollecting 1 genome record [================================================] 100% 1/1
Downloading: ncbi_dataset.zip    17.2MB 8.86MB/s
[1A[2K[1A[2KCollecting 1 genome record [================================================] 100% 1/1
Downloading: ncbi_dataset.zip    17.9MB 9.13MB/s
[1A[2K[1A[2KCollecting 1 genome record [================================================] 100% 1/1
Downloading: ncbi_dataset.zip    18.1MB 9.21MB/s
[1A[2K[1A[2KCollecting 1 genome record [================================================] 100% 1/1
Downloading: ncbi_dataset.zip    18.1MB 9.21MB/s
[1A[2K[1A[2KCollecting 1 genome record [================================================] 100% 1/1
Downloading: ncbi_dataset.zip    18.1MB 9.21MB/s
[1A[2K[1A[2KCollecting 1 genome record [================================================] 100% 1/1
Downloading: ncbi_dataset.zip    18.1MB 9.21MB/s
[1A[2K[1A[2KCollecting 1 genome record [================================================] 100% 1/1
Downloading: ncbi_dataset.zip    18.4MB 9.17MB/s
[1A[2K[1A[2KCollecting 1 genome record [================================================] 100% 1/1
Downloading: ncbi_dataset.zip    19.1MB 9.48MB/s
[1A[2K[1A[2KCollecting 1 genome record [================================================] 100% 1/1
Downloading: ncbi_dataset.zip    19.4MB 9.57MB/s
[1A[2K[1A[2KCollecting 1 genome record [================================================] 100% 1/1
Downloading: ncbi_dataset.zip    19.4MB 9.57MB/s
[1A[2K[1A[2KCollecting 1 genome record [================================================] 100% 1/1
Downloading: ncbi_dataset.zip    19.4MB 9.57MB/s
[1A[2K[1A[2KCollecting 1 genome record [================================================] 100% 1/1
Downloading: ncbi_dataset.zip    19.4MB 9.57MB/s
[1A[2K[1A[2KCollecting 1 genome record [================================================] 100% 1/1
Downloading: ncbi_dataset.zip    19.4MB 9.57MB/s
[1A[2K[1A[2KCollecting 1 genome record [================================================] 100% 1/1
Downloading: ncbi_dataset.zip    19.4MB 9.57MB/s
[1A[2K[1A[2KCollecting 1 genome record [================================================] 100% 1/1
Downloading: ncbi_dataset.zip    19.4MB 9.57MB/s
[1A[2K[1A[2KCollecting 1 genome record [================================================] 100% 1/1
Downloading: ncbi_dataset.zip    20.1MB 9.56MB/s
[1A[2K[1A[2KCollecting 1 genome record [================================================] 100% 1/1
Downloading: ncbi_dataset.zip    20.7MB 9.8MB/s
[1A[2K[1A[2KCollecting 1 genome record [================================================] 100% 1/1
Downloading: ncbi_dataset.zip    21.2MB 9.99MB/s
[1A[2K[1A[2KCollecting 1 genome record [================================================] 100% 1/1
Downloading: ncbi_dataset.zip    21.6MB 10.1MB/s
[1A[2K[1A[2KCollecting 1 genome record [================================================] 100% 1/1
Downloading: ncbi_dataset.zip    22MB 10.3MB/s
[1A[2K[1A[2KCollecting 1 genome record [================================================] 100% 1/1
Downloading: ncbi_dataset.zip    22MB 10.3MB/s
[1A[2K[1A[2KCollecting 1 genome record [================================================] 100% 1/1
Downloading: ncbi_dataset.zip    22MB 10.3MB/s
[1A[2K[1A[2KCollecting 1 genome record [================================================] 100% 1/1
Downloading: ncbi_dataset.zip    22MB 10.3MB/s
[1A[2K[1A[2KCollecting 1 genome record [================================================] 100% 1/1
Downloading: ncbi_dataset.zip    22.4MB 10.3MB/s
[1A[2K[1A[2KCollecting 1 genome record [================================================] 100% 1/1
Downloading: ncbi_dataset.zip    23MB 10.5MB/s
[1A[2K[1A[2KCollecting 1 genome record [================================================] 100% 1/1
Downloading: ncbi_dataset.zip    23.3MB 10.6MB/s
[1A[2K[1A[2KCollecting 1 genome record [================================================] 100% 1/1
Downloading: ncbi_dataset.zip    23.3MB 10.6MB/s
[1A[2K[1A[2KCollecting 1 genome record [================================================] 100% 1/1
Downloading: ncbi_dataset.zip    23.3MB 10.6MB/s
[1A[2K[1A[2KCollecting 1 genome record [================================================] 100% 1/1
Downloading: ncbi_dataset.zip    23.3MB 10.6MB/s
[1A[2K[1A[2KCollecting 1 genome record [================================================] 100% 1/1
Downloading: ncbi_dataset.zip    23.3MB 10.6MB/s
[1A[2K[1A[2KCollecting 1 genome record [================================================] 100% 1/1
Downloading: ncbi_dataset.zip    23.3MB 10.6MB/s
[1A[2K[1A[2KCollecting 1 genome record [================================================] 100% 1/1
Downloading: ncbi_dataset.zip    23.3MB 10.6MB/s
[1A[2K[1A[2KCollecting 1 genome record [================================================] 100% 1/1
Downloading: ncbi_dataset.zip    23.8MB 10.4MB/s
[1A[2K[1A[2KCollecting 1 genome record [================================================] 100% 1/1
Downloading: ncbi_dataset.zip    24.3MB 10.6MB/s
[1A[2K[1A[2KCollecting 1 genome record [================================================] 100% 1/1
Downloading: ncbi_dataset.zip    24.8MB 10.8MB/s
[1A[2K[1A[2KCollecting 1 genome record [================================================] 100% 1/1
Downloading: ncbi_dataset.zip    25.3MB 11MB/s
[1A[2K[1A[2KCollecting 1 genome record [================================================] 100% 1/1
Downloading: ncbi_dataset.zip    25.9MB 11.2MB/s
[1A[2K[1A[2KCollecting 1 genome record [================================================] 100% 1/1
Downloading: ncbi_dataset.zip    26MB 11.2MB/s
[1A[2K[1A[2KCollecting 1 genome record [================================================] 100% 1/1
Downloading: ncbi_dataset.zip    26MB 11.2MB/s
[1A[2K[1A[2KCollecting 1 genome record [================================================] 100% 1/1
Downloading: ncbi_dataset.zip    26MB 11.2MB/s
[1A[2K[1A[2KCollecting 1 genome record [================================================] 100% 1/1
Downloading: ncbi_dataset.zip    26.2MB 11.1MB/s
[1A[2K[1A[2KCollecting 1 genome record [================================================] 100% 1/1
Downloading: ncbi_dataset.zip    26.9MB 11.4MB/s
[1A[2K[1A[2KCollecting 1 genome record [================================================] 100% 1/1
Downloading: ncbi_dataset.zip    27.3MB 11.5MB/s
[1A[2K[1A[2KCollecting 1 genome record [================================================] 100% 1/1
Downloading: ncbi_dataset.zip    27.3MB 11.5MB/s
[1A[2K[1A[2KCollecting 1 genome record [================================================] 100% 1/1
Downloading: ncbi_dataset.zip    27.3MB 11.5MB/s
[1A[2K[1A[2KCollecting 1 genome record [================================================] 100% 1/1
Downloading: ncbi_dataset.zip    27.3MB 11.5MB/s
[1A[2K[1A[2KCollecting 1 genome record [================================================] 100% 1/1
Downloading: ncbi_dataset.zip    27.3MB 11.5MB/s
[1A[2K[1A[2KCollecting 1 genome record [================================================] 100% 1/1
Downloading: ncbi_dataset.zip    27.3MB 11.5MB/s
[1A[2K[1A[2KCollecting 1 genome record [================================================] 100% 1/1
Downloading: ncbi_dataset.zip    27.3MB 11.5MB/s
[1A[2K[1A[2KCollecting 1 genome record [================================================] 100% 1/1
Downloading: ncbi_dataset.zip    27.9MB 11.4MB/s
[1A[2K[1A[2KCollecting 1 genome record [================================================] 100% 1/1
Downloading: ncbi_dataset.zip    28.7MB 11.7MB/s
[1A[2K[1A[2KCollecting 1 genome record [================================================] 100% 1/1
Downloading: ncbi_dataset.zip    29.5MB 12MB/s
[1A[2K[1A[2KCollecting 1 genome record [================================================] 100% 1/1
Downloading: ncbi_dataset.zip    29.9MB 12.1MB/s
[1A[2K[1A[2KCollecting 1 genome record [================================================] 100% 1/1
Downloading: ncbi_dataset.zip    29.9MB 12.1MB/s
[1A[2K[1A[2KCollecting 1 genome record [================================================] 100% 1/1
Downloading: ncbi_dataset.zip    29.9MB 12.1MB/s
[1A[2K[1A[2KCollecting 1 genome record [================================================] 100% 1/1
Downloading: ncbi_dataset.zip    29.9MB 12.1MB/s
[1A[2K[1A[2KCollecting 1 genome record [================================================] 100% 1/1
Downloading: ncbi_dataset.zip    29.9MB 12.1MB/s
[1A[2K[1A[2KCollecting 1 genome record [================================================] 100% 1/1
Downloading: ncbi_dataset.zip    29.9MB 12.1MB/s
[1A[2K[1A[2KCollecting 1 genome record [================================================] 100% 1/1
Downloading: ncbi_dataset.zip    29.9MB 12.1MB/s
[1A[2K[1A[2KCollecting 1 genome record [================================================] 100% 1/1
Downloading: ncbi_dataset.zip    29.9MB 12.1MB/s
[1A[2K[1A[2KCollecting 1 genome record [================================================] 100% 1/1
Downloading: ncbi_dataset.zip    29.9MB 12.1MB/s
[1A[2K[1A[2KCollecting 1 genome record [================================================] 100% 1/1
Downloading: ncbi_dataset.zip    29.9MB 12.1MB/s
[1A[2K[1A[2KCollecting 1 genome record [================================================] 100% 1/1
Downloading: ncbi_dataset.zip    29.9MB 12.1MB/s
[1A[2K[1A[2KCollecting 1 genome record [================================================] 100% 1/1
Downloading: ncbi_dataset.zip    29.9MB 12.1MB/s
[1A[2K[1A[2KCollecting 1 genome record [================================================] 100% 1/1
Downloading: ncbi_dataset.zip    29.9MB 12.1MB/s
[1A[2K[1A[2KCollecting 1 genome record [================================================] 100% 1/1
Downloading: ncbi_dataset.zip    29.9MB 12.1MB/s
[1A[2K[1A[2KCollecting 1 genome record [================================================] 100% 1/1
Downloading: ncbi_dataset.zip    29.9MB 12.1MB/s
[1A[2K[1A[2KCollecting 1 genome record [================================================] 100% 1/1
Downloading: ncbi_dataset.zip    30.4MB 11.5MB/s
[1A[2K[1A[2KCollecting 1 genome record [================================================] 100% 1/1
Downloading: ncbi_dataset.zip    31MB 11.7MB/s
[1A[2K[1A[2KCollecting 1 genome record [================================================] 100% 1/1
Downloading: ncbi_dataset.zip    31.6MB 11.9MB/s
[1A[2K[1A[2KCollecting 1 genome record [================================================] 100% 1/1
Downloading: ncbi_dataset.zip    32MB 12MB/s
[1A[2K[1A[2KCollecting 1 genome record [================================================] 100% 1/1
Downloading: ncbi_dataset.zip    32.6MB 12.2MB/s
[1A[2K[1A[2KCollecting 1 genome record [================================================] 100% 1/1
Downloading: ncbi_dataset.zip    33MB 12.3MB/s
[1A[2K[1A[2KCollecting 1 genome record [================================================] 100% 1/1
Downloading: ncbi_dataset.zip    33.6MB 12.5MB/s
[1A[2K[1A[2KCollecting 1 genome record [================================================] 100% 1/1
Downloading: ncbi_dataset.zip    33.7MB 12.5MB/s
[1A[2K[1A[2KCollecting 1 genome record [================================================] 100% 1/1
Downloading: ncbi_dataset.zip    33.7MB 12.5MB/s
[1A[2K[1A[2KCollecting 1 genome record [================================================] 100% 1/1
Downloading: ncbi_dataset.zip    33.7MB 12.5MB/s
[1A[2K[1A[2KCollecting 1 genome record [================================================] 100% 1/1
Downloading: ncbi_dataset.zip    33.7MB 12.5MB/s
[1A[2K[1A[2KCollecting 1 genome record [================================================] 100% 1/1
Downloading: ncbi_dataset.zip    33.7MB 12.5MB/s
[1A[2K[1A[2KCollecting 1 genome record [================================================] 100% 1/1
Downloading: ncbi_dataset.zip    33.7MB 12.5MB/s
[1A[2K[1A[2KCollecting 1 genome record [================================================] 100% 1/1
Downloading: ncbi_dataset.zip    33.7MB 12.5MB/s
[1A[2K[1A[2KCollecting 1 genome record [================================================] 100% 1/1
Downloading: ncbi_dataset.zip    33.7MB 12.5MB/s
[1A[2K[1A[2KCollecting 1 genome record [================================================] 100% 1/1
Downloading: ncbi_dataset.zip    33.7MB 12.5MB/s
[1A[2K[1A[2KCollecting 1 genome record [================================================] 100% 1/1
Downloading: ncbi_dataset.zip    33.7MB 12.5MB/s
[1A[2K[1A[2KCollecting 1 genome record [================================================] 100% 1/1
Downloading: ncbi_dataset.zip    33.9MB 12.1MB/s
[1A[2K[1A[2KCollecting 1 genome record [================================================] 100% 1/1
Downloading: ncbi_dataset.zip    33.9MB 12.1MB/s
[1A[2K[1A[2KCollecting 1 genome record [================================================] 100% 1/1
Downloading: ncbi_dataset.zip    33.9MB 12.1MB/s
[1A[2K[1A[2KCollecting 1 genome record [================================================] 100% 1/1
Downloading: ncbi_dataset.zip    33.9MB 12.1MB/s
[1A[2K[1A[2KCollecting 1 genome record [================================================] 100% 1/1
Downloading: ncbi_dataset.zip    33.9MB 12.1MB/s
[1A[2K[1A[2KCollecting 1 genome record [================================================] 100% 1/1
Downloading: ncbi_dataset.zip    33.9MB 12.1MB/s
[1A[2K[1A[2KCollecting 1 genome record [================================================] 100% 1/1
Downloading: ncbi_dataset.zip    33.9MB 12.1MB/s
[1A[2K[1A[2KCollecting 1 genome record [================================================] 100% 1/1
Downloading: ncbi_dataset.zip    33.9MB 12.1MB/s
[1A[2K[1A[2KCollecting 1 genome record [================================================] 100% 1/1
Downloading: ncbi_dataset.zip    33.9MB 12.1MB/s
[1A[2K[1A[2KCollecting 1 genome record [================================================] 100% 1/1
Downloading: ncbi_dataset.zip    33.9MB 12.1MB/s
[1A[2K[1A[2KCollecting 1 genome record [================================================] 100% 1/1
Downloading: ncbi_dataset.zip    33.9MB 12.1MB/s
[1A[2K[1A[2KCollecting 1 genome record [================================================] 100% 1/1
Downloading: ncbi_dataset.zip    33.9MB 12.1MB/s
[1A[2K[1A[2KCollecting 1 genome record [================================================] 100% 1/1
Downloading: ncbi_dataset.zip    33.9MB 12.1MB/s
[1A[2K[1A[2KCollecting 1 genome record [================================================] 100% 1/1
Downloading: ncbi_dataset.zip    33.9MB 12.1MB/s
[1A[2K[1A[2KCollecting 1 genome record [================================================] 100% 1/1
Downloading: ncbi_dataset.zip    33.9MB 12.1MB/s
[1A[2K[1A[2KCollecting 1 genome record [================================================] 100% 1/1
Downloading: ncbi_dataset.zip    33.9MB 12.1MB/s
[1A[2K[1A[2KCollecting 1 genome record [================================================] 100% 1/1
Downloading: ncbi_dataset.zip    33.9MB 12.1MB/s
[1A[2K[1A[2KCollecting 1 genome record [================================================] 100% 1/1
Downloading: ncbi_dataset.zip    34.4MB 11.5MB/s
[1A[2K[1A[2KCollecting 1 genome record [================================================] 100% 1/1
Downloading: ncbi_dataset.zip    34.9MB 11.7MB/s
[1A[2K[1A[2KCollecting 1 genome record [================================================] 100% 1/1
Downloading: ncbi_dataset.zip    35.4MB 11.8MB/s
[1A[2K[1A[2KCollecting 1 genome record [================================================] 100% 1/1
Downloading: ncbi_dataset.zip    35.9MB 11.9MB/s
[1A[2K[1A[2KCollecting 1 genome record [================================================] 100% 1/1
Downloading: ncbi_dataset.zip    36.3MB 12MB/s
[1A[2K[1A[2KCollecting 1 genome record [================================================] 100% 1/1
Downloading: ncbi_dataset.zip    36.8MB 12.1MB/s
[1A[2K[1A[2KCollecting 1 genome record [================================================] 100% 1/1
Downloading: ncbi_dataset.zip    37.2MB 12.2MB/s
[1A[2K[1A[2KCollecting 1 genome record [================================================] 100% 1/1
Downloading: ncbi_dataset.zip    37.9MB 12.4MB/s
[1A[2K[1A[2KCollecting 1 genome record [================================================] 100% 1/1
Downloading: ncbi_dataset.zip    37.9MB 12.4MB/s
[1A[2K[1A[2KCollecting 1 genome record [================================================] 100% 1/1
Downloading: ncbi_dataset.zip    37.9MB 12.4MB/s
[1A[2K[1A[2KCollecting 1 genome record [================================================] 100% 1/1
Downloading: ncbi_dataset.zip    37.9MB 12.4MB/s
[1A[2K[1A[2KCollecting 1 genome record [================================================] 100% 1/1
Downloading: ncbi_dataset.zip    37.9MB 12.4MB/s
[1A[2K[1A[2KCollecting 1 genome record [================================================] 100% 1/1
Downloading: ncbi_dataset.zip    37.9MB 12.4MB/s
[1A[2K[1A[2KCollecting 1 genome record [================================================] 100% 1/1
Downloading: ncbi_dataset.zip    37.9MB 12.4MB/s
[1A[2K[1A[2KCollecting 1 genome record [================================================] 100% 1/1
Downloading: ncbi_dataset.zip    37.9MB 12.4MB/s
[1A[2K[1A[2KCollecting 1 genome record [================================================] 100% 1/1
Downloading: ncbi_dataset.zip    37.9MB 12.4MB/s
[1A[2K[1A[2KCollecting 1 genome record [================================================] 100% 1/1
Downloading: ncbi_dataset.zip    37.9MB 12.4MB/s
[1A[2K[1A[2KCollecting 1 genome record [================================================] 100% 1/1
Downloading: ncbi_dataset.zip    38.4MB 12.1MB/s
[1A[2K[1A[2KCollecting 1 genome record [================================================] 100% 1/1
Downloading: ncbi_dataset.zip    38.9MB 12.3MB/s
[1A[2K[1A[2KCollecting 1 genome record [================================================] 100% 1/1
Downloading: ncbi_dataset.zip    39.5MB 12.4MB/s
[1A[2K[1A[2KCollecting 1 genome record [================================================] 100% 1/1
Downloading: ncbi_dataset.zip    39.9MB 12.5MB/s
[1A[2K[1A[2KCollecting 1 genome record [================================================] 100% 1/1
Downloading: ncbi_dataset.zip    40.4MB 12.6MB/s
[1A[2K[1A[2KCollecting 1 genome record [================================================] 100% 1/1
Downloading: ncbi_dataset.zip    40.9MB 12.7MB/s
[1A[2K[1A[2KCollecting 1 genome record [================================================] 100% 1/1
Downloading: ncbi_dataset.zip    40.9MB 12.8MB/s
[1A[2K[1A[2KCollecting 1 genome record [================================================] 100% 1/1
Downloading: ncbi_dataset.zip    40.9MB 12.8MB/s
[1A[2K[1A[2KCollecting 1 genome record [================================================] 100% 1/1
Downloading: ncbi_dataset.zip    40.9MB 12.8MB/s
[1A[2K[1A[2KCollecting 1 genome record [================================================] 100% 1/1
Downloading: ncbi_dataset.zip    40.9MB 12.8MB/s
[1A[2K[1A[2KCollecting 1 genome record [================================================] 100% 1/1
Downloading: ncbi_dataset.zip    40.9MB 12.8MB/s
[1A[2K[1A[2KCollecting 1 genome record [================================================] 100% 1/1
Downloading: ncbi_dataset.zip    40.9MB 12.8MB/s
[1A[2K[1A[2KCollecting 1 genome record [================================================] 100% 1/1
Downloading: ncbi_dataset.zip    40.9MB 12.8MB/s
[1A[2K[1A[2KCollecting 1 genome record [================================================] 100% 1/1
Downloading: ncbi_dataset.zip    40.9MB 12.8MB/s
[1A[2K[1A[2KCollecting 1 genome record [================================================] 100% 1/1
Downloading: ncbi_dataset.zip    40.9MB 12.8MB/s
[1A[2K[1A[2KCollecting 1 genome record [================================================] 100% 1/1
Downloading: ncbi_dataset.zip    40.9MB 12.8MB/s
[1A[2K[1A[2KCollecting 1 genome record [================================================] 100% 1/1
Downloading: ncbi_dataset.zip    40.9MB 12.8MB/s
[1A[2K[1A[2KCollecting 1 genome record [================================================] 100% 1/1
Downloading: ncbi_dataset.zip    41.4MB 12.4MB/s
[1A[2K[1A[2KCollecting 1 genome record [================================================] 100% 1/1
Downloading: ncbi_dataset.zip    42MB 12.6MB/s
[1A[2K[1A[2KCollecting 1 genome record [================================================] 100% 1/1
Downloading: ncbi_dataset.zip    42.5MB 12.7MB/s
[1A[2K[1A[2KCollecting 1 genome record [================================================] 100% 1/1
Downloading: ncbi_dataset.zip    43.1MB 12.8MB/s
[1A[2K[1A[2KCollecting 1 genome record [================================================] 100% 1/1
Downloading: ncbi_dataset.zip    43.6MB 12.9MB/s
[1A[2K[1A[2KCollecting 1 genome record [================================================] 100% 1/1
Downloading: ncbi_dataset.zip    44.2MB 13.1MB/s
[1A[2K[1A[2KCollecting 1 genome record [================================================] 100% 1/1
Downloading: ncbi_dataset.zip    44.6MB 13.1MB/s
[1A[2K[1A[2KCollecting 1 genome record [================================================] 100% 1/1
Downloading: ncbi_dataset.zip    44.7MB 13.2MB/s
[1A[2K[1A[2KCollecting 1 genome record [================================================] 100% 1/1
Downloading: ncbi_dataset.zip    44.7MB 13.2MB/s
[1A[2K[1A[2KCollecting 1 genome record [================================================] 100% 1/1
Downloading: ncbi_dataset.zip    44.7MB 13.2MB/s
[1A[2K[1A[2KCollecting 1 genome record [================================================] 100% 1/1
Downloading: ncbi_dataset.zip    44.7MB 13.2MB/s
[1A[2K[1A[2KCollecting 1 genome record [================================================] 100% 1/1
Downloading: ncbi_dataset.zip    44.7MB 13.2MB/s
[1A[2K[1A[2KCollecting 1 genome record [================================================] 100% 1/1
Downloading: ncbi_dataset.zip    44.7MB 13.2MB/s
[1A[2K[1A[2KCollecting 1 genome record [================================================] 100% 1/1
Downloading: ncbi_dataset.zip    44.7MB 13.2MB/s
[1A[2K[1A[2KCollecting 1 genome record [================================================] 100% 1/1
Downloading: ncbi_dataset.zip    44.7MB 13.2MB/s
[1A[2K[1A[2KCollecting 1 genome record [================================================] 100% 1/1
Downloading: ncbi_dataset.zip    44.7MB 13.2MB/s
[1A[2K[1A[2KCollecting 1 genome record [================================================] 100% 1/1
Downloading: ncbi_dataset.zip    44.7MB 13.2MB/s
[1A[2K[1A[2KCollecting 1 genome record [================================================] 100% 1/1
Downloading: ncbi_dataset.zip    44.7MB 13.2MB/s
[1A[2K[1A[2KCollecting 1 genome record [================================================] 100% 1/1
Downloading: ncbi_dataset.zip    44.8MB 12.7MB/s
[1A[2K[1A[2KCollecting 1 genome record [================================================] 100% 1/1
Downloading: ncbi_dataset.zip    44.9MB 12.7MB/s
[1A[2K[1A[2KCollecting 1 genome record [================================================] 100% 1/1
Downloading: ncbi_dataset.zip    45.4MB 12.8MB/s
[1A[2K[1A[2KCollecting 1 genome record [================================================] 100% 1/1
Downloading: ncbi_dataset.zip    46MB 13MB/s
[1A[2K[1A[2KCollecting 1 genome record [================================================] 100% 1/1
Downloading: ncbi_dataset.zip    46.5MB 13.1MB/s
[1A[2K[1A[2KCollecting 1 genome record [================================================] 100% 1/1
Downloading: ncbi_dataset.zip    46.9MB 13.1MB/s
[1A[2K[1A[2KCollecting 1 genome record [================================================] 100% 1/1
Downloading: ncbi_dataset.zip    47.3MB 13.2MB/s
[1A[2K[1A[2KCollecting 1 genome record [================================================] 100% 1/1
Downloading: ncbi_dataset.zip    47.7MB 13.3MB/s
[1A[2K[1A[2KCollecting 1 genome record [================================================] 100% 1/1
Downloading: ncbi_dataset.zip    47.8MB 13.3MB/s
[1A[2K[1A[2KCollecting 1 genome record [================================================] 100% 1/1
Downloading: ncbi_dataset.zip    47.8MB 13.3MB/s
[1A[2K[1A[2KCollecting 1 genome record [================================================] 100% 1/1
Downloading: ncbi_dataset.zip    47.8MB 13.3MB/s
[1A[2K[1A[2KCollecting 1 genome record [================================================] 100% 1/1
Downloading: ncbi_dataset.zip    47.8MB 13.3MB/s
[1A[2K[1A[2KCollecting 1 genome record [================================================] 100% 1/1
Downloading: ncbi_dataset.zip    47.8MB 13.3MB/s
[1A[2K[1A[2KCollecting 1 genome record [================================================] 100% 1/1
Downloading: ncbi_dataset.zip    47.8MB 13.3MB/s
[1A[2K[1A[2KCollecting 1 genome record [================================================] 100% 1/1
Downloading: ncbi_dataset.zip    47.8MB 13.3MB/s
[1A[2K[1A[2KCollecting 1 genome record [================================================] 100% 1/1
Downloading: ncbi_dataset.zip    47.8MB 13.3MB/s
[1A[2K[1A[2KCollecting 1 genome record [================================================] 100% 1/1
Downloading: ncbi_dataset.zip    48.3MB 13.1MB/s
[1A[2K[1A[2KCollecting 1 genome record [================================================] 100% 1/1
Downloading: ncbi_dataset.zip    48.8MB 13.2MB/s
[1A[2K[1A[2KCollecting 1 genome record [================================================] 100% 1/1
Downloading: ncbi_dataset.zip    49.2MB 13.3MB/s
[1A[2K[1A[2KCollecting 1 genome record [================================================] 100% 1/1
Downloading: ncbi_dataset.zip    49.5MB 13.4MB/s
[1A[2K[1A[2KCollecting 1 genome record [================================================] 100% 1/1
Downloading: ncbi_dataset.zip    50MB 13.4MB/s
[1A[2K[1A[2KCollecting 1 genome record [================================================] 100% 1/1
Downloading: ncbi_dataset.zip    50.5MB 13.5MB/s
[1A[2K[1A[2KCollecting 1 genome record [================================================] 100% 1/1
Downloading: ncbi_dataset.zip    51MB 13.6MB/s
[1A[2K[1A[2KCollecting 1 genome record [================================================] 100% 1/1
Downloading: ncbi_dataset.zip    51.2MB 13.7MB/s
[1A[2K[1A[2KCollecting 1 genome record [================================================] 100% 1/1
Downloading: ncbi_dataset.zip    51.2MB 13.7MB/s
[1A[2K[1A[2KCollecting 1 genome record [================================================] 100% 1/1
Downloading: ncbi_dataset.zip    51.2MB 13.7MB/s
[1A[2K[1A[2KCollecting 1 genome record [================================================] 100% 1/1
Downloading: ncbi_dataset.zip    51.2MB 13.7MB/s
[1A[2K[1A[2KCollecting 1 genome record [================================================] 100% 1/1
Downloading: ncbi_dataset.zip    51.2MB 13.7MB/s
[1A[2K[1A[2KCollecting 1 genome record [================================================] 100% 1/1
Downloading: ncbi_dataset.zip    51.2MB 13.7MB/s
[1A[2K[1A[2KCollecting 1 genome record [================================================] 100% 1/1
Downloading: ncbi_dataset.zip    51.2MB 13.7MB/s
[1A[2K[1A[2KCollecting 1 genome record [================================================] 100% 1/1
Downloading: ncbi_dataset.zip    51.2MB 13.7MB/s
[1A[2K[1A[2KCollecting 1 genome record [================================================] 100% 1/1
Downloading: ncbi_dataset.zip    51.2MB 13.7MB/s
[1A[2K[1A[2KCollecting 1 genome record [================================================] 100% 1/1
Downloading: ncbi_dataset.zip    51.2MB 13.7MB/s
[1A[2K[1A[2KCollecting 1 genome record [================================================] 100% 1/1
Downloading: ncbi_dataset.zip    51.7MB 13.4MB/s
[1A[2K[1A[2KCollecting 1 genome record [================================================] 100% 1/1
Downloading: ncbi_dataset.zip    52.3MB 13.5MB/s
[1A[2K[1A[2KCollecting 1 genome record [================================================] 100% 1/1
Downloading: ncbi_dataset.zip    52.8MB 13.6MB/s
[1A[2K[1A[2KCollecting 1 genome record [================================================] 100% 1/1
Downloading: ncbi_dataset.zip    53.4MB 13.7MB/s
[1A[2K[1A[2KCollecting 1 genome record [================================================] 100% 1/1
Downloading: ncbi_dataset.zip    53.7MB 13.8MB/s
[1A[2K[1A[2KCollecting 1 genome record [================================================] 100% 1/1
Downloading: ncbi_dataset.zip    54.2MB 13.9MB/s
[1A[2K[1A[2KCollecting 1 genome record [================================================] 100% 1/1
Downloading: ncbi_dataset.zip    54.5MB 13.9MB/s
[1A[2K[1A[2KCollecting 1 genome record [================================================] 100% 1/1
Downloading: ncbi_dataset.zip    55MB 14MB/s
[1A[2K[1A[2KCollecting 1 genome record [================================================] 100% 1/1
Downloading: ncbi_dataset.zip    55.2MB 14MB/s
[1A[2K[1A[2KCollecting 1 genome record [================================================] 100% 1/1
Downloading: ncbi_dataset.zip    55.2MB 14MB/s
[1A[2K[1A[2KCollecting 1 genome record [================================================] 100% 1/1
Downloading: ncbi_dataset.zip    55.2MB 14MB/s
[1A[2K[1A[2KCollecting 1 genome record [================================================] 100% 1/1
Downloading: ncbi_dataset.zip    55.2MB 14MB/s
[1A[2K[1A[2KCollecting 1 genome record [================================================] 100% 1/1
Downloading: ncbi_dataset.zip    55.2MB 14MB/s
[1A[2K[1A[2KCollecting 1 genome record [================================================] 100% 1/1
Downloading: ncbi_dataset.zip    55.2MB 14MB/s
[1A[2K[1A[2KCollecting 1 genome record [================================================] 100% 1/1
Downloading: ncbi_dataset.zip    55.2MB 14MB/s
[1A[2K[1A[2KCollecting 1 genome record [================================================] 100% 1/1
Downloading: ncbi_dataset.zip    55.2MB 14MB/s
[1A[2K[1A[2KCollecting 1 genome record [================================================] 100% 1/1
Downloading: ncbi_dataset.zip    55.2MB 14MB/s
[1A[2K[1A[2KCollecting 1 genome record [================================================] 100% 1/1
Downloading: ncbi_dataset.zip    55.8MB 13.8MB/s
[1A[2K[1A[2KCollecting 1 genome record [================================================] 100% 1/1
Downloading: ncbi_dataset.zip    56.4MB 14MB/s
[1A[2K[1A[2KCollecting 1 genome record [================================================] 100% 1/1
Downloading: ncbi_dataset.zip    56.6MB 14MB/s
[1A[2K[1A[2KCollecting 1 genome record [================================================] 100% 1/1
Downloading: ncbi_dataset.zip    57.5MB 14.2MB/s
[1A[2K[1A[2KCollecting 1 genome record [================================================] 100% 1/1
Downloading: ncbi_dataset.zip    58.1MB 14.3MB/s
[1A[2K[1A[2KCollecting 1 genome record [================================================] 100% 1/1
Downloading: ncbi_dataset.zip    58.9MB 14.4MB/s
[1A[2K[1A[2KCollecting 1 genome record [================================================] 100% 1/1
Downloading: ncbi_dataset.zip    59.1MB 14.5MB/s
[1A[2K[1A[2KCollecting 1 genome record [================================================] 100% 1/1
Downloading: ncbi_dataset.zip    59.1MB 14.5MB/s
[1A[2K[1A[2KCollecting 1 genome record [================================================] 100% 1/1
Downloading: ncbi_dataset.zip    59.1MB 14.5MB/s
[1A[2K[1A[2KCollecting 1 genome record [================================================] 100% 1/1
Downloading: ncbi_dataset.zip    59.1MB 14.5MB/s
[1A[2K[1A[2KCollecting 1 genome record [================================================] 100% 1/1
Downloading: ncbi_dataset.zip    59.1MB 14.5MB/s
[1A[2K[1A[2KCollecting 1 genome record [================================================] 100% 1/1
Downloading: ncbi_dataset.zip    59.1MB 14.5MB/s
[1A[2K[1A[2KCollecting 1 genome record [================================================] 100% 1/1
Downloading: ncbi_dataset.zip    59.1MB 14.5MB/s
[1A[2K[1A[2KCollecting 1 genome record [================================================] 100% 1/1
Downloading: ncbi_dataset.zip    59.1MB 14.5MB/s
[1A[2K[1A[2KCollecting 1 genome record [================================================] 100% 1/1
Downloading: ncbi_dataset.zip    59.1MB 14.5MB/s
[1A[2K[1A[2KCollecting 1 genome record [================================================] 100% 1/1
Downloading: ncbi_dataset.zip    59.1MB 14.5MB/s
[1A[2K[1A[2KCollecting 1 genome record [================================================] 100% 1/1
Downloading: ncbi_dataset.zip    59.1MB 14.5MB/s
[1A[2K[1A[2KCollecting 1 genome record [================================================] 100% 1/1
Downloading: ncbi_dataset.zip    59.5MB 14.2MB/s
[1A[2K[1A[2KCollecting 1 genome record [================================================] 100% 1/1
Downloading: ncbi_dataset.zip    60.1MB 14.3MB/s
[1A[2K[1A[2KCollecting 1 genome record [================================================] 100% 1/1
Downloading: ncbi_dataset.zip    60.6MB 14.3MB/s
[1A[2K[1A[2KCollecting 1 genome record [================================================] 100% 1/1
Downloading: ncbi_dataset.zip    61MB 14.4MB/s
[1A[2K[1A[2KCollecting 1 genome record [================================================] 100% 1/1
Downloading: ncbi_dataset.zip    61.4MB 14.5MB/s
[1A[2K[1A[2KCollecting 1 genome record [================================================] 100% 1/1
Downloading: ncbi_dataset.zip    61.9MB 14.5MB/s
[1A[2K[1A[2KCollecting 1 genome record [================================================] 100% 1/1
Downloading: ncbi_dataset.zip    62.4MB 14.6MB/s
[1A[2K[1A[2KCollecting 1 genome record [================================================] 100% 1/1
Downloading: ncbi_dataset.zip    62.8MB 14.7MB/s
[1A[2K[1A[2KCollecting 1 genome record [================================================] 100% 1/1
Downloading: ncbi_dataset.zip    63.1MB 14.7MB/s
[1A[2K[1A[2KCollecting 1 genome record [================================================] 100% 1/1
Downloading: ncbi_dataset.zip    63.1MB 14.7MB/s
[1A[2K[1A[2KCollecting 1 genome record [================================================] 100% 1/1
Downloading: ncbi_dataset.zip    63.1MB 14.7MB/s
[1A[2K[1A[2KCollecting 1 genome record [================================================] 100% 1/1
Downloading: ncbi_dataset.zip    63.1MB 14.7MB/s
[1A[2K[1A[2KCollecting 1 genome record [================================================] 100% 1/1
Downloading: ncbi_dataset.zip    63.1MB 14.7MB/s
[1A[2K[1A[2KCollecting 1 genome record [================================================] 100% 1/1
Downloading: ncbi_dataset.zip    63.1MB 14.7MB/s
[1A[2K[1A[2KCollecting 1 genome record [================================================] 100% 1/1
Downloading: ncbi_dataset.zip    63.1MB 14.7MB/s
[1A[2K[1A[2KCollecting 1 genome record [================================================] 100% 1/1
Downloading: ncbi_dataset.zip    63.1MB 14.7MB/s
[1A[2K[1A[2KCollecting 1 genome record [================================================] 100% 1/1
Downloading: ncbi_dataset.zip    63.1MB 14.7MB/s
[1A[2K[1A[2KCollecting 1 genome record [================================================] 100% 1/1
Downloading: ncbi_dataset.zip    63.5MB 14.5MB/s
[1A[2K[1A[2KCollecting 1 genome record [================================================] 100% 1/1
Downloading: ncbi_dataset.zip    64MB 14.6MB/s
[1A[2K[1A[2KCollecting 1 genome record [================================================] 100% 1/1
Downloading: ncbi_dataset.zip    64.4MB 14.6MB/s
[1A[2K[1A[2KCollecting 1 genome record [================================================] 100% 1/1
Downloading: ncbi_dataset.zip    64.8MB 14.7MB/s
[1A[2K[1A[2KCollecting 1 genome record [================================================] 100% 1/1
Downloading: ncbi_dataset.zip    65.1MB 14.7MB/s
[1A[2K[1A[2KCollecting 1 genome record [================================================] 100% 1/1
Downloading: ncbi_dataset.zip    65.6MB 14.8MB/s
[1A[2K[1A[2KCollecting 1 genome record [================================================] 100% 1/1
Downloading: ncbi_dataset.zip    66MB 14.9MB/s
[1A[2K[1A[2KCollecting 1 genome record [================================================] 100% 1/1
Downloading: ncbi_dataset.zip    66.4MB 14.9MB/s
[1A[2K[1A[2KCollecting 1 genome record [================================================] 100% 1/1
Downloading: ncbi_dataset.zip    66.8MB 15MB/s
[1A[2K[1A[2KCollecting 1 genome record [================================================] 100% 1/1
Downloading: ncbi_dataset.zip    67MB 15MB/s
[1A[2K[1A[2KCollecting 1 genome record [================================================] 100% 1/1
Downloading: ncbi_dataset.zip    67MB 15MB/s
[1A[2K[1A[2KCollecting 1 genome record [================================================] 100% 1/1
Downloading: ncbi_dataset.zip    67MB 15MB/s
[1A[2K[1A[2KCollecting 1 genome record [================================================] 100% 1/1
Downloading: ncbi_dataset.zip    67MB 15MB/s
[1A[2K[1A[2KCollecting 1 genome record [================================================] 100% 1/1
Downloading: ncbi_dataset.zip    67MB 15MB/s
[1A[2K[1A[2KCollecting 1 genome record [================================================] 100% 1/1
Downloading: ncbi_dataset.zip    67MB 15MB/s
[1A[2K[1A[2KCollecting 1 genome record [================================================] 100% 1/1
Downloading: ncbi_dataset.zip    67MB 15MB/s
[1A[2K[1A[2KCollecting 1 genome record [================================================] 100% 1/1
Downloading: ncbi_dataset.zip    67MB 15MB/s
[1A[2K[1A[2KCollecting 1 genome record [================================================] 100% 1/1
Downloading: ncbi_dataset.zip    67.6MB 14.8MB/s
[1A[2K[1A[2KCollecting 1 genome record [================================================] 100% 1/1
Downloading: ncbi_dataset.zip    68.3MB 15MB/s
[1A[2K[1A[2KCollecting 1 genome record [================================================] 100% 1/1
Downloading: ncbi_dataset.zip    68.9MB 15.1MB/s
[1A[2K[1A[2KCollecting 1 genome record [================================================] 100% 1/1
Downloading: ncbi_dataset.zip    69.4MB 15.2MB/s
[1A[2K[1A[2KCollecting 1 genome record [================================================] 100% 1/1
Downloading: ncbi_dataset.zip    70MB 15.2MB/s
[1A[2K[1A[2KCollecting 1 genome record [================================================] 100% 1/1
Downloading: ncbi_dataset.zip    70.7MB 15.4MB/s
[1A[2K[1A[2KCollecting 1 genome record [================================================] 100% 1/1
Downloading: ncbi_dataset.zip    70.9MB 15.4MB/s
[1A[2K[1A[2KCollecting 1 genome record [================================================] 100% 1/1
Downloading: ncbi_dataset.zip    70.9MB 15.4MB/s
[1A[2K[1A[2KCollecting 1 genome record [================================================] 100% 1/1
Downloading: ncbi_dataset.zip    70.9MB 15.4MB/s
[1A[2K[1A[2KCollecting 1 genome record [================================================] 100% 1/1
Downloading: ncbi_dataset.zip    70.9MB 15.4MB/s
[1A[2K[1A[2KCollecting 1 genome record [================================================] 100% 1/1
Downloading: ncbi_dataset.zip    70.9MB 15.4MB/s
[1A[2K[1A[2KCollecting 1 genome record [================================================] 100% 1/1
Downloading: ncbi_dataset.zip    70.9MB 15.4MB/s
[1A[2K[1A[2KCollecting 1 genome record [================================================] 100% 1/1
Downloading: ncbi_dataset.zip    70.9MB 15.4MB/s
[1A[2K[1A[2KCollecting 1 genome record [================================================] 100% 1/1
Downloading: ncbi_dataset.zip    70.9MB 15.4MB/s
[1A[2K[1A[2KCollecting 1 genome record [================================================] 100% 1/1
Downloading: ncbi_dataset.zip    70.9MB 15.4MB/s
[1A[2K[1A[2KCollecting 1 genome record [================================================] 100% 1/1
Downloading: ncbi_dataset.zip    70.9MB 15.4MB/s
[1A[2K[1A[2KCollecting 1 genome record [================================================] 100% 1/1
Downloading: ncbi_dataset.zip    70.9MB 15.4MB/s
[1A[2K[1A[2KCollecting 1 genome record [================================================] 100% 1/1
Downloading: ncbi_dataset.zip    71.5MB 15.1MB/s
[1A[2K[1A[2KCollecting 1 genome record [================================================] 100% 1/1
Downloading: ncbi_dataset.zip    72.2MB 15.2MB/s
[1A[2K[1A[2KCollecting 1 genome record [================================================] 100% 1/1
Downloading: ncbi_dataset.zip    72.9MB 15.4MB/s
[1A[2K[1A[2KCollecting 1 genome record [================================================] 100% 1/1
Downloading: ncbi_dataset.zip    73.4MB 15.4MB/s
[1A[2K[1A[2KCollecting 1 genome record [================================================] 100% 1/1
Downloading: ncbi_dataset.zip    74.1MB 15.5MB/s
[1A[2K[1A[2KCollecting 1 genome record [================================================] 100% 1/1
Downloading: ncbi_dataset.zip    74.7MB 15.6MB/s
[1A[2K[1A[2KCollecting 1 genome record [================================================] 100% 1/1
Downloading: ncbi_dataset.zip    74.7MB 15.6MB/s
[1A[2K[1A[2KCollecting 1 genome record [================================================] 100% 1/1
Downloading: ncbi_dataset.zip    74.7MB 15.6MB/s
[1A[2K[1A[2KCollecting 1 genome record [================================================] 100% 1/1
Downloading: ncbi_dataset.zip    74.7MB 15.6MB/s
[1A[2K[1A[2KCollecting 1 genome record [================================================] 100% 1/1
Downloading: ncbi_dataset.zip    74.7MB 15.6MB/s
[1A[2K[1A[2KCollecting 1 genome record [================================================] 100% 1/1
Downloading: ncbi_dataset.zip    74.7MB 15.6MB/s
[1A[2K[1A[2KCollecting 1 genome record [================================================] 100% 1/1
Downloading: ncbi_dataset.zip    74.7MB 15.6MB/s
[1A[2K[1A[2KCollecting 1 genome record [================================================] 100% 1/1
Downloading: ncbi_dataset.zip    74.7MB 15.6MB/s
[1A[2K[1A[2KCollecting 1 genome record [================================================] 100% 1/1
Downloading: ncbi_dataset.zip    74.7MB 15.6MB/s
[1A[2K[1A[2KCollecting 1 genome record [================================================] 100% 1/1
Downloading: ncbi_dataset.zip    74.7MB 15.6MB/s
[1A[2K[1A[2KCollecting 1 genome record [================================================] 100% 1/1
Downloading: ncbi_dataset.zip    74.7MB 15.6MB/s
[1A[2K[1A[2KCollecting 1 genome record [================================================] 100% 1/1
Downloading: ncbi_dataset.zip    74.7MB 15.6MB/s
[1A[2K[1A[2KCollecting 1 genome record [================================================] 100% 1/1
Downloading: ncbi_dataset.zip    75.3MB 15.4MB/s
[1A[2K[1A[2KCollecting 1 genome record [================================================] 100% 1/1
Downloading: ncbi_dataset.zip    76MB 15.5MB/s
[1A[2K[1A[2KCollecting 1 genome record [================================================] 100% 1/1
Downloading: ncbi_dataset.zip    76.6MB 15.6MB/s
[1A[2K[1A[2KCollecting 1 genome record [================================================] 100% 1/1
Downloading: ncbi_dataset.zip    77.2MB 15.7MB/s
[1A[2K[1A[2KCollecting 1 genome record [================================================] 100% 1/1
Downloading: ncbi_dataset.zip    77.8MB 15.7MB/s
[1A[2K[1A[2KCollecting 1 genome record [================================================] 100% 1/1
Downloading: ncbi_dataset.zip    78.6MB 15.9MB/s
[1A[2K[1A[2KCollecting 1 genome record [================================================] 100% 1/1
Downloading: ncbi_dataset.zip    78.7MB 15.9MB/s
[1A[2K[1A[2KCollecting 1 genome record [================================================] 100% 1/1
Downloading: ncbi_dataset.zip    78.7MB 15.9MB/s
[1A[2K[1A[2KCollecting 1 genome record [================================================] 100% 1/1
Downloading: ncbi_dataset.zip    78.7MB 15.9MB/s
[1A[2K[1A[2KCollecting 1 genome record [================================================] 100% 1/1
Downloading: ncbi_dataset.zip    78.7MB 15.9MB/s
[1A[2K[1A[2KCollecting 1 genome record [================================================] 100% 1/1
Downloading: ncbi_dataset.zip    78.7MB 15.9MB/s
[1A[2K[1A[2KCollecting 1 genome record [================================================] 100% 1/1
Downloading: ncbi_dataset.zip    78.7MB 15.9MB/s
[1A[2K[1A[2KCollecting 1 genome record [================================================] 100% 1/1
Downloading: ncbi_dataset.zip    78.7MB 15.9MB/s
[1A[2K[1A[2KCollecting 1 genome record [================================================] 100% 1/1
Downloading: ncbi_dataset.zip    78.7MB 15.9MB/s
[1A[2K[1A[2KCollecting 1 genome record [================================================] 100% 1/1
Downloading: ncbi_dataset.zip    78.7MB 15.9MB/s
[1A[2K[1A[2KCollecting 1 genome record [================================================] 100% 1/1
Downloading: ncbi_dataset.zip    78.7MB 15.9MB/s
[1A[2K[1A[2KCollecting 1 genome record [================================================] 100% 1/1
Downloading: ncbi_dataset.zip    78.7MB 15.9MB/s
[1A[2K[1A[2KCollecting 1 genome record [================================================] 100% 1/1
Downloading: ncbi_dataset.zip    79.3MB 15.6MB/s
[1A[2K[1A[2KCollecting 1 genome record [================================================] 100% 1/1
Downloading: ncbi_dataset.zip    80MB 15.7MB/s
[1A[2K[1A[2KCollecting 1 genome record [================================================] 100% 1/1
Downloading: ncbi_dataset.zip    80.6MB 15.8MB/s
[1A[2K[1A[2KCollecting 1 genome record [================================================] 100% 1/1
Downloading: ncbi_dataset.zip    81.3MB 15.9MB/s
[1A[2K[1A[2KCollecting 1 genome record [================================================] 100% 1/1
Downloading: ncbi_dataset.zip    82MB 16MB/s
[1A[2K[1A[2KCollecting 1 genome record [================================================] 100% 1/1
Downloading: ncbi_dataset.zip    82.6MB 16.1MB/s
[1A[2K[1A[2KCollecting 1 genome record [================================================] 100% 1/1
Downloading: ncbi_dataset.zip    82.6MB 16.1MB/s
[1A[2K[1A[2KCollecting 1 genome record [================================================] 100% 1/1
Downloading: ncbi_dataset.zip    82.6MB 16.1MB/s
[1A[2K[1A[2KCollecting 1 genome record [================================================] 100% 1/1
Downloading: ncbi_dataset.zip    82.6MB 16.1MB/s
[1A[2K[1A[2KCollecting 1 genome record [================================================] 100% 1/1
Downloading: ncbi_dataset.zip    82.6MB 16.1MB/s
[1A[2K[1A[2KCollecting 1 genome record [================================================] 100% 1/1
Downloading: ncbi_dataset.zip    82.6MB 16.1MB/s
[1A[2K[1A[2KCollecting 1 genome record [================================================] 100% 1/1
Downloading: ncbi_dataset.zip    82.6MB 16.1MB/s
[1A[2K[1A[2KCollecting 1 genome record [================================================] 100% 1/1
Downloading: ncbi_dataset.zip    82.6MB 16.1MB/s
[1A[2K[1A[2KCollecting 1 genome record [================================================] 100% 1/1
Downloading: ncbi_dataset.zip    82.6MB 16.1MB/s
[1A[2K[1A[2KCollecting 1 genome record [================================================] 100% 1/1
Downloading: ncbi_dataset.zip    82.6MB 16.1MB/s
[1A[2K[1A[2KCollecting 1 genome record [================================================] 100% 1/1
Downloading: ncbi_dataset.zip    82.6MB 16.1MB/s
[1A[2K[1A[2KCollecting 1 genome record [================================================] 100% 1/1
Downloading: ncbi_dataset.zip    82.6MB 16.1MB/s
[1A[2K[1A[2KCollecting 1 genome record [================================================] 100% 1/1
Downloading: ncbi_dataset.zip    83.3MB 15.9MB/s
[1A[2K[1A[2KCollecting 1 genome record [================================================] 100% 1/1
Downloading: ncbi_dataset.zip    84MB 16MB/s
[1A[2K[1A[2KCollecting 1 genome record [================================================] 100% 1/1
Downloading: ncbi_dataset.zip    84.8MB 16.1MB/s
[1A[2K[1A[2KCollecting 1 genome record [================================================] 100% 1/1
Downloading: ncbi_dataset.zip    85.3MB 16.1MB/s
[1A[2K[1A[2KCollecting 1 genome record [================================================] 100% 1/1
Downloading: ncbi_dataset.zip    86MB 16.2MB/s
[1A[2K[1A[2KCollecting 1 genome record [================================================] 100% 1/1
Downloading: ncbi_dataset.zip    86.4MB 16.3MB/s
[1A[2K[1A[2KCollecting 1 genome record [================================================] 100% 1/1
Downloading: ncbi_dataset.zip    86.4MB 16.3MB/s
[1A[2K[1A[2KCollecting 1 genome record [================================================] 100% 1/1
Downloading: ncbi_dataset.zip    86.4MB 16.3MB/s
[1A[2K[1A[2KCollecting 1 genome record [================================================] 100% 1/1
Downloading: ncbi_dataset.zip    86.4MB 16.3MB/s
[1A[2K[1A[2KCollecting 1 genome record [================================================] 100% 1/1
Downloading: ncbi_dataset.zip    86.4MB 16.3MB/s
[1A[2K[1A[2KCollecting 1 genome record [================================================] 100% 1/1
Downloading: ncbi_dataset.zip    86.4MB 16.3MB/s
[1A[2K[1A[2KCollecting 1 genome record [================================================] 100% 1/1
Downloading: ncbi_dataset.zip    86.4MB 16.3MB/s
[1A[2K[1A[2KCollecting 1 genome record [================================================] 100% 1/1
Downloading: ncbi_dataset.zip    86.4MB 16.3MB/s
[1A[2K[1A[2KCollecting 1 genome record [================================================] 100% 1/1
Downloading: ncbi_dataset.zip    86.4MB 16.3MB/s
[1A[2K[1A[2KCollecting 1 genome record [================================================] 100% 1/1
Downloading: ncbi_dataset.zip    86.4MB 16.3MB/s
[1A[2K[1A[2KCollecting 1 genome record [================================================] 100% 1/1
Downloading: ncbi_dataset.zip    86.4MB 16.3MB/s
[1A[2K[1A[2KCollecting 1 genome record [================================================] 100% 1/1
Downloading: ncbi_dataset.zip    86.4MB 16.3MB/s
[1A[2K[1A[2KCollecting 1 genome record [================================================] 100% 1/1
Downloading: ncbi_dataset.zip    87MB 16MB/s
[1A[2K[1A[2KCollecting 1 genome record [================================================] 100% 1/1
Downloading: ncbi_dataset.zip    87.6MB 16.1MB/s
[1A[2K[1A[2KCollecting 1 genome record [================================================] 100% 1/1
Downloading: ncbi_dataset.zip    88.3MB 16.2MB/s
[1A[2K[1A[2KCollecting 1 genome record [================================================] 100% 1/1
Downloading: ncbi_dataset.zip    88.9MB 16.3MB/s
[1A[2K[1A[2KCollecting 1 genome record [================================================] 100% 1/1
Downloading: ncbi_dataset.zip    89.5MB 16.4MB/s
[1A[2K[1A[2KCollecting 1 genome record [================================================] 100% 1/1
Downloading: ncbi_dataset.zip    90MB 16.4MB/s
[1A[2K[1A[2KCollecting 1 genome record [================================================] 100% 1/1
Downloading: ncbi_dataset.zip    90.4MB 16.5MB/s
[1A[2K[1A[2KCollecting 1 genome record [================================================] 100% 1/1
Downloading: ncbi_dataset.zip    90.4MB 16.5MB/s
[1A[2K[1A[2KCollecting 1 genome record [================================================] 100% 1/1
Downloading: ncbi_dataset.zip    90.4MB 16.5MB/s
[1A[2K[1A[2KCollecting 1 genome record [================================================] 100% 1/1
Downloading: ncbi_dataset.zip    90.4MB 16.5MB/s
[1A[2K[1A[2KCollecting 1 genome record [================================================] 100% 1/1
Downloading: ncbi_dataset.zip    90.4MB 16.5MB/s
[1A[2K[1A[2KCollecting 1 genome record [================================================] 100% 1/1
Downloading: ncbi_dataset.zip    90.4MB 16.5MB/s
[1A[2K[1A[2KCollecting 1 genome record [================================================] 100% 1/1
Downloading: ncbi_dataset.zip    90.4MB 16.5MB/s
[1A[2K[1A[2KCollecting 1 genome record [================================================] 100% 1/1
Downloading: ncbi_dataset.zip    90.4MB 16.5MB/s
[1A[2K[1A[2KCollecting 1 genome record [================================================] 100% 1/1
Downloading: ncbi_dataset.zip    90.4MB 16.5MB/s
[1A[2K[1A[2KCollecting 1 genome record [================================================] 100% 1/1
Downloading: ncbi_dataset.zip    90.4MB 16.5MB/s
[1A[2K[1A[2KCollecting 1 genome record [================================================] 100% 1/1
Downloading: ncbi_dataset.zip    90.4MB 16.5MB/s
[1A[2K[1A[2KCollecting 1 genome record [================================================] 100% 1/1
Downloading: ncbi_dataset.zip    90.9MB 16.2MB/s
[1A[2K[1A[2KCollecting 1 genome record [================================================] 100% 1/1
Downloading: ncbi_dataset.zip    91MB 16.2MB/s
[1A[2K[1A[2KCollecting 1 genome record [================================================] 100% 1/1
Downloading: ncbi_dataset.zip    91.9MB 16.4MB/s
[1A[2K[1A[2KCollecting 1 genome record [================================================] 100% 1/1
Downloading: ncbi_dataset.zip    92.5MB 16.4MB/s
[1A[2K[1A[2KCollecting 1 genome record [================================================] 100% 1/1
Downloading: ncbi_dataset.zip    92.8MB 16.5MB/s
[1A[2K[1A[2KCollecting 1 genome record [================================================] 100% 1/1
Downloading: ncbi_dataset.zip    93.7MB 16.6MB/s
[1A[2K[1A[2KCollecting 1 genome record [================================================] 100% 1/1
Downloading: ncbi_dataset.zip    94.3MB 16.7MB/s
[1A[2K[1A[2KCollecting 1 genome record [================================================] 100% 1/1
Downloading: ncbi_dataset.zip    94.3MB 16.7MB/s
[1A[2K[1A[2KCollecting 1 genome record [================================================] 100% 1/1
Downloading: ncbi_dataset.zip    94.3MB 16.7MB/s
[1A[2K[1A[2KCollecting 1 genome record [================================================] 100% 1/1
Downloading: ncbi_dataset.zip    94.3MB 16.7MB/s
[1A[2K[1A[2KCollecting 1 genome record [================================================] 100% 1/1
Downloading: ncbi_dataset.zip    94.3MB 16.7MB/s
[1A[2K[1A[2KCollecting 1 genome record [================================================] 100% 1/1
Downloading: ncbi_dataset.zip    94.3MB 16.7MB/s
[1A[2K[1A[2KCollecting 1 genome record [================================================] 100% 1/1
Downloading: ncbi_dataset.zip    94.3MB 16.7MB/s
[1A[2K[1A[2KCollecting 1 genome record [================================================] 100% 1/1
Downloading: ncbi_dataset.zip    94.3MB 16.7MB/s
[1A[2K[1A[2KCollecting 1 genome record [================================================] 100% 1/1
Downloading: ncbi_dataset.zip    94.3MB 16.7MB/s
[1A[2K[1A[2KCollecting 1 genome record [================================================] 100% 1/1
Downloading: ncbi_dataset.zip    94.3MB 16.7MB/s
[1A[2K[1A[2KCollecting 1 genome record [================================================] 100% 1/1
Downloading: ncbi_dataset.zip    94.3MB 16.7MB/s
[1A[2K[1A[2KCollecting 1 genome record [================================================] 100% 1/1
Downloading: ncbi_dataset.zip    94.9MB 16.4MB/s
[1A[2K[1A[2KCollecting 1 genome record [================================================] 100% 1/1
Downloading: ncbi_dataset.zip    95.5MB 16.5MB/s
[1A[2K[1A[2KCollecting 1 genome record [================================================] 100% 1/1
Downloading: ncbi_dataset.zip    96.1MB 16.6MB/s
[1A[2K[1A[2KCollecting 1 genome record [================================================] 100% 1/1
Downloading: ncbi_dataset.zip    96.5MB 16.6MB/s
[1A[2K[1A[2KCollecting 1 genome record [================================================] 100% 1/1
Downloading: ncbi_dataset.zip    96.5MB 16.6MB/s
[1A[2K[1A[2KCollecting 1 genome record [================================================] 100% 1/1
Downloading: ncbi_dataset.zip    97.9MB 16.8MB/s
[1A[2K[1A[2KCollecting 1 genome record [================================================] 100% 1/1
Downloading: ncbi_dataset.zip    98.3MB 16.8MB/s
[1A[2K[1A[2KCollecting 1 genome record [================================================] 100% 1/1
Downloading: ncbi_dataset.zip    98.3MB 16.8MB/s
[1A[2K[1A[2KCollecting 1 genome record [================================================] 100% 1/1
Downloading: ncbi_dataset.zip    98.3MB 16.8MB/s
[1A[2K[1A[2KCollecting 1 genome record [================================================] 100% 1/1
Downloading: ncbi_dataset.zip    98.3MB 16.8MB/s
[1A[2K[1A[2KCollecting 1 genome record [================================================] 100% 1/1
Downloading: ncbi_dataset.zip    98.3MB 16.8MB/s
[1A[2K[1A[2KCollecting 1 genome record [================================================] 100% 1/1
Downloading: ncbi_dataset.zip    98.3MB 16.8MB/s
[1A[2K[1A[2KCollecting 1 genome record [================================================] 100% 1/1
Downloading: ncbi_dataset.zip    98.3MB 16.8MB/s
[1A[2K[1A[2KCollecting 1 genome record [================================================] 100% 1/1
Downloading: ncbi_dataset.zip    98.3MB 16.8MB/s
[1A[2K[1A[2KCollecting 1 genome record [================================================] 100% 1/1
Downloading: ncbi_dataset.zip    98.3MB 16.8MB/s
[1A[2K[1A[2KCollecting 1 genome record [================================================] 100% 1/1
Downloading: ncbi_dataset.zip    98.3MB 16.8MB/s
[1A[2K[1A[2KCollecting 1 genome record [================================================] 100% 1/1
Downloading: ncbi_dataset.zip    98.3MB 16.8MB/s
[1A[2K[1A[2KCollecting 1 genome record [================================================] 100% 1/1
Downloading: ncbi_dataset.zip    98.8MB 16.6MB/s
[1A[2K[1A[2KCollecting 1 genome record [================================================] 100% 1/1
Downloading: ncbi_dataset.zip    99.5MB 16.7MB/s
[1A[2K[1A[2KCollecting 1 genome record [================================================] 100% 1/1
Downloading: ncbi_dataset.zip    99.8MB 16.7MB/s
[1A[2K[1A[2KCollecting 1 genome record [================================================] 100% 1/1
Downloading: ncbi_dataset.zip    100MB 16.8MB/s
[1A[2K[1A[2KCollecting 1 genome record [================================================] 100% 1/1
Downloading: ncbi_dataset.zip    101MB 16.9MB/s
[1A[2K[1A[2KCollecting 1 genome record [================================================] 100% 1/1
Downloading: ncbi_dataset.zip    102MB 16.9MB/s
[1A[2K[1A[2KCollecting 1 genome record [================================================] 100% 1/1
Downloading: ncbi_dataset.zip    102MB 17MB/s
[1A[2K[1A[2KCollecting 1 genome record [================================================] 100% 1/1
Downloading: ncbi_dataset.zip    102MB 17MB/s
[1A[2K[1A[2KCollecting 1 genome record [================================================] 100% 1/1
Downloading: ncbi_dataset.zip    102MB 17MB/s
[1A[2K[1A[2KCollecting 1 genome record [================================================] 100% 1/1
Downloading: ncbi_dataset.zip    102MB 17MB/s
[1A[2K[1A[2KCollecting 1 genome record [================================================] 100% 1/1
Downloading: ncbi_dataset.zip    102MB 17MB/s
[1A[2K[1A[2KCollecting 1 genome record [================================================] 100% 1/1
Downloading: ncbi_dataset.zip    102MB 17MB/s
[1A[2K[1A[2KCollecting 1 genome record [================================================] 100% 1/1
Downloading: ncbi_dataset.zip    102MB 17MB/s
[1A[2K[1A[2KCollecting 1 genome record [================================================] 100% 1/1
Downloading: ncbi_dataset.zip    102MB 17MB/s
[1A[2K[1A[2KCollecting 1 genome record [================================================] 100% 1/1
Downloading: ncbi_dataset.zip    102MB 17MB/s
[1A[2K[1A[2KCollecting 1 genome record [================================================] 100% 1/1
Downloading: ncbi_dataset.zip    102MB 17MB/s
[1A[2K[1A[2KCollecting 1 genome record [================================================] 100% 1/1
Downloading: ncbi_dataset.zip    102MB 17MB/s
[1A[2K[1A[2KCollecting 1 genome record [================================================] 100% 1/1
Downloading: ncbi_dataset.zip    103MB 16.8MB/s
[1A[2K[1A[2KCollecting 1 genome record [================================================] 100% 1/1
Downloading: ncbi_dataset.zip    104MB 16.9MB/s
[1A[2K[1A[2KCollecting 1 genome record [================================================] 100% 1/1
Downloading: ncbi_dataset.zip    104MB 16.9MB/s
[1A[2K[1A[2KCollecting 1 genome record [================================================] 100% 1/1
Downloading: ncbi_dataset.zip    105MB 17MB/s
[1A[2K[1A[2KCollecting 1 genome record [================================================] 100% 1/1
Downloading: ncbi_dataset.zip    105MB 17.1MB/s
[1A[2K[1A[2KCollecting 1 genome record [================================================] 100% 1/1
Downloading: ncbi_dataset.zip    106MB 17.2MB/s
[1A[2K[1A[2KCollecting 1 genome record [================================================] 100% 1/1
Downloading: ncbi_dataset.zip    106MB 17.2MB/s
[1A[2K[1A[2KCollecting 1 genome record [================================================] 100% 1/1
Downloading: ncbi_dataset.zip    106MB 17.2MB/s
[1A[2K[1A[2KCollecting 1 genome record [================================================] 100% 1/1
Downloading: ncbi_dataset.zip    106MB 17.2MB/s
[1A[2K[1A[2KCollecting 1 genome record [================================================] 100% 1/1
Downloading: ncbi_dataset.zip    106MB 17.2MB/s
[1A[2K[1A[2KCollecting 1 genome record [================================================] 100% 1/1
Downloading: ncbi_dataset.zip    106MB 17.2MB/s
[1A[2K[1A[2KCollecting 1 genome record [================================================] 100% 1/1
Downloading: ncbi_dataset.zip    106MB 17.2MB/s
[1A[2K[1A[2KCollecting 1 genome record [================================================] 100% 1/1
Downloading: ncbi_dataset.zip    106MB 17.2MB/s
[1A[2K[1A[2KCollecting 1 genome record [================================================] 100% 1/1
Downloading: ncbi_dataset.zip    106MB 17.2MB/s
[1A[2K[1A[2KCollecting 1 genome record [================================================] 100% 1/1
Downloading: ncbi_dataset.zip    106MB 17.2MB/s
[1A[2K[1A[2KCollecting 1 genome record [================================================] 100% 1/1
Downloading: ncbi_dataset.zip    106MB 17.2MB/s
[1A[2K[1A[2KCollecting 1 genome record [================================================] 100% 1/1
Downloading: ncbi_dataset.zip    106MB 17.2MB/s
[1A[2K[1A[2KCollecting 1 genome record [================================================] 100% 1/1
Downloading: ncbi_dataset.zip    107MB 16.9MB/s
[1A[2K[1A[2KCollecting 1 genome record [================================================] 100% 1/1
Downloading: ncbi_dataset.zip    107MB 17MB/s
[1A[2K[1A[2KCollecting 1 genome record [================================================] 100% 1/1
Downloading: ncbi_dataset.zip    108MB 17.1MB/s
[1A[2K[1A[2KCollecting 1 genome record [================================================] 100% 1/1
Downloading: ncbi_dataset.zip    108MB 17.1MB/s
[1A[2K[1A[2KCollecting 1 genome record [================================================] 100% 1/1
Downloading: ncbi_dataset.zip    109MB 17.2MB/s
[1A[2K[1A[2KCollecting 1 genome record [================================================] 100% 1/1
Downloading: ncbi_dataset.zip    109MB 17.2MB/s
[1A[2K[1A[2KCollecting 1 genome record [================================================] 100% 1/1
Downloading: ncbi_dataset.zip    110MB 17.3MB/s
[1A[2K[1A[2KCollecting 1 genome record [================================================] 100% 1/1
Downloading: ncbi_dataset.zip    110MB 17.3MB/s
[1A[2K[1A[2KCollecting 1 genome record [================================================] 100% 1/1
Downloading: ncbi_dataset.zip    110MB 17.3MB/s
[1A[2K[1A[2KCollecting 1 genome record [================================================] 100% 1/1
Downloading: ncbi_dataset.zip    110MB 17.3MB/s
[1A[2K[1A[2KCollecting 1 genome record [================================================] 100% 1/1
Downloading: ncbi_dataset.zip    110MB 17.3MB/s
[1A[2K[1A[2KCollecting 1 genome record [================================================] 100% 1/1
Downloading: ncbi_dataset.zip    110MB 17.3MB/s
[1A[2K[1A[2KCollecting 1 genome record [================================================] 100% 1/1
Downloading: ncbi_dataset.zip    110MB 17.3MB/s
[1A[2K[1A[2KCollecting 1 genome record [================================================] 100% 1/1
Downloading: ncbi_dataset.zip    110MB 17.3MB/s
[1A[2K[1A[2KCollecting 1 genome record [================================================] 100% 1/1
Downloading: ncbi_dataset.zip    110MB 17.3MB/s
[1A[2K[1A[2KCollecting 1 genome record [================================================] 100% 1/1
Downloading: ncbi_dataset.zip    110MB 17.3MB/s
[1A[2K[1A[2KCollecting 1 genome record [================================================] 100% 1/1
Downloading: ncbi_dataset.zip    110MB 17.3MB/s
[1A[2K[1A[2KCollecting 1 genome record [================================================] 100% 1/1
Downloading: ncbi_dataset.zip    111MB 17.1MB/s
[1A[2K[1A[2KCollecting 1 genome record [================================================] 100% 1/1
Downloading: ncbi_dataset.zip    111MB 17.2MB/s
[1A[2K[1A[2KCollecting 1 genome record [================================================] 100% 1/1
Downloading: ncbi_dataset.zip    112MB 17.2MB/s
[1A[2K[1A[2KCollecting 1 genome record [================================================] 100% 1/1
Downloading: ncbi_dataset.zip    112MB 17.3MB/s
[1A[2K[1A[2KCollecting 1 genome record [================================================] 100% 1/1
Downloading: ncbi_dataset.zip    113MB 17.3MB/s
[1A[2K[1A[2KCollecting 1 genome record [================================================] 100% 1/1
Downloading: ncbi_dataset.zip    113MB 17.4MB/s
[1A[2K[1A[2KCollecting 1 genome record [================================================] 100% 1/1
Downloading: ncbi_dataset.zip    114MB 17.4MB/s
[1A[2K[1A[2KCollecting 1 genome record [================================================] 100% 1/1
Downloading: ncbi_dataset.zip    114MB 17.5MB/s
[1A[2K[1A[2KCollecting 1 genome record [================================================] 100% 1/1
Downloading: ncbi_dataset.zip    114MB 17.5MB/s
[1A[2K[1A[2KCollecting 1 genome record [================================================] 100% 1/1
Downloading: ncbi_dataset.zip    114MB 17.5MB/s
[1A[2K[1A[2KCollecting 1 genome record [================================================] 100% 1/1
Downloading: ncbi_dataset.zip    114MB 17.5MB/s
[1A[2K[1A[2KCollecting 1 genome record [================================================] 100% 1/1
Downloading: ncbi_dataset.zip    114MB 17.5MB/s
[1A[2K[1A[2KCollecting 1 genome record [================================================] 100% 1/1
Downloading: ncbi_dataset.zip    114MB 17.5MB/s
[1A[2K[1A[2KCollecting 1 genome record [================================================] 100% 1/1
Downloading: ncbi_dataset.zip    114MB 17.5MB/s
[1A[2K[1A[2KCollecting 1 genome record [================================================] 100% 1/1
Downloading: ncbi_dataset.zip    114MB 17.5MB/s
[1A[2K[1A[2KCollecting 1 genome record [================================================] 100% 1/1
Downloading: ncbi_dataset.zip    114MB 17.5MB/s
[1A[2K[1A[2KCollecting 1 genome record [================================================] 100% 1/1
Downloading: ncbi_dataset.zip    114MB 17.5MB/s
[1A[2K[1A[2KCollecting 1 genome record [================================================] 100% 1/1
Downloading: ncbi_dataset.zip    115MB 17.2MB/s
[1A[2K[1A[2KCollecting 1 genome record [================================================] 100% 1/1
Downloading: ncbi_dataset.zip    115MB 17.3MB/s
[1A[2K[1A[2KCollecting 1 genome record [================================================] 100% 1/1
Downloading: ncbi_dataset.zip    116MB 17.4MB/s
[1A[2K[1A[2KCollecting 1 genome record [================================================] 100% 1/1
Downloading: ncbi_dataset.zip    116MB 17.4MB/s
[1A[2K[1A[2KCollecting 1 genome record [================================================] 100% 1/1
Downloading: ncbi_dataset.zip    117MB 17.5MB/s
[1A[2K[1A[2KCollecting 1 genome record [================================================] 100% 1/1
Downloading: ncbi_dataset.zip    117MB 17.5MB/s
[1A[2K[1A[2KCollecting 1 genome record [================================================] 100% 1/1
Downloading: ncbi_dataset.zip    118MB 17.6MB/s
[1A[2K[1A[2KCollecting 1 genome record [================================================] 100% 1/1
Downloading: ncbi_dataset.zip    118MB 17.6MB/s
[1A[2K[1A[2KCollecting 1 genome record [================================================] 100% 1/1
Downloading: ncbi_dataset.zip    118MB 17.6MB/s
[1A[2K[1A[2KCollecting 1 genome record [================================================] 100% 1/1
Downloading: ncbi_dataset.zip    118MB 17.6MB/s
[1A[2K[1A[2KCollecting 1 genome record [================================================] 100% 1/1
Downloading: ncbi_dataset.zip    118MB 17.6MB/s
[1A[2K[1A[2KCollecting 1 genome record [================================================] 100% 1/1
Downloading: ncbi_dataset.zip    118MB 17.6MB/s
[1A[2K[1A[2KCollecting 1 genome record [================================================] 100% 1/1
Downloading: ncbi_dataset.zip    118MB 17.6MB/s
[1A[2K[1A[2KCollecting 1 genome record [================================================] 100% 1/1
Downloading: ncbi_dataset.zip    118MB 17.6MB/s
[1A[2K[1A[2KCollecting 1 genome record [================================================] 100% 1/1
Downloading: ncbi_dataset.zip    118MB 17.6MB/s
[1A[2K[1A[2KCollecting 1 genome record [================================================] 100% 1/1
Downloading: ncbi_dataset.zip    118MB 17.6MB/s
[1A[2K[1A[2KCollecting 1 genome record [================================================] 100% 1/1
Downloading: ncbi_dataset.zip    118MB 17.6MB/s
[1A[2K[1A[2KCollecting 1 genome record [================================================] 100% 1/1
Downloading: ncbi_dataset.zip    118MB 17.4MB/s
[1A[2K[1A[2KCollecting 1 genome record [================================================] 100% 1/1
Downloading: ncbi_dataset.zip    119MB 17.4MB/s
[1A[2K[1A[2KCollecting 1 genome record [================================================] 100% 1/1
Downloading: ncbi_dataset.zip    119MB 17.5MB/s
[1A[2K[1A[2KCollecting 1 genome record [================================================] 100% 1/1
Downloading: ncbi_dataset.zip    120MB 17.5MB/s
[1A[2K[1A[2KCollecting 1 genome record [================================================] 100% 1/1
Downloading: ncbi_dataset.zip    120MB 17.6MB/s
[1A[2K[1A[2KCollecting 1 genome record [================================================] 100% 1/1
Downloading: ncbi_dataset.zip    121MB 17.6MB/s
[1A[2K[1A[2KCollecting 1 genome record [================================================] 100% 1/1
Downloading: ncbi_dataset.zip    121MB 17.6MB/s
[1A[2K[1A[2KCollecting 1 genome record [================================================] 100% 1/1
Downloading: ncbi_dataset.zip    121MB 17.6MB/s
[1A[2K[1A[2KCollecting 1 genome record [================================================] 100% 1/1
Downloading: ncbi_dataset.zip    122MB 17.7MB/s
[1A[2K[1A[2KCollecting 1 genome record [================================================] 100% 1/1
Downloading: ncbi_dataset.zip    122MB 17.7MB/s
[1A[2K[1A[2KCollecting 1 genome record [================================================] 100% 1/1
Downloading: ncbi_dataset.zip    122MB 17.7MB/s
[1A[2K[1A[2KCollecting 1 genome record [================================================] 100% 1/1
Downloading: ncbi_dataset.zip    122MB 17.7MB/s
[1A[2K[1A[2KCollecting 1 genome record [================================================] 100% 1/1
Downloading: ncbi_dataset.zip    122MB 17.7MB/s
[1A[2K[1A[2KCollecting 1 genome record [================================================] 100% 1/1
Downloading: ncbi_dataset.zip    122MB 17.7MB/s
[1A[2K[1A[2KCollecting 1 genome record [================================================] 100% 1/1
Downloading: ncbi_dataset.zip    122MB 17.7MB/s
[1A[2K[1A[2KCollecting 1 genome record [================================================] 100% 1/1
Downloading: ncbi_dataset.zip    122MB 17.7MB/s
[1A[2K[1A[2KCollecting 1 genome record [================================================] 100% 1/1
Downloading: ncbi_dataset.zip    122MB 17.7MB/s
[1A[2K[1A[2KCollecting 1 genome record [================================================] 100% 1/1
Downloading: ncbi_dataset.zip    122MB 17.5MB/s
[1A[2K[1A[2KCollecting 1 genome record [================================================] 100% 1/1
Downloading: ncbi_dataset.zip    123MB 17.6MB/s
[1A[2K[1A[2KCollecting 1 genome record [================================================] 100% 1/1
Downloading: ncbi_dataset.zip    124MB 17.6MB/s
[1A[2K[1A[2KCollecting 1 genome record [================================================] 100% 1/1
Downloading: ncbi_dataset.zip    124MB 17.7MB/s
[1A[2K[1A[2KCollecting 1 genome record [================================================] 100% 1/1
Downloading: ncbi_dataset.zip    125MB 17.7MB/s
[1A[2K[1A[2KCollecting 1 genome record [================================================] 100% 1/1
Downloading: ncbi_dataset.zip    125MB 17.7MB/s
[1A[2K[1A[2KCollecting 1 genome record [================================================] 100% 1/1
Downloading: ncbi_dataset.zip    125MB 17.8MB/s
[1A[2K[1A[2KCollecting 1 genome record [================================================] 100% 1/1
Downloading: ncbi_dataset.zip    126MB 17.8MB/s
[1A[2K[1A[2KCollecting 1 genome record [================================================] 100% 1/1
Downloading: ncbi_dataset.zip    126MB 17.8MB/s
[1A[2K[1A[2KCollecting 1 genome record [================================================] 100% 1/1
Downloading: ncbi_dataset.zip    126MB 17.8MB/s
[1A[2K[1A[2KCollecting 1 genome record [================================================] 100% 1/1
Downloading: ncbi_dataset.zip    126MB 17.8MB/s
[1A[2K[1A[2KCollecting 1 genome record [================================================] 100% 1/1
Downloading: ncbi_dataset.zip    126MB 17.8MB/s
[1A[2K[1A[2KCollecting 1 genome record [================================================] 100% 1/1
Downloading: ncbi_dataset.zip    126MB 17.8MB/s
[1A[2K[1A[2KCollecting 1 genome record [================================================] 100% 1/1
Downloading: ncbi_dataset.zip    126MB 17.8MB/s
[1A[2K[1A[2KCollecting 1 genome record [================================================] 100% 1/1
Downloading: ncbi_dataset.zip    126MB 17.8MB/s
[1A[2K[1A[2KCollecting 1 genome record [================================================] 100% 1/1
Downloading: ncbi_dataset.zip    126MB 17.8MB/s
[1A[2K[1A[2KCollecting 1 genome record [================================================] 100% 1/1
Downloading: ncbi_dataset.zip    126MB 17.8MB/s
[1A[2K[1A[2KCollecting 1 genome record [================================================] 100% 1/1
Downloading: ncbi_dataset.zip    126MB 17.6MB/s
[1A[2K[1A[2KCollecting 1 genome record [================================================] 100% 1/1
Downloading: ncbi_dataset.zip    127MB 17.7MB/s
[1A[2K[1A[2KCollecting 1 genome record [================================================] 100% 1/1
Downloading: ncbi_dataset.zip    127MB 17.7MB/s
[1A[2K[1A[2KCollecting 1 genome record [================================================] 100% 1/1
Downloading: ncbi_dataset.zip    128MB 17.8MB/s
[1A[2K[1A[2KCollecting 1 genome record [================================================] 100% 1/1
Downloading: ncbi_dataset.zip    128MB 17.8MB/s
[1A[2K[1A[2KCollecting 1 genome record [================================================] 100% 1/1
Downloading: ncbi_dataset.zip    129MB 17.9MB/s
[1A[2K[1A[2KCollecting 1 genome record [================================================] 100% 1/1
Downloading: ncbi_dataset.zip    129MB 17.9MB/s
[1A[2K[1A[2KCollecting 1 genome record [================================================] 100% 1/1
Downloading: ncbi_dataset.zip    130MB 17.9MB/s
[1A[2K[1A[2KCollecting 1 genome record [================================================] 100% 1/1
Downloading: ncbi_dataset.zip    130MB 17.9MB/s
[1A[2K[1A[2KCollecting 1 genome record [================================================] 100% 1/1
Downloading: ncbi_dataset.zip    130MB 17.9MB/s
[1A[2K[1A[2KCollecting 1 genome record [================================================] 100% 1/1
Downloading: ncbi_dataset.zip    130MB 17.9MB/s
[1A[2K[1A[2KCollecting 1 genome record [================================================] 100% 1/1
Downloading: ncbi_dataset.zip    130MB 17.9MB/s
[1A[2K[1A[2KCollecting 1 genome record [================================================] 100% 1/1
Downloading: ncbi_dataset.zip    130MB 17.9MB/s
[1A[2K[1A[2KCollecting 1 genome record [================================================] 100% 1/1
Downloading: ncbi_dataset.zip    130MB 17.9MB/s
[1A[2K[1A[2KCollecting 1 genome record [================================================] 100% 1/1
Downloading: ncbi_dataset.zip    130MB 17.9MB/s
[1A[2K[1A[2KCollecting 1 genome record [================================================] 100% 1/1
Downloading: ncbi_dataset.zip    130MB 17.9MB/s
[1A[2K[1A[2KCollecting 1 genome record [================================================] 100% 1/1
Downloading: ncbi_dataset.zip    130MB 17.9MB/s
[1A[2K[1A[2KCollecting 1 genome record [================================================] 100% 1/1
Downloading: ncbi_dataset.zip    130MB 17.7MB/s
[1A[2K[1A[2KCollecting 1 genome record [================================================] 100% 1/1
Downloading: ncbi_dataset.zip    131MB 17.8MB/s
[1A[2K[1A[2KCollecting 1 genome record [================================================] 100% 1/1
Downloading: ncbi_dataset.zip    131MB 17.8MB/s
[1A[2K[1A[2KCollecting 1 genome record [================================================] 100% 1/1
Downloading: ncbi_dataset.zip    132MB 17.9MB/s
[1A[2K[1A[2KCollecting 1 genome record [================================================] 100% 1/1
Downloading: ncbi_dataset.zip    132MB 17.9MB/s
[1A[2K[1A[2KCollecting 1 genome record [================================================] 100% 1/1
Downloading: ncbi_dataset.zip    133MB 18MB/s
[1A[2K[1A[2KCollecting 1 genome record [================================================] 100% 1/1
Downloading: ncbi_dataset.zip    133MB 18MB/s
[1A[2K[1A[2KCollecting 1 genome record [================================================] 100% 1/1
Downloading: ncbi_dataset.zip    134MB 18MB/s
[1A[2K[1A[2KCollecting 1 genome record [================================================] 100% 1/1
Downloading: ncbi_dataset.zip    134MB 18.1MB/s
[1A[2K[1A[2KCollecting 1 genome record [================================================] 100% 1/1
Downloading: ncbi_dataset.zip    134MB 18.1MB/s
[1A[2K[1A[2KCollecting 1 genome record [================================================] 100% 1/1
Downloading: ncbi_dataset.zip    134MB 18.1MB/s
[1A[2K[1A[2KCollecting 1 genome record [================================================] 100% 1/1
Downloading: ncbi_dataset.zip    134MB 18.1MB/s
[1A[2K[1A[2KCollecting 1 genome record [================================================] 100% 1/1
Downloading: ncbi_dataset.zip    134MB 18.1MB/s
[1A[2K[1A[2KCollecting 1 genome record [================================================] 100% 1/1
Downloading: ncbi_dataset.zip    134MB 18.1MB/s
[1A[2K[1A[2KCollecting 1 genome record [================================================] 100% 1/1
Downloading: ncbi_dataset.zip    134MB 18.1MB/s
[1A[2K[1A[2KCollecting 1 genome record [================================================] 100% 1/1
Downloading: ncbi_dataset.zip    134MB 18.1MB/s
[1A[2K[1A[2KCollecting 1 genome record [================================================] 100% 1/1
Downloading: ncbi_dataset.zip    134MB 18.1MB/s
[1A[2K[1A[2KCollecting 1 genome record [================================================] 100% 1/1
Downloading: ncbi_dataset.zip    134MB 17.9MB/s
[1A[2K[1A[2KCollecting 1 genome record [================================================] 100% 1/1
Downloading: ncbi_dataset.zip    135MB 17.9MB/s
[1A[2K[1A[2KCollecting 1 genome record [================================================] 100% 1/1
Downloading: ncbi_dataset.zip    136MB 18MB/s
[1A[2K[1A[2KCollecting 1 genome record [================================================] 100% 1/1
Downloading: ncbi_dataset.zip    137MB 18.1MB/s
[1A[2K[1A[2KCollecting 1 genome record [================================================] 100% 1/1
Downloading: ncbi_dataset.zip    137MB 18.1MB/s
[1A[2K[1A[2KCollecting 1 genome record [================================================] 100% 1/1
Downloading: ncbi_dataset.zip    138MB 18.2MB/s
[1A[2K[1A[2KCollecting 1 genome record [================================================] 100% 1/1
Downloading: ncbi_dataset.zip    138MB 18.2MB/s
[1A[2K[1A[2KCollecting 1 genome record [================================================] 100% 1/1
Downloading: ncbi_dataset.zip    138MB 18.2MB/s
[1A[2K[1A[2KCollecting 1 genome record [================================================] 100% 1/1
Downloading: ncbi_dataset.zip    138MB 18.2MB/s
[1A[2K[1A[2KCollecting 1 genome record [================================================] 100% 1/1
Downloading: ncbi_dataset.zip    138MB 18.2MB/s
[1A[2K[1A[2KCollecting 1 genome record [================================================] 100% 1/1
Downloading: ncbi_dataset.zip    138MB 18.2MB/s
[1A[2K[1A[2KCollecting 1 genome record [================================================] 100% 1/1
Downloading: ncbi_dataset.zip    138MB 18.2MB/s
[1A[2K[1A[2KCollecting 1 genome record [================================================] 100% 1/1
Downloading: ncbi_dataset.zip    138MB 18.2MB/s
[1A[2K[1A[2KCollecting 1 genome record [================================================] 100% 1/1
Downloading: ncbi_dataset.zip    138MB 18.2MB/s
[1A[2K[1A[2KCollecting 1 genome record [================================================] 100% 1/1
Downloading: ncbi_dataset.zip    138MB 18.2MB/s
[1A[2K[1A[2KCollecting 1 genome record [================================================] 100% 1/1
Downloading: ncbi_dataset.zip    138MB 18.2MB/s
[1A[2K[1A[2KCollecting 1 genome record [================================================] 100% 1/1
Downloading: ncbi_dataset.zip    138MB 18.2MB/s
[1A[2K[1A[2KCollecting 1 genome record [================================================] 100% 1/1
Downloading: ncbi_dataset.zip    138MB 18MB/s
[1A[2K[1A[2KCollecting 1 genome record [================================================] 100% 1/1
Downloading: ncbi_dataset.zip    139MB 18MB/s
[1A[2K[1A[2KCollecting 1 genome record [================================================] 100% 1/1
Downloading: ncbi_dataset.zip    139MB 18.1MB/s
[1A[2K[1A[2KCollecting 1 genome record [================================================] 100% 1/1
Downloading: ncbi_dataset.zip    140MB 18.1MB/s
[1A[2K[1A[2KCollecting 1 genome record [================================================] 100% 1/1
Downloading: ncbi_dataset.zip    140MB 18.1MB/s
[1A[2K[1A[2KCollecting 1 genome record [================================================] 100% 1/1
Downloading: ncbi_dataset.zip    141MB 18.2MB/s
[1A[2K[1A[2KCollecting 1 genome record [================================================] 100% 1/1
Downloading: ncbi_dataset.zip    141MB 18.2MB/s
[1A[2K[1A[2KCollecting 1 genome record [================================================] 100% 1/1
Downloading: ncbi_dataset.zip    142MB 18.3MB/s
[1A[2K[1A[2KCollecting 1 genome record [================================================] 100% 1/1
Downloading: ncbi_dataset.zip    142MB 18.3MB/s
[1A[2K[1A[2KCollecting 1 genome record [================================================] 100% 1/1
Downloading: ncbi_dataset.zip    142MB 18.3MB/s
[1A[2K[1A[2KCollecting 1 genome record [================================================] 100% 1/1
Downloading: ncbi_dataset.zip    142MB 18.3MB/s
[1A[2K[1A[2KCollecting 1 genome record [================================================] 100% 1/1
Downloading: ncbi_dataset.zip    142MB 18.3MB/s
[1A[2K[1A[2KCollecting 1 genome record [================================================] 100% 1/1
Downloading: ncbi_dataset.zip    142MB 18.3MB/s
[1A[2K[1A[2KCollecting 1 genome record [================================================] 100% 1/1
Downloading: ncbi_dataset.zip    142MB 18.3MB/s
[1A[2K[1A[2KCollecting 1 genome record [================================================] 100% 1/1
Downloading: ncbi_dataset.zip    142MB 18.3MB/s
[1A[2K[1A[2KCollecting 1 genome record [================================================] 100% 1/1
Downloading: ncbi_dataset.zip    142MB 18.3MB/s
[1A[2K[1A[2KCollecting 1 genome record [================================================] 100% 1/1
Downloading: ncbi_dataset.zip    142MB 18.3MB/s
[1A[2K[1A[2KCollecting 1 genome record [================================================] 100% 1/1
Downloading: ncbi_dataset.zip    142MB 18.1MB/s
[1A[2K[1A[2KCollecting 1 genome record [================================================] 100% 1/1
Downloading: ncbi_dataset.zip    143MB 18.1MB/s
[1A[2K[1A[2KCollecting 1 genome record [================================================] 100% 1/1
Downloading: ncbi_dataset.zip    143MB 18.2MB/s
[1A[2K[1A[2KCollecting 1 genome record [================================================] 100% 1/1
Downloading: ncbi_dataset.zip    144MB 18.2MB/s
[1A[2K[1A[2KCollecting 1 genome record [================================================] 100% 1/1
Downloading: ncbi_dataset.zip    145MB 18.3MB/s
[1A[2K[1A[2KCollecting 1 genome record [================================================] 100% 1/1
Downloading: ncbi_dataset.zip    146MB 18.4MB/s
[1A[2K[1A[2KCollecting 1 genome record [================================================] 100% 1/1
Downloading: ncbi_dataset.zip    146MB 18.4MB/s
[1A[2K[1A[2KCollecting 1 genome record [================================================] 100% 1/1
Downloading: ncbi_dataset.zip    146MB 18.4MB/s
[1A[2K[1A[2KCollecting 1 genome record [================================================] 100% 1/1
Downloading: ncbi_dataset.zip    146MB 18.4MB/s
[1A[2K[1A[2KCollecting 1 genome record [================================================] 100% 1/1
Downloading: ncbi_dataset.zip    146MB 18.4MB/s
[1A[2K[1A[2KCollecting 1 genome record [================================================] 100% 1/1
Downloading: ncbi_dataset.zip    146MB 18.4MB/s
[1A[2K[1A[2KCollecting 1 genome record [================================================] 100% 1/1
Downloading: ncbi_dataset.zip    146MB 18.4MB/s
[1A[2K[1A[2KCollecting 1 genome record [================================================] 100% 1/1
Downloading: ncbi_dataset.zip    146MB 18.4MB/s
[1A[2K[1A[2KCollecting 1 genome record [================================================] 100% 1/1
Downloading: ncbi_dataset.zip    146MB 18.4MB/s
[1A[2K[1A[2KCollecting 1 genome record [================================================] 100% 1/1
Downloading: ncbi_dataset.zip    146MB 18.4MB/s
[1A[2K[1A[2KCollecting 1 genome record [================================================] 100% 1/1
Downloading: ncbi_dataset.zip    146MB 18.4MB/s
[1A[2K[1A[2KCollecting 1 genome record [================================================] 100% 1/1
Downloading: ncbi_dataset.zip    146MB 18.4MB/s
[1A[2K[1A[2KCollecting 1 genome record [================================================] 100% 1/1
Downloading: ncbi_dataset.zip    146MB 18.2MB/s
[1A[2K[1A[2KCollecting 1 genome record [================================================] 100% 1/1
Downloading: ncbi_dataset.zip    147MB 18.2MB/s
[1A[2K[1A[2KCollecting 1 genome record [================================================] 100% 1/1
Downloading: ncbi_dataset.zip    148MB 18.3MB/s
[1A[2K[1A[2KCollecting 1 genome record [================================================] 100% 1/1
Downloading: ncbi_dataset.zip    149MB 18.4MB/s
[1A[2K[1A[2KCollecting 1 genome record [================================================] 100% 1/1
Downloading: ncbi_dataset.zip    149MB 18.4MB/s
[1A[2K[1A[2KCollecting 1 genome record [================================================] 100% 1/1
Downloading: ncbi_dataset.zip    150MB 18.5MB/s
[1A[2K[1A[2KCollecting 1 genome record [================================================] 100% 1/1
Downloading: ncbi_dataset.zip    150MB 18.5MB/s
[1A[2K[1A[2KCollecting 1 genome record [================================================] 100% 1/1
Downloading: ncbi_dataset.zip    150MB 18.5MB/s
[1A[2K[1A[2KCollecting 1 genome record [================================================] 100% 1/1
Downloading: ncbi_dataset.zip    150MB 18.5MB/s
[1A[2K[1A[2KCollecting 1 genome record [================================================] 100% 1/1
Downloading: ncbi_dataset.zip    150MB 18.5MB/s
[1A[2K[1A[2KCollecting 1 genome record [================================================] 100% 1/1
Downloading: ncbi_dataset.zip    150MB 18.5MB/s
[1A[2K[1A[2KCollecting 1 genome record [================================================] 100% 1/1
Downloading: ncbi_dataset.zip    150MB 18.5MB/s
[1A[2K[1A[2KCollecting 1 genome record [================================================] 100% 1/1
Downloading: ncbi_dataset.zip    150MB 18.5MB/s
[1A[2K[1A[2KCollecting 1 genome record [================================================] 100% 1/1
Downloading: ncbi_dataset.zip    150MB 18.5MB/s
[1A[2K[1A[2KCollecting 1 genome record [================================================] 100% 1/1
Downloading: ncbi_dataset.zip    150MB 18.5MB/s
[1A[2K[1A[2KCollecting 1 genome record [================================================] 100% 1/1
Downloading: ncbi_dataset.zip    150MB 18.5MB/s
[1A[2K[1A[2KCollecting 1 genome record [================================================] 100% 1/1
Downloading: ncbi_dataset.zip    150MB 18.5MB/s
[1A[2K[1A[2KCollecting 1 genome record [================================================] 100% 1/1
Downloading: ncbi_dataset.zip    150MB 18.3MB/s
[1A[2K[1A[2KCollecting 1 genome record [================================================] 100% 1/1
Downloading: ncbi_dataset.zip    151MB 18.3MB/s
[1A[2K[1A[2KCollecting 1 genome record [================================================] 100% 1/1
Downloading: ncbi_dataset.zip    151MB 18.4MB/s
[1A[2K[1A[2KCollecting 1 genome record [================================================] 100% 1/1
Downloading: ncbi_dataset.zip    152MB 18.4MB/s
[1A[2K[1A[2KCollecting 1 genome record [================================================] 100% 1/1
Downloading: ncbi_dataset.zip    153MB 18.5MB/s
[1A[2K[1A[2KCollecting 1 genome record [================================================] 100% 1/1
Downloading: ncbi_dataset.zip    153MB 18.5MB/s
[1A[2K[1A[2KCollecting 1 genome record [================================================] 100% 1/1
Downloading: ncbi_dataset.zip    154MB 18.6MB/s
[1A[2K[1A[2KCollecting 1 genome record [================================================] 100% 1/1
Downloading: ncbi_dataset.zip    154MB 18.6MB/s
[1A[2K[1A[2KCollecting 1 genome record [================================================] 100% 1/1
Downloading: ncbi_dataset.zip    154MB 18.6MB/s
[1A[2K[1A[2KCollecting 1 genome record [================================================] 100% 1/1
Downloading: ncbi_dataset.zip    154MB 18.6MB/s
[1A[2K[1A[2KCollecting 1 genome record [================================================] 100% 1/1
Downloading: ncbi_dataset.zip    154MB 18.6MB/s
[1A[2K[1A[2KCollecting 1 genome record [================================================] 100% 1/1
Downloading: ncbi_dataset.zip    154MB 18.6MB/s
[1A[2K[1A[2KCollecting 1 genome record [================================================] 100% 1/1
Downloading: ncbi_dataset.zip    154MB 18.6MB/s
[1A[2K[1A[2KCollecting 1 genome record [================================================] 100% 1/1
Downloading: ncbi_dataset.zip    154MB 18.6MB/s
[1A[2K[1A[2KCollecting 1 genome record [================================================] 100% 1/1
Downloading: ncbi_dataset.zip    154MB 18.6MB/s
[1A[2K[1A[2KCollecting 1 genome record [================================================] 100% 1/1
Downloading: ncbi_dataset.zip    154MB 18.6MB/s
[1A[2K[1A[2KCollecting 1 genome record [================================================] 100% 1/1
Downloading: ncbi_dataset.zip    154MB 18.6MB/s
[1A[2K[1A[2KCollecting 1 genome record [================================================] 100% 1/1
Downloading: ncbi_dataset.zip    154MB 18.3MB/s
[1A[2K[1A[2KCollecting 1 genome record [================================================] 100% 1/1
Downloading: ncbi_dataset.zip    155MB 18.4MB/s
[1A[2K[1A[2KCollecting 1 genome record [================================================] 100% 1/1
Downloading: ncbi_dataset.zip    155MB 18.5MB/s
[1A[2K[1A[2KCollecting 1 genome record [================================================] 100% 1/1
Downloading: ncbi_dataset.zip    155MB 18.5MB/s
[1A[2K[1A[2KCollecting 1 genome record [================================================] 100% 1/1
Downloading: ncbi_dataset.zip    156MB 18.5MB/s
[1A[2K[1A[2KCollecting 1 genome record [================================================] 100% 1/1
Downloading: ncbi_dataset.zip    157MB 18.6MB/s
[1A[2K[1A[2KCollecting 1 genome record [================================================] 100% 1/1
Downloading: ncbi_dataset.zip    158MB 18.6MB/s
[1A[2K[1A[2KCollecting 1 genome record [================================================] 100% 1/1
Downloading: ncbi_dataset.zip    158MB 18.7MB/s
[1A[2K[1A[2KCollecting 1 genome record [================================================] 100% 1/1
Downloading: ncbi_dataset.zip    158MB 18.7MB/s
[1A[2K[1A[2KCollecting 1 genome record [================================================] 100% 1/1
Downloading: ncbi_dataset.zip    158MB 18.7MB/s
[1A[2K[1A[2KCollecting 1 genome record [================================================] 100% 1/1
Downloading: ncbi_dataset.zip    158MB 18.7MB/s
[1A[2K[1A[2KCollecting 1 genome record [================================================] 100% 1/1
Downloading: ncbi_dataset.zip    158MB 18.7MB/s
[1A[2K[1A[2KCollecting 1 genome record [================================================] 100% 1/1
Downloading: ncbi_dataset.zip    158MB 18.7MB/s
[1A[2K[1A[2KCollecting 1 genome record [================================================] 100% 1/1
Downloading: ncbi_dataset.zip    158MB 18.7MB/s
[1A[2K[1A[2KCollecting 1 genome record [================================================] 100% 1/1
Downloading: ncbi_dataset.zip    158MB 18.7MB/s
[1A[2K[1A[2KCollecting 1 genome record [================================================] 100% 1/1
Downloading: ncbi_dataset.zip    158MB 18.7MB/s
[1A[2K[1A[2KCollecting 1 genome record [================================================] 100% 1/1
Downloading: ncbi_dataset.zip    158MB 18.7MB/s
[1A[2K[1A[2KCollecting 1 genome record [================================================] 100% 1/1
Downloading: ncbi_dataset.zip    158MB 18.4MB/s
[1A[2K[1A[2KCollecting 1 genome record [================================================] 100% 1/1
Downloading: ncbi_dataset.zip    158MB 18.4MB/s
[1A[2K[1A[2KCollecting 1 genome record [================================================] 100% 1/1
Downloading: ncbi_dataset.zip    158MB 18.5MB/s
[1A[2K[1A[2KCollecting 1 genome record [================================================] 100% 1/1
Downloading: ncbi_dataset.zip    160MB 18.6MB/s
[1A[2K[1A[2KCollecting 1 genome record [================================================] 100% 1/1
Downloading: ncbi_dataset.zip    160MB 18.6MB/s
[1A[2K[1A[2KCollecting 1 genome record [================================================] 100% 1/1
Downloading: ncbi_dataset.zip    161MB 18.7MB/s
[1A[2K[1A[2KCollecting 1 genome record [================================================] 100% 1/1
Downloading: ncbi_dataset.zip    162MB 18.7MB/s
[1A[2K[1A[2KCollecting 1 genome record [================================================] 100% 1/1
Downloading: ncbi_dataset.zip    162MB 18.7MB/s
[1A[2K[1A[2KCollecting 1 genome record [================================================] 100% 1/1
Downloading: ncbi_dataset.zip    162MB 18.7MB/s
[1A[2K[1A[2KCollecting 1 genome record [================================================] 100% 1/1
Downloading: ncbi_dataset.zip    162MB 18.7MB/s
[1A[2K[1A[2KCollecting 1 genome record [================================================] 100% 1/1
Downloading: ncbi_dataset.zip    162MB 18.7MB/s
[1A[2K[1A[2KCollecting 1 genome record [================================================] 100% 1/1
Downloading: ncbi_dataset.zip    162MB 18.7MB/s
[1A[2K[1A[2KCollecting 1 genome record [================================================] 100% 1/1
Downloading: ncbi_dataset.zip    162MB 18.7MB/s
[1A[2K[1A[2KCollecting 1 genome record [================================================] 100% 1/1
Downloading: ncbi_dataset.zip    162MB 18.7MB/s
[1A[2K[1A[2KCollecting 1 genome record [================================================] 100% 1/1
Downloading: ncbi_dataset.zip    162MB 18.7MB/s
[1A[2K[1A[2KCollecting 1 genome record [================================================] 100% 1/1
Downloading: ncbi_dataset.zip    162MB 18.7MB/s
[1A[2K[1A[2KCollecting 1 genome record [================================================] 100% 1/1
Downloading: ncbi_dataset.zip    162MB 18.7MB/s
[1A[2K[1A[2KCollecting 1 genome record [================================================] 100% 1/1
Downloading: ncbi_dataset.zip    162MB 18.5MB/s
[1A[2K[1A[2KCollecting 1 genome record [================================================] 100% 1/1
Downloading: ncbi_dataset.zip    162MB 18.6MB/s
[1A[2K[1A[2KCollecting 1 genome record [================================================] 100% 1/1
Downloading: ncbi_dataset.zip    163MB 18.6MB/s
[1A[2K[1A[2KCollecting 1 genome record [================================================] 100% 1/1
Downloading: ncbi_dataset.zip    164MB 18.7MB/s
[1A[2K[1A[2KCollecting 1 genome record [================================================] 100% 1/1
Downloading: ncbi_dataset.zip    164MB 18.7MB/s
[1A[2K[1A[2KCollecting 1 genome record [================================================] 100% 1/1
Downloading: ncbi_dataset.zip    165MB 18.8MB/s
[1A[2K[1A[2KCollecting 1 genome record [================================================] 100% 1/1
Downloading: ncbi_dataset.zip    166MB 18.8MB/s
[1A[2K[1A[2KCollecting 1 genome record [================================================] 100% 1/1
Downloading: ncbi_dataset.zip    166MB 18.8MB/s
[1A[2K[1A[2KCollecting 1 genome record [================================================] 100% 1/1
Downloading: ncbi_dataset.zip    166MB 18.8MB/s
[1A[2K[1A[2KCollecting 1 genome record [================================================] 100% 1/1
Downloading: ncbi_dataset.zip    166MB 18.8MB/s
[1A[2K[1A[2KCollecting 1 genome record [================================================] 100% 1/1
Downloading: ncbi_dataset.zip    166MB 18.8MB/s
[1A[2K[1A[2KCollecting 1 genome record [================================================] 100% 1/1
Downloading: ncbi_dataset.zip    166MB 18.8MB/s
[1A[2K[1A[2KCollecting 1 genome record [================================================] 100% 1/1
Downloading: ncbi_dataset.zip    166MB 18.8MB/s
[1A[2K[1A[2KCollecting 1 genome record [================================================] 100% 1/1
Downloading: ncbi_dataset.zip    166MB 18.8MB/s
[1A[2K[1A[2KCollecting 1 genome record [================================================] 100% 1/1
Downloading: ncbi_dataset.zip    166MB 18.8MB/s
[1A[2K[1A[2KCollecting 1 genome record [================================================] 100% 1/1
Downloading: ncbi_dataset.zip    166MB 18.8MB/s
[1A[2K[1A[2KCollecting 1 genome record [================================================] 100% 1/1
Downloading: ncbi_dataset.zip    166MB 18.8MB/s
[1A[2K[1A[2KCollecting 1 genome record [================================================] 100% 1/1
Downloading: ncbi_dataset.zip    166MB 18.6MB/s
[1A[2K[1A[2KCollecting 1 genome record [================================================] 100% 1/1
Downloading: ncbi_dataset.zip    166MB 18.7MB/s
[1A[2K[1A[2KCollecting 1 genome record [================================================] 100% 1/1
Downloading: ncbi_dataset.zip    167MB 18.7MB/s
[1A[2K[1A[2KCollecting 1 genome record [================================================] 100% 1/1
Downloading: ncbi_dataset.zip    168MB 18.8MB/s
[1A[2K[1A[2KCollecting 1 genome record [================================================] 100% 1/1
Downloading: ncbi_dataset.zip    168MB 18.8MB/s
[1A[2K[1A[2KCollecting 1 genome record [================================================] 100% 1/1
Downloading: ncbi_dataset.zip    169MB 18.8MB/s
[1A[2K[1A[2KCollecting 1 genome record [================================================] 100% 1/1
Downloading: ncbi_dataset.zip    170MB 18.9MB/s
[1A[2K[1A[2KCollecting 1 genome record [================================================] 100% 1/1
Downloading: ncbi_dataset.zip    170MB 18.9MB/s
[1A[2K[1A[2KCollecting 1 genome record [================================================] 100% 1/1
Downloading: ncbi_dataset.zip    170MB 18.9MB/s
[1A[2K[1A[2KCollecting 1 genome record [================================================] 100% 1/1
Downloading: ncbi_dataset.zip    170MB 18.9MB/s
[1A[2K[1A[2KCollecting 1 genome record [================================================] 100% 1/1
Downloading: ncbi_dataset.zip    170MB 18.9MB/s
[1A[2K[1A[2KCollecting 1 genome record [================================================] 100% 1/1
Downloading: ncbi_dataset.zip    170MB 18.9MB/s
[1A[2K[1A[2KCollecting 1 genome record [================================================] 100% 1/1
Downloading: ncbi_dataset.zip    170MB 18.9MB/s
[1A[2K[1A[2KCollecting 1 genome record [================================================] 100% 1/1
Downloading: ncbi_dataset.zip    170MB 18.9MB/s
[1A[2K[1A[2KCollecting 1 genome record [================================================] 100% 1/1
Downloading: ncbi_dataset.zip    170MB 18.9MB/s
[1A[2K[1A[2KCollecting 1 genome record [================================================] 100% 1/1
Downloading: ncbi_dataset.zip    170MB 18.9MB/s
[1A[2K[1A[2KCollecting 1 genome record [================================================] 100% 1/1
Downloading: ncbi_dataset.zip    170MB 18.9MB/s
[1A[2K[1A[2KCollecting 1 genome record [================================================] 100% 1/1
Downloading: ncbi_dataset.zip    170MB 18.7MB/s
[1A[2K[1A[2KCollecting 1 genome record [================================================] 100% 1/1
Downloading: ncbi_dataset.zip    170MB 18.7MB/s
[1A[2K[1A[2KCollecting 1 genome record [================================================] 100% 1/1
Downloading: ncbi_dataset.zip    171MB 18.7MB/s
[1A[2K[1A[2KCollecting 1 genome record [================================================] 100% 1/1
Downloading: ncbi_dataset.zip    171MB 18.8MB/s
[1A[2K[1A[2KCollecting 1 genome record [================================================] 100% 1/1
Downloading: ncbi_dataset.zip    172MB 18.8MB/s
[1A[2K[1A[2KCollecting 1 genome record [================================================] 100% 1/1
Downloading: ncbi_dataset.zip    173MB 18.9MB/s
[1A[2K[1A[2KCollecting 1 genome record [================================================] 100% 1/1
Downloading: ncbi_dataset.zip    173MB 18.9MB/s
[1A[2K[1A[2KCollecting 1 genome record [================================================] 100% 1/1
Downloading: ncbi_dataset.zip    173MB 19MB/s
[1A[2K[1A[2KCollecting 1 genome record [================================================] 100% 1/1
Downloading: ncbi_dataset.zip    173MB 19MB/s
[1A[2K[1A[2KCollecting 1 genome record [================================================] 100% 1/1
Downloading: ncbi_dataset.zip    173MB 19MB/s
[1A[2K[1A[2KCollecting 1 genome record [================================================] 100% 1/1
Downloading: ncbi_dataset.zip    173MB 19MB/s
[1A[2K[1A[2KCollecting 1 genome record [================================================] 100% 1/1
Downloading: ncbi_dataset.zip    173MB 19MB/s
[1A[2K[1A[2KCollecting 1 genome record [================================================] 100% 1/1
Downloading: ncbi_dataset.zip    173MB 19MB/s
[1A[2K[1A[2KCollecting 1 genome record [================================================] 100% 1/1
Downloading: ncbi_dataset.zip    173MB 19MB/s
[1A[2K[1A[2KCollecting 1 genome record [================================================] 100% 1/1
Downloading: ncbi_dataset.zip    173MB 19MB/s
[1A[2K[1A[2KCollecting 1 genome record [================================================] 100% 1/1
Downloading: ncbi_dataset.zip    173MB 19MB/s
[1A[2K[1A[2KCollecting 1 genome record [================================================] 100% 1/1
Downloading: ncbi_dataset.zip    173MB 19MB/s
[1A[2K[1A[2KCollecting 1 genome record [================================================] 100% 1/1
Downloading: ncbi_dataset.zip    174MB 18.8MB/s
[1A[2K[1A[2KCollecting 1 genome record [================================================] 100% 1/1
Downloading: ncbi_dataset.zip    174MB 18.8MB/s
[1A[2K[1A[2KCollecting 1 genome record [================================================] 100% 1/1
Downloading: ncbi_dataset.zip    175MB 18.8MB/s
[1A[2K[1A[2KCollecting 1 genome record [================================================] 100% 1/1
Downloading: ncbi_dataset.zip    175MB 18.9MB/s
[1A[2K[1A[2KCollecting 1 genome record [================================================] 100% 1/1
Downloading: ncbi_dataset.zip    176MB 18.9MB/s
[1A[2K[1A[2KCollecting 1 genome record [================================================] 100% 1/1
Downloading: ncbi_dataset.zip    176MB 18.9MB/s
[1A[2K[1A[2KCollecting 1 genome record [================================================] 100% 1/1
Downloading: ncbi_dataset.zip    177MB 19MB/s
[1A[2K[1A[2KCollecting 1 genome record [================================================] 100% 1/1
Downloading: ncbi_dataset.zip    177MB 19MB/s
[1A[2K[1A[2KCollecting 1 genome record [================================================] 100% 1/1
Downloading: ncbi_dataset.zip    177MB 19MB/s
[1A[2K[1A[2KCollecting 1 genome record [================================================] 100% 1/1
Downloading: ncbi_dataset.zip    177MB 19MB/s
[1A[2K[1A[2KCollecting 1 genome record [================================================] 100% 1/1
Downloading: ncbi_dataset.zip    177MB 19MB/s
[1A[2K[1A[2KCollecting 1 genome record [================================================] 100% 1/1
Downloading: ncbi_dataset.zip    177MB 19MB/s
[1A[2K[1A[2KCollecting 1 genome record [================================================] 100% 1/1
Downloading: ncbi_dataset.zip    177MB 19MB/s
[1A[2K[1A[2KCollecting 1 genome record [================================================] 100% 1/1
Downloading: ncbi_dataset.zip    177MB 19MB/s
[1A[2K[1A[2KCollecting 1 genome record [================================================] 100% 1/1
Downloading: ncbi_dataset.zip    177MB 19MB/s
[1A[2K[1A[2KCollecting 1 genome record [================================================] 100% 1/1
Downloading: ncbi_dataset.zip    177MB 19MB/s
[1A[2K[1A[2KCollecting 1 genome record [================================================] 100% 1/1
Downloading: ncbi_dataset.zip    177MB 19MB/s
[1A[2K[1A[2KCollecting 1 genome record [================================================] 100% 1/1
Downloading: ncbi_dataset.zip    178MB 18.8MB/s
[1A[2K[1A[2KCollecting 1 genome record [================================================] 100% 1/1
Downloading: ncbi_dataset.zip    178MB 18.9MB/s
[1A[2K[1A[2KCollecting 1 genome record [================================================] 100% 1/1
Downloading: ncbi_dataset.zip    179MB 18.9MB/s
[1A[2K[1A[2KCollecting 1 genome record [================================================] 100% 1/1
Downloading: ncbi_dataset.zip    179MB 18.9MB/s
[1A[2K[1A[2KCollecting 1 genome record [================================================] 100% 1/1
Downloading: ncbi_dataset.zip    180MB 19MB/s
[1A[2K[1A[2KCollecting 1 genome record [================================================] 100% 1/1
Downloading: ncbi_dataset.zip    180MB 19MB/s
[1A[2K[1A[2KCollecting 1 genome record [================================================] 100% 1/1
Downloading: ncbi_dataset.zip    181MB 19MB/s
[1A[2K[1A[2KCollecting 1 genome record [================================================] 100% 1/1
Downloading: ncbi_dataset.zip    181MB 19MB/s
[1A[2K[1A[2KCollecting 1 genome record [================================================] 100% 1/1
Downloading: ncbi_dataset.zip    181MB 19.1MB/s
[1A[2K[1A[2KCollecting 1 genome record [================================================] 100% 1/1
Downloading: ncbi_dataset.zip    181MB 19.1MB/s
[1A[2K[1A[2KCollecting 1 genome record [================================================] 100% 1/1
Downloading: ncbi_dataset.zip    181MB 19.1MB/s
[1A[2K[1A[2KCollecting 1 genome record [================================================] 100% 1/1
Downloading: ncbi_dataset.zip    181MB 19.1MB/s
[1A[2K[1A[2KCollecting 1 genome record [================================================] 100% 1/1
Downloading: ncbi_dataset.zip    181MB 19.1MB/s
[1A[2K[1A[2KCollecting 1 genome record [================================================] 100% 1/1
Downloading: ncbi_dataset.zip    181MB 19.1MB/s
[1A[2K[1A[2KCollecting 1 genome record [================================================] 100% 1/1
Downloading: ncbi_dataset.zip    181MB 19.1MB/s
[1A[2K[1A[2KCollecting 1 genome record [================================================] 100% 1/1
Downloading: ncbi_dataset.zip    181MB 19.1MB/s
[1A[2K[1A[2KCollecting 1 genome record [================================================] 100% 1/1
Downloading: ncbi_dataset.zip    181MB 19.1MB/s
[1A[2K[1A[2KCollecting 1 genome record [================================================] 100% 1/1
Downloading: ncbi_dataset.zip    182MB 18.9MB/s
[1A[2K[1A[2KCollecting 1 genome record [================================================] 100% 1/1
Downloading: ncbi_dataset.zip    182MB 18.9MB/s
[1A[2K[1A[2KCollecting 1 genome record [================================================] 100% 1/1
Downloading: ncbi_dataset.zip    183MB 19MB/s
[1A[2K[1A[2KCollecting 1 genome record [================================================] 100% 1/1
Downloading: ncbi_dataset.zip    183MB 19MB/s
[1A[2K[1A[2KCollecting 1 genome record [================================================] 100% 1/1
Downloading: ncbi_dataset.zip    184MB 19.1MB/s
[1A[2K[1A[2KCollecting 1 genome record [================================================] 100% 1/1
Downloading: ncbi_dataset.zip    185MB 19.1MB/s
[1A[2K[1A[2KCollecting 1 genome record [================================================] 100% 1/1
Downloading: ncbi_dataset.zip    185MB 19.1MB/s
[1A[2K[1A[2KCollecting 1 genome record [================================================] 100% 1/1
Downloading: ncbi_dataset.zip    185MB 19.2MB/s
[1A[2K[1A[2KCollecting 1 genome record [================================================] 100% 1/1
Downloading: ncbi_dataset.zip    185MB 19.2MB/s
[1A[2K[1A[2KCollecting 1 genome record [================================================] 100% 1/1
Downloading: ncbi_dataset.zip    185MB 19.2MB/s
[1A[2K[1A[2KCollecting 1 genome record [================================================] 100% 1/1
Downloading: ncbi_dataset.zip    185MB 19.2MB/s
[1A[2K[1A[2KCollecting 1 genome record [================================================] 100% 1/1
Downloading: ncbi_dataset.zip    185MB 19.2MB/s
[1A[2K[1A[2KCollecting 1 genome record [================================================] 100% 1/1
Downloading: ncbi_dataset.zip    185MB 19.2MB/s
[1A[2K[1A[2KCollecting 1 genome record [================================================] 100% 1/1
Downloading: ncbi_dataset.zip    185MB 19.2MB/s
[1A[2K[1A[2KCollecting 1 genome record [================================================] 100% 1/1
Downloading: ncbi_dataset.zip    185MB 19.2MB/s
[1A[2K[1A[2KCollecting 1 genome record [================================================] 100% 1/1
Downloading: ncbi_dataset.zip    185MB 19.2MB/s
[1A[2K[1A[2KCollecting 1 genome record [================================================] 100% 1/1
Downloading: ncbi_dataset.zip    185MB 19.2MB/s
[1A[2K[1A[2KCollecting 1 genome record [================================================] 100% 1/1
Downloading: ncbi_dataset.zip    185MB 19MB/s
[1A[2K[1A[2KCollecting 1 genome record [================================================] 100% 1/1
Downloading: ncbi_dataset.zip    186MB 19MB/s
[1A[2K[1A[2KCollecting 1 genome record [================================================] 100% 1/1
Downloading: ncbi_dataset.zip    187MB 19.1MB/s
[1A[2K[1A[2KCollecting 1 genome record [================================================] 100% 1/1
Downloading: ncbi_dataset.zip    187MB 19.1MB/s
[1A[2K[1A[2KCollecting 1 genome record [================================================] 100% 1/1
Downloading: ncbi_dataset.zip    188MB 19.1MB/s
[1A[2K[1A[2KCollecting 1 genome record [================================================] 100% 1/1
Downloading: ncbi_dataset.zip    188MB 19.1MB/s
[1A[2K[1A[2KCollecting 1 genome record [================================================] 100% 1/1
Downloading: ncbi_dataset.zip    189MB 19.2MB/s
[1A[2K[1A[2KCollecting 1 genome record [================================================] 100% 1/1
Downloading: ncbi_dataset.zip    189MB 19.2MB/s
[1A[2K[1A[2KCollecting 1 genome record [================================================] 100% 1/1
Downloading: ncbi_dataset.zip    189MB 19.2MB/s
[1A[2K[1A[2KCollecting 1 genome record [================================================] 100% 1/1
Downloading: ncbi_dataset.zip    189MB 19.2MB/s
[1A[2K[1A[2KCollecting 1 genome record [================================================] 100% 1/1
Downloading: ncbi_dataset.zip    189MB 19.2MB/s
[1A[2K[1A[2KCollecting 1 genome record [================================================] 100% 1/1
Downloading: ncbi_dataset.zip    189MB 19.2MB/s
[1A[2K[1A[2KCollecting 1 genome record [================================================] 100% 1/1
Downloading: ncbi_dataset.zip    189MB 19.2MB/s
[1A[2K[1A[2KCollecting 1 genome record [================================================] 100% 1/1
Downloading: ncbi_dataset.zip    189MB 19.2MB/s
[1A[2K[1A[2KCollecting 1 genome record [================================================] 100% 1/1
Downloading: ncbi_dataset.zip    189MB 19.2MB/s
[1A[2K[1A[2KCollecting 1 genome record [================================================] 100% 1/1
Downloading: ncbi_dataset.zip    189MB 19.2MB/s
[1A[2K[1A[2KCollecting 1 genome record [================================================] 100% 1/1
Downloading: ncbi_dataset.zip    189MB 19.2MB/s
[1A[2K[1A[2KCollecting 1 genome record [================================================] 100% 1/1
Downloading: ncbi_dataset.zip    189MB 19MB/s
[1A[2K[1A[2KCollecting 1 genome record [================================================] 100% 1/1
Downloading: ncbi_dataset.zip    190MB 19.1MB/s
[1A[2K[1A[2KCollecting 1 genome record [================================================] 100% 1/1
Downloading: ncbi_dataset.zip    190MB 19.1MB/s
[1A[2K[1A[2KCollecting 1 genome record [================================================] 100% 1/1
Downloading: ncbi_dataset.zip    191MB 19.1MB/s
[1A[2K[1A[2KCollecting 1 genome record [================================================] 100% 1/1
Downloading: ncbi_dataset.zip    191MB 19.1MB/s
[1A[2K[1A[2KCollecting 1 genome record [================================================] 100% 1/1
Downloading: ncbi_dataset.zip    192MB 19.2MB/s
[1A[2K[1A[2KCollecting 1 genome record [================================================] 100% 1/1
Downloading: ncbi_dataset.zip    192MB 19.2MB/s
[1A[2K[1A[2KCollecting 1 genome record [================================================] 100% 1/1
Downloading: ncbi_dataset.zip    192MB 19.2MB/s
[1A[2K[1A[2KCollecting 1 genome record [================================================] 100% 1/1
Downloading: ncbi_dataset.zip    192MB 19.2MB/s
[1A[2K[1A[2KCollecting 1 genome record [================================================] 100% 1/1
Downloading: ncbi_dataset.zip    193MB 19.2MB/s
[1A[2K[1A[2KCollecting 1 genome record [================================================] 100% 1/1
Downloading: ncbi_dataset.zip    193MB 19.2MB/s
[1A[2K[1A[2KCollecting 1 genome record [================================================] 100% 1/1
Downloading: ncbi_dataset.zip    193MB 19.2MB/s
[1A[2K[1A[2KCollecting 1 genome record [================================================] 100% 1/1
Downloading: ncbi_dataset.zip    193MB 19.2MB/s
[1A[2K[1A[2KCollecting 1 genome record [================================================] 100% 1/1
Downloading: ncbi_dataset.zip    193MB 19.2MB/s
[1A[2K[1A[2KCollecting 1 genome record [================================================] 100% 1/1
Downloading: ncbi_dataset.zip    193MB 19.2MB/s
[1A[2K[1A[2KCollecting 1 genome record [================================================] 100% 1/1
Downloading: ncbi_dataset.zip    193MB 19.2MB/s
[1A[2K[1A[2KCollecting 1 genome record [================================================] 100% 1/1
Downloading: ncbi_dataset.zip    193MB 19.2MB/s
[1A[2K[1A[2KCollecting 1 genome record [================================================] 100% 1/1
Downloading: ncbi_dataset.zip    193MB 19.1MB/s
[1A[2K[1A[2KCollecting 1 genome record [================================================] 100% 1/1
Downloading: ncbi_dataset.zip    194MB 19.1MB/s
[1A[2K[1A[2KCollecting 1 genome record [================================================] 100% 1/1
Downloading: ncbi_dataset.zip    195MB 19.2MB/s
[1A[2K[1A[2KCollecting 1 genome record [================================================] 100% 1/1
Downloading: ncbi_dataset.zip    195MB 19.2MB/s
[1A[2K[1A[2KCollecting 1 genome record [================================================] 100% 1/1
Downloading: ncbi_dataset.zip    196MB 19.2MB/s
[1A[2K[1A[2KCollecting 1 genome record [================================================] 100% 1/1
Downloading: ncbi_dataset.zip    196MB 19.3MB/s
[1A[2K[1A[2KCollecting 1 genome record [================================================] 100% 1/1
Downloading: ncbi_dataset.zip    197MB 19.3MB/s
[1A[2K[1A[2KCollecting 1 genome record [================================================] 100% 1/1
Downloading: ncbi_dataset.zip    197MB 19.3MB/s
[1A[2K[1A[2KCollecting 1 genome record [================================================] 100% 1/1
Downloading: ncbi_dataset.zip    197MB 19.3MB/s
[1A[2K[1A[2KCollecting 1 genome record [================================================] 100% 1/1
Downloading: ncbi_dataset.zip    197MB 19.3MB/s
[1A[2K[1A[2KCollecting 1 genome record [================================================] 100% 1/1
Downloading: ncbi_dataset.zip    197MB 19.3MB/s
[1A[2K[1A[2KCollecting 1 genome record [================================================] 100% 1/1
Downloading: ncbi_dataset.zip    197MB 19.3MB/s
[1A[2K[1A[2KCollecting 1 genome record [================================================] 100% 1/1
Downloading: ncbi_dataset.zip    197MB 19.3MB/s
[1A[2K[1A[2KCollecting 1 genome record [================================================] 100% 1/1
Downloading: ncbi_dataset.zip    197MB 19.3MB/s
[1A[2K[1A[2KCollecting 1 genome record [================================================] 100% 1/1
Downloading: ncbi_dataset.zip    197MB 19.3MB/s
[1A[2K[1A[2KCollecting 1 genome record [================================================] 100% 1/1
Downloading: ncbi_dataset.zip    197MB 19.3MB/s
[1A[2K[1A[2KCollecting 1 genome record [================================================] 100% 1/1
Downloading: ncbi_dataset.zip    197MB 19.3MB/s
[1A[2K[1A[2KCollecting 1 genome record [================================================] 100% 1/1
Downloading: ncbi_dataset.zip    197MB 19.1MB/s
[1A[2K[1A[2KCollecting 1 genome record [================================================] 100% 1/1
Downloading: ncbi_dataset.zip    197MB 19.1MB/s
[1A[2K[1A[2KCollecting 1 genome record [================================================] 100% 1/1
Downloading: ncbi_dataset.zip    198MB 19.2MB/s
[1A[2K[1A[2KCollecting 1 genome record [================================================] 100% 1/1
Downloading: ncbi_dataset.zip    198MB 19.2MB/s
[1A[2K[1A[2KCollecting 1 genome record [================================================] 100% 1/1
Downloading: ncbi_dataset.zip    199MB 19.2MB/s
[1A[2K[1A[2KCollecting 1 genome record [================================================] 100% 1/1
Downloading: ncbi_dataset.zip    199MB 19.2MB/s
[1A[2K[1A[2KCollecting 1 genome record [================================================] 100% 1/1
Downloading: ncbi_dataset.zip    200MB 19.2MB/s
[1A[2K[1A[2KCollecting 1 genome record [================================================] 100% 1/1
Downloading: ncbi_dataset.zip    200MB 19.3MB/s
[1A[2K[1A[2KCollecting 1 genome record [================================================] 100% 1/1
Downloading: ncbi_dataset.zip    201MB 19.3MB/s
[1A[2K[1A[2KCollecting 1 genome record [================================================] 100% 1/1
Downloading: ncbi_dataset.zip    201MB 19.3MB/s
[1A[2K[1A[2KCollecting 1 genome record [================================================] 100% 1/1
Downloading: ncbi_dataset.zip    201MB 19.3MB/s
[1A[2K[1A[2KCollecting 1 genome record [================================================] 100% 1/1
Downloading: ncbi_dataset.zip    201MB 19.3MB/s
[1A[2K[1A[2KCollecting 1 genome record [================================================] 100% 1/1
Downloading: ncbi_dataset.zip    201MB 19.3MB/s
[1A[2K[1A[2KCollecting 1 genome record [================================================] 100% 1/1
Downloading: ncbi_dataset.zip    201MB 19.3MB/s
[1A[2K[1A[2KCollecting 1 genome record [================================================] 100% 1/1
Downloading: ncbi_dataset.zip    201MB 19.3MB/s
[1A[2K[1A[2KCollecting 1 genome record [================================================] 100% 1/1
Downloading: ncbi_dataset.zip    201MB 19.3MB/s
[1A[2K[1A[2KCollecting 1 genome record [================================================] 100% 1/1
Downloading: ncbi_dataset.zip    201MB 19.3MB/s
[1A[2K[1A[2KCollecting 1 genome record [================================================] 100% 1/1
Downloading: ncbi_dataset.zip    201MB 19.2MB/s
[1A[2K[1A[2KCollecting 1 genome record [================================================] 100% 1/1
Downloading: ncbi_dataset.zip    202MB 19.2MB/s
[1A[2K[1A[2KCollecting 1 genome record [================================================] 100% 1/1
Downloading: ncbi_dataset.zip    202MB 19.3MB/s
[1A[2K[1A[2KCollecting 1 genome record [================================================] 100% 1/1
Downloading: ncbi_dataset.zip    203MB 19.3MB/s
[1A[2K[1A[2KCollecting 1 genome record [================================================] 100% 1/1
Downloading: ncbi_dataset.zip    203MB 19.3MB/s
[1A[2K[1A[2KCollecting 1 genome record [================================================] 100% 1/1
Downloading: ncbi_dataset.zip    204MB 19.4MB/s
[1A[2K[1A[2KCollecting 1 genome record [================================================] 100% 1/1
Downloading: ncbi_dataset.zip    205MB 19.4MB/s
[1A[2K[1A[2KCollecting 1 genome record [================================================] 100% 1/1
Downloading: ncbi_dataset.zip    205MB 19.4MB/s
[1A[2K[1A[2KCollecting 1 genome record [================================================] 100% 1/1
Downloading: ncbi_dataset.zip    205MB 19.4MB/s
[1A[2K[1A[2KCollecting 1 genome record [================================================] 100% 1/1
Downloading: ncbi_dataset.zip    205MB 19.4MB/s
[1A[2K[1A[2KCollecting 1 genome record [================================================] 100% 1/1
Downloading: ncbi_dataset.zip    205MB 19.4MB/s
[1A[2K[1A[2KCollecting 1 genome record [================================================] 100% 1/1
Downloading: ncbi_dataset.zip    205MB 19.4MB/s
[1A[2K[1A[2KCollecting 1 genome record [================================================] 100% 1/1
Downloading: ncbi_dataset.zip    205MB 19.4MB/s
[1A[2K[1A[2KCollecting 1 genome record [================================================] 100% 1/1
Downloading: ncbi_dataset.zip    205MB 19.4MB/s
[1A[2K[1A[2KCollecting 1 genome record [================================================] 100% 1/1
Downloading: ncbi_dataset.zip    205MB 19.4MB/s
[1A[2K[1A[2KCollecting 1 genome record [================================================] 100% 1/1
Downloading: ncbi_dataset.zip    205MB 19.4MB/s
[1A[2K[1A[2KCollecting 1 genome record [================================================] 100% 1/1
Downloading: ncbi_dataset.zip    205MB 19.4MB/s
[1A[2K[1A[2KCollecting 1 genome record [================================================] 100% 1/1
Downloading: ncbi_dataset.zip    205MB 19.3MB/s
[1A[2K[1A[2KCollecting 1 genome record [================================================] 100% 1/1
Downloading: ncbi_dataset.zip    206MB 19.3MB/s
[1A[2K[1A[2KCollecting 1 genome record [================================================] 100% 1/1
Downloading: ncbi_dataset.zip    206MB 19.3MB/s
[1A[2K[1A[2KCollecting 1 genome record [================================================] 100% 1/1
Downloading: ncbi_dataset.zip    207MB 19.4MB/s
[1A[2K[1A[2KCollecting 1 genome record [================================================] 100% 1/1
Downloading: ncbi_dataset.zip    208MB 19.4MB/s
[1A[2K[1A[2KCollecting 1 genome record [================================================] 100% 1/1
Downloading: ncbi_dataset.zip    208MB 19.5MB/s
[1A[2K[1A[2KCollecting 1 genome record [================================================] 100% 1/1
Downloading: ncbi_dataset.zip    209MB 19.5MB/s
[1A[2K[1A[2KCollecting 1 genome record [================================================] 100% 1/1
Downloading: ncbi_dataset.zip    209MB 19.5MB/s
[1A[2K[1A[2KCollecting 1 genome record [================================================] 100% 1/1
Downloading: ncbi_dataset.zip    209MB 19.5MB/s
[1A[2K[1A[2KCollecting 1 genome record [================================================] 100% 1/1
Downloading: ncbi_dataset.zip    209MB 19.5MB/s
[1A[2K[1A[2KCollecting 1 genome record [================================================] 100% 1/1
Downloading: ncbi_dataset.zip    209MB 19.5MB/s
[1A[2K[1A[2KCollecting 1 genome record [================================================] 100% 1/1
Downloading: ncbi_dataset.zip    209MB 19.5MB/s
[1A[2K[1A[2KCollecting 1 genome record [================================================] 100% 1/1
Downloading: ncbi_dataset.zip    209MB 19.5MB/s
[1A[2K[1A[2KCollecting 1 genome record [================================================] 100% 1/1
Downloading: ncbi_dataset.zip    209MB 19.5MB/s
[1A[2K[1A[2KCollecting 1 genome record [================================================] 100% 1/1
Downloading: ncbi_dataset.zip    209MB 19.5MB/s
[1A[2K[1A[2KCollecting 1 genome record [================================================] 100% 1/1
Downloading: ncbi_dataset.zip    209MB 19.5MB/s
[1A[2K[1A[2KCollecting 1 genome record [================================================] 100% 1/1
Downloading: ncbi_dataset.zip    209MB 19.5MB/s
[1A[2K[1A[2KCollecting 1 genome record [================================================] 100% 1/1
Downloading: ncbi_dataset.zip    209MB 19.3MB/s
[1A[2K[1A[2KCollecting 1 genome record [================================================] 100% 1/1
Downloading: ncbi_dataset.zip    210MB 19.4MB/s
[1A[2K[1A[2KCollecting 1 genome record [================================================] 100% 1/1
Downloading: ncbi_dataset.zip    210MB 19.4MB/s
[1A[2K[1A[2KCollecting 1 genome record [================================================] 100% 1/1
Downloading: ncbi_dataset.zip    211MB 19.4MB/s
[1A[2K[1A[2KCollecting 1 genome record [================================================] 100% 1/1
Downloading: ncbi_dataset.zip    212MB 19.5MB/s
[1A[2K[1A[2KCollecting 1 genome record [================================================] 100% 1/1
Downloading: ncbi_dataset.zip    212MB 19.5MB/s
[1A[2K[1A[2KCollecting 1 genome record [================================================] 100% 1/1
Downloading: ncbi_dataset.zip    213MB 19.5MB/s
[1A[2K[1A[2KCollecting 1 genome record [================================================] 100% 1/1
Downloading: ncbi_dataset.zip    213MB 19.5MB/s
[1A[2K[1A[2KCollecting 1 genome record [================================================] 100% 1/1
Downloading: ncbi_dataset.zip    213MB 19.5MB/s
[1A[2K[1A[2KCollecting 1 genome record [================================================] 100% 1/1
Downloading: ncbi_dataset.zip    213MB 19.5MB/s
[1A[2K[1A[2KCollecting 1 genome record [================================================] 100% 1/1
Downloading: ncbi_dataset.zip    213MB 19.5MB/s
[1A[2K[1A[2KCollecting 1 genome record [================================================] 100% 1/1
Downloading: ncbi_dataset.zip    213MB 19.5MB/s
[1A[2K[1A[2KCollecting 1 genome record [================================================] 100% 1/1
Downloading: ncbi_dataset.zip    213MB 19.5MB/s
[1A[2K[1A[2KCollecting 1 genome record [================================================] 100% 1/1
Downloading: ncbi_dataset.zip    213MB 19.5MB/s
[1A[2K[1A[2KCollecting 1 genome record [================================================] 100% 1/1
Downloading: ncbi_dataset.zip    213MB 19.5MB/s
[1A[2K[1A[2KCollecting 1 genome record [================================================] 100% 1/1
Downloading: ncbi_dataset.zip    213MB 19.5MB/s
[1A[2K[1A[2KCollecting 1 genome record [================================================] 100% 1/1
Downloading: ncbi_dataset.zip    213MB 19.5MB/s
[1A[2K[1A[2KCollecting 1 genome record [================================================] 100% 1/1
Downloading: ncbi_dataset.zip    213MB 19.4MB/s
[1A[2K[1A[2KCollecting 1 genome record [================================================] 100% 1/1
Downloading: ncbi_dataset.zip    214MB 19.4MB/s
[1A[2K[1A[2KCollecting 1 genome record [================================================] 100% 1/1
Downloading: ncbi_dataset.zip    214MB 19.4MB/s
[1A[2K[1A[2KCollecting 1 genome record [================================================] 100% 1/1
Downloading: ncbi_dataset.zip    215MB 19.5MB/s
[1A[2K[1A[2KCollecting 1 genome record [================================================] 100% 1/1
Downloading: ncbi_dataset.zip    216MB 19.5MB/s
[1A[2K[1A[2KCollecting 1 genome record [================================================] 100% 1/1
Downloading: ncbi_dataset.zip    216MB 19.6MB/s
[1A[2K[1A[2KCollecting 1 genome record [================================================] 100% 1/1
Downloading: ncbi_dataset.zip    217MB 19.6MB/s
[1A[2K[1A[2KCollecting 1 genome record [================================================] 100% 1/1
Downloading: ncbi_dataset.zip    217MB 19.6MB/s
[1A[2K[1A[2KCollecting 1 genome record [================================================] 100% 1/1
Downloading: ncbi_dataset.zip    217MB 19.6MB/s
[1A[2K[1A[2KCollecting 1 genome record [================================================] 100% 1/1
Downloading: ncbi_dataset.zip    217MB 19.6MB/s
[1A[2K[1A[2KCollecting 1 genome record [================================================] 100% 1/1
Downloading: ncbi_dataset.zip    217MB 19.6MB/s
[1A[2K[1A[2KCollecting 1 genome record [================================================] 100% 1/1
Downloading: ncbi_dataset.zip    217MB 19.6MB/s
[1A[2K[1A[2KCollecting 1 genome record [================================================] 100% 1/1
Downloading: ncbi_dataset.zip    217MB 19.6MB/s
[1A[2K[1A[2KCollecting 1 genome record [================================================] 100% 1/1
Downloading: ncbi_dataset.zip    217MB 19.6MB/s
[1A[2K[1A[2KCollecting 1 genome record [================================================] 100% 1/1
Downloading: ncbi_dataset.zip    217MB 19.6MB/s
[1A[2K[1A[2KCollecting 1 genome record [================================================] 100% 1/1
Downloading: ncbi_dataset.zip    217MB 19.6MB/s
[1A[2K[1A[2KCollecting 1 genome record [================================================] 100% 1/1
Downloading: ncbi_dataset.zip    217MB 19.6MB/s
[1A[2K[1A[2KCollecting 1 genome record [================================================] 100% 1/1
Downloading: ncbi_dataset.zip    217MB 19.4MB/s
[1A[2K[1A[2KCollecting 1 genome record [================================================] 100% 1/1
Downloading: ncbi_dataset.zip    218MB 19.5MB/s
[1A[2K[1A[2KCollecting 1 genome record [================================================] 100% 1/1
Downloading: ncbi_dataset.zip    218MB 19.5MB/s
[1A[2K[1A[2KCollecting 1 genome record [================================================] 100% 1/1
Downloading: ncbi_dataset.zip    219MB 19.5MB/s
[1A[2K[1A[2KCollecting 1 genome record [================================================] 100% 1/1
Downloading: ncbi_dataset.zip    220MB 19.6MB/s
[1A[2K[1A[2KCollecting 1 genome record [================================================] 100% 1/1
Downloading: ncbi_dataset.zip    220MB 19.6MB/s
[1A[2K[1A[2KCollecting 1 genome record [================================================] 100% 1/1
Downloading: ncbi_dataset.zip    221MB 19.7MB/s
[1A[2K[1A[2KCollecting 1 genome record [================================================] 100% 1/1
Downloading: ncbi_dataset.zip    221MB 19.7MB/s
[1A[2K[1A[2KCollecting 1 genome record [================================================] 100% 1/1
Downloading: ncbi_dataset.zip    221MB 19.7MB/s
[1A[2K[1A[2KCollecting 1 genome record [================================================] 100% 1/1
Downloading: ncbi_dataset.zip    221MB 19.7MB/s
[1A[2K[1A[2KCollecting 1 genome record [================================================] 100% 1/1
Downloading: ncbi_dataset.zip    221MB 19.7MB/s
[1A[2K[1A[2KCollecting 1 genome record [================================================] 100% 1/1
Downloading: ncbi_dataset.zip    221MB 19.7MB/s
[1A[2K[1A[2KCollecting 1 genome record [================================================] 100% 1/1
Downloading: ncbi_dataset.zip    221MB 19.7MB/s
[1A[2K[1A[2KCollecting 1 genome record [================================================] 100% 1/1
Downloading: ncbi_dataset.zip    221MB 19.7MB/s
[1A[2K[1A[2KCollecting 1 genome record [================================================] 100% 1/1
Downloading: ncbi_dataset.zip    221MB 19.7MB/s
[1A[2K[1A[2KCollecting 1 genome record [================================================] 100% 1/1
Downloading: ncbi_dataset.zip    221MB 19.7MB/s
[1A[2K[1A[2KCollecting 1 genome record [================================================] 100% 1/1
Downloading: ncbi_dataset.zip    221MB 19.7MB/s
[1A[2K[1A[2KCollecting 1 genome record [================================================] 100% 1/1
Downloading: ncbi_dataset.zip    221MB 19.5MB/s
[1A[2K[1A[2KCollecting 1 genome record [================================================] 100% 1/1
Downloading: ncbi_dataset.zip    221MB 19.5MB/s
[1A[2K[1A[2KCollecting 1 genome record [================================================] 100% 1/1
Downloading: ncbi_dataset.zip    221MB 19.5MB/s
[1A[2K[1A[2KCollecting 1 genome record [================================================] 100% 1/1
Downloading: ncbi_dataset.zip    221MB 19.5MB/s
[1A[2K[1A[2KCollecting 1 genome record [================================================] 100% 1/1
Downloading: ncbi_dataset.zip    221MB 19.5MB/s
[1A[2K[1A[2KCollecting 1 genome record [================================================] 100% 1/1
Downloading: ncbi_dataset.zip    221MB 19.5MB/s
[1A[2K[1A[2KCollecting 1 genome record [================================================] 100% 1/1
Downloading: ncbi_dataset.zip    221MB 19.5MB/s
[1A[2K[1A[2KCollecting 1 genome record [================================================] 100% 1/1
Downloading: ncbi_dataset.zip    221MB 19.5MB/s
[1A[2K[1A[2KCollecting 1 genome record [================================================] 100% 1/1
Downloading: ncbi_dataset.zip    221MB 19.5MB/s
[1A[2K[1A[2KCollecting 1 genome record [================================================] 100% 1/1
Downloading: ncbi_dataset.zip    221MB 19.5MB/s
[1A[2K[1A[2KCollecting 1 genome record [================================================] 100% 1/1
Downloading: ncbi_dataset.zip    221MB 19.5MB/s
[1A[2K[1A[2KCollecting 1 genome record [================================================] 100% 1/1
Downloading: ncbi_dataset.zip    221MB 19.5MB/s
[1A[2K[1A[2KCollecting 1 genome record [================================================] 100% 1/1
Downloading: ncbi_dataset.zip    221MB 19.5MB/s
[1A[2K[1A[2KCollecting 1 genome record [================================================] 100% 1/1
Downloading: ncbi_dataset.zip    221MB 19.5MB/s
[1A[2K[1A[2KCollecting 1 genome record [================================================] 100% 1/1
Downloading: ncbi_dataset.zip    221MB 19.5MB/s
[1A[2K[1A[2KCollecting 1 genome record [================================================] 100% 1/1
Downloading: ncbi_dataset.zip    221MB 19.5MB/s
[1A[2K[1A[2KCollecting 1 genome record [================================================] 100% 1/1
Downloading: ncbi_dataset.zip    221MB 19.5MB/s
[1A[2K[1A[2KCollecting 1 genome record [================================================] 100% 1/1
Downloading: ncbi_dataset.zip    221MB 19.2MB/s
[1A[2K[1A[2KCollecting 1 genome record [================================================] 100% 1/1
Downloading: ncbi_dataset.zip    222MB 19.2MB/s
[1A[2K[1A[2KCollecting 1 genome record [================================================] 100% 1/1
Downloading: ncbi_dataset.zip    222MB 19.2MB/s
[1A[2K[1A[2KCollecting 1 genome record [================================================] 100% 1/1
Downloading: ncbi_dataset.zip    222MB 19.2MB/s
[1A[2K[1A[2KCollecting 1 genome record [================================================] 100% 1/1
Downloading: ncbi_dataset.zip    223MB 19.3MB/s
[1A[2K[1A[2KCollecting 1 genome record [================================================] 100% 1/1
Downloading: ncbi_dataset.zip    223MB 19.3MB/s
[1A[2K[1A[2KCollecting 1 genome record [================================================] 100% 1/1
Downloading: ncbi_dataset.zip    224MB 19.3MB/s
[1A[2K[1A[2KCollecting 1 genome record [================================================] 100% 1/1
Downloading: ncbi_dataset.zip    224MB 19.3MB/s
[1A[2K[1A[2KCollecting 1 genome record [================================================] 100% 1/1
Downloading: ncbi_dataset.zip    224MB 19.3MB/s
[1A[2K[1A[2KCollecting 1 genome record [================================================] 100% 1/1
Downloading: ncbi_dataset.zip    225MB 19.4MB/s
[1A[2K[1A[2KCollecting 1 genome record [================================================] 100% 1/1
Downloading: ncbi_dataset.zip    225MB 19.4MB/s
[1A[2K[1A[2KCollecting 1 genome record [================================================] 100% 1/1
Downloading: ncbi_dataset.zip    225MB 19.4MB/s
[1A[2K[1A[2KCollecting 1 genome record [================================================] 100% 1/1
Downloading: ncbi_dataset.zip    225MB 19.4MB/s
[1A[2K[1A[2KCollecting 1 genome record [================================================] 100% 1/1
Downloading: ncbi_dataset.zip    225MB 19.4MB/s
[1A[2K[1A[2KCollecting 1 genome record [================================================] 100% 1/1
Downloading: ncbi_dataset.zip    225MB 19.4MB/s
[1A[2K[1A[2KCollecting 1 genome record [================================================] 100% 1/1
Downloading: ncbi_dataset.zip    225MB 19.4MB/s
[1A[2K[1A[2KCollecting 1 genome record [================================================] 100% 1/1
Downloading: ncbi_dataset.zip    225MB 19.4MB/s
[1A[2K[1A[2KCollecting 1 genome record [================================================] 100% 1/1
Downloading: ncbi_dataset.zip    225MB 19.2MB/s
[1A[2K[1A[2KCollecting 1 genome record [================================================] 100% 1/1
Downloading: ncbi_dataset.zip    226MB 19.3MB/s
[1A[2K[1A[2KCollecting 1 genome record [================================================] 100% 1/1
Downloading: ncbi_dataset.zip    226MB 19.3MB/s
[1A[2K[1A[2KCollecting 1 genome record [================================================] 100% 1/1
Downloading: ncbi_dataset.zip    227MB 19.3MB/s
[1A[2K[1A[2KCollecting 1 genome record [================================================] 100% 1/1
Downloading: ncbi_dataset.zip    227MB 19.3MB/s
[1A[2K[1A[2KCollecting 1 genome record [================================================] 100% 1/1
Downloading: ncbi_dataset.zip    227MB 19.3MB/s
[1A[2K[1A[2KCollecting 1 genome record [================================================] 100% 1/1
Downloading: ncbi_dataset.zip    227MB 19.3MB/s
[1A[2K[1A[2KCollecting 1 genome record [================================================] 100% 1/1
Downloading: ncbi_dataset.zip    227MB 19.3MB/s
[1A[2K[1A[2KCollecting 1 genome record [================================================] 100% 1/1
Downloading: ncbi_dataset.zip    227MB 19.3MB/s
[1A[2K[1A[2KCollecting 1 genome record [================================================] 100% 1/1
Downloading: ncbi_dataset.zip    227MB 19.3MB/s
[1A[2K[1A[2KCollecting 1 genome record [================================================] 100% 1/1
Downloading: ncbi_dataset.zip    227MB 19.3MB/s
[1A[2K[1A[2KCollecting 1 genome record [================================================] 100% 1/1
Downloading: ncbi_dataset.zip    227MB 19.3MB/s
[1A[2K[1A[2KCollecting 1 genome record [================================================] 100% 1/1
Downloading: ncbi_dataset.zip    227MB 19.3MB/s
[1A[2K[1A[2KCollecting 1 genome record [================================================] 100% 1/1
Downloading: ncbi_dataset.zip    227MB 19.3MB/s
[1A[2K[1A[2KCollecting 1 genome record [================================================] 100% 1/1
Downloading: ncbi_dataset.zip    227MB 19.3MB/s
[1A[2K[1A[2KCollecting 1 genome record [================================================] 100% 1/1
Downloading: ncbi_dataset.zip    227MB 19.3MB/s
[1A[2K[1A[2KCollecting 1 genome record [================================================] 100% 1/1
Downloading: ncbi_dataset.zip    227MB 19.3MB/s
[1A[2K[1A[2KCollecting 1 genome record [================================================] 100% 1/1
Downloading: ncbi_dataset.zip    227MB 19.1MB/s
[1A[2K[1A[2KCollecting 1 genome record [================================================] 100% 1/1
Downloading: ncbi_dataset.zip    228MB 19.2MB/s
[1A[2K[1A[2KCollecting 1 genome record [================================================] 100% 1/1
Downloading: ncbi_dataset.zip    229MB 19.2MB/s
[1A[2K[1A[2KCollecting 1 genome record [================================================] 100% 1/1
Downloading: ncbi_dataset.zip    229MB 19.3MB/s
[1A[2K[1A[2KCollecting 1 genome record [================================================] 100% 1/1
Downloading: ncbi_dataset.zip    230MB 19.3MB/s
[1A[2K[1A[2KCollecting 1 genome record [================================================] 100% 1/1
Downloading: ncbi_dataset.zip    230MB 19.3MB/s
[1A[2K[1A[2KCollecting 1 genome record [================================================] 100% 1/1
Downloading: ncbi_dataset.zip    231MB 19.3MB/s
[1A[2K[1A[2KCollecting 1 genome record [================================================] 100% 1/1
Downloading: ncbi_dataset.zip    231MB 19.3MB/s
[1A[2K[1A[2KCollecting 1 genome record [================================================] 100% 1/1
Downloading: ncbi_dataset.zip    231MB 19.3MB/s
[1A[2K[1A[2KCollecting 1 genome record [================================================] 100% 1/1
Downloading: ncbi_dataset.zip    231MB 19.3MB/s
[1A[2K[1A[2KCollecting 1 genome record [================================================] 100% 1/1
Downloading: ncbi_dataset.zip    231MB 19.3MB/s
[1A[2K[1A[2KCollecting 1 genome record [================================================] 100% 1/1
Downloading: ncbi_dataset.zip    231MB 19.3MB/s
[1A[2K[1A[2KCollecting 1 genome record [================================================] 100% 1/1
Downloading: ncbi_dataset.zip    231MB 19.3MB/s
[1A[2K[1A[2KCollecting 1 genome record [================================================] 100% 1/1
Downloading: ncbi_dataset.zip    231MB 19.3MB/s
[1A[2K[1A[2KCollecting 1 genome record [================================================] 100% 1/1
Downloading: ncbi_dataset.zip    231MB 19.3MB/s
[1A[2K[1A[2KCollecting 1 genome record [================================================] 100% 1/1
Downloading: ncbi_dataset.zip    231MB 19.3MB/s
[1A[2K[1A[2KCollecting 1 genome record [================================================] 100% 1/1
Downloading: ncbi_dataset.zip    231MB 19.3MB/s
[1A[2K[1A[2KCollecting 1 genome record [================================================] 100% 1/1
Downloading: ncbi_dataset.zip    231MB 19.2MB/s
[1A[2K[1A[2KCollecting 1 genome record [================================================] 100% 1/1
Downloading: ncbi_dataset.zip    231MB 19.2MB/s
[1A[2K[1A[2KCollecting 1 genome record [================================================] 100% 1/1
Downloading: ncbi_dataset.zip    232MB 19.2MB/s
[1A[2K[1A[2KCollecting 1 genome record [================================================] 100% 1/1
Downloading: ncbi_dataset.zip    232MB 19.2MB/s
[1A[2K[1A[2KCollecting 1 genome record [================================================] 100% 1/1
Downloading: ncbi_dataset.zip    233MB 19.2MB/s
[1A[2K[1A[2KCollecting 1 genome record [================================================] 100% 1/1
Downloading: ncbi_dataset.zip    233MB 19.3MB/s
[1A[2K[1A[2KCollecting 1 genome record [================================================] 100% 1/1
Downloading: ncbi_dataset.zip    233MB 19.3MB/s
[1A[2K[1A[2KCollecting 1 genome record [================================================] 100% 1/1
Downloading: ncbi_dataset.zip    233MB 19.3MB/s
[1A[2K[1A[2KCollecting 1 genome record [================================================] 100% 1/1
Downloading: ncbi_dataset.zip    233MB 19.3MB/s
[1A[2K[1A[2KCollecting 1 genome record [================================================] 100% 1/1
Downloading: ncbi_dataset.zip    233MB 19.3MB/s
[1A[2K[1A[2KCollecting 1 genome record [================================================] 100% 1/1
Downloading: ncbi_dataset.zip    233MB 19.3MB/s
[1A[2K[1A[2KCollecting 1 genome record [================================================] 100% 1/1
Downloading: ncbi_dataset.zip    233MB 19.3MB/s
[1A[2K[1A[2KCollecting 1 genome record [================================================] 100% 1/1
Downloading: ncbi_dataset.zip    233MB 19.3MB/s
[1A[2K[1A[2KCollecting 1 genome record [================================================] 100% 1/1
Downloading: ncbi_dataset.zip    233MB 19.3MB/s
[1A[2K[1A[2KCollecting 1 genome record [================================================] 100% 1/1
Downloading: ncbi_dataset.zip    233MB 19.3MB/s
[1A[2K[1A[2KCollecting 1 genome record [================================================] 100% 1/1
Downloading: ncbi_dataset.zip    233MB 19.3MB/s
[1A[2K[1A[2KCollecting 1 genome record [================================================] 100% 1/1
Downloading: ncbi_dataset.zip    233MB 19.3MB/s
[1A[2K[1A[2KCollecting 1 genome record [================================================] 100% 1/1
Downloading: ncbi_dataset.zip    233MB 19.1MB/s
[1A[2K[1A[2KCollecting 1 genome record [================================================] 100% 1/1
Downloading: ncbi_dataset.zip    234MB 19.1MB/s
[1A[2K[1A[2KCollecting 1 genome record [================================================] 100% 1/1
Downloading: ncbi_dataset.zip    234MB 19.1MB/s
[1A[2K[1A[2KCollecting 1 genome record [================================================] 100% 1/1
Downloading: ncbi_dataset.zip    235MB 19.2MB/s
[1A[2K[1A[2KCollecting 1 genome record [================================================] 100% 1/1
Downloading: ncbi_dataset.zip    236MB 19.2MB/s
[1A[2K[1A[2KCollecting 1 genome record [================================================] 100% 1/1
Downloading: ncbi_dataset.zip    236MB 19.3MB/s
[1A[2K[1A[2KCollecting 1 genome record [================================================] 100% 1/1
Downloading: ncbi_dataset.zip    237MB 19.3MB/s
[1A[2K[1A[2KCollecting 1 genome record [================================================] 100% 1/1
Downloading: ncbi_dataset.zip    237MB 19.3MB/s
[1A[2K[1A[2KCollecting 1 genome record [================================================] 100% 1/1
Downloading: ncbi_dataset.zip    237MB 19.3MB/s
[1A[2K[1A[2KCollecting 1 genome record [================================================] 100% 1/1
Downloading: ncbi_dataset.zip    237MB 19.3MB/s
[1A[2K[1A[2KCollecting 1 genome record [================================================] 100% 1/1
Downloading: ncbi_dataset.zip    237MB 19.3MB/s
[1A[2K[1A[2KCollecting 1 genome record [================================================] 100% 1/1
Downloading: ncbi_dataset.zip    237MB 19.3MB/s
[1A[2K[1A[2KCollecting 1 genome record [================================================] 100% 1/1
Downloading: ncbi_dataset.zip    237MB 19.3MB/s
[1A[2K[1A[2KCollecting 1 genome record [================================================] 100% 1/1
Downloading: ncbi_dataset.zip    237MB 19.3MB/s
[1A[2K[1A[2KCollecting 1 genome record [================================================] 100% 1/1
Downloading: ncbi_dataset.zip    237MB 19.3MB/s
[1A[2K[1A[2KCollecting 1 genome record [================================================] 100% 1/1
Downloading: ncbi_dataset.zip    237MB 19.3MB/s
[1A[2K[1A[2KCollecting 1 genome record [================================================] 100% 1/1
Downloading: ncbi_dataset.zip    237MB 19.3MB/s
[1A[2K[1A[2KCollecting 1 genome record [================================================] 100% 1/1
Downloading: ncbi_dataset.zip    237MB 19.1MB/s
[1A[2K[1A[2KCollecting 1 genome record [================================================] 100% 1/1
Downloading: ncbi_dataset.zip    237MB 19.1MB/s
[1A[2K[1A[2KCollecting 1 genome record [================================================] 100% 1/1
Downloading: ncbi_dataset.zip    238MB 19.2MB/s
[1A[2K[1A[2KCollecting 1 genome record [================================================] 100% 1/1
Downloading: ncbi_dataset.zip    238MB 19.2MB/s
[1A[2K[1A[2KCollecting 1 genome record [================================================] 100% 1/1
Downloading: ncbi_dataset.zip    239MB 19.2MB/s
[1A[2K[1A[2KCollecting 1 genome record [================================================] 100% 1/1
Downloading: ncbi_dataset.zip    240MB 19.3MB/s
[1A[2K[1A[2KCollecting 1 genome record [================================================] 100% 1/1
Downloading: ncbi_dataset.zip    240MB 19.3MB/s
[1A[2K[1A[2KCollecting 1 genome record [================================================] 100% 1/1
Downloading: ncbi_dataset.zip    240MB 19.3MB/s
[1A[2K[1A[2KCollecting 1 genome record [================================================] 100% 1/1
Downloading: ncbi_dataset.zip    240MB 19.3MB/s
[1A[2K[1A[2KCollecting 1 genome record [================================================] 100% 1/1
Downloading: ncbi_dataset.zip    240MB 19.3MB/s
[1A[2K[1A[2KCollecting 1 genome record [================================================] 100% 1/1
Downloading: ncbi_dataset.zip    240MB 19.3MB/s
[1A[2K[1A[2KCollecting 1 genome record [================================================] 100% 1/1
Downloading: ncbi_dataset.zip    240MB 19.3MB/s
[1A[2K[1A[2KCollecting 1 genome record [================================================] 100% 1/1
Downloading: ncbi_dataset.zip    240MB 19.3MB/s
[1A[2K[1A[2KCollecting 1 genome record [================================================] 100% 1/1
Downloading: ncbi_dataset.zip    240MB 19.3MB/s
[1A[2K[1A[2KCollecting 1 genome record [================================================] 100% 1/1
Downloading: ncbi_dataset.zip    240MB 19.3MB/s
[1A[2K[1A[2KCollecting 1 genome record [================================================] 100% 1/1
Downloading: ncbi_dataset.zip    240MB 19.3MB/s
[1A[2K[1A[2KCollecting 1 genome record [================================================] 100% 1/1
Downloading: ncbi_dataset.zip    240MB 19.3MB/s
[1A[2K[1A[2KCollecting 1 genome record [================================================] 100% 1/1
Downloading: ncbi_dataset.zip    240MB 19.1MB/s
[1A[2K[1A[2KCollecting 1 genome record [================================================] 100% 1/1
Downloading: ncbi_dataset.zip    240MB 19.1MB/s
[1A[2K[1A[2KCollecting 1 genome record [================================================] 100% 1/1
Downloading: ncbi_dataset.zip    241MB 19.1MB/s
[1A[2K[1A[2KCollecting 1 genome record [================================================] 100% 1/1
Downloading: ncbi_dataset.zip    241MB 19.2MB/s
[1A[2K[1A[2KCollecting 1 genome record [================================================] 100% 1/1
Downloading: ncbi_dataset.zip    242MB 19.2MB/s
[1A[2K[1A[2KCollecting 1 genome record [================================================] 100% 1/1
Downloading: ncbi_dataset.zip    242MB 19.2MB/s
[1A[2K[1A[2KCollecting 1 genome record [================================================] 100% 1/1
Downloading: ncbi_dataset.zip    243MB 19.2MB/s
[1A[2K[1A[2KCollecting 1 genome record [================================================] 100% 1/1
Downloading: ncbi_dataset.zip    243MB 19.2MB/s
[1A[2K[1A[2KCollecting 1 genome record [================================================] 100% 1/1
Downloading: ncbi_dataset.zip    243MB 19.2MB/s
[1A[2K[1A[2KCollecting 1 genome record [================================================] 100% 1/1
Downloading: ncbi_dataset.zip    244MB 19.2MB/s
[1A[2K[1A[2KCollecting 1 genome record [================================================] 100% 1/1
Downloading: ncbi_dataset.zip    244MB 19.2MB/s
[1A[2K[1A[2KCollecting 1 genome record [================================================] 100% 1/1
Downloading: ncbi_dataset.zip    244MB 19.2MB/s
[1A[2K[1A[2KCollecting 1 genome record [================================================] 100% 1/1
Downloading: ncbi_dataset.zip    244MB 19.2MB/s
[1A[2K[1A[2KCollecting 1 genome record [================================================] 100% 1/1
Downloading: ncbi_dataset.zip    244MB 19.2MB/s
[1A[2K[1A[2KCollecting 1 genome record [================================================] 100% 1/1
Downloading: ncbi_dataset.zip    244MB 19.2MB/s
[1A[2K[1A[2KCollecting 1 genome record [================================================] 100% 1/1
Downloading: ncbi_dataset.zip    244MB 19.2MB/s
[1A[2K[1A[2KCollecting 1 genome record [================================================] 100% 1/1
Downloading: ncbi_dataset.zip    244MB 19.2MB/s
[1A[2K[1A[2KCollecting 1 genome record [================================================] 100% 1/1
Downloading: ncbi_dataset.zip    244MB 19.1MB/s
[1A[2K[1A[2KCollecting 1 genome record [================================================] 100% 1/1
Downloading: ncbi_dataset.zip    244MB 19.1MB/s
[1A[2K[1A[2KCollecting 1 genome record [================================================] 100% 1/1
Downloading: ncbi_dataset.zip    245MB 19.2MB/s
[1A[2K[1A[2KCollecting 1 genome record [================================================] 100% 1/1
Downloading: ncbi_dataset.zip    245MB 19.2MB/s
[1A[2K[1A[2KCollecting 1 genome record [================================================] 100% 1/1
Downloading: ncbi_dataset.zip    246MB 19.2MB/s
[1A[2K[1A[2KCollecting 1 genome record [================================================] 100% 1/1
Downloading: ncbi_dataset.zip    246MB 19.2MB/s
[1A[2K[1A[2KCollecting 1 genome record [================================================] 100% 1/1
Downloading: ncbi_dataset.zip    247MB 19.3MB/s
[1A[2K[1A[2KCollecting 1 genome record [================================================] 100% 1/1
Downloading: ncbi_dataset.zip    247MB 19.3MB/s
[1A[2K[1A[2KCollecting 1 genome record [================================================] 100% 1/1
Downloading: ncbi_dataset.zip    247MB 19.3MB/s
[1A[2K[1A[2KCollecting 1 genome record [================================================] 100% 1/1
Downloading: ncbi_dataset.zip    247MB 19.3MB/s
[1A[2K[1A[2KCollecting 1 genome record [================================================] 100% 1/1
Downloading: ncbi_dataset.zip    247MB 19.3MB/s
[1A[2K[1A[2KCollecting 1 genome record [================================================] 100% 1/1
Downloading: ncbi_dataset.zip    247MB 19.3MB/s
[1A[2K[1A[2KCollecting 1 genome record [================================================] 100% 1/1
Downloading: ncbi_dataset.zip    247MB 19.3MB/s
[1A[2K[1A[2KCollecting 1 genome record [================================================] 100% 1/1
Downloading: ncbi_dataset.zip    247MB 19.3MB/s
[1A[2K[1A[2KCollecting 1 genome record [================================================] 100% 1/1
Downloading: ncbi_dataset.zip    247MB 19.3MB/s
[1A[2K[1A[2KCollecting 1 genome record [================================================] 100% 1/1
Downloading: ncbi_dataset.zip    247MB 19.3MB/s
[1A[2K[1A[2KCollecting 1 genome record [================================================] 100% 1/1
Downloading: ncbi_dataset.zip    247MB 19.3MB/s
[1A[2K[1A[2KCollecting 1 genome record [================================================] 100% 1/1
Downloading: ncbi_dataset.zip    247MB 19.3MB/s
[1A[2K[1A[2KCollecting 1 genome record [================================================] 100% 1/1
Downloading: ncbi_dataset.zip    248MB 19.1MB/s
[1A[2K[1A[2KCollecting 1 genome record [================================================] 100% 1/1
Downloading: ncbi_dataset.zip    248MB 19.2MB/s
[1A[2K[1A[2KCollecting 1 genome record [================================================] 100% 1/1
Downloading: ncbi_dataset.zip    249MB 19.2MB/s
[1A[2K[1A[2KCollecting 1 genome record [================================================] 100% 1/1
Downloading: ncbi_dataset.zip    249MB 19.2MB/s
[1A[2K[1A[2KCollecting 1 genome record [================================================] 100% 1/1
Downloading: ncbi_dataset.zip    249MB 19.2MB/s
[1A[2K[1A[2KCollecting 1 genome record [================================================] 100% 1/1
Downloading: ncbi_dataset.zip    250MB 19.2MB/s
[1A[2K[1A[2KCollecting 1 genome record [================================================] 100% 1/1
Downloading: ncbi_dataset.zip    251MB 19.3MB/s
[1A[2K[1A[2KCollecting 1 genome record [================================================] 100% 1/1
Downloading: ncbi_dataset.zip    251MB 19.3MB/s
[1A[2K[1A[2KCollecting 1 genome record [================================================] 100% 1/1
Downloading: ncbi_dataset.zip    251MB 19.3MB/s
[1A[2K[1A[2KCollecting 1 genome record [================================================] 100% 1/1
Downloading: ncbi_dataset.zip    251MB 19.3MB/s
[1A[2K[1A[2KCollecting 1 genome record [================================================] 100% 1/1
Downloading: ncbi_dataset.zip    251MB 19.3MB/s
[1A[2K[1A[2KCollecting 1 genome record [================================================] 100% 1/1
Downloading: ncbi_dataset.zip    251MB 19.3MB/s
[1A[2K[1A[2KCollecting 1 genome record [================================================] 100% 1/1
Downloading: ncbi_dataset.zip    251MB 19.3MB/s
[1A[2K[1A[2KCollecting 1 genome record [================================================] 100% 1/1
Downloading: ncbi_dataset.zip    251MB 19.3MB/s
[1A[2K[1A[2KCollecting 1 genome record [================================================] 100% 1/1
Downloading: ncbi_dataset.zip    251MB 19.3MB/s
[1A[2K[1A[2KCollecting 1 genome record [================================================] 100% 1/1
Downloading: ncbi_dataset.zip    251MB 19.3MB/s
[1A[2K[1A[2KCollecting 1 genome record [================================================] 100% 1/1
Downloading: ncbi_dataset.zip    251MB 19.2MB/s
[1A[2K[1A[2KCollecting 1 genome record [================================================] 100% 1/1
Downloading: ncbi_dataset.zip    252MB 19.2MB/s
[1A[2K[1A[2KCollecting 1 genome record [================================================] 100% 1/1
Downloading: ncbi_dataset.zip    252MB 19.2MB/s
[1A[2K[1A[2KCollecting 1 genome record [================================================] 100% 1/1
Downloading: ncbi_dataset.zip    253MB 19.3MB/s
[1A[2K[1A[2KCollecting 1 genome record [================================================] 100% 1/1
Downloading: ncbi_dataset.zip    254MB 19.3MB/s
[1A[2K[1A[2KCollecting 1 genome record [================================================] 100% 1/1
Downloading: ncbi_dataset.zip    254MB 19.3MB/s
[1A[2K[1A[2KCollecting 1 genome record [================================================] 100% 1/1
Downloading: ncbi_dataset.zip    254MB 19.3MB/s
[1A[2K[1A[2KCollecting 1 genome record [================================================] 100% 1/1
Downloading: ncbi_dataset.zip    254MB 19.3MB/s
[1A[2K[1A[2KCollecting 1 genome record [================================================] 100% 1/1
Downloading: ncbi_dataset.zip    254MB 19.3MB/s
[1A[2K[1A[2KCollecting 1 genome record [================================================] 100% 1/1
Downloading: ncbi_dataset.zip    254MB 19.3MB/s
[1A[2K[1A[2KCollecting 1 genome record [================================================] 100% 1/1
Downloading: ncbi_dataset.zip    254MB 19.3MB/s
[1A[2K[1A[2KCollecting 1 genome record [================================================] 100% 1/1
Downloading: ncbi_dataset.zip    254MB 19.3MB/s
[1A[2K[1A[2KCollecting 1 genome record [================================================] 100% 1/1
Downloading: ncbi_dataset.zip    254MB 19.3MB/s
[1A[2K[1A[2KCollecting 1 genome record [================================================] 100% 1/1
Downloading: ncbi_dataset.zip    254MB 19.3MB/s
[1A[2K[1A[2KCollecting 1 genome record [================================================] 100% 1/1
Downloading: ncbi_dataset.zip    254MB 19.3MB/s
[1A[2K[1A[2KCollecting 1 genome record [================================================] 100% 1/1
Downloading: ncbi_dataset.zip    254MB 19.3MB/s
[1A[2K[1A[2KCollecting 1 genome record [================================================] 100% 1/1
Downloading: ncbi_dataset.zip    254MB 19.3MB/s
[1A[2K[1A[2KCollecting 1 genome record [================================================] 100% 1/1
Downloading: ncbi_dataset.zip    254MB 19.2MB/s
[1A[2K[1A[2KCollecting 1 genome record [================================================] 100% 1/1
Downloading: ncbi_dataset.zip    255MB 19.2MB/s
[1A[2K[1A[2KCollecting 1 genome record [================================================] 100% 1/1
Downloading: ncbi_dataset.zip    255MB 19.2MB/s
[1A[2K[1A[2KCollecting 1 genome record [================================================] 100% 1/1
Downloading: ncbi_dataset.zip    255MB 19.2MB/s
[1A[2K[1A[2KCollecting 1 genome record [================================================] 100% 1/1
Downloading: ncbi_dataset.zip    256MB 19.2MB/s
[1A[2K[1A[2KCollecting 1 genome record [================================================] 100% 1/1
Downloading: ncbi_dataset.zip    257MB 19.3MB/s
[1A[2K[1A[2KCollecting 1 genome record [================================================] 100% 1/1
Downloading: ncbi_dataset.zip    258MB 19.3MB/s
[1A[2K[1A[2KCollecting 1 genome record [================================================] 100% 1/1
Downloading: ncbi_dataset.zip    258MB 19.3MB/s
[1A[2K[1A[2KCollecting 1 genome record [================================================] 100% 1/1
Downloading: ncbi_dataset.zip    258MB 19.3MB/s
[1A[2K[1A[2KCollecting 1 genome record [================================================] 100% 1/1
Downloading: ncbi_dataset.zip    258MB 19.3MB/s
[1A[2K[1A[2KCollecting 1 genome record [================================================] 100% 1/1
Downloading: ncbi_dataset.zip    258MB 19.3MB/s
[1A[2K[1A[2KCollecting 1 genome record [================================================] 100% 1/1
Downloading: ncbi_dataset.zip    258MB 19.3MB/s
[1A[2K[1A[2KCollecting 1 genome record [================================================] 100% 1/1
Downloading: ncbi_dataset.zip    258MB 19.3MB/s
[1A[2K[1A[2KCollecting 1 genome record [================================================] 100% 1/1
Downloading: ncbi_dataset.zip    258MB 19.3MB/s
[1A[2K[1A[2KCollecting 1 genome record [================================================] 100% 1/1
Downloading: ncbi_dataset.zip    258MB 19.3MB/s
[1A[2K[1A[2KCollecting 1 genome record [================================================] 100% 1/1
Downloading: ncbi_dataset.zip    258MB 19.3MB/s
[1A[2K[1A[2KCollecting 1 genome record [================================================] 100% 1/1
Downloading: ncbi_dataset.zip    258MB 19.3MB/s
[1A[2K[1A[2KCollecting 1 genome record [================================================] 100% 1/1
Downloading: ncbi_dataset.zip    258MB 19.2MB/s
[1A[2K[1A[2KCollecting 1 genome record [================================================] 100% 1/1
Downloading: ncbi_dataset.zip    259MB 19.2MB/s
[1A[2K[1A[2KCollecting 1 genome record [================================================] 100% 1/1
Downloading: ncbi_dataset.zip    259MB 19.3MB/s
[1A[2K[1A[2KCollecting 1 genome record [================================================] 100% 1/1
Downloading: ncbi_dataset.zip    260MB 19.3MB/s
[1A[2K[1A[2KCollecting 1 genome record [================================================] 100% 1/1
Downloading: ncbi_dataset.zip    261MB 19.3MB/s
[1A[2K[1A[2KCollecting 1 genome record [================================================] 100% 1/1
Downloading: ncbi_dataset.zip    261MB 19.3MB/s
[1A[2K[1A[2KCollecting 1 genome record [================================================] 100% 1/1
Downloading: ncbi_dataset.zip    261MB 19.3MB/s
[1A[2K[1A[2KCollecting 1 genome record [================================================] 100% 1/1
Downloading: ncbi_dataset.zip    262MB 19.4MB/s
[1A[2K[1A[2KCollecting 1 genome record [================================================] 100% 1/1
Downloading: ncbi_dataset.zip    262MB 19.4MB/s
[1A[2K[1A[2KCollecting 1 genome record [================================================] 100% 1/1
Downloading: ncbi_dataset.zip    262MB 19.4MB/s
[1A[2K[1A[2KCollecting 1 genome record [================================================] 100% 1/1
Downloading: ncbi_dataset.zip    262MB 19.4MB/s
[1A[2K[1A[2KCollecting 1 genome record [================================================] 100% 1/1
Downloading: ncbi_dataset.zip    262MB 19.4MB/s
[1A[2K[1A[2KCollecting 1 genome record [================================================] 100% 1/1
Downloading: ncbi_dataset.zip    262MB 19.4MB/s
[1A[2K[1A[2KCollecting 1 genome record [================================================] 100% 1/1
Downloading: ncbi_dataset.zip    262MB 19.4MB/s
[1A[2K[1A[2KCollecting 1 genome record [================================================] 100% 1/1
Downloading: ncbi_dataset.zip    262MB 19.4MB/s
[1A[2K[1A[2KCollecting 1 genome record [================================================] 100% 1/1
Downloading: ncbi_dataset.zip    262MB 19.4MB/s
[1A[2K[1A[2KCollecting 1 genome record [================================================] 100% 1/1
Downloading: ncbi_dataset.zip    262MB 19.4MB/s
[1A[2K[1A[2KCollecting 1 genome record [================================================] 100% 1/1
Downloading: ncbi_dataset.zip    262MB 19.2MB/s
[1A[2K[1A[2KCollecting 1 genome record [================================================] 100% 1/1
Downloading: ncbi_dataset.zip    262MB 19.2MB/s
[1A[2K[1A[2KCollecting 1 genome record [================================================] 100% 1/1
Downloading: ncbi_dataset.zip    262MB 19.2MB/s
[1A[2K[1A[2KCollecting 1 genome record [================================================] 100% 1/1
Downloading: ncbi_dataset.zip    263MB 19.3MB/s
[1A[2K[1A[2KCollecting 1 genome record [================================================] 100% 1/1
Downloading: ncbi_dataset.zip    264MB 19.3MB/s
[1A[2K[1A[2KCollecting 1 genome record [================================================] 100% 1/1
Downloading: ncbi_dataset.zip    264MB 19.3MB/s
[1A[2K[1A[2KCollecting 1 genome record [================================================] 100% 1/1
Downloading: ncbi_dataset.zip    264MB 19.3MB/s
[1A[2K[1A[2KCollecting 1 genome record [================================================] 100% 1/1
Downloading: ncbi_dataset.zip    265MB 19.3MB/s
[1A[2K[1A[2KCollecting 1 genome record [================================================] 100% 1/1
Downloading: ncbi_dataset.zip    265MB 19.4MB/s
[1A[2K[1A[2KCollecting 1 genome record [================================================] 100% 1/1
Downloading: ncbi_dataset.zip    265MB 19.4MB/s
[1A[2K[1A[2KCollecting 1 genome record [================================================] 100% 1/1
Downloading: ncbi_dataset.zip    265MB 19.4MB/s
[1A[2K[1A[2KCollecting 1 genome record [================================================] 100% 1/1
Downloading: ncbi_dataset.zip    265MB 19.4MB/s
[1A[2K[1A[2KCollecting 1 genome record [================================================] 100% 1/1
Downloading: ncbi_dataset.zip    265MB 19.4MB/s
[1A[2K[1A[2KCollecting 1 genome record [================================================] 100% 1/1
Downloading: ncbi_dataset.zip    265MB 19.4MB/s
[1A[2K[1A[2KCollecting 1 genome record [================================================] 100% 1/1
Downloading: ncbi_dataset.zip    265MB 19.4MB/s
[1A[2K[1A[2KCollecting 1 genome record [================================================] 100% 1/1
Downloading: ncbi_dataset.zip    265MB 19.4MB/s
[1A[2K[1A[2KCollecting 1 genome record [================================================] 100% 1/1
Downloading: ncbi_dataset.zip    265MB 19.4MB/s
[1A[2K[1A[2KCollecting 1 genome record [================================================] 100% 1/1
Downloading: ncbi_dataset.zip    266MB 19.2MB/s
[1A[2K[1A[2KCollecting 1 genome record [================================================] 100% 1/1
Downloading: ncbi_dataset.zip    266MB 19.3MB/s
[1A[2K[1A[2KCollecting 1 genome record [================================================] 100% 1/1
Downloading: ncbi_dataset.zip    267MB 19.3MB/s
[1A[2K[1A[2KCollecting 1 genome record [================================================] 100% 1/1
Downloading: ncbi_dataset.zip    267MB 19.3MB/s
[1A[2K[1A[2KCollecting 1 genome record [================================================] 100% 1/1
Downloading: ncbi_dataset.zip    268MB 19.3MB/s
[1A[2K[1A[2KCollecting 1 genome record [================================================] 100% 1/1
Downloading: ncbi_dataset.zip    268MB 19.3MB/s
[1A[2K[1A[2KCollecting 1 genome record [================================================] 100% 1/1
Downloading: ncbi_dataset.zip    268MB 19.4MB/s
[1A[2K[1A[2KCollecting 1 genome record [================================================] 100% 1/1
Downloading: ncbi_dataset.zip    269MB 19.4MB/s
[1A[2K[1A[2KCollecting 1 genome record [================================================] 100% 1/1
Downloading: ncbi_dataset.zip    269MB 19.4MB/s
[1A[2K[1A[2KCollecting 1 genome record [================================================] 100% 1/1
Downloading: ncbi_dataset.zip    269MB 19.4MB/s
[1A[2K[1A[2KCollecting 1 genome record [================================================] 100% 1/1
Downloading: ncbi_dataset.zip    269MB 19.4MB/s
[1A[2K[1A[2KCollecting 1 genome record [================================================] 100% 1/1
Downloading: ncbi_dataset.zip    269MB 19.4MB/s
[1A[2K[1A[2KCollecting 1 genome record [================================================] 100% 1/1
Downloading: ncbi_dataset.zip    269MB 19.4MB/s
[1A[2K[1A[2KCollecting 1 genome record [================================================] 100% 1/1
Downloading: ncbi_dataset.zip    269MB 19.4MB/s
[1A[2K[1A[2KCollecting 1 genome record [================================================] 100% 1/1
Downloading: ncbi_dataset.zip    269MB 19.4MB/s
[1A[2K[1A[2KCollecting 1 genome record [================================================] 100% 1/1
Downloading: ncbi_dataset.zip    269MB 19.4MB/s
[1A[2K[1A[2KCollecting 1 genome record [================================================] 100% 1/1
Downloading: ncbi_dataset.zip    269MB 19.4MB/s
[1A[2K[1A[2KCollecting 1 genome record [================================================] 100% 1/1
Downloading: ncbi_dataset.zip    269MB 19.2MB/s
[1A[2K[1A[2KCollecting 1 genome record [================================================] 100% 1/1
Downloading: ncbi_dataset.zip    269MB 19.3MB/s
[1A[2K[1A[2KCollecting 1 genome record [================================================] 100% 1/1
Downloading: ncbi_dataset.zip    270MB 19.3MB/s
[1A[2K[1A[2KCollecting 1 genome record [================================================] 100% 1/1
Downloading: ncbi_dataset.zip    270MB 19.3MB/s
[1A[2K[1A[2KCollecting 1 genome record [================================================] 100% 1/1
Downloading: ncbi_dataset.zip    271MB 19.3MB/s
[1A[2K[1A[2KCollecting 1 genome record [================================================] 100% 1/1
Downloading: ncbi_dataset.zip    271MB 19.3MB/s
[1A[2K[1A[2KCollecting 1 genome record [================================================] 100% 1/1
Downloading: ncbi_dataset.zip    272MB 19.3MB/s
[1A[2K[1A[2KCollecting 1 genome record [================================================] 100% 1/1
Downloading: ncbi_dataset.zip    272MB 19.4MB/s
[1A[2K[1A[2KCollecting 1 genome record [================================================] 100% 1/1
Downloading: ncbi_dataset.zip    272MB 19.4MB/s
[1A[2K[1A[2KCollecting 1 genome record [================================================] 100% 1/1
Downloading: ncbi_dataset.zip    272MB 19.4MB/s
[1A[2K[1A[2KCollecting 1 genome record [================================================] 100% 1/1
Downloading: ncbi_dataset.zip    272MB 19.4MB/s
[1A[2K[1A[2KCollecting 1 genome record [================================================] 100% 1/1
Downloading: ncbi_dataset.zip    272MB 19.4MB/s
[1A[2K[1A[2KCollecting 1 genome record [================================================] 100% 1/1
Downloading: ncbi_dataset.zip    272MB 19.4MB/s
[1A[2K[1A[2KCollecting 1 genome record [================================================] 100% 1/1
Downloading: ncbi_dataset.zip    272MB 19.4MB/s
[1A[2K[1A[2KCollecting 1 genome record [================================================] 100% 1/1
Downloading: ncbi_dataset.zip    272MB 19.4MB/s
[1A[2K[1A[2KCollecting 1 genome record [================================================] 100% 1/1
Downloading: ncbi_dataset.zip    272MB 19.4MB/s
[1A[2K[1A[2KCollecting 1 genome record [================================================] 100% 1/1
Downloading: ncbi_dataset.zip    272MB 19.4MB/s
[1A[2K[1A[2KCollecting 1 genome record [================================================] 100% 1/1
Downloading: ncbi_dataset.zip    272MB 19.3MB/s
[1A[2K[1A[2KCollecting 1 genome record [================================================] 100% 1/1
Downloading: ncbi_dataset.zip    273MB 19.3MB/s
[1A[2K[1A[2KCollecting 1 genome record [================================================] 100% 1/1
Downloading: ncbi_dataset.zip    273MB 19.3MB/s
[1A[2K[1A[2KCollecting 1 genome record [================================================] 100% 1/1
Downloading: ncbi_dataset.zip    274MB 19.3MB/s
[1A[2K[1A[2KCollecting 1 genome record [================================================] 100% 1/1
Downloading: ncbi_dataset.zip    274MB 19.3MB/s
[1A[2K[1A[2KCollecting 1 genome record [================================================] 100% 1/1
Downloading: ncbi_dataset.zip    275MB 19.4MB/s
[1A[2K[1A[2KCollecting 1 genome record [================================================] 100% 1/1
Downloading: ncbi_dataset.zip    275MB 19.4MB/s
[1A[2K[1A[2KCollecting 1 genome record [================================================] 100% 1/1
Downloading: ncbi_dataset.zip    276MB 19.4MB/s
[1A[2K[1A[2KCollecting 1 genome record [================================================] 100% 1/1
Downloading: ncbi_dataset.zip    276MB 19.4MB/s
[1A[2K[1A[2KCollecting 1 genome record [================================================] 100% 1/1
Downloading: ncbi_dataset.zip    276MB 19.4MB/s
[1A[2K[1A[2KCollecting 1 genome record [================================================] 100% 1/1
Downloading: ncbi_dataset.zip    276MB 19.4MB/s
[1A[2K[1A[2KCollecting 1 genome record [================================================] 100% 1/1
Downloading: ncbi_dataset.zip    276MB 19.4MB/s
[1A[2K[1A[2KCollecting 1 genome record [================================================] 100% 1/1
Downloading: ncbi_dataset.zip    276MB 19.4MB/s
[1A[2K[1A[2KCollecting 1 genome record [================================================] 100% 1/1
Downloading: ncbi_dataset.zip    276MB 19.4MB/s
[1A[2K[1A[2KCollecting 1 genome record [================================================] 100% 1/1
Downloading: ncbi_dataset.zip    276MB 19.4MB/s
[1A[2K[1A[2KCollecting 1 genome record [================================================] 100% 1/1
Downloading: ncbi_dataset.zip    276MB 19.4MB/s
[1A[2K[1A[2KCollecting 1 genome record [================================================] 100% 1/1
Downloading: ncbi_dataset.zip    276MB 19.4MB/s
[1A[2K[1A[2KCollecting 1 genome record [================================================] 100% 1/1
Downloading: ncbi_dataset.zip    276MB 19.3MB/s
[1A[2K[1A[2KCollecting 1 genome record [================================================] 100% 1/1
Downloading: ncbi_dataset.zip    276MB 19.3MB/s
[1A[2K[1A[2KCollecting 1 genome record [================================================] 100% 1/1
Downloading: ncbi_dataset.zip    277MB 19.3MB/s
[1A[2K[1A[2KCollecting 1 genome record [================================================] 100% 1/1
Downloading: ncbi_dataset.zip    277MB 19.3MB/s
[1A[2K[1A[2KCollecting 1 genome record [================================================] 100% 1/1
Downloading: ncbi_dataset.zip    278MB 19.3MB/s
[1A[2K[1A[2KCollecting 1 genome record [================================================] 100% 1/1
Downloading: ncbi_dataset.zip    278MB 19.3MB/s
[1A[2K[1A[2KCollecting 1 genome record [================================================] 100% 1/1
Downloading: ncbi_dataset.zip    278MB 19.4MB/s
[1A[2K[1A[2KCollecting 1 genome record [================================================] 100% 1/1
Downloading: ncbi_dataset.zip    279MB 19.4MB/s
[1A[2K[1A[2KCollecting 1 genome record [================================================] 100% 1/1
Downloading: ncbi_dataset.zip    279MB 19.4MB/s
[1A[2K[1A[2KCollecting 1 genome record [================================================] 100% 1/1
Downloading: ncbi_dataset.zip    279MB 19.4MB/s
[1A[2K[1A[2KCollecting 1 genome record [================================================] 100% 1/1
Downloading: ncbi_dataset.zip    279MB 19.4MB/s
[1A[2K[1A[2KCollecting 1 genome record [================================================] 100% 1/1
Downloading: ncbi_dataset.zip    279MB 19.4MB/s
[1A[2K[1A[2KCollecting 1 genome record [================================================] 100% 1/1
Downloading: ncbi_dataset.zip    279MB 19.4MB/s
[1A[2K[1A[2KCollecting 1 genome record [================================================] 100% 1/1
Downloading: ncbi_dataset.zip    279MB 19.4MB/s
[1A[2K[1A[2KCollecting 1 genome record [================================================] 100% 1/1
Downloading: ncbi_dataset.zip    279MB 19.4MB/s
[1A[2K[1A[2KCollecting 1 genome record [================================================] 100% 1/1
Downloading: ncbi_dataset.zip    279MB 19.4MB/s
[1A[2K[1A[2KCollecting 1 genome record [================================================] 100% 1/1
Downloading: ncbi_dataset.zip    279MB 19.4MB/s
[1A[2K[1A[2KCollecting 1 genome record [================================================] 100% 1/1
Downloading: ncbi_dataset.zip    279MB 19.3MB/s
[1A[2K[1A[2KCollecting 1 genome record [================================================] 100% 1/1
Downloading: ncbi_dataset.zip    280MB 19.3MB/s
[1A[2K[1A[2KCollecting 1 genome record [================================================] 100% 1/1
Downloading: ncbi_dataset.zip    281MB 19.3MB/s
[1A[2K[1A[2KCollecting 1 genome record [================================================] 100% 1/1
Downloading: ncbi_dataset.zip    281MB 19.3MB/s
[1A[2K[1A[2KCollecting 1 genome record [================================================] 100% 1/1
Downloading: ncbi_dataset.zip    282MB 19.4MB/s
[1A[2K[1A[2KCollecting 1 genome record [================================================] 100% 1/1
Downloading: ncbi_dataset.zip    282MB 19.4MB/s
[1A[2K[1A[2KCollecting 1 genome record [================================================] 100% 1/1
Downloading: ncbi_dataset.zip    282MB 19.4MB/s
[1A[2K[1A[2KCollecting 1 genome record [================================================] 100% 1/1
Downloading: ncbi_dataset.zip    283MB 19.4MB/s
[1A[2K[1A[2KCollecting 1 genome record [================================================] 100% 1/1
Downloading: ncbi_dataset.zip    283MB 19.4MB/s
[1A[2K[1A[2KCollecting 1 genome record [================================================] 100% 1/1
Downloading: ncbi_dataset.zip    283MB 19.4MB/s
[1A[2K[1A[2KCollecting 1 genome record [================================================] 100% 1/1
Downloading: ncbi_dataset.zip    283MB 19.4MB/s
[1A[2K[1A[2KCollecting 1 genome record [================================================] 100% 1/1
Downloading: ncbi_dataset.zip    283MB 19.4MB/s
[1A[2K[1A[2KCollecting 1 genome record [================================================] 100% 1/1
Downloading: ncbi_dataset.zip    283MB 19.4MB/s
[1A[2K[1A[2KCollecting 1 genome record [================================================] 100% 1/1
Downloading: ncbi_dataset.zip    283MB 19.4MB/s
[1A[2K[1A[2KCollecting 1 genome record [================================================] 100% 1/1
Downloading: ncbi_dataset.zip    283MB 19.4MB/s
[1A[2K[1A[2KCollecting 1 genome record [================================================] 100% 1/1
Downloading: ncbi_dataset.zip    283MB 19.4MB/s
[1A[2K[1A[2KCollecting 1 genome record [================================================] 100% 1/1
Downloading: ncbi_dataset.zip    283MB 19.4MB/s
[1A[2K[1A[2KCollecting 1 genome record [================================================] 100% 1/1
Downloading: ncbi_dataset.zip    283MB 19.3MB/s
[1A[2K[1A[2KCollecting 1 genome record [================================================] 100% 1/1
Downloading: ncbi_dataset.zip    283MB 19.3MB/s
[1A[2K[1A[2KCollecting 1 genome record [================================================] 100% 1/1
Downloading: ncbi_dataset.zip    284MB 19.3MB/s
[1A[2K[1A[2KCollecting 1 genome record [================================================] 100% 1/1
Downloading: ncbi_dataset.zip    284MB 19.3MB/s
[1A[2K[1A[2KCollecting 1 genome record [================================================] 100% 1/1
Downloading: ncbi_dataset.zip    284MB 19.3MB/s
[1A[2K[1A[2KCollecting 1 genome record [================================================] 100% 1/1
Downloading: ncbi_dataset.zip    285MB 19.3MB/s
[1A[2K[1A[2KCollecting 1 genome record [================================================] 100% 1/1
Downloading: ncbi_dataset.zip    285MB 19.3MB/s
[1A[2K[1A[2KCollecting 1 genome record [================================================] 100% 1/1
Downloading: ncbi_dataset.zip    285MB 19.4MB/s
[1A[2K[1A[2KCollecting 1 genome record [================================================] 100% 1/1
Downloading: ncbi_dataset.zip    286MB 19.4MB/s
[1A[2K[1A[2KCollecting 1 genome record [================================================] 100% 1/1
Downloading: ncbi_dataset.zip    286MB 19.4MB/s
[1A[2K[1A[2KCollecting 1 genome record [================================================] 100% 1/1
Downloading: ncbi_dataset.zip    286MB 19.4MB/s
[1A[2K[1A[2KCollecting 1 genome record [================================================] 100% 1/1
Downloading: ncbi_dataset.zip    287MB 19.4MB/s
[1A[2K[1A[2KCollecting 1 genome record [================================================] 100% 1/1
Downloading: ncbi_dataset.zip    287MB 19.4MB/s
[1A[2K[1A[2KCollecting 1 genome record [================================================] 100% 1/1
Downloading: ncbi_dataset.zip    287MB 19.4MB/s
[1A[2K[1A[2KCollecting 1 genome record [================================================] 100% 1/1
Downloading: ncbi_dataset.zip    287MB 19.4MB/s
[1A[2K[1A[2KCollecting 1 genome record [================================================] 100% 1/1
Downloading: ncbi_dataset.zip    287MB 19.4MB/s
[1A[2K[1A[2KCollecting 1 genome record [================================================] 100% 1/1
Downloading: ncbi_dataset.zip    287MB 19.4MB/s
[1A[2K[1A[2KCollecting 1 genome record [================================================] 100% 1/1
Downloading: ncbi_dataset.zip    287MB 19.3MB/s
[1A[2K[1A[2KCollecting 1 genome record [================================================] 100% 1/1
Downloading: ncbi_dataset.zip    287MB 19.3MB/s
[1A[2K[1A[2KCollecting 1 genome record [================================================] 100% 1/1
Downloading: ncbi_dataset.zip    287MB 19.3MB/s
[1A[2K[1A[2KCollecting 1 genome record [================================================] 100% 1/1
Downloading: ncbi_dataset.zip    287MB 19.3MB/s
[1A[2K[1A[2KCollecting 1 genome record [================================================] 100% 1/1
Downloading: ncbi_dataset.zip    288MB 19.3MB/s
[1A[2K[1A[2KCollecting 1 genome record [================================================] 100% 1/1
Downloading: ncbi_dataset.zip    288MB 19.3MB/s
[1A[2K[1A[2KCollecting 1 genome record [================================================] 100% 1/1
Downloading: ncbi_dataset.zip    288MB 19.3MB/s
[1A[2K[1A[2KCollecting 1 genome record [================================================] 100% 1/1
Downloading: ncbi_dataset.zip    288MB 19.3MB/s
[1A[2K[1A[2KCollecting 1 genome record [================================================] 100% 1/1
Downloading: ncbi_dataset.zip    289MB 19.3MB/s
[1A[2K[1A[2KCollecting 1 genome record [================================================] 100% 1/1
Downloading: ncbi_dataset.zip    289MB 19.3MB/s
[1A[2K[1A[2KCollecting 1 genome record [================================================] 100% 1/1
Downloading: ncbi_dataset.zip    289MB 19.3MB/s
[1A[2K[1A[2KCollecting 1 genome record [================================================] 100% 1/1
Downloading: ncbi_dataset.zip    289MB 19.3MB/s
[1A[2K[1A[2KCollecting 1 genome record [================================================] 100% 1/1
Downloading: ncbi_dataset.zip    290MB 19.3MB/s
[1A[2K[1A[2KCollecting 1 genome record [================================================] 100% 1/1
Downloading: ncbi_dataset.zip    290MB 19.4MB/s
[1A[2K[1A[2KCollecting 1 genome record [================================================] 100% 1/1
Downloading: ncbi_dataset.zip    290MB 19.4MB/s
[1A[2K[1A[2KCollecting 1 genome record [================================================] 100% 1/1
Downloading: ncbi_dataset.zip    290MB 19.4MB/s
[1A[2K[1A[2KCollecting 1 genome record [================================================] 100% 1/1
Downloading: ncbi_dataset.zip    290MB 19.4MB/s
[1A[2K[1A[2KCollecting 1 genome record [================================================] 100% 1/1
Downloading: ncbi_dataset.zip    290MB 19.4MB/s
[1A[2K[1A[2KCollecting 1 genome record [================================================] 100% 1/1
Downloading: ncbi_dataset.zip    290MB 19.3MB/s
[1A[2K[1A[2KCollecting 1 genome record [================================================] 100% 1/1
Downloading: ncbi_dataset.zip    291MB 19.3MB/s
[1A[2K[1A[2KCollecting 1 genome record [================================================] 100% 1/1
Downloading: ncbi_dataset.zip    292MB 19.4MB/s
[1A[2K[1A[2KCollecting 1 genome record [================================================] 100% 1/1
Downloading: ncbi_dataset.zip    292MB 19.4MB/s
[1A[2K[1A[2KCollecting 1 genome record [================================================] 100% 1/1
Downloading: ncbi_dataset.zip    293MB 19.4MB/s
[1A[2K[1A[2KCollecting 1 genome record [================================================] 100% 1/1
Downloading: ncbi_dataset.zip    293MB 19.4MB/s
[1A[2K[1A[2KCollecting 1 genome record [================================================] 100% 1/1
Downloading: ncbi_dataset.zip    293MB 19.4MB/s
[1A[2K[1A[2KCollecting 1 genome record [================================================] 100% 1/1
Downloading: ncbi_dataset.zip    293MB 19.4MB/s
[1A[2K[1A[2KCollecting 1 genome record [================================================] 100% 1/1
Downloading: ncbi_dataset.zip    293MB 19.4MB/s
[1A[2K[1A[2KCollecting 1 genome record [================================================] 100% 1/1
Downloading: ncbi_dataset.zip    293MB 19.4MB/s
[1A[2K[1A[2KCollecting 1 genome record [================================================] 100% 1/1
Downloading: ncbi_dataset.zip    293MB 19.4MB/s
[1A[2K[1A[2KCollecting 1 genome record [================================================] 100% 1/1
Downloading: ncbi_dataset.zip    293MB 19.4MB/s
[1A[2K[1A[2KCollecting 1 genome record [================================================] 100% 1/1
Downloading: ncbi_dataset.zip    293MB 19.4MB/s
[1A[2K[1A[2KCollecting 1 genome record [================================================] 100% 1/1
Downloading: ncbi_dataset.zip    293MB 19.4MB/s
[1A[2K[1A[2KCollecting 1 genome record [================================================] 100% 1/1
Downloading: ncbi_dataset.zip    293MB 19.4MB/s
[1A[2K[1A[2KCollecting 1 genome record [================================================] 100% 1/1
Downloading: ncbi_dataset.zip    293MB 19.4MB/s
[1A[2K[1A[2KCollecting 1 genome record [================================================] 100% 1/1
Downloading: ncbi_dataset.zip    294MB 19.3MB/s
[1A[2K[1A[2KCollecting 1 genome record [================================================] 100% 1/1
Downloading: ncbi_dataset.zip    294MB 19.3MB/s
[1A[2K[1A[2KCollecting 1 genome record [================================================] 100% 1/1
Downloading: ncbi_dataset.zip    295MB 19.4MB/s
[1A[2K[1A[2KCollecting 1 genome record [================================================] 100% 1/1
Downloading: ncbi_dataset.zip    295MB 19.4MB/s
[1A[2K[1A[2KCollecting 1 genome record [================================================] 100% 1/1
Downloading: ncbi_dataset.zip    296MB 19.4MB/s
[1A[2K[1A[2KCollecting 1 genome record [================================================] 100% 1/1
Downloading: ncbi_dataset.zip    296MB 19.4MB/s
[1A[2K[1A[2KCollecting 1 genome record [================================================] 100% 1/1
Downloading: ncbi_dataset.zip    297MB 19.4MB/s
[1A[2K[1A[2KCollecting 1 genome record [================================================] 100% 1/1
Downloading: ncbi_dataset.zip    297MB 19.4MB/s
[1A[2K[1A[2KCollecting 1 genome record [================================================] 100% 1/1
Downloading: ncbi_dataset.zip    297MB 19.4MB/s
[1A[2K[1A[2KCollecting 1 genome record [================================================] 100% 1/1
Downloading: ncbi_dataset.zip    297MB 19.4MB/s
[1A[2K[1A[2KCollecting 1 genome record [================================================] 100% 1/1
Downloading: ncbi_dataset.zip    297MB 19.4MB/s
[1A[2K[1A[2KCollecting 1 genome record [================================================] 100% 1/1
Downloading: ncbi_dataset.zip    297MB 19.4MB/s
[1A[2K[1A[2KCollecting 1 genome record [================================================] 100% 1/1
Downloading: ncbi_dataset.zip    297MB 19.4MB/s
[1A[2K[1A[2KCollecting 1 genome record [================================================] 100% 1/1
Downloading: ncbi_dataset.zip    297MB 19.4MB/s
[1A[2K[1A[2KCollecting 1 genome record [================================================] 100% 1/1
Downloading: ncbi_dataset.zip    297MB 19.4MB/s
[1A[2K[1A[2KCollecting 1 genome record [================================================] 100% 1/1
Downloading: ncbi_dataset.zip    297MB 19.4MB/s
[1A[2K[1A[2KCollecting 1 genome record [================================================] 100% 1/1
Downloading: ncbi_dataset.zip    297MB 19.4MB/s
[1A[2K[1A[2KCollecting 1 genome record [================================================] 100% 1/1
Downloading: ncbi_dataset.zip    297MB 19.3MB/s
[1A[2K[1A[2KCollecting 1 genome record [================================================] 100% 1/1
Downloading: ncbi_dataset.zip    298MB 19.4MB/s
[1A[2K[1A[2KCollecting 1 genome record [================================================] 100% 1/1
Downloading: ncbi_dataset.zip    298MB 19.4MB/s
[1A[2K[1A[2KCollecting 1 genome record [================================================] 100% 1/1
Downloading: ncbi_dataset.zip    299MB 19.4MB/s
[1A[2K[1A[2KCollecting 1 genome record [================================================] 100% 1/1
Downloading: ncbi_dataset.zip    299MB 19.4MB/s
[1A[2K[1A[2KCollecting 1 genome record [================================================] 100% 1/1
Downloading: ncbi_dataset.zip    300MB 19.4MB/s
[1A[2K[1A[2KCollecting 1 genome record [================================================] 100% 1/1
Downloading: ncbi_dataset.zip    300MB 19.4MB/s
[1A[2K[1A[2KCollecting 1 genome record [================================================] 100% 1/1
Downloading: ncbi_dataset.zip    300MB 19.5MB/s
[1A[2K[1A[2KCollecting 1 genome record [================================================] 100% 1/1
Downloading: ncbi_dataset.zip    300MB 19.5MB/s
[1A[2K[1A[2KCollecting 1 genome record [================================================] 100% 1/1
Downloading: ncbi_dataset.zip    300MB 19.5MB/s
[1A[2K[1A[2KCollecting 1 genome record [================================================] 100% 1/1
Downloading: ncbi_dataset.zip    300MB 19.5MB/s
[1A[2K[1A[2KCollecting 1 genome record [================================================] 100% 1/1
Downloading: ncbi_dataset.zip    300MB 19.5MB/s
[1A[2K[1A[2KCollecting 1 genome record [================================================] 100% 1/1
Downloading: ncbi_dataset.zip    300MB 19.5MB/s
[1A[2K[1A[2KCollecting 1 genome record [================================================] 100% 1/1
Downloading: ncbi_dataset.zip    300MB 19.5MB/s
[1A[2K[1A[2KCollecting 1 genome record [================================================] 100% 1/1
Downloading: ncbi_dataset.zip    300MB 19.5MB/s
[1A[2K[1A[2KCollecting 1 genome record [================================================] 100% 1/1
Downloading: ncbi_dataset.zip    300MB 19.5MB/s
[1A[2K[1A[2KCollecting 1 genome record [================================================] 100% 1/1
Downloading: ncbi_dataset.zip    300MB 19.5MB/s
[1A[2K[1A[2KCollecting 1 genome record [================================================] 100% 1/1
Downloading: ncbi_dataset.zip    301MB 19.4MB/s
[1A[2K[1A[2KCollecting 1 genome record [================================================] 100% 1/1
Downloading: ncbi_dataset.zip    302MB 19.4MB/s
[1A[2K[1A[2KCollecting 1 genome record [================================================] 100% 1/1
Downloading: ncbi_dataset.zip    302MB 19.4MB/s
[1A[2K[1A[2KCollecting 1 genome record [================================================] 100% 1/1
Downloading: ncbi_dataset.zip    303MB 19.5MB/s
[1A[2K[1A[2KCollecting 1 genome record [================================================] 100% 1/1
Downloading: ncbi_dataset.zip    304MB 19.5MB/s
[1A[2K[1A[2KCollecting 1 genome record [================================================] 100% 1/1
Downloading: ncbi_dataset.zip    304MB 19.5MB/s
[1A[2K[1A[2KCollecting 1 genome record [================================================] 100% 1/1
Downloading: ncbi_dataset.zip    304MB 19.5MB/s
[1A[2K[1A[2KCollecting 1 genome record [================================================] 100% 1/1
Downloading: ncbi_dataset.zip    304MB 19.5MB/s
[1A[2K[1A[2KCollecting 1 genome record [================================================] 100% 1/1
Downloading: ncbi_dataset.zip    304MB 19.5MB/s
[1A[2K[1A[2KCollecting 1 genome record [================================================] 100% 1/1
Downloading: ncbi_dataset.zip    304MB 19.5MB/s
[1A[2K[1A[2KCollecting 1 genome record [================================================] 100% 1/1
Downloading: ncbi_dataset.zip    304MB 19.5MB/s
[1A[2K[1A[2KCollecting 1 genome record [================================================] 100% 1/1
Downloading: ncbi_dataset.zip    304MB 19.5MB/s
[1A[2K[1A[2KCollecting 1 genome record [================================================] 100% 1/1
Downloading: ncbi_dataset.zip    304MB 19.5MB/s
[1A[2K[1A[2KCollecting 1 genome record [================================================] 100% 1/1
Downloading: ncbi_dataset.zip    304MB 19.5MB/s
[1A[2K[1A[2KCollecting 1 genome record [================================================] 100% 1/1
Downloading: ncbi_dataset.zip    304MB 19.5MB/s
[1A[2K[1A[2KCollecting 1 genome record [================================================] 100% 1/1
Downloading: ncbi_dataset.zip    304MB 19.5MB/s
[1A[2K[1A[2KCollecting 1 genome record [================================================] 100% 1/1
Downloading: ncbi_dataset.zip    304MB 19.5MB/s
[1A[2K[1A[2KCollecting 1 genome record [================================================] 100% 1/1
Downloading: ncbi_dataset.zip    304MB 19.4MB/s
[1A[2K[1A[2KCollecting 1 genome record [================================================] 100% 1/1
Downloading: ncbi_dataset.zip    305MB 19.4MB/s
[1A[2K[1A[2KCollecting 1 genome record [================================================] 100% 1/1
Downloading: ncbi_dataset.zip    306MB 19.4MB/s
[1A[2K[1A[2KCollecting 1 genome record [================================================] 100% 1/1
Downloading: ncbi_dataset.zip    306MB 19.4MB/s
[1A[2K[1A[2KCollecting 1 genome record [================================================] 100% 1/1
Downloading: ncbi_dataset.zip    307MB 19.4MB/s
[1A[2K[1A[2KCollecting 1 genome record [================================================] 100% 1/1
Downloading: ncbi_dataset.zip    307MB 19.5MB/s
[1A[2K[1A[2KCollecting 1 genome record [================================================] 100% 1/1
Downloading: ncbi_dataset.zip    308MB 19.5MB/s
[1A[2K[1A[2KCollecting 1 genome record [================================================] 100% 1/1
Downloading: ncbi_dataset.zip    308MB 19.5MB/s
[1A[2K[1A[2KCollecting 1 genome record [================================================] 100% 1/1
Downloading: ncbi_dataset.zip    308MB 19.5MB/s
[1A[2K[1A[2KCollecting 1 genome record [================================================] 100% 1/1
Downloading: ncbi_dataset.zip    308MB 19.5MB/s
[1A[2K[1A[2KCollecting 1 genome record [================================================] 100% 1/1
Downloading: ncbi_dataset.zip    308MB 19.5MB/s
[1A[2K[1A[2KCollecting 1 genome record [================================================] 100% 1/1
Downloading: ncbi_dataset.zip    308MB 19.5MB/s
[1A[2K[1A[2KCollecting 1 genome record [================================================] 100% 1/1
Downloading: ncbi_dataset.zip    308MB 19.5MB/s
[1A[2K[1A[2KCollecting 1 genome record [================================================] 100% 1/1
Downloading: ncbi_dataset.zip    308MB 19.5MB/s
[1A[2K[1A[2KCollecting 1 genome record [================================================] 100% 1/1
Downloading: ncbi_dataset.zip    308MB 19.5MB/s
[1A[2K[1A[2KCollecting 1 genome record [================================================] 100% 1/1
Downloading: ncbi_dataset.zip    308MB 19.5MB/s
[1A[2K[1A[2KCollecting 1 genome record [================================================] 100% 1/1
Downloading: ncbi_dataset.zip    308MB 19.5MB/s
[1A[2K[1A[2KCollecting 1 genome record [================================================] 100% 1/1
Downloading: ncbi_dataset.zip    308MB 19.4MB/s
[1A[2K[1A[2KCollecting 1 genome record [================================================] 100% 1/1
Downloading: ncbi_dataset.zip    309MB 19.4MB/s
[1A[2K[1A[2KCollecting 1 genome record [================================================] 100% 1/1
Downloading: ncbi_dataset.zip    309MB 19.4MB/s
[1A[2K[1A[2KCollecting 1 genome record [================================================] 100% 1/1
Downloading: ncbi_dataset.zip    310MB 19.5MB/s
[1A[2K[1A[2KCollecting 1 genome record [================================================] 100% 1/1
Downloading: ncbi_dataset.zip    311MB 19.5MB/s
[1A[2K[1A[2KCollecting 1 genome record [================================================] 100% 1/1
Downloading: ncbi_dataset.zip    311MB 19.5MB/s
[1A[2K[1A[2KCollecting 1 genome record [================================================] 100% 1/1
Downloading: ncbi_dataset.zip    311MB 19.5MB/s
[1A[2K[1A[2KCollecting 1 genome record [================================================] 100% 1/1
Downloading: ncbi_dataset.zip    311MB 19.5MB/s
[1A[2K[1A[2KCollecting 1 genome record [================================================] 100% 1/1
Downloading: ncbi_dataset.zip    311MB 19.5MB/s
[1A[2K[1A[2KCollecting 1 genome record [================================================] 100% 1/1
Downloading: ncbi_dataset.zip    311MB 19.5MB/s
[1A[2K[1A[2KCollecting 1 genome record [================================================] 100% 1/1
Downloading: ncbi_dataset.zip    311MB 19.5MB/s
[1A[2K[1A[2KCollecting 1 genome record [================================================] 100% 1/1
Downloading: ncbi_dataset.zip    311MB 19.5MB/s
[1A[2K[1A[2KCollecting 1 genome record [================================================] 100% 1/1
Downloading: ncbi_dataset.zip    311MB 19.5MB/s
[1A[2K[1A[2KCollecting 1 genome record [================================================] 100% 1/1
Downloading: ncbi_dataset.zip    311MB 19.5MB/s
[1A[2K[1A[2KCollecting 1 genome record [================================================] 100% 1/1
Downloading: ncbi_dataset.zip    311MB 19.5MB/s
[1A[2K[1A[2KCollecting 1 genome record [================================================] 100% 1/1
Downloading: ncbi_dataset.zip    311MB 19.5MB/s
[1A[2K[1A[2KCollecting 1 genome record [================================================] 100% 1/1
Downloading: ncbi_dataset.zip    311MB 19.5MB/s
[1A[2K[1A[2KCollecting 1 genome record [================================================] 100% 1/1
Downloading: ncbi_dataset.zip    312MB 19.4MB/s
[1A[2K[1A[2KCollecting 1 genome record [================================================] 100% 1/1
Downloading: ncbi_dataset.zip    312MB 19.4MB/s
[1A[2K[1A[2KCollecting 1 genome record [================================================] 100% 1/1
Downloading: ncbi_dataset.zip    313MB 19.4MB/s
[1A[2K[1A[2KCollecting 1 genome record [================================================] 100% 1/1
Downloading: ncbi_dataset.zip    313MB 19.5MB/s
[1A[2K[1A[2KCollecting 1 genome record [================================================] 100% 1/1
Downloading: ncbi_dataset.zip    314MB 19.5MB/s
[1A[2K[1A[2KCollecting 1 genome record [================================================] 100% 1/1
Downloading: ncbi_dataset.zip    315MB 19.5MB/s
[1A[2K[1A[2KCollecting 1 genome record [================================================] 100% 1/1
Downloading: ncbi_dataset.zip    315MB 19.5MB/s
[1A[2K[1A[2KCollecting 1 genome record [================================================] 100% 1/1
Downloading: ncbi_dataset.zip    315MB 19.5MB/s
[1A[2K[1A[2KCollecting 1 genome record [================================================] 100% 1/1
Downloading: ncbi_dataset.zip    315MB 19.5MB/s
[1A[2K[1A[2KCollecting 1 genome record [================================================] 100% 1/1
Downloading: ncbi_dataset.zip    315MB 19.5MB/s
[1A[2K[1A[2KCollecting 1 genome record [================================================] 100% 1/1
Downloading: ncbi_dataset.zip    315MB 19.5MB/s
[1A[2K[1A[2KCollecting 1 genome record [================================================] 100% 1/1
Downloading: ncbi_dataset.zip    315MB 19.5MB/s
[1A[2K[1A[2KCollecting 1 genome record [================================================] 100% 1/1
Downloading: ncbi_dataset.zip    315MB 19.5MB/s
[1A[2K[1A[2KCollecting 1 genome record [================================================] 100% 1/1
Downloading: ncbi_dataset.zip    315MB 19.5MB/s
[1A[2K[1A[2KCollecting 1 genome record [================================================] 100% 1/1
Downloading: ncbi_dataset.zip    315MB 19.5MB/s
[1A[2K[1A[2KCollecting 1 genome record [================================================] 100% 1/1
Downloading: ncbi_dataset.zip    315MB 19.5MB/s
[1A[2K[1A[2KCollecting 1 genome record [================================================] 100% 1/1
Downloading: ncbi_dataset.zip    315MB 19.5MB/s
[1A[2K[1A[2KCollecting 1 genome record [================================================] 100% 1/1
Downloading: ncbi_dataset.zip    315MB 19.4MB/s
[1A[2K[1A[2KCollecting 1 genome record [================================================] 100% 1/1
Downloading: ncbi_dataset.zip    316MB 19.5MB/s
[1A[2K[1A[2KCollecting 1 genome record [================================================] 100% 1/1
Downloading: ncbi_dataset.zip    317MB 19.5MB/s
[1A[2K[1A[2KCollecting 1 genome record [================================================] 100% 1/1
Downloading: ncbi_dataset.zip    317MB 19.5MB/s
[1A[2K[1A[2KCollecting 1 genome record [================================================] 100% 1/1
Downloading: ncbi_dataset.zip    318MB 19.5MB/s
[1A[2K[1A[2KCollecting 1 genome record [================================================] 100% 1/1
Downloading: ncbi_dataset.zip    318MB 19.5MB/s
[1A[2K[1A[2KCollecting 1 genome record [================================================] 100% 1/1
Downloading: ncbi_dataset.zip    318MB 19.5MB/s
[1A[2K[1A[2KCollecting 1 genome record [================================================] 100% 1/1
Downloading: ncbi_dataset.zip    318MB 19.5MB/s
[1A[2K[1A[2KCollecting 1 genome record [================================================] 100% 1/1
Downloading: ncbi_dataset.zip    318MB 19.5MB/s
[1A[2K[1A[2KCollecting 1 genome record [================================================] 100% 1/1
Downloading: ncbi_dataset.zip    318MB 19.5MB/s
[1A[2K[1A[2KCollecting 1 genome record [================================================] 100% 1/1
Downloading: ncbi_dataset.zip    318MB 19.5MB/s
[1A[2K[1A[2KCollecting 1 genome record [================================================] 100% 1/1
Downloading: ncbi_dataset.zip    318MB 19.5MB/s
[1A[2K[1A[2KCollecting 1 genome record [================================================] 100% 1/1
Downloading: ncbi_dataset.zip    318MB 19.5MB/s
[1A[2K[1A[2KCollecting 1 genome record [================================================] 100% 1/1
Downloading: ncbi_dataset.zip    318MB 19.5MB/s
[1A[2K[1A[2KCollecting 1 genome record [================================================] 100% 1/1
Downloading: ncbi_dataset.zip    318MB 19.5MB/s
[1A[2K[1A[2KCollecting 1 genome record [================================================] 100% 1/1
Downloading: ncbi_dataset.zip    318MB 19.5MB/s
[1A[2K[1A[2KCollecting 1 genome record [================================================] 100% 1/1
Downloading: ncbi_dataset.zip    318MB 19.5MB/s
[1A[2K[1A[2KCollecting 1 genome record [================================================] 100% 1/1
Downloading: ncbi_dataset.zip    319MB 19.4MB/s
[1A[2K[1A[2KCollecting 1 genome record [================================================] 100% 1/1
Downloading: ncbi_dataset.zip    319MB 19.4MB/s
[1A[2K[1A[2KCollecting 1 genome record [================================================] 100% 1/1
Downloading: ncbi_dataset.zip    320MB 19.5MB/s
[1A[2K[1A[2KCollecting 1 genome record [================================================] 100% 1/1
Downloading: ncbi_dataset.zip    321MB 19.5MB/s
[1A[2K[1A[2KCollecting 1 genome record [================================================] 100% 1/1
Downloading: ncbi_dataset.zip    322MB 19.6MB/s
[1A[2K[1A[2KCollecting 1 genome record [================================================] 100% 1/1
Downloading: ncbi_dataset.zip    322MB 19.6MB/s
[1A[2K[1A[2KCollecting 1 genome record [================================================] 100% 1/1
Downloading: ncbi_dataset.zip    322MB 19.6MB/s
[1A[2K[1A[2KCollecting 1 genome record [================================================] 100% 1/1
Downloading: ncbi_dataset.zip    322MB 19.6MB/s
[1A[2K[1A[2KCollecting 1 genome record [================================================] 100% 1/1
Downloading: ncbi_dataset.zip    322MB 19.6MB/s
[1A[2K[1A[2KCollecting 1 genome record [================================================] 100% 1/1
Downloading: ncbi_dataset.zip    322MB 19.6MB/s
[1A[2K[1A[2KCollecting 1 genome record [================================================] 100% 1/1
Downloading: ncbi_dataset.zip    322MB 19.6MB/s
[1A[2K[1A[2KCollecting 1 genome record [================================================] 100% 1/1
Downloading: ncbi_dataset.zip    322MB 19.6MB/s
[1A[2K[1A[2KCollecting 1 genome record [================================================] 100% 1/1
Downloading: ncbi_dataset.zip    322MB 19.6MB/s
[1A[2K[1A[2KCollecting 1 genome record [================================================] 100% 1/1
Downloading: ncbi_dataset.zip    322MB 19.6MB/s
[1A[2K[1A[2KCollecting 1 genome record [================================================] 100% 1/1
Downloading: ncbi_dataset.zip    322MB 19.6MB/s
[1A[2K[1A[2KCollecting 1 genome record [================================================] 100% 1/1
Downloading: ncbi_dataset.zip    322MB 19.6MB/s
[1A[2K[1A[2KCollecting 1 genome record [================================================] 100% 1/1
Downloading: ncbi_dataset.zip    322MB 19.6MB/s
[1A[2K[1A[2KCollecting 1 genome record [================================================] 100% 1/1
Downloading: ncbi_dataset.zip    322MB 19.4MB/s
[1A[2K[1A[2KCollecting 1 genome record [================================================] 100% 1/1
Downloading: ncbi_dataset.zip    323MB 19.4MB/s
[1A[2K[1A[2KCollecting 1 genome record [================================================] 100% 1/1
Downloading: ncbi_dataset.zip    323MB 19.5MB/s
[1A[2K[1A[2KCollecting 1 genome record [================================================] 100% 1/1
Downloading: ncbi_dataset.zip    324MB 19.5MB/s
[1A[2K[1A[2KCollecting 1 genome record [================================================] 100% 1/1
Downloading: ncbi_dataset.zip    325MB 19.5MB/s
[1A[2K[1A[2KCollecting 1 genome record [================================================] 100% 1/1
Downloading: ncbi_dataset.zip    326MB 19.6MB/s
[1A[2K[1A[2KCollecting 1 genome record [================================================] 100% 1/1
Downloading: ncbi_dataset.zip    326MB 19.6MB/s
[1A[2K[1A[2KCollecting 1 genome record [================================================] 100% 1/1
Downloading: ncbi_dataset.zip    326MB 19.6MB/s
[1A[2K[1A[2KCollecting 1 genome record [================================================] 100% 1/1
Downloading: ncbi_dataset.zip    326MB 19.6MB/s
[1A[2K[1A[2KCollecting 1 genome record [================================================] 100% 1/1
Downloading: ncbi_dataset.zip    326MB 19.6MB/s
[1A[2K[1A[2KCollecting 1 genome record [================================================] 100% 1/1
Downloading: ncbi_dataset.zip    326MB 19.6MB/s
[1A[2K[1A[2KCollecting 1 genome record [================================================] 100% 1/1
Downloading: ncbi_dataset.zip    326MB 19.6MB/s
[1A[2K[1A[2KCollecting 1 genome record [================================================] 100% 1/1
Downloading: ncbi_dataset.zip    326MB 19.6MB/s
[1A[2K[1A[2KCollecting 1 genome record [================================================] 100% 1/1
Downloading: ncbi_dataset.zip    326MB 19.6MB/s
[1A[2K[1A[2KCollecting 1 genome record [================================================] 100% 1/1
Downloading: ncbi_dataset.zip    326MB 19.6MB/s
[1A[2K[1A[2KCollecting 1 genome record [================================================] 100% 1/1
Downloading: ncbi_dataset.zip    326MB 19.6MB/s
[1A[2K[1A[2KCollecting 1 genome record [================================================] 100% 1/1
Downloading: ncbi_dataset.zip    326MB 19.6MB/s
[1A[2K[1A[2KCollecting 1 genome record [================================================] 100% 1/1
Downloading: ncbi_dataset.zip    326MB 19.4MB/s
[1A[2K[1A[2KCollecting 1 genome record [================================================] 100% 1/1
Downloading: ncbi_dataset.zip    327MB 19.5MB/s
[1A[2K[1A[2KCollecting 1 genome record [================================================] 100% 1/1
Downloading: ncbi_dataset.zip    327MB 19.5MB/s
[1A[2K[1A[2KCollecting 1 genome record [================================================] 100% 1/1
Downloading: ncbi_dataset.zip    327MB 19.5MB/s
[1A[2K[1A[2KCollecting 1 genome record [================================================] 100% 1/1
Downloading: ncbi_dataset.zip    327MB 19.5MB/s
[1A[2K[1A[2KCollecting 1 genome record [================================================] 100% 1/1
Downloading: ncbi_dataset.zip    328MB 19.5MB/s
[1A[2K[1A[2KCollecting 1 genome record [================================================] 100% 1/1
Downloading: ncbi_dataset.zip    329MB 19.5MB/s
[1A[2K[1A[2KCollecting 1 genome record [================================================] 100% 1/1
Downloading: ncbi_dataset.zip    330MB 19.6MB/s
[1A[2K[1A[2KCollecting 1 genome record [================================================] 100% 1/1
Downloading: ncbi_dataset.zip    330MB 19.6MB/s
[1A[2K[1A[2KCollecting 1 genome record [================================================] 100% 1/1
Downloading: ncbi_dataset.zip    330MB 19.6MB/s
[1A[2K[1A[2KCollecting 1 genome record [================================================] 100% 1/1
Downloading: ncbi_dataset.zip    330MB 19.6MB/s
[1A[2K[1A[2KCollecting 1 genome record [================================================] 100% 1/1
Downloading: ncbi_dataset.zip    330MB 19.6MB/s
[1A[2K[1A[2KCollecting 1 genome record [================================================] 100% 1/1
Downloading: ncbi_dataset.zip    330MB 19.6MB/s
[1A[2K[1A[2KCollecting 1 genome record [================================================] 100% 1/1
Downloading: ncbi_dataset.zip    330MB 19.6MB/s
[1A[2K[1A[2KCollecting 1 genome record [================================================] 100% 1/1
Downloading: ncbi_dataset.zip    330MB 19.6MB/s
[1A[2K[1A[2KCollecting 1 genome record [================================================] 100% 1/1
Downloading: ncbi_dataset.zip    330MB 19.6MB/s
[1A[2K[1A[2KCollecting 1 genome record [================================================] 100% 1/1
Downloading: ncbi_dataset.zip    330MB 19.6MB/s
[1A[2K[1A[2KCollecting 1 genome record [================================================] 100% 1/1
Downloading: ncbi_dataset.zip    330MB 19.5MB/s
[1A[2K[1A[2KCollecting 1 genome record [================================================] 100% 1/1
Downloading: ncbi_dataset.zip    331MB 19.5MB/s
[1A[2K[1A[2KCollecting 1 genome record [================================================] 100% 1/1
Downloading: ncbi_dataset.zip    331MB 19.5MB/s
[1A[2K[1A[2KCollecting 1 genome record [================================================] 100% 1/1
Downloading: ncbi_dataset.zip    331MB 19.5MB/s
[1A[2K[1A[2KCollecting 1 genome record [================================================] 100% 1/1
Downloading: ncbi_dataset.zip    332MB 19.6MB/s
[1A[2K[1A[2KCollecting 1 genome record [================================================] 100% 1/1
Downloading: ncbi_dataset.zip    333MB 19.6MB/s
[1A[2K[1A[2KCollecting 1 genome record [================================================] 100% 1/1
Downloading: ncbi_dataset.zip    334MB 19.6MB/s
[1A[2K[1A[2KCollecting 1 genome record [================================================] 100% 1/1
Downloading: ncbi_dataset.zip    334MB 19.6MB/s
[1A[2K[1A[2KCollecting 1 genome record [================================================] 100% 1/1
Downloading: ncbi_dataset.zip    334MB 19.6MB/s
[1A[2K[1A[2KCollecting 1 genome record [================================================] 100% 1/1
Downloading: ncbi_dataset.zip    334MB 19.6MB/s
[1A[2K[1A[2KCollecting 1 genome record [================================================] 100% 1/1
Downloading: ncbi_dataset.zip    334MB 19.6MB/s
[1A[2K[1A[2KCollecting 1 genome record [================================================] 100% 1/1
Downloading: ncbi_dataset.zip    334MB 19.6MB/s
[1A[2K[1A[2KCollecting 1 genome record [================================================] 100% 1/1
Downloading: ncbi_dataset.zip    334MB 19.6MB/s
[1A[2K[1A[2KCollecting 1 genome record [================================================] 100% 1/1
Downloading: ncbi_dataset.zip    334MB 19.6MB/s
[1A[2K[1A[2KCollecting 1 genome record [================================================] 100% 1/1
Downloading: ncbi_dataset.zip    334MB 19.6MB/s
[1A[2K[1A[2KCollecting 1 genome record [================================================] 100% 1/1
Downloading: ncbi_dataset.zip    334MB 19.6MB/s
[1A[2K[1A[2KCollecting 1 genome record [================================================] 100% 1/1
Downloading: ncbi_dataset.zip    334MB 19.6MB/s
[1A[2K[1A[2KCollecting 1 genome record [================================================] 100% 1/1
Downloading: ncbi_dataset.zip    334MB 19.5MB/s
[1A[2K[1A[2KCollecting 1 genome record [================================================] 100% 1/1
Downloading: ncbi_dataset.zip    334MB 19.5MB/s
[1A[2K[1A[2KCollecting 1 genome record [================================================] 100% 1/1
Downloading: ncbi_dataset.zip    335MB 19.5MB/s
[1A[2K[1A[2KCollecting 1 genome record [================================================] 100% 1/1
Downloading: ncbi_dataset.zip    335MB 19.6MB/s
[1A[2K[1A[2KCollecting 1 genome record [================================================] 100% 1/1
Downloading: ncbi_dataset.zip    336MB 19.6MB/s
[1A[2K[1A[2KCollecting 1 genome record [================================================] 100% 1/1
Downloading: ncbi_dataset.zip    337MB 19.6MB/s
[1A[2K[1A[2KCollecting 1 genome record [================================================] 100% 1/1
Downloading: ncbi_dataset.zip    338MB 19.7MB/s
[1A[2K[1A[2KCollecting 1 genome record [================================================] 100% 1/1
Downloading: ncbi_dataset.zip    338MB 19.7MB/s
[1A[2K[1A[2KCollecting 1 genome record [================================================] 100% 1/1
Downloading: ncbi_dataset.zip    338MB 19.7MB/s
[1A[2K[1A[2KCollecting 1 genome record [================================================] 100% 1/1
Downloading: ncbi_dataset.zip    338MB 19.7MB/s
[1A[2K[1A[2KCollecting 1 genome record [================================================] 100% 1/1
Downloading: ncbi_dataset.zip    338MB 19.7MB/s
[1A[2K[1A[2KCollecting 1 genome record [================================================] 100% 1/1
Downloading: ncbi_dataset.zip    338MB 19.7MB/s
[1A[2K[1A[2KCollecting 1 genome record [================================================] 100% 1/1
Downloading: ncbi_dataset.zip    338MB 19.7MB/s
[1A[2K[1A[2KCollecting 1 genome record [================================================] 100% 1/1
Downloading: ncbi_dataset.zip    338MB 19.7MB/s
[1A[2K[1A[2KCollecting 1 genome record [================================================] 100% 1/1
Downloading: ncbi_dataset.zip    338MB 19.7MB/s
[1A[2K[1A[2KCollecting 1 genome record [================================================] 100% 1/1
Downloading: ncbi_dataset.zip    338MB 19.7MB/s
[1A[2K[1A[2KCollecting 1 genome record [================================================] 100% 1/1
Downloading: ncbi_dataset.zip    338MB 19.7MB/s
[1A[2K[1A[2KCollecting 1 genome record [================================================] 100% 1/1
Downloading: ncbi_dataset.zip    338MB 19.5MB/s
[1A[2K[1A[2KCollecting 1 genome record [================================================] 100% 1/1
Downloading: ncbi_dataset.zip    338MB 19.5MB/s
[1A[2K[1A[2KCollecting 1 genome record [================================================] 100% 1/1
Downloading: ncbi_dataset.zip    338MB 19.5MB/s
[1A[2K[1A[2KCollecting 1 genome record [================================================] 100% 1/1
Downloading: ncbi_dataset.zip    340MB 19.6MB/s
[1A[2K[1A[2KCollecting 1 genome record [================================================] 100% 1/1
Downloading: ncbi_dataset.zip    341MB 19.7MB/s
[1A[2K[1A[2KCollecting 1 genome record [================================================] 100% 1/1
Downloading: ncbi_dataset.zip    341MB 19.7MB/s
[1A[2K[1A[2KCollecting 1 genome record [================================================] 100% 1/1
Downloading: ncbi_dataset.zip    342MB 19.7MB/s
[1A[2K[1A[2KCollecting 1 genome record [================================================] 100% 1/1
Downloading: ncbi_dataset.zip    342MB 19.7MB/s
[1A[2K[1A[2KCollecting 1 genome record [================================================] 100% 1/1
Downloading: ncbi_dataset.zip    342MB 19.7MB/s
[1A[2K[1A[2KCollecting 1 genome record [================================================] 100% 1/1
Downloading: ncbi_dataset.zip    342MB 19.7MB/s
[1A[2K[1A[2KCollecting 1 genome record [================================================] 100% 1/1
Downloading: ncbi_dataset.zip    342MB 19.7MB/s
[1A[2K[1A[2KCollecting 1 genome record [================================================] 100% 1/1
Downloading: ncbi_dataset.zip    342MB 19.7MB/s
[1A[2K[1A[2KCollecting 1 genome record [================================================] 100% 1/1
Downloading: ncbi_dataset.zip    342MB 19.7MB/s
[1A[2K[1A[2KCollecting 1 genome record [================================================] 100% 1/1
Downloading: ncbi_dataset.zip    342MB 19.7MB/s
[1A[2K[1A[2KCollecting 1 genome record [================================================] 100% 1/1
Downloading: ncbi_dataset.zip    342MB 19.7MB/s
[1A[2K[1A[2KCollecting 1 genome record [================================================] 100% 1/1
Downloading: ncbi_dataset.zip    342MB 19.7MB/s
[1A[2K[1A[2KCollecting 1 genome record [================================================] 100% 1/1
Downloading: ncbi_dataset.zip    342MB 19.7MB/s
[1A[2K[1A[2KCollecting 1 genome record [================================================] 100% 1/1
Downloading: ncbi_dataset.zip    342MB 19.6MB/s
[1A[2K[1A[2KCollecting 1 genome record [================================================] 100% 1/1
Downloading: ncbi_dataset.zip    343MB 19.6MB/s
[1A[2K[1A[2KCollecting 1 genome record [================================================] 100% 1/1
Downloading: ncbi_dataset.zip    343MB 19.6MB/s
[1A[2K[1A[2KCollecting 1 genome record [================================================] 100% 1/1
Downloading: ncbi_dataset.zip    344MB 19.7MB/s
[1A[2K[1A[2KCollecting 1 genome record [================================================] 100% 1/1
Downloading: ncbi_dataset.zip    345MB 19.7MB/s
[1A[2K[1A[2KCollecting 1 genome record [================================================] 100% 1/1
Downloading: ncbi_dataset.zip    345MB 19.7MB/s
[1A[2K[1A[2KCollecting 1 genome record [================================================] 100% 1/1
Downloading: ncbi_dataset.zip    346MB 19.7MB/s
[1A[2K[1A[2KCollecting 1 genome record [================================================] 100% 1/1
Downloading: ncbi_dataset.zip    346MB 19.7MB/s
[1A[2K[1A[2KCollecting 1 genome record [================================================] 100% 1/1
Downloading: ncbi_dataset.zip    346MB 19.7MB/s
[1A[2K[1A[2KCollecting 1 genome record [================================================] 100% 1/1
Downloading: ncbi_dataset.zip    346MB 19.7MB/s
[1A[2K[1A[2KCollecting 1 genome record [================================================] 100% 1/1
Downloading: ncbi_dataset.zip    346MB 19.7MB/s
[1A[2K[1A[2KCollecting 1 genome record [================================================] 100% 1/1
Downloading: ncbi_dataset.zip    346MB 19.7MB/s
[1A[2K[1A[2KCollecting 1 genome record [================================================] 100% 1/1
Downloading: ncbi_dataset.zip    346MB 19.7MB/s
[1A[2K[1A[2KCollecting 1 genome record [================================================] 100% 1/1
Downloading: ncbi_dataset.zip    346MB 19.7MB/s
[1A[2K[1A[2KCollecting 1 genome record [================================================] 100% 1/1
Downloading: ncbi_dataset.zip    346MB 19.7MB/s
[1A[2K[1A[2KCollecting 1 genome record [================================================] 100% 1/1
Downloading: ncbi_dataset.zip    346MB 19.7MB/s
[1A[2K[1A[2KCollecting 1 genome record [================================================] 100% 1/1
Downloading: ncbi_dataset.zip    346MB 19.7MB/s
[1A[2K[1A[2KCollecting 1 genome record [================================================] 100% 1/1
Downloading: ncbi_dataset.zip    346MB 19.6MB/s
[1A[2K[1A[2KCollecting 1 genome record [================================================] 100% 1/1
Downloading: ncbi_dataset.zip    347MB 19.6MB/s
[1A[2K[1A[2KCollecting 1 genome record [================================================] 100% 1/1
Downloading: ncbi_dataset.zip    347MB 19.6MB/s
[1A[2K[1A[2KCollecting 1 genome record [================================================] 100% 1/1
Downloading: ncbi_dataset.zip    348MB 19.7MB/s
[1A[2K[1A[2KCollecting 1 genome record [================================================] 100% 1/1
Downloading: ncbi_dataset.zip    348MB 19.7MB/s
[1A[2K[1A[2KCollecting 1 genome record [================================================] 100% 1/1
Downloading: ncbi_dataset.zip    349MB 19.7MB/s
[1A[2K[1A[2KCollecting 1 genome record [================================================] 100% 1/1
Downloading: ncbi_dataset.zip    349MB 19.7MB/s
[1A[2K[1A[2KCollecting 1 genome record [================================================] 100% 1/1
Downloading: ncbi_dataset.zip    349MB 19.7MB/s
[1A[2K[1A[2KCollecting 1 genome record [================================================] 100% 1/1
Downloading: ncbi_dataset.zip    349MB 19.7MB/s
[1A[2K[1A[2KCollecting 1 genome record [================================================] 100% 1/1
Downloading: ncbi_dataset.zip    349MB 19.7MB/s
[1A[2K[1A[2KCollecting 1 genome record [================================================] 100% 1/1
Downloading: ncbi_dataset.zip    349MB 19.7MB/s
[1A[2K[1A[2KCollecting 1 genome record [================================================] 100% 1/1
Downloading: ncbi_dataset.zip    349MB 19.7MB/s
[1A[2K[1A[2KCollecting 1 genome record [================================================] 100% 1/1
Downloading: ncbi_dataset.zip    349MB 19.7MB/s
[1A[2K[1A[2KCollecting 1 genome record [================================================] 100% 1/1
Downloading: ncbi_dataset.zip    349MB 19.7MB/s
[1A[2K[1A[2KCollecting 1 genome record [================================================] 100% 1/1
Downloading: ncbi_dataset.zip    349MB 19.7MB/s
[1A[2K[1A[2KCollecting 1 genome record [================================================] 100% 1/1
Downloading: ncbi_dataset.zip    349MB 19.7MB/s
[1A[2K[1A[2KCollecting 1 genome record [================================================] 100% 1/1
Downloading: ncbi_dataset.zip    349MB 19.7MB/s
[1A[2K[1A[2KCollecting 1 genome record [================================================] 100% 1/1
Downloading: ncbi_dataset.zip    350MB 19.6MB/s
[1A[2K[1A[2KCollecting 1 genome record [================================================] 100% 1/1
Downloading: ncbi_dataset.zip    351MB 19.7MB/s
[1A[2K[1A[2KCollecting 1 genome record [================================================] 100% 1/1
Downloading: ncbi_dataset.zip    351MB 19.7MB/s
[1A[2K[1A[2KCollecting 1 genome record [================================================] 100% 1/1
Downloading: ncbi_dataset.zip    352MB 19.7MB/s
[1A[2K[1A[2KCollecting 1 genome record [================================================] 100% 1/1
Downloading: ncbi_dataset.zip    353MB 19.7MB/s
[1A[2K[1A[2KCollecting 1 genome record [================================================] 100% 1/1
Downloading: ncbi_dataset.zip    353MB 19.8MB/s
[1A[2K[1A[2KCollecting 1 genome record [================================================] 100% 1/1
Downloading: ncbi_dataset.zip    353MB 19.8MB/s
[1A[2K[1A[2KCollecting 1 genome record [================================================] 100% 1/1
Downloading: ncbi_dataset.zip    353MB 19.8MB/s
[1A[2K[1A[2KCollecting 1 genome record [================================================] 100% 1/1
Downloading: ncbi_dataset.zip    353MB 19.8MB/s
[1A[2K[1A[2KCollecting 1 genome record [================================================] 100% 1/1
Downloading: ncbi_dataset.zip    353MB 19.8MB/s
[1A[2K[1A[2KCollecting 1 genome record [================================================] 100% 1/1
Downloading: ncbi_dataset.zip    353MB 19.8MB/s
[1A[2K[1A[2KCollecting 1 genome record [================================================] 100% 1/1
Downloading: ncbi_dataset.zip    353MB 19.8MB/s
[1A[2K[1A[2KCollecting 1 genome record [================================================] 100% 1/1
Downloading: ncbi_dataset.zip    353MB 19.8MB/s
[1A[2K[1A[2KCollecting 1 genome record [================================================] 100% 1/1
Downloading: ncbi_dataset.zip    353MB 19.8MB/s
[1A[2K[1A[2KCollecting 1 genome record [================================================] 100% 1/1
Downloading: ncbi_dataset.zip    353MB 19.8MB/s
[1A[2K[1A[2KCollecting 1 genome record [================================================] 100% 1/1
Downloading: ncbi_dataset.zip    353MB 19.8MB/s
[1A[2K[1A[2KCollecting 1 genome record [================================================] 100% 1/1
Downloading: ncbi_dataset.zip    353MB 19.8MB/s
[1A[2K[1A[2KCollecting 1 genome record [================================================] 100% 1/1
Downloading: ncbi_dataset.zip    354MB 19.7MB/s
[1A[2K[1A[2KCollecting 1 genome record [================================================] 100% 1/1
Downloading: ncbi_dataset.zip    354MB 19.7MB/s
[1A[2K[1A[2KCollecting 1 genome record [================================================] 100% 1/1
Downloading: ncbi_dataset.zip    355MB 19.7MB/s
[1A[2K[1A[2KCollecting 1 genome record [================================================] 100% 1/1
Downloading: ncbi_dataset.zip    356MB 19.7MB/s
[1A[2K[1A[2KCollecting 1 genome record [================================================] 100% 1/1
Downloading: ncbi_dataset.zip    356MB 19.7MB/s
[1A[2K[1A[2KCollecting 1 genome record [================================================] 100% 1/1
Downloading: ncbi_dataset.zip    356MB 19.7MB/s
[1A[2K[1A[2KCollecting 1 genome record [================================================] 100% 1/1
Downloading: ncbi_dataset.zip    357MB 19.8MB/s
[1A[2K[1A[2KCollecting 1 genome record [================================================] 100% 1/1
Downloading: ncbi_dataset.zip    358MB 19.8MB/s
[1A[2K[1A[2KCollecting 1 genome record [================================================] 100% 1/1
Downloading: ncbi_dataset.zip    358MB 19.8MB/s
[1A[2K[1A[2KCollecting 1 genome record [================================================] 100% 1/1
Downloading: ncbi_dataset.zip    358MB 19.8MB/s
[1A[2K[1A[2KCollecting 1 genome record [================================================] 100% 1/1
Downloading: ncbi_dataset.zip    358MB 19.8MB/s
[1A[2K[1A[2KCollecting 1 genome record [================================================] 100% 1/1
Downloading: ncbi_dataset.zip    358MB 19.8MB/s
[1A[2K[1A[2KCollecting 1 genome record [================================================] 100% 1/1
Downloading: ncbi_dataset.zip    358MB 19.8MB/s
[1A[2K[1A[2KCollecting 1 genome record [================================================] 100% 1/1
Downloading: ncbi_dataset.zip    358MB 19.8MB/s
[1A[2K[1A[2KCollecting 1 genome record [================================================] 100% 1/1
Downloading: ncbi_dataset.zip    358MB 19.8MB/s
[1A[2K[1A[2KCollecting 1 genome record [================================================] 100% 1/1
Downloading: ncbi_dataset.zip    358MB 19.8MB/s
[1A[2K[1A[2KCollecting 1 genome record [================================================] 100% 1/1
Downloading: ncbi_dataset.zip    358MB 19.8MB/s
[1A[2K[1A[2KCollecting 1 genome record [================================================] 100% 1/1
Downloading: ncbi_dataset.zip    358MB 19.7MB/s
[1A[2K[1A[2KCollecting 1 genome record [================================================] 100% 1/1
Downloading: ncbi_dataset.zip    359MB 19.7MB/s
[1A[2K[1A[2KCollecting 1 genome record [================================================] 100% 1/1
Downloading: ncbi_dataset.zip    359MB 19.7MB/s
[1A[2K[1A[2KCollecting 1 genome record [================================================] 100% 1/1
Downloading: ncbi_dataset.zip    360MB 19.8MB/s
[1A[2K[1A[2KCollecting 1 genome record [================================================] 100% 1/1
Downloading: ncbi_dataset.zip    360MB 19.8MB/s
[1A[2K[1A[2KCollecting 1 genome record [================================================] 100% 1/1
Downloading: ncbi_dataset.zip    361MB 19.8MB/s
[1A[2K[1A[2KCollecting 1 genome record [================================================] 100% 1/1
Downloading: ncbi_dataset.zip    362MB 19.8MB/s
[1A[2K[1A[2KCollecting 1 genome record [================================================] 100% 1/1
Downloading: ncbi_dataset.zip    362MB 19.8MB/s
[1A[2K[1A[2KCollecting 1 genome record [================================================] 100% 1/1
Downloading: ncbi_dataset.zip    362MB 19.8MB/s
[1A[2K[1A[2KCollecting 1 genome record [================================================] 100% 1/1
Downloading: ncbi_dataset.zip    362MB 19.8MB/s
[1A[2K[1A[2KCollecting 1 genome record [================================================] 100% 1/1
Downloading: ncbi_dataset.zip    362MB 19.8MB/s
[1A[2K[1A[2KCollecting 1 genome record [================================================] 100% 1/1
Downloading: ncbi_dataset.zip    362MB 19.8MB/s
[1A[2K[1A[2KCollecting 1 genome record [================================================] 100% 1/1
Downloading: ncbi_dataset.zip    362MB 19.8MB/s
[1A[2K[1A[2KCollecting 1 genome record [================================================] 100% 1/1
Downloading: ncbi_dataset.zip    362MB 19.8MB/s
[1A[2K[1A[2KCollecting 1 genome record [================================================] 100% 1/1
Downloading: ncbi_dataset.zip    362MB 19.8MB/s
[1A[2K[1A[2KCollecting 1 genome record [================================================] 100% 1/1
Downloading: ncbi_dataset.zip    362MB 19.8MB/s
[1A[2K[1A[2KCollecting 1 genome record [================================================] 100% 1/1
Downloading: ncbi_dataset.zip    362MB 19.8MB/s
[1A[2K[1A[2KCollecting 1 genome record [================================================] 100% 1/1
Downloading: ncbi_dataset.zip    362MB 19.7MB/s
[1A[2K[1A[2KCollecting 1 genome record [================================================] 100% 1/1
Downloading: ncbi_dataset.zip    363MB 19.8MB/s
[1A[2K[1A[2KCollecting 1 genome record [================================================] 100% 1/1
Downloading: ncbi_dataset.zip    363MB 19.8MB/s
[1A[2K[1A[2KCollecting 1 genome record [================================================] 100% 1/1
Downloading: ncbi_dataset.zip    363MB 19.8MB/s
[1A[2K[1A[2KCollecting 1 genome record [================================================] 100% 1/1
Downloading: ncbi_dataset.zip    364MB 19.8MB/s
[1A[2K[1A[2KCollecting 1 genome record [================================================] 100% 1/1
Downloading: ncbi_dataset.zip    364MB 19.8MB/s
[1A[2K[1A[2KCollecting 1 genome record [================================================] 100% 1/1
Downloading: ncbi_dataset.zip    364MB 19.8MB/s
[1A[2K[1A[2KCollecting 1 genome record [================================================] 100% 1/1
Downloading: ncbi_dataset.zip    365MB 19.8MB/s
[1A[2K[1A[2KCollecting 1 genome record [================================================] 100% 1/1
Downloading: ncbi_dataset.zip    365MB 19.8MB/s
[1A[2K[1A[2KCollecting 1 genome record [================================================] 100% 1/1
Downloading: ncbi_dataset.zip    365MB 19.8MB/s
[1A[2K[1A[2KCollecting 1 genome record [================================================] 100% 1/1
Downloading: ncbi_dataset.zip    365MB 19.8MB/s
[1A[2K[1A[2KCollecting 1 genome record [================================================] 100% 1/1
Downloading: ncbi_dataset.zip    365MB 19.8MB/s
[1A[2K[1A[2KCollecting 1 genome record [================================================] 100% 1/1
Downloading: ncbi_dataset.zip    365MB 19.8MB/s
[1A[2K[1A[2KCollecting 1 genome record [================================================] 100% 1/1
Downloading: ncbi_dataset.zip    365MB 19.8MB/s
[1A[2K[1A[2KCollecting 1 genome record [================================================] 100% 1/1
Downloading: ncbi_dataset.zip    365MB 19.8MB/s
[1A[2K[1A[2KCollecting 1 genome record [================================================] 100% 1/1
Downloading: ncbi_dataset.zip    365MB 19.8MB/s
[1A[2K[1A[2KCollecting 1 genome record [================================================] 100% 1/1
Downloading: ncbi_dataset.zip    365MB 19.7MB/s
[1A[2K[1A[2KCollecting 1 genome record [================================================] 100% 1/1
Downloading: ncbi_dataset.zip    366MB 19.8MB/s
[1A[2K[1A[2KCollecting 1 genome record [================================================] 100% 1/1
Downloading: ncbi_dataset.zip    367MB 19.8MB/s
[1A[2K[1A[2KCollecting 1 genome record [================================================] 100% 1/1
Downloading: ncbi_dataset.zip    367MB 19.8MB/s
[1A[2K[1A[2KCollecting 1 genome record [================================================] 100% 1/1
Downloading: ncbi_dataset.zip    367MB 19.8MB/s
[1A[2K[1A[2KCollecting 1 genome record [================================================] 100% 1/1
Downloading: ncbi_dataset.zip    368MB 19.8MB/s
[1A[2K[1A[2KCollecting 1 genome record [================================================] 100% 1/1
Downloading: ncbi_dataset.zip    368MB 19.8MB/s
[1A[2K[1A[2KCollecting 1 genome record [================================================] 100% 1/1
Downloading: ncbi_dataset.zip    369MB 19.9MB/s
[1A[2K[1A[2KCollecting 1 genome record [================================================] 100% 1/1
Downloading: ncbi_dataset.zip    369MB 19.9MB/s
[1A[2K[1A[2KCollecting 1 genome record [================================================] 100% 1/1
Downloading: ncbi_dataset.zip    369MB 19.9MB/s
[1A[2K[1A[2KCollecting 1 genome record [================================================] 100% 1/1
Downloading: ncbi_dataset.zip    369MB 19.9MB/s
[1A[2K[1A[2KCollecting 1 genome record [================================================] 100% 1/1
Downloading: ncbi_dataset.zip    369MB 19.9MB/s
[1A[2K[1A[2KCollecting 1 genome record [================================================] 100% 1/1
Downloading: ncbi_dataset.zip    369MB 19.9MB/s
[1A[2K[1A[2KCollecting 1 genome record [================================================] 100% 1/1
Downloading: ncbi_dataset.zip    369MB 19.9MB/s
[1A[2K[1A[2KCollecting 1 genome record [================================================] 100% 1/1
Downloading: ncbi_dataset.zip    369MB 19.9MB/s
[1A[2K[1A[2KCollecting 1 genome record [================================================] 100% 1/1
Downloading: ncbi_dataset.zip    369MB 19.9MB/s
[1A[2K[1A[2KCollecting 1 genome record [================================================] 100% 1/1
Downloading: ncbi_dataset.zip    369MB 19.9MB/s
[1A[2K[1A[2KCollecting 1 genome record [================================================] 100% 1/1
Downloading: ncbi_dataset.zip    369MB 19.8MB/s
[1A[2K[1A[2KCollecting 1 genome record [================================================] 100% 1/1
Downloading: ncbi_dataset.zip    370MB 19.8MB/s
[1A[2K[1A[2KCollecting 1 genome record [================================================] 100% 1/1
Downloading: ncbi_dataset.zip    371MB 19.8MB/s
[1A[2K[1A[2KCollecting 1 genome record [================================================] 100% 1/1
Downloading: ncbi_dataset.zip    371MB 19.8MB/s
[1A[2K[1A[2KCollecting 1 genome record [================================================] 100% 1/1
Downloading: ncbi_dataset.zip    372MB 19.9MB/s
[1A[2K[1A[2KCollecting 1 genome record [================================================] 100% 1/1
Downloading: ncbi_dataset.zip    372MB 19.9MB/s
[1A[2K[1A[2KCollecting 1 genome record [================================================] 100% 1/1
Downloading: ncbi_dataset.zip    373MB 19.9MB/s
[1A[2K[1A[2KCollecting 1 genome record [================================================] 100% 1/1
Downloading: ncbi_dataset.zip    373MB 19.9MB/s
[1A[2K[1A[2KCollecting 1 genome record [================================================] 100% 1/1
Downloading: ncbi_dataset.zip    373MB 19.9MB/s
[1A[2K[1A[2KCollecting 1 genome record [================================================] 100% 1/1
Downloading: ncbi_dataset.zip    373MB 19.9MB/s
[1A[2K[1A[2KCollecting 1 genome record [================================================] 100% 1/1
Downloading: ncbi_dataset.zip    373MB 19.9MB/s
[1A[2K[1A[2KCollecting 1 genome record [================================================] 100% 1/1
Downloading: ncbi_dataset.zip    373MB 19.9MB/s
[1A[2K[1A[2KCollecting 1 genome record [================================================] 100% 1/1
Downloading: ncbi_dataset.zip    373MB 19.9MB/s
[1A[2K[1A[2KCollecting 1 genome record [================================================] 100% 1/1
Downloading: ncbi_dataset.zip    373MB 19.9MB/s
[1A[2K[1A[2KCollecting 1 genome record [================================================] 100% 1/1
Downloading: ncbi_dataset.zip    373MB 19.9MB/s
[1A[2K[1A[2KCollecting 1 genome record [================================================] 100% 1/1
Downloading: ncbi_dataset.zip    373MB 19.9MB/s
[1A[2K[1A[2KCollecting 1 genome record [================================================] 100% 1/1
Downloading: ncbi_dataset.zip    373MB 19.9MB/s
[1A[2K[1A[2KCollecting 1 genome record [================================================] 100% 1/1
Downloading: ncbi_dataset.zip    373MB 19.9MB/s
[1A[2K[1A[2KCollecting 1 genome record [================================================] 100% 1/1
Downloading: ncbi_dataset.zip    374MB 19.8MB/s
[1A[2K[1A[2KCollecting 1 genome record [================================================] 100% 1/1
Downloading: ncbi_dataset.zip    374MB 19.8MB/s
[1A[2K[1A[2KCollecting 1 genome record [================================================] 100% 1/1
Downloading: ncbi_dataset.zip    374MB 19.8MB/s
[1A[2K[1A[2KCollecting 1 genome record [================================================] 100% 1/1
Downloading: ncbi_dataset.zip    375MB 19.8MB/s
[1A[2K[1A[2KCollecting 1 genome record [================================================] 100% 1/1
Downloading: ncbi_dataset.zip    375MB 19.8MB/s
[1A[2K[1A[2KCollecting 1 genome record [================================================] 100% 1/1
Downloading: ncbi_dataset.zip    376MB 19.9MB/s
[1A[2K[1A[2KCollecting 1 genome record [================================================] 100% 1/1
Downloading: ncbi_dataset.zip    376MB 19.9MB/s
[1A[2K[1A[2KCollecting 1 genome record [================================================] 100% 1/1
Downloading: ncbi_dataset.zip    377MB 19.9MB/s
[1A[2K[1A[2KCollecting 1 genome record [================================================] 100% 1/1
Downloading: ncbi_dataset.zip    378MB 19.9MB/s
[1A[2K[1A[2KCollecting 1 genome record [================================================] 100% 1/1
Downloading: ncbi_dataset.zip    378MB 19.9MB/s
[1A[2K[1A[2KCollecting 1 genome record [================================================] 100% 1/1
Downloading: ncbi_dataset.zip    378MB 19.9MB/s
[1A[2K[1A[2KCollecting 1 genome record [================================================] 100% 1/1
Downloading: ncbi_dataset.zip    378MB 19.9MB/s
[1A[2K[1A[2KCollecting 1 genome record [================================================] 100% 1/1
Downloading: ncbi_dataset.zip    378MB 19.9MB/s
[1A[2K[1A[2KCollecting 1 genome record [================================================] 100% 1/1
Downloading: ncbi_dataset.zip    378MB 19.9MB/s
[1A[2K[1A[2KCollecting 1 genome record [================================================] 100% 1/1
Downloading: ncbi_dataset.zip    378MB 19.9MB/s
[1A[2K[1A[2KCollecting 1 genome record [================================================] 100% 1/1
Downloading: ncbi_dataset.zip    378MB 19.9MB/s
[1A[2K[1A[2KCollecting 1 genome record [================================================] 100% 1/1
Downloading: ncbi_dataset.zip    378MB 19.8MB/s
[1A[2K[1A[2KCollecting 1 genome record [================================================] 100% 1/1
Downloading: ncbi_dataset.zip    378MB 19.9MB/s
[1A[2K[1A[2KCollecting 1 genome record [================================================] 100% 1/1
Downloading: ncbi_dataset.zip    379MB 19.9MB/s
[1A[2K[1A[2KCollecting 1 genome record [================================================] 100% 1/1
Downloading: ncbi_dataset.zip    379MB 19.9MB/s
[1A[2K[1A[2KCollecting 1 genome record [================================================] 100% 1/1
Downloading: ncbi_dataset.zip    380MB 19.9MB/s
[1A[2K[1A[2KCollecting 1 genome record [================================================] 100% 1/1
Downloading: ncbi_dataset.zip    381MB 19.9MB/s
[1A[2K[1A[2KCollecting 1 genome record [================================================] 100% 1/1
Downloading: ncbi_dataset.zip    381MB 20MB/s
[1A[2K[1A[2KCollecting 1 genome record [================================================] 100% 1/1
Downloading: ncbi_dataset.zip    382MB 20MB/s
[1A[2K[1A[2KCollecting 1 genome record [================================================] 100% 1/1
Downloading: ncbi_dataset.zip    382MB 20MB/s
[1A[2K[1A[2KCollecting 1 genome record [================================================] 100% 1/1
Downloading: ncbi_dataset.zip    382MB 20MB/s
[1A[2K[1A[2KCollecting 1 genome record [================================================] 100% 1/1
Downloading: ncbi_dataset.zip    382MB 20MB/s
[1A[2K[1A[2KCollecting 1 genome record [================================================] 100% 1/1
Downloading: ncbi_dataset.zip    382MB 20MB/s
[1A[2K[1A[2KCollecting 1 genome record [================================================] 100% 1/1
Downloading: ncbi_dataset.zip    382MB 20MB/s
[1A[2K[1A[2KCollecting 1 genome record [================================================] 100% 1/1
Downloading: ncbi_dataset.zip    382MB 20MB/s
[1A[2K[1A[2KCollecting 1 genome record [================================================] 100% 1/1
Downloading: ncbi_dataset.zip    382MB 20MB/s
[1A[2K[1A[2KCollecting 1 genome record [================================================] 100% 1/1
Downloading: ncbi_dataset.zip    382MB 20MB/s
[1A[2K[1A[2KCollecting 1 genome record [================================================] 100% 1/1
Downloading: ncbi_dataset.zip    382MB 20MB/s
[1A[2K[1A[2KCollecting 1 genome record [================================================] 100% 1/1
Downloading: ncbi_dataset.zip    382MB 19.9MB/s
[1A[2K[1A[2KCollecting 1 genome record [================================================] 100% 1/1
Downloading: ncbi_dataset.zip    382MB 19.9MB/s
[1A[2K[1A[2KCollecting 1 genome record [================================================] 100% 1/1
Downloading: ncbi_dataset.zip    383MB 19.9MB/s
[1A[2K[1A[2KCollecting 1 genome record [================================================] 100% 1/1
Downloading: ncbi_dataset.zip    384MB 19.9MB/s
[1A[2K[1A[2KCollecting 1 genome record [================================================] 100% 1/1
Downloading: ncbi_dataset.zip    384MB 20MB/s
[1A[2K[1A[2KCollecting 1 genome record [================================================] 100% 1/1
Downloading: ncbi_dataset.zip    385MB 20MB/s
[1A[2K[1A[2KCollecting 1 genome record [================================================] 100% 1/1
Downloading: ncbi_dataset.zip    386MB 20MB/s
[1A[2K[1A[2KCollecting 1 genome record [================================================] 100% 1/1
Downloading: ncbi_dataset.zip    386MB 20MB/s
[1A[2K[1A[2KCollecting 1 genome record [================================================] 100% 1/1
Downloading: ncbi_dataset.zip    386MB 20MB/s
[1A[2K[1A[2KCollecting 1 genome record [================================================] 100% 1/1
Downloading: ncbi_dataset.zip    386MB 20MB/s
[1A[2K[1A[2KCollecting 1 genome record [================================================] 100% 1/1
Downloading: ncbi_dataset.zip    386MB 20MB/s
[1A[2K[1A[2KCollecting 1 genome record [================================================] 100% 1/1
Downloading: ncbi_dataset.zip    386MB 20MB/s
[1A[2K[1A[2KCollecting 1 genome record [================================================] 100% 1/1
Downloading: ncbi_dataset.zip    386MB 20MB/s
[1A[2K[1A[2KCollecting 1 genome record [================================================] 100% 1/1
Downloading: ncbi_dataset.zip    386MB 20MB/s
[1A[2K[1A[2KCollecting 1 genome record [================================================] 100% 1/1
Downloading: ncbi_dataset.zip    386MB 20MB/s
[1A[2K[1A[2KCollecting 1 genome record [================================================] 100% 1/1
Downloading: ncbi_dataset.zip    386MB 20MB/s
[1A[2K[1A[2KCollecting 1 genome record [================================================] 100% 1/1
Downloading: ncbi_dataset.zip    386MB 20MB/s
[1A[2K[1A[2KCollecting 1 genome record [================================================] 100% 1/1
Downloading: ncbi_dataset.zip    386MB 19.9MB/s
[1A[2K[1A[2KCollecting 1 genome record [================================================] 100% 1/1
Downloading: ncbi_dataset.zip    387MB 19.9MB/s
[1A[2K[1A[2KCollecting 1 genome record [================================================] 100% 1/1
Downloading: ncbi_dataset.zip    387MB 20MB/s
[1A[2K[1A[2KCollecting 1 genome record [================================================] 100% 1/1
Downloading: ncbi_dataset.zip    388MB 20MB/s
[1A[2K[1A[2KCollecting 1 genome record [================================================] 100% 1/1
Downloading: ncbi_dataset.zip    388MB 20MB/s
[1A[2K[1A[2KCollecting 1 genome record [================================================] 100% 1/1
Downloading: ncbi_dataset.zip    389MB 20MB/s
[1A[2K[1A[2KCollecting 1 genome record [================================================] 100% 1/1
Downloading: ncbi_dataset.zip    390MB 20.1MB/s
[1A[2K[1A[2KCollecting 1 genome record [================================================] 100% 1/1
Downloading: ncbi_dataset.zip    390MB 20.1MB/s
[1A[2K[1A[2KCollecting 1 genome record [================================================] 100% 1/1
Downloading: ncbi_dataset.zip    390MB 20.1MB/s
[1A[2K[1A[2KCollecting 1 genome record [================================================] 100% 1/1
Downloading: ncbi_dataset.zip    390MB 20.1MB/s
[1A[2K[1A[2KCollecting 1 genome record [================================================] 100% 1/1
Downloading: ncbi_dataset.zip    390MB 20.1MB/s
[1A[2K[1A[2KCollecting 1 genome record [================================================] 100% 1/1
Downloading: ncbi_dataset.zip    390MB 20.1MB/s
[1A[2K[1A[2KCollecting 1 genome record [================================================] 100% 1/1
Downloading: ncbi_dataset.zip    390MB 20.1MB/s
[1A[2K[1A[2KCollecting 1 genome record [================================================] 100% 1/1
Downloading: ncbi_dataset.zip    390MB 20.1MB/s
[1A[2K[1A[2KCollecting 1 genome record [================================================] 100% 1/1
Downloading: ncbi_dataset.zip    390MB 20.1MB/s
[1A[2K[1A[2KCollecting 1 genome record [================================================] 100% 1/1
Downloading: ncbi_dataset.zip    390MB 20.1MB/s
[1A[2K[1A[2KCollecting 1 genome record [================================================] 100% 1/1
Downloading: ncbi_dataset.zip    390MB 20.1MB/s
[1A[2K[1A[2KCollecting 1 genome record [================================================] 100% 1/1
Downloading: ncbi_dataset.zip    390MB 20MB/s
[1A[2K[1A[2KCollecting 1 genome record [================================================] 100% 1/1
Downloading: ncbi_dataset.zip    391MB 20MB/s
[1A[2K[1A[2KCollecting 1 genome record [================================================] 100% 1/1
Downloading: ncbi_dataset.zip    391MB 20MB/s
[1A[2K[1A[2KCollecting 1 genome record [================================================] 100% 1/1
Downloading: ncbi_dataset.zip    392MB 20MB/s
[1A[2K[1A[2KCollecting 1 genome record [================================================] 100% 1/1
Downloading: ncbi_dataset.zip    393MB 20MB/s
[1A[2K[1A[2KCollecting 1 genome record [================================================] 100% 1/1
Downloading: ncbi_dataset.zip    393MB 20MB/s
[1A[2K[1A[2KCollecting 1 genome record [================================================] 100% 1/1
Downloading: ncbi_dataset.zip    394MB 20.1MB/s
[1A[2K[1A[2KCollecting 1 genome record [================================================] 100% 1/1
Downloading: ncbi_dataset.zip    394MB 20.1MB/s
[1A[2K[1A[2KCollecting 1 genome record [================================================] 100% 1/1
Downloading: ncbi_dataset.zip    394MB 20.1MB/s
[1A[2K[1A[2KCollecting 1 genome record [================================================] 100% 1/1
Downloading: ncbi_dataset.zip    394MB 20.1MB/s
[1A[2K[1A[2KCollecting 1 genome record [================================================] 100% 1/1
Downloading: ncbi_dataset.zip    394MB 20.1MB/s
[1A[2K[1A[2KCollecting 1 genome record [================================================] 100% 1/1
Downloading: ncbi_dataset.zip    394MB 20.1MB/s
[1A[2K[1A[2KCollecting 1 genome record [================================================] 100% 1/1
Downloading: ncbi_dataset.zip    394MB 20.1MB/s
[1A[2K[1A[2KCollecting 1 genome record [================================================] 100% 1/1
Downloading: ncbi_dataset.zip    394MB 20.1MB/s
[1A[2K[1A[2KCollecting 1 genome record [================================================] 100% 1/1
Downloading: ncbi_dataset.zip    394MB 20.1MB/s
[1A[2K[1A[2KCollecting 1 genome record [================================================] 100% 1/1
Downloading: ncbi_dataset.zip    394MB 20.1MB/s
[1A[2K[1A[2KCollecting 1 genome record [================================================] 100% 1/1
Downloading: ncbi_dataset.zip    394MB 20.1MB/s
[1A[2K[1A[2KCollecting 1 genome record [================================================] 100% 1/1
Downloading: ncbi_dataset.zip    394MB 20MB/s
[1A[2K[1A[2KCollecting 1 genome record [================================================] 100% 1/1
Downloading: ncbi_dataset.zip    395MB 20MB/s
[1A[2K[1A[2KCollecting 1 genome record [================================================] 100% 1/1
Downloading: ncbi_dataset.zip    395MB 20MB/s
[1A[2K[1A[2KCollecting 1 genome record [================================================] 100% 1/1
Downloading: ncbi_dataset.zip    396MB 20MB/s
[1A[2K[1A[2KCollecting 1 genome record [================================================] 100% 1/1
Downloading: ncbi_dataset.zip    397MB 20.1MB/s
[1A[2K[1A[2KCollecting 1 genome record [================================================] 100% 1/1
Downloading: ncbi_dataset.zip    397MB 20.1MB/s
[1A[2K[1A[2KCollecting 1 genome record [================================================] 100% 1/1
Downloading: ncbi_dataset.zip    398MB 20.1MB/s
[1A[2K[1A[2KCollecting 1 genome record [================================================] 100% 1/1
Downloading: ncbi_dataset.zip    398MB 20.1MB/s
[1A[2K[1A[2KCollecting 1 genome record [================================================] 100% 1/1
Downloading: ncbi_dataset.zip    398MB 20.1MB/s
[1A[2K[1A[2KCollecting 1 genome record [================================================] 100% 1/1
Downloading: ncbi_dataset.zip    398MB 20.1MB/s
[1A[2K[1A[2KCollecting 1 genome record [================================================] 100% 1/1
Downloading: ncbi_dataset.zip    398MB 20.1MB/s
[1A[2K[1A[2KCollecting 1 genome record [================================================] 100% 1/1
Downloading: ncbi_dataset.zip    398MB 20.1MB/s
[1A[2K[1A[2KCollecting 1 genome record [================================================] 100% 1/1
Downloading: ncbi_dataset.zip    398MB 20.1MB/s
[1A[2K[1A[2KCollecting 1 genome record [================================================] 100% 1/1
Downloading: ncbi_dataset.zip    398MB 20.1MB/s
[1A[2K[1A[2KCollecting 1 genome record [================================================] 100% 1/1
Downloading: ncbi_dataset.zip    398MB 20.1MB/s
[1A[2K[1A[2KCollecting 1 genome record [================================================] 100% 1/1
Downloading: ncbi_dataset.zip    398MB 20.1MB/s
[1A[2K[1A[2KCollecting 1 genome record [================================================] 100% 1/1
Downloading: ncbi_dataset.zip    398MB 20.1MB/s
[1A[2K[1A[2KCollecting 1 genome record [================================================] 100% 1/1
Downloading: ncbi_dataset.zip    398MB 20MB/s
[1A[2K[1A[2KCollecting 1 genome record [================================================] 100% 1/1
Downloading: ncbi_dataset.zip    399MB 20MB/s
[1A[2K[1A[2KCollecting 1 genome record [================================================] 100% 1/1
Downloading: ncbi_dataset.zip    399MB 20MB/s
[1A[2K[1A[2KCollecting 1 genome record [================================================] 100% 1/1
Downloading: ncbi_dataset.zip    400MB 20.1MB/s
[1A[2K[1A[2KCollecting 1 genome record [================================================] 100% 1/1
Downloading: ncbi_dataset.zip    400MB 20.1MB/s
[1A[2K[1A[2KCollecting 1 genome record [================================================] 100% 1/1
Downloading: ncbi_dataset.zip    401MB 20.1MB/s
[1A[2K[1A[2KCollecting 1 genome record [================================================] 100% 1/1
Downloading: ncbi_dataset.zip    401MB 20.1MB/s
[1A[2K[1A[2KCollecting 1 genome record [================================================] 100% 1/1
Downloading: ncbi_dataset.zip    402MB 20.1MB/s
[1A[2K[1A[2KCollecting 1 genome record [================================================] 100% 1/1
Downloading: ncbi_dataset.zip    402MB 20.1MB/s
[1A[2K[1A[2KCollecting 1 genome record [================================================] 100% 1/1
Downloading: ncbi_dataset.zip    402MB 20.1MB/s
[1A[2K[1A[2KCollecting 1 genome record [================================================] 100% 1/1
Downloading: ncbi_dataset.zip    402MB 20.1MB/s
[1A[2K[1A[2KCollecting 1 genome record [================================================] 100% 1/1
Downloading: ncbi_dataset.zip    402MB 20.1MB/s
[1A[2K[1A[2KCollecting 1 genome record [================================================] 100% 1/1
Downloading: ncbi_dataset.zip    402MB 20.1MB/s
[1A[2K[1A[2KCollecting 1 genome record [================================================] 100% 1/1
Downloading: ncbi_dataset.zip    402MB 20.1MB/s
[1A[2K[1A[2KCollecting 1 genome record [================================================] 100% 1/1
Downloading: ncbi_dataset.zip    402MB 20.1MB/s
[1A[2K[1A[2KCollecting 1 genome record [================================================] 100% 1/1
Downloading: ncbi_dataset.zip    402MB 20.1MB/s
[1A[2K[1A[2KCollecting 1 genome record [================================================] 100% 1/1
Downloading: ncbi_dataset.zip    402MB 20.1MB/s
[1A[2K[1A[2KCollecting 1 genome record [================================================] 100% 1/1
Downloading: ncbi_dataset.zip    402MB 20.1MB/s
[1A[2K[1A[2KCollecting 1 genome record [================================================] 100% 1/1
Downloading: ncbi_dataset.zip    403MB 20MB/s
[1A[2K[1A[2KCollecting 1 genome record [================================================] 100% 1/1
Downloading: ncbi_dataset.zip    403MB 20.1MB/s
[1A[2K[1A[2KCollecting 1 genome record [================================================] 100% 1/1
Downloading: ncbi_dataset.zip    404MB 20.1MB/s
[1A[2K[1A[2KCollecting 1 genome record [================================================] 100% 1/1
Downloading: ncbi_dataset.zip    404MB 20.1MB/s
[1A[2K[1A[2KCollecting 1 genome record [================================================] 100% 1/1
Downloading: ncbi_dataset.zip    404MB 20.1MB/s
[1A[2K[1A[2KCollecting 1 genome record [================================================] 100% 1/1
Downloading: ncbi_dataset.zip    405MB 20.1MB/s
[1A[2K[1A[2KCollecting 1 genome record [================================================] 100% 1/1
Downloading: ncbi_dataset.zip    406MB 20.1MB/s
[1A[2K[1A[2KCollecting 1 genome record [================================================] 100% 1/1
Downloading: ncbi_dataset.zip    406MB 20.1MB/s
[1A[2K[1A[2KCollecting 1 genome record [================================================] 100% 1/1
Downloading: ncbi_dataset.zip    406MB 20.1MB/s
[1A[2K[1A[2KCollecting 1 genome record [================================================] 100% 1/1
Downloading: ncbi_dataset.zip    406MB 20.1MB/s
[1A[2K[1A[2KCollecting 1 genome record [================================================] 100% 1/1
Downloading: ncbi_dataset.zip    406MB 20.1MB/s
[1A[2K[1A[2KCollecting 1 genome record [================================================] 100% 1/1
Downloading: ncbi_dataset.zip    406MB 20.1MB/s
[1A[2K[1A[2KCollecting 1 genome record [================================================] 100% 1/1
Downloading: ncbi_dataset.zip    406MB 20.1MB/s
[1A[2K[1A[2KCollecting 1 genome record [================================================] 100% 1/1
Downloading: ncbi_dataset.zip    406MB 20.1MB/s
[1A[2K[1A[2KCollecting 1 genome record [================================================] 100% 1/1
Downloading: ncbi_dataset.zip    406MB 20.1MB/s
[1A[2K[1A[2KCollecting 1 genome record [================================================] 100% 1/1
Downloading: ncbi_dataset.zip    406MB 20.1MB/s
[1A[2K[1A[2KCollecting 1 genome record [================================================] 100% 1/1
Downloading: ncbi_dataset.zip    406MB 20.1MB/s
[1A[2K[1A[2KCollecting 1 genome record [================================================] 100% 1/1
Downloading: ncbi_dataset.zip    407MB 20.1MB/s
[1A[2K[1A[2KCollecting 1 genome record [================================================] 100% 1/1
Downloading: ncbi_dataset.zip    407MB 20.1MB/s
[1A[2K[1A[2KCollecting 1 genome record [================================================] 100% 1/1
Downloading: ncbi_dataset.zip    408MB 20.1MB/s
[1A[2K[1A[2KCollecting 1 genome record [================================================] 100% 1/1
Downloading: ncbi_dataset.zip    408MB 20.1MB/s
[1A[2K[1A[2KCollecting 1 genome record [================================================] 100% 1/1
Downloading: ncbi_dataset.zip    408MB 20.1MB/s
[1A[2K[1A[2KCollecting 1 genome record [================================================] 100% 1/1
Downloading: ncbi_dataset.zip    409MB 20.1MB/s
[1A[2K[1A[2KCollecting 1 genome record [================================================] 100% 1/1
Downloading: ncbi_dataset.zip    409MB 20.1MB/s
[1A[2K[1A[2KCollecting 1 genome record [================================================] 100% 1/1
Downloading: ncbi_dataset.zip    410MB 20.2MB/s
[1A[2K[1A[2KCollecting 1 genome record [================================================] 100% 1/1
Downloading: ncbi_dataset.zip    410MB 20.2MB/s
[1A[2K[1A[2KCollecting 1 genome record [================================================] 100% 1/1
Downloading: ncbi_dataset.zip    410MB 20.2MB/s
[1A[2K[1A[2KCollecting 1 genome record [================================================] 100% 1/1
Downloading: ncbi_dataset.zip    410MB 20.2MB/s
[1A[2K[1A[2KCollecting 1 genome record [================================================] 100% 1/1
Downloading: ncbi_dataset.zip    410MB 20.2MB/s
[1A[2K[1A[2KCollecting 1 genome record [================================================] 100% 1/1
Downloading: ncbi_dataset.zip    410MB 20.2MB/s
[1A[2K[1A[2KCollecting 1 genome record [================================================] 100% 1/1
Downloading: ncbi_dataset.zip    410MB 20.2MB/s
[1A[2K[1A[2KCollecting 1 genome record [================================================] 100% 1/1
Downloading: ncbi_dataset.zip    410MB 20.2MB/s
[1A[2K[1A[2KCollecting 1 genome record [================================================] 100% 1/1
Downloading: ncbi_dataset.zip    410MB 20.2MB/s
[1A[2K[1A[2KCollecting 1 genome record [================================================] 100% 1/1
Downloading: ncbi_dataset.zip    410MB 20.2MB/s
[1A[2K[1A[2KCollecting 1 genome record [================================================] 100% 1/1
Downloading: ncbi_dataset.zip    410MB 20.1MB/s
[1A[2K[1A[2KCollecting 1 genome record [================================================] 100% 1/1
Downloading: ncbi_dataset.zip    411MB 20.1MB/s
[1A[2K[1A[2KCollecting 1 genome record [================================================] 100% 1/1
Downloading: ncbi_dataset.zip    411MB 20.1MB/s
[1A[2K[1A[2KCollecting 1 genome record [================================================] 100% 1/1
Downloading: ncbi_dataset.zip    411MB 20.1MB/s
[1A[2K[1A[2KCollecting 1 genome record [================================================] 100% 1/1
Downloading: ncbi_dataset.zip    412MB 20.1MB/s
[1A[2K[1A[2KCollecting 1 genome record [================================================] 100% 1/1
Downloading: ncbi_dataset.zip    412MB 20.1MB/s
[1A[2K[1A[2KCollecting 1 genome record [================================================] 100% 1/1
Downloading: ncbi_dataset.zip    413MB 20.1MB/s
[1A[2K[1A[2KCollecting 1 genome record [================================================] 100% 1/1
Downloading: ncbi_dataset.zip    413MB 20.1MB/s
[1A[2K[1A[2KCollecting 1 genome record [================================================] 100% 1/1
Downloading: ncbi_dataset.zip    414MB 20.2MB/s
[1A[2K[1A[2KCollecting 1 genome record [================================================] 100% 1/1
Downloading: ncbi_dataset.zip    414MB 20.2MB/s
[1A[2K[1A[2KCollecting 1 genome record [================================================] 100% 1/1
Downloading: ncbi_dataset.zip    414MB 20.2MB/s
[1A[2K[1A[2KCollecting 1 genome record [================================================] 100% 1/1
Downloading: ncbi_dataset.zip    414MB 20.2MB/s
[1A[2K[1A[2KCollecting 1 genome record [================================================] 100% 1/1
Downloading: ncbi_dataset.zip    414MB 20.2MB/s
[1A[2K[1A[2KCollecting 1 genome record [================================================] 100% 1/1
Downloading: ncbi_dataset.zip    414MB 20.2MB/s
[1A[2K[1A[2KCollecting 1 genome record [================================================] 100% 1/1
Downloading: ncbi_dataset.zip    414MB 20.2MB/s
[1A[2K[1A[2KCollecting 1 genome record [================================================] 100% 1/1
Downloading: ncbi_dataset.zip    414MB 20.2MB/s
[1A[2K[1A[2KCollecting 1 genome record [================================================] 100% 1/1
Downloading: ncbi_dataset.zip    414MB 20.1MB/s
[1A[2K[1A[2KCollecting 1 genome record [================================================] 100% 1/1
Downloading: ncbi_dataset.zip    414MB 20.1MB/s
[1A[2K[1A[2KCollecting 1 genome record [================================================] 100% 1/1
Downloading: ncbi_dataset.zip    415MB 20.1MB/s
[1A[2K[1A[2KCollecting 1 genome record [================================================] 100% 1/1
Downloading: ncbi_dataset.zip    416MB 20.1MB/s
[1A[2K[1A[2KCollecting 1 genome record [================================================] 100% 1/1
Downloading: ncbi_dataset.zip    416MB 20.2MB/s
[1A[2K[1A[2KCollecting 1 genome record [================================================] 100% 1/1
Downloading: ncbi_dataset.zip    417MB 20.2MB/s
[1A[2K[1A[2KCollecting 1 genome record [================================================] 100% 1/1
Downloading: ncbi_dataset.zip    417MB 20.2MB/s
[1A[2K[1A[2KCollecting 1 genome record [================================================] 100% 1/1
Downloading: ncbi_dataset.zip    417MB 20.2MB/s
[1A[2K[1A[2KCollecting 1 genome record [================================================] 100% 1/1
Downloading: ncbi_dataset.zip    417MB 20.2MB/s
[1A[2K[1A[2KCollecting 1 genome record [================================================] 100% 1/1
Downloading: ncbi_dataset.zip    417MB 20.2MB/s
[1A[2K[1A[2KCollecting 1 genome record [================================================] 100% 1/1
Downloading: ncbi_dataset.zip    417MB 20.2MB/s
[1A[2K[1A[2KCollecting 1 genome record [================================================] 100% 1/1
Downloading: ncbi_dataset.zip    417MB 20.2MB/s
[1A[2K[1A[2KCollecting 1 genome record [================================================] 100% 1/1
Downloading: ncbi_dataset.zip    417MB 20.2MB/s
[1A[2K[1A[2KCollecting 1 genome record [================================================] 100% 1/1
Downloading: ncbi_dataset.zip    417MB 20.2MB/s
[1A[2K[1A[2KCollecting 1 genome record [================================================] 100% 1/1
Downloading: ncbi_dataset.zip    417MB 20.2MB/s
[1A[2K[1A[2KCollecting 1 genome record [================================================] 100% 1/1
Downloading: ncbi_dataset.zip    417MB 20.2MB/s
[1A[2K[1A[2KCollecting 1 genome record [================================================] 100% 1/1
Downloading: ncbi_dataset.zip    417MB 20.2MB/s
[1A[2K[1A[2KCollecting 1 genome record [================================================] 100% 1/1
Downloading: ncbi_dataset.zip    417MB 20.1MB/s
[1A[2K[1A[2KCollecting 1 genome record [================================================] 100% 1/1
Downloading: ncbi_dataset.zip    418MB 20.1MB/s
[1A[2K[1A[2KCollecting 1 genome record [================================================] 100% 1/1
Downloading: ncbi_dataset.zip    418MB 20.1MB/s
[1A[2K[1A[2KCollecting 1 genome record [================================================] 100% 1/1
Downloading: ncbi_dataset.zip    419MB 20.1MB/s
[1A[2K[1A[2KCollecting 1 genome record [================================================] 100% 1/1
Downloading: ncbi_dataset.zip    419MB 20.1MB/s
[1A[2K[1A[2KCollecting 1 genome record [================================================] 100% 1/1
Downloading: ncbi_dataset.zip    420MB 20.1MB/s
[1A[2K[1A[2KCollecting 1 genome record [================================================] 100% 1/1
Downloading: ncbi_dataset.zip    420MB 20.2MB/s
[1A[2K[1A[2KCollecting 1 genome record [================================================] 100% 1/1
Downloading: ncbi_dataset.zip    421MB 20.2MB/s
[1A[2K[1A[2KCollecting 1 genome record [================================================] 100% 1/1
Downloading: ncbi_dataset.zip    421MB 20.2MB/s
[1A[2K[1A[2KCollecting 1 genome record [================================================] 100% 1/1
Downloading: ncbi_dataset.zip    422MB 20.2MB/s
[1A[2K[1A[2KCollecting 1 genome record [================================================] 100% 1/1
Downloading: ncbi_dataset.zip    422MB 20.2MB/s
[1A[2K[1A[2KCollecting 1 genome record [================================================] 100% 1/1
Downloading: ncbi_dataset.zip    422MB 20.2MB/s
[1A[2K[1A[2KCollecting 1 genome record [================================================] 100% 1/1
Downloading: ncbi_dataset.zip    422MB 20.2MB/s
[1A[2K[1A[2KCollecting 1 genome record [================================================] 100% 1/1
Downloading: ncbi_dataset.zip    422MB 20.2MB/s
[1A[2K[1A[2KCollecting 1 genome record [================================================] 100% 1/1
Downloading: ncbi_dataset.zip    422MB 20.2MB/s
[1A[2K[1A[2KCollecting 1 genome record [================================================] 100% 1/1
Downloading: ncbi_dataset.zip    422MB 20.2MB/s
[1A[2K[1A[2KCollecting 1 genome record [================================================] 100% 1/1
Downloading: ncbi_dataset.zip    422MB 20.2MB/s
[1A[2K[1A[2KCollecting 1 genome record [================================================] 100% 1/1
Downloading: ncbi_dataset.zip    422MB 20.1MB/s
[1A[2K[1A[2KCollecting 1 genome record [================================================] 100% 1/1
Downloading: ncbi_dataset.zip    422MB 20.2MB/s
[1A[2K[1A[2KCollecting 1 genome record [================================================] 100% 1/1
Downloading: ncbi_dataset.zip    423MB 20.2MB/s
[1A[2K[1A[2KCollecting 1 genome record [================================================] 100% 1/1
Downloading: ncbi_dataset.zip    423MB 20.2MB/s
[1A[2K[1A[2KCollecting 1 genome record [================================================] 100% 1/1
Downloading: ncbi_dataset.zip    424MB 20.2MB/s
[1A[2K[1A[2KCollecting 1 genome record [================================================] 100% 1/1
Downloading: ncbi_dataset.zip    424MB 20.2MB/s
[1A[2K[1A[2KCollecting 1 genome record [================================================] 100% 1/1
Downloading: ncbi_dataset.zip    425MB 20.2MB/s
[1A[2K[1A[2KCollecting 1 genome record [================================================] 100% 1/1
Downloading: ncbi_dataset.zip    425MB 20.2MB/s
[1A[2K[1A[2KCollecting 1 genome record [================================================] 100% 1/1
Downloading: ncbi_dataset.zip    426MB 20.2MB/s
[1A[2K[1A[2KCollecting 1 genome record [================================================] 100% 1/1
Downloading: ncbi_dataset.zip    426MB 20.3MB/s
[1A[2K[1A[2KCollecting 1 genome record [================================================] 100% 1/1
Downloading: ncbi_dataset.zip    426MB 20.3MB/s
[1A[2K[1A[2KCollecting 1 genome record [================================================] 100% 1/1
Downloading: ncbi_dataset.zip    426MB 20.3MB/s
[1A[2K[1A[2KCollecting 1 genome record [================================================] 100% 1/1
Downloading: ncbi_dataset.zip    426MB 20.3MB/s
[1A[2K[1A[2KCollecting 1 genome record [================================================] 100% 1/1
Downloading: ncbi_dataset.zip    426MB 20.3MB/s
[1A[2K[1A[2KCollecting 1 genome record [================================================] 100% 1/1
Downloading: ncbi_dataset.zip    426MB 20.3MB/s
[1A[2K[1A[2KCollecting 1 genome record [================================================] 100% 1/1
Downloading: ncbi_dataset.zip    426MB 20.3MB/s
[1A[2K[1A[2KCollecting 1 genome record [================================================] 100% 1/1
Downloading: ncbi_dataset.zip    426MB 20.3MB/s
[1A[2K[1A[2KCollecting 1 genome record [================================================] 100% 1/1
Downloading: ncbi_dataset.zip    426MB 20.3MB/s
[1A[2K[1A[2KCollecting 1 genome record [================================================] 100% 1/1
Downloading: ncbi_dataset.zip    427MB 20.2MB/s
[1A[2K[1A[2KCollecting 1 genome record [================================================] 100% 1/1
Downloading: ncbi_dataset.zip    427MB 20.2MB/s
[1A[2K[1A[2KCollecting 1 genome record [================================================] 100% 1/1
Downloading: ncbi_dataset.zip    428MB 20.2MB/s
[1A[2K[1A[2KCollecting 1 genome record [================================================] 100% 1/1
Downloading: ncbi_dataset.zip    428MB 20.2MB/s
[1A[2K[1A[2KCollecting 1 genome record [================================================] 100% 1/1
Downloading: ncbi_dataset.zip    429MB 20.2MB/s
[1A[2K[1A[2KCollecting 1 genome record [================================================] 100% 1/1
Downloading: ncbi_dataset.zip    429MB 20.3MB/s
[1A[2K[1A[2KCollecting 1 genome record [================================================] 100% 1/1
Downloading: ncbi_dataset.zip    430MB 20.3MB/s
[1A[2K[1A[2KCollecting 1 genome record [================================================] 100% 1/1
Downloading: ncbi_dataset.zip    430MB 20.3MB/s
[1A[2K[1A[2KCollecting 1 genome record [================================================] 100% 1/1
Downloading: ncbi_dataset.zip    431MB 20.3MB/s
[1A[2K[1A[2KCollecting 1 genome record [================================================] 100% 1/1
Downloading: ncbi_dataset.zip    431MB 20.3MB/s
[1A[2K[1A[2KCollecting 1 genome record [================================================] 100% 1/1
Downloading: ncbi_dataset.zip    431MB 20.3MB/s
[1A[2K[1A[2KCollecting 1 genome record [================================================] 100% 1/1
Downloading: ncbi_dataset.zip    431MB 20.3MB/s
[1A[2K[1A[2KCollecting 1 genome record [================================================] 100% 1/1
Downloading: ncbi_dataset.zip    431MB 20.3MB/s
[1A[2K[1A[2KCollecting 1 genome record [================================================] 100% 1/1
Downloading: ncbi_dataset.zip    431MB 20.3MB/s
[1A[2K[1A[2KCollecting 1 genome record [================================================] 100% 1/1
Downloading: ncbi_dataset.zip    431MB 20.3MB/s
[1A[2K[1A[2KCollecting 1 genome record [================================================] 100% 1/1
Downloading: ncbi_dataset.zip    431MB 20.3MB/s
[1A[2K[1A[2KCollecting 1 genome record [================================================] 100% 1/1
Downloading: ncbi_dataset.zip    431MB 20.3MB/s
[1A[2K[1A[2KCollecting 1 genome record [================================================] 100% 1/1
Downloading: ncbi_dataset.zip    431MB 20.2MB/s
[1A[2K[1A[2KCollecting 1 genome record [================================================] 100% 1/1
Downloading: ncbi_dataset.zip    432MB 20.3MB/s
[1A[2K[1A[2KCollecting 1 genome record [================================================] 100% 1/1
Downloading: ncbi_dataset.zip    432MB 20.3MB/s
[1A[2K[1A[2KCollecting 1 genome record [================================================] 100% 1/1
Downloading: ncbi_dataset.zip    433MB 20.3MB/s
[1A[2K[1A[2KCollecting 1 genome record [================================================] 100% 1/1
Downloading: ncbi_dataset.zip    433MB 20.3MB/s
[1A[2K[1A[2KCollecting 1 genome record [================================================] 100% 1/1
Downloading: ncbi_dataset.zip    434MB 20.3MB/s
[1A[2K[1A[2KCollecting 1 genome record [================================================] 100% 1/1
Downloading: ncbi_dataset.zip    434MB 20.3MB/s
[1A[2K[1A[2KCollecting 1 genome record [================================================] 100% 1/1
Downloading: ncbi_dataset.zip    435MB 20.4MB/s
[1A[2K[1A[2KCollecting 1 genome record [================================================] 100% 1/1
Downloading: ncbi_dataset.zip    435MB 20.4MB/s
[1A[2K[1A[2KCollecting 1 genome record [================================================] 100% 1/1
Downloading: ncbi_dataset.zip    435MB 20.4MB/s
[1A[2K[1A[2KCollecting 1 genome record [================================================] 100% 1/1
Downloading: ncbi_dataset.zip    435MB 20.4MB/s
[1A[2K[1A[2KCollecting 1 genome record [================================================] 100% 1/1
Downloading: ncbi_dataset.zip    435MB 20.4MB/s
[1A[2K[1A[2KCollecting 1 genome record [================================================] 100% 1/1
Downloading: ncbi_dataset.zip    435MB 20.4MB/s
[1A[2K[1A[2KCollecting 1 genome record [================================================] 100% 1/1
Downloading: ncbi_dataset.zip    435MB 20.4MB/s
[1A[2K[1A[2KCollecting 1 genome record [================================================] 100% 1/1
Downloading: ncbi_dataset.zip    435MB 20.4MB/s
[1A[2K[1A[2KCollecting 1 genome record [================================================] 100% 1/1
Downloading: ncbi_dataset.zip    435MB 20.4MB/s
[1A[2K[1A[2KCollecting 1 genome record [================================================] 100% 1/1
Downloading: ncbi_dataset.zip    435MB 20.4MB/s
[1A[2K[1A[2KCollecting 1 genome record [================================================] 100% 1/1
Downloading: ncbi_dataset.zip    435MB 20.3MB/s
[1A[2K[1A[2KCollecting 1 genome record [================================================] 100% 1/1
Downloading: ncbi_dataset.zip    436MB 20.3MB/s
[1A[2K[1A[2KCollecting 1 genome record [================================================] 100% 1/1
Downloading: ncbi_dataset.zip    436MB 20.3MB/s
[1A[2K[1A[2KCollecting 1 genome record [================================================] 100% 1/1
Downloading: ncbi_dataset.zip    437MB 20.3MB/s
[1A[2K[1A[2KCollecting 1 genome record [================================================] 100% 1/1
Downloading: ncbi_dataset.zip    437MB 20.3MB/s
[1A[2K[1A[2KCollecting 1 genome record [================================================] 100% 1/1
Downloading: ncbi_dataset.zip    438MB 20.3MB/s
[1A[2K[1A[2KCollecting 1 genome record [================================================] 100% 1/1
Downloading: ncbi_dataset.zip    439MB 20.4MB/s
[1A[2K[1A[2KCollecting 1 genome record [================================================] 100% 1/1
Downloading: ncbi_dataset.zip    439MB 20.4MB/s
[1A[2K[1A[2KCollecting 1 genome record [================================================] 100% 1/1
Downloading: ncbi_dataset.zip    439MB 20.4MB/s
[1A[2K[1A[2KCollecting 1 genome record [================================================] 100% 1/1
Downloading: ncbi_dataset.zip    439MB 20.4MB/s
[1A[2K[1A[2KCollecting 1 genome record [================================================] 100% 1/1
Downloading: ncbi_dataset.zip    439MB 20.4MB/s
[1A[2K[1A[2KCollecting 1 genome record [================================================] 100% 1/1
Downloading: ncbi_dataset.zip    439MB 20.4MB/s
[1A[2K[1A[2KCollecting 1 genome record [================================================] 100% 1/1
Downloading: ncbi_dataset.zip    439MB 20.4MB/s
[1A[2K[1A[2KCollecting 1 genome record [================================================] 100% 1/1
Downloading: ncbi_dataset.zip    439MB 20.4MB/s
[1A[2K[1A[2KCollecting 1 genome record [================================================] 100% 1/1
Downloading: ncbi_dataset.zip    439MB 20.4MB/s
[1A[2K[1A[2KCollecting 1 genome record [================================================] 100% 1/1
Downloading: ncbi_dataset.zip    439MB 20.4MB/s
[1A[2K[1A[2KCollecting 1 genome record [================================================] 100% 1/1
Downloading: ncbi_dataset.zip    439MB 20.4MB/s
[1A[2K[1A[2KCollecting 1 genome record [================================================] 100% 1/1
Downloading: ncbi_dataset.zip    440MB 20.3MB/s
[1A[2K[1A[2KCollecting 1 genome record [================================================] 100% 1/1
Downloading: ncbi_dataset.zip    440MB 20.3MB/s
[1A[2K[1A[2KCollecting 1 genome record [================================================] 100% 1/1
Downloading: ncbi_dataset.zip    440MB 20.3MB/s
[1A[2K[1A[2KCollecting 1 genome record [================================================] 100% 1/1
Downloading: ncbi_dataset.zip    441MB 20.3MB/s
[1A[2K[1A[2KCollecting 1 genome record [================================================] 100% 1/1
Downloading: ncbi_dataset.zip    441MB 20.3MB/s
[1A[2K[1A[2KCollecting 1 genome record [================================================] 100% 1/1
Downloading: ncbi_dataset.zip    442MB 20.4MB/s
[1A[2K[1A[2KCollecting 1 genome record [================================================] 100% 1/1
Downloading: ncbi_dataset.zip    443MB 20.4MB/s
[1A[2K[1A[2KCollecting 1 genome record [================================================] 100% 1/1
Downloading: ncbi_dataset.zip    443MB 20.4MB/s
[1A[2K[1A[2KCollecting 1 genome record [================================================] 100% 1/1
Downloading: ncbi_dataset.zip    443MB 20.4MB/s
[1A[2K[1A[2KCollecting 1 genome record [================================================] 100% 1/1
Downloading: ncbi_dataset.zip    443MB 20.4MB/s
[1A[2K[1A[2KCollecting 1 genome record [================================================] 100% 1/1
Downloading: ncbi_dataset.zip    443MB 20.4MB/s
[1A[2K[1A[2KCollecting 1 genome record [================================================] 100% 1/1
Downloading: ncbi_dataset.zip    443MB 20.4MB/s
[1A[2K[1A[2KCollecting 1 genome record [================================================] 100% 1/1
Downloading: ncbi_dataset.zip    443MB 20.4MB/s
[1A[2K[1A[2KCollecting 1 genome record [================================================] 100% 1/1
Downloading: ncbi_dataset.zip    443MB 20.4MB/s
[1A[2K[1A[2KCollecting 1 genome record [================================================] 100% 1/1
Downloading: ncbi_dataset.zip    443MB 20.4MB/s
[1A[2K[1A[2KCollecting 1 genome record [================================================] 100% 1/1
Downloading: ncbi_dataset.zip    443MB 20.4MB/s
[1A[2K[1A[2KCollecting 1 genome record [================================================] 100% 1/1
Downloading: ncbi_dataset.zip    443MB 20.4MB/s
[1A[2K[1A[2KCollecting 1 genome record [================================================] 100% 1/1
Downloading: ncbi_dataset.zip    444MB 20.3MB/s
[1A[2K[1A[2KCollecting 1 genome record [================================================] 100% 1/1
Downloading: ncbi_dataset.zip    444MB 20.3MB/s
[1A[2K[1A[2KCollecting 1 genome record [================================================] 100% 1/1
Downloading: ncbi_dataset.zip    445MB 20.3MB/s
[1A[2K[1A[2KCollecting 1 genome record [================================================] 100% 1/1
Downloading: ncbi_dataset.zip    445MB 20.4MB/s
[1A[2K[1A[2KCollecting 1 genome record [================================================] 100% 1/1
Downloading: ncbi_dataset.zip    446MB 20.4MB/s
[1A[2K[1A[2KCollecting 1 genome record [================================================] 100% 1/1
Downloading: ncbi_dataset.zip    446MB done
Validating package []
[1A[2K[1A[2K[1A[2KCollecting 1 genome record [================================================] 100% 1/1
Downloading: ncbi_dataset.zip    446MB done
Validating package []
[1A[2K[1A[2K[1A[2KCollecting 1 genome record [================================================] 100% 1/1
Downloading: ncbi_dataset.zip    446MB done
Validating package []
[1A[2K[1A[2K[1A[2KCollecting 1 genome record [================================================] 100% 1/1
Downloading: ncbi_dataset.zip    446MB done
Validating package []
[1A[2K[1A[2K[1A[2KCollecting 1 genome record [================================================] 100% 1/1
Downloading: ncbi_dataset.zip    446MB done
Validating package []
[1A[2K[1A[2K[1A[2KCollecting 1 genome record [================================================] 100% 1/1
Downloading: ncbi_dataset.zip    446MB done
Validating package []
[1A[2K[1A[2K[1A[2KCollecting 1 genome record [================================================] 100% 1/1
Downloading: ncbi_dataset.zip    446MB done
Validating package []
[1A[2K[1A[2K[1A[2KCollecting 1 genome record [================================================] 100% 1/1
Downloading: ncbi_dataset.zip    446MB done
Validating package []
[1A[2K[1A[2K[1A[2KCollecting 1 genome record [================================================] 100% 1/1
Downloading: ncbi_dataset.zip    446MB done
Validating package []
[1A[2K[1A[2K[1A[2KCollecting 1 genome record [================================================] 100% 1/1
Downloading: ncbi_dataset.zip    446MB done
Validating package []
[1A[2K[1A[2K[1A[2KCollecting 1 genome record [================================================] 100% 1/1
Downloading: ncbi_dataset.zip    446MB done
Validating package []
[1A[2K[1A[2K[1A[2KCollecting 1 genome record [================================================] 100% 1/1
Downloading: ncbi_dataset.zip    446MB done
Validating package []
[1A[2K[1A[2K[1A[2KCollecting 1 genome record [================================================] 100% 1/1
Downloading: ncbi_dataset.zip    446MB done
Validating package []
[1A[2K[1A[2K[1A[2KCollecting 1 genome record [================================================] 100% 1/1
Downloading: ncbi_dataset.zip    446MB done
Validating package []
[1A[2K[1A[2K[1A[2KCollecting 1 genome record [================================================] 100% 1/1
Downloading: ncbi_dataset.zip    446MB done
Validating package []
[1A[2K[1A[2K[1A[2KCollecting 1 genome record [================================================] 100% 1/1
Downloading: ncbi_dataset.zip    446MB done
Validating package []
[1A[2K[1A[2K[1A[2KCollecting 1 genome record [================================================] 100% 1/1
Downloading: ncbi_dataset.zip    446MB done
Validating package []
[1A[2K[1A[2K[1A[2KCollecting 1 genome record [================================================] 100% 1/1
Downloading: ncbi_dataset.zip    446MB done
Validating package []
[1A[2K[1A[2K[1A[2KCollecting 1 genome record [================================================] 100% 1/1
Downloading: ncbi_dataset.zip    446MB done
Validating package []
[1A[2K[1A[2K[1A[2KCollecting 1 genome record [================================================] 100% 1/1
Downloading: ncbi_dataset.zip    446MB done
Validating package []
[1A[2K[1A[2K[1A[2KCollecting 1 genome record [================================================] 100% 1/1
Downloading: ncbi_dataset.zip    446MB done
Validating package []
[1A[2K[1A[2K[1A[2KCollecting 1 genome record [================================================] 100% 1/1
Downloading: ncbi_dataset.zip    446MB done
Validating package []
[1A[2K[1A[2K[1A[2KCollecting 1 genome record [================================================] 100% 1/1
Downloading: ncbi_dataset.zip    446MB done
Validating package []
[1A[2K[1A[2K[1A[2KCollecting 1 genome record [================================================] 100% 1/1
Downloading: ncbi_dataset.zip    446MB done
Validating package []
[1A[2K[1A[2K[1A[2KCollecting 1 genome record [================================================] 100% 1/1
Downloading: ncbi_dataset.zip    446MB done
Validating package []
[1A[2K[1A[2K[1A[2KCollecting 1 genome record [================================================] 100% 1/1
Downloading: ncbi_dataset.zip    446MB done
Validating package []
[1A[2K[1A[2K[1A[2KCollecting 1 genome record [================================================] 100% 1/1
Downloading: ncbi_dataset.zip    446MB done
Validating package []
[1A[2K[1A[2K[1A[2KCollecting 1 genome record [================================================] 100% 1/1
Downloading: ncbi_dataset.zip    446MB done
Validating package []
[1A[2K[1A[2K[1A[2KCollecting 1 genome record [================================================] 100% 1/1
Downloading: ncbi_dataset.zip    446MB done
Validating package []
[1A[2K[1A[2K[1A[2KCollecting 1 genome record [================================================] 100% 1/1
Downloading: ncbi_dataset.zip    446MB done
Validating package []
[1A[2K[1A[2K[1A[2KCollecting 1 genome record [================================================] 100% 1/1
Downloading: ncbi_dataset.zip    446MB done
Validating package []
[1A[2K[1A[2K[1A[2KCollecting 1 genome record [================================================] 100% 1/1
Downloading: ncbi_dataset.zip    446MB done
Validating package []
[1A[2K[1A[2K[1A[2KCollecting 1 genome record [================================================] 100% 1/1
Downloading: ncbi_dataset.zip    446MB done
Validating package []
[1A[2K[1A[2K[1A[2KCollecting 1 genome record [================================================] 100% 1/1
Downloading: ncbi_dataset.zip    446MB done
Validating package []
[1A[2K[1A[2K[1A[2KCollecting 1 genome record [================================================] 100% 1/1
Downloading: ncbi_dataset.zip    446MB done
Validating package []
[1A[2K[1A[2K[1A[2KCollecting 1 genome record [================================================] 100% 1/1
Downloading: ncbi_dataset.zip    446MB done
Validating package []
[1A[2K[1A[2K[1A[2KCollecting 1 genome record [================================================] 100% 1/1
Downloading: ncbi_dataset.zip    446MB done
Validating package []
[1A[2K[1A[2K[1A[2KCollecting 1 genome record [================================================] 100% 1/1
Downloading: ncbi_dataset.zip    446MB done
Validating package []
[1A[2K[1A[2K[1A[2KCollecting 1 genome record [================================================] 100% 1/1
Downloading: ncbi_dataset.zip    446MB done
Validating package []
[1A[2K[1A[2K[1A[2KCollecting 1 genome record [================================================] 100% 1/1
Downloading: ncbi_dataset.zip    446MB done
Validating package []
[1A[2K[1A[2K[1A[2KCollecting 1 genome record [================================================] 100% 1/1
Downloading: ncbi_dataset.zip    446MB done
Validating package files [============>-----------------------------------]  29% 2/7
[1A[2K[1A[2K[1A[2KCollecting 1 genome record [================================================] 100% 1/1
Downloading: ncbi_dataset.zip    446MB done
Validating package files [============>-----------------------------------]  29% 2/7
[1A[2K[1A[2K[1A[2KCollecting 1 genome record [================================================] 100% 1/1
Downloading: ncbi_dataset.zip    446MB done
Validating package files [============>-----------------------------------]  29% 2/7
[1A[2K[1A[2K[1A[2KCollecting 1 genome record [================================================] 100% 1/1
Downloading: ncbi_dataset.zip    446MB done
Validating package files [============>-----------------------------------]  29% 2/7
[1A[2K[1A[2K[1A[2KCollecting 1 genome record [================================================] 100% 1/1
Downloading: ncbi_dataset.zip    446MB done
Validating package files [============>-----------------------------------]  29% 2/7
[1A[2K[1A[2K[1A[2KCollecting 1 genome record [================================================] 100% 1/1
Downloading: ncbi_dataset.zip    446MB done
Validating package files [============>-----------------------------------]  29% 2/7
[1A[2K[1A[2K[1A[2KCollecting 1 genome record [================================================] 100% 1/1
Downloading: ncbi_dataset.zip    446MB done
Validating package files [============>-----------------------------------]  29% 2/7
[1A[2K[1A[2K[1A[2KCollecting 1 genome record [================================================] 100% 1/1
Downloading: ncbi_dataset.zip    446MB done
Validating package files [============>-----------------------------------]  29% 2/7
[1A[2K[1A[2K[1A[2KCollecting 1 genome record [================================================] 100% 1/1
Downloading: ncbi_dataset.zip    446MB done
Validating package files [============>-----------------------------------]  29% 2/7
[1A[2K[1A[2K[1A[2KCollecting 1 genome record [================================================] 100% 1/1
Downloading: ncbi_dataset.zip    446MB done
Validating package files [============>-----------------------------------]  29% 2/7
[1A[2K[1A[2K[1A[2KCollecting 1 genome record [================================================] 100% 1/1
Downloading: ncbi_dataset.zip    446MB done
Validating package files [============>-----------------------------------]  29% 2/7
[1A[2K[1A[2K[1A[2KCollecting 1 genome record [================================================] 100% 1/1
Downloading: ncbi_dataset.zip    446MB done
Validating package files [============>-----------------------------------]  29% 2/7
[1A[2K[1A[2K[1A[2KCollecting 1 genome record [================================================] 100% 1/1
Downloading: ncbi_dataset.zip    446MB done
Validating package files [============>-----------------------------------]  29% 2/7
[1A[2K[1A[2K[1A[2KCollecting 1 genome record [================================================] 100% 1/1
Downloading: ncbi_dataset.zip    446MB done
Validating package files [============>-----------------------------------]  29% 2/7
[1A[2K[1A[2K[1A[2KCollecting 1 genome record [================================================] 100% 1/1
Downloading: ncbi_dataset.zip    446MB done
Validating package files [============>-----------------------------------]  29% 2/7
[1A[2K[1A[2K[1A[2KCollecting 1 genome record [================================================] 100% 1/1
Downloading: ncbi_dataset.zip    446MB done
Validating package files [============>-----------------------------------]  29% 2/7
[1A[2K[1A[2K[1A[2KCollecting 1 genome record [================================================] 100% 1/1
Downloading: ncbi_dataset.zip    446MB done
Validating package files [============>-----------------------------------]  29% 2/7
[1A[2K[1A[2K[1A[2KCollecting 1 genome record [================================================] 100% 1/1
Downloading: ncbi_dataset.zip    446MB done
Validating package files [============>-----------------------------------]  29% 2/7
[1A[2K[1A[2K[1A[2KCollecting 1 genome record [================================================] 100% 1/1
Downloading: ncbi_dataset.zip    446MB done
Validating package files [============>-----------------------------------]  29% 2/7
[1A[2K[1A[2K[1A[2KCollecting 1 genome record [================================================] 100% 1/1
Downloading: ncbi_dataset.zip    446MB done
Validating package files [============>-----------------------------------]  29% 2/7
[1A[2K[1A[2K[1A[2KCollecting 1 genome record [================================================] 100% 1/1
Downloading: ncbi_dataset.zip    446MB done
Validating package files [============>-----------------------------------]  29% 2/7
[1A[2K[1A[2K[1A[2KCollecting 1 genome record [================================================] 100% 1/1
Downloading: ncbi_dataset.zip    446MB done
Validating package files [============>-----------------------------------]  29% 2/7
[1A[2K[1A[2K[1A[2KCollecting 1 genome record [================================================] 100% 1/1
Downloading: ncbi_dataset.zip    446MB done
Validating package files [============>-----------------------------------]  29% 2/7
[1A[2K[1A[2K[1A[2KCollecting 1 genome record [================================================] 100% 1/1
Downloading: ncbi_dataset.zip    446MB done
Validating package files [============>-----------------------------------]  29% 2/7
[1A[2K[1A[2K[1A[2KCollecting 1 genome record [================================================] 100% 1/1
Downloading: ncbi_dataset.zip    446MB done
Validating package files [============>-----------------------------------]  29% 2/7
[1A[2K[1A[2K[1A[2KCollecting 1 genome record [================================================] 100% 1/1
Downloading: ncbi_dataset.zip    446MB done
Validating package files [============>-----------------------------------]  29% 2/7
[1A[2K[1A[2K[1A[2KCollecting 1 genome record [================================================] 100% 1/1
Downloading: ncbi_dataset.zip    446MB done
Validating package files [============>-----------------------------------]  29% 2/7
[1A[2K[1A[2K[1A[2KCollecting 1 genome record [================================================] 100% 1/1
Downloading: ncbi_dataset.zip    446MB done
Validating package files [============>-----------------------------------]  29% 2/7
[1A[2K[1A[2K[1A[2KCollecting 1 genome record [================================================] 100% 1/1
Downloading: ncbi_dataset.zip    446MB done
Validating package files [============>-----------------------------------]  29% 2/7
[1A[2K[1A[2K[1A[2KCollecting 1 genome record [================================================] 100% 1/1
Downloading: ncbi_dataset.zip    446MB done
Validating package files [============>-----------------------------------]  29% 2/7
[1A[2K[1A[2K[1A[2KCollecting 1 genome record [================================================] 100% 1/1
Downloading: ncbi_dataset.zip    446MB done
Validating package files [============>-----------------------------------]  29% 2/7
[1A[2K[1A[2K[1A[2KCollecting 1 genome record [================================================] 100% 1/1
Downloading: ncbi_dataset.zip    446MB done
Validating package files [============>-----------------------------------]  29% 2/7
[1A[2K[1A[2K[1A[2KCollecting 1 genome record [================================================] 100% 1/1
Downloading: ncbi_dataset.zip    446MB done
Validating package files [============>-----------------------------------]  29% 2/7
[1A[2K[1A[2K[1A[2KCollecting 1 genome record [================================================] 100% 1/1
Downloading: ncbi_dataset.zip    446MB done
Validating package files [============>-----------------------------------]  29% 2/7
[1A[2K[1A[2K[1A[2KCollecting 1 genome record [================================================] 100% 1/1
Downloading: ncbi_dataset.zip    446MB done
Validating package files [============>-----------------------------------]  29% 2/7
[1A[2K[1A[2K[1A[2KCollecting 1 genome record [================================================] 100% 1/1
Downloading: ncbi_dataset.zip    446MB done
Validating package files [============>-----------------------------------]  29% 2/7
[1A[2K[1A[2K[1A[2KCollecting 1 genome record [================================================] 100% 1/1
Downloading: ncbi_dataset.zip    446MB done
Validating package files [============>-----------------------------------]  29% 2/7
[1A[2K[1A[2K[1A[2KCollecting 1 genome record [================================================] 100% 1/1
Downloading: ncbi_dataset.zip    446MB done
Validating package files [============>-----------------------------------]  29% 2/7
[1A[2K[1A[2K[1A[2KCollecting 1 genome record [================================================] 100% 1/1
Downloading: ncbi_dataset.zip    446MB done
Validating package files [============>-----------------------------------]  29% 2/7
[1A[2K[1A[2K[1A[2KCollecting 1 genome record [================================================] 100% 1/1
Downloading: ncbi_dataset.zip    446MB done
Validating package files [============>-----------------------------------]  29% 2/7
[1A[2K[1A[2K[1A[2KCollecting 1 genome record [================================================] 100% 1/1
Downloading: ncbi_dataset.zip    446MB done
Validating package files [============>-----------------------------------]  29% 2/7
[1A[2K[1A[2K[1A[2KCollecting 1 genome record [================================================] 100% 1/1
Downloading: ncbi_dataset.zip    446MB done
Validating package files [============>-----------------------------------]  29% 2/7
[1A[2K[1A[2K[1A[2KCollecting 1 genome record [================================================] 100% 1/1
Downloading: ncbi_dataset.zip    446MB done
Validating package files [============>-----------------------------------]  29% 2/7
[1A[2K[1A[2K[1A[2KCollecting 1 genome record [================================================] 100% 1/1
Downloading: ncbi_dataset.zip    446MB done
Validating package files [============>-----------------------------------]  29% 2/7
[1A[2K[1A[2K[1A[2KCollecting 1 genome record [================================================] 100% 1/1
Downloading: ncbi_dataset.zip    446MB done
Validating package files [============>-----------------------------------]  29% 2/7
[1A[2K[1A[2K[1A[2KCollecting 1 genome record [================================================] 100% 1/1
Downloading: ncbi_dataset.zip    446MB done
Validating package files [============>-----------------------------------]  29% 2/7
[1A[2K[1A[2K[1A[2KCollecting 1 genome record [================================================] 100% 1/1
Downloading: ncbi_dataset.zip    446MB done
Validating package files [============>-----------------------------------]  29% 2/7
[1A[2K[1A[2K[1A[2KCollecting 1 genome record [================================================] 100% 1/1
Downloading: ncbi_dataset.zip    446MB done
Validating package files [============>-----------------------------------]  29% 2/7
[1A[2K[1A[2K[1A[2KCollecting 1 genome record [================================================] 100% 1/1
Downloading: ncbi_dataset.zip    446MB done
Validating package files [============>-----------------------------------]  29% 2/7
[1A[2K[1A[2K[1A[2KCollecting 1 genome record [================================================] 100% 1/1
Downloading: ncbi_dataset.zip    446MB done
Validating package files [============>-----------------------------------]  29% 2/7
[1A[2K[1A[2K[1A[2KCollecting 1 genome record [================================================] 100% 1/1
Downloading: ncbi_dataset.zip    446MB done
Validating package files [============>-----------------------------------]  29% 2/7
[1A[2K[1A[2K[1A[2KCollecting 1 genome record [================================================] 100% 1/1
Downloading: ncbi_dataset.zip    446MB done
Validating package files [============>-----------------------------------]  29% 2/7
[1A[2K[1A[2K[1A[2KCollecting 1 genome record [================================================] 100% 1/1
Downloading: ncbi_dataset.zip    446MB done
Validating package files [============>-----------------------------------]  29% 2/7
[1A[2K[1A[2K[1A[2KCollecting 1 genome record [================================================] 100% 1/1
Downloading: ncbi_dataset.zip    446MB done
Validating package files [============>-----------------------------------]  29% 2/7
[1A[2K[1A[2K[1A[2KCollecting 1 genome record [================================================] 100% 1/1
Downloading: ncbi_dataset.zip    446MB done
Validating package files [============>-----------------------------------]  29% 2/7
[1A[2K[1A[2K[1A[2KCollecting 1 genome record [================================================] 100% 1/1
Downloading: ncbi_dataset.zip    446MB done
Validating package files [============>-----------------------------------]  29% 2/7
[1A[2K[1A[2K[1A[2KCollecting 1 genome record [================================================] 100% 1/1
Downloading: ncbi_dataset.zip    446MB done
Validating package files [============>-----------------------------------]  29% 2/7
[1A[2K[1A[2K[1A[2KCollecting 1 genome record [================================================] 100% 1/1
Downloading: ncbi_dataset.zip    446MB done
Validating package files [============>-----------------------------------]  29% 2/7
[1A[2K[1A[2K[1A[2KCollecting 1 genome record [================================================] 100% 1/1
Downloading: ncbi_dataset.zip    446MB done
Validating package files [============>-----------------------------------]  29% 2/7
[1A[2K[1A[2K[1A[2KCollecting 1 genome record [================================================] 100% 1/1
Downloading: ncbi_dataset.zip    446MB done
Validating package files [============>-----------------------------------]  29% 2/7
[1A[2K[1A[2K[1A[2KCollecting 1 genome record [================================================] 100% 1/1
Downloading: ncbi_dataset.zip    446MB done
Validating package files [============>-----------------------------------]  29% 2/7
[1A[2K[1A[2K[1A[2KCollecting 1 genome record [================================================] 100% 1/1
Downloading: ncbi_dataset.zip    446MB done
Validating package files [============>-----------------------------------]  29% 2/7
[1A[2K[1A[2K[1A[2KCollecting 1 genome record [================================================] 100% 1/1
Downloading: ncbi_dataset.zip    446MB done
Validating package files [============>-----------------------------------]  29% 2/7
[1A[2K[1A[2K[1A[2KCollecting 1 genome record [================================================] 100% 1/1
Downloading: ncbi_dataset.zip    446MB done
Validating package files [============>-----------------------------------]  29% 2/7
[1A[2K[1A[2K[1A[2KCollecting 1 genome record [================================================] 100% 1/1
Downloading: ncbi_dataset.zip    446MB done
Validating package files [============>-----------------------------------]  29% 2/7
[1A[2K[1A[2K[1A[2KCollecting 1 genome record [================================================] 100% 1/1
Downloading: ncbi_dataset.zip    446MB done
Validating package files [============>-----------------------------------]  29% 2/7
[1A[2K[1A[2K[1A[2KCollecting 1 genome record [================================================] 100% 1/1
Downloading: ncbi_dataset.zip    446MB done
Validating package files [============>-----------------------------------]  29% 2/7
[1A[2K[1A[2K[1A[2KCollecting 1 genome record [================================================] 100% 1/1
Downloading: ncbi_dataset.zip    446MB done
Validating package files [============>-----------------------------------]  29% 2/7
[1A[2K[1A[2K[1A[2KCollecting 1 genome record [================================================] 100% 1/1
Downloading: ncbi_dataset.zip    446MB done
Validating package files [============>-----------------------------------]  29% 2/7
[1A[2K[1A[2K[1A[2KCollecting 1 genome record [================================================] 100% 1/1
Downloading: ncbi_dataset.zip    446MB done
Validating package files [============>-----------------------------------]  29% 2/7
[1A[2K[1A[2K[1A[2KCollecting 1 genome record [================================================] 100% 1/1
Downloading: ncbi_dataset.zip    446MB done
Validating package files [============>-----------------------------------]  29% 2/7
[1A[2K[1A[2K[1A[2KCollecting 1 genome record [================================================] 100% 1/1
Downloading: ncbi_dataset.zip    446MB done
Validating package files [============>-----------------------------------]  29% 2/7
[1A[2K[1A[2K[1A[2KCollecting 1 genome record [================================================] 100% 1/1
Downloading: ncbi_dataset.zip    446MB done
Validating package files [============>-----------------------------------]  29% 2/7
[1A[2K[1A[2K[1A[2KCollecting 1 genome record [================================================] 100% 1/1
Downloading: ncbi_dataset.zip    446MB done
Validating package files [============>-----------------------------------]  29% 2/7
[1A[2K[1A[2K[1A[2KCollecting 1 genome record [================================================] 100% 1/1
Downloading: ncbi_dataset.zip    446MB done
Validating package files [============>-----------------------------------]  29% 2/7
[1A[2K[1A[2K[1A[2KCollecting 1 genome record [================================================] 100% 1/1
Downloading: ncbi_dataset.zip    446MB done
Validating package files [============>-----------------------------------]  29% 2/7
[1A[2K[1A[2K[1A[2KCollecting 1 genome record [================================================] 100% 1/1
Downloading: ncbi_dataset.zip    446MB done
Validating package files [============>-----------------------------------]  29% 2/7
[1A[2K[1A[2K[1A[2KCollecting 1 genome record [================================================] 100% 1/1
Downloading: ncbi_dataset.zip    446MB done
Validating package files [============>-----------------------------------]  29% 2/7
[1A[2K[1A[2K[1A[2KCollecting 1 genome record [================================================] 100% 1/1
Downloading: ncbi_dataset.zip    446MB done
Validating package files [============>-----------------------------------]  29% 2/7
[1A[2K[1A[2K[1A[2KCollecting 1 genome record [================================================] 100% 1/1
Downloading: ncbi_dataset.zip    446MB done
Validating package files [============>-----------------------------------]  29% 2/7
[1A[2K[1A[2K[1A[2KCollecting 1 genome record [================================================] 100% 1/1
Downloading: ncbi_dataset.zip    446MB done
Validating package files [============>-----------------------------------]  29% 2/7
[1A[2K[1A[2K[1A[2KCollecting 1 genome record [================================================] 100% 1/1
Downloading: ncbi_dataset.zip    446MB done
Validating package files [============>-----------------------------------]  29% 2/7
[1A[2K[1A[2K[1A[2KCollecting 1 genome record [================================================] 100% 1/1
Downloading: ncbi_dataset.zip    446MB done
Validating package files [============>-----------------------------------]  29% 2/7
[1A[2K[1A[2K[1A[2KCollecting 1 genome record [================================================] 100% 1/1
Downloading: ncbi_dataset.zip    446MB done
Validating package files [============>-----------------------------------]  29% 2/7
[1A[2K[1A[2K[1A[2KCollecting 1 genome record [================================================] 100% 1/1
Downloading: ncbi_dataset.zip    446MB done
Validating package files [============>-----------------------------------]  29% 2/7
[1A[2K[1A[2K[1A[2KCollecting 1 genome record [================================================] 100% 1/1
Downloading: ncbi_dataset.zip    446MB done
Validating package files [============>-----------------------------------]  29% 2/7
[1A[2K[1A[2K[1A[2KCollecting 1 genome record [================================================] 100% 1/1
Downloading: ncbi_dataset.zip    446MB done
Validating package files [============>-----------------------------------]  29% 2/7
[1A[2K[1A[2K[1A[2KCollecting 1 genome record [================================================] 100% 1/1
Downloading: ncbi_dataset.zip    446MB done
Validating package files [============>-----------------------------------]  29% 2/7
[1A[2K[1A[2K[1A[2KCollecting 1 genome record [================================================] 100% 1/1
Downloading: ncbi_dataset.zip    446MB done
Validating package files [============>-----------------------------------]  29% 2/7
[1A[2K[1A[2K[1A[2KCollecting 1 genome record [================================================] 100% 1/1
Downloading: ncbi_dataset.zip    446MB done
Validating package files [============>-----------------------------------]  29% 2/7
[1A[2K[1A[2K[1A[2KCollecting 1 genome record [================================================] 100% 1/1
Downloading: ncbi_dataset.zip    446MB done
Validating package files [============>-----------------------------------]  29% 2/7
[1A[2K[1A[2K[1A[2KCollecting 1 genome record [================================================] 100% 1/1
Downloading: ncbi_dataset.zip    446MB done
Validating package files [============>-----------------------------------]  29% 2/7
[1A[2K[1A[2K[1A[2KCollecting 1 genome record [================================================] 100% 1/1
Downloading: ncbi_dataset.zip    446MB done
Validating package files [============>-----------------------------------]  29% 2/7
[1A[2K[1A[2K[1A[2KCollecting 1 genome record [================================================] 100% 1/1
Downloading: ncbi_dataset.zip    446MB done
Validating package files [============>-----------------------------------]  29% 2/7
[1A[2K[1A[2K[1A[2KCollecting 1 genome record [================================================] 100% 1/1
Downloading: ncbi_dataset.zip    446MB done
Validating package files [============>-----------------------------------]  29% 2/7
[1A[2K[1A[2K[1A[2KCollecting 1 genome record [================================================] 100% 1/1
Downloading: ncbi_dataset.zip    446MB done
Validating package files [============>-----------------------------------]  29% 2/7
[1A[2K[1A[2K[1A[2KCollecting 1 genome record [================================================] 100% 1/1
Downloading: ncbi_dataset.zip    446MB done
Validating package files [============>-----------------------------------]  29% 2/7
[1A[2K[1A[2K[1A[2KCollecting 1 genome record [================================================] 100% 1/1
Downloading: ncbi_dataset.zip    446MB done
Validating package files [============>-----------------------------------]  29% 2/7
[1A[2K[1A[2K[1A[2KCollecting 1 genome record [================================================] 100% 1/1
Downloading: ncbi_dataset.zip    446MB done
Validating package files [============>-----------------------------------]  29% 2/7
[1A[2K[1A[2K[1A[2KCollecting 1 genome record [================================================] 100% 1/1
Downloading: ncbi_dataset.zip    446MB done
Validating package files [============>-----------------------------------]  29% 2/7
[1A[2K[1A[2K[1A[2KCollecting 1 genome record [================================================] 100% 1/1
Downloading: ncbi_dataset.zip    446MB done
Validating package files [============>-----------------------------------]  29% 2/7
[1A[2K[1A[2K[1A[2KCollecting 1 genome record [================================================] 100% 1/1
Downloading: ncbi_dataset.zip    446MB done
Validating package files [============>-----------------------------------]  29% 2/7
[1A[2K[1A[2K[1A[2KCollecting 1 genome record [================================================] 100% 1/1
Downloading: ncbi_dataset.zip    446MB done
Validating package files [============>-----------------------------------]  29% 2/7
[1A[2K[1A[2K[1A[2KCollecting 1 genome record [================================================] 100% 1/1
Downloading: ncbi_dataset.zip    446MB done
Validating package files [============>-----------------------------------]  29% 2/7
[1A[2K[1A[2K[1A[2KCollecting 1 genome record [================================================] 100% 1/1
Downloading: ncbi_dataset.zip    446MB done
Validating package files [============>-----------------------------------]  29% 2/7
[1A[2K[1A[2K[1A[2KCollecting 1 genome record [================================================] 100% 1/1
Downloading: ncbi_dataset.zip    446MB done
Validating package files [============>-----------------------------------]  29% 2/7
[1A[2K[1A[2K[1A[2KCollecting 1 genome record [================================================] 100% 1/1
Downloading: ncbi_dataset.zip    446MB done
Validating package files [============>-----------------------------------]  29% 2/7
[1A[2K[1A[2K[1A[2KCollecting 1 genome record [================================================] 100% 1/1
Downloading: ncbi_dataset.zip    446MB done
Validating package files [============>-----------------------------------]  29% 2/7
[1A[2K[1A[2K[1A[2KCollecting 1 genome record [================================================] 100% 1/1
Downloading: ncbi_dataset.zip    446MB done
Validating package files [============>-----------------------------------]  29% 2/7
[1A[2K[1A[2K[1A[2KCollecting 1 genome record [================================================] 100% 1/1
Downloading: ncbi_dataset.zip    446MB done
Validating package files [============>-----------------------------------]  29% 2/7
[1A[2K[1A[2K[1A[2KCollecting 1 genome record [================================================] 100% 1/1
Downloading: ncbi_dataset.zip    446MB done
Validating package files [============>-----------------------------------]  29% 2/7
[1A[2K[1A[2K[1A[2KCollecting 1 genome record [================================================] 100% 1/1
Downloading: ncbi_dataset.zip    446MB done
Validating package files [============>-----------------------------------]  29% 2/7
[1A[2K[1A[2K[1A[2KCollecting 1 genome record [================================================] 100% 1/1
Downloading: ncbi_dataset.zip    446MB done
Validating package files [============>-----------------------------------]  29% 2/7
[1A[2K[1A[2K[1A[2KCollecting 1 genome record [================================================] 100% 1/1
Downloading: ncbi_dataset.zip    446MB done
Validating package files [============>-----------------------------------]  29% 2/7
[1A[2K[1A[2K[1A[2KCollecting 1 genome record [================================================] 100% 1/1
Downloading: ncbi_dataset.zip    446MB done
Validating package files [============>-----------------------------------]  29% 2/7
[1A[2K[1A[2K[1A[2KCollecting 1 genome record [================================================] 100% 1/1
Downloading: ncbi_dataset.zip    446MB done
Validating package files [============>-----------------------------------]  29% 2/7
[1A[2K[1A[2K[1A[2KCollecting 1 genome record [================================================] 100% 1/1
Downloading: ncbi_dataset.zip    446MB done
Validating package files [============>-----------------------------------]  29% 2/7
[1A[2K[1A[2K[1A[2KCollecting 1 genome record [================================================] 100% 1/1
Downloading: ncbi_dataset.zip    446MB done
Validating package files [============>-----------------------------------]  29% 2/7
[1A[2K[1A[2K[1A[2KCollecting 1 genome record [================================================] 100% 1/1
Downloading: ncbi_dataset.zip    446MB done
Validating package files [============>-----------------------------------]  29% 2/7
[1A[2K[1A[2K[1A[2KCollecting 1 genome record [================================================] 100% 1/1
Downloading: ncbi_dataset.zip    446MB done
Validating package files [============>-----------------------------------]  29% 2/7
[1A[2K[1A[2K[1A[2KCollecting 1 genome record [================================================] 100% 1/1
Downloading: ncbi_dataset.zip    446MB done
Validating package files [============>-----------------------------------]  29% 2/7
[1A[2K[1A[2K[1A[2KCollecting 1 genome record [================================================] 100% 1/1
Downloading: ncbi_dataset.zip    446MB done
Validating package files [============>-----------------------------------]  29% 2/7
[1A[2K[1A[2K[1A[2KCollecting 1 genome record [================================================] 100% 1/1
Downloading: ncbi_dataset.zip    446MB done
Validating package files [============>-----------------------------------]  29% 2/7
[1A[2K[1A[2K[1A[2KCollecting 1 genome record [================================================] 100% 1/1
Downloading: ncbi_dataset.zip    446MB done
Validating package files [============>-----------------------------------]  29% 2/7
[1A[2K[1A[2K[1A[2KCollecting 1 genome record [================================================] 100% 1/1
Downloading: ncbi_dataset.zip    446MB done
Validating package files [============>-----------------------------------]  29% 2/7
[1A[2K[1A[2K[1A[2KCollecting 1 genome record [================================================] 100% 1/1
Downloading: ncbi_dataset.zip    446MB done
Validating package files [============>-----------------------------------]  29% 2/7
[1A[2K[1A[2K[1A[2KCollecting 1 genome record [================================================] 100% 1/1
Downloading: ncbi_dataset.zip    446MB done
Validating package files [============>-----------------------------------]  29% 2/7
[1A[2K[1A[2K[1A[2KCollecting 1 genome record [================================================] 100% 1/1
Downloading: ncbi_dataset.zip    446MB done
Validating package files [============>-----------------------------------]  29% 2/7
[1A[2K[1A[2K[1A[2KCollecting 1 genome record [================================================] 100% 1/1
Downloading: ncbi_dataset.zip    446MB done
Validating package files [============>-----------------------------------]  29% 2/7
[1A[2K[1A[2K[1A[2KCollecting 1 genome record [================================================] 100% 1/1
Downloading: ncbi_dataset.zip    446MB done
Validating package files [============>-----------------------------------]  29% 2/7
[1A[2K[1A[2K[1A[2KCollecting 1 genome record [================================================] 100% 1/1
Downloading: ncbi_dataset.zip    446MB done
Validating package files [============>-----------------------------------]  29% 2/7
[1A[2K[1A[2K[1A[2KCollecting 1 genome record [================================================] 100% 1/1
Downloading: ncbi_dataset.zip    446MB done
Validating package files [============>-----------------------------------]  29% 2/7
[1A[2K[1A[2K[1A[2KCollecting 1 genome record [================================================] 100% 1/1
Downloading: ncbi_dataset.zip    446MB done
Validating package files [============>-----------------------------------]  29% 2/7
[1A[2K[1A[2K[1A[2KCollecting 1 genome record [================================================] 100% 1/1
Downloading: ncbi_dataset.zip    446MB done
Validating package files [============>-----------------------------------]  29% 2/7
[1A[2K[1A[2K[1A[2KCollecting 1 genome record [================================================] 100% 1/1
Downloading: ncbi_dataset.zip    446MB done
Validating package files [============>-----------------------------------]  29% 2/7
[1A[2K[1A[2K[1A[2KCollecting 1 genome record [================================================] 100% 1/1
Downloading: ncbi_dataset.zip    446MB done
Validating package files [============>-----------------------------------]  29% 2/7
[1A[2K[1A[2K[1A[2KCollecting 1 genome record [================================================] 100% 1/1
Downloading: ncbi_dataset.zip    446MB done
Validating package files [============>-----------------------------------]  29% 2/7
[1A[2K[1A[2K[1A[2KCollecting 1 genome record [================================================] 100% 1/1
Downloading: ncbi_dataset.zip    446MB done
Validating package files [============>-----------------------------------]  29% 2/7
[1A[2K[1A[2K[1A[2KCollecting 1 genome record [================================================] 100% 1/1
Downloading: ncbi_dataset.zip    446MB done
Validating package files [============>-----------------------------------]  29% 2/7
[1A[2K[1A[2K[1A[2KCollecting 1 genome record [================================================] 100% 1/1
Downloading: ncbi_dataset.zip    446MB done
Validating package files [============>-----------------------------------]  29% 2/7
[1A[2K[1A[2K[1A[2KCollecting 1 genome record [================================================] 100% 1/1
Downloading: ncbi_dataset.zip    446MB done
Validating package files [============>-----------------------------------]  29% 2/7
[1A[2K[1A[2K[1A[2KCollecting 1 genome record [================================================] 100% 1/1
Downloading: ncbi_dataset.zip    446MB done
Validating package files [============>-----------------------------------]  29% 2/7
[1A[2K[1A[2K[1A[2KCollecting 1 genome record [================================================] 100% 1/1
Downloading: ncbi_dataset.zip    446MB done
Validating package files [============>-----------------------------------]  29% 2/7
[1A[2K[1A[2K[1A[2KCollecting 1 genome record [================================================] 100% 1/1
Downloading: ncbi_dataset.zip    446MB done
Validating package files [============>-----------------------------------]  29% 2/7
[1A[2K[1A[2K[1A[2KCollecting 1 genome record [================================================] 100% 1/1
Downloading: ncbi_dataset.zip    446MB done
Validating package files [============>-----------------------------------]  29% 2/7
[1A[2K[1A[2K[1A[2KCollecting 1 genome record [================================================] 100% 1/1
Downloading: ncbi_dataset.zip    446MB done
Validating package files [============>-----------------------------------]  29% 2/7
[1A[2K[1A[2K[1A[2KCollecting 1 genome record [================================================] 100% 1/1
Downloading: ncbi_dataset.zip    446MB done
Validating package files [============>-----------------------------------]  29% 2/7
[1A[2K[1A[2K[1A[2KCollecting 1 genome record [================================================] 100% 1/1
Downloading: ncbi_dataset.zip    446MB done
Validating package files [============>-----------------------------------]  29% 2/7
[1A[2K[1A[2K[1A[2KCollecting 1 genome record [================================================] 100% 1/1
Downloading: ncbi_dataset.zip    446MB done
Validating package files [============>-----------------------------------]  29% 2/7
[1A[2K[1A[2K[1A[2KCollecting 1 genome record [================================================] 100% 1/1
Downloading: ncbi_dataset.zip    446MB done
Validating package files [============>-----------------------------------]  29% 2/7
[1A[2K[1A[2K[1A[2KCollecting 1 genome record [================================================] 100% 1/1
Downloading: ncbi_dataset.zip    446MB done
Validating package files [============>-----------------------------------]  29% 2/7
[1A[2K[1A[2K[1A[2KCollecting 1 genome record [================================================] 100% 1/1
Downloading: ncbi_dataset.zip    446MB done
Validating package files [============>-----------------------------------]  29% 2/7
[1A[2K[1A[2K[1A[2KCollecting 1 genome record [================================================] 100% 1/1
Downloading: ncbi_dataset.zip    446MB done
Validating package files [============>-----------------------------------]  29% 2/7
[1A[2K[1A[2K[1A[2KCollecting 1 genome record [================================================] 100% 1/1
Downloading: ncbi_dataset.zip    446MB done
Validating package files [============>-----------------------------------]  29% 2/7
[1A[2K[1A[2K[1A[2KCollecting 1 genome record [================================================] 100% 1/1
Downloading: ncbi_dataset.zip    446MB done
Validating package files [============>-----------------------------------]  29% 2/7
[1A[2K[1A[2K[1A[2KCollecting 1 genome record [================================================] 100% 1/1
Downloading: ncbi_dataset.zip    446MB done
Validating package files [============>-----------------------------------]  29% 2/7
[1A[2K[1A[2K[1A[2KCollecting 1 genome record [================================================] 100% 1/1
Downloading: ncbi_dataset.zip    446MB done
Validating package files [============>-----------------------------------]  29% 2/7
[1A[2K[1A[2K[1A[2KCollecting 1 genome record [================================================] 100% 1/1
Downloading: ncbi_dataset.zip    446MB done
Validating package files [============>-----------------------------------]  29% 2/7
[1A[2K[1A[2K[1A[2KCollecting 1 genome record [================================================] 100% 1/1
Downloading: ncbi_dataset.zip    446MB done
Validating package files [============>-----------------------------------]  29% 2/7
[1A[2K[1A[2K[1A[2KCollecting 1 genome record [================================================] 100% 1/1
Downloading: ncbi_dataset.zip    446MB done
Validating package files [============>-----------------------------------]  29% 2/7
[1A[2K[1A[2K[1A[2KCollecting 1 genome record [================================================] 100% 1/1
Downloading: ncbi_dataset.zip    446MB done
Validating package files [============>-----------------------------------]  29% 2/7
[1A[2K[1A[2K[1A[2KCollecting 1 genome record [================================================] 100% 1/1
Downloading: ncbi_dataset.zip    446MB done
Validating package files [============>-----------------------------------]  29% 2/7
[1A[2K[1A[2K[1A[2KCollecting 1 genome record [================================================] 100% 1/1
Downloading: ncbi_dataset.zip    446MB done
Validating package files [============>-----------------------------------]  29% 2/7
[1A[2K[1A[2K[1A[2KCollecting 1 genome record [================================================] 100% 1/1
Downloading: ncbi_dataset.zip    446MB done
Validating package files [============>-----------------------------------]  29% 2/7
[1A[2K[1A[2K[1A[2KCollecting 1 genome record [================================================] 100% 1/1
Downloading: ncbi_dataset.zip    446MB done
Validating package files [============>-----------------------------------]  29% 2/7
[1A[2K[1A[2K[1A[2KCollecting 1 genome record [================================================] 100% 1/1
Downloading: ncbi_dataset.zip    446MB done
Validating package files [============>-----------------------------------]  29% 2/7
[1A[2K[1A[2K[1A[2KCollecting 1 genome record [================================================] 100% 1/1
Downloading: ncbi_dataset.zip    446MB done
Validating package files [============>-----------------------------------]  29% 2/7
[1A[2K[1A[2K[1A[2KCollecting 1 genome record [================================================] 100% 1/1
Downloading: ncbi_dataset.zip    446MB done
Validating package files [============>-----------------------------------]  29% 2/7
[1A[2K[1A[2K[1A[2KCollecting 1 genome record [================================================] 100% 1/1
Downloading: ncbi_dataset.zip    446MB done
Validating package files [============>-----------------------------------]  29% 2/7
[1A[2K[1A[2K[1A[2KCollecting 1 genome record [================================================] 100% 1/1
Downloading: ncbi_dataset.zip    446MB done
Validating package files [============>-----------------------------------]  29% 2/7
[1A[2K[1A[2K[1A[2KCollecting 1 genome record [================================================] 100% 1/1
Downloading: ncbi_dataset.zip    446MB done
Validating package files [============>-----------------------------------]  29% 2/7
[1A[2K[1A[2K[1A[2KCollecting 1 genome record [================================================] 100% 1/1
Downloading: ncbi_dataset.zip    446MB done
Validating package files [============>-----------------------------------]  29% 2/7
[1A[2K[1A[2K[1A[2KCollecting 1 genome record [================================================] 100% 1/1
Downloading: ncbi_dataset.zip    446MB done
Validating package files [============>-----------------------------------]  29% 2/7
[1A[2K[1A[2K[1A[2KCollecting 1 genome record [================================================] 100% 1/1
Downloading: ncbi_dataset.zip    446MB done
Validating package files [============>-----------------------------------]  29% 2/7
[1A[2K[1A[2K[1A[2KCollecting 1 genome record [================================================] 100% 1/1
Downloading: ncbi_dataset.zip    446MB done
Validating package files [============>-----------------------------------]  29% 2/7
[1A[2K[1A[2K[1A[2KCollecting 1 genome record [================================================] 100% 1/1
Downloading: ncbi_dataset.zip    446MB done
Validating package files [============>-----------------------------------]  29% 2/7
[1A[2K[1A[2K[1A[2KCollecting 1 genome record [================================================] 100% 1/1
Downloading: ncbi_dataset.zip    446MB done
Validating package files [============>-----------------------------------]  29% 2/7
[1A[2K[1A[2K[1A[2KCollecting 1 genome record [================================================] 100% 1/1
Downloading: ncbi_dataset.zip    446MB done
Validating package files [============>-----------------------------------]  29% 2/7
[1A[2K[1A[2K[1A[2KCollecting 1 genome record [================================================] 100% 1/1
Downloading: ncbi_dataset.zip    446MB done
Validating package files [============>-----------------------------------]  29% 2/7
[1A[2K[1A[2K[1A[2KCollecting 1 genome record [================================================] 100% 1/1
Downloading: ncbi_dataset.zip    446MB done
Validating package files [============>-----------------------------------]  29% 2/7
[1A[2K[1A[2K[1A[2KCollecting 1 genome record [================================================] 100% 1/1
Downloading: ncbi_dataset.zip    446MB done
Validating package files [============>-----------------------------------]  29% 2/7
[1A[2K[1A[2K[1A[2KCollecting 1 genome record [================================================] 100% 1/1
Downloading: ncbi_dataset.zip    446MB done
Validating package files [============>-----------------------------------]  29% 2/7
[1A[2K[1A[2K[1A[2KCollecting 1 genome record [================================================] 100% 1/1
Downloading: ncbi_dataset.zip    446MB done
Validating package files [============>-----------------------------------]  29% 2/7
[1A[2K[1A[2K[1A[2KCollecting 1 genome record [================================================] 100% 1/1
Downloading: ncbi_dataset.zip    446MB done
Validating package files [============>-----------------------------------]  29% 2/7
[1A[2K[1A[2K[1A[2KCollecting 1 genome record [================================================] 100% 1/1
Downloading: ncbi_dataset.zip    446MB done
Validating package files [============>-----------------------------------]  29% 2/7
[1A[2K[1A[2K[1A[2KCollecting 1 genome record [================================================] 100% 1/1
Downloading: ncbi_dataset.zip    446MB done
Validating package files [============>-----------------------------------]  29% 2/7
[1A[2K[1A[2K[1A[2KCollecting 1 genome record [================================================] 100% 1/1
Downloading: ncbi_dataset.zip    446MB done
Validating package files [============>-----------------------------------]  29% 2/7
[1A[2K[1A[2K[1A[2KCollecting 1 genome record [================================================] 100% 1/1
Downloading: ncbi_dataset.zip    446MB done
Validating package files [============>-----------------------------------]  29% 2/7
[1A[2K[1A[2K[1A[2KCollecting 1 genome record [================================================] 100% 1/1
Downloading: ncbi_dataset.zip    446MB done
Validating package files [============>-----------------------------------]  29% 2/7
[1A[2K[1A[2K[1A[2KCollecting 1 genome record [================================================] 100% 1/1
Downloading: ncbi_dataset.zip    446MB done
Validating package files [============>-----------------------------------]  29% 2/7
[1A[2K[1A[2K[1A[2KCollecting 1 genome record [================================================] 100% 1/1
Downloading: ncbi_dataset.zip    446MB done
Validating package files [============>-----------------------------------]  29% 2/7
[1A[2K[1A[2K[1A[2KCollecting 1 genome record [================================================] 100% 1/1
Downloading: ncbi_dataset.zip    446MB done
Validating package files [============>-----------------------------------]  29% 2/7
[1A[2K[1A[2K[1A[2KCollecting 1 genome record [================================================] 100% 1/1
Downloading: ncbi_dataset.zip    446MB done
Validating package files [============>-----------------------------------]  29% 2/7
[1A[2K[1A[2K[1A[2KCollecting 1 genome record [================================================] 100% 1/1
Downloading: ncbi_dataset.zip    446MB done
Validating package files [============>-----------------------------------]  29% 2/7
[1A[2K[1A[2K[1A[2KCollecting 1 genome record [================================================] 100% 1/1
Downloading: ncbi_dataset.zip    446MB done
Validating package files [============>-----------------------------------]  29% 2/7
[1A[2K[1A[2K[1A[2KCollecting 1 genome record [================================================] 100% 1/1
Downloading: ncbi_dataset.zip    446MB done
Validating package files [============>-----------------------------------]  29% 2/7
[1A[2K[1A[2K[1A[2KCollecting 1 genome record [================================================] 100% 1/1
Downloading: ncbi_dataset.zip    446MB done
Validating package files [============>-----------------------------------]  29% 2/7
[1A[2K[1A[2K[1A[2KCollecting 1 genome record [================================================] 100% 1/1
Downloading: ncbi_dataset.zip    446MB done
Validating package files [============>-----------------------------------]  29% 2/7
[1A[2K[1A[2K[1A[2KCollecting 1 genome record [================================================] 100% 1/1
Downloading: ncbi_dataset.zip    446MB done
Validating package files [============>-----------------------------------]  29% 2/7
[1A[2K[1A[2K[1A[2KCollecting 1 genome record [================================================] 100% 1/1
Downloading: ncbi_dataset.zip    446MB done
Validating package files [============>-----------------------------------]  29% 2/7
[1A[2K[1A[2K[1A[2KCollecting 1 genome record [================================================] 100% 1/1
Downloading: ncbi_dataset.zip    446MB done
Validating package files [============>-----------------------------------]  29% 2/7
[1A[2K[1A[2K[1A[2KCollecting 1 genome record [================================================] 100% 1/1
Downloading: ncbi_dataset.zip    446MB done
Validating package files [============>-----------------------------------]  29% 2/7
[1A[2K[1A[2K[1A[2KCollecting 1 genome record [================================================] 100% 1/1
Downloading: ncbi_dataset.zip    446MB done
Validating package files [============>-----------------------------------]  29% 2/7
[1A[2K[1A[2K[1A[2KCollecting 1 genome record [================================================] 100% 1/1
Downloading: ncbi_dataset.zip    446MB done
Validating package files [============>-----------------------------------]  29% 2/7
[1A[2K[1A[2K[1A[2KCollecting 1 genome record [================================================] 100% 1/1
Downloading: ncbi_dataset.zip    446MB done
Validating package files [============>-----------------------------------]  29% 2/7
[1A[2K[1A[2K[1A[2KCollecting 1 genome record [================================================] 100% 1/1
Downloading: ncbi_dataset.zip    446MB done
Validating package files [============>-----------------------------------]  29% 2/7
[1A[2K[1A[2K[1A[2KCollecting 1 genome record [================================================] 100% 1/1
Downloading: ncbi_dataset.zip    446MB done
Validating package files [============>-----------------------------------]  29% 2/7
[1A[2K[1A[2K[1A[2KCollecting 1 genome record [================================================] 100% 1/1
Downloading: ncbi_dataset.zip    446MB done
Validating package files [============>-----------------------------------]  29% 2/7
[1A[2K[1A[2K[1A[2KCollecting 1 genome record [================================================] 100% 1/1
Downloading: ncbi_dataset.zip    446MB done
Validating package files [============>-----------------------------------]  29% 2/7
[1A[2K[1A[2K[1A[2KCollecting 1 genome record [================================================] 100% 1/1
Downloading: ncbi_dataset.zip    446MB done
Validating package files [============>-----------------------------------]  29% 2/7
[1A[2K[1A[2K[1A[2KCollecting 1 genome record [================================================] 100% 1/1
Downloading: ncbi_dataset.zip    446MB done
Validating package files [============>-----------------------------------]  29% 2/7
[1A[2K[1A[2K[1A[2KCollecting 1 genome record [================================================] 100% 1/1
Downloading: ncbi_dataset.zip    446MB done
Validating package files [============>-----------------------------------]  29% 2/7
[1A[2K[1A[2K[1A[2KCollecting 1 genome record [================================================] 100% 1/1
Downloading: ncbi_dataset.zip    446MB done
Validating package files [============>-----------------------------------]  29% 2/7
[1A[2K[1A[2K[1A[2KCollecting 1 genome record [================================================] 100% 1/1
Downloading: ncbi_dataset.zip    446MB done
Validating package files [============>-----------------------------------]  29% 2/7
[1A[2K[1A[2K[1A[2KCollecting 1 genome record [================================================] 100% 1/1
Downloading: ncbi_dataset.zip    446MB done
Validating package files [============>-----------------------------------]  29% 2/7
[1A[2K[1A[2K[1A[2KCollecting 1 genome record [================================================] 100% 1/1
Downloading: ncbi_dataset.zip    446MB done
Validating package files [============>-----------------------------------]  29% 2/7
[1A[2K[1A[2K[1A[2KCollecting 1 genome record [================================================] 100% 1/1
Downloading: ncbi_dataset.zip    446MB done
Validating package files [============>-----------------------------------]  29% 2/7
[1A[2K[1A[2K[1A[2KCollecting 1 genome record [================================================] 100% 1/1
Downloading: ncbi_dataset.zip    446MB done
Validating package files [============>-----------------------------------]  29% 2/7
[1A[2K[1A[2K[1A[2KCollecting 1 genome record [================================================] 100% 1/1
Downloading: ncbi_dataset.zip    446MB done
Validating package files [============>-----------------------------------]  29% 2/7
[1A[2K[1A[2K[1A[2KCollecting 1 genome record [================================================] 100% 1/1
Downloading: ncbi_dataset.zip    446MB done
Validating package files [============>-----------------------------------]  29% 2/7
[1A[2K[1A[2K[1A[2KCollecting 1 genome record [================================================] 100% 1/1
Downloading: ncbi_dataset.zip    446MB done
Validating package files [============>-----------------------------------]  29% 2/7
[1A[2K[1A[2K[1A[2KCollecting 1 genome record [================================================] 100% 1/1
Downloading: ncbi_dataset.zip    446MB done
Validating package files [============>-----------------------------------]  29% 2/7
[1A[2K[1A[2K[1A[2KCollecting 1 genome record [================================================] 100% 1/1
Downloading: ncbi_dataset.zip    446MB done
Validating package files [============>-----------------------------------]  29% 2/7
[1A[2K[1A[2K[1A[2KCollecting 1 genome record [================================================] 100% 1/1
Downloading: ncbi_dataset.zip    446MB done
Validating package files [============>-----------------------------------]  29% 2/7
[1A[2K[1A[2K[1A[2KCollecting 1 genome record [================================================] 100% 1/1
Downloading: ncbi_dataset.zip    446MB done
Validating package files [============>-----------------------------------]  29% 2/7
[1A[2K[1A[2K[1A[2KCollecting 1 genome record [================================================] 100% 1/1
Downloading: ncbi_dataset.zip    446MB done
Validating package files [============>-----------------------------------]  29% 2/7
[1A[2K[1A[2K[1A[2KCollecting 1 genome record [================================================] 100% 1/1
Downloading: ncbi_dataset.zip    446MB done
Validating package files [============>-----------------------------------]  29% 2/7
[1A[2K[1A[2K[1A[2KCollecting 1 genome record [================================================] 100% 1/1
Downloading: ncbi_dataset.zip    446MB done
Validating package files [============>-----------------------------------]  29% 2/7
[1A[2K[1A[2K[1A[2KCollecting 1 genome record [================================================] 100% 1/1
Downloading: ncbi_dataset.zip    446MB done
Validating package files [============>-----------------------------------]  29% 2/7
[1A[2K[1A[2K[1A[2KCollecting 1 genome record [================================================] 100% 1/1
Downloading: ncbi_dataset.zip    446MB done
Validating package files [============>-----------------------------------]  29% 2/7
[1A[2K[1A[2K[1A[2KCollecting 1 genome record [================================================] 100% 1/1
Downloading: ncbi_dataset.zip    446MB done
Validating package files [============>-----------------------------------]  29% 2/7
[1A[2K[1A[2K[1A[2KCollecting 1 genome record [================================================] 100% 1/1
Downloading: ncbi_dataset.zip    446MB done
Validating package files [============>-----------------------------------]  29% 2/7
[1A[2K[1A[2K[1A[2KCollecting 1 genome record [================================================] 100% 1/1
Downloading: ncbi_dataset.zip    446MB done
Validating package files [============>-----------------------------------]  29% 2/7
[1A[2K[1A[2K[1A[2KCollecting 1 genome record [================================================] 100% 1/1
Downloading: ncbi_dataset.zip    446MB done
Validating package files [============>-----------------------------------]  29% 2/7
[1A[2K[1A[2K[1A[2KCollecting 1 genome record [================================================] 100% 1/1
Downloading: ncbi_dataset.zip    446MB done
Validating package files [============>-----------------------------------]  29% 2/7
[1A[2K[1A[2K[1A[2KCollecting 1 genome record [================================================] 100% 1/1
Downloading: ncbi_dataset.zip    446MB done
Validating package files [============>-----------------------------------]  29% 2/7
[1A[2K[1A[2K[1A[2KCollecting 1 genome record [================================================] 100% 1/1
Downloading: ncbi_dataset.zip    446MB done
Validating package files [============>-----------------------------------]  29% 2/7
[1A[2K[1A[2K[1A[2KCollecting 1 genome record [================================================] 100% 1/1
Downloading: ncbi_dataset.zip    446MB done
Validating package files [============>-----------------------------------]  29% 2/7
[1A[2K[1A[2K[1A[2KCollecting 1 genome record [================================================] 100% 1/1
Downloading: ncbi_dataset.zip    446MB done
Validating package files [============>-----------------------------------]  29% 2/7
[1A[2K[1A[2K[1A[2KCollecting 1 genome record [================================================] 100% 1/1
Downloading: ncbi_dataset.zip    446MB done
Validating package files [============>-----------------------------------]  29% 2/7
[1A[2K[1A[2K[1A[2KCollecting 1 genome record [================================================] 100% 1/1
Downloading: ncbi_dataset.zip    446MB done
Validating package files [============>-----------------------------------]  29% 2/7
[1A[2K[1A[2K[1A[2KCollecting 1 genome record [================================================] 100% 1/1
Downloading: ncbi_dataset.zip    446MB done
Validating package files [============>-----------------------------------]  29% 2/7
[1A[2K[1A[2K[1A[2KCollecting 1 genome record [================================================] 100% 1/1
Downloading: ncbi_dataset.zip    446MB done
Validating package files [============>-----------------------------------]  29% 2/7
[1A[2K[1A[2K[1A[2KCollecting 1 genome record [================================================] 100% 1/1
Downloading: ncbi_dataset.zip    446MB done
Validating package files [============>-----------------------------------]  29% 2/7
[1A[2K[1A[2K[1A[2KCollecting 1 genome record [================================================] 100% 1/1
Downloading: ncbi_dataset.zip    446MB done
Validating package files [============>-----------------------------------]  29% 2/7
[1A[2K[1A[2K[1A[2KCollecting 1 genome record [================================================] 100% 1/1
Downloading: ncbi_dataset.zip    446MB done
Validating package files [============>-----------------------------------]  29% 2/7
[1A[2K[1A[2K[1A[2KCollecting 1 genome record [================================================] 100% 1/1
Downloading: ncbi_dataset.zip    446MB done
Validating package files [============>-----------------------------------]  29% 2/7
[1A[2K[1A[2K[1A[2KCollecting 1 genome record [================================================] 100% 1/1
Downloading: ncbi_dataset.zip    446MB done
Validating package files [============>-----------------------------------]  29% 2/7
[1A[2K[1A[2K[1A[2KCollecting 1 genome record [================================================] 100% 1/1
Downloading: ncbi_dataset.zip    446MB done
Validating package files [============>-----------------------------------]  29% 2/7
[1A[2K[1A[2K[1A[2KCollecting 1 genome record [================================================] 100% 1/1
Downloading: ncbi_dataset.zip    446MB done
Validating package files [============>-----------------------------------]  29% 2/7
[1A[2K[1A[2K[1A[2KCollecting 1 genome record [================================================] 100% 1/1
Downloading: ncbi_dataset.zip    446MB done
Validating package files [============>-----------------------------------]  29% 2/7
[1A[2K[1A[2K[1A[2KCollecting 1 genome record [================================================] 100% 1/1
Downloading: ncbi_dataset.zip    446MB done
Validating package files [============>-----------------------------------]  29% 2/7
[1A[2K[1A[2K[1A[2KCollecting 1 genome record [================================================] 100% 1/1
Downloading: ncbi_dataset.zip    446MB done
Validating package files [============>-----------------------------------]  29% 2/7
[1A[2K[1A[2K[1A[2KCollecting 1 genome record [================================================] 100% 1/1
Downloading: ncbi_dataset.zip    446MB done
Validating package files [============>-----------------------------------]  29% 2/7
[1A[2K[1A[2K[1A[2KCollecting 1 genome record [================================================] 100% 1/1
Downloading: ncbi_dataset.zip    446MB done
Validating package files [============>-----------------------------------]  29% 2/7
[1A[2K[1A[2K[1A[2KCollecting 1 genome record [================================================] 100% 1/1
Downloading: ncbi_dataset.zip    446MB done
Validating package files [============>-----------------------------------]  29% 2/7
[1A[2K[1A[2K[1A[2KCollecting 1 genome record [================================================] 100% 1/1
Downloading: ncbi_dataset.zip    446MB done
Validating package files [============>-----------------------------------]  29% 2/7
[1A[2K[1A[2K[1A[2KCollecting 1 genome record [================================================] 100% 1/1
Downloading: ncbi_dataset.zip    446MB done
Validating package files [============>-----------------------------------]  29% 2/7
[1A[2K[1A[2K[1A[2KCollecting 1 genome record [================================================] 100% 1/1
Downloading: ncbi_dataset.zip    446MB done
Validating package files [============>-----------------------------------]  29% 2/7
[1A[2K[1A[2K[1A[2KCollecting 1 genome record [================================================] 100% 1/1
Downloading: ncbi_dataset.zip    446MB done
Validating package files [============>-----------------------------------]  29% 2/7
[1A[2K[1A[2K[1A[2KCollecting 1 genome record [================================================] 100% 1/1
Downloading: ncbi_dataset.zip    446MB done
Validating package files [============>-----------------------------------]  29% 2/7
[1A[2K[1A[2K[1A[2KCollecting 1 genome record [================================================] 100% 1/1
Downloading: ncbi_dataset.zip    446MB done
Validating package files [============>-----------------------------------]  29% 2/7
[1A[2K[1A[2K[1A[2KCollecting 1 genome record [================================================] 100% 1/1
Downloading: ncbi_dataset.zip    446MB done
Validating package files [============>-----------------------------------]  29% 2/7
[1A[2K[1A[2K[1A[2KCollecting 1 genome record [================================================] 100% 1/1
Downloading: ncbi_dataset.zip    446MB done
Validating package files [============>-----------------------------------]  29% 2/7
[1A[2K[1A[2K[1A[2KCollecting 1 genome record [================================================] 100% 1/1
Downloading: ncbi_dataset.zip    446MB done
Validating package files [============>-----------------------------------]  29% 2/7
[1A[2K[1A[2K[1A[2KCollecting 1 genome record [================================================] 100% 1/1
Downloading: ncbi_dataset.zip    446MB done
Validating package files [============>-----------------------------------]  29% 2/7
[1A[2K[1A[2K[1A[2KCollecting 1 genome record [================================================] 100% 1/1
Downloading: ncbi_dataset.zip    446MB done
Validating package files [============>-----------------------------------]  29% 2/7
[1A[2K[1A[2K[1A[2KCollecting 1 genome record [================================================] 100% 1/1
Downloading: ncbi_dataset.zip    446MB done
Validating package files [============>-----------------------------------]  29% 2/7
[1A[2K[1A[2K[1A[2KCollecting 1 genome record [================================================] 100% 1/1
Downloading: ncbi_dataset.zip    446MB done
Validating package files [============>-----------------------------------]  29% 2/7
[1A[2K[1A[2K[1A[2KCollecting 1 genome record [================================================] 100% 1/1
Downloading: ncbi_dataset.zip    446MB done
Validating package files [============>-----------------------------------]  29% 2/7
[1A[2K[1A[2K[1A[2KCollecting 1 genome record [================================================] 100% 1/1
Downloading: ncbi_dataset.zip    446MB done
Validating package files [============>-----------------------------------]  29% 2/7
[1A[2K[1A[2K[1A[2KCollecting 1 genome record [================================================] 100% 1/1
Downloading: ncbi_dataset.zip    446MB done
Validating package files [============>-----------------------------------]  29% 2/7
[1A[2K[1A[2K[1A[2KCollecting 1 genome record [================================================] 100% 1/1
Downloading: ncbi_dataset.zip    446MB done
Validating package files [============>-----------------------------------]  29% 2/7
[1A[2K[1A[2K[1A[2KCollecting 1 genome record [================================================] 100% 1/1
Downloading: ncbi_dataset.zip    446MB done
Validating package files [============>-----------------------------------]  29% 2/7
[1A[2K[1A[2K[1A[2KCollecting 1 genome record [================================================] 100% 1/1
Downloading: ncbi_dataset.zip    446MB done
Validating package files [============>-----------------------------------]  29% 2/7
[1A[2K[1A[2K[1A[2KCollecting 1 genome record [================================================] 100% 1/1
Downloading: ncbi_dataset.zip    446MB done
Validating package files [============>-----------------------------------]  29% 2/7
[1A[2K[1A[2K[1A[2KCollecting 1 genome record [================================================] 100% 1/1
Downloading: ncbi_dataset.zip    446MB done
Validating package files [============>-----------------------------------]  29% 2/7
[1A[2K[1A[2K[1A[2KCollecting 1 genome record [================================================] 100% 1/1
Downloading: ncbi_dataset.zip    446MB done
Validating package files [============>-----------------------------------]  29% 2/7
[1A[2K[1A[2K[1A[2KCollecting 1 genome record [================================================] 100% 1/1
Downloading: ncbi_dataset.zip    446MB done
Validating package files [============>-----------------------------------]  29% 2/7
[1A[2K[1A[2K[1A[2KCollecting 1 genome record [================================================] 100% 1/1
Downloading: ncbi_dataset.zip    446MB done
Validating package files [============>-----------------------------------]  29% 2/7
[1A[2K[1A[2K[1A[2KCollecting 1 genome record [================================================] 100% 1/1
Downloading: ncbi_dataset.zip    446MB done
Validating package files [============>-----------------------------------]  29% 2/7
[1A[2K[1A[2K[1A[2KCollecting 1 genome record [================================================] 100% 1/1
Downloading: ncbi_dataset.zip    446MB done
Validating package files [============>-----------------------------------]  29% 2/7
[1A[2K[1A[2K[1A[2KCollecting 1 genome record [================================================] 100% 1/1
Downloading: ncbi_dataset.zip    446MB done
Validating package files [============>-----------------------------------]  29% 2/7
[1A[2K[1A[2K[1A[2KCollecting 1 genome record [================================================] 100% 1/1
Downloading: ncbi_dataset.zip    446MB done
Validating package files [============>-----------------------------------]  29% 2/7
[1A[2K[1A[2K[1A[2KCollecting 1 genome record [================================================] 100% 1/1
Downloading: ncbi_dataset.zip    446MB done
Validating package files [============>-----------------------------------]  29% 2/7
[1A[2K[1A[2K[1A[2KCollecting 1 genome record [================================================] 100% 1/1
Downloading: ncbi_dataset.zip    446MB done
Validating package files [============>-----------------------------------]  29% 2/7
[1A[2K[1A[2K[1A[2KCollecting 1 genome record [================================================] 100% 1/1
Downloading: ncbi_dataset.zip    446MB done
Validating package files [============>-----------------------------------]  29% 2/7
[1A[2K[1A[2K[1A[2KCollecting 1 genome record [================================================] 100% 1/1
Downloading: ncbi_dataset.zip    446MB done
Validating package files [============>-----------------------------------]  29% 2/7
[1A[2K[1A[2K[1A[2KCollecting 1 genome record [================================================] 100% 1/1
Downloading: ncbi_dataset.zip    446MB done
Validating package files [============>-----------------------------------]  29% 2/7
[1A[2K[1A[2K[1A[2KCollecting 1 genome record [================================================] 100% 1/1
Downloading: ncbi_dataset.zip    446MB done
Validating package files [============>-----------------------------------]  29% 2/7
[1A[2K[1A[2K[1A[2KCollecting 1 genome record [================================================] 100% 1/1
Downloading: ncbi_dataset.zip    446MB done
Validating package files [============>-----------------------------------]  29% 2/7
[1A[2K[1A[2K[1A[2KCollecting 1 genome record [================================================] 100% 1/1
Downloading: ncbi_dataset.zip    446MB done
Validating package files [============>-----------------------------------]  29% 2/7
[1A[2K[1A[2K[1A[2KCollecting 1 genome record [================================================] 100% 1/1
Downloading: ncbi_dataset.zip    446MB done
Validating package files [============>-----------------------------------]  29% 2/7
[1A[2K[1A[2K[1A[2KCollecting 1 genome record [================================================] 100% 1/1
Downloading: ncbi_dataset.zip    446MB done
Validating package files [============>-----------------------------------]  29% 2/7
[1A[2K[1A[2K[1A[2KCollecting 1 genome record [================================================] 100% 1/1
Downloading: ncbi_dataset.zip    446MB done
Validating package files [============>-----------------------------------]  29% 2/7
[1A[2K[1A[2K[1A[2KCollecting 1 genome record [================================================] 100% 1/1
Downloading: ncbi_dataset.zip    446MB done
Validating package files [============>-----------------------------------]  29% 2/7
[1A[2K[1A[2K[1A[2KCollecting 1 genome record [================================================] 100% 1/1
Downloading: ncbi_dataset.zip    446MB done
Validating package files [============>-----------------------------------]  29% 2/7
[1A[2K[1A[2K[1A[2KCollecting 1 genome record [================================================] 100% 1/1
Downloading: ncbi_dataset.zip    446MB done
Validating package files [============>-----------------------------------]  29% 2/7
[1A[2K[1A[2K[1A[2KCollecting 1 genome record [================================================] 100% 1/1
Downloading: ncbi_dataset.zip    446MB done
Validating package files [============>-----------------------------------]  29% 2/7
[1A[2K[1A[2K[1A[2KCollecting 1 genome record [================================================] 100% 1/1
Downloading: ncbi_dataset.zip    446MB done
Validating package files [============>-----------------------------------]  29% 2/7
[1A[2K[1A[2K[1A[2KCollecting 1 genome record [================================================] 100% 1/1
Downloading: ncbi_dataset.zip    446MB done
Validating package files [============>-----------------------------------]  29% 2/7
[1A[2K[1A[2K[1A[2KCollecting 1 genome record [================================================] 100% 1/1
Downloading: ncbi_dataset.zip    446MB done
Validating package files [============>-----------------------------------]  29% 2/7
[1A[2K[1A[2K[1A[2KCollecting 1 genome record [================================================] 100% 1/1
Downloading: ncbi_dataset.zip    446MB done
Validating package files [============>-----------------------------------]  29% 2/7
[1A[2K[1A[2K[1A[2KCollecting 1 genome record [================================================] 100% 1/1
Downloading: ncbi_dataset.zip    446MB done
Validating package files [============>-----------------------------------]  29% 2/7
[1A[2K[1A[2K[1A[2KCollecting 1 genome record [================================================] 100% 1/1
Downloading: ncbi_dataset.zip    446MB done
Validating package files [============>-----------------------------------]  29% 2/7
[1A[2K[1A[2K[1A[2KCollecting 1 genome record [================================================] 100% 1/1
Downloading: ncbi_dataset.zip    446MB done
Validating package files [============>-----------------------------------]  29% 2/7
[1A[2K[1A[2K[1A[2KCollecting 1 genome record [================================================] 100% 1/1
Downloading: ncbi_dataset.zip    446MB done
Validating package files [============>-----------------------------------]  29% 2/7
[1A[2K[1A[2K[1A[2KCollecting 1 genome record [================================================] 100% 1/1
Downloading: ncbi_dataset.zip    446MB done
Validating package files [============>-----------------------------------]  29% 2/7
[1A[2K[1A[2K[1A[2KCollecting 1 genome record [================================================] 100% 1/1
Downloading: ncbi_dataset.zip    446MB done
Validating package files [============>-----------------------------------]  29% 2/7
[1A[2K[1A[2K[1A[2KCollecting 1 genome record [================================================] 100% 1/1
Downloading: ncbi_dataset.zip    446MB done
Validating package files [============>-----------------------------------]  29% 2/7
[1A[2K[1A[2K[1A[2KCollecting 1 genome record [================================================] 100% 1/1
Downloading: ncbi_dataset.zip    446MB done
Validating package files [============>-----------------------------------]  29% 2/7
[1A[2K[1A[2K[1A[2KCollecting 1 genome record [================================================] 100% 1/1
Downloading: ncbi_dataset.zip    446MB done
Validating package files [============>-----------------------------------]  29% 2/7
[1A[2K[1A[2K[1A[2KCollecting 1 genome record [================================================] 100% 1/1
Downloading: ncbi_dataset.zip    446MB done
Validating package files [============>-----------------------------------]  29% 2/7
[1A[2K[1A[2K[1A[2KCollecting 1 genome record [================================================] 100% 1/1
Downloading: ncbi_dataset.zip    446MB done
Validating package files [============>-----------------------------------]  29% 2/7
[1A[2K[1A[2K[1A[2KCollecting 1 genome record [================================================] 100% 1/1
Downloading: ncbi_dataset.zip    446MB done
Validating package files [============>-----------------------------------]  29% 2/7
[1A[2K[1A[2K[1A[2KCollecting 1 genome record [================================================] 100% 1/1
Downloading: ncbi_dataset.zip    446MB done
Validating package files [============>-----------------------------------]  29% 2/7
[1A[2K[1A[2K[1A[2KCollecting 1 genome record [================================================] 100% 1/1
Downloading: ncbi_dataset.zip    446MB done
Validating package files [============>-----------------------------------]  29% 2/7
[1A[2K[1A[2K[1A[2KCollecting 1 genome record [================================================] 100% 1/1
Downloading: ncbi_dataset.zip    446MB done
Validating package files [============>-----------------------------------]  29% 2/7
[1A[2K[1A[2K[1A[2KCollecting 1 genome record [================================================] 100% 1/1
Downloading: ncbi_dataset.zip    446MB done
Validating package files [============>-----------------------------------]  29% 2/7
[1A[2K[1A[2K[1A[2KCollecting 1 genome record [================================================] 100% 1/1
Downloading: ncbi_dataset.zip    446MB done
Validating package files [============>-----------------------------------]  29% 2/7
[1A[2K[1A[2K[1A[2KCollecting 1 genome record [================================================] 100% 1/1
Downloading: ncbi_dataset.zip    446MB done
Validating package files [============>-----------------------------------]  29% 2/7
[1A[2K[1A[2K[1A[2KCollecting 1 genome record [================================================] 100% 1/1
Downloading: ncbi_dataset.zip    446MB done
Validating package files [============>-----------------------------------]  29% 2/7
[1A[2K[1A[2K[1A[2KCollecting 1 genome record [================================================] 100% 1/1
Downloading: ncbi_dataset.zip    446MB done
Validating package files [============>-----------------------------------]  29% 2/7
[1A[2K[1A[2K[1A[2KCollecting 1 genome record [================================================] 100% 1/1
Downloading: ncbi_dataset.zip    446MB done
Validating package files [============>-----------------------------------]  29% 2/7
[1A[2K[1A[2K[1A[2KCollecting 1 genome record [================================================] 100% 1/1
Downloading: ncbi_dataset.zip    446MB done
Validating package files [============>-----------------------------------]  29% 2/7
[1A[2K[1A[2K[1A[2KCollecting 1 genome record [================================================] 100% 1/1
Downloading: ncbi_dataset.zip    446MB done
Validating package files [============>-----------------------------------]  29% 2/7
[1A[2K[1A[2K[1A[2KCollecting 1 genome record [================================================] 100% 1/1
Downloading: ncbi_dataset.zip    446MB done
Validating package files [============>-----------------------------------]  29% 2/7
[1A[2K[1A[2K[1A[2KCollecting 1 genome record [================================================] 100% 1/1
Downloading: ncbi_dataset.zip    446MB done
Validating package files [============>-----------------------------------]  29% 2/7
[1A[2K[1A[2K[1A[2KCollecting 1 genome record [================================================] 100% 1/1
Downloading: ncbi_dataset.zip    446MB done
Validating package files [============>-----------------------------------]  29% 2/7
[1A[2K[1A[2K[1A[2KCollecting 1 genome record [================================================] 100% 1/1
Downloading: ncbi_dataset.zip    446MB done
Validating package files [============>-----------------------------------]  29% 2/7
[1A[2K[1A[2K[1A[2KCollecting 1 genome record [================================================] 100% 1/1
Downloading: ncbi_dataset.zip    446MB done
Validating package files [============>-----------------------------------]  29% 2/7
[1A[2K[1A[2K[1A[2KCollecting 1 genome record [================================================] 100% 1/1
Downloading: ncbi_dataset.zip    446MB done
Validating package files [============>-----------------------------------]  29% 2/7
[1A[2K[1A[2K[1A[2KCollecting 1 genome record [================================================] 100% 1/1
Downloading: ncbi_dataset.zip    446MB done
Validating package files [============>-----------------------------------]  29% 2/7
[1A[2K[1A[2K[1A[2KCollecting 1 genome record [================================================] 100% 1/1
Downloading: ncbi_dataset.zip    446MB done
Validating package files [============>-----------------------------------]  29% 2/7
[1A[2K[1A[2K[1A[2KCollecting 1 genome record [================================================] 100% 1/1
Downloading: ncbi_dataset.zip    446MB done
Validating package files [============>-----------------------------------]  29% 2/7
[1A[2K[1A[2K[1A[2KCollecting 1 genome record [================================================] 100% 1/1
Downloading: ncbi_dataset.zip    446MB done
Validating package files [============>-----------------------------------]  29% 2/7
[1A[2K[1A[2K[1A[2KCollecting 1 genome record [================================================] 100% 1/1
Downloading: ncbi_dataset.zip    446MB done
Validating package files [============>-----------------------------------]  29% 2/7
[1A[2K[1A[2K[1A[2KCollecting 1 genome record [================================================] 100% 1/1
Downloading: ncbi_dataset.zip    446MB done
Validating package files [============>-----------------------------------]  29% 2/7
[1A[2K[1A[2K[1A[2KCollecting 1 genome record [================================================] 100% 1/1
Downloading: ncbi_dataset.zip    446MB done
Validating package files [============>-----------------------------------]  29% 2/7
[1A[2K[1A[2K[1A[2KCollecting 1 genome record [================================================] 100% 1/1
Downloading: ncbi_dataset.zip    446MB done
Validating package files [============>-----------------------------------]  29% 2/7
[1A[2K[1A[2K[1A[2KCollecting 1 genome record [================================================] 100% 1/1
Downloading: ncbi_dataset.zip    446MB done
Validating package files [============>-----------------------------------]  29% 2/7
[1A[2K[1A[2K[1A[2KCollecting 1 genome record [================================================] 100% 1/1
Downloading: ncbi_dataset.zip    446MB done
Validating package files [============>-----------------------------------]  29% 2/7
[1A[2K[1A[2K[1A[2KCollecting 1 genome record [================================================] 100% 1/1
Downloading: ncbi_dataset.zip    446MB done
Validating package files [============>-----------------------------------]  29% 2/7
[1A[2K[1A[2K[1A[2KCollecting 1 genome record [================================================] 100% 1/1
Downloading: ncbi_dataset.zip    446MB done
Validating package files [============>-----------------------------------]  29% 2/7
[1A[2K[1A[2K[1A[2KCollecting 1 genome record [================================================] 100% 1/1
Downloading: ncbi_dataset.zip    446MB done
Validating package files [============>-----------------------------------]  29% 2/7
[1A[2K[1A[2K[1A[2KCollecting 1 genome record [================================================] 100% 1/1
Downloading: ncbi_dataset.zip    446MB done
Validating package files [============>-----------------------------------]  29% 2/7
[1A[2K[1A[2K[1A[2KCollecting 1 genome record [================================================] 100% 1/1
Downloading: ncbi_dataset.zip    446MB done
Validating package files [============>-----------------------------------]  29% 2/7
[1A[2K[1A[2K[1A[2KCollecting 1 genome record [================================================] 100% 1/1
Downloading: ncbi_dataset.zip    446MB done
Validating package files [============>-----------------------------------]  29% 2/7
[1A[2K[1A[2K[1A[2KCollecting 1 genome record [================================================] 100% 1/1
Downloading: ncbi_dataset.zip    446MB done
Validating package files [============>-----------------------------------]  29% 2/7
[1A[2K[1A[2K[1A[2KCollecting 1 genome record [================================================] 100% 1/1
Downloading: ncbi_dataset.zip    446MB done
Validating package files [============>-----------------------------------]  29% 2/7
[1A[2K[1A[2K[1A[2KCollecting 1 genome record [================================================] 100% 1/1
Downloading: ncbi_dataset.zip    446MB done
Validating package files [============>-----------------------------------]  29% 2/7
[1A[2K[1A[2K[1A[2KCollecting 1 genome record [================================================] 100% 1/1
Downloading: ncbi_dataset.zip    446MB done
Validating package files [============>-----------------------------------]  29% 2/7
[1A[2K[1A[2K[1A[2KCollecting 1 genome record [================================================] 100% 1/1
Downloading: ncbi_dataset.zip    446MB done
Validating package files [============>-----------------------------------]  29% 2/7
[1A[2K[1A[2K[1A[2KCollecting 1 genome record [================================================] 100% 1/1
Downloading: ncbi_dataset.zip    446MB done
Validating package files [============>-----------------------------------]  29% 2/7
[1A[2K[1A[2K[1A[2KCollecting 1 genome record [================================================] 100% 1/1
Downloading: ncbi_dataset.zip    446MB done
Validating package files [============>-----------------------------------]  29% 2/7
[1A[2K[1A[2K[1A[2KCollecting 1 genome record [================================================] 100% 1/1
Downloading: ncbi_dataset.zip    446MB done
Validating package files [============>-----------------------------------]  29% 2/7
[1A[2K[1A[2K[1A[2KCollecting 1 genome record [================================================] 100% 1/1
Downloading: ncbi_dataset.zip    446MB done
Validating package files [============>-----------------------------------]  29% 2/7
[1A[2K[1A[2K[1A[2KCollecting 1 genome record [================================================] 100% 1/1
Downloading: ncbi_dataset.zip    446MB done
Validating package files [============>-----------------------------------]  29% 2/7
[1A[2K[1A[2K[1A[2KCollecting 1 genome record [================================================] 100% 1/1
Downloading: ncbi_dataset.zip    446MB done
Validating package files [============>-----------------------------------]  29% 2/7
[1A[2K[1A[2K[1A[2KCollecting 1 genome record [================================================] 100% 1/1
Downloading: ncbi_dataset.zip    446MB done
Validating package files [============>-----------------------------------]  29% 2/7
[1A[2K[1A[2K[1A[2KCollecting 1 genome record [================================================] 100% 1/1
Downloading: ncbi_dataset.zip    446MB done
Validating package files [============>-----------------------------------]  29% 2/7
[1A[2K[1A[2K[1A[2KCollecting 1 genome record [================================================] 100% 1/1
Downloading: ncbi_dataset.zip    446MB done
Validating package files [============>-----------------------------------]  29% 2/7
[1A[2K[1A[2K[1A[2KCollecting 1 genome record [================================================] 100% 1/1
Downloading: ncbi_dataset.zip    446MB done
Validating package files [============>-----------------------------------]  29% 2/7
[1A[2K[1A[2K[1A[2KCollecting 1 genome record [================================================] 100% 1/1
Downloading: ncbi_dataset.zip    446MB done
Validating package files [============>-----------------------------------]  29% 2/7
[1A[2K[1A[2K[1A[2KCollecting 1 genome record [================================================] 100% 1/1
Downloading: ncbi_dataset.zip    446MB done
Validating package files [============>-----------------------------------]  29% 2/7
[1A[2K[1A[2K[1A[2KCollecting 1 genome record [================================================] 100% 1/1
Downloading: ncbi_dataset.zip    446MB done
Validating package files [============>-----------------------------------]  29% 2/7
[1A[2K[1A[2K[1A[2KCollecting 1 genome record [================================================] 100% 1/1
Downloading: ncbi_dataset.zip    446MB done
Validating package files [============>-----------------------------------]  29% 2/7
[1A[2K[1A[2K[1A[2KCollecting 1 genome record [================================================] 100% 1/1
Downloading: ncbi_dataset.zip    446MB done
Validating package files [============>-----------------------------------]  29% 2/7
[1A[2K[1A[2K[1A[2KCollecting 1 genome record [================================================] 100% 1/1
Downloading: ncbi_dataset.zip    446MB done
Validating package files [============>-----------------------------------]  29% 2/7
[1A[2K[1A[2K[1A[2KCollecting 1 genome record [================================================] 100% 1/1
Downloading: ncbi_dataset.zip    446MB done
Validating package files [============>-----------------------------------]  29% 2/7
[1A[2K[1A[2K[1A[2KCollecting 1 genome record [================================================] 100% 1/1
Downloading: ncbi_dataset.zip    446MB done
Validating package files [============>-----------------------------------]  29% 2/7
[1A[2K[1A[2K[1A[2KCollecting 1 genome record [================================================] 100% 1/1
Downloading: ncbi_dataset.zip    446MB done
Validating package files [============>-----------------------------------]  29% 2/7
[1A[2K[1A[2K[1A[2KCollecting 1 genome record [================================================] 100% 1/1
Downloading: ncbi_dataset.zip    446MB done
Validating package files [============>-----------------------------------]  29% 2/7
[1A[2K[1A[2K[1A[2KCollecting 1 genome record [================================================] 100% 1/1
Downloading: ncbi_dataset.zip    446MB done
Validating package files [============>-----------------------------------]  29% 2/7
[1A[2K[1A[2K[1A[2KCollecting 1 genome record [================================================] 100% 1/1
Downloading: ncbi_dataset.zip    446MB done
Validating package files [============>-----------------------------------]  29% 2/7
[1A[2K[1A[2K[1A[2KCollecting 1 genome record [================================================] 100% 1/1
Downloading: ncbi_dataset.zip    446MB done
Validating package files [============>-----------------------------------]  29% 2/7
[1A[2K[1A[2K[1A[2KCollecting 1 genome record [================================================] 100% 1/1
Downloading: ncbi_dataset.zip    446MB done
Validating package files [============>-----------------------------------]  29% 2/7
[1A[2K[1A[2K[1A[2KCollecting 1 genome record [================================================] 100% 1/1
Downloading: ncbi_dataset.zip    446MB done
Validating package files [============>-----------------------------------]  29% 2/7
[1A[2K[1A[2K[1A[2KCollecting 1 genome record [================================================] 100% 1/1
Downloading: ncbi_dataset.zip    446MB done
Validating package files [============>-----------------------------------]  29% 2/7
[1A[2K[1A[2K[1A[2KCollecting 1 genome record [================================================] 100% 1/1
Downloading: ncbi_dataset.zip    446MB done
Validating package files [============>-----------------------------------]  29% 2/7
[1A[2K[1A[2K[1A[2KCollecting 1 genome record [================================================] 100% 1/1
Downloading: ncbi_dataset.zip    446MB done
Validating package files [============>-----------------------------------]  29% 2/7
[1A[2K[1A[2K[1A[2KCollecting 1 genome record [================================================] 100% 1/1
Downloading: ncbi_dataset.zip    446MB done
Validating package files [============>-----------------------------------]  29% 2/7
[1A[2K[1A[2K[1A[2KCollecting 1 genome record [================================================] 100% 1/1
Downloading: ncbi_dataset.zip    446MB done
Validating package files [============>-----------------------------------]  29% 2/7
[1A[2K[1A[2K[1A[2KCollecting 1 genome record [================================================] 100% 1/1
Downloading: ncbi_dataset.zip    446MB done
Validating package files [============>-----------------------------------]  29% 2/7
[1A[2K[1A[2K[1A[2KCollecting 1 genome record [================================================] 100% 1/1
Downloading: ncbi_dataset.zip    446MB done
Validating package files [============>-----------------------------------]  29% 2/7
[1A[2K[1A[2K[1A[2KCollecting 1 genome record [================================================] 100% 1/1
Downloading: ncbi_dataset.zip    446MB done
Validating package files [============>-----------------------------------]  29% 2/7
[1A[2K[1A[2K[1A[2KCollecting 1 genome record [================================================] 100% 1/1
Downloading: ncbi_dataset.zip    446MB done
Validating package files [============>-----------------------------------]  29% 2/7
[1A[2K[1A[2K[1A[2KCollecting 1 genome record [================================================] 100% 1/1
Downloading: ncbi_dataset.zip    446MB done
Validating package files [============>-----------------------------------]  29% 2/7
[1A[2K[1A[2K[1A[2KCollecting 1 genome record [================================================] 100% 1/1
Downloading: ncbi_dataset.zip    446MB done
Validating package files [============>-----------------------------------]  29% 2/7
[1A[2K[1A[2K[1A[2KCollecting 1 genome record [================================================] 100% 1/1
Downloading: ncbi_dataset.zip    446MB done
Validating package files [============>-----------------------------------]  29% 2/7
[1A[2K[1A[2K[1A[2KCollecting 1 genome record [================================================] 100% 1/1
Downloading: ncbi_dataset.zip    446MB done
Validating package files [============>-----------------------------------]  29% 2/7
[1A[2K[1A[2K[1A[2KCollecting 1 genome record [================================================] 100% 1/1
Downloading: ncbi_dataset.zip    446MB done
Validating package files [============>-----------------------------------]  29% 2/7
[1A[2K[1A[2K[1A[2KCollecting 1 genome record [================================================] 100% 1/1
Downloading: ncbi_dataset.zip    446MB done
Validating package files [============>-----------------------------------]  29% 2/7
[1A[2K[1A[2K[1A[2KCollecting 1 genome record [================================================] 100% 1/1
Downloading: ncbi_dataset.zip    446MB done
Validating package files [============>-----------------------------------]  29% 2/7
[1A[2K[1A[2K[1A[2KCollecting 1 genome record [================================================] 100% 1/1
Downloading: ncbi_dataset.zip    446MB done
Validating package files [============>-----------------------------------]  29% 2/7
[1A[2K[1A[2K[1A[2KCollecting 1 genome record [================================================] 100% 1/1
Downloading: ncbi_dataset.zip    446MB done
Validating package files [============>-----------------------------------]  29% 2/7
[1A[2K[1A[2K[1A[2KCollecting 1 genome record [================================================] 100% 1/1
Downloading: ncbi_dataset.zip    446MB done
Validating package files [============>-----------------------------------]  29% 2/7
[1A[2K[1A[2K[1A[2KCollecting 1 genome record [================================================] 100% 1/1
Downloading: ncbi_dataset.zip    446MB done
Validating package files [============>-----------------------------------]  29% 2/7
[1A[2K[1A[2K[1A[2KCollecting 1 genome record [================================================] 100% 1/1
Downloading: ncbi_dataset.zip    446MB done
Validating package files [============>-----------------------------------]  29% 2/7
[1A[2K[1A[2K[1A[2KCollecting 1 genome record [================================================] 100% 1/1
Downloading: ncbi_dataset.zip    446MB done
Validating package files [============>-----------------------------------]  29% 2/7
[1A[2K[1A[2K[1A[2KCollecting 1 genome record [================================================] 100% 1/1
Downloading: ncbi_dataset.zip    446MB done
Validating package files [============>-----------------------------------]  29% 2/7
[1A[2K[1A[2K[1A[2KCollecting 1 genome record [================================================] 100% 1/1
Downloading: ncbi_dataset.zip    446MB done
Validating package files [============>-----------------------------------]  29% 2/7
[1A[2K[1A[2K[1A[2KCollecting 1 genome record [================================================] 100% 1/1
Downloading: ncbi_dataset.zip    446MB done
Validating package files [============>-----------------------------------]  29% 2/7
[1A[2K[1A[2K[1A[2KCollecting 1 genome record [================================================] 100% 1/1
Downloading: ncbi_dataset.zip    446MB done
Validating package files [============>-----------------------------------]  29% 2/7
[1A[2K[1A[2K[1A[2KCollecting 1 genome record [================================================] 100% 1/1
Downloading: ncbi_dataset.zip    446MB done
Validating package files [============>-----------------------------------]  29% 2/7
[1A[2K[1A[2K[1A[2KCollecting 1 genome record [================================================] 100% 1/1
Downloading: ncbi_dataset.zip    446MB done
Validating package files [============>-----------------------------------]  29% 2/7
[1A[2K[1A[2K[1A[2KCollecting 1 genome record [================================================] 100% 1/1
Downloading: ncbi_dataset.zip    446MB done
Validating package files [============>-----------------------------------]  29% 2/7
[1A[2K[1A[2K[1A[2KCollecting 1 genome record [================================================] 100% 1/1
Downloading: ncbi_dataset.zip    446MB done
Validating package files [============>-----------------------------------]  29% 2/7
[1A[2K[1A[2K[1A[2KCollecting 1 genome record [================================================] 100% 1/1
Downloading: ncbi_dataset.zip    446MB done
Validating package files [============>-----------------------------------]  29% 2/7
[1A[2K[1A[2K[1A[2KCollecting 1 genome record [================================================] 100% 1/1
Downloading: ncbi_dataset.zip    446MB done
Validating package files [============>-----------------------------------]  29% 2/7
[1A[2K[1A[2K[1A[2KCollecting 1 genome record [================================================] 100% 1/1
Downloading: ncbi_dataset.zip    446MB done
Validating package files [============>-----------------------------------]  29% 2/7
[1A[2K[1A[2K[1A[2KCollecting 1 genome record [================================================] 100% 1/1
Downloading: ncbi_dataset.zip    446MB done
Validating package files [============>-----------------------------------]  29% 2/7
[1A[2K[1A[2K[1A[2KCollecting 1 genome record [================================================] 100% 1/1
Downloading: ncbi_dataset.zip    446MB done
Validating package files [============>-----------------------------------]  29% 2/7
[1A[2K[1A[2K[1A[2KCollecting 1 genome record [================================================] 100% 1/1
Downloading: ncbi_dataset.zip    446MB done
Validating package files [============>-----------------------------------]  29% 2/7
[1A[2K[1A[2K[1A[2KCollecting 1 genome record [================================================] 100% 1/1
Downloading: ncbi_dataset.zip    446MB done
Validating package files [============>-----------------------------------]  29% 2/7
[1A[2K[1A[2K[1A[2KCollecting 1 genome record [================================================] 100% 1/1
Downloading: ncbi_dataset.zip    446MB done
Validating package files [============>-----------------------------------]  29% 2/7
[1A[2K[1A[2K[1A[2KCollecting 1 genome record [================================================] 100% 1/1
Downloading: ncbi_dataset.zip    446MB done
Validating package files [============>-----------------------------------]  29% 2/7
[1A[2K[1A[2K[1A[2KCollecting 1 genome record [================================================] 100% 1/1
Downloading: ncbi_dataset.zip    446MB done
Validating package files [============>-----------------------------------]  29% 2/7
[1A[2K[1A[2K[1A[2KCollecting 1 genome record [================================================] 100% 1/1
Downloading: ncbi_dataset.zip    446MB done
Validating package files [============>-----------------------------------]  29% 2/7
[1A[2K[1A[2K[1A[2KCollecting 1 genome record [================================================] 100% 1/1
Downloading: ncbi_dataset.zip    446MB done
Validating package files [============>-----------------------------------]  29% 2/7
[1A[2K[1A[2K[1A[2KCollecting 1 genome record [================================================] 100% 1/1
Downloading: ncbi_dataset.zip    446MB done
Validating package files [============>-----------------------------------]  29% 2/7
[1A[2K[1A[2K[1A[2KCollecting 1 genome record [================================================] 100% 1/1
Downloading: ncbi_dataset.zip    446MB done
Validating package files [============>-----------------------------------]  29% 2/7
[1A[2K[1A[2K[1A[2KCollecting 1 genome record [================================================] 100% 1/1
Downloading: ncbi_dataset.zip    446MB done
Validating package files [============>-----------------------------------]  29% 2/7
[1A[2K[1A[2K[1A[2KCollecting 1 genome record [================================================] 100% 1/1
Downloading: ncbi_dataset.zip    446MB done
Validating package files [============>-----------------------------------]  29% 2/7
[1A[2K[1A[2K[1A[2KCollecting 1 genome record [================================================] 100% 1/1
Downloading: ncbi_dataset.zip    446MB done
Validating package files [============>-----------------------------------]  29% 2/7
[1A[2K[1A[2K[1A[2KCollecting 1 genome record [================================================] 100% 1/1
Downloading: ncbi_dataset.zip    446MB done
Validating package files [============>-----------------------------------]  29% 2/7
[1A[2K[1A[2K[1A[2KCollecting 1 genome record [================================================] 100% 1/1
Downloading: ncbi_dataset.zip    446MB done
Validating package files [============>-----------------------------------]  29% 2/7
[1A[2K[1A[2K[1A[2KCollecting 1 genome record [================================================] 100% 1/1
Downloading: ncbi_dataset.zip    446MB done
Validating package files [============>-----------------------------------]  29% 2/7
[1A[2K[1A[2K[1A[2KCollecting 1 genome record [================================================] 100% 1/1
Downloading: ncbi_dataset.zip    446MB done
Validating package files [============>-----------------------------------]  29% 2/7
[1A[2K[1A[2K[1A[2KCollecting 1 genome record [================================================] 100% 1/1
Downloading: ncbi_dataset.zip    446MB done
Validating package files [============>-----------------------------------]  29% 2/7
[1A[2K[1A[2K[1A[2KCollecting 1 genome record [================================================] 100% 1/1
Downloading: ncbi_dataset.zip    446MB done
Validating package files [============>-----------------------------------]  29% 2/7
[1A[2K[1A[2K[1A[2KCollecting 1 genome record [================================================] 100% 1/1
Downloading: ncbi_dataset.zip    446MB done
Validating package files [============>-----------------------------------]  29% 2/7
[1A[2K[1A[2K[1A[2KCollecting 1 genome record [================================================] 100% 1/1
Downloading: ncbi_dataset.zip    446MB done
Validating package files [============>-----------------------------------]  29% 2/7
[1A[2K[1A[2K[1A[2KCollecting 1 genome record [================================================] 100% 1/1
Downloading: ncbi_dataset.zip    446MB done
Validating package files [============>-----------------------------------]  29% 2/7
[1A[2K[1A[2K[1A[2KCollecting 1 genome record [================================================] 100% 1/1
Downloading: ncbi_dataset.zip    446MB done
Validating package files [============>-----------------------------------]  29% 2/7
[1A[2K[1A[2K[1A[2KCollecting 1 genome record [================================================] 100% 1/1
Downloading: ncbi_dataset.zip    446MB done
Validating package files [============>-----------------------------------]  29% 2/7
[1A[2K[1A[2K[1A[2KCollecting 1 genome record [================================================] 100% 1/1
Downloading: ncbi_dataset.zip    446MB done
Validating package files [============>-----------------------------------]  29% 2/7
[1A[2K[1A[2K[1A[2KCollecting 1 genome record [================================================] 100% 1/1
Downloading: ncbi_dataset.zip    446MB done
Validating package files [============>-----------------------------------]  29% 2/7
[1A[2K[1A[2K[1A[2KCollecting 1 genome record [================================================] 100% 1/1
Downloading: ncbi_dataset.zip    446MB done
Validating package files [============>-----------------------------------]  29% 2/7
[1A[2K[1A[2K[1A[2KCollecting 1 genome record [================================================] 100% 1/1
Downloading: ncbi_dataset.zip    446MB done
Validating package files [============>-----------------------------------]  29% 2/7
[1A[2K[1A[2K[1A[2KCollecting 1 genome record [================================================] 100% 1/1
Downloading: ncbi_dataset.zip    446MB done
Validating package files [============>-----------------------------------]  29% 2/7
[1A[2K[1A[2K[1A[2KCollecting 1 genome record [================================================] 100% 1/1
Downloading: ncbi_dataset.zip    446MB done
Validating package files [============>-----------------------------------]  29% 2/7
[1A[2K[1A[2K[1A[2KCollecting 1 genome record [================================================] 100% 1/1
Downloading: ncbi_dataset.zip    446MB done
Validating package files [============>-----------------------------------]  29% 2/7
[1A[2K[1A[2K[1A[2KCollecting 1 genome record [================================================] 100% 1/1
Downloading: ncbi_dataset.zip    446MB done
Validating package files [============>-----------------------------------]  29% 2/7
[1A[2K[1A[2K[1A[2KCollecting 1 genome record [================================================] 100% 1/1
Downloading: ncbi_dataset.zip    446MB done
Validating package files [============>-----------------------------------]  29% 2/7
[1A[2K[1A[2K[1A[2KCollecting 1 genome record [================================================] 100% 1/1
Downloading: ncbi_dataset.zip    446MB done
Validating package files [============>-----------------------------------]  29% 2/7
[1A[2K[1A[2K[1A[2KCollecting 1 genome record [================================================] 100% 1/1
Downloading: ncbi_dataset.zip    446MB done
Validating package files [============>-----------------------------------]  29% 2/7
[1A[2K[1A[2K[1A[2KCollecting 1 genome record [================================================] 100% 1/1
Downloading: ncbi_dataset.zip    446MB done
Validating package files [============>-----------------------------------]  29% 2/7
[1A[2K[1A[2K[1A[2KCollecting 1 genome record [================================================] 100% 1/1
Downloading: ncbi_dataset.zip    446MB done
Validating package files [============>-----------------------------------]  29% 2/7
[1A[2K[1A[2K[1A[2KCollecting 1 genome record [================================================] 100% 1/1
Downloading: ncbi_dataset.zip    446MB done
Validating package files [============>-----------------------------------]  29% 2/7
[1A[2K[1A[2K[1A[2KCollecting 1 genome record [================================================] 100% 1/1
Downloading: ncbi_dataset.zip    446MB done
Validating package files [============>-----------------------------------]  29% 2/7
[1A[2K[1A[2K[1A[2KCollecting 1 genome record [================================================] 100% 1/1
Downloading: ncbi_dataset.zip    446MB done
Validating package files [============>-----------------------------------]  29% 2/7
[1A[2K[1A[2K[1A[2KCollecting 1 genome record [================================================] 100% 1/1
Downloading: ncbi_dataset.zip    446MB done
Validating package files [============>-----------------------------------]  29% 2/7
[1A[2K[1A[2K[1A[2KCollecting 1 genome record [================================================] 100% 1/1
Downloading: ncbi_dataset.zip    446MB done
Validating package files [============>-----------------------------------]  29% 2/7
[1A[2K[1A[2K[1A[2KCollecting 1 genome record [================================================] 100% 1/1
Downloading: ncbi_dataset.zip    446MB done
Validating package files [============>-----------------------------------]  29% 2/7
[1A[2K[1A[2K[1A[2KCollecting 1 genome record [================================================] 100% 1/1
Downloading: ncbi_dataset.zip    446MB done
Validating package files [============>-----------------------------------]  29% 2/7
[1A[2K[1A[2K[1A[2KCollecting 1 genome record [================================================] 100% 1/1
Downloading: ncbi_dataset.zip    446MB done
Validating package files [============>-----------------------------------]  29% 2/7
[1A[2K[1A[2K[1A[2KCollecting 1 genome record [================================================] 100% 1/1
Downloading: ncbi_dataset.zip    446MB done
Validating package files [============>-----------------------------------]  29% 2/7
[1A[2K[1A[2K[1A[2KCollecting 1 genome record [================================================] 100% 1/1
Downloading: ncbi_dataset.zip    446MB done
Validating package files [============>-----------------------------------]  29% 2/7
[1A[2K[1A[2K[1A[2KCollecting 1 genome record [================================================] 100% 1/1
Downloading: ncbi_dataset.zip    446MB done
Validating package files [============>-----------------------------------]  29% 2/7
[1A[2K[1A[2K[1A[2KCollecting 1 genome record [================================================] 100% 1/1
Downloading: ncbi_dataset.zip    446MB done
Validating package files [============>-----------------------------------]  29% 2/7
[1A[2K[1A[2K[1A[2KCollecting 1 genome record [================================================] 100% 1/1
Downloading: ncbi_dataset.zip    446MB done
Validating package files [============>-----------------------------------]  29% 2/7
[1A[2K[1A[2K[1A[2KCollecting 1 genome record [================================================] 100% 1/1
Downloading: ncbi_dataset.zip    446MB done
Validating package files [============>-----------------------------------]  29% 2/7
[1A[2K[1A[2K[1A[2KCollecting 1 genome record [================================================] 100% 1/1
Downloading: ncbi_dataset.zip    446MB done
Validating package files [============>-----------------------------------]  29% 2/7
[1A[2K[1A[2K[1A[2KCollecting 1 genome record [================================================] 100% 1/1
Downloading: ncbi_dataset.zip    446MB done
Validating package files [============>-----------------------------------]  29% 2/7
[1A[2K[1A[2K[1A[2KCollecting 1 genome record [================================================] 100% 1/1
Downloading: ncbi_dataset.zip    446MB done
Validating package files [============>-----------------------------------]  29% 2/7
[1A[2K[1A[2K[1A[2KCollecting 1 genome record [================================================] 100% 1/1
Downloading: ncbi_dataset.zip    446MB done
Validating package files [============>-----------------------------------]  29% 2/7
[1A[2K[1A[2K[1A[2KCollecting 1 genome record [================================================] 100% 1/1
Downloading: ncbi_dataset.zip    446MB done
Validating package files [============>-----------------------------------]  29% 2/7
[1A[2K[1A[2K[1A[2KCollecting 1 genome record [================================================] 100% 1/1
Downloading: ncbi_dataset.zip    446MB done
Validating package files [============>-----------------------------------]  29% 2/7
[1A[2K[1A[2K[1A[2KCollecting 1 genome record [================================================] 100% 1/1
Downloading: ncbi_dataset.zip    446MB done
Validating package files [============>-----------------------------------]  29% 2/7
[1A[2K[1A[2K[1A[2KCollecting 1 genome record [================================================] 100% 1/1
Downloading: ncbi_dataset.zip    446MB done
Validating package files [============>-----------------------------------]  29% 2/7
[1A[2K[1A[2K[1A[2KCollecting 1 genome record [================================================] 100% 1/1
Downloading: ncbi_dataset.zip    446MB done
Validating package files [============>-----------------------------------]  29% 2/7
[1A[2K[1A[2K[1A[2KCollecting 1 genome record [================================================] 100% 1/1
Downloading: ncbi_dataset.zip    446MB done
Validating package files [============>-----------------------------------]  29% 2/7
[1A[2K[1A[2K[1A[2KCollecting 1 genome record [================================================] 100% 1/1
Downloading: ncbi_dataset.zip    446MB done
Validating package files [============>-----------------------------------]  29% 2/7
[1A[2K[1A[2K[1A[2KCollecting 1 genome record [================================================] 100% 1/1
Downloading: ncbi_dataset.zip    446MB done
Validating package files [============>-----------------------------------]  29% 2/7
[1A[2K[1A[2K[1A[2KCollecting 1 genome record [================================================] 100% 1/1
Downloading: ncbi_dataset.zip    446MB done
Validating package files [============>-----------------------------------]  29% 2/7
[1A[2K[1A[2K[1A[2KCollecting 1 genome record [================================================] 100% 1/1
Downloading: ncbi_dataset.zip    446MB done
Validating package files [============>-----------------------------------]  29% 2/7
[1A[2K[1A[2K[1A[2KCollecting 1 genome record [================================================] 100% 1/1
Downloading: ncbi_dataset.zip    446MB done
Validating package files [============>-----------------------------------]  29% 2/7
[1A[2K[1A[2K[1A[2KCollecting 1 genome record [================================================] 100% 1/1
Downloading: ncbi_dataset.zip    446MB done
Validating package files [============>-----------------------------------]  29% 2/7
[1A[2K[1A[2K[1A[2KCollecting 1 genome record [================================================] 100% 1/1
Downloading: ncbi_dataset.zip    446MB done
Validating package files [============>-----------------------------------]  29% 2/7
[1A[2K[1A[2K[1A[2KCollecting 1 genome record [================================================] 100% 1/1
Downloading: ncbi_dataset.zip    446MB done
Validating package files [============>-----------------------------------]  29% 2/7
[1A[2K[1A[2K[1A[2KCollecting 1 genome record [================================================] 100% 1/1
Downloading: ncbi_dataset.zip    446MB done
Validating package files [============>-----------------------------------]  29% 2/7
[1A[2K[1A[2K[1A[2KCollecting 1 genome record [================================================] 100% 1/1
Downloading: ncbi_dataset.zip    446MB done
Validating package files [============>-----------------------------------]  29% 2/7
[1A[2K[1A[2K[1A[2KCollecting 1 genome record [================================================] 100% 1/1
Downloading: ncbi_dataset.zip    446MB done
Validating package files [============>-----------------------------------]  29% 2/7
[1A[2K[1A[2K[1A[2KCollecting 1 genome record [================================================] 100% 1/1
Downloading: ncbi_dataset.zip    446MB done
Validating package files [============>-----------------------------------]  29% 2/7
[1A[2K[1A[2K[1A[2KCollecting 1 genome record [================================================] 100% 1/1
Downloading: ncbi_dataset.zip    446MB done
Validating package files [============>-----------------------------------]  29% 2/7
[1A[2K[1A[2K[1A[2KCollecting 1 genome record [================================================] 100% 1/1
Downloading: ncbi_dataset.zip    446MB done
Validating package files [============>-----------------------------------]  29% 2/7
[1A[2K[1A[2K[1A[2KCollecting 1 genome record [================================================] 100% 1/1
Downloading: ncbi_dataset.zip    446MB done
Validating package files [============>-----------------------------------]  29% 2/7
[1A[2K[1A[2K[1A[2KCollecting 1 genome record [================================================] 100% 1/1
Downloading: ncbi_dataset.zip    446MB done
Validating package files [============>-----------------------------------]  29% 2/7
[1A[2K[1A[2K[1A[2KCollecting 1 genome record [================================================] 100% 1/1
Downloading: ncbi_dataset.zip    446MB done
Validating package files [============>-----------------------------------]  29% 2/7
[1A[2K[1A[2K[1A[2KCollecting 1 genome record [================================================] 100% 1/1
Downloading: ncbi_dataset.zip    446MB done
Validating package files [============>-----------------------------------]  29% 2/7
[1A[2K[1A[2K[1A[2KCollecting 1 genome record [================================================] 100% 1/1
Downloading: ncbi_dataset.zip    446MB done
Validating package files [============>-----------------------------------]  29% 2/7
[1A[2K[1A[2K[1A[2KCollecting 1 genome record [================================================] 100% 1/1
Downloading: ncbi_dataset.zip    446MB done
Validating package files [============>-----------------------------------]  29% 2/7
[1A[2K[1A[2K[1A[2KCollecting 1 genome record [================================================] 100% 1/1
Downloading: ncbi_dataset.zip    446MB done
Validating package files [============>-----------------------------------]  29% 2/7
[1A[2K[1A[2K[1A[2KCollecting 1 genome record [================================================] 100% 1/1
Downloading: ncbi_dataset.zip    446MB done
Validating package files [============>-----------------------------------]  29% 2/7
[1A[2K[1A[2K[1A[2KCollecting 1 genome record [================================================] 100% 1/1
Downloading: ncbi_dataset.zip    446MB done
Validating package files [============>-----------------------------------]  29% 2/7
[1A[2K[1A[2K[1A[2KCollecting 1 genome record [================================================] 100% 1/1
Downloading: ncbi_dataset.zip    446MB done
Validating package files [============>-----------------------------------]  29% 2/7
[1A[2K[1A[2K[1A[2KCollecting 1 genome record [================================================] 100% 1/1
Downloading: ncbi_dataset.zip    446MB done
Validating package files [============>-----------------------------------]  29% 2/7
[1A[2K[1A[2K[1A[2KCollecting 1 genome record [================================================] 100% 1/1
Downloading: ncbi_dataset.zip    446MB done
Validating package files [============>-----------------------------------]  29% 2/7
[1A[2K[1A[2K[1A[2KCollecting 1 genome record [================================================] 100% 1/1
Downloading: ncbi_dataset.zip    446MB done
Validating package files [============>-----------------------------------]  29% 2/7
[1A[2K[1A[2K[1A[2KCollecting 1 genome record [================================================] 100% 1/1
Downloading: ncbi_dataset.zip    446MB done
Validating package files [============>-----------------------------------]  29% 2/7
[1A[2K[1A[2K[1A[2KCollecting 1 genome record [================================================] 100% 1/1
Downloading: ncbi_dataset.zip    446MB done
Validating package files [============>-----------------------------------]  29% 2/7
[1A[2K[1A[2K[1A[2KCollecting 1 genome record [================================================] 100% 1/1
Downloading: ncbi_dataset.zip    446MB done
Validating package files [============>-----------------------------------]  29% 2/7
[1A[2K[1A[2K[1A[2KCollecting 1 genome record [================================================] 100% 1/1
Downloading: ncbi_dataset.zip    446MB done
Validating package files [============>-----------------------------------]  29% 2/7
[1A[2K[1A[2K[1A[2KCollecting 1 genome record [================================================] 100% 1/1
Downloading: ncbi_dataset.zip    446MB done
Validating package files [============>-----------------------------------]  29% 2/7
[1A[2K[1A[2K[1A[2KCollecting 1 genome record [================================================] 100% 1/1
Downloading: ncbi_dataset.zip    446MB done
Validating package files [============>-----------------------------------]  29% 2/7
[1A[2K[1A[2K[1A[2KCollecting 1 genome record [================================================] 100% 1/1
Downloading: ncbi_dataset.zip    446MB done
Validating package files [============>-----------------------------------]  29% 2/7
[1A[2K[1A[2K[1A[2KCollecting 1 genome record [================================================] 100% 1/1
Downloading: ncbi_dataset.zip    446MB done
Validating package files [============>-----------------------------------]  29% 2/7
[1A[2K[1A[2K[1A[2KCollecting 1 genome record [================================================] 100% 1/1
Downloading: ncbi_dataset.zip    446MB done
Validating package files [============>-----------------------------------]  29% 2/7
[1A[2K[1A[2K[1A[2KCollecting 1 genome record [================================================] 100% 1/1
Downloading: ncbi_dataset.zip    446MB done
Validating package files [============>-----------------------------------]  29% 2/7
[1A[2K[1A[2K[1A[2KCollecting 1 genome record [================================================] 100% 1/1
Downloading: ncbi_dataset.zip    446MB done
Validating package files [============>-----------------------------------]  29% 2/7
[1A[2K[1A[2K[1A[2KCollecting 1 genome record [================================================] 100% 1/1
Downloading: ncbi_dataset.zip    446MB done
Validating package files [============>-----------------------------------]  29% 2/7
[1A[2K[1A[2K[1A[2KCollecting 1 genome record [================================================] 100% 1/1
Downloading: ncbi_dataset.zip    446MB done
Validating package files [============>-----------------------------------]  29% 2/7
[1A[2K[1A[2K[1A[2KCollecting 1 genome record [================================================] 100% 1/1
Downloading: ncbi_dataset.zip    446MB done
Validating package files [============>-----------------------------------]  29% 2/7
[1A[2K[1A[2K[1A[2KCollecting 1 genome record [================================================] 100% 1/1
Downloading: ncbi_dataset.zip    446MB done
Validating package files [============>-----------------------------------]  29% 2/7
[1A[2K[1A[2K[1A[2KCollecting 1 genome record [================================================] 100% 1/1
Downloading: ncbi_dataset.zip    446MB done
Validating package files [============>-----------------------------------]  29% 2/7
[1A[2K[1A[2K[1A[2KCollecting 1 genome record [================================================] 100% 1/1
Downloading: ncbi_dataset.zip    446MB done
Validating package files [============>-----------------------------------]  29% 2/7
[1A[2K[1A[2K[1A[2KCollecting 1 genome record [================================================] 100% 1/1
Downloading: ncbi_dataset.zip    446MB done
Validating package files [============>-----------------------------------]  29% 2/7
[1A[2K[1A[2K[1A[2KCollecting 1 genome record [================================================] 100% 1/1
Downloading: ncbi_dataset.zip    446MB done
Validating package files [============>-----------------------------------]  29% 2/7
[1A[2K[1A[2K[1A[2KCollecting 1 genome record [================================================] 100% 1/1
Downloading: ncbi_dataset.zip    446MB done
Validating package files [============>-----------------------------------]  29% 2/7
[1A[2K[1A[2K[1A[2KCollecting 1 genome record [================================================] 100% 1/1
Downloading: ncbi_dataset.zip    446MB done
Validating package files [============>-----------------------------------]  29% 2/7
[1A[2K[1A[2K[1A[2KCollecting 1 genome record [================================================] 100% 1/1
Downloading: ncbi_dataset.zip    446MB done
Validating package files [============>-----------------------------------]  29% 2/7
[1A[2K[1A[2K[1A[2KCollecting 1 genome record [================================================] 100% 1/1
Downloading: ncbi_dataset.zip    446MB done
Validating package files [============>-----------------------------------]  29% 2/7
[1A[2K[1A[2K[1A[2KCollecting 1 genome record [================================================] 100% 1/1
Downloading: ncbi_dataset.zip    446MB done
Validating package files [============>-----------------------------------]  29% 2/7
[1A[2K[1A[2K[1A[2KCollecting 1 genome record [================================================] 100% 1/1
Downloading: ncbi_dataset.zip    446MB done
Validating package files [============>-----------------------------------]  29% 2/7
[1A[2K[1A[2K[1A[2KCollecting 1 genome record [================================================] 100% 1/1
Downloading: ncbi_dataset.zip    446MB done
Validating package files [============>-----------------------------------]  29% 2/7
[1A[2K[1A[2K[1A[2KCollecting 1 genome record [================================================] 100% 1/1
Downloading: ncbi_dataset.zip    446MB done
Validating package files [============>-----------------------------------]  29% 2/7
[1A[2K[1A[2K[1A[2KCollecting 1 genome record [================================================] 100% 1/1
Downloading: ncbi_dataset.zip    446MB done
Validating package files [============>-----------------------------------]  29% 2/7
[1A[2K[1A[2K[1A[2KCollecting 1 genome record [================================================] 100% 1/1
Downloading: ncbi_dataset.zip    446MB done
Validating package files [============>-----------------------------------]  29% 2/7
[1A[2K[1A[2K[1A[2KCollecting 1 genome record [================================================] 100% 1/1
Downloading: ncbi_dataset.zip    446MB done
Validating package files [============>-----------------------------------]  29% 2/7
[1A[2K[1A[2K[1A[2KCollecting 1 genome record [================================================] 100% 1/1
Downloading: ncbi_dataset.zip    446MB done
Validating package files [============>-----------------------------------]  29% 2/7
[1A[2K[1A[2K[1A[2KCollecting 1 genome record [================================================] 100% 1/1
Downloading: ncbi_dataset.zip    446MB done
Validating package files [============>-----------------------------------]  29% 2/7
[1A[2K[1A[2K[1A[2KCollecting 1 genome record [================================================] 100% 1/1
Downloading: ncbi_dataset.zip    446MB done
Validating package files [============>-----------------------------------]  29% 2/7
[1A[2K[1A[2K[1A[2KCollecting 1 genome record [================================================] 100% 1/1
Downloading: ncbi_dataset.zip    446MB done
Validating package files [============>-----------------------------------]  29% 2/7
[1A[2K[1A[2K[1A[2KCollecting 1 genome record [================================================] 100% 1/1
Downloading: ncbi_dataset.zip    446MB done
Validating package files [============>-----------------------------------]  29% 2/7
[1A[2K[1A[2K[1A[2KCollecting 1 genome record [================================================] 100% 1/1
Downloading: ncbi_dataset.zip    446MB done
Validating package files [============>-----------------------------------]  29% 2/7
[1A[2K[1A[2K[1A[2KCollecting 1 genome record [================================================] 100% 1/1
Downloading: ncbi_dataset.zip    446MB done
Validating package files [============>-----------------------------------]  29% 2/7
[1A[2K[1A[2K[1A[2KCollecting 1 genome record [================================================] 100% 1/1
Downloading: ncbi_dataset.zip    446MB done
Validating package files [============>-----------------------------------]  29% 2/7
[1A[2K[1A[2K[1A[2KCollecting 1 genome record [================================================] 100% 1/1
Downloading: ncbi_dataset.zip    446MB done
Validating package files [============>-----------------------------------]  29% 2/7
[1A[2K[1A[2K[1A[2KCollecting 1 genome record [================================================] 100% 1/1
Downloading: ncbi_dataset.zip    446MB done
Validating package files [============>-----------------------------------]  29% 2/7
[1A[2K[1A[2K[1A[2KCollecting 1 genome record [================================================] 100% 1/1
Downloading: ncbi_dataset.zip    446MB done
Validating package files [============>-----------------------------------]  29% 2/7
[1A[2K[1A[2K[1A[2KCollecting 1 genome record [================================================] 100% 1/1
Downloading: ncbi_dataset.zip    446MB done
Validating package files [============>-----------------------------------]  29% 2/7
[1A[2K[1A[2K[1A[2KCollecting 1 genome record [================================================] 100% 1/1
Downloading: ncbi_dataset.zip    446MB done
Validating package files [============>-----------------------------------]  29% 2/7
[1A[2K[1A[2K[1A[2KCollecting 1 genome record [================================================] 100% 1/1
Downloading: ncbi_dataset.zip    446MB done
Validating package files [============>-----------------------------------]  29% 2/7
[1A[2K[1A[2K[1A[2KCollecting 1 genome record [================================================] 100% 1/1
Downloading: ncbi_dataset.zip    446MB done
Validating package files [============>-----------------------------------]  29% 2/7
[1A[2K[1A[2K[1A[2KCollecting 1 genome record [================================================] 100% 1/1
Downloading: ncbi_dataset.zip    446MB done
Validating package files [============>-----------------------------------]  29% 2/7
[1A[2K[1A[2K[1A[2KCollecting 1 genome record [================================================] 100% 1/1
Downloading: ncbi_dataset.zip    446MB done
Validating package files [============>-----------------------------------]  29% 2/7
[1A[2K[1A[2K[1A[2KCollecting 1 genome record [================================================] 100% 1/1
Downloading: ncbi_dataset.zip    446MB done
Validating package files [============>-----------------------------------]  29% 2/7
[1A[2K[1A[2K[1A[2KCollecting 1 genome record [================================================] 100% 1/1
Downloading: ncbi_dataset.zip    446MB done
Validating package files [============>-----------------------------------]  29% 2/7
[1A[2K[1A[2K[1A[2KCollecting 1 genome record [================================================] 100% 1/1
Downloading: ncbi_dataset.zip    446MB done
Validating package files [============>-----------------------------------]  29% 2/7
[1A[2K[1A[2K[1A[2KCollecting 1 genome record [================================================] 100% 1/1
Downloading: ncbi_dataset.zip    446MB done
Validating package files [============>-----------------------------------]  29% 2/7
[1A[2K[1A[2K[1A[2KCollecting 1 genome record [================================================] 100% 1/1
Downloading: ncbi_dataset.zip    446MB done
Validating package files [============>-----------------------------------]  29% 2/7
[1A[2K[1A[2K[1A[2KCollecting 1 genome record [================================================] 100% 1/1
Downloading: ncbi_dataset.zip    446MB done
Validating package files [============>-----------------------------------]  29% 2/7
[1A[2K[1A[2K[1A[2KCollecting 1 genome record [================================================] 100% 1/1
Downloading: ncbi_dataset.zip    446MB done
Validating package files [============>-----------------------------------]  29% 2/7
[1A[2K[1A[2K[1A[2KCollecting 1 genome record [================================================] 100% 1/1
Downloading: ncbi_dataset.zip    446MB done
Validating package files [============>-----------------------------------]  29% 2/7
[1A[2K[1A[2K[1A[2KCollecting 1 genome record [================================================] 100% 1/1
Downloading: ncbi_dataset.zip    446MB done
Validating package files [============>-----------------------------------]  29% 2/7
[1A[2K[1A[2K[1A[2KCollecting 1 genome record [================================================] 100% 1/1
Downloading: ncbi_dataset.zip    446MB done
Validating package files [============>-----------------------------------]  29% 2/7
[1A[2K[1A[2K[1A[2KCollecting 1 genome record [================================================] 100% 1/1
Downloading: ncbi_dataset.zip    446MB done
Validating package files [============>-----------------------------------]  29% 2/7
[1A[2K[1A[2K[1A[2KCollecting 1 genome record [================================================] 100% 1/1
Downloading: ncbi_dataset.zip    446MB done
Validating package files [============>-----------------------------------]  29% 2/7
[1A[2K[1A[2K[1A[2KCollecting 1 genome record [================================================] 100% 1/1
Downloading: ncbi_dataset.zip    446MB done
Validating package files [============>-----------------------------------]  29% 2/7
[1A[2K[1A[2K[1A[2KCollecting 1 genome record [================================================] 100% 1/1
Downloading: ncbi_dataset.zip    446MB done
Validating package files [============>-----------------------------------]  29% 2/7
[1A[2K[1A[2K[1A[2KCollecting 1 genome record [================================================] 100% 1/1
Downloading: ncbi_dataset.zip    446MB done
Validating package files [============>-----------------------------------]  29% 2/7
[1A[2K[1A[2K[1A[2KCollecting 1 genome record [================================================] 100% 1/1
Downloading: ncbi_dataset.zip    446MB done
Validating package files [============>-----------------------------------]  29% 2/7
[1A[2K[1A[2K[1A[2KCollecting 1 genome record [================================================] 100% 1/1
Downloading: ncbi_dataset.zip    446MB done
Validating package files [============>-----------------------------------]  29% 2/7
[1A[2K[1A[2K[1A[2KCollecting 1 genome record [================================================] 100% 1/1
Downloading: ncbi_dataset.zip    446MB done
Validating package files [============>-----------------------------------]  29% 2/7
[1A[2K[1A[2K[1A[2KCollecting 1 genome record [================================================] 100% 1/1
Downloading: ncbi_dataset.zip    446MB done
Validating package files [============>-----------------------------------]  29% 2/7
[1A[2K[1A[2K[1A[2KCollecting 1 genome record [================================================] 100% 1/1
Downloading: ncbi_dataset.zip    446MB done
Validating package files [============>-----------------------------------]  29% 2/7
[1A[2K[1A[2K[1A[2KCollecting 1 genome record [================================================] 100% 1/1
Downloading: ncbi_dataset.zip    446MB done
Validating package files [============>-----------------------------------]  29% 2/7
[1A[2K[1A[2K[1A[2KCollecting 1 genome record [================================================] 100% 1/1
Downloading: ncbi_dataset.zip    446MB done
Validating package files [============>-----------------------------------]  29% 2/7
[1A[2K[1A[2K[1A[2KCollecting 1 genome record [================================================] 100% 1/1
Downloading: ncbi_dataset.zip    446MB done
Validating package files [============>-----------------------------------]  29% 2/7
[1A[2K[1A[2K[1A[2KCollecting 1 genome record [================================================] 100% 1/1
Downloading: ncbi_dataset.zip    446MB done
Validating package files [============>-----------------------------------]  29% 2/7
[1A[2K[1A[2K[1A[2KCollecting 1 genome record [================================================] 100% 1/1
Downloading: ncbi_dataset.zip    446MB done
Validating package files [============>-----------------------------------]  29% 2/7
[1A[2K[1A[2K[1A[2KCollecting 1 genome record [================================================] 100% 1/1
Downloading: ncbi_dataset.zip    446MB done
Validating package files [============>-----------------------------------]  29% 2/7
[1A[2K[1A[2K[1A[2KCollecting 1 genome record [================================================] 100% 1/1
Downloading: ncbi_dataset.zip    446MB done
Validating package files [============>-----------------------------------]  29% 2/7
[1A[2K[1A[2K[1A[2KCollecting 1 genome record [================================================] 100% 1/1
Downloading: ncbi_dataset.zip    446MB done
Validating package files [============>-----------------------------------]  29% 2/7
[1A[2K[1A[2K[1A[2KCollecting 1 genome record [================================================] 100% 1/1
Downloading: ncbi_dataset.zip    446MB done
Validating package files [============>-----------------------------------]  29% 2/7
[1A[2K[1A[2K[1A[2KCollecting 1 genome record [================================================] 100% 1/1
Downloading: ncbi_dataset.zip    446MB done
Validating package files [============>-----------------------------------]  29% 2/7
[1A[2K[1A[2K[1A[2KCollecting 1 genome record [================================================] 100% 1/1
Downloading: ncbi_dataset.zip    446MB done
Validating package files [============>-----------------------------------]  29% 2/7
[1A[2K[1A[2K[1A[2KCollecting 1 genome record [================================================] 100% 1/1
Downloading: ncbi_dataset.zip    446MB done
Validating package files [============>-----------------------------------]  29% 2/7
[1A[2K[1A[2K[1A[2KCollecting 1 genome record [================================================] 100% 1/1
Downloading: ncbi_dataset.zip    446MB done
Validating package files [============>-----------------------------------]  29% 2/7
[1A[2K[1A[2K[1A[2KCollecting 1 genome record [================================================] 100% 1/1
Downloading: ncbi_dataset.zip    446MB done
Validating package files [============>-----------------------------------]  29% 2/7
[1A[2K[1A[2K[1A[2KCollecting 1 genome record [================================================] 100% 1/1
Downloading: ncbi_dataset.zip    446MB done
Validating package files [============>-----------------------------------]  29% 2/7
[1A[2K[1A[2K[1A[2KCollecting 1 genome record [================================================] 100% 1/1
Downloading: ncbi_dataset.zip    446MB done
Validating package files [============>-----------------------------------]  29% 2/7
[1A[2K[1A[2K[1A[2KCollecting 1 genome record [================================================] 100% 1/1
Downloading: ncbi_dataset.zip    446MB done
Validating package files [============>-----------------------------------]  29% 2/7
[1A[2K[1A[2K[1A[2KCollecting 1 genome record [================================================] 100% 1/1
Downloading: ncbi_dataset.zip    446MB done
Validating package files [============>-----------------------------------]  29% 2/7
[1A[2K[1A[2K[1A[2KCollecting 1 genome record [================================================] 100% 1/1
Downloading: ncbi_dataset.zip    446MB done
Validating package files [============>-----------------------------------]  29% 2/7
[1A[2K[1A[2K[1A[2KCollecting 1 genome record [================================================] 100% 1/1
Downloading: ncbi_dataset.zip    446MB done
Validating package files [============>-----------------------------------]  29% 2/7
[1A[2K[1A[2K[1A[2KCollecting 1 genome record [================================================] 100% 1/1
Downloading: ncbi_dataset.zip    446MB done
Validating package files [============>-----------------------------------]  29% 2/7
[1A[2K[1A[2K[1A[2KCollecting 1 genome record [================================================] 100% 1/1
Downloading: ncbi_dataset.zip    446MB done
Validating package files [============>-----------------------------------]  29% 2/7
[1A[2K[1A[2K[1A[2KCollecting 1 genome record [================================================] 100% 1/1
Downloading: ncbi_dataset.zip    446MB done
Validating package files [============>-----------------------------------]  29% 2/7
[1A[2K[1A[2K[1A[2KCollecting 1 genome record [================================================] 100% 1/1
Downloading: ncbi_dataset.zip    446MB done
Validating package files [============>-----------------------------------]  29% 2/7
[1A[2K[1A[2K[1A[2KCollecting 1 genome record [================================================] 100% 1/1
Downloading: ncbi_dataset.zip    446MB done
Validating package files [============>-----------------------------------]  29% 2/7
[1A[2K[1A[2K[1A[2KCollecting 1 genome record [================================================] 100% 1/1
Downloading: ncbi_dataset.zip    446MB done
Validating package files [============>-----------------------------------]  29% 2/7
[1A[2K[1A[2K[1A[2KCollecting 1 genome record [================================================] 100% 1/1
Downloading: ncbi_dataset.zip    446MB done
Validating package files [============>-----------------------------------]  29% 2/7
[1A[2K[1A[2K[1A[2KCollecting 1 genome record [================================================] 100% 1/1
Downloading: ncbi_dataset.zip    446MB done
Validating package files [============>-----------------------------------]  29% 2/7
[1A[2K[1A[2K[1A[2KCollecting 1 genome record [================================================] 100% 1/1
Downloading: ncbi_dataset.zip    446MB done
Validating package files [============>-----------------------------------]  29% 2/7
[1A[2K[1A[2K[1A[2KCollecting 1 genome record [================================================] 100% 1/1
Downloading: ncbi_dataset.zip    446MB done
Validating package files [============>-----------------------------------]  29% 2/7
[1A[2K[1A[2K[1A[2KCollecting 1 genome record [================================================] 100% 1/1
Downloading: ncbi_dataset.zip    446MB done
Validating package files [============>-----------------------------------]  29% 2/7
[1A[2K[1A[2K[1A[2KCollecting 1 genome record [================================================] 100% 1/1
Downloading: ncbi_dataset.zip    446MB done
Validating package files [============>-----------------------------------]  29% 2/7
[1A[2K[1A[2K[1A[2KCollecting 1 genome record [================================================] 100% 1/1
Downloading: ncbi_dataset.zip    446MB done
Validating package files [============>-----------------------------------]  29% 2/7
[1A[2K[1A[2K[1A[2KCollecting 1 genome record [================================================] 100% 1/1
Downloading: ncbi_dataset.zip    446MB done
Validating package files [============>-----------------------------------]  29% 2/7
[1A[2K[1A[2K[1A[2KCollecting 1 genome record [================================================] 100% 1/1
Downloading: ncbi_dataset.zip    446MB done
Validating package files [============>-----------------------------------]  29% 2/7
[1A[2K[1A[2K[1A[2KCollecting 1 genome record [================================================] 100% 1/1
Downloading: ncbi_dataset.zip    446MB done
Validating package files [============>-----------------------------------]  29% 2/7
[1A[2K[1A[2K[1A[2KCollecting 1 genome record [================================================] 100% 1/1
Downloading: ncbi_dataset.zip    446MB done
Validating package files [============>-----------------------------------]  29% 2/7
[1A[2K[1A[2K[1A[2KCollecting 1 genome record [================================================] 100% 1/1
Downloading: ncbi_dataset.zip    446MB done
Validating package files [============>-----------------------------------]  29% 2/7
[1A[2K[1A[2K[1A[2KCollecting 1 genome record [================================================] 100% 1/1
Downloading: ncbi_dataset.zip    446MB done
Validating package files [============>-----------------------------------]  29% 2/7
[1A[2K[1A[2K[1A[2KCollecting 1 genome record [================================================] 100% 1/1
Downloading: ncbi_dataset.zip    446MB done
Validating package files [============>-----------------------------------]  29% 2/7
[1A[2K[1A[2K[1A[2KCollecting 1 genome record [================================================] 100% 1/1
Downloading: ncbi_dataset.zip    446MB done
Validating package files [============>-----------------------------------]  29% 2/7
[1A[2K[1A[2K[1A[2KCollecting 1 genome record [================================================] 100% 1/1
Downloading: ncbi_dataset.zip    446MB done
Validating package files [============>-----------------------------------]  29% 2/7
[1A[2K[1A[2K[1A[2KCollecting 1 genome record [================================================] 100% 1/1
Downloading: ncbi_dataset.zip    446MB done
Validating package files [============>-----------------------------------]  29% 2/7
[1A[2K[1A[2K[1A[2KCollecting 1 genome record [================================================] 100% 1/1
Downloading: ncbi_dataset.zip    446MB done
Validating package files [============>-----------------------------------]  29% 2/7
[1A[2K[1A[2K[1A[2KCollecting 1 genome record [================================================] 100% 1/1
Downloading: ncbi_dataset.zip    446MB done
Validating package files [============>-----------------------------------]  29% 2/7
[1A[2K[1A[2K[1A[2KCollecting 1 genome record [================================================] 100% 1/1
Downloading: ncbi_dataset.zip    446MB done
Validating package files [============>-----------------------------------]  29% 2/7
[1A[2K[1A[2K[1A[2KCollecting 1 genome record [================================================] 100% 1/1
Downloading: ncbi_dataset.zip    446MB done
Validating package files [============>-----------------------------------]  29% 2/7
[1A[2K[1A[2K[1A[2KCollecting 1 genome record [================================================] 100% 1/1
Downloading: ncbi_dataset.zip    446MB done
Validating package files [============>-----------------------------------]  29% 2/7
[1A[2K[1A[2K[1A[2KCollecting 1 genome record [================================================] 100% 1/1
Downloading: ncbi_dataset.zip    446MB done
Validating package files [============>-----------------------------------]  29% 2/7
[1A[2K[1A[2K[1A[2KCollecting 1 genome record [================================================] 100% 1/1
Downloading: ncbi_dataset.zip    446MB done
Validating package files [============>-----------------------------------]  29% 2/7
[1A[2K[1A[2K[1A[2KCollecting 1 genome record [================================================] 100% 1/1
Downloading: ncbi_dataset.zip    446MB done
Validating package files [============>-----------------------------------]  29% 2/7
[1A[2K[1A[2K[1A[2KCollecting 1 genome record [================================================] 100% 1/1
Downloading: ncbi_dataset.zip    446MB done
Validating package files [============>-----------------------------------]  29% 2/7
[1A[2K[1A[2K[1A[2KCollecting 1 genome record [================================================] 100% 1/1
Downloading: ncbi_dataset.zip    446MB done
Validating package files [============>-----------------------------------]  29% 2/7
[1A[2K[1A[2K[1A[2KCollecting 1 genome record [================================================] 100% 1/1
Downloading: ncbi_dataset.zip    446MB done
Validating package files [============>-----------------------------------]  29% 2/7
[1A[2K[1A[2K[1A[2KCollecting 1 genome record [================================================] 100% 1/1
Downloading: ncbi_dataset.zip    446MB done
Validating package files [============>-----------------------------------]  29% 2/7
[1A[2K[1A[2K[1A[2KCollecting 1 genome record [================================================] 100% 1/1
Downloading: ncbi_dataset.zip    446MB done
Validating package files [============>-----------------------------------]  29% 2/7
[1A[2K[1A[2K[1A[2KCollecting 1 genome record [================================================] 100% 1/1
Downloading: ncbi_dataset.zip    446MB done
Validating package files [============>-----------------------------------]  29% 2/7
[1A[2K[1A[2K[1A[2KCollecting 1 genome record [================================================] 100% 1/1
Downloading: ncbi_dataset.zip    446MB done
Validating package files [============>-----------------------------------]  29% 2/7
[1A[2K[1A[2K[1A[2KCollecting 1 genome record [================================================] 100% 1/1
Downloading: ncbi_dataset.zip    446MB done
Validating package files [============>-----------------------------------]  29% 2/7
[1A[2K[1A[2K[1A[2KCollecting 1 genome record [================================================] 100% 1/1
Downloading: ncbi_dataset.zip    446MB done
Validating package files [============>-----------------------------------]  29% 2/7
[1A[2K[1A[2K[1A[2KCollecting 1 genome record [================================================] 100% 1/1
Downloading: ncbi_dataset.zip    446MB done
Validating package files [============>-----------------------------------]  29% 2/7
[1A[2K[1A[2K[1A[2KCollecting 1 genome record [================================================] 100% 1/1
Downloading: ncbi_dataset.zip    446MB done
Validating package files [============>-----------------------------------]  29% 2/7
[1A[2K[1A[2K[1A[2KCollecting 1 genome record [================================================] 100% 1/1
Downloading: ncbi_dataset.zip    446MB done
Validating package files [============>-----------------------------------]  29% 2/7
[1A[2K[1A[2K[1A[2KCollecting 1 genome record [================================================] 100% 1/1
Downloading: ncbi_dataset.zip    446MB done
Validating package files [============>-----------------------------------]  29% 2/7
[1A[2K[1A[2K[1A[2KCollecting 1 genome record [================================================] 100% 1/1
Downloading: ncbi_dataset.zip    446MB done
Validating package files [============>-----------------------------------]  29% 2/7
[1A[2K[1A[2K[1A[2KCollecting 1 genome record [================================================] 100% 1/1
Downloading: ncbi_dataset.zip    446MB done
Validating package files [============>-----------------------------------]  29% 2/7
[1A[2K[1A[2K[1A[2KCollecting 1 genome record [================================================] 100% 1/1
Downloading: ncbi_dataset.zip    446MB done
Validating package files [============>-----------------------------------]  29% 2/7
[1A[2K[1A[2K[1A[2KCollecting 1 genome record [================================================] 100% 1/1
Downloading: ncbi_dataset.zip    446MB done
Validating package files [===================>----------------------------]  43% 3/7
[1A[2K[1A[2K[1A[2KCollecting 1 genome record [================================================] 100% 1/1
Downloading: ncbi_dataset.zip    446MB done
Validating package files [===================>----------------------------]  43% 3/7
[1A[2K[1A[2K[1A[2KCollecting 1 genome record [================================================] 100% 1/1
Downloading: ncbi_dataset.zip    446MB done
Validating package files [===================>----------------------------]  43% 3/7
[1A[2K[1A[2K[1A[2KCollecting 1 genome record [================================================] 100% 1/1
Downloading: ncbi_dataset.zip    446MB done
Validating package files [===================>----------------------------]  43% 3/7
[1A[2K[1A[2K[1A[2KCollecting 1 genome record [================================================] 100% 1/1
Downloading: ncbi_dataset.zip    446MB done
Validating package files [===================>----------------------------]  43% 3/7
[1A[2K[1A[2K[1A[2KCollecting 1 genome record [================================================] 100% 1/1
Downloading: ncbi_dataset.zip    446MB done
Validating package files [===================>----------------------------]  43% 3/7
[1A[2K[1A[2K[1A[2KCollecting 1 genome record [================================================] 100% 1/1
Downloading: ncbi_dataset.zip    446MB done
Validating package files [===================>----------------------------]  43% 3/7
[1A[2K[1A[2K[1A[2KCollecting 1 genome record [================================================] 100% 1/1
Downloading: ncbi_dataset.zip    446MB done
Validating package files [===================>----------------------------]  43% 3/7
[1A[2K[1A[2K[1A[2KCollecting 1 genome record [================================================] 100% 1/1
Downloading: ncbi_dataset.zip    446MB done
Validating package files [===================>----------------------------]  43% 3/7
[1A[2K[1A[2K[1A[2KCollecting 1 genome record [================================================] 100% 1/1
Downloading: ncbi_dataset.zip    446MB done
Validating package files [===================>----------------------------]  43% 3/7
[1A[2K[1A[2K[1A[2KCollecting 1 genome record [================================================] 100% 1/1
Downloading: ncbi_dataset.zip    446MB done
Validating package files [===================>----------------------------]  43% 3/7
[1A[2K[1A[2K[1A[2KCollecting 1 genome record [================================================] 100% 1/1
Downloading: ncbi_dataset.zip    446MB done
Validating package files [===================>----------------------------]  43% 3/7
[1A[2K[1A[2K[1A[2KCollecting 1 genome record [================================================] 100% 1/1
Downloading: ncbi_dataset.zip    446MB done
Validating package files [===================>----------------------------]  43% 3/7
[1A[2K[1A[2K[1A[2KCollecting 1 genome record [================================================] 100% 1/1
Downloading: ncbi_dataset.zip    446MB done
Validating package files [===================>----------------------------]  43% 3/7
[1A[2K[1A[2K[1A[2KCollecting 1 genome record [================================================] 100% 1/1
Downloading: ncbi_dataset.zip    446MB done
Validating package files [===================>----------------------------]  43% 3/7
[1A[2K[1A[2K[1A[2KCollecting 1 genome record [================================================] 100% 1/1
Downloading: ncbi_dataset.zip    446MB done
Validating package files [===================>----------------------------]  43% 3/7
[1A[2K[1A[2K[1A[2KCollecting 1 genome record [================================================] 100% 1/1
Downloading: ncbi_dataset.zip    446MB done
Validating package files [===================>----------------------------]  43% 3/7
[1A[2K[1A[2K[1A[2KCollecting 1 genome record [================================================] 100% 1/1
Downloading: ncbi_dataset.zip    446MB done
Validating package files [===================>----------------------------]  43% 3/7
[1A[2K[1A[2K[1A[2KCollecting 1 genome record [================================================] 100% 1/1
Downloading: ncbi_dataset.zip    446MB done
Validating package files [===================>----------------------------]  43% 3/7
[1A[2K[1A[2K[1A[2KCollecting 1 genome record [================================================] 100% 1/1
Downloading: ncbi_dataset.zip    446MB done
Validating package files [===================>----------------------------]  43% 3/7
[1A[2K[1A[2K[1A[2KCollecting 1 genome record [================================================] 100% 1/1
Downloading: ncbi_dataset.zip    446MB done
Validating package files [===================>----------------------------]  43% 3/7
[1A[2K[1A[2K[1A[2KCollecting 1 genome record [================================================] 100% 1/1
Downloading: ncbi_dataset.zip    446MB done
Validating package files [===================>----------------------------]  43% 3/7
[1A[2K[1A[2K[1A[2KCollecting 1 genome record [================================================] 100% 1/1
Downloading: ncbi_dataset.zip    446MB done
Validating package files [===================>----------------------------]  43% 3/7
[1A[2K[1A[2K[1A[2KCollecting 1 genome record [================================================] 100% 1/1
Downloading: ncbi_dataset.zip    446MB done
Validating package files [===================>----------------------------]  43% 3/7
[1A[2K[1A[2K[1A[2KCollecting 1 genome record [================================================] 100% 1/1
Downloading: ncbi_dataset.zip    446MB done
Validating package files [===================>----------------------------]  43% 3/7
[1A[2K[1A[2K[1A[2KCollecting 1 genome record [================================================] 100% 1/1
Downloading: ncbi_dataset.zip    446MB done
Validating package files [===================>----------------------------]  43% 3/7
[1A[2K[1A[2K[1A[2KCollecting 1 genome record [================================================] 100% 1/1
Downloading: ncbi_dataset.zip    446MB done
Validating package files [===================>----------------------------]  43% 3/7
[1A[2K[1A[2K[1A[2KCollecting 1 genome record [================================================] 100% 1/1
Downloading: ncbi_dataset.zip    446MB done
Validating package files [===================>----------------------------]  43% 3/7
[1A[2K[1A[2K[1A[2KCollecting 1 genome record [================================================] 100% 1/1
Downloading: ncbi_dataset.zip    446MB done
Validating package files [===================>----------------------------]  43% 3/7
[1A[2K[1A[2K[1A[2KCollecting 1 genome record [================================================] 100% 1/1
Downloading: ncbi_dataset.zip    446MB done
Validating package files [==========================>---------------------]  57% 4/7
[1A[2K[1A[2K[1A[2KCollecting 1 genome record [================================================] 100% 1/1
Downloading: ncbi_dataset.zip    446MB done
Validating package files [==========================>---------------------]  57% 4/7
[1A[2K[1A[2K[1A[2KCollecting 1 genome record [================================================] 100% 1/1
Downloading: ncbi_dataset.zip    446MB done
Validating package files [==========================>---------------------]  57% 4/7
[1A[2K[1A[2K[1A[2KCollecting 1 genome record [================================================] 100% 1/1
Downloading: ncbi_dataset.zip    446MB done
Validating package files [==========================>---------------------]  57% 4/7
[1A[2K[1A[2K[1A[2KCollecting 1 genome record [================================================] 100% 1/1
Downloading: ncbi_dataset.zip    446MB done
Validating package files [==========================>---------------------]  57% 4/7
[1A[2K[1A[2K[1A[2KCollecting 1 genome record [================================================] 100% 1/1
Downloading: ncbi_dataset.zip    446MB done
Validating package files [==========================>---------------------]  57% 4/7
[1A[2K[1A[2K[1A[2KCollecting 1 genome record [================================================] 100% 1/1
Downloading: ncbi_dataset.zip    446MB done
Validating package files [==========================>---------------------]  57% 4/7
[1A[2K[1A[2K[1A[2KCollecting 1 genome record [================================================] 100% 1/1
Downloading: ncbi_dataset.zip    446MB done
Validating package files [==========================>---------------------]  57% 4/7
[1A[2K[1A[2K[1A[2KCollecting 1 genome record [================================================] 100% 1/1
Downloading: ncbi_dataset.zip    446MB done
Validating package files [==========================>---------------------]  57% 4/7
[1A[2K[1A[2K[1A[2KCollecting 1 genome record [================================================] 100% 1/1
Downloading: ncbi_dataset.zip    446MB done
Validating package files [==========================>---------------------]  57% 4/7
[1A[2K[1A[2K[1A[2KCollecting 1 genome record [================================================] 100% 1/1
Downloading: ncbi_dataset.zip    446MB done
Validating package files [==========================>---------------------]  57% 4/7
[1A[2K[1A[2K[1A[2KCollecting 1 genome record [================================================] 100% 1/1
Downloading: ncbi_dataset.zip    446MB done
Validating package files [==========================>---------------------]  57% 4/7
[1A[2K[1A[2K[1A[2KCollecting 1 genome record [================================================] 100% 1/1
Downloading: ncbi_dataset.zip    446MB done
Validating package files [==========================>---------------------]  57% 4/7
[1A[2K[1A[2K[1A[2KCollecting 1 genome record [================================================] 100% 1/1
Downloading: ncbi_dataset.zip    446MB done
Validating package files [==========================>---------------------]  57% 4/7
[1A[2K[1A[2K[1A[2KCollecting 1 genome record [================================================] 100% 1/1
Downloading: ncbi_dataset.zip    446MB done
Validating package files [==========================>---------------------]  57% 4/7
[1A[2K[1A[2K[1A[2KCollecting 1 genome record [================================================] 100% 1/1
Downloading: ncbi_dataset.zip    446MB done
Validating package files [==========================>---------------------]  57% 4/7
[1A[2K[1A[2K[1A[2KCollecting 1 genome record [================================================] 100% 1/1
Downloading: ncbi_dataset.zip    446MB done
Validating package files [==========================>---------------------]  57% 4/7
[1A[2K[1A[2K[1A[2KCollecting 1 genome record [================================================] 100% 1/1
Downloading: ncbi_dataset.zip    446MB valid data package
Validating package files [================================================] 100% 7/7
[INFO] Raw protein.faa contains 48284 sequences
[INFO] Step 2: agat longest-isoform filtering...
[INFO] After filtering: 40677 genes, 22381 mRNA features (should be ~1:1)
[INFO] Step 3: gffread translation...
FASTA index file /bank/ncbi/gnathostome/Tmp/7757/01_raw/genomic.fna.fai created.
[INFO] Filtered protein set contains 22381 sequences
[INFO] Step 4: basic stats...
[INFO] Step 5: BUSCO...
/rna/liha/miniconda3/envs/busco/bin/busco:25: SyntaxWarning: invalid escape sequence '\w'
  "cannot import name '(?P<module_name>[\w]+)", err.msg
/rna/liha/miniconda3/envs/busco/bin/busco:25: SyntaxWarning: invalid escape sequence '\w'
  "cannot import name '(?P<module_name>[\w]+)", err.msg
/rna/liha/miniconda3/envs/busco/bin/busco:25: SyntaxWarning: invalid escape sequence '\w'
  "cannot import name '(?P<module_name>[\w]+)", err.msg
/rna/liha/miniconda3/envs/busco/bin/busco:25: SyntaxWarning: invalid escape sequence '\w'
  "cannot import name '(?P<module_name>[\w]+)", err.msg
/rna/liha/miniconda3/envs/busco/bin/busco:25: SyntaxWarning: invalid escape sequence '\w'
  "cannot import name '(?P<module_name>[\w]+)", err.msg
/rna/liha/miniconda3/envs/busco/bin/busco:25: SyntaxWarning: invalid escape sequence '\w'
  "cannot import name '(?P<module_name>[\w]+)", err.msg
/rna/liha/miniconda3/envs/busco/bin/busco:25: SyntaxWarning: invalid escape sequence '\w'
  "cannot import name '(?P<module_name>[\w]+)", err.msg
/rna/liha/miniconda3/envs/busco/bin/busco:25: SyntaxWarning: invalid escape sequence '\w'
  "cannot import name '(?P<module_name>[\w]+)", err.msg
/rna/liha/miniconda3/envs/busco/bin/busco:25: SyntaxWarning: invalid escape sequence '\w'
  "cannot import name '(?P<module_name>[\w]+)", err.msg
Exception ignored in: <Finalize object, dead>
Traceback (most recent call last):
  File "/rna/liha/miniconda3/envs/busco/lib/python3.13/multiprocessing/util.py", line 291, in __call__
    res = self._callback(*self._args, **self._kwargs)
  File "/rna/liha/miniconda3/envs/busco/lib/python3.13/multiprocessing/synchronize.py", line 87, in _cleanup
    sem_unlink(name)
FileNotFoundError: [Errno 2] No such file or directory
Exception ignored in: <Finalize object, dead>
Traceback (most recent call last):
  File "/rna/liha/miniconda3/envs/busco/lib/python3.13/multiprocessing/util.py", line 291, in __call__
    res = self._callback(*self._args, **self._kwargs)
  File "/rna/liha/miniconda3/envs/busco/lib/python3.13/multiprocessing/synchronize.py", line 87, in _cleanup
    sem_unlink(name)
FileNotFoundError: [Errno 2] No such file or directory
Exception ignored in: <Finalize object, dead>
Traceback (most recent call last):
  File "/rna/liha/miniconda3/envs/busco/lib/python3.13/multiprocessing/util.py", line 291, in __call__
    res = self._callback(*self._args, **self._kwargs)
  File "/rna/liha/miniconda3/envs/busco/lib/python3.13/multiprocessing/synchronize.py", line 87, in _cleanup
    sem_unlink(name)
FileNotFoundError: [Errno 2] No such file or directory
Exception ignored in: <Finalize object, dead>
Traceback (most recent call last):
  File "/rna/liha/miniconda3/envs/busco/lib/python3.13/multiprocessing/util.py", line 291, in __call__
    res = self._callback(*self._args, **self._kwargs)
  File "/rna/liha/miniconda3/envs/busco/lib/python3.13/multiprocessing/synchronize.py", line 87, in _cleanup
    sem_unlink(name)
FileNotFoundError: [Errno 2] No such file or directory
Exception ignored in: <Finalize object, dead>
Traceback (most recent call last):
  File "/rna/liha/miniconda3/envs/busco/lib/python3.13/multiprocessing/util.py", line 291, in __call__
    res = self._callback(*self._args, **self._kwargs)
  File "/rna/liha/miniconda3/envs/busco/lib/python3.13/multiprocessing/synchronize.py", line 87, in _cleanup
    sem_unlink(name)
FileNotFoundError: [Errno 2] No such file or directory
Exception ignored in: <Finalize object, dead>
Traceback (most recent call last):
  File "/rna/liha/miniconda3/envs/busco/lib/python3.13/multiprocessing/util.py", line 291, in __call__
    res = self._callback(*self._args, **self._kwargs)
  File "/rna/liha/miniconda3/envs/busco/lib/python3.13/multiprocessing/synchronize.py", line 87, in _cleanup
    sem_unlink(name)
FileNotFoundError: [Errno 2] No such file or directory
Exception ignored in: <Finalize object, dead>
Traceback (most recent call last):
  File "/rna/liha/miniconda3/envs/busco/lib/python3.13/multiprocessing/util.py", line 291, in __call__
    res = self._callback(*self._args, **self._kwargs)
  File "/rna/liha/miniconda3/envs/busco/lib/python3.13/multiprocessing/synchronize.py", line 87, in _cleanup
    sem_unlink(name)
FileNotFoundError: [Errno 2] No such file or directory
/rna/liha/miniconda3/envs/busco/lib/python3.13/multiprocessing/resource_tracker.py:324: UserWarning: resource_tracker: There appear to be 7 leaked semaphore objects to clean up at shutdown: {'/mp-chgtruqx', '/mp-j99mg0qm', '/mp-_7ru0duu', '/mp-00mmgta3', '/mp-59mu5xxw', '/mp-hlv4vxv6', '/mp-039owqaf'}
  warnings.warn(
/rna/liha/miniconda3/envs/busco/lib/python3.13/multiprocessing/resource_tracker.py:340: UserWarning: resource_tracker: '/mp-chgtruqx': [Errno 2] No such file or directory
  warnings.warn('resource_tracker: %r: %s' % (name, e))
/rna/liha/miniconda3/envs/busco/lib/python3.13/multiprocessing/resource_tracker.py:340: UserWarning: resource_tracker: '/mp-j99mg0qm': [Errno 2] No such file or directory
  warnings.warn('resource_tracker: %r: %s' % (name, e))
/rna/liha/miniconda3/envs/busco/lib/python3.13/multiprocessing/resource_tracker.py:340: UserWarning: resource_tracker: '/mp-_7ru0duu': [Errno 2] No such file or directory
  warnings.warn('resource_tracker: %r: %s' % (name, e))
/rna/liha/miniconda3/envs/busco/lib/python3.13/multiprocessing/resource_tracker.py:340: UserWarning: resource_tracker: '/mp-00mmgta3': [Errno 2] No such file or directory
  warnings.warn('resource_tracker: %r: %s' % (name, e))
/rna/liha/miniconda3/envs/busco/lib/python3.13/multiprocessing/resource_tracker.py:340: UserWarning: resource_tracker: '/mp-59mu5xxw': [Errno 2] No such file or directory
  warnings.warn('resource_tracker: %r: %s' % (name, e))
/rna/liha/miniconda3/envs/busco/lib/python3.13/multiprocessing/resource_tracker.py:340: UserWarning: resource_tracker: '/mp-hlv4vxv6': [Errno 2] No such file or directory
  warnings.warn('resource_tracker: %r: %s' % (name, e))
/rna/liha/miniconda3/envs/busco/lib/python3.13/multiprocessing/resource_tracker.py:340: UserWarning: resource_tracker: '/mp-039owqaf': [Errno 2] No such file or directory
  warnings.warn('resource_tracker: %r: %s' % (name, e))
[INFO] Step 6: OMArk...
================================================================================

   _____ _____ _____
  |     |     |  _  |_____ ___ ___
  |  |  | | | |     |     | -_|  _|
  |_____|_|_|_|__|__|_|_|_|___|_|   v2.1.2

  OMAmer is licensed under the GNU Lesser General Public License 3.0 (LGPL-3.0).
    
================================================================================

Loading required libraries  [DONE]

================================================================================

Running OMAmer on pichu, using:
 - database: /bank/ncbi/gnathostome/OMArk/LUCA.h5
 - query: /bank/ncbi/gnathostome/Tmp/7757/02_filtered/longest_isoform.faa
 - version: 2.1.2

================================================================================

Loading data required for OMAmer search from database...
 - taxonomy information (0.0s) [DONE]
 - family information (0.0s) [DONE]
 - sub-family information (0.6s) [DONE]
 - family hierarchy (0.0s) [DONE]
 - k-mer index (19.7s) [DONE]
 - family probability estimates (0.0s) [DONE]
 - sub-family probability estimates (0.1s) [DONE]

Finished loading required data

================================================================================

[?25lSearching -  0 queries in 0s (0.0 queries/s) Searching -  0 queries in 5s (0.0 queries/s) Searching -  0 queries in 10s (0.0 queries/s) Searching -  0 queries in 15s (0.0 queries/s) Searching -  0 queries in 20s (0.0 queries/s) Searching -  0 queries in 25s (0.0 queries/s) Searching -  0 queries in 30s (0.0 queries/s) Searching -  0 queries in 35s (0.0 queries/s) Searching -  0 queries in 40s (0.0 queries/s) Searching -  0 queries in 45s (0.0 queries/s) Searching -  0 queries in 50s (0.0 queries/s) Searching -  0 queries in 55s (0.0 queries/s) Searching -  0 queries in 1:00 (0.0 queries/s) Searching -  0 queries in 1:05 (0.0 queries/s) Searching -  0 queries in 1:10 (0.0 queries/s) Searching -  0 queries in 1:15 (0.0 queries/s) Searching -  0 queries in 1:20 (0.0 queries/s) Searching -  0 queries in 1:25 (0.0 queries/s) Searching -  0 queries in 1:30 (0.0 queries/s) Searching -  0 queries in 1:35 (0.0 queries/s) Searching -  10000 queries in 1:40 (100.0 queries/s) Searching -  10000 queries in 1:45 (98.6 queries/s) [KSearching -  10000 queries in 1:50 (96.3 queries/s) Searching -  10000 queries in 1:55 (93.5 queries/s) Searching -  10000 queries in 2:00 (90.4 queries/s) Searching -  10000 queries in 2:05 (87.3 queries/s) Searching -  10000 queries in 2:10 (84.2 queries/s) Searching -  10000 queries in 2:15 (81.1 queries/s) Searching -  10000 queries in 2:20 (78.2 queries/s) Searching -  10000 queries in 2:25 (75.4 queries/s) Searching -  10000 queries in 2:30 (72.8 queries/s) Searching -  10000 queries in 2:35 (70.3 queries/s) Searching -  10000 queries in 2:40 (68.0 queries/s) Searching -  10000 queries in 2:45 (65.8 queries/s) Searching -  10000 queries in 2:50 (63.7 queries/s) Searching -  10000 queries in 2:55 (61.7 queries/s) Searching -  10000 queries in 3:00 (59.9 queries/s) Searching -  20000 queries in 3:05 (74.3 queries/s) Searching -  20000 queries in 3:10 (83.6 queries/s) Searching -  20000 queries in 3:15 (89.3 queries/s) [?25h[JSearching -  22381 queries in 3:20.0 (96.07 queries/s) 

================================================================================

OMAmer search complete:
 - results written to: /bank/ncbi/gnathostome/Tmp/7757/05_omark/7757.omamer
 - total 220.76 seconds
 - search phase only 112.56 queries/s


Note: family p-values are stated in negative log units.
================================================================================

Thank you for using OMAmer. If you use OMAmer in your research, please cite:

Victor Rossier, Alex Warwick Vesztrocy, Marc Robinson-Rechavi, Christophe Dessimoz, OMAmer: tree-driven and alignment-free protein assignment to subfamilies outperforms closest sequence approaches, Bioinformatics, Volume 37, Issue 18, September 2021, Pages 2866-2873, https://doi.org/10.1093/bioinformatics/btab219


OMAmer uses data from the OMA browser. Results can be interpreted further using:
 - OMA browser website (https://omabrowser.org)
 - PyOMADB, the Python OMA API client (https://github.com/DessimozLab/pyomadb)

================================================================================
[INFO] Step 7: saving results to /rna/liha/phylogenomics_practice/QC-DB/Results/Obazoa-Holozoa-Metazoa-Chordata-Cyclostomata_7757 and cleaning up Tmp...
[DONE] taxid=7757 finished. Results under /rna/liha/phylogenomics_practice/QC-DB/Results/Obazoa-Holozoa-Metazoa-Chordata-Cyclostomata_7757, Tmp cleaned.
