[INFO] Row 23: taxid 9606 (Homo sapiens)
 WARNING:  FAILURE ( Sat Aug  8 01:24:55 PM KST 2026 )
nquire -get https://eutils.ncbi.nlm.nih.gov/entrez/eutils/ esearch.fcgi -db protein -WebEnv MCID_6a76af947e6a412bee05256b -term \(\#1\) -retmax 0 -usehistory y -tool edirect -edirect 24.0 -edirect_os Linux -email liha@pichu.rna.snu.ac.kr
<ERROR>Search Backend failed:</ERROR>
SECOND ATTEMPT
 WARNING:  FAILURE ( Sat Aug  8 01:24:57 PM KST 2026 )
nquire -get https://eutils.ncbi.nlm.nih.gov/entrez/eutils/ esearch.fcgi -db protein -WebEnv MCID_6a76af947e6a412bee05256b -term \(\#1\) -retmax 0 -usehistory y -tool edirect -edirect 24.0 -edirect_os Linux -email liha@pichu.rna.snu.ac.kr
<ERROR>Search Backend failed:</ERROR>
LAST ATTEMPT
 ERROR:  FAILURE ( Sat Aug  8 01:24:59 PM KST 2026 )
nquire -get https://eutils.ncbi.nlm.nih.gov/entrez/eutils/ esearch.fcgi -db protein -WebEnv MCID_6a76af947e6a412bee05256b -term \(\#1\) -retmax 0 -usehistory y -tool edirect -edirect 24.0 -edirect_os Linux -email liha@pichu.rna.snu.ac.kr
<?xml version="1.0" encoding="UTF-8" ?>
<!DOCTYPE eSearchResult>
<eSearchResult>
  <ERROR>Search Backend failed:</ERROR>
</eSearchResult>
QUERY FAILURE
 WARNING:  FAILURE ( Sat Aug  8 01:25:07 PM KST 2026 )
nquire -get https://eutils.ncbi.nlm.nih.gov/entrez/eutils/ esearch.fcgi -db protein -WebEnv MCID_6a76afa0eecd18eaa4099d87 -term \(\#1\) -retmax 0 -usehistory y -tool edirect -edirect 24.0 -edirect_os Linux -email liha@pichu.rna.snu.ac.kr
<ERROR>Search Backend failed:</ERROR>
SECOND ATTEMPT
curl: (22) The requested URL returned error: 500
 ERROR:  curl command failed ( Sat Aug  8 01:25:09 PM KST 2026 ) with: 22
-X GET https://eutils.ncbi.nlm.nih.gov/entrez/eutils/esearch.fcgi?db=protein&WebEnv=MCID_6a76afa0eecd18eaa4099d87&term=%28%231%29&retmax=0&usehistory=y&tool=edirect&edirect=24.0&edirect_os=Linux&email=liha%40pichu.rna.snu.ac.kr
HTTP/1.0 500 Internal Server Error
 WARNING:  FAILURE ( Sat Aug  8 01:25:09 PM KST 2026 )
nquire -get https://eutils.ncbi.nlm.nih.gov/entrez/eutils/ esearch.fcgi -db protein -WebEnv MCID_6a76afa0eecd18eaa4099d87 -term \(\#1\) -retmax 0 -usehistory y -tool edirect -edirect 24.0 -edirect_os Linux -email liha@pichu.rna.snu.ac.kr
EMPTY RESULT
LAST ATTEMPT
 ERROR:  FAILURE ( Sat Aug  8 01:25:31 PM KST 2026 )
nquire -get https://eutils.ncbi.nlm.nih.gov/entrez/eutils/ esearch.fcgi -db protein -WebEnv MCID_6a76afa0eecd18eaa4099d87 -term \(\#1\) -retmax 0 -usehistory y -tool edirect -edirect 24.0 -edirect_os Linux -email liha@pichu.rna.snu.ac.kr
<?xml version="1.0" encoding="UTF-8" ?>
<!DOCTYPE eSearchResult>
<eSearchResult>
  <ERROR>Search Backend failed:</ERROR>
</eSearchResult>
QUERY FAILURE
curl: (22) The requested URL returned error: 500
 ERROR:  curl command failed ( Sat Aug  8 01:25:33 PM KST 2026 ) with: 22
-X GET https://eutils.ncbi.nlm.nih.gov/entrez/eutils/esearch.fcgi?db=protein&WebEnv=MCID_6a76afa0eecd18eaa4099d87&term=%28%231%29&retmax=0&usehistory=y&tool=edirect&edirect=24.0&edirect_os=Linux&email=liha%40pichu.rna.snu.ac.kr
HTTP/1.0 500 Internal Server Error
curl: (22) The requested URL returned error: 500
 ERROR:  curl command failed ( Sat Aug  8 01:25:59 PM KST 2026 ) with: 22
-X GET https://eutils.ncbi.nlm.nih.gov/entrez/eutils/esearch.fcgi?db=protein&WebEnv=MCID_6a76afd3e4547de52d0c94f5&term=%28%231%29&retmax=0&usehistory=y&tool=edirect&edirect=24.0&edirect_os=Linux&email=liha%40pichu.rna.snu.ac.kr
HTTP/1.0 500 Internal Server Error
 WARNING:  FAILURE ( Sat Aug  8 01:25:58 PM KST 2026 )
nquire -get https://eutils.ncbi.nlm.nih.gov/entrez/eutils/ esearch.fcgi -db protein -WebEnv MCID_6a76afd3e4547de52d0c94f5 -term \(\#1\) -retmax 0 -usehistory y -tool edirect -edirect 24.0 -edirect_os Linux -email liha@pichu.rna.snu.ac.kr
EMPTY RESULT
SECOND ATTEMPT
 WARNING:  FAILURE ( Sat Aug  8 01:26:20 PM KST 2026 )
nquire -get https://eutils.ncbi.nlm.nih.gov/entrez/eutils/ esearch.fcgi -db protein -WebEnv MCID_6a76afd3e4547de52d0c94f5 -term \(\#1\) -retmax 0 -usehistory y -tool edirect -edirect 24.0 -edirect_os Linux -email liha@pichu.rna.snu.ac.kr
<ERROR>Search Backend failed:</ERROR>
LAST ATTEMPT
 WARNING:  FAILURE ( Sat Aug  8 01:27:33 PM KST 2026 )
nquire -get https://eutils.ncbi.nlm.nih.gov/entrez/eutils/ esearch.fcgi -db protein -WebEnv MCID_6a76b0328684a561650b3cf1 -term \(\#1\) -retmax 0 -usehistory y -tool edirect -edirect 24.0 -edirect_os Linux -email liha@pichu.rna.snu.ac.kr
<ERROR>Search Backend failed:</ERROR>
SECOND ATTEMPT
 WARNING:  FAILURE ( Sat Aug  8 01:27:35 PM KST 2026 )
nquire -get https://eutils.ncbi.nlm.nih.gov/entrez/eutils/ esearch.fcgi -db protein -WebEnv MCID_6a76b0328684a561650b3cf1 -term \(\#1\) -retmax 0 -usehistory y -tool edirect -edirect 24.0 -edirect_os Linux -email liha@pichu.rna.snu.ac.kr
<ERROR>Search Backend failed:</ERROR>
LAST ATTEMPT
 ERROR:  FAILURE ( Sat Aug  8 01:27:37 PM KST 2026 )
nquire -get https://eutils.ncbi.nlm.nih.gov/entrez/eutils/ esearch.fcgi -db protein -WebEnv MCID_6a76b0328684a561650b3cf1 -term \(\#1\) -retmax 0 -usehistory y -tool edirect -edirect 24.0 -edirect_os Linux -email liha@pichu.rna.snu.ac.kr
<?xml version="1.0" encoding="UTF-8" ?>
<!DOCTYPE eSearchResult>
<eSearchResult>
  <ERROR>Search Backend failed:</ERROR>
</eSearchResult>
QUERY FAILURE
 WARNING:  FAILURE ( Sat Aug  8 01:27:45 PM KST 2026 )
nquire -get https://eutils.ncbi.nlm.nih.gov/entrez/eutils/ esearch.fcgi -db protein -WebEnv MCID_6a76b03e8684a561650b3cfd -term \(\#1\) -retmax 0 -usehistory y -tool edirect -edirect 24.0 -edirect_os Linux -email liha@pichu.rna.snu.ac.kr
<ERROR>Search Backend failed:</ERROR>
SECOND ATTEMPT
 WARNING:  FAILURE ( Sat Aug  8 01:27:49 PM KST 2026 )
nquire -get https://eutils.ncbi.nlm.nih.gov/entrez/eutils/ esearch.fcgi -db protein -WebEnv MCID_6a76b03e8684a561650b3cfd -term \(\#1\) -retmax 0 -usehistory y -tool edirect -edirect 24.0 -edirect_os Linux -email liha@pichu.rna.snu.ac.kr
<ERROR>Search Backend failed:</ERROR>
LAST ATTEMPT
 ERROR:  FAILURE ( Sat Aug  8 01:27:57 PM KST 2026 )
nquire -get https://eutils.ncbi.nlm.nih.gov/entrez/eutils/ esearch.fcgi -db protein -WebEnv MCID_6a76b03e8684a561650b3cfd -term \(\#1\) -retmax 0 -usehistory y -tool edirect -edirect 24.0 -edirect_os Linux -email liha@pichu.rna.snu.ac.kr
<?xml version="1.0" encoding="UTF-8" ?>
<!DOCTYPE eSearchResult>
<eSearchResult>
  <ERROR>Search Backend failed:</ERROR>
</eSearchResult>
QUERY FAILURE
curl: (22) The requested URL returned error: 500
 ERROR:  curl command failed ( Sat Aug  8 01:28:04 PM KST 2026 ) with: 22
-X GET https://eutils.ncbi.nlm.nih.gov/entrez/eutils/esearch.fcgi?db=protein&WebEnv=MCID_6a76b05149822066660797e8&term=%28%231%29&retmax=0&usehistory=y&tool=edirect&edirect=24.0&edirect_os=Linux&email=liha%40pichu.rna.snu.ac.kr
HTTP/1.0 500 Internal Server Error
 WARNING:  FAILURE ( Sat Aug  8 01:28:04 PM KST 2026 )
nquire -get https://eutils.ncbi.nlm.nih.gov/entrez/eutils/ esearch.fcgi -db protein -WebEnv MCID_6a76b05149822066660797e8 -term \(\#1\) -retmax 0 -usehistory y -tool edirect -edirect 24.0 -edirect_os Linux -email liha@pichu.rna.snu.ac.kr
EMPTY RESULT
SECOND ATTEMPT
 WARNING:  FAILURE ( Sat Aug  8 01:28:26 PM KST 2026 )
nquire -get https://eutils.ncbi.nlm.nih.gov/entrez/eutils/ esearch.fcgi -db protein -WebEnv MCID_6a76b05149822066660797e8 -term \(\#1\) -retmax 0 -usehistory y -tool edirect -edirect 24.0 -edirect_os Linux -email liha@pichu.rna.snu.ac.kr
<ERROR>Search Backend failed:</ERROR>
LAST ATTEMPT
curl: (22) The requested URL returned error: 500
 ERROR:  curl command failed ( Sat Aug  8 01:28:28 PM KST 2026 ) with: 22
-X GET https://eutils.ncbi.nlm.nih.gov/entrez/eutils/esearch.fcgi?db=protein&WebEnv=MCID_6a76b05149822066660797e8&term=%28%231%29&retmax=0&usehistory=y&tool=edirect&edirect=24.0&edirect_os=Linux&email=liha%40pichu.rna.snu.ac.kr
HTTP/1.0 500 Internal Server Error
 ERROR:  FAILURE ( Sat Aug  8 01:28:27 PM KST 2026 )
nquire -get https://eutils.ncbi.nlm.nih.gov/entrez/eutils/ esearch.fcgi -db protein -WebEnv MCID_6a76b05149822066660797e8 -term \(\#1\) -retmax 0 -usehistory y -tool edirect -edirect 24.0 -edirect_os Linux -email liha@pichu.rna.snu.ac.kr
EMPTY RESULT
QUERY FAILURE
 WARNING:  FAILURE ( Sat Aug  8 01:28:54 PM KST 2026 )
nquire -get https://eutils.ncbi.nlm.nih.gov/entrez/eutils/ esearch.fcgi -db protein -WebEnv MCID_6a76b0847c91145bbc0296d2 -term \(\#1\) -retmax 0 -usehistory y -tool edirect -edirect 24.0 -edirect_os Linux -email liha@pichu.rna.snu.ac.kr
<ERROR>Search Backend failed:</ERROR>
SECOND ATTEMPT
 WARNING:  FAILURE ( Sat Aug  8 01:28:56 PM KST 2026 )
nquire -get https://eutils.ncbi.nlm.nih.gov/entrez/eutils/ esearch.fcgi -db protein -WebEnv MCID_6a76b0847c91145bbc0296d2 -term \(\#1\) -retmax 0 -usehistory y -tool edirect -edirect 24.0 -edirect_os Linux -email liha@pichu.rna.snu.ac.kr
<ERROR>Search Backend failed:</ERROR>
LAST ATTEMPT
 ERROR:  FAILURE ( Sat Aug  8 01:28:58 PM KST 2026 )
nquire -get https://eutils.ncbi.nlm.nih.gov/entrez/eutils/ esearch.fcgi -db protein -WebEnv MCID_6a76b0847c91145bbc0296d2 -term \(\#1\) -retmax 0 -usehistory y -tool edirect -edirect 24.0 -edirect_os Linux -email liha@pichu.rna.snu.ac.kr
<?xml version="1.0" encoding="UTF-8" ?>
<!DOCTYPE eSearchResult>
<eSearchResult>
  <ERROR>Search Backend failed:</ERROR>
</eSearchResult>
QUERY FAILURE
curl: (22) The requested URL returned error: 500
 ERROR:  curl command failed ( Sat Aug  8 01:29:01 PM KST 2026 ) with: 22
-X GET https://eutils.ncbi.nlm.nih.gov/entrez/eutils/esearch.fcgi?db=protein&WebEnv=MCID_6a76b0847c91145bbc0296d2&term=%28%231%29&retmax=0&usehistory=y&tool=edirect&edirect=24.0&edirect_os=Linux&email=liha%40pichu.rna.snu.ac.kr
HTTP/1.0 500 Internal Server Error
 WARNING:  FAILURE ( Sat Aug  8 01:29:26 PM KST 2026 )
nquire -get https://eutils.ncbi.nlm.nih.gov/entrez/eutils/ esearch.fcgi -db protein -WebEnv MCID_6a76b0a34982206666079855 -term \(\#1\) -retmax 0 -usehistory y -tool edirect -edirect 24.0 -edirect_os Linux -email liha@pichu.rna.snu.ac.kr
<ERROR>Search Backend failed:</ERROR>
SECOND ATTEMPT
 WARNING:  FAILURE ( Sat Aug  8 01:29:28 PM KST 2026 )
nquire -get https://eutils.ncbi.nlm.nih.gov/entrez/eutils/ esearch.fcgi -db protein -WebEnv MCID_6a76b0a34982206666079855 -term \(\#1\) -retmax 0 -usehistory y -tool edirect -edirect 24.0 -edirect_os Linux -email liha@pichu.rna.snu.ac.kr
<ERROR>Search Backend failed:</ERROR>
LAST ATTEMPT
 ERROR:  FAILURE ( Sat Aug  8 01:29:30 PM KST 2026 )
nquire -get https://eutils.ncbi.nlm.nih.gov/entrez/eutils/ esearch.fcgi -db protein -WebEnv MCID_6a76b0a34982206666079855 -term \(\#1\) -retmax 0 -usehistory y -tool edirect -edirect 24.0 -edirect_os Linux -email liha@pichu.rna.snu.ac.kr
<?xml version="1.0" encoding="UTF-8" ?>
<!DOCTYPE eSearchResult>
<eSearchResult>
  <ERROR>Search Backend failed:</ERROR>
</eSearchResult>
QUERY FAILURE
 WARNING:  FAILURE ( Sat Aug  8 01:29:46 PM KST 2026 )
nquire -get https://eutils.ncbi.nlm.nih.gov/entrez/eutils/ esearch.fcgi -db protein -WebEnv MCID_6a76b0b52f65c1b30a0f083c -term \(\#1\) -retmax 0 -usehistory y -tool edirect -edirect 24.0 -edirect_os Linux -email liha@pichu.rna.snu.ac.kr
<ERROR>Search Backend failed:</ERROR>
SECOND ATTEMPT
 WARNING:  FAILURE ( Sat Aug  8 01:38:18 PM KST 2026 )
nquire -get https://eutils.ncbi.nlm.nih.gov/entrez/eutils/ esearch.fcgi -db protein -WebEnv MCID_6a76b2b74aa9a4b92701913a -term \(\#1\) -retmax 0 -usehistory y -tool edirect -edirect 24.0 -edirect_os Linux -email liha@pichu.rna.snu.ac.kr
<ERROR>Search Backend failed:</ERROR>
SECOND ATTEMPT
 WARNING:  FAILURE ( Sat Aug  8 01:38:20 PM KST 2026 )
nquire -get https://eutils.ncbi.nlm.nih.gov/entrez/eutils/ esearch.fcgi -db protein -WebEnv MCID_6a76b2b74aa9a4b92701913a -term \(\#1\) -retmax 0 -usehistory y -tool edirect -edirect 24.0 -edirect_os Linux -email liha@pichu.rna.snu.ac.kr
<ERROR>Search Backend failed:</ERROR>
LAST ATTEMPT
 ERROR:  FAILURE ( Sat Aug  8 01:38:22 PM KST 2026 )
nquire -get https://eutils.ncbi.nlm.nih.gov/entrez/eutils/ esearch.fcgi -db protein -WebEnv MCID_6a76b2b74aa9a4b92701913a -term \(\#1\) -retmax 0 -usehistory y -tool edirect -edirect 24.0 -edirect_os Linux -email liha@pichu.rna.snu.ac.kr
<?xml version="1.0" encoding="UTF-8" ?>
<!DOCTYPE eSearchResult>
<eSearchResult>
  <ERROR>Search Backend failed:</ERROR>
</eSearchResult>
QUERY FAILURE
 WARNING:  FAILURE ( Sat Aug  8 01:40:08 PM KST 2026 )
nquire -get https://eutils.ncbi.nlm.nih.gov/entrez/eutils/ esearch.fcgi -db protein -WebEnv MCID_6a76b3258684a561650b40fe -term \(\#1\) -retmax 0 -usehistory y -tool edirect -edirect 24.0 -edirect_os Linux -email liha@pichu.rna.snu.ac.kr
<ERROR>Search Backend failed:</ERROR>
SECOND ATTEMPT
 WARNING:  FAILURE ( Sat Aug  8 01:40:13 PM KST 2026 )
nquire -get https://eutils.ncbi.nlm.nih.gov/entrez/eutils/ esearch.fcgi -db protein -WebEnv MCID_6a76b3258684a561650b40fe -term \(\#1\) -retmax 0 -usehistory y -tool edirect -edirect 24.0 -edirect_os Linux -email liha@pichu.rna.snu.ac.kr
<ERROR>Search Backend failed:</ERROR>
LAST ATTEMPT
 ERROR:  FAILURE ( Sat Aug  8 01:40:15 PM KST 2026 )
nquire -get https://eutils.ncbi.nlm.nih.gov/entrez/eutils/ esearch.fcgi -db protein -WebEnv MCID_6a76b3258684a561650b40fe -term \(\#1\) -retmax 0 -usehistory y -tool edirect -edirect 24.0 -edirect_os Linux -email liha@pichu.rna.snu.ac.kr
<?xml version="1.0" encoding="UTF-8" ?>
<!DOCTYPE eSearchResult>
<eSearchResult>
  <ERROR>Search Backend failed:</ERROR>
</eSearchResult>
QUERY FAILURE
curl: (22) The requested URL returned error: 502
 ERROR:  curl command failed ( Sat Aug  8 01:41:51 PM KST 2026 ) with: 22
-X POST https://eutils.ncbi.nlm.nih.gov/entrez/eutils/epost.fcgi -d db=protein&id=NP_001292492.1%2CNP_001292493.1%2CNP_001292510.1%2CNP_001292553.1%2CNP_001292554.1%2CNP_001292555.1%2CNP_001292558.1%2CNP_001292559.1%2CNP_001292583.1%2CNP_001292584.1%2CNP_001292721.1%2CNP_001292769.1%2CNP_001292770.1%2CNP_001292771.1%2CNP_001292807.1%2CNP_001292871.2%2CNP_001292997.1%2CNP_001292999.1%2CNP_001293001.1%2CNP_001293003.1%2CNP_001293004.1%2CNP_001293005.1%2CNP_001293006.1%2CNP_001293008.1%2CNP_001293009.1%2CNP_001293011.1%2CNP_001293012.1%2CNP_001293013.1%2CNP_001293014.1%2CNP_001293015.1%2CNP_001293016.1%2CNP_001293018.1%2CNP_001293019.1%2CNP_001293020.1%2CNP_001293021.1%2CNP_001293022.1%2CNP_001293023.1%2CNP_001293058.2%2CNP_001293059.2%2CNP_001293060.2%2CNP_001293061.2%2CNP_001293062.1%2CNP_001293063.1%2CNP_001293064.1%2CNP_001293066.1%2CNP_001293069.1%2CNP_001293070.1%2CNP_001293071.1%2CNP_001293073.1%2CNP_001293074.1%2CNP_001293075.1%2CNP_001293076.1%2CNP_001293080.1%2CNP_001293082.1%2CNP_001293083.1%2CNP_001293084.1%2CNP_001293085.1%2CNP_001293087.1%2CNP_001293088.1%2CNP_001293089.1%2CNP_001293090.1%2CNP_001293097.1%2CNP_001293100.1%2CNP_001293101.1%2CNP_001293102.1%2CNP_001293106.1%2CNP_001293108.2%2CNP_001293117.1%2CNP_001293119.1%2CNP_001293120.1%2CNP_001293122.1%2CNP_001293124.1%2CNP_001293125.1%2CNP_001293126.1%2CNP_001293127.1%2CNP_001293128.1%2CNP_001293129.1%2CNP_001293130.1%2CNP_001293135.1%2CNP_001293136.1%2CNP_001293137.1%2CNP_001293138.1%2CNP_001293139.1%2CNP_001293141.1%2CNP_001293142.1%2CNP_001293143.1%2CNP_001293144.1%2CNP_001293148.1%2CNP_001293149.1%2CNP_001293.3%2CNP_001294.2%2CNP_001294851.1%2CNP_001294852.1%2CNP_001294853.1%2CNP_001294854.1%2CNP_001294857.1%2CNP_001294858.1%2CNP_001294859.1%2CNP_001294860.1%2CNP_001294861.1%2CNP_001294865.1%2CNP_001294866.1%2CNP_001294868.1%2CNP_001294869.1%2CNP_001294870.1%2CNP_001294872.1%2CNP_001294873.1%2CNP_001294874.1%2CNP_001294880.1%2CNP_001294881.1%2CNP_001294884.1%2CNP_001294889.1%2CNP_001294904.1%2CNP_001294905.1%2CNP_001294906.1%2CNP_001294907.1%2CNP_001294908.1%2CNP_001294909.1%2CNP_001294910.1%2CNP_001294912.1%2CNP_001294914.1%2CNP_001294915.1%2CNP_001294916.1%2CNP_001294919.1%2CNP_001294923.1%2CNP_001294931.1%2CNP_001294935.1%2CNP_001294936.1%2CNP_001294942.1%2CNP_001294943.1%2CNP_001294947.1%2CNP_001294948.1%2CNP_001294949.1%2CNP_001294950.1%2CNP_001294951.1%2CNP_001294952.1%2CNP_001294954.1%2CNP_001294955.1%2CNP_001294956.1%2CNP_001294957.1%2CNP_001294960.1%2CNP_001294965.1%2CNP_001294967.1%2CNP_001294971.1%2CNP_001294972.1%2CNP_001294973.1%2CNP_001294974.1%2CNP_001294975.1%2CNP_001294976.1%2CNP_001294977.1%2CNP_001294978.1%2CNP_001294979.1%2CNP_001294980.1%2CNP_001294982.1%2CNP_001294983.1%2CNP_001294985.1%2CNP_001294986.1%2CNP_001294987.1%2CNP_001294988.1%2CNP_001294989.1%2CNP_001294990.1%2CNP_001294993.1%2CNP_001294996.1%2CNP_001294997.1%2CNP_001294998.1%2CNP_001294999.1%2CNP_001295004.1%2CNP_001295005.1%2CNP_001295006.1%2CNP_001295007.1%2CNP_001295008.1%2CNP_001295009.1%2CNP_001295010.1%2CNP_001295012.1%2CNP_001295013.1%2CNP_001295014.1%2CNP_001295015.1%2CNP_001295016.1%2CNP_001295017.1%2CNP_001295018.1%2CNP_001295019.1%2CNP_001295022.1%2CNP_001295023.1%2CNP_001295025.1%2CNP_001295026.1%2CNP_001295029.1%2CNP_001295030.1%2CNP_001295031.1%2CNP_001295032.1%2CNP_001295034.1%2CNP_001295035.1%2CNP_001295036.1%2CNP_001295037.1%2CNP_001295038.1%2CNP_001295039.1%2CNP_001295041.1%2CNP_001295043.1%2CNP_001295044.1%2CNP_001295045.1%2CNP_001295046.1%2CNP_001295048.1%2CNP_001295049.1%2CNP_001295050.1%2CNP_001295051.1%2CNP_001295052.1%2CNP_001295055.1%2CNP_001295056.1%2CNP_001295057.1%2CNP_001295058.1%2CNP_001295059.1%2CNP_001295062.1%2CNP_001295063.1%2CNP_001295064.1%2CNP_001295065.1%2CNP_001295066.1%2CNP_001295067.1%2CNP_001295068.1%2CNP_001295069.1%2CNP_001295070.1%2CNP_001295071.1%2CNP_001295072.1%2CNP_001295076.1%2CNP_001295079.1%2CNP_001295080.1%2CNP_001295081.1%2CNP_001295082.2%2CNP_001295083.1%2CNP_001295084.1%2CNP_001295085.1%2CNP_001295086.1%2CNP_001295087.1%2CNP_001295088.1%2CNP_001295089.1%2CNP_001295090.1%2CNP_001295091.1%2CNP_001295092.1%2CNP_001295093.1%2CNP_001295094.1%2CNP_001295095.1%2CNP_001295098.1%2CNP_001295099.1%2CNP_001295100.1%2CNP_001295101.1%2CNP_001295102.1%2CNP_001295103.1%2CNP_001295104.1%2CNP_001295105.1%2CNP_001295106.1%2CNP_001295107.1%2CNP_001295114.1%2CNP_001295116.1%2CNP_001295117.1%2CNP_001295118.1%2CNP_001295119.1%2CNP_001295120.1%2CNP_001295121.1%2CNP_001295122.1%2CNP_001295124.1%2CNP_001295125.1%2CNP_001295126.1%2CNP_001295129.1%2CNP_001295130.1%2CNP_001295132.1%2CNP_001295133.1%2CNP_001295134.1%2CNP_001295136.1%2CNP_001295137.1%2CNP_001295138.2%2CNP_001295139.1%2CNP_001295140.1%2CNP_001295142.1%2CNP_001295143.1%2CNP_001295144.1%2CNP_001295145.1%2CNP_001295146.1%2CNP_001295147.1%2CNP_001295148.1%2CNP_001295149.2%2CNP_001295150.1%2CNP_001295151.1%2CNP_001295152.1%2CNP_001295154.1%2CNP_001295155.1%2CNP_001295158.1%2CNP_001295159.1%2CNP_001295160.1%2CNP_001295161.1%2CNP_001295163.1%2CNP_001295164.1%2CNP_001295165.1%2CNP_001295166.1%2CNP_001295167.1%2CNP_001295169.1%2CNP_001295171.1%2CNP_001295172.1%2CNP_001295173.1%2CNP_001295174.1%2CNP_001295177.1%2CNP_001295180.1%2CNP_001295182.1%2CNP_001295185.1%2CNP_001295186.1%2CNP_001295187.1%2CNP_001295188.1%2CNP_001295191.1%2CNP_001295192.1%2CNP_001295193.1%2CNP_001295196.1%2CNP_001295197.1%2CNP_001295198.1%2CNP_001295.2%2CNP_001295202.1%2CNP_001295203.1%2CNP_001295204.1%2CNP_001295205.1%2CNP_001295206.1%2CNP_001295207.1%2CNP_001295208.1%2CNP_001295210.1%2CNP_001295216.1%2CNP_001295221.1%2CNP_001295222.1%2CNP_001295223.1%2CNP_001295224.1%2CNP_001295226.2%2CNP_001295230.1%2CNP_001295233.1%2CNP_001295234.1%2CNP_001295241.1%2CNP_001295242.1%2CNP_001295244.1%2CNP_001295245.1%2CNP_001295246.1%2CNP_001295248.1%2CNP_001295249.1%2CNP_001295250.1%2CNP_001295254.1%2CNP_001295255.1%2CNP_001295259.1%2CNP_001295262.1%2CNP_001295263.1%2CNP_001295268.1%2CNP_001295269.2%2CNP_001295270.1%2CNP_001295271.1%2CNP_001295275.1%2CNP_001295276.1%2CNP_001295277.1%2CNP_001295279.1%2CNP_001295280.1%2CNP_001295282.1%2CNP_001295284.1%2CNP_001295286.1%2CNP_001295287.1%2CNP_001295289.1%2CNP_001295291.1%2CNP_001295292.1%2CNP_001295295.1%2CNP_001295299.1%2CNP_001295302.1%2CNP_001295304.3%2CNP_001295308.1%2CNP_001295309.2%2CNP_001295310.1%2CNP_001295311.1%2CNP_001295312.2%2CNP_001295313.1%2CNP_001295317.1%2CNP_001295319.1%2CNP_001295321.1%2CNP_001295322.1%2CNP_001295323.1%2CNP_001295324.1%2CNP_001295325.1%2CNP_001295327.1%2CNP_001295330.1%2CNP_001295331.1%2CNP_001295347.1%2CNP_001295348.1%2CNP_001295349.1%2CNP_001295350.1%2CNP_001295351.1%2CNP_001295352.1%2CNP_001295353.1%2CNP_001295355.1%2CNP_001295356.1%2CNP_001295357.1%2CNP_001295358.1%2CNP_001295359.1%2CNP_001295360.1%2CNP_001295362.1%2CNP_001295363.1%2CNP_001295364.1%2CNP_001295366.1%2CNP_001295369.1%2CNP_001295374.1%2CNP_001295394.1%2CNP_001295396.1%2CNP_001295397.1%2CNP_001295398.1%2CNP_001295399.1%2CNP_001295400.1%2CNP_001295405.1%2CNP_001295420.1%2CNP_001295561.1%2CNP_001295753.1%2CNP_001295883.1%2CNP_001296.1%2CNP_001296121.1%2CNP_001296122.1%2CNP_001296171.1%2CNP_001296355.1%2CNP_001296356.1%2CNP_001296360.1%2CNP_001296363.1%2CNP_001296372.1%2CNP_001296373.1%2CNP_001296377.1%2CNP_001296379.1%2CNP_001296380.1%2CNP_001296381.1%2CNP_001296403.1%2CNP_001296445.1%2CNP_001296769.1%2CNP_001296771.1%2CNP_001296790.1%2CNP_001296812.1%2CNP_001297050.1%2CNP_001297052.1%2CNP_001297053.1%2CNP_001297056.1%2CNP_001297063.1%2CNP_001297064.2%2CNP_001297065.1%2CNP_001297066.2%2CNP_001297077.1%2CNP_001297083.1%2CNP_001297085.2%2CNP_001297087.1%2CNP_001297088.1%2CNP_001297089.1%2CNP_001297090.1%2CNP_001297.1%2CNP_001297142.1%2CNP_001297143.1%2CNP_001297148.1%2CNP_001297149.1%2CNP_001297244.1%2CNP_001297248.1%2CNP_001297249.1%2CNP_001297250.1%2CNP_001297255.1%2CNP_001297256.1%2CNP_001297261.1%2CNP_001297267.1%2CNP_001297268.1%2CNP_001297391.1%2CNP_001298089.1%2CNP_001298091.1%2CNP_001298097.1%2CNP_001298104.1%2CNP_001298107.1%2CNP_001298108.1%2CNP_001298111.2%2CNP_001298122.2%2CNP_001298124.1%2CNP_001298125.1%2CNP_001298126.1%2CNP_001298127.1%2CNP_001298128.1%2CNP_001298129.1%2CNP_001298130.1%2CNP_001298131.1%2CNP_001298132.1%2CNP_001298133.1%2CNP_001298134.1%2CNP_001298135.1%2CNP_001298184.1%2CNP_001298185.1%2CNP_001298240.1%2CNP_001298241.1%2CNP_001298242.1%2CNP_001298274.1%2CNP_001298.3%2CNP_001299.1%2CNP_001299575.1%2CNP_001299576.1%2CNP_001299577.1%2CNP_001299582.1%2CNP_001299583.1%2CNP_001299585.1%2CNP_001299589.1%2CNP_001299601.1%2CNP_001299602.1%2CNP_001299603.1%2CNP_001299604.1%2CNP_001299615.1%2CNP_001299617.1%2CNP_001299618.1%2CNP_001299620.1&tool=edirect&edirect=24.0&edirect_os=Linux&email=liha%40pichu.rna.snu.ac.kr
HTTP/1.0 502 Bad Gateway
 WARNING:  FAILURE ( Sat Aug  8 01:41:51 PM KST 2026 )
nquire -url https://eutils.ncbi.nlm.nih.gov/entrez/eutils/ epost.fcgi -db protein -id NP_001292492.1,NP_001292493.1,NP_001292510.1,NP_001292553.1,NP_001292554.1,NP_001292555.1,NP_001292558.1,NP_001292559.1,NP_001292583.1,NP_001292584.1,NP_001292721.1,NP_001292769.1,NP_001292770.1,NP_001292771.1,NP_001292807.1,NP_001292871.2,NP_001292997.1,NP_001292999.1,NP_001293001.1,NP_001293003.1,NP_001293004.1,NP_001293005.1,NP_001293006.1,NP_001293008.1,NP_001293009.1,NP_001293011.1,NP_001293012.1,NP_001293013.1,NP_001293014.1,NP_001293015.1,NP_001293016.1,NP_001293018.1,NP_001293019.1,NP_001293020.1,NP_001293021.1,NP_001293022.1,NP_001293023.1,NP_001293058.2,NP_001293059.2,NP_001293060.2,NP_001293061.2,NP_001293062.1,NP_001293063.1,NP_001293064.1,NP_001293066.1,NP_001293069.1,NP_001293070.1,NP_001293071.1,NP_001293073.1,NP_001293074.1,NP_001293075.1,NP_001293076.1,NP_001293080.1,NP_001293082.1,NP_001293083.1,NP_001293084.1,NP_001293085.1,NP_001293087.1,NP_001293088.1,NP_001293089.1,NP_001293090.1,NP_001293097.1,NP_001293100.1,NP_001293101.1,NP_001293102.1,NP_001293106.1,NP_001293108.2,NP_001293117.1,NP_001293119.1,NP_001293120.1,NP_001293122.1,NP_001293124.1,NP_001293125.1,NP_001293126.1,NP_001293127.1,NP_001293128.1,NP_001293129.1,NP_001293130.1,NP_001293135.1,NP_001293136.1,NP_001293137.1,NP_001293138.1,NP_001293139.1,NP_001293141.1,NP_001293142.1,NP_001293143.1,NP_001293144.1,NP_001293148.1,NP_001293149.1,NP_001293.3,NP_001294.2,NP_001294851.1,NP_001294852.1,NP_001294853.1,NP_001294854.1,NP_001294857.1,NP_001294858.1,NP_001294859.1,NP_001294860.1,NP_001294861.1,NP_001294865.1,NP_001294866.1,NP_001294868.1,NP_001294869.1,NP_001294870.1,NP_001294872.1,NP_001294873.1,NP_001294874.1,NP_001294880.1,NP_001294881.1,NP_001294884.1,NP_001294889.1,NP_001294904.1,NP_001294905.1,NP_001294906.1,NP_001294907.1,NP_001294908.1,NP_001294909.1,NP_001294910.1,NP_001294912.1,NP_001294914.1,NP_001294915.1,NP_001294916.1,NP_001294919.1,NP_001294923.1,NP_001294931.1,NP_001294935.1,NP_001294936.1,NP_001294942.1,NP_001294943.1,NP_001294947.1,NP_001294948.1,NP_001294949.1,NP_001294950.1,NP_001294951.1,NP_001294952.1,NP_001294954.1,NP_001294955.1,NP_001294956.1,NP_001294957.1,NP_001294960.1,NP_001294965.1,NP_001294967.1,NP_001294971.1,NP_001294972.1,NP_001294973.1,NP_001294974.1,NP_001294975.1,NP_001294976.1,NP_001294977.1,NP_001294978.1,NP_001294979.1,NP_001294980.1,NP_001294982.1,NP_001294983.1,NP_001294985.1,NP_001294986.1,NP_001294987.1,NP_001294988.1,NP_001294989.1,NP_001294990.1,NP_001294993.1,NP_001294996.1,NP_001294997.1,NP_001294998.1,NP_001294999.1,NP_001295004.1,NP_001295005.1,NP_001295006.1,NP_001295007.1,NP_001295008.1,NP_001295009.1,NP_001295010.1,NP_001295012.1,NP_001295013.1,NP_001295014.1,NP_001295015.1,NP_001295016.1,NP_001295017.1,NP_001295018.1,NP_001295019.1,NP_001295022.1,NP_001295023.1,NP_001295025.1,NP_001295026.1,NP_001295029.1,NP_001295030.1,NP_001295031.1,NP_001295032.1,NP_001295034.1,NP_001295035.1,NP_001295036.1,NP_001295037.1,NP_001295038.1,NP_001295039.1,NP_001295041.1,NP_001295043.1,NP_001295044.1,NP_001295045.1,NP_001295046.1,NP_001295048.1,NP_001295049.1,NP_001295050.1,NP_001295051.1,NP_001295052.1,NP_001295055.1,NP_001295056.1,NP_001295057.1,NP_001295058.1,NP_001295059.1,NP_001295062.1,NP_001295063.1,NP_001295064.1,NP_001295065.1,NP_001295066.1,NP_001295067.1,NP_001295068.1,NP_001295069.1,NP_001295070.1,NP_001295071.1,NP_001295072.1,NP_001295076.1,NP_001295079.1,NP_001295080.1,NP_001295081.1,NP_001295082.2,NP_001295083.1,NP_001295084.1,NP_001295085.1,NP_001295086.1,NP_001295087.1,NP_001295088.1,NP_001295089.1,NP_001295090.1,NP_001295091.1,NP_001295092.1,NP_001295093.1,NP_001295094.1,NP_001295095.1,NP_001295098.1,NP_001295099.1,NP_001295100.1,NP_001295101.1,NP_001295102.1,NP_001295103.1,NP_001295104.1,NP_001295105.1,NP_001295106.1,NP_001295107.1,NP_001295114.1,NP_001295116.1,NP_001295117.1,NP_001295118.1,NP_001295119.1,NP_001295120.1,NP_001295121.1,NP_001295122.1,NP_001295124.1,NP_001295125.1,NP_001295126.1,NP_001295129.1,NP_001295130.1,NP_001295132.1,NP_001295133.1,NP_001295134.1,NP_001295136.1,NP_001295137.1,NP_001295138.2,NP_001295139.1,NP_001295140.1,NP_001295142.1,NP_001295143.1,NP_001295144.1,NP_001295145.1,NP_001295146.1,NP_001295147.1,NP_001295148.1,NP_001295149.2,NP_001295150.1,NP_001295151.1,NP_001295152.1,NP_001295154.1,NP_001295155.1,NP_001295158.1,NP_001295159.1,NP_001295160.1,NP_001295161.1,NP_001295163.1,NP_001295164.1,NP_001295165.1,NP_001295166.1,NP_001295167.1,NP_001295169.1,NP_001295171.1,NP_001295172.1,NP_001295173.1,NP_001295174.1,NP_001295177.1,NP_001295180.1,NP_001295182.1,NP_001295185.1,NP_001295186.1,NP_001295187.1,NP_001295188.1,NP_001295191.1,NP_001295192.1,NP_001295193.1,NP_001295196.1,NP_001295197.1,NP_001295198.1,NP_001295.2,NP_001295202.1,NP_001295203.1,NP_001295204.1,NP_001295205.1,NP_001295206.1,NP_001295207.1,NP_001295208.1,NP_001295210.1,NP_001295216.1,NP_001295221.1,NP_001295222.1,NP_001295223.1,NP_001295224.1,NP_001295226.2,NP_001295230.1,NP_001295233.1,NP_001295234.1,NP_001295241.1,NP_001295242.1,NP_001295244.1,NP_001295245.1,NP_001295246.1,NP_001295248.1,NP_001295249.1,NP_001295250.1,NP_001295254.1,NP_001295255.1,NP_001295259.1,NP_001295262.1,NP_001295263.1,NP_001295268.1,NP_001295269.2,NP_001295270.1,NP_001295271.1,NP_001295275.1,NP_001295276.1,NP_001295277.1,NP_001295279.1,NP_001295280.1,NP_001295282.1,NP_001295284.1,NP_001295286.1,NP_001295287.1,NP_001295289.1,NP_001295291.1,NP_001295292.1,NP_001295295.1,NP_001295299.1,NP_001295302.1,NP_001295304.3,NP_001295308.1,NP_001295309.2,NP_001295310.1,NP_001295311.1,NP_001295312.2,NP_001295313.1,NP_001295317.1,NP_001295319.1,NP_001295321.1,NP_001295322.1,NP_001295323.1,NP_001295324.1,NP_001295325.1,NP_001295327.1,NP_001295330.1,NP_001295331.1,NP_001295347.1,NP_001295348.1,NP_001295349.1,NP_001295350.1,NP_001295351.1,NP_001295352.1,NP_001295353.1,NP_001295355.1,NP_001295356.1,NP_001295357.1,NP_001295358.1,NP_001295359.1,NP_001295360.1,NP_001295362.1,NP_001295363.1,NP_001295364.1,NP_001295366.1,NP_001295369.1,NP_001295374.1,NP_001295394.1,NP_001295396.1,NP_001295397.1,NP_001295398.1,NP_001295399.1,NP_001295400.1,NP_001295405.1,NP_001295420.1,NP_001295561.1,NP_001295753.1,NP_001295883.1,NP_001296.1,NP_001296121.1,NP_001296122.1,NP_001296171.1,NP_001296355.1,NP_001296356.1,NP_001296360.1,NP_001296363.1,NP_001296372.1,NP_001296373.1,NP_001296377.1,NP_001296379.1,NP_001296380.1,NP_001296381.1,NP_001296403.1,NP_001296445.1,NP_001296769.1,NP_001296771.1,NP_001296790.1,NP_001296812.1,NP_001297050.1,NP_001297052.1,NP_001297053.1,NP_001297056.1,NP_001297063.1,NP_001297064.2,NP_001297065.1,NP_001297066.2,NP_001297077.1,NP_001297083.1,NP_001297085.2,NP_001297087.1,NP_001297088.1,NP_001297089.1,NP_001297090.1,NP_001297.1,NP_001297142.1,NP_001297143.1,NP_001297148.1,NP_001297149.1,NP_001297244.1,NP_001297248.1,NP_001297249.1,NP_001297250.1,NP_001297255.1,NP_001297256.1,NP_001297261.1,NP_001297267.1,NP_001297268.1,NP_001297391.1,NP_001298089.1,NP_001298091.1,NP_001298097.1,NP_001298104.1,NP_001298107.1,NP_001298108.1,NP_001298111.2,NP_001298122.2,NP_001298124.1,NP_001298125.1,NP_001298126.1,NP_001298127.1,NP_001298128.1,NP_001298129.1,NP_001298130.1,NP_001298131.1,NP_001298132.1,NP_001298133.1,NP_001298134.1,NP_001298135.1,NP_001298184.1,NP_001298185.1,NP_001298240.1,NP_001298241.1,NP_001298242.1,NP_001298274.1,NP_001298.3,NP_001299.1,NP_001299575.1,NP_001299576.1,NP_001299577.1,NP_001299582.1,NP_001299583.1,NP_001299585.1,NP_001299589.1,NP_001299601.1,NP_001299602.1,NP_001299603.1,NP_001299604.1,NP_001299615.1,NP_001299617.1,NP_001299618.1,NP_001299620.1 -tool edirect -edirect 24.0 -edirect_os Linux -email liha@pichu.rna.snu.ac.kr
EMPTY RESULT
SECOND ATTEMPT
curl: (22) The requested URL returned error: 502
 ERROR:  curl command failed ( Sat Aug  8 01:58:36 PM KST 2026 ) with: 22
-X POST https://eutils.ncbi.nlm.nih.gov/entrez/eutils/epost.fcgi -d db=protein&id=NP_001372302.1%2CNP_001372303.1%2CNP_001372304.1%2CNP_001372305.1%2CNP_001372306.1%2CNP_001372307.1%2CNP_001372308.1%2CNP_001372309.1%2CNP_001372310.1%2CNP_001372311.1%2CNP_001372312.1%2CNP_001372313.1%2CNP_001372314.1%2CNP_001372315.1%2CNP_001372316.1%2CNP_001372317.1%2CNP_001372318.1%2CNP_001372319.1%2CNP_001372320.1%2CNP_001372321.1%2CNP_001372322.1%2CNP_001372323.1%2CNP_001372324.1%2CNP_001372325.1%2CNP_001372326.1%2CNP_001372327.1%2CNP_001372328.1%2CNP_001372329.1%2CNP_001372330.1%2CNP_001372331.1%2CNP_001372332.1%2CNP_001372333.1%2CNP_001372334.1%2CNP_001372335.1%2CNP_001372336.1%2CNP_001372337.1%2CNP_001372338.1%2CNP_001372339.1%2CNP_001372340.1%2CNP_001372341.1%2CNP_001372342.1%2CNP_001372343.1%2CNP_001372344.1%2CNP_001372345.1%2CNP_001372346.1%2CNP_001372347.1%2CNP_001372348.1%2CNP_001372349.1%2CNP_001372350.1%2CNP_001372351.1%2CNP_001372352.1%2CNP_001372353.1%2CNP_001372354.1%2CNP_001372355.1%2CNP_001372356.1%2CNP_001372357.1%2CNP_001372358.1%2CNP_001372359.1%2CNP_001372360.1%2CNP_001372361.1%2CNP_001372362.1%2CNP_001372363.1%2CNP_001372364.1%2CNP_001372365.1%2CNP_001372366.1%2CNP_001372367.1%2CNP_001372368.1%2CNP_001372369.1%2CNP_001372370.1%2CNP_001372371.1%2CNP_001372372.1%2CNP_001372373.1%2CNP_001372374.1%2CNP_001372375.1%2CNP_001372376.1%2CNP_001372377.1%2CNP_001372378.1%2CNP_001372379.1%2CNP_001372380.1%2CNP_001372381.1%2CNP_001372382.1%2CNP_001372383.1%2CNP_001372384.1%2CNP_001372386.1%2CNP_001372387.1%2CNP_001372388.1%2CNP_001372389.1%2CNP_001372390.1%2CNP_001372391.1%2CNP_001372392.1%2CNP_001372393.1%2CNP_001372394.1%2CNP_001372395.1%2CNP_001372396.1%2CNP_001372397.2%2CNP_001372398.2%2CNP_001372399.2%2CNP_001372400.1%2CNP_001372401.1%2CNP_001372402.1%2CNP_001372403.1%2CNP_001372404.1%2CNP_001372405.1%2CNP_001372406.1%2CNP_001372407.1%2CNP_001372408.1%2CNP_001372409.1%2CNP_001372410.1%2CNP_001372411.1%2CNP_001372412.1%2CNP_001372413.1%2CNP_001372414.1%2CNP_001372415.1%2CNP_001372416.1%2CNP_001372417.1%2CNP_001372418.1%2CNP_001372419.1%2CNP_001372420.1%2CNP_001372421.1%2CNP_001372424.1%2CNP_001372425.1%2CNP_001372426.1%2CNP_001372427.1%2CNP_001372428.1%2CNP_001372429.1%2CNP_001372430.1%2CNP_001372431.1%2CNP_001372432.1%2CNP_001372433.1%2CNP_001372434.1%2CNP_001372435.1%2CNP_001372436.1%2CNP_001372437.1%2CNP_001372438.1%2CNP_001372439.1%2CNP_001372440.1%2CNP_001372441.1%2CNP_001372442.1%2CNP_001372443.1%2CNP_001372444.1%2CNP_001372445.1%2CNP_001372446.1%2CNP_001372447.1%2CNP_001372448.1%2CNP_001372449.1%2CNP_001372450.1%2CNP_001372451.1%2CNP_001372452.1%2CNP_001372453.1%2CNP_001372454.1%2CNP_001372455.1%2CNP_001372456.1%2CNP_001372457.1%2CNP_001372458.1%2CNP_001372460.1%2CNP_001372461.1%2CNP_001372462.1%2CNP_001372463.1%2CNP_001372464.1%2CNP_001372465.1%2CNP_001372466.1%2CNP_001372467.1%2CNP_001372468.1%2CNP_001372469.1%2CNP_001372470.1%2CNP_001372471.1%2CNP_001372472.1%2CNP_001372473.1%2CNP_001372474.1%2CNP_001372475.1%2CNP_001372476.1%2CNP_001372477.1%2CNP_001372478.1%2CNP_001372479.1%2CNP_001372480.1%2CNP_001372481.1%2CNP_001372482.1%2CNP_001372483.1%2CNP_001372485.1%2CNP_001372486.1%2CNP_001372487.1%2CNP_001372488.1%2CNP_001372491.1%2CNP_001372492.1%2CNP_001372493.1%2CNP_001372494.1%2CNP_001372495.1%2CNP_001372496.1%2CNP_001372497.1%2CNP_001372498.1%2CNP_001372499.1%2CNP_001372500.1%2CNP_001372501.1%2CNP_001372502.1%2CNP_001372503.1%2CNP_001372505.1%2CNP_001372506.1%2CNP_001372507.1%2CNP_001372508.1%2CNP_001372509.1%2CNP_001372510.1%2CNP_001372511.1%2CNP_001372513.1%2CNP_001372514.1%2CNP_001372516.1%2CNP_001372517.1%2CNP_001372518.1%2CNP_001372519.1%2CNP_001372520.1%2CNP_001372521.1%2CNP_001372522.1%2CNP_001372523.1%2CNP_001372524.1%2CNP_001372525.1%2CNP_001372526.1%2CNP_001372527.1%2CNP_001372528.1%2CNP_001372529.1%2CNP_001372530.1%2CNP_001372531.1%2CNP_001372532.1%2CNP_001372533.1%2CNP_001372534.1%2CNP_001372535.1%2CNP_001372536.1%2CNP_001372537.1%2CNP_001372538.1%2CNP_001372539.1%2CNP_001372540.1%2CNP_001372541.1%2CNP_001372542.1%2CNP_001372543.1%2CNP_001372544.1%2CNP_001372545.1%2CNP_001372546.1%2CNP_001372547.1%2CNP_001372548.1%2CNP_001372549.1%2CNP_001372550.1%2CNP_001372551.1%2CNP_001372552.1%2CNP_001372553.1%2CNP_001372567.1%2CNP_001372568.1%2CNP_001372569.1%2CNP_001372570.1%2CNP_001372571.1%2CNP_001372572.1%2CNP_001372573.1%2CNP_001372574.1%2CNP_001372575.1%2CNP_001372576.1%2CNP_001372577.1%2CNP_001372578.1%2CNP_001372579.1%2CNP_001372580.1%2CNP_001372581.1%2CNP_001372582.1%2CNP_001372583.1%2CNP_001372584.1%2CNP_001372585.1%2CNP_001372586.1%2CNP_001372587.1%2CNP_001372588.1%2CNP_001372589.1%2CNP_001372591.1%2CNP_001372592.1%2CNP_001372593.1%2CNP_001372594.1%2CNP_001372595.1%2CNP_001372596.1%2CNP_001372597.1%2CNP_001372598.1%2CNP_001372599.1%2CNP_001372600.1%2CNP_001372601.1%2CNP_001372602.1%2CNP_001372604.1%2CNP_001372605.1%2CNP_001372606.1%2CNP_001372607.1%2CNP_001372608.1%2CNP_001372609.1%2CNP_001372610.1%2CNP_001372611.1%2CNP_001372612.1%2CNP_001372613.1%2CNP_001372614.1%2CNP_001372615.1%2CNP_001372616.1%2CNP_001372617.1%2CNP_001372618.1%2CNP_001372619.1%2CNP_001372620.1%2CNP_001372621.1%2CNP_001372622.1%2CNP_001372623.1%2CNP_001372624.1%2CNP_001372625.1%2CNP_001372626.1%2CNP_001372627.1%2CNP_001372628.1%2CNP_001372629.1%2CNP_001372630.1%2CNP_001372631.1%2CNP_001372632.1%2CNP_001372633.1%2CNP_001372634.1%2CNP_001372635.1%2CNP_001372636.1%2CNP_001372638.1%2CNP_001372639.1%2CNP_001372641.1%2CNP_001372642.1%2CNP_001372643.1%2CNP_001372644.1%2CNP_001372645.1%2CNP_001372646.1%2CNP_001372648.1%2CNP_001372649.1%2CNP_001372650.1%2CNP_001372651.1%2CNP_001372652.1%2CNP_001372653.1%2CNP_001372654.1%2CNP_001372655.1%2CNP_001372656.1%2CNP_001372657.1%2CNP_001372658.1%2CNP_001372659.1%2CNP_001372660.1%2CNP_001372661.1%2CNP_001372662.1%2CNP_001372663.1%2CNP_001372664.1%2CNP_001372665.1%2CNP_001372666.1%2CNP_001372667.1%2CNP_001372668.1%2CNP_001372669.1%2CNP_001372670.1%2CNP_001372671.1%2CNP_001372672.1%2CNP_001372673.1%2CNP_001372674.1%2CNP_001372675.1%2CNP_001372676.1%2CNP_001372677.1%2CNP_001372678.1%2CNP_001372679.1%2CNP_001372680.1%2CNP_001372681.1%2CNP_001372682.1%2CNP_001372683.1%2CNP_001372684.1%2CNP_001372685.1%2CNP_001372686.1%2CNP_001372687.1%2CNP_001372688.1%2CNP_001372689.1%2CNP_001372690.1%2CNP_001372691.1%2CNP_001372692.1%2CNP_001372693.1%2CNP_001372694.1%2CNP_001372695.1%2CNP_001372696.1%2CNP_001372697.1%2CNP_001372698.1%2CNP_001372699.1%2CNP_001372700.1%2CNP_001372701.1%2CNP_001372702.1%2CNP_001372703.1%2CNP_001372704.1%2CNP_001372705.1%2CNP_001372706.1%2CNP_001372707.1%2CNP_001372708.1%2CNP_001372709.1%2CNP_001372710.1%2CNP_001372711.1%2CNP_001372712.1%2CNP_001372713.1%2CNP_001372714.1%2CNP_001372715.1%2CNP_001372716.1%2CNP_001372717.1%2CNP_001372718.1%2CNP_001372719.1%2CNP_001372720.1%2CNP_001372721.1%2CNP_001372722.1%2CNP_001372723.1%2CNP_001372724.1%2CNP_001372725.1%2CNP_001372726.1%2CNP_001372727.1%2CNP_001372728.1%2CNP_001372729.1%2CNP_001372730.1%2CNP_001372732.1%2CNP_001372733.1%2CNP_001372734.1%2CNP_001372735.1%2CNP_001372736.1%2CNP_001372737.1%2CNP_001372738.1%2CNP_001372739.1%2CNP_001372740.1%2CNP_001372741.1%2CNP_001372742.1%2CNP_001372743.1%2CNP_001372744.1%2CNP_001372745.1%2CNP_001372746.1%2CNP_001372747.1%2CNP_001372748.1%2CNP_001372749.1%2CNP_001372750.1%2CNP_001372751.1%2CNP_001372752.1%2CNP_001372753.1%2CNP_001372754.1%2CNP_001372755.1%2CNP_001372756.1%2CNP_001372757.1%2CNP_001372758.1%2CNP_001372759.1%2CNP_001372760.1%2CNP_001372761.1%2CNP_001372762.1%2CNP_001372763.1%2CNP_001372764.1%2CNP_001372765.1%2CNP_001372766.1%2CNP_001372767.1%2CNP_001372768.1%2CNP_001372769.1%2CNP_001372770.1%2CNP_001372771.1%2CNP_001372772.1%2CNP_001372773.1%2CNP_001372774.1%2CNP_001372775.1%2CNP_001372776.1%2CNP_001372777.1%2CNP_001372778.1%2CNP_001372779.1%2CNP_001372780.1%2CNP_001372781.1%2CNP_001372782.1%2CNP_001372783.1%2CNP_001372784.1%2CNP_001372785.1%2CNP_001372786.1%2CNP_001372787.1%2CNP_001372788.1%2CNP_001372789.1%2CNP_001372790.1%2CNP_001372792.1%2CNP_001372793.1%2CNP_001372794.1%2CNP_001372795.1%2CNP_001372796.1%2CNP_001372797.1%2CNP_001372798.1%2CNP_001372799.1%2CNP_001372800.1%2CNP_001372801.1%2CNP_001372802.1%2CNP_001372803.1%2CNP_001372804.1%2CNP_001372805.1%2CNP_001372806.1%2CNP_001372807.1%2CNP_001372808.1%2CNP_001372809.1%2CNP_001372810.1%2CNP_001372811.1%2CNP_001372812.1%2CNP_001372813.1%2CNP_001372814.1%2CNP_001372815.1%2CNP_001372816.1%2CNP_001372817.1%2CNP_001372818.1%2CNP_001372819.1%2CNP_001372820.1%2CNP_001372821.1%2CNP_001372822.1%2CNP_001372823.1%2CNP_001372824.1%2CNP_001372825.1%2CNP_001372826.1%2CNP_001372827.1%2CNP_001372828.1%2CNP_001372829.1%2CNP_001372830.1%2CNP_001372831.1&tool=edirect&edirect=24.0&edirect_os=Linux&email=liha%40pichu.rna.snu.ac.kr
HTTP/1.0 502 Bad Gateway
 WARNING:  FAILURE ( Sat Aug  8 01:58:36 PM KST 2026 )
nquire -url https://eutils.ncbi.nlm.nih.gov/entrez/eutils/ epost.fcgi -db protein -id NP_001372302.1,NP_001372303.1,NP_001372304.1,NP_001372305.1,NP_001372306.1,NP_001372307.1,NP_001372308.1,NP_001372309.1,NP_001372310.1,NP_001372311.1,NP_001372312.1,NP_001372313.1,NP_001372314.1,NP_001372315.1,NP_001372316.1,NP_001372317.1,NP_001372318.1,NP_001372319.1,NP_001372320.1,NP_001372321.1,NP_001372322.1,NP_001372323.1,NP_001372324.1,NP_001372325.1,NP_001372326.1,NP_001372327.1,NP_001372328.1,NP_001372329.1,NP_001372330.1,NP_001372331.1,NP_001372332.1,NP_001372333.1,NP_001372334.1,NP_001372335.1,NP_001372336.1,NP_001372337.1,NP_001372338.1,NP_001372339.1,NP_001372340.1,NP_001372341.1,NP_001372342.1,NP_001372343.1,NP_001372344.1,NP_001372345.1,NP_001372346.1,NP_001372347.1,NP_001372348.1,NP_001372349.1,NP_001372350.1,NP_001372351.1,NP_001372352.1,NP_001372353.1,NP_001372354.1,NP_001372355.1,NP_001372356.1,NP_001372357.1,NP_001372358.1,NP_001372359.1,NP_001372360.1,NP_001372361.1,NP_001372362.1,NP_001372363.1,NP_001372364.1,NP_001372365.1,NP_001372366.1,NP_001372367.1,NP_001372368.1,NP_001372369.1,NP_001372370.1,NP_001372371.1,NP_001372372.1,NP_001372373.1,NP_001372374.1,NP_001372375.1,NP_001372376.1,NP_001372377.1,NP_001372378.1,NP_001372379.1,NP_001372380.1,NP_001372381.1,NP_001372382.1,NP_001372383.1,NP_001372384.1,NP_001372386.1,NP_001372387.1,NP_001372388.1,NP_001372389.1,NP_001372390.1,NP_001372391.1,NP_001372392.1,NP_001372393.1,NP_001372394.1,NP_001372395.1,NP_001372396.1,NP_001372397.2,NP_001372398.2,NP_001372399.2,NP_001372400.1,NP_001372401.1,NP_001372402.1,NP_001372403.1,NP_001372404.1,NP_001372405.1,NP_001372406.1,NP_001372407.1,NP_001372408.1,NP_001372409.1,NP_001372410.1,NP_001372411.1,NP_001372412.1,NP_001372413.1,NP_001372414.1,NP_001372415.1,NP_001372416.1,NP_001372417.1,NP_001372418.1,NP_001372419.1,NP_001372420.1,NP_001372421.1,NP_001372424.1,NP_001372425.1,NP_001372426.1,NP_001372427.1,NP_001372428.1,NP_001372429.1,NP_001372430.1,NP_001372431.1,NP_001372432.1,NP_001372433.1,NP_001372434.1,NP_001372435.1,NP_001372436.1,NP_001372437.1,NP_001372438.1,NP_001372439.1,NP_001372440.1,NP_001372441.1,NP_001372442.1,NP_001372443.1,NP_001372444.1,NP_001372445.1,NP_001372446.1,NP_001372447.1,NP_001372448.1,NP_001372449.1,NP_001372450.1,NP_001372451.1,NP_001372452.1,NP_001372453.1,NP_001372454.1,NP_001372455.1,NP_001372456.1,NP_001372457.1,NP_001372458.1,NP_001372460.1,NP_001372461.1,NP_001372462.1,NP_001372463.1,NP_001372464.1,NP_001372465.1,NP_001372466.1,NP_001372467.1,NP_001372468.1,NP_001372469.1,NP_001372470.1,NP_001372471.1,NP_001372472.1,NP_001372473.1,NP_001372474.1,NP_001372475.1,NP_001372476.1,NP_001372477.1,NP_001372478.1,NP_001372479.1,NP_001372480.1,NP_001372481.1,NP_001372482.1,NP_001372483.1,NP_001372485.1,NP_001372486.1,NP_001372487.1,NP_001372488.1,NP_001372491.1,NP_001372492.1,NP_001372493.1,NP_001372494.1,NP_001372495.1,NP_001372496.1,NP_001372497.1,NP_001372498.1,NP_001372499.1,NP_001372500.1,NP_001372501.1,NP_001372502.1,NP_001372503.1,NP_001372505.1,NP_001372506.1,NP_001372507.1,NP_001372508.1,NP_001372509.1,NP_001372510.1,NP_001372511.1,NP_001372513.1,NP_001372514.1,NP_001372516.1,NP_001372517.1,NP_001372518.1,NP_001372519.1,NP_001372520.1,NP_001372521.1,NP_001372522.1,NP_001372523.1,NP_001372524.1,NP_001372525.1,NP_001372526.1,NP_001372527.1,NP_001372528.1,NP_001372529.1,NP_001372530.1,NP_001372531.1,NP_001372532.1,NP_001372533.1,NP_001372534.1,NP_001372535.1,NP_001372536.1,NP_001372537.1,NP_001372538.1,NP_001372539.1,NP_001372540.1,NP_001372541.1,NP_001372542.1,NP_001372543.1,NP_001372544.1,NP_001372545.1,NP_001372546.1,NP_001372547.1,NP_001372548.1,NP_001372549.1,NP_001372550.1,NP_001372551.1,NP_001372552.1,NP_001372553.1,NP_001372567.1,NP_001372568.1,NP_001372569.1,NP_001372570.1,NP_001372571.1,NP_001372572.1,NP_001372573.1,NP_001372574.1,NP_001372575.1,NP_001372576.1,NP_001372577.1,NP_001372578.1,NP_001372579.1,NP_001372580.1,NP_001372581.1,NP_001372582.1,NP_001372583.1,NP_001372584.1,NP_001372585.1,NP_001372586.1,NP_001372587.1,NP_001372588.1,NP_001372589.1,NP_001372591.1,NP_001372592.1,NP_001372593.1,NP_001372594.1,NP_001372595.1,NP_001372596.1,NP_001372597.1,NP_001372598.1,NP_001372599.1,NP_001372600.1,NP_001372601.1,NP_001372602.1,NP_001372604.1,NP_001372605.1,NP_001372606.1,NP_001372607.1,NP_001372608.1,NP_001372609.1,NP_001372610.1,NP_001372611.1,NP_001372612.1,NP_001372613.1,NP_001372614.1,NP_001372615.1,NP_001372616.1,NP_001372617.1,NP_001372618.1,NP_001372619.1,NP_001372620.1,NP_001372621.1,NP_001372622.1,NP_001372623.1,NP_001372624.1,NP_001372625.1,NP_001372626.1,NP_001372627.1,NP_001372628.1,NP_001372629.1,NP_001372630.1,NP_001372631.1,NP_001372632.1,NP_001372633.1,NP_001372634.1,NP_001372635.1,NP_001372636.1,NP_001372638.1,NP_001372639.1,NP_001372641.1,NP_001372642.1,NP_001372643.1,NP_001372644.1,NP_001372645.1,NP_001372646.1,NP_001372648.1,NP_001372649.1,NP_001372650.1,NP_001372651.1,NP_001372652.1,NP_001372653.1,NP_001372654.1,NP_001372655.1,NP_001372656.1,NP_001372657.1,NP_001372658.1,NP_001372659.1,NP_001372660.1,NP_001372661.1,NP_001372662.1,NP_001372663.1,NP_001372664.1,NP_001372665.1,NP_001372666.1,NP_001372667.1,NP_001372668.1,NP_001372669.1,NP_001372670.1,NP_001372671.1,NP_001372672.1,NP_001372673.1,NP_001372674.1,NP_001372675.1,NP_001372676.1,NP_001372677.1,NP_001372678.1,NP_001372679.1,NP_001372680.1,NP_001372681.1,NP_001372682.1,NP_001372683.1,NP_001372684.1,NP_001372685.1,NP_001372686.1,NP_001372687.1,NP_001372688.1,NP_001372689.1,NP_001372690.1,NP_001372691.1,NP_001372692.1,NP_001372693.1,NP_001372694.1,NP_001372695.1,NP_001372696.1,NP_001372697.1,NP_001372698.1,NP_001372699.1,NP_001372700.1,NP_001372701.1,NP_001372702.1,NP_001372703.1,NP_001372704.1,NP_001372705.1,NP_001372706.1,NP_001372707.1,NP_001372708.1,NP_001372709.1,NP_001372710.1,NP_001372711.1,NP_001372712.1,NP_001372713.1,NP_001372714.1,NP_001372715.1,NP_001372716.1,NP_001372717.1,NP_001372718.1,NP_001372719.1,NP_001372720.1,NP_001372721.1,NP_001372722.1,NP_001372723.1,NP_001372724.1,NP_001372725.1,NP_001372726.1,NP_001372727.1,NP_001372728.1,NP_001372729.1,NP_001372730.1,NP_001372732.1,NP_001372733.1,NP_001372734.1,NP_001372735.1,NP_001372736.1,NP_001372737.1,NP_001372738.1,NP_001372739.1,NP_001372740.1,NP_001372741.1,NP_001372742.1,NP_001372743.1,NP_001372744.1,NP_001372745.1,NP_001372746.1,NP_001372747.1,NP_001372748.1,NP_001372749.1,NP_001372750.1,NP_001372751.1,NP_001372752.1,NP_001372753.1,NP_001372754.1,NP_001372755.1,NP_001372756.1,NP_001372757.1,NP_001372758.1,NP_001372759.1,NP_001372760.1,NP_001372761.1,NP_001372762.1,NP_001372763.1,NP_001372764.1,NP_001372765.1,NP_001372766.1,NP_001372767.1,NP_001372768.1,NP_001372769.1,NP_001372770.1,NP_001372771.1,NP_001372772.1,NP_001372773.1,NP_001372774.1,NP_001372775.1,NP_001372776.1,NP_001372777.1,NP_001372778.1,NP_001372779.1,NP_001372780.1,NP_001372781.1,NP_001372782.1,NP_001372783.1,NP_001372784.1,NP_001372785.1,NP_001372786.1,NP_001372787.1,NP_001372788.1,NP_001372789.1,NP_001372790.1,NP_001372792.1,NP_001372793.1,NP_001372794.1,NP_001372795.1,NP_001372796.1,NP_001372797.1,NP_001372798.1,NP_001372799.1,NP_001372800.1,NP_001372801.1,NP_001372802.1,NP_001372803.1,NP_001372804.1,NP_001372805.1,NP_001372806.1,NP_001372807.1,NP_001372808.1,NP_001372809.1,NP_001372810.1,NP_001372811.1,NP_001372812.1,NP_001372813.1,NP_001372814.1,NP_001372815.1,NP_001372816.1,NP_001372817.1,NP_001372818.1,NP_001372819.1,NP_001372820.1,NP_001372821.1,NP_001372822.1,NP_001372823.1,NP_001372824.1,NP_001372825.1,NP_001372826.1,NP_001372827.1,NP_001372828.1,NP_001372829.1,NP_001372830.1,NP_001372831.1 -tool edirect -edirect 24.0 -edirect_os Linux -email liha@pichu.rna.snu.ac.kr
EMPTY RESULT
SECOND ATTEMPT
curl: (22) The requested URL returned error: 429
 ERROR:  curl command failed ( Sat Aug  8 02:07:16 PM KST 2026 ) with: 22
-X POST https://eutils.ncbi.nlm.nih.gov/entrez/eutils/epost.fcgi -d db=protein&id=NP_001425815.1%2CNP_001425816.1%2CNP_001425817.1%2CNP_001425818.1%2CNP_001425819.1%2CNP_001425820.1%2CNP_001425821.1%2CNP_001425822.1%2CNP_001425823.1%2CNP_001425824.1%2CNP_001425825.1%2CNP_001425829.1%2CNP_001425830.1%2CNP_001425831.1%2CNP_001425832.1%2CNP_001425833.1%2CNP_001425834.1%2CNP_001425835.1%2CNP_001425836.1%2CNP_001425837.1%2CNP_001425838.1%2CNP_001425839.1%2CNP_001425840.1%2CNP_001425841.1%2CNP_001425842.1%2CNP_001425843.1%2CNP_001425844.1%2CNP_001425845.1%2CNP_001425846.1%2CNP_001425847.1%2CNP_001425848.1%2CNP_001425849.1%2CNP_001425850.1%2CNP_001425851.1%2CNP_001425852.1%2CNP_001425853.1%2CNP_001425854.1%2CNP_001425855.1%2CNP_001425856.1%2CNP_001425857.1%2CNP_001425858.1%2CNP_001425859.1%2CNP_001425860.1%2CNP_001425861.1%2CNP_001425862.1%2CNP_001425863.1%2CNP_001425864.1%2CNP_001425865.1%2CNP_001425866.1%2CNP_001425867.1%2CNP_001425868.1%2CNP_001425869.1%2CNP_001425870.1%2CNP_001425871.1%2CNP_001425872.1%2CNP_001425873.1%2CNP_001425874.1%2CNP_001425875.1%2CNP_001425877.1%2CNP_001425878.1%2CNP_001425882.1%2CNP_001425884.1%2CNP_001425885.1%2CNP_001425886.1%2CNP_001425887.1%2CNP_001425888.1%2CNP_001425889.1%2CNP_001425890.1%2CNP_001425891.1%2CNP_001425892.1%2CNP_001425893.1%2CNP_001425894.1%2CNP_001425895.1%2CNP_001425896.1%2CNP_001425897.1%2CNP_001425898.1%2CNP_001425899.1%2CNP_001425901.1%2CNP_001425902.1%2CNP_001425903.1%2CNP_001425904.1%2CNP_001425905.1%2CNP_001425906.1%2CNP_001425907.1%2CNP_001425908.1%2CNP_001425909.1%2CNP_001425910.1%2CNP_001425911.1%2CNP_001425912.1%2CNP_001425913.1%2CNP_001425914.1%2CNP_001425915.1%2CNP_001425916.1%2CNP_001425917.1%2CNP_001425918.1%2CNP_001425919.1%2CNP_001425920.1%2CNP_001425921.1%2CNP_001425922.1%2CNP_001425923.1%2CNP_001425924.1%2CNP_001425925.1%2CNP_001425926.1%2CNP_001425927.1%2CNP_001425928.1%2CNP_001425929.1%2CNP_001425930.1%2CNP_001425931.1%2CNP_001425932.1%2CNP_001425933.1%2CNP_001425934.1%2CNP_001425935.1%2CNP_001425936.1%2CNP_001425937.1%2CNP_001425938.1%2CNP_001425939.1%2CNP_001425940.1%2CNP_001425941.1%2CNP_001425942.1%2CNP_001425943.1%2CNP_001425944.1%2CNP_001425945.1%2CNP_001425946.1%2CNP_001425947.1%2CNP_001425948.1%2CNP_001425949.1%2CNP_001425950.1%2CNP_001425951.1%2CNP_001425952.1%2CNP_001425953.1%2CNP_001425954.1%2CNP_001425955.1%2CNP_001425956.1%2CNP_001425957.1%2CNP_001425958.1%2CNP_001425959.1%2CNP_001425960.1%2CNP_001425961.1%2CNP_001425962.1%2CNP_001425963.1%2CNP_001425964.1%2CNP_001425965.1%2CNP_001425966.1%2CNP_001425967.1%2CNP_001425968.1%2CNP_001425969.1%2CNP_001425970.1%2CNP_001425971.1%2CNP_001425972.1%2CNP_001425973.1%2CNP_001425974.1%2CNP_001425975.1%2CNP_001425976.1%2CNP_001425977.1%2CNP_001425978.1%2CNP_001425979.1%2CNP_001425980.1%2CNP_001425981.1%2CNP_001425982.1%2CNP_001425983.1%2CNP_001425984.1%2CNP_001425985.1%2CNP_001425986.1%2CNP_001425987.1%2CNP_001425988.1%2CNP_001425989.1%2CNP_001425990.1%2CNP_001425991.1%2CNP_001425993.1%2CNP_001425994.1%2CNP_001425995.1%2CNP_001425996.1%2CNP_001425997.1%2CNP_001425998.1%2CNP_001425999.1%2CNP_001426000.1%2CNP_001426001.1%2CNP_001426002.1%2CNP_001426003.1%2CNP_001426004.1%2CNP_001426005.1%2CNP_001426006.1%2CNP_001426007.1%2CNP_001426008.1%2CNP_001426009.1%2CNP_001426010.1%2CNP_001426011.1%2CNP_001426012.1%2CNP_001426013.1%2CNP_001426014.1%2CNP_001426015.1%2CNP_001426016.1%2CNP_001426017.1%2CNP_001426018.1%2CNP_001426019.1%2CNP_001426020.1%2CNP_001426021.1%2CNP_001426022.1%2CNP_001426023.1%2CNP_001426024.1%2CNP_001426025.1%2CNP_001426026.1%2CNP_001426027.1%2CNP_001426028.1%2CNP_001426029.1%2CNP_001426030.1%2CNP_001426031.1%2CNP_001426032.1%2CNP_001426033.1%2CNP_001426034.1%2CNP_001426035.1%2CNP_001426036.1%2CNP_001426040.1%2CNP_001426041.1%2CNP_001426042.1%2CNP_001426043.1%2CNP_001426044.1%2CNP_001426045.1%2CNP_001426046.1%2CNP_001426047.1%2CNP_001426048.1%2CNP_001426049.1%2CNP_001426050.1%2CNP_001426051.1%2CNP_001426052.1%2CNP_001426053.1%2CNP_001426054.1%2CNP_001426055.1%2CNP_001426056.1%2CNP_001426057.1%2CNP_001426058.1%2CNP_001426059.1%2CNP_001426065.1%2CNP_001426066.1%2CNP_001426068.1%2CNP_001426069.1%2CNP_001426070.1%2CNP_001426071.1%2CNP_001426072.1%2CNP_001426073.1%2CNP_001426075.1%2CNP_001426076.1%2CNP_001426077.1%2CNP_001426078.1%2CNP_001426079.1%2CNP_001426081.1%2CNP_001426082.1%2CNP_001426083.1%2CNP_001426084.1%2CNP_001426085.1%2CNP_001426087.1%2CNP_001426088.1%2CNP_001426089.1%2CNP_001426090.1%2CNP_001426091.1%2CNP_001426093.1%2CNP_001426094.1%2CNP_001426096.1%2CNP_001426097.1%2CNP_001426098.1%2CNP_001426099.1%2CNP_001426100.1%2CNP_001426101.1%2CNP_001426102.1%2CNP_001426106.1%2CNP_001426107.1%2CNP_001426108.1%2CNP_001426112.1%2CNP_001426113.1%2CNP_001426114.1%2CNP_001426115.1%2CNP_001426116.1%2CNP_001426117.1%2CNP_001426118.1%2CNP_001426119.1%2CNP_001426120.1%2CNP_001426125.1%2CNP_001426131.1%2CNP_001426133.1%2CNP_001426134.1%2CNP_001426135.1%2CNP_001426139.1%2CNP_001426140.1%2CNP_001426141.1%2CNP_001426143.1%2CNP_001426145.1%2CNP_001426146.1%2CNP_001426147.1%2CNP_001426148.1%2CNP_001426149.1%2CNP_001426151.1%2CNP_001426152.1%2CNP_001426153.1%2CNP_001426154.1%2CNP_001426155.1%2CNP_001426156.1%2CNP_001426157.1%2CNP_001426158.1%2CNP_001426159.1%2CNP_001426160.1%2CNP_001426162.1%2CNP_001426163.1%2CNP_001426164.1%2CNP_001426165.1%2CNP_001426171.1%2CNP_001426172.1%2CNP_001426173.1%2CNP_001426174.1%2CNP_001426175.1%2CNP_001426176.1%2CNP_001426177.1%2CNP_001426178.1%2CNP_001426179.1%2CNP_001426180.1%2CNP_001426181.1%2CNP_001426182.1%2CNP_001426183.1%2CNP_001426184.1%2CNP_001426185.1%2CNP_001426186.1%2CNP_001426187.1%2CNP_001426188.1%2CNP_001426189.1%2CNP_001426190.1%2CNP_001426191.1%2CNP_001426192.1%2CNP_001426193.1%2CNP_001426194.1%2CNP_001426200.1%2CNP_001426201.1%2CNP_001426202.1%2CNP_001426204.1%2CNP_001426205.1%2CNP_001426206.1%2CNP_001426207.1%2CNP_001426208.1%2CNP_001426209.1%2CNP_001426210.1%2CNP_001426211.1%2CNP_001426212.1%2CNP_001426213.1%2CNP_001426214.1%2CNP_001426215.1%2CNP_001426217.1%2CNP_001426219.1%2CNP_001426220.1%2CNP_001426223.1%2CNP_001426224.1%2CNP_001426226.1%2CNP_001426227.1%2CNP_001426228.1%2CNP_001426229.1%2CNP_001426230.1%2CNP_001426231.1%2CNP_001426232.1%2CNP_001426233.1%2CNP_001426234.1%2CNP_001426235.1%2CNP_001426236.1%2CNP_001426237.1%2CNP_001426238.1%2CNP_001426239.1%2CNP_001426240.1%2CNP_001426241.1%2CNP_001426242.1%2CNP_001426243.1%2CNP_001426251.1%2CNP_001426252.1%2CNP_001426253.1%2CNP_001426254.1%2CNP_001426264.1%2CNP_001426270.1%2CNP_001426271.1%2CNP_001426272.1%2CNP_001426281.1%2CNP_001426282.1%2CNP_001426284.1%2CNP_001426286.1%2CNP_001426287.1%2CNP_001426288.1%2CNP_001426290.1%2CNP_001426291.1%2CNP_001426292.1%2CNP_001426293.1%2CNP_001426294.1%2CNP_001426295.1%2CNP_001426296.1%2CNP_001426297.1%2CNP_001426298.1%2CNP_001426299.1%2CNP_001426300.1%2CNP_001426301.1%2CNP_001426302.1%2CNP_001426303.1%2CNP_001426304.1%2CNP_001426305.1%2CNP_001426306.1%2CNP_001426307.1%2CNP_001426308.1%2CNP_001426309.1%2CNP_001426310.1%2CNP_001426311.1%2CNP_001426312.1%2CNP_001426314.1%2CNP_001426315.1%2CNP_001426622.1%2CNP_001427140.1%2CNP_001427.2%2CNP_001427225.1%2CNP_001427227.1%2CNP_001427228.1%2CNP_001427229.1%2CNP_001427230.1%2CNP_001427231.1%2CNP_001427232.1%2CNP_001427233.1%2CNP_001427234.1%2CNP_001427235.1%2CNP_001427236.1%2CNP_001427237.1%2CNP_001427238.1%2CNP_001427239.1%2CNP_001427240.1%2CNP_001427241.1%2CNP_001427242.1%2CNP_001427243.1%2CNP_001427244.1%2CNP_001427245.1%2CNP_001427246.1%2CNP_001427248.1%2CNP_001427249.1%2CNP_001427250.1%2CNP_001427251.1%2CNP_001427252.1%2CNP_001427253.1%2CNP_001427254.1%2CNP_001427255.1%2CNP_001427256.1%2CNP_001427257.1%2CNP_001427258.1%2CNP_001427259.1%2CNP_001427260.1%2CNP_001427261.1%2CNP_001427262.1%2CNP_001427263.1%2CNP_001427264.1%2CNP_001427265.1%2CNP_001427266.1%2CNP_001427267.1%2CNP_001427268.1%2CNP_001427269.1%2CNP_001427270.1%2CNP_001427271.1%2CNP_001427272.1%2CNP_001427273.1%2CNP_001427274.1%2CNP_001427275.1%2CNP_001427276.1%2CNP_001427277.1%2CNP_001427278.1%2CNP_001427279.1%2CNP_001427280.1%2CNP_001427281.1%2CNP_001427282.1%2CNP_001427283.1%2CNP_001427284.1%2CNP_001427285.1%2CNP_001427286.1%2CNP_001427287.1%2CNP_001427288.1%2CNP_001427289.1%2CNP_001427291.1%2CNP_001427292.1%2CNP_001427293.1%2CNP_001427294.1%2CNP_001427296.1%2CNP_001427297.1%2CNP_001427298.1%2CNP_001427299.1%2CNP_001427300.1%2CNP_001427301.1%2CNP_001427304.1%2CNP_001427305.1%2CNP_001427306.1%2CNP_001427307.1%2CNP_001427308.1%2CNP_001427309.1%2CNP_001427310.1%2CNP_001427311.1%2CNP_001427312.1%2CNP_001427313.1%2CNP_001427314.1%2CNP_001427315.1%2CNP_001427316.1%2CNP_001427317.1%2CNP_001427318.1%2CNP_001427319.1%2CNP_001427320.1%2CNP_001427321.1%2CNP_001427322.1&tool=edirect&edirect=24.0&edirect_os=Linux&email=liha%40pichu.rna.snu.ac.kr
HTTP/1.0 429 Too Many Requests
 WARNING:  FAILURE ( Sat Aug  8 02:07:16 PM KST 2026 )
nquire -url https://eutils.ncbi.nlm.nih.gov/entrez/eutils/ epost.fcgi -db protein -id NP_001425815.1,NP_001425816.1,NP_001425817.1,NP_001425818.1,NP_001425819.1,NP_001425820.1,NP_001425821.1,NP_001425822.1,NP_001425823.1,NP_001425824.1,NP_001425825.1,NP_001425829.1,NP_001425830.1,NP_001425831.1,NP_001425832.1,NP_001425833.1,NP_001425834.1,NP_001425835.1,NP_001425836.1,NP_001425837.1,NP_001425838.1,NP_001425839.1,NP_001425840.1,NP_001425841.1,NP_001425842.1,NP_001425843.1,NP_001425844.1,NP_001425845.1,NP_001425846.1,NP_001425847.1,NP_001425848.1,NP_001425849.1,NP_001425850.1,NP_001425851.1,NP_001425852.1,NP_001425853.1,NP_001425854.1,NP_001425855.1,NP_001425856.1,NP_001425857.1,NP_001425858.1,NP_001425859.1,NP_001425860.1,NP_001425861.1,NP_001425862.1,NP_001425863.1,NP_001425864.1,NP_001425865.1,NP_001425866.1,NP_001425867.1,NP_001425868.1,NP_001425869.1,NP_001425870.1,NP_001425871.1,NP_001425872.1,NP_001425873.1,NP_001425874.1,NP_001425875.1,NP_001425877.1,NP_001425878.1,NP_001425882.1,NP_001425884.1,NP_001425885.1,NP_001425886.1,NP_001425887.1,NP_001425888.1,NP_001425889.1,NP_001425890.1,NP_001425891.1,NP_001425892.1,NP_001425893.1,NP_001425894.1,NP_001425895.1,NP_001425896.1,NP_001425897.1,NP_001425898.1,NP_001425899.1,NP_001425901.1,NP_001425902.1,NP_001425903.1,NP_001425904.1,NP_001425905.1,NP_001425906.1,NP_001425907.1,NP_001425908.1,NP_001425909.1,NP_001425910.1,NP_001425911.1,NP_001425912.1,NP_001425913.1,NP_001425914.1,NP_001425915.1,NP_001425916.1,NP_001425917.1,NP_001425918.1,NP_001425919.1,NP_001425920.1,NP_001425921.1,NP_001425922.1,NP_001425923.1,NP_001425924.1,NP_001425925.1,NP_001425926.1,NP_001425927.1,NP_001425928.1,NP_001425929.1,NP_001425930.1,NP_001425931.1,NP_001425932.1,NP_001425933.1,NP_001425934.1,NP_001425935.1,NP_001425936.1,NP_001425937.1,NP_001425938.1,NP_001425939.1,NP_001425940.1,NP_001425941.1,NP_001425942.1,NP_001425943.1,NP_001425944.1,NP_001425945.1,NP_001425946.1,NP_001425947.1,NP_001425948.1,NP_001425949.1,NP_001425950.1,NP_001425951.1,NP_001425952.1,NP_001425953.1,NP_001425954.1,NP_001425955.1,NP_001425956.1,NP_001425957.1,NP_001425958.1,NP_001425959.1,NP_001425960.1,NP_001425961.1,NP_001425962.1,NP_001425963.1,NP_001425964.1,NP_001425965.1,NP_001425966.1,NP_001425967.1,NP_001425968.1,NP_001425969.1,NP_001425970.1,NP_001425971.1,NP_001425972.1,NP_001425973.1,NP_001425974.1,NP_001425975.1,NP_001425976.1,NP_001425977.1,NP_001425978.1,NP_001425979.1,NP_001425980.1,NP_001425981.1,NP_001425982.1,NP_001425983.1,NP_001425984.1,NP_001425985.1,NP_001425986.1,NP_001425987.1,NP_001425988.1,NP_001425989.1,NP_001425990.1,NP_001425991.1,NP_001425993.1,NP_001425994.1,NP_001425995.1,NP_001425996.1,NP_001425997.1,NP_001425998.1,NP_001425999.1,NP_001426000.1,NP_001426001.1,NP_001426002.1,NP_001426003.1,NP_001426004.1,NP_001426005.1,NP_001426006.1,NP_001426007.1,NP_001426008.1,NP_001426009.1,NP_001426010.1,NP_001426011.1,NP_001426012.1,NP_001426013.1,NP_001426014.1,NP_001426015.1,NP_001426016.1,NP_001426017.1,NP_001426018.1,NP_001426019.1,NP_001426020.1,NP_001426021.1,NP_001426022.1,NP_001426023.1,NP_001426024.1,NP_001426025.1,NP_001426026.1,NP_001426027.1,NP_001426028.1,NP_001426029.1,NP_001426030.1,NP_001426031.1,NP_001426032.1,NP_001426033.1,NP_001426034.1,NP_001426035.1,NP_001426036.1,NP_001426040.1,NP_001426041.1,NP_001426042.1,NP_001426043.1,NP_001426044.1,NP_001426045.1,NP_001426046.1,NP_001426047.1,NP_001426048.1,NP_001426049.1,NP_001426050.1,NP_001426051.1,NP_001426052.1,NP_001426053.1,NP_001426054.1,NP_001426055.1,NP_001426056.1,NP_001426057.1,NP_001426058.1,NP_001426059.1,NP_001426065.1,NP_001426066.1,NP_001426068.1,NP_001426069.1,NP_001426070.1,NP_001426071.1,NP_001426072.1,NP_001426073.1,NP_001426075.1,NP_001426076.1,NP_001426077.1,NP_001426078.1,NP_001426079.1,NP_001426081.1,NP_001426082.1,NP_001426083.1,NP_001426084.1,NP_001426085.1,NP_001426087.1,NP_001426088.1,NP_001426089.1,NP_001426090.1,NP_001426091.1,NP_001426093.1,NP_001426094.1,NP_001426096.1,NP_001426097.1,NP_001426098.1,NP_001426099.1,NP_001426100.1,NP_001426101.1,NP_001426102.1,NP_001426106.1,NP_001426107.1,NP_001426108.1,NP_001426112.1,NP_001426113.1,NP_001426114.1,NP_001426115.1,NP_001426116.1,NP_001426117.1,NP_001426118.1,NP_001426119.1,NP_001426120.1,NP_001426125.1,NP_001426131.1,NP_001426133.1,NP_001426134.1,NP_001426135.1,NP_001426139.1,NP_001426140.1,NP_001426141.1,NP_001426143.1,NP_001426145.1,NP_001426146.1,NP_001426147.1,NP_001426148.1,NP_001426149.1,NP_001426151.1,NP_001426152.1,NP_001426153.1,NP_001426154.1,NP_001426155.1,NP_001426156.1,NP_001426157.1,NP_001426158.1,NP_001426159.1,NP_001426160.1,NP_001426162.1,NP_001426163.1,NP_001426164.1,NP_001426165.1,NP_001426171.1,NP_001426172.1,NP_001426173.1,NP_001426174.1,NP_001426175.1,NP_001426176.1,NP_001426177.1,NP_001426178.1,NP_001426179.1,NP_001426180.1,NP_001426181.1,NP_001426182.1,NP_001426183.1,NP_001426184.1,NP_001426185.1,NP_001426186.1,NP_001426187.1,NP_001426188.1,NP_001426189.1,NP_001426190.1,NP_001426191.1,NP_001426192.1,NP_001426193.1,NP_001426194.1,NP_001426200.1,NP_001426201.1,NP_001426202.1,NP_001426204.1,NP_001426205.1,NP_001426206.1,NP_001426207.1,NP_001426208.1,NP_001426209.1,NP_001426210.1,NP_001426211.1,NP_001426212.1,NP_001426213.1,NP_001426214.1,NP_001426215.1,NP_001426217.1,NP_001426219.1,NP_001426220.1,NP_001426223.1,NP_001426224.1,NP_001426226.1,NP_001426227.1,NP_001426228.1,NP_001426229.1,NP_001426230.1,NP_001426231.1,NP_001426232.1,NP_001426233.1,NP_001426234.1,NP_001426235.1,NP_001426236.1,NP_001426237.1,NP_001426238.1,NP_001426239.1,NP_001426240.1,NP_001426241.1,NP_001426242.1,NP_001426243.1,NP_001426251.1,NP_001426252.1,NP_001426253.1,NP_001426254.1,NP_001426264.1,NP_001426270.1,NP_001426271.1,NP_001426272.1,NP_001426281.1,NP_001426282.1,NP_001426284.1,NP_001426286.1,NP_001426287.1,NP_001426288.1,NP_001426290.1,NP_001426291.1,NP_001426292.1,NP_001426293.1,NP_001426294.1,NP_001426295.1,NP_001426296.1,NP_001426297.1,NP_001426298.1,NP_001426299.1,NP_001426300.1,NP_001426301.1,NP_001426302.1,NP_001426303.1,NP_001426304.1,NP_001426305.1,NP_001426306.1,NP_001426307.1,NP_001426308.1,NP_001426309.1,NP_001426310.1,NP_001426311.1,NP_001426312.1,NP_001426314.1,NP_001426315.1,NP_001426622.1,NP_001427140.1,NP_001427.2,NP_001427225.1,NP_001427227.1,NP_001427228.1,NP_001427229.1,NP_001427230.1,NP_001427231.1,NP_001427232.1,NP_001427233.1,NP_001427234.1,NP_001427235.1,NP_001427236.1,NP_001427237.1,NP_001427238.1,NP_001427239.1,NP_001427240.1,NP_001427241.1,NP_001427242.1,NP_001427243.1,NP_001427244.1,NP_001427245.1,NP_001427246.1,NP_001427248.1,NP_001427249.1,NP_001427250.1,NP_001427251.1,NP_001427252.1,NP_001427253.1,NP_001427254.1,NP_001427255.1,NP_001427256.1,NP_001427257.1,NP_001427258.1,NP_001427259.1,NP_001427260.1,NP_001427261.1,NP_001427262.1,NP_001427263.1,NP_001427264.1,NP_001427265.1,NP_001427266.1,NP_001427267.1,NP_001427268.1,NP_001427269.1,NP_001427270.1,NP_001427271.1,NP_001427272.1,NP_001427273.1,NP_001427274.1,NP_001427275.1,NP_001427276.1,NP_001427277.1,NP_001427278.1,NP_001427279.1,NP_001427280.1,NP_001427281.1,NP_001427282.1,NP_001427283.1,NP_001427284.1,NP_001427285.1,NP_001427286.1,NP_001427287.1,NP_001427288.1,NP_001427289.1,NP_001427291.1,NP_001427292.1,NP_001427293.1,NP_001427294.1,NP_001427296.1,NP_001427297.1,NP_001427298.1,NP_001427299.1,NP_001427300.1,NP_001427301.1,NP_001427304.1,NP_001427305.1,NP_001427306.1,NP_001427307.1,NP_001427308.1,NP_001427309.1,NP_001427310.1,NP_001427311.1,NP_001427312.1,NP_001427313.1,NP_001427314.1,NP_001427315.1,NP_001427316.1,NP_001427317.1,NP_001427318.1,NP_001427319.1,NP_001427320.1,NP_001427321.1,NP_001427322.1 -tool edirect -edirect 24.0 -edirect_os Linux -email liha@pichu.rna.snu.ac.kr
EMPTY RESULT
SECOND ATTEMPT
curl: (22) The requested URL returned error: 429
 ERROR:  curl command failed ( Sat Aug  8 02:19:12 PM KST 2026 ) with: 22
-X POST https://eutils.ncbi.nlm.nih.gov/entrez/eutils/epost.fcgi -d db=protein&id=NP_068815.2%2CNP_068817.1%2CNP_068818.4%2CNP_068823.2%2CNP_068831.1%2CNP_068832.1%2CNP_068834.2%2CNP_068835.1%2CNP_068836.2%2CNP_068838.3%2CNP_068839.1%2CNP_071285.1%2CNP_071286.1%2CNP_071289.1%2CNP_071317.2%2CNP_071319.3%2CNP_071320.2%2CNP_071322.2%2CNP_071324.1%2CNP_071325.2%2CNP_071327.2%2CNP_071328.2%2CNP_071329.3%2CNP_071330.3%2CNP_071331.2%2CNP_071332.2%2CNP_071334.1%2CNP_071335.1%2CNP_071336.1%2CNP_071337.2%2CNP_071338.1%2CNP_071341.2%2CNP_071343.2%2CNP_071344.1%2CNP_071346.1%2CNP_071347.2%2CNP_071348.3%2CNP_071349.3%2CNP_071350.2%2CNP_071351.2%2CNP_071353.4%2CNP_071354.2%2CNP_071355.1%2CNP_071356.1%2CNP_071357.2%2CNP_071358.1%2CNP_071359.3%2CNP_071360.1%2CNP_071361.2%2CNP_071362.1%2CNP_071363.1%2CNP_071364.4%2CNP_071365.4%2CNP_071370.2%2CNP_071371.3%2CNP_071372.1%2CNP_071373.2%2CNP_071374.1%2CNP_071375.1%2CNP_071376.1%2CNP_071377.2%2CNP_071378.1%2CNP_071379.3%2CNP_071380.1%2CNP_071381.1%2CNP_071383.1%2CNP_071384.1%2CNP_071386.3%2CNP_071387.1%2CNP_071388.2%2CNP_071389.1%2CNP_071390.1%2CNP_071393.2%2CNP_071394.2%2CNP_071395.2%2CNP_071396.4%2CNP_071397.3%2CNP_071398.5%2CNP_071399.2%2CNP_071400.1%2CNP_071401.3%2CNP_071402.1%2CNP_071403.1%2CNP_071404.2%2CNP_071405.2%2CNP_071406.1%2CNP_071407.4%2CNP_071409.3%2CNP_071410.1%2CNP_071411.1%2CNP_071412.2%2CNP_071413.1%2CNP_071414.2%2CNP_071415.1%2CNP_071416.2%2CNP_071417.2%2CNP_071418.2%2CNP_071419.3%2CNP_071420.1%2CNP_071421.1%2CNP_071422.1%2CNP_071423.4%2CNP_071424.1%2CNP_071425.3%2CNP_071426.1%2CNP_071427.2%2CNP_071428.2%2CNP_071429.1%2CNP_071430.2%2CNP_071431.2%2CNP_071432.2%2CNP_071433.3%2CNP_071434.2%2CNP_071435.2%2CNP_071436.1%2CNP_071437.3%2CNP_071439.3%2CNP_071440.1%2CNP_071441.1%2CNP_071442.2%2CNP_071443.2%2CNP_071444.1%2CNP_071445.1%2CNP_071446.2%2CNP_071447.1%2CNP_071448.1%2CNP_071449.1%2CNP_071450.2%2CNP_071451.2%2CNP_071452.2%2CNP_071496.1%2CNP_071503.1%2CNP_071504.2%2CNP_071505.2%2CNP_071682.1%2CNP_071729.1%2CNP_071731.1%2CNP_071732.1%2CNP_071733.1%2CNP_071735.2%2CNP_071736.1%2CNP_071737.1%2CNP_071738.1%2CNP_071739.2%2CNP_071741.2%2CNP_071742.1%2CNP_071744.2%2CNP_071745.1%2CNP_071746.1%2CNP_071748.2%2CNP_071750.1%2CNP_071751.3%2CNP_071753.2%2CNP_071754.3%2CNP_071755.1%2CNP_071756.2%2CNP_071757.4%2CNP_071758.1%2CNP_071760.2%2CNP_071761.1%2CNP_071762.2%2CNP_071763.2%2CNP_071764.3%2CNP_071765.2%2CNP_071766.2%2CNP_071767.3%2CNP_071768.3%2CNP_071769.2%2CNP_071800.1%2CNP_071801.1%2CNP_071881.1%2CNP_071882.1%2CNP_071883.1%2CNP_071884.1%2CNP_071885.1%2CNP_071887.1%2CNP_071888.1%2CNP_071889.2%2CNP_071890.2%2CNP_071894.1%2CNP_071895.3%2CNP_071896.8%2CNP_071898.2%2CNP_071899.1%2CNP_071900.2%2CNP_071901.2%2CNP_071902.2%2CNP_071903.2%2CNP_071904.4%2CNP_071905.3%2CNP_071906.1%2CNP_071907.4%2CNP_071908.2%2CNP_071909.1%2CNP_071910.3%2CNP_071912.2%2CNP_071913.1%2CNP_071914.3%2CNP_071915.1%2CNP_071918.1%2CNP_071919.2%2CNP_071920.1%2CNP_071921.1%2CNP_071922.2%2CNP_071923.2%2CNP_071924.1%2CNP_071925.2%2CNP_071926.4%2CNP_071927.1%2CNP_071928.2%2CNP_071929.3%2CNP_071930.2%2CNP_071931.2%2CNP_071932.2%2CNP_071933.2%2CNP_071934.3%2CNP_071935.1%2CNP_071936.2%2CNP_071937.4%2CNP_071938.1%2CNP_071939.1%2CNP_071940.4%2CNP_071941.1%2CNP_071942.1%2CNP_072043.1%2CNP_072044.1%2CNP_072045.1%2CNP_072046.2%2CNP_072047.4%2CNP_072049.2%2CNP_072050.1%2CNP_072051.1%2CNP_072052.1%2CNP_072053.1%2CNP_072054.1%2CNP_072088.1%2CNP_072089.2%2CNP_072090.1%2CNP_072091.1%2CNP_072092.2%2CNP_072093.2%2CNP_072094.1%2CNP_072095.2%2CNP_072097.2%2CNP_072098.1%2CNP_072101.1%2CNP_072102.1%2CNP_072103.1%2CNP_072170.1%2CNP_072171.1%2CNP_072174.3%2CNP_072179.1%2CNP_073143.2%2CNP_073149.1%2CNP_073150.2%2CNP_073152.2%2CNP_073153.1%2CNP_073155.2%2CNP_073207.1%2CNP_073208.1%2CNP_073210.1%2CNP_073557.3%2CNP_073562.1%2CNP_073563.1%2CNP_073564.3%2CNP_073565.2%2CNP_073567.1%2CNP_073568.2%2CNP_073570.1%2CNP_073571.1%2CNP_073572.2%2CNP_073573.3%2CNP_073574.2%2CNP_073576.1%2CNP_073577.3%2CNP_073579.5%2CNP_073580.1%2CNP_073581.2%2CNP_073582.3%2CNP_073583.3%2CNP_073585.8%2CNP_073586.5%2CNP_073587.1%2CNP_073588.1%2CNP_073589.4%2CNP_073590.2%2CNP_073591.2%2CNP_073592.1%2CNP_073593.2%2CNP_073594.5%2CNP_073595.2%2CNP_073597.2%2CNP_073598.1%2CNP_073599.2%2CNP_073600.3%2CNP_073601.2%2CNP_073602.3%2CNP_073603.2%2CNP_073604.3%2CNP_073605.4%2CNP_073606.3%2CNP_073607.2%2CNP_073608.4%2CNP_073609.2%2CNP_073610.2%2CNP_073611.1%2CNP_073613.2%2CNP_073614.1%2CNP_073615.2%2CNP_073616.7%2CNP_073617.1%2CNP_073618.3%2CNP_073619.3%2CNP_073620.2%2CNP_073621.2%2CNP_073622.2%2CNP_073623.1%2CNP_073624.2%2CNP_073625.1%2CNP_073626.1%2CNP_073713.2%2CNP_073714.1%2CNP_073715.1%2CNP_073716.1%2CNP_073717.1%2CNP_073718.1%2CNP_073719.1%2CNP_073720.1%2CNP_073728.1%2CNP_073729.1%2CNP_073730.3%2CNP_073731.1%2CNP_073732.1%2CNP_073733.1%2CNP_073734.1%2CNP_073736.2%2CNP_073737.1%2CNP_073738.2%2CNP_073739.3%2CNP_073740.2%2CNP_073741.3%2CNP_073742.2%2CNP_073743.2%2CNP_073744.2%2CNP_073745.2%2CNP_073746.2%2CNP_073747.1%2CNP_073749.2%2CNP_073750.2%2CNP_073751.3%2CNP_073752.6%2CNP_073753.3%2CNP_073754.2%2CNP_074035.1%2CNP_074036.1%2CNP_075010.1%2CNP_075011.1%2CNP_075012.1%2CNP_075013.1%2CNP_075014.1%2CNP_075015.1%2CNP_075043.1%2CNP_075044.2%2CNP_075045.2%2CNP_075046.1%2CNP_075047.1%2CNP_075048.1%2CNP_075049.1%2CNP_075050.3%2CNP_075051.4%2CNP_075052.1%2CNP_075053.2%2CNP_075054.3%2CNP_075055.1%2CNP_075059.1%2CNP_075060.1%2CNP_075061.1%2CNP_075062.2%2CNP_075063.1%2CNP_075064.1%2CNP_075065.3%2CNP_075066.1%2CNP_075067.2%2CNP_075068.2%2CNP_075069.3%2CNP_075252.2%2CNP_075254.1%2CNP_075257.1%2CNP_075259.4%2CNP_075266.1%2CNP_075267.1%2CNP_075376.2%2CNP_075377.2%2CNP_075378.1%2CNP_075379.2%2CNP_075380.1%2CNP_075383.3%2CNP_075384.4%2CNP_075385.1%2CNP_075386.1%2CNP_075387.1%2CNP_075388.2%2CNP_075389.2%2CNP_075390.1%2CNP_075391.3%2CNP_075392.2%2CNP_075394.3%2CNP_075408.1%2CNP_075418.1%2CNP_075422.3%2CNP_075447.1%2CNP_075461.2%2CNP_075462.3%2CNP_075463.2%2CNP_075526.1%2CNP_075555.1%2CNP_075556.1%2CNP_075558.2%2CNP_075559.2%2CNP_075560.2%2CNP_075561.3%2CNP_075562.2%2CNP_075563.3%2CNP_075565.2%2CNP_075566.3%2CNP_075567.2%2CNP_075568.1%2CNP_075571.2%2CNP_075573.3%2CNP_075593.1%2CNP_075594.1%2CNP_075598.2%2CNP_075601.1%2CNP_076404.3%2CNP_076406.1%2CNP_076407.1%2CNP_076408.1%2CNP_076409.1%2CNP_076410.1%2CNP_076411.1%2CNP_076412.3%2CNP_076413.3%2CNP_076414.2%2CNP_076415.3%2CNP_076416.2%2CNP_076417.2%2CNP_076418.3%2CNP_076419.2%2CNP_076420.1%2CNP_076421.2%2CNP_076422.1%2CNP_076423.2%2CNP_076424.1%2CNP_076425.1%2CNP_076426.1%2CNP_076427.2%2CNP_076429.1%2CNP_076431.1%2CNP_076432.1%2CNP_076433.3%2CNP_076434.2%2CNP_076435.1%2CNP_076436.3%2CNP_076438.1%2CNP_076493.1%2CNP_076869.1%2CNP_076870.1%2CNP_076872.1%2CNP_076915.3%2CNP_076916.2%2CNP_076917.1%2CNP_076918.1%2CNP_076919.1%2CNP_076920.1%2CNP_076921.1%2CNP_076922.1%2CNP_076924.1%2CNP_076926.2%2CNP_076927.1%2CNP_076930.1%2CNP_076931.1%2CNP_076932.1%2CNP_076933.3%2CNP_076934.1%2CNP_076936.1%2CNP_076937.2%2CNP_076938.2%2CNP_076939.3%2CNP_076941.2%2CNP_076942.1%2CNP_076943.1%2CNP_076944.1%2CNP_076945.2%2CNP_076946.1%2CNP_076947.1%2CNP_076948.2%2CNP_076949.1%2CNP_076950.1%2CNP_076951.2%2CNP_076952.1&tool=edirect&edirect=24.0&edirect_os=Linux&email=liha%40pichu.rna.snu.ac.kr
HTTP/1.0 429 Too Many Requests
 WARNING:  FAILURE ( Sat Aug  8 02:19:12 PM KST 2026 )
nquire -url https://eutils.ncbi.nlm.nih.gov/entrez/eutils/ epost.fcgi -db protein -id NP_068815.2,NP_068817.1,NP_068818.4,NP_068823.2,NP_068831.1,NP_068832.1,NP_068834.2,NP_068835.1,NP_068836.2,NP_068838.3,NP_068839.1,NP_071285.1,NP_071286.1,NP_071289.1,NP_071317.2,NP_071319.3,NP_071320.2,NP_071322.2,NP_071324.1,NP_071325.2,NP_071327.2,NP_071328.2,NP_071329.3,NP_071330.3,NP_071331.2,NP_071332.2,NP_071334.1,NP_071335.1,NP_071336.1,NP_071337.2,NP_071338.1,NP_071341.2,NP_071343.2,NP_071344.1,NP_071346.1,NP_071347.2,NP_071348.3,NP_071349.3,NP_071350.2,NP_071351.2,NP_071353.4,NP_071354.2,NP_071355.1,NP_071356.1,NP_071357.2,NP_071358.1,NP_071359.3,NP_071360.1,NP_071361.2,NP_071362.1,NP_071363.1,NP_071364.4,NP_071365.4,NP_071370.2,NP_071371.3,NP_071372.1,NP_071373.2,NP_071374.1,NP_071375.1,NP_071376.1,NP_071377.2,NP_071378.1,NP_071379.3,NP_071380.1,NP_071381.1,NP_071383.1,NP_071384.1,NP_071386.3,NP_071387.1,NP_071388.2,NP_071389.1,NP_071390.1,NP_071393.2,NP_071394.2,NP_071395.2,NP_071396.4,NP_071397.3,NP_071398.5,NP_071399.2,NP_071400.1,NP_071401.3,NP_071402.1,NP_071403.1,NP_071404.2,NP_071405.2,NP_071406.1,NP_071407.4,NP_071409.3,NP_071410.1,NP_071411.1,NP_071412.2,NP_071413.1,NP_071414.2,NP_071415.1,NP_071416.2,NP_071417.2,NP_071418.2,NP_071419.3,NP_071420.1,NP_071421.1,NP_071422.1,NP_071423.4,NP_071424.1,NP_071425.3,NP_071426.1,NP_071427.2,NP_071428.2,NP_071429.1,NP_071430.2,NP_071431.2,NP_071432.2,NP_071433.3,NP_071434.2,NP_071435.2,NP_071436.1,NP_071437.3,NP_071439.3,NP_071440.1,NP_071441.1,NP_071442.2,NP_071443.2,NP_071444.1,NP_071445.1,NP_071446.2,NP_071447.1,NP_071448.1,NP_071449.1,NP_071450.2,NP_071451.2,NP_071452.2,NP_071496.1,NP_071503.1,NP_071504.2,NP_071505.2,NP_071682.1,NP_071729.1,NP_071731.1,NP_071732.1,NP_071733.1,NP_071735.2,NP_071736.1,NP_071737.1,NP_071738.1,NP_071739.2,NP_071741.2,NP_071742.1,NP_071744.2,NP_071745.1,NP_071746.1,NP_071748.2,NP_071750.1,NP_071751.3,NP_071753.2,NP_071754.3,NP_071755.1,NP_071756.2,NP_071757.4,NP_071758.1,NP_071760.2,NP_071761.1,NP_071762.2,NP_071763.2,NP_071764.3,NP_071765.2,NP_071766.2,NP_071767.3,NP_071768.3,NP_071769.2,NP_071800.1,NP_071801.1,NP_071881.1,NP_071882.1,NP_071883.1,NP_071884.1,NP_071885.1,NP_071887.1,NP_071888.1,NP_071889.2,NP_071890.2,NP_071894.1,NP_071895.3,NP_071896.8,NP_071898.2,NP_071899.1,NP_071900.2,NP_071901.2,NP_071902.2,NP_071903.2,NP_071904.4,NP_071905.3,NP_071906.1,NP_071907.4,NP_071908.2,NP_071909.1,NP_071910.3,NP_071912.2,NP_071913.1,NP_071914.3,NP_071915.1,NP_071918.1,NP_071919.2,NP_071920.1,NP_071921.1,NP_071922.2,NP_071923.2,NP_071924.1,NP_071925.2,NP_071926.4,NP_071927.1,NP_071928.2,NP_071929.3,NP_071930.2,NP_071931.2,NP_071932.2,NP_071933.2,NP_071934.3,NP_071935.1,NP_071936.2,NP_071937.4,NP_071938.1,NP_071939.1,NP_071940.4,NP_071941.1,NP_071942.1,NP_072043.1,NP_072044.1,NP_072045.1,NP_072046.2,NP_072047.4,NP_072049.2,NP_072050.1,NP_072051.1,NP_072052.1,NP_072053.1,NP_072054.1,NP_072088.1,NP_072089.2,NP_072090.1,NP_072091.1,NP_072092.2,NP_072093.2,NP_072094.1,NP_072095.2,NP_072097.2,NP_072098.1,NP_072101.1,NP_072102.1,NP_072103.1,NP_072170.1,NP_072171.1,NP_072174.3,NP_072179.1,NP_073143.2,NP_073149.1,NP_073150.2,NP_073152.2,NP_073153.1,NP_073155.2,NP_073207.1,NP_073208.1,NP_073210.1,NP_073557.3,NP_073562.1,NP_073563.1,NP_073564.3,NP_073565.2,NP_073567.1,NP_073568.2,NP_073570.1,NP_073571.1,NP_073572.2,NP_073573.3,NP_073574.2,NP_073576.1,NP_073577.3,NP_073579.5,NP_073580.1,NP_073581.2,NP_073582.3,NP_073583.3,NP_073585.8,NP_073586.5,NP_073587.1,NP_073588.1,NP_073589.4,NP_073590.2,NP_073591.2,NP_073592.1,NP_073593.2,NP_073594.5,NP_073595.2,NP_073597.2,NP_073598.1,NP_073599.2,NP_073600.3,NP_073601.2,NP_073602.3,NP_073603.2,NP_073604.3,NP_073605.4,NP_073606.3,NP_073607.2,NP_073608.4,NP_073609.2,NP_073610.2,NP_073611.1,NP_073613.2,NP_073614.1,NP_073615.2,NP_073616.7,NP_073617.1,NP_073618.3,NP_073619.3,NP_073620.2,NP_073621.2,NP_073622.2,NP_073623.1,NP_073624.2,NP_073625.1,NP_073626.1,NP_073713.2,NP_073714.1,NP_073715.1,NP_073716.1,NP_073717.1,NP_073718.1,NP_073719.1,NP_073720.1,NP_073728.1,NP_073729.1,NP_073730.3,NP_073731.1,NP_073732.1,NP_073733.1,NP_073734.1,NP_073736.2,NP_073737.1,NP_073738.2,NP_073739.3,NP_073740.2,NP_073741.3,NP_073742.2,NP_073743.2,NP_073744.2,NP_073745.2,NP_073746.2,NP_073747.1,NP_073749.2,NP_073750.2,NP_073751.3,NP_073752.6,NP_073753.3,NP_073754.2,NP_074035.1,NP_074036.1,NP_075010.1,NP_075011.1,NP_075012.1,NP_075013.1,NP_075014.1,NP_075015.1,NP_075043.1,NP_075044.2,NP_075045.2,NP_075046.1,NP_075047.1,NP_075048.1,NP_075049.1,NP_075050.3,NP_075051.4,NP_075052.1,NP_075053.2,NP_075054.3,NP_075055.1,NP_075059.1,NP_075060.1,NP_075061.1,NP_075062.2,NP_075063.1,NP_075064.1,NP_075065.3,NP_075066.1,NP_075067.2,NP_075068.2,NP_075069.3,NP_075252.2,NP_075254.1,NP_075257.1,NP_075259.4,NP_075266.1,NP_075267.1,NP_075376.2,NP_075377.2,NP_075378.1,NP_075379.2,NP_075380.1,NP_075383.3,NP_075384.4,NP_075385.1,NP_075386.1,NP_075387.1,NP_075388.2,NP_075389.2,NP_075390.1,NP_075391.3,NP_075392.2,NP_075394.3,NP_075408.1,NP_075418.1,NP_075422.3,NP_075447.1,NP_075461.2,NP_075462.3,NP_075463.2,NP_075526.1,NP_075555.1,NP_075556.1,NP_075558.2,NP_075559.2,NP_075560.2,NP_075561.3,NP_075562.2,NP_075563.3,NP_075565.2,NP_075566.3,NP_075567.2,NP_075568.1,NP_075571.2,NP_075573.3,NP_075593.1,NP_075594.1,NP_075598.2,NP_075601.1,NP_076404.3,NP_076406.1,NP_076407.1,NP_076408.1,NP_076409.1,NP_076410.1,NP_076411.1,NP_076412.3,NP_076413.3,NP_076414.2,NP_076415.3,NP_076416.2,NP_076417.2,NP_076418.3,NP_076419.2,NP_076420.1,NP_076421.2,NP_076422.1,NP_076423.2,NP_076424.1,NP_076425.1,NP_076426.1,NP_076427.2,NP_076429.1,NP_076431.1,NP_076432.1,NP_076433.3,NP_076434.2,NP_076435.1,NP_076436.3,NP_076438.1,NP_076493.1,NP_076869.1,NP_076870.1,NP_076872.1,NP_076915.3,NP_076916.2,NP_076917.1,NP_076918.1,NP_076919.1,NP_076920.1,NP_076921.1,NP_076922.1,NP_076924.1,NP_076926.2,NP_076927.1,NP_076930.1,NP_076931.1,NP_076932.1,NP_076933.3,NP_076934.1,NP_076936.1,NP_076937.2,NP_076938.2,NP_076939.3,NP_076941.2,NP_076942.1,NP_076943.1,NP_076944.1,NP_076945.2,NP_076946.1,NP_076947.1,NP_076948.2,NP_076949.1,NP_076950.1,NP_076951.2,NP_076952.1 -tool edirect -edirect 24.0 -edirect_os Linux -email liha@pichu.rna.snu.ac.kr
EMPTY RESULT
SECOND ATTEMPT
curl: (22) The requested URL returned error: 429
 ERROR:  curl command failed ( Sat Aug  8 02:42:19 PM KST 2026 ) with: 22
-X GET https://eutils.ncbi.nlm.nih.gov/entrez/eutils/esearch.fcgi?db=protein&WebEnv=MCID_6a76c1b8706b2469400dcdd7&term=%28%231%29&retmax=0&usehistory=y&tool=edirect&edirect=24.0&edirect_os=Linux&email=liha%40pichu.rna.snu.ac.kr
HTTP/1.0 429 Too Many Requests
 WARNING:  FAILURE ( Sat Aug  8 02:42:19 PM KST 2026 )
nquire -get https://eutils.ncbi.nlm.nih.gov/entrez/eutils/ esearch.fcgi -db protein -WebEnv MCID_6a76c1b8706b2469400dcdd7 -term \(\#1\) -retmax 0 -usehistory y -tool edirect -edirect 24.0 -edirect_os Linux -email liha@pichu.rna.snu.ac.kr
EMPTY RESULT
SECOND ATTEMPT
curl: (22) The requested URL returned error: 502
 ERROR:  curl command failed ( Sat Aug  8 02:50:35 PM KST 2026 ) with: 22
-X POST https://eutils.ncbi.nlm.nih.gov/entrez/eutils/epost.fcgi -d db=protein&id=XP_024306882.2%2CXP_024306883.2%2CXP_024306885.2%2CXP_024306886.2%2CXP_024306890.1%2CXP_024306891.1%2CXP_024306892.2%2CXP_024306893.1%2CXP_024306894.1%2CXP_024306897.1%2CXP_024306899.1%2CXP_024306902.1%2CXP_024306903.1%2CXP_024306904.1%2CXP_024306906.1%2CXP_024306909.1%2CXP_024306911.1%2CXP_024306912.1%2CXP_024306914.1%2CXP_024306915.1%2CXP_024306916.1%2CXP_024306917.1%2CXP_024306918.1%2CXP_024306919.1%2CXP_024306920.1%2CXP_024306922.1%2CXP_024306924.1%2CXP_024306925.1%2CXP_024306926.1%2CXP_024306928.1%2CXP_024306933.1%2CXP_024306934.1%2CXP_024306935.1%2CXP_024306936.1%2CXP_024306948.1%2CXP_024306958.1%2CXP_024306959.1%2CXP_024306960.1%2CXP_024306970.2%2CXP_024306971.1%2CXP_024306972.2%2CXP_024306976.1%2CXP_024306978.1%2CXP_024306992.1%2CXP_024306995.1%2CXP_024306996.1%2CXP_024306997.2%2CXP_024307000.1%2CXP_024307002.1%2CXP_024307007.1%2CXP_024307010.1%2CXP_024307011.1%2CXP_024307012.1%2CXP_024307013.1%2CXP_024307014.1%2CXP_024307015.1%2CXP_024307018.1%2CXP_024307019.1%2CXP_024307020.1%2CXP_024307022.1%2CXP_024307023.1%2CXP_024307024.1%2CXP_024307026.1%2CXP_024307028.1%2CXP_024307029.1%2CXP_024307030.1%2CXP_024307031.1%2CXP_024307032.1%2CXP_024307033.1%2CXP_024307034.1%2CXP_024307035.1%2CXP_024307036.1%2CXP_024307037.1%2CXP_024307038.1%2CXP_024307040.1%2CXP_024307043.1%2CXP_024307046.1%2CXP_024307047.1%2CXP_024307056.1%2CXP_024307057.1%2CXP_024307058.1%2CXP_024307073.1%2CXP_024307075.1%2CXP_024307076.1%2CXP_024307082.1%2CXP_024307101.1%2CXP_024307109.1%2CXP_024307114.1%2CXP_024307115.1%2CXP_024307131.1%2CXP_024307132.1%2CXP_024307133.1%2CXP_024307141.1%2CXP_024307143.1%2CXP_024307144.1%2CXP_024307146.1%2CXP_024307149.1%2CXP_024307151.1%2CXP_024307154.1%2CXP_024307155.1%2CXP_024307156.1%2CXP_024307157.1%2CXP_024307158.1%2CXP_024307159.1%2CXP_024307161.1%2CXP_024307162.1%2CXP_024307163.1%2CXP_024307164.1%2CXP_024307165.1%2CXP_024307172.1%2CXP_024307173.2%2CXP_024307181.1%2CXP_024307186.1%2CXP_024307188.1%2CXP_024307201.1%2CXP_024307204.1%2CXP_024307205.1%2CXP_024307218.1%2CXP_024307228.1%2CXP_024307229.1%2CXP_024307234.1%2CXP_024307235.1%2CXP_024307240.1%2CXP_024307241.1%2CXP_024307242.1%2CXP_024307254.1%2CXP_024307256.1%2CXP_024307257.1%2CXP_024307262.1%2CXP_024307263.1%2CXP_024307268.1%2CXP_024307269.1%2CXP_024307274.1%2CXP_024307275.1%2CXP_024307288.1%2CXP_024307294.2%2CXP_024307300.2%2CXP_024307301.2%2CXP_024307307.1%2CXP_024307323.1%2CXP_024307324.2%2CXP_024307329.1%2CXP_024307338.1%2CXP_024307341.1%2CXP_024307343.1%2CXP_024307344.1%2CXP_024307353.1%2CXP_024307354.1%2CXP_024307362.1%2CXP_024307363.1%2CXP_024307364.1%2CXP_024307365.1%2CXP_024307366.1%2CXP_024307367.1%2CXP_024307371.1%2CXP_024307374.1%2CXP_024307375.1%2CXP_024307378.1%2CXP_024307379.1%2CXP_024307380.1%2CXP_024307381.1%2CXP_024307383.1%2CXP_024307385.1%2CXP_024307388.1%2CXP_024307390.1%2CXP_024307405.1%2CXP_024307406.1%2CXP_024307408.1%2CXP_024307409.1%2CXP_024307410.1%2CXP_024307411.1%2CXP_024307412.1%2CXP_024307413.1%2CXP_024307414.1%2CXP_024307415.1%2CXP_024307420.1%2CXP_024307425.1%2CXP_024307426.1%2CXP_024307429.1%2CXP_024307431.1%2CXP_024307435.1%2CXP_024307461.1%2CXP_024307462.1%2CXP_024307467.1%2CXP_024307468.1%2CXP_024307475.1%2CXP_024307476.2%2CXP_024307480.1%2CXP_024307484.1%2CXP_024307485.1%2CXP_024307486.1%2CXP_024307490.1%2CXP_024307491.1%2CXP_024307492.1%2CXP_024307493.1%2CXP_024307494.1%2CXP_024307495.1%2CXP_024307497.1%2CXP_024307498.1%2CXP_024307499.1%2CXP_024307502.1%2CXP_024307503.1%2CXP_024307518.1%2CXP_024307539.1%2CXP_024307541.1%2CXP_024307544.1%2CXP_024307549.1%2CXP_024307553.1%2CXP_024307574.1%2CXP_024307575.1%2CXP_024307576.1%2CXP_024307577.1%2CXP_024307578.1%2CXP_024307579.1%2CXP_024307580.1%2CXP_024307581.1%2CXP_024307589.1%2CXP_024307591.1%2CXP_024307592.1%2CXP_024307594.1%2CXP_024307602.1%2CXP_024307604.1%2CXP_024307607.1%2CXP_024307608.1%2CXP_024307609.1%2CXP_024307617.1%2CXP_024307618.1%2CXP_024307637.1%2CXP_024307646.1%2CXP_024307649.1%2CXP_024307650.1%2CXP_024307651.1%2CXP_024307652.1%2CXP_024307653.1%2CXP_024307654.1%2CXP_024307655.1%2CXP_024307656.1%2CXP_024307661.1%2CXP_024307663.1%2CXP_024307666.1%2CXP_024307668.1%2CXP_024307682.1%2CXP_024307702.1%2CXP_024307703.1%2CXP_024307714.1%2CXP_024307715.1%2CXP_024307734.1%2CXP_024307735.1%2CXP_024307736.1%2CXP_024307737.1%2CXP_024307739.1%2CXP_024307740.1%2CXP_024307744.1%2CXP_024307749.1%2CXP_024307751.1%2CXP_024307752.1%2CXP_024307753.1%2CXP_024307754.1%2CXP_024307765.1%2CXP_024307766.1%2CXP_024307768.1%2CXP_024307769.1%2CXP_024307771.1%2CXP_024307773.1%2CXP_024307774.1%2CXP_024307776.1%2CXP_024307777.1%2CXP_024307778.1%2CXP_024307779.1%2CXP_024307780.1%2CXP_024307781.1%2CXP_024307782.1%2CXP_024307783.1%2CXP_024307791.1%2CXP_024307805.1%2CXP_024307806.1%2CXP_024307807.1%2CXP_024307815.1%2CXP_024307816.1%2CXP_024307830.1%2CXP_024307833.1%2CXP_024307848.1%2CXP_024307849.1%2CXP_024307853.1%2CXP_024307889.1%2CXP_024307890.1%2CXP_024307897.1%2CXP_024307898.1%2CXP_024307899.1%2CXP_024307903.1%2CXP_024307909.1%2CXP_024307914.1%2CXP_024307916.1%2CXP_024307917.1%2CXP_024307918.1%2CXP_024307921.1%2CXP_024307928.1%2CXP_024307929.1%2CXP_024307932.1%2CXP_024307935.1%2CXP_024307936.1%2CXP_024307940.1%2CXP_024307941.1%2CXP_024307942.1%2CXP_024307943.1%2CXP_024307944.1%2CXP_024307945.1%2CXP_024307948.1%2CXP_024307951.1%2CXP_024307952.1%2CXP_024307954.1%2CXP_024307955.1%2CXP_024307956.1%2CXP_024307959.1%2CXP_024307961.1%2CXP_024307964.1%2CXP_024307967.1%2CXP_024307968.1%2CXP_024307970.1%2CXP_024307976.1%2CXP_024307977.1%2CXP_024307982.1%2CXP_024307983.1%2CXP_024307984.1%2CXP_024307985.1%2CXP_024308002.1%2CXP_024308003.1%2CXP_024308004.1%2CXP_024308005.1%2CXP_024308009.1%2CXP_024308022.1%2CXP_024308023.1%2CXP_024308026.1%2CXP_024308027.1%2CXP_024308029.1%2CXP_024308032.1%2CXP_024308035.1%2CXP_024308037.1%2CXP_024308038.1%2CXP_024308039.1%2CXP_024308042.1%2CXP_024308055.1%2CXP_024308056.1%2CXP_024308057.1%2CXP_024308058.1%2CXP_024308059.1%2CXP_024308062.1%2CXP_024308070.1%2CXP_024308071.1%2CXP_024308073.1%2CXP_024308074.1%2CXP_024308080.1%2CXP_024308083.1%2CXP_024308085.1%2CXP_024308092.2%2CXP_024308093.1%2CXP_024308100.1%2CXP_024308102.1%2CXP_024308103.1%2CXP_024308108.1%2CXP_024308110.1%2CXP_024308111.1%2CXP_024308116.2%2CXP_024308118.1%2CXP_024308122.1%2CXP_024308128.1%2CXP_024308130.1%2CXP_024308138.1%2CXP_024308139.1%2CXP_024308140.1%2CXP_024308141.1%2CXP_024308142.1%2CXP_024308144.1%2CXP_024308145.1%2CXP_024308147.1%2CXP_024308149.1%2CXP_024308150.1%2CXP_024308151.1%2CXP_024308153.1%2CXP_024308154.1%2CXP_024308156.1%2CXP_024308157.1%2CXP_024308158.1%2CXP_024308159.1%2CXP_024308160.1%2CXP_024308163.1%2CXP_024308164.1%2CXP_024308165.1%2CXP_024308168.1%2CXP_024308171.1%2CXP_024308176.1%2CXP_024308179.1%2CXP_024308184.1%2CXP_024308186.1%2CXP_024308198.2%2CXP_024308200.1%2CXP_024308204.1%2CXP_024308205.1%2CXP_024308207.1%2CXP_024308208.1%2CXP_024308215.1%2CXP_024308217.1%2CXP_024308240.1%2CXP_024308243.1%2CXP_024308244.1%2CXP_024308247.1%2CXP_024308252.1%2CXP_024308254.1%2CXP_024308258.1%2CXP_024308259.1%2CXP_024308274.1%2CXP_024308275.1%2CXP_024308280.2%2CXP_024308281.1%2CXP_024308282.1%2CXP_024308294.2%2CXP_024308321.1%2CXP_024308323.1%2CXP_024308341.1%2CXP_024308343.1%2CXP_024308346.1%2CXP_024308349.1%2CXP_024308355.2%2CXP_024308356.2%2CXP_024308360.1%2CXP_024308410.1%2CXP_024308428.1%2CXP_024308430.1%2CXP_024308455.1%2CXP_024308461.1%2CXP_024308462.1%2CXP_024308463.1%2CXP_024308464.1%2CXP_024308467.1%2CXP_024308469.1%2CXP_024308470.1%2CXP_024308479.1%2CXP_024308481.1%2CXP_024308482.1%2CXP_024308483.1%2CXP_024308487.1%2CXP_024308488.1%2CXP_024308489.1%2CXP_024308490.1%2CXP_024308495.1%2CXP_024308496.1%2CXP_024308498.1%2CXP_024308502.1%2CXP_024308504.1%2CXP_024308513.1%2CXP_024308514.1%2CXP_024308517.1%2CXP_024308551.1%2CXP_024308552.1%2CXP_024308556.1%2CXP_024308559.1%2CXP_024308566.1%2CXP_024308567.1%2CXP_024308568.1%2CXP_024308570.1%2CXP_024308571.1%2CXP_024308572.1%2CXP_024308573.1%2CXP_024308574.1%2CXP_024308575.1%2CXP_024308576.1%2CXP_024308577.1%2CXP_024308578.1%2CXP_024308579.1%2CXP_024308586.1%2CXP_024308601.1%2CXP_024308603.1%2CXP_024308606.1%2CXP_024308607.1%2CXP_024308608.1%2CXP_024308609.1%2CXP_024308610.1%2CXP_024308611.1%2CXP_024308612.1%2CXP_024308613.1%2CXP_024308614.1%2CXP_024308615.1%2CXP_024308616.1%2CXP_024308617.1%2CXP_024308618.1%2CXP_024308620.1%2CXP_024308621.2%2CXP_024308622.1%2CXP_024308623.1%2CXP_024308625.1%2CXP_024308626.1%2CXP_024308628.1%2CXP_024308629.1%2CXP_024308630.1%2CXP_024308631.1%2CXP_024308633.1%2CXP_024308636.1%2CXP_024308637.1%2CXP_024308640.1%2CXP_024308642.1&tool=edirect&edirect=24.0&edirect_os=Linux&email=liha%40pichu.rna.snu.ac.kr
HTTP/1.0 502 Bad Gateway
 WARNING:  FAILURE ( Sat Aug  8 02:50:35 PM KST 2026 )
nquire -url https://eutils.ncbi.nlm.nih.gov/entrez/eutils/ epost.fcgi -db protein -id XP_024306882.2,XP_024306883.2,XP_024306885.2,XP_024306886.2,XP_024306890.1,XP_024306891.1,XP_024306892.2,XP_024306893.1,XP_024306894.1,XP_024306897.1,XP_024306899.1,XP_024306902.1,XP_024306903.1,XP_024306904.1,XP_024306906.1,XP_024306909.1,XP_024306911.1,XP_024306912.1,XP_024306914.1,XP_024306915.1,XP_024306916.1,XP_024306917.1,XP_024306918.1,XP_024306919.1,XP_024306920.1,XP_024306922.1,XP_024306924.1,XP_024306925.1,XP_024306926.1,XP_024306928.1,XP_024306933.1,XP_024306934.1,XP_024306935.1,XP_024306936.1,XP_024306948.1,XP_024306958.1,XP_024306959.1,XP_024306960.1,XP_024306970.2,XP_024306971.1,XP_024306972.2,XP_024306976.1,XP_024306978.1,XP_024306992.1,XP_024306995.1,XP_024306996.1,XP_024306997.2,XP_024307000.1,XP_024307002.1,XP_024307007.1,XP_024307010.1,XP_024307011.1,XP_024307012.1,XP_024307013.1,XP_024307014.1,XP_024307015.1,XP_024307018.1,XP_024307019.1,XP_024307020.1,XP_024307022.1,XP_024307023.1,XP_024307024.1,XP_024307026.1,XP_024307028.1,XP_024307029.1,XP_024307030.1,XP_024307031.1,XP_024307032.1,XP_024307033.1,XP_024307034.1,XP_024307035.1,XP_024307036.1,XP_024307037.1,XP_024307038.1,XP_024307040.1,XP_024307043.1,XP_024307046.1,XP_024307047.1,XP_024307056.1,XP_024307057.1,XP_024307058.1,XP_024307073.1,XP_024307075.1,XP_024307076.1,XP_024307082.1,XP_024307101.1,XP_024307109.1,XP_024307114.1,XP_024307115.1,XP_024307131.1,XP_024307132.1,XP_024307133.1,XP_024307141.1,XP_024307143.1,XP_024307144.1,XP_024307146.1,XP_024307149.1,XP_024307151.1,XP_024307154.1,XP_024307155.1,XP_024307156.1,XP_024307157.1,XP_024307158.1,XP_024307159.1,XP_024307161.1,XP_024307162.1,XP_024307163.1,XP_024307164.1,XP_024307165.1,XP_024307172.1,XP_024307173.2,XP_024307181.1,XP_024307186.1,XP_024307188.1,XP_024307201.1,XP_024307204.1,XP_024307205.1,XP_024307218.1,XP_024307228.1,XP_024307229.1,XP_024307234.1,XP_024307235.1,XP_024307240.1,XP_024307241.1,XP_024307242.1,XP_024307254.1,XP_024307256.1,XP_024307257.1,XP_024307262.1,XP_024307263.1,XP_024307268.1,XP_024307269.1,XP_024307274.1,XP_024307275.1,XP_024307288.1,XP_024307294.2,XP_024307300.2,XP_024307301.2,XP_024307307.1,XP_024307323.1,XP_024307324.2,XP_024307329.1,XP_024307338.1,XP_024307341.1,XP_024307343.1,XP_024307344.1,XP_024307353.1,XP_024307354.1,XP_024307362.1,XP_024307363.1,XP_024307364.1,XP_024307365.1,XP_024307366.1,XP_024307367.1,XP_024307371.1,XP_024307374.1,XP_024307375.1,XP_024307378.1,XP_024307379.1,XP_024307380.1,XP_024307381.1,XP_024307383.1,XP_024307385.1,XP_024307388.1,XP_024307390.1,XP_024307405.1,XP_024307406.1,XP_024307408.1,XP_024307409.1,XP_024307410.1,XP_024307411.1,XP_024307412.1,XP_024307413.1,XP_024307414.1,XP_024307415.1,XP_024307420.1,XP_024307425.1,XP_024307426.1,XP_024307429.1,XP_024307431.1,XP_024307435.1,XP_024307461.1,XP_024307462.1,XP_024307467.1,XP_024307468.1,XP_024307475.1,XP_024307476.2,XP_024307480.1,XP_024307484.1,XP_024307485.1,XP_024307486.1,XP_024307490.1,XP_024307491.1,XP_024307492.1,XP_024307493.1,XP_024307494.1,XP_024307495.1,XP_024307497.1,XP_024307498.1,XP_024307499.1,XP_024307502.1,XP_024307503.1,XP_024307518.1,XP_024307539.1,XP_024307541.1,XP_024307544.1,XP_024307549.1,XP_024307553.1,XP_024307574.1,XP_024307575.1,XP_024307576.1,XP_024307577.1,XP_024307578.1,XP_024307579.1,XP_024307580.1,XP_024307581.1,XP_024307589.1,XP_024307591.1,XP_024307592.1,XP_024307594.1,XP_024307602.1,XP_024307604.1,XP_024307607.1,XP_024307608.1,XP_024307609.1,XP_024307617.1,XP_024307618.1,XP_024307637.1,XP_024307646.1,XP_024307649.1,XP_024307650.1,XP_024307651.1,XP_024307652.1,XP_024307653.1,XP_024307654.1,XP_024307655.1,XP_024307656.1,XP_024307661.1,XP_024307663.1,XP_024307666.1,XP_024307668.1,XP_024307682.1,XP_024307702.1,XP_024307703.1,XP_024307714.1,XP_024307715.1,XP_024307734.1,XP_024307735.1,XP_024307736.1,XP_024307737.1,XP_024307739.1,XP_024307740.1,XP_024307744.1,XP_024307749.1,XP_024307751.1,XP_024307752.1,XP_024307753.1,XP_024307754.1,XP_024307765.1,XP_024307766.1,XP_024307768.1,XP_024307769.1,XP_024307771.1,XP_024307773.1,XP_024307774.1,XP_024307776.1,XP_024307777.1,XP_024307778.1,XP_024307779.1,XP_024307780.1,XP_024307781.1,XP_024307782.1,XP_024307783.1,XP_024307791.1,XP_024307805.1,XP_024307806.1,XP_024307807.1,XP_024307815.1,XP_024307816.1,XP_024307830.1,XP_024307833.1,XP_024307848.1,XP_024307849.1,XP_024307853.1,XP_024307889.1,XP_024307890.1,XP_024307897.1,XP_024307898.1,XP_024307899.1,XP_024307903.1,XP_024307909.1,XP_024307914.1,XP_024307916.1,XP_024307917.1,XP_024307918.1,XP_024307921.1,XP_024307928.1,XP_024307929.1,XP_024307932.1,XP_024307935.1,XP_024307936.1,XP_024307940.1,XP_024307941.1,XP_024307942.1,XP_024307943.1,XP_024307944.1,XP_024307945.1,XP_024307948.1,XP_024307951.1,XP_024307952.1,XP_024307954.1,XP_024307955.1,XP_024307956.1,XP_024307959.1,XP_024307961.1,XP_024307964.1,XP_024307967.1,XP_024307968.1,XP_024307970.1,XP_024307976.1,XP_024307977.1,XP_024307982.1,XP_024307983.1,XP_024307984.1,XP_024307985.1,XP_024308002.1,XP_024308003.1,XP_024308004.1,XP_024308005.1,XP_024308009.1,XP_024308022.1,XP_024308023.1,XP_024308026.1,XP_024308027.1,XP_024308029.1,XP_024308032.1,XP_024308035.1,XP_024308037.1,XP_024308038.1,XP_024308039.1,XP_024308042.1,XP_024308055.1,XP_024308056.1,XP_024308057.1,XP_024308058.1,XP_024308059.1,XP_024308062.1,XP_024308070.1,XP_024308071.1,XP_024308073.1,XP_024308074.1,XP_024308080.1,XP_024308083.1,XP_024308085.1,XP_024308092.2,XP_024308093.1,XP_024308100.1,XP_024308102.1,XP_024308103.1,XP_024308108.1,XP_024308110.1,XP_024308111.1,XP_024308116.2,XP_024308118.1,XP_024308122.1,XP_024308128.1,XP_024308130.1,XP_024308138.1,XP_024308139.1,XP_024308140.1,XP_024308141.1,XP_024308142.1,XP_024308144.1,XP_024308145.1,XP_024308147.1,XP_024308149.1,XP_024308150.1,XP_024308151.1,XP_024308153.1,XP_024308154.1,XP_024308156.1,XP_024308157.1,XP_024308158.1,XP_024308159.1,XP_024308160.1,XP_024308163.1,XP_024308164.1,XP_024308165.1,XP_024308168.1,XP_024308171.1,XP_024308176.1,XP_024308179.1,XP_024308184.1,XP_024308186.1,XP_024308198.2,XP_024308200.1,XP_024308204.1,XP_024308205.1,XP_024308207.1,XP_024308208.1,XP_024308215.1,XP_024308217.1,XP_024308240.1,XP_024308243.1,XP_024308244.1,XP_024308247.1,XP_024308252.1,XP_024308254.1,XP_024308258.1,XP_024308259.1,XP_024308274.1,XP_024308275.1,XP_024308280.2,XP_024308281.1,XP_024308282.1,XP_024308294.2,XP_024308321.1,XP_024308323.1,XP_024308341.1,XP_024308343.1,XP_024308346.1,XP_024308349.1,XP_024308355.2,XP_024308356.2,XP_024308360.1,XP_024308410.1,XP_024308428.1,XP_024308430.1,XP_024308455.1,XP_024308461.1,XP_024308462.1,XP_024308463.1,XP_024308464.1,XP_024308467.1,XP_024308469.1,XP_024308470.1,XP_024308479.1,XP_024308481.1,XP_024308482.1,XP_024308483.1,XP_024308487.1,XP_024308488.1,XP_024308489.1,XP_024308490.1,XP_024308495.1,XP_024308496.1,XP_024308498.1,XP_024308502.1,XP_024308504.1,XP_024308513.1,XP_024308514.1,XP_024308517.1,XP_024308551.1,XP_024308552.1,XP_024308556.1,XP_024308559.1,XP_024308566.1,XP_024308567.1,XP_024308568.1,XP_024308570.1,XP_024308571.1,XP_024308572.1,XP_024308573.1,XP_024308574.1,XP_024308575.1,XP_024308576.1,XP_024308577.1,XP_024308578.1,XP_024308579.1,XP_024308586.1,XP_024308601.1,XP_024308603.1,XP_024308606.1,XP_024308607.1,XP_024308608.1,XP_024308609.1,XP_024308610.1,XP_024308611.1,XP_024308612.1,XP_024308613.1,XP_024308614.1,XP_024308615.1,XP_024308616.1,XP_024308617.1,XP_024308618.1,XP_024308620.1,XP_024308621.2,XP_024308622.1,XP_024308623.1,XP_024308625.1,XP_024308626.1,XP_024308628.1,XP_024308629.1,XP_024308630.1,XP_024308631.1,XP_024308633.1,XP_024308636.1,XP_024308637.1,XP_024308640.1,XP_024308642.1 -tool edirect -edirect 24.0 -edirect_os Linux -email liha@pichu.rna.snu.ac.kr
EMPTY RESULT
SECOND ATTEMPT
curl: (22) The requested URL returned error: 502
 ERROR:  curl command failed ( Sat Aug  8 03:01:27 PM KST 2026 ) with: 22
-X POST https://eutils.ncbi.nlm.nih.gov/entrez/eutils/epost.fcgi -d db=protein&id=XP_047284200.1%2CXP_047284201.1%2CXP_047284202.1%2CXP_047284203.1%2CXP_047284204.1%2CXP_047284205.1%2CXP_047284206.1%2CXP_047284207.1%2CXP_047284208.1%2CXP_047284209.1%2CXP_047284210.1%2CXP_047284211.1%2CXP_047284212.1%2CXP_047284213.1%2CXP_047284214.1%2CXP_047284215.1%2CXP_047284216.1%2CXP_047284217.1%2CXP_047284218.1%2CXP_047284219.1%2CXP_047284220.1%2CXP_047284221.1%2CXP_047284222.1%2CXP_047284223.1%2CXP_047284224.1%2CXP_047284225.1%2CXP_047284226.1%2CXP_047284227.1%2CXP_047284228.1%2CXP_047284229.1%2CXP_047284230.1%2CXP_047284231.1%2CXP_047284232.1%2CXP_047284233.1%2CXP_047284234.1%2CXP_047284235.1%2CXP_047284236.1%2CXP_047284237.1%2CXP_047284238.1%2CXP_047284239.1%2CXP_047284240.1%2CXP_047284241.1%2CXP_047284242.1%2CXP_047284243.1%2CXP_047284244.1%2CXP_047284245.1%2CXP_047284246.1%2CXP_047284247.1%2CXP_047284248.1%2CXP_047284249.1%2CXP_047284250.1%2CXP_047284251.1%2CXP_047284252.1%2CXP_047284253.1%2CXP_047284254.1%2CXP_047284255.1%2CXP_047284256.1%2CXP_047284257.1%2CXP_047284258.1%2CXP_047284259.1%2CXP_047284260.1%2CXP_047284261.1%2CXP_047284262.1%2CXP_047284263.1%2CXP_047284264.1%2CXP_047284265.1%2CXP_047284266.1%2CXP_047284267.1%2CXP_047284268.1%2CXP_047284269.1%2CXP_047284270.1%2CXP_047284271.1%2CXP_047284272.1%2CXP_047284273.1%2CXP_047284275.1%2CXP_047284276.1%2CXP_047284277.1%2CXP_047284278.1%2CXP_047284279.1%2CXP_047284280.1%2CXP_047284281.1%2CXP_047284282.1%2CXP_047284283.1%2CXP_047284284.1%2CXP_047284285.1%2CXP_047284286.1%2CXP_047284287.1%2CXP_047284288.1%2CXP_047284289.1%2CXP_047284290.1%2CXP_047284291.1%2CXP_047284292.1%2CXP_047284293.1%2CXP_047284294.1%2CXP_047284295.1%2CXP_047284296.1%2CXP_047284297.1%2CXP_047284298.1%2CXP_047284299.1%2CXP_047284300.1%2CXP_047284301.1%2CXP_047284304.1%2CXP_047284315.1%2CXP_047284324.1%2CXP_047284327.1%2CXP_047284328.1%2CXP_047284329.1%2CXP_047284330.1%2CXP_047284331.1%2CXP_047284332.1%2CXP_047284333.1%2CXP_047284334.1%2CXP_047284335.1%2CXP_047284336.1%2CXP_047284337.1%2CXP_047284338.1%2CXP_047284339.1%2CXP_047284340.1%2CXP_047284341.1%2CXP_047284342.1%2CXP_047284343.1%2CXP_047284344.1%2CXP_047284346.1%2CXP_047284347.1%2CXP_047284348.1%2CXP_047284349.1%2CXP_047284350.1%2CXP_047284351.1%2CXP_047284352.1%2CXP_047284353.1%2CXP_047284354.1%2CXP_047284355.1%2CXP_047284356.1%2CXP_047284357.1%2CXP_047284358.1%2CXP_047284359.1%2CXP_047284360.1%2CXP_047284361.1%2CXP_047284362.1%2CXP_047284363.1%2CXP_047284364.1%2CXP_047284365.1%2CXP_047284366.1%2CXP_047284367.1%2CXP_047284368.1%2CXP_047284369.1%2CXP_047284370.1%2CXP_047284371.1%2CXP_047284372.1%2CXP_047284373.1%2CXP_047284374.1%2CXP_047284375.1%2CXP_047284376.1%2CXP_047284377.1%2CXP_047284378.1%2CXP_047284379.1%2CXP_047284380.1%2CXP_047284381.1%2CXP_047284382.1%2CXP_047284383.1%2CXP_047284384.1%2CXP_047284385.1%2CXP_047284386.1%2CXP_047284387.1%2CXP_047284388.1%2CXP_047284389.1%2CXP_047284390.1%2CXP_047284391.1%2CXP_047284392.1%2CXP_047284393.1%2CXP_047284394.1%2CXP_047284395.1%2CXP_047284396.1%2CXP_047284397.1%2CXP_047284398.1%2CXP_047284399.1%2CXP_047284400.1%2CXP_047284401.1%2CXP_047284403.1%2CXP_047284404.1%2CXP_047284405.1%2CXP_047284407.1%2CXP_047284408.1%2CXP_047284409.1%2CXP_047284410.1%2CXP_047284411.1%2CXP_047284412.1%2CXP_047284413.1%2CXP_047284414.1%2CXP_047284415.1%2CXP_047284416.1%2CXP_047284417.1%2CXP_047284418.1%2CXP_047284419.1%2CXP_047284420.1%2CXP_047284421.1%2CXP_047284422.1%2CXP_047284423.1%2CXP_047284424.1%2CXP_047284425.1%2CXP_047284426.1%2CXP_047284427.1%2CXP_047284428.1%2CXP_047284429.1%2CXP_047284430.1%2CXP_047284431.1%2CXP_047284432.1%2CXP_047284433.1%2CXP_047284434.1%2CXP_047284435.1%2CXP_047284436.1%2CXP_047284437.1%2CXP_047284438.1%2CXP_047284439.1%2CXP_047284440.1%2CXP_047284441.1%2CXP_047284442.1%2CXP_047284443.1%2CXP_047284444.1%2CXP_047284445.1%2CXP_047284446.1%2CXP_047284447.1%2CXP_047284448.1%2CXP_047284449.1%2CXP_047284450.1%2CXP_047284451.1%2CXP_047284452.1%2CXP_047284453.1%2CXP_047284454.1%2CXP_047284455.1%2CXP_047284456.1%2CXP_047284457.1%2CXP_047284458.1%2CXP_047284459.1%2CXP_047284460.1%2CXP_047284462.1%2CXP_047284463.1%2CXP_047284464.1%2CXP_047284465.1%2CXP_047284466.1%2CXP_047284467.1%2CXP_047284468.1%2CXP_047284469.1%2CXP_047284470.1%2CXP_047284471.1%2CXP_047284472.1%2CXP_047284473.1%2CXP_047284474.1%2CXP_047284475.1%2CXP_047284476.1%2CXP_047284477.1%2CXP_047284478.1%2CXP_047284479.1%2CXP_047284480.1%2CXP_047284481.1%2CXP_047284482.1%2CXP_047284483.1%2CXP_047284484.1%2CXP_047284485.1%2CXP_047284486.1%2CXP_047284487.1%2CXP_047284488.1%2CXP_047284489.1%2CXP_047284490.1%2CXP_047284491.1%2CXP_047284492.1%2CXP_047284493.1%2CXP_047284494.1%2CXP_047284495.1%2CXP_047284496.1%2CXP_047284497.1%2CXP_047284498.1%2CXP_047284499.1%2CXP_047284500.1%2CXP_047284501.1%2CXP_047284503.1%2CXP_047284505.1%2CXP_047284506.1%2CXP_047284508.1%2CXP_047284509.1%2CXP_047284510.1%2CXP_047284511.1%2CXP_047284512.1%2CXP_047284513.1%2CXP_047284514.1%2CXP_047284515.1%2CXP_047284516.1%2CXP_047284517.1%2CXP_047284518.1%2CXP_047284519.1%2CXP_047284520.1%2CXP_047284521.1%2CXP_047284522.1%2CXP_047284523.1%2CXP_047284524.1%2CXP_047284525.1%2CXP_047284526.1%2CXP_047284527.1%2CXP_047284528.1%2CXP_047284529.1%2CXP_047284530.1%2CXP_047284531.1%2CXP_047284532.1%2CXP_047284533.1%2CXP_047284534.1%2CXP_047284535.1%2CXP_047284536.1%2CXP_047284537.1%2CXP_047284538.1%2CXP_047284539.1%2CXP_047284540.1%2CXP_047284541.1%2CXP_047284542.1%2CXP_047284543.1%2CXP_047284544.1%2CXP_047284545.1%2CXP_047284546.1%2CXP_047284547.1%2CXP_047284548.1%2CXP_047284549.1%2CXP_047284550.1%2CXP_047284551.1%2CXP_047284552.1%2CXP_047284553.1%2CXP_047284554.1%2CXP_047284555.1%2CXP_047284556.1%2CXP_047284557.1%2CXP_047284558.1%2CXP_047284560.1%2CXP_047284562.1%2CXP_047284565.1%2CXP_047284566.1%2CXP_047284567.1%2CXP_047284568.1%2CXP_047284569.1%2CXP_047284570.1%2CXP_047284571.1%2CXP_047284572.1%2CXP_047284574.1%2CXP_047284578.1%2CXP_047284579.1%2CXP_047284581.1%2CXP_047284582.1%2CXP_047284584.1%2CXP_047284585.1%2CXP_047284586.1%2CXP_047284587.1%2CXP_047284588.1%2CXP_047284589.1%2CXP_047284590.1%2CXP_047284591.1%2CXP_047284592.1%2CXP_047284593.1%2CXP_047284594.1%2CXP_047284595.1%2CXP_047284596.1%2CXP_047284597.1%2CXP_047284598.1%2CXP_047284599.1%2CXP_047284600.1%2CXP_047284601.1%2CXP_047284602.1%2CXP_047284603.1%2CXP_047284604.1%2CXP_047284605.1%2CXP_047284606.1%2CXP_047284607.1%2CXP_047284608.1%2CXP_047284609.1%2CXP_047284610.1%2CXP_047284611.1%2CXP_047284612.1%2CXP_047284613.1%2CXP_047284614.1%2CXP_047284615.1%2CXP_047284616.1%2CXP_047284617.1%2CXP_047284618.1%2CXP_047284619.1%2CXP_047284620.1%2CXP_047284621.1%2CXP_047284622.1%2CXP_047284623.1%2CXP_047284624.1%2CXP_047284625.1%2CXP_047284626.1%2CXP_047284627.1%2CXP_047284628.1%2CXP_047284629.1%2CXP_047284630.1%2CXP_047284633.1%2CXP_047284634.1%2CXP_047284635.1%2CXP_047284636.1%2CXP_047284637.1%2CXP_047284638.1%2CXP_047284639.1%2CXP_047284640.1%2CXP_047284641.1%2CXP_047284642.1%2CXP_047284643.1%2CXP_047284644.1%2CXP_047284645.1%2CXP_047284646.1%2CXP_047284647.1%2CXP_047284648.1%2CXP_047284649.1%2CXP_047284650.1%2CXP_047284651.1%2CXP_047284652.1%2CXP_047284653.1%2CXP_047284654.1%2CXP_047284655.1%2CXP_047284656.1%2CXP_047284657.1%2CXP_047284658.1%2CXP_047284659.1%2CXP_047284660.1%2CXP_047284661.1%2CXP_047284662.1%2CXP_047284663.1%2CXP_047284664.1%2CXP_047284665.1%2CXP_047284666.1%2CXP_047284667.1%2CXP_047284668.1%2CXP_047284669.1%2CXP_047284670.1%2CXP_047284671.1%2CXP_047284672.1%2CXP_047284673.1%2CXP_047284674.1%2CXP_047284675.1%2CXP_047284676.1%2CXP_047284677.1%2CXP_047284678.1%2CXP_047284679.1%2CXP_047284680.1%2CXP_047284681.1%2CXP_047284682.1%2CXP_047284683.1%2CXP_047284684.1%2CXP_047284685.1%2CXP_047284686.1%2CXP_047284687.1%2CXP_047284688.1%2CXP_047284689.1%2CXP_047284690.1%2CXP_047284691.1%2CXP_047284692.1%2CXP_047284693.1%2CXP_047284694.1%2CXP_047284695.1%2CXP_047284696.1%2CXP_047284697.1%2CXP_047284698.1%2CXP_047284699.1%2CXP_047284700.1%2CXP_047284701.1%2CXP_047284702.1%2CXP_047284703.1%2CXP_047284704.1%2CXP_047284705.1%2CXP_047284706.1%2CXP_047284707.1%2CXP_047284708.1%2CXP_047284709.1%2CXP_047284710.1%2CXP_047284711.1%2CXP_047284712.1%2CXP_047284713.1%2CXP_047284714.1%2CXP_047284715.1%2CXP_047284716.1%2CXP_047284717.1%2CXP_047284720.1%2CXP_047284721.1%2CXP_047284722.1%2CXP_047284723.1%2CXP_047284724.1%2CXP_047284725.1%2CXP_047284726.1%2CXP_047284727.1%2CXP_047284728.1%2CXP_047284729.1%2CXP_047284730.1%2CXP_047284731.1%2CXP_047284732.1%2CXP_047284733.1%2CXP_047284734.1%2CXP_047284735.1%2CXP_047284736.1%2CXP_047284737.1%2CXP_047284738.1%2CXP_047284739.1%2CXP_047284740.1%2CXP_047284741.1%2CXP_047284742.1%2CXP_047284743.1&tool=edirect&edirect=24.0&edirect_os=Linux&email=liha%40pichu.rna.snu.ac.kr
HTTP/1.0 502 Bad Gateway
 WARNING:  FAILURE ( Sat Aug  8 03:01:26 PM KST 2026 )
nquire -url https://eutils.ncbi.nlm.nih.gov/entrez/eutils/ epost.fcgi -db protein -id XP_047284200.1,XP_047284201.1,XP_047284202.1,XP_047284203.1,XP_047284204.1,XP_047284205.1,XP_047284206.1,XP_047284207.1,XP_047284208.1,XP_047284209.1,XP_047284210.1,XP_047284211.1,XP_047284212.1,XP_047284213.1,XP_047284214.1,XP_047284215.1,XP_047284216.1,XP_047284217.1,XP_047284218.1,XP_047284219.1,XP_047284220.1,XP_047284221.1,XP_047284222.1,XP_047284223.1,XP_047284224.1,XP_047284225.1,XP_047284226.1,XP_047284227.1,XP_047284228.1,XP_047284229.1,XP_047284230.1,XP_047284231.1,XP_047284232.1,XP_047284233.1,XP_047284234.1,XP_047284235.1,XP_047284236.1,XP_047284237.1,XP_047284238.1,XP_047284239.1,XP_047284240.1,XP_047284241.1,XP_047284242.1,XP_047284243.1,XP_047284244.1,XP_047284245.1,XP_047284246.1,XP_047284247.1,XP_047284248.1,XP_047284249.1,XP_047284250.1,XP_047284251.1,XP_047284252.1,XP_047284253.1,XP_047284254.1,XP_047284255.1,XP_047284256.1,XP_047284257.1,XP_047284258.1,XP_047284259.1,XP_047284260.1,XP_047284261.1,XP_047284262.1,XP_047284263.1,XP_047284264.1,XP_047284265.1,XP_047284266.1,XP_047284267.1,XP_047284268.1,XP_047284269.1,XP_047284270.1,XP_047284271.1,XP_047284272.1,XP_047284273.1,XP_047284275.1,XP_047284276.1,XP_047284277.1,XP_047284278.1,XP_047284279.1,XP_047284280.1,XP_047284281.1,XP_047284282.1,XP_047284283.1,XP_047284284.1,XP_047284285.1,XP_047284286.1,XP_047284287.1,XP_047284288.1,XP_047284289.1,XP_047284290.1,XP_047284291.1,XP_047284292.1,XP_047284293.1,XP_047284294.1,XP_047284295.1,XP_047284296.1,XP_047284297.1,XP_047284298.1,XP_047284299.1,XP_047284300.1,XP_047284301.1,XP_047284304.1,XP_047284315.1,XP_047284324.1,XP_047284327.1,XP_047284328.1,XP_047284329.1,XP_047284330.1,XP_047284331.1,XP_047284332.1,XP_047284333.1,XP_047284334.1,XP_047284335.1,XP_047284336.1,XP_047284337.1,XP_047284338.1,XP_047284339.1,XP_047284340.1,XP_047284341.1,XP_047284342.1,XP_047284343.1,XP_047284344.1,XP_047284346.1,XP_047284347.1,XP_047284348.1,XP_047284349.1,XP_047284350.1,XP_047284351.1,XP_047284352.1,XP_047284353.1,XP_047284354.1,XP_047284355.1,XP_047284356.1,XP_047284357.1,XP_047284358.1,XP_047284359.1,XP_047284360.1,XP_047284361.1,XP_047284362.1,XP_047284363.1,XP_047284364.1,XP_047284365.1,XP_047284366.1,XP_047284367.1,XP_047284368.1,XP_047284369.1,XP_047284370.1,XP_047284371.1,XP_047284372.1,XP_047284373.1,XP_047284374.1,XP_047284375.1,XP_047284376.1,XP_047284377.1,XP_047284378.1,XP_047284379.1,XP_047284380.1,XP_047284381.1,XP_047284382.1,XP_047284383.1,XP_047284384.1,XP_047284385.1,XP_047284386.1,XP_047284387.1,XP_047284388.1,XP_047284389.1,XP_047284390.1,XP_047284391.1,XP_047284392.1,XP_047284393.1,XP_047284394.1,XP_047284395.1,XP_047284396.1,XP_047284397.1,XP_047284398.1,XP_047284399.1,XP_047284400.1,XP_047284401.1,XP_047284403.1,XP_047284404.1,XP_047284405.1,XP_047284407.1,XP_047284408.1,XP_047284409.1,XP_047284410.1,XP_047284411.1,XP_047284412.1,XP_047284413.1,XP_047284414.1,XP_047284415.1,XP_047284416.1,XP_047284417.1,XP_047284418.1,XP_047284419.1,XP_047284420.1,XP_047284421.1,XP_047284422.1,XP_047284423.1,XP_047284424.1,XP_047284425.1,XP_047284426.1,XP_047284427.1,XP_047284428.1,XP_047284429.1,XP_047284430.1,XP_047284431.1,XP_047284432.1,XP_047284433.1,XP_047284434.1,XP_047284435.1,XP_047284436.1,XP_047284437.1,XP_047284438.1,XP_047284439.1,XP_047284440.1,XP_047284441.1,XP_047284442.1,XP_047284443.1,XP_047284444.1,XP_047284445.1,XP_047284446.1,XP_047284447.1,XP_047284448.1,XP_047284449.1,XP_047284450.1,XP_047284451.1,XP_047284452.1,XP_047284453.1,XP_047284454.1,XP_047284455.1,XP_047284456.1,XP_047284457.1,XP_047284458.1,XP_047284459.1,XP_047284460.1,XP_047284462.1,XP_047284463.1,XP_047284464.1,XP_047284465.1,XP_047284466.1,XP_047284467.1,XP_047284468.1,XP_047284469.1,XP_047284470.1,XP_047284471.1,XP_047284472.1,XP_047284473.1,XP_047284474.1,XP_047284475.1,XP_047284476.1,XP_047284477.1,XP_047284478.1,XP_047284479.1,XP_047284480.1,XP_047284481.1,XP_047284482.1,XP_047284483.1,XP_047284484.1,XP_047284485.1,XP_047284486.1,XP_047284487.1,XP_047284488.1,XP_047284489.1,XP_047284490.1,XP_047284491.1,XP_047284492.1,XP_047284493.1,XP_047284494.1,XP_047284495.1,XP_047284496.1,XP_047284497.1,XP_047284498.1,XP_047284499.1,XP_047284500.1,XP_047284501.1,XP_047284503.1,XP_047284505.1,XP_047284506.1,XP_047284508.1,XP_047284509.1,XP_047284510.1,XP_047284511.1,XP_047284512.1,XP_047284513.1,XP_047284514.1,XP_047284515.1,XP_047284516.1,XP_047284517.1,XP_047284518.1,XP_047284519.1,XP_047284520.1,XP_047284521.1,XP_047284522.1,XP_047284523.1,XP_047284524.1,XP_047284525.1,XP_047284526.1,XP_047284527.1,XP_047284528.1,XP_047284529.1,XP_047284530.1,XP_047284531.1,XP_047284532.1,XP_047284533.1,XP_047284534.1,XP_047284535.1,XP_047284536.1,XP_047284537.1,XP_047284538.1,XP_047284539.1,XP_047284540.1,XP_047284541.1,XP_047284542.1,XP_047284543.1,XP_047284544.1,XP_047284545.1,XP_047284546.1,XP_047284547.1,XP_047284548.1,XP_047284549.1,XP_047284550.1,XP_047284551.1,XP_047284552.1,XP_047284553.1,XP_047284554.1,XP_047284555.1,XP_047284556.1,XP_047284557.1,XP_047284558.1,XP_047284560.1,XP_047284562.1,XP_047284565.1,XP_047284566.1,XP_047284567.1,XP_047284568.1,XP_047284569.1,XP_047284570.1,XP_047284571.1,XP_047284572.1,XP_047284574.1,XP_047284578.1,XP_047284579.1,XP_047284581.1,XP_047284582.1,XP_047284584.1,XP_047284585.1,XP_047284586.1,XP_047284587.1,XP_047284588.1,XP_047284589.1,XP_047284590.1,XP_047284591.1,XP_047284592.1,XP_047284593.1,XP_047284594.1,XP_047284595.1,XP_047284596.1,XP_047284597.1,XP_047284598.1,XP_047284599.1,XP_047284600.1,XP_047284601.1,XP_047284602.1,XP_047284603.1,XP_047284604.1,XP_047284605.1,XP_047284606.1,XP_047284607.1,XP_047284608.1,XP_047284609.1,XP_047284610.1,XP_047284611.1,XP_047284612.1,XP_047284613.1,XP_047284614.1,XP_047284615.1,XP_047284616.1,XP_047284617.1,XP_047284618.1,XP_047284619.1,XP_047284620.1,XP_047284621.1,XP_047284622.1,XP_047284623.1,XP_047284624.1,XP_047284625.1,XP_047284626.1,XP_047284627.1,XP_047284628.1,XP_047284629.1,XP_047284630.1,XP_047284633.1,XP_047284634.1,XP_047284635.1,XP_047284636.1,XP_047284637.1,XP_047284638.1,XP_047284639.1,XP_047284640.1,XP_047284641.1,XP_047284642.1,XP_047284643.1,XP_047284644.1,XP_047284645.1,XP_047284646.1,XP_047284647.1,XP_047284648.1,XP_047284649.1,XP_047284650.1,XP_047284651.1,XP_047284652.1,XP_047284653.1,XP_047284654.1,XP_047284655.1,XP_047284656.1,XP_047284657.1,XP_047284658.1,XP_047284659.1,XP_047284660.1,XP_047284661.1,XP_047284662.1,XP_047284663.1,XP_047284664.1,XP_047284665.1,XP_047284666.1,XP_047284667.1,XP_047284668.1,XP_047284669.1,XP_047284670.1,XP_047284671.1,XP_047284672.1,XP_047284673.1,XP_047284674.1,XP_047284675.1,XP_047284676.1,XP_047284677.1,XP_047284678.1,XP_047284679.1,XP_047284680.1,XP_047284681.1,XP_047284682.1,XP_047284683.1,XP_047284684.1,XP_047284685.1,XP_047284686.1,XP_047284687.1,XP_047284688.1,XP_047284689.1,XP_047284690.1,XP_047284691.1,XP_047284692.1,XP_047284693.1,XP_047284694.1,XP_047284695.1,XP_047284696.1,XP_047284697.1,XP_047284698.1,XP_047284699.1,XP_047284700.1,XP_047284701.1,XP_047284702.1,XP_047284703.1,XP_047284704.1,XP_047284705.1,XP_047284706.1,XP_047284707.1,XP_047284708.1,XP_047284709.1,XP_047284710.1,XP_047284711.1,XP_047284712.1,XP_047284713.1,XP_047284714.1,XP_047284715.1,XP_047284716.1,XP_047284717.1,XP_047284720.1,XP_047284721.1,XP_047284722.1,XP_047284723.1,XP_047284724.1,XP_047284725.1,XP_047284726.1,XP_047284727.1,XP_047284728.1,XP_047284729.1,XP_047284730.1,XP_047284731.1,XP_047284732.1,XP_047284733.1,XP_047284734.1,XP_047284735.1,XP_047284736.1,XP_047284737.1,XP_047284738.1,XP_047284739.1,XP_047284740.1,XP_047284741.1,XP_047284742.1,XP_047284743.1 -tool edirect -edirect 24.0 -edirect_os Linux -email liha@pichu.rna.snu.ac.kr
EMPTY RESULT
SECOND ATTEMPT
curl: (22) The requested URL returned error: 502
 ERROR:  curl command failed ( Sat Aug  8 03:03:10 PM KST 2026 ) with: 22
-X POST https://eutils.ncbi.nlm.nih.gov/entrez/eutils/epost.fcgi -d db=protein&id=XP_047286429.1%2CXP_047286430.1%2CXP_047286431.1%2CXP_047286432.1%2CXP_047286433.1%2CXP_047286434.1%2CXP_047286435.1%2CXP_047286436.1%2CXP_047286437.1%2CXP_047286439.1%2CXP_047286440.1%2CXP_047286441.1%2CXP_047286442.1%2CXP_047286443.1%2CXP_047286444.1%2CXP_047286445.1%2CXP_047286446.1%2CXP_047286447.1%2CXP_047286448.1%2CXP_047286449.1%2CXP_047286450.1%2CXP_047286451.1%2CXP_047286452.1%2CXP_047286453.1%2CXP_047286454.1%2CXP_047286455.1%2CXP_047286456.1%2CXP_047286457.1%2CXP_047286458.1%2CXP_047286459.1%2CXP_047286460.1%2CXP_047286461.1%2CXP_047286462.1%2CXP_047286463.1%2CXP_047286464.1%2CXP_047286465.1%2CXP_047286466.1%2CXP_047286467.1%2CXP_047286468.1%2CXP_047286469.1%2CXP_047286470.1%2CXP_047286471.1%2CXP_047286472.1%2CXP_047286473.1%2CXP_047286474.1%2CXP_047286475.1%2CXP_047286476.1%2CXP_047286477.1%2CXP_047286478.1%2CXP_047286479.1%2CXP_047286480.1%2CXP_047286481.1%2CXP_047286482.1%2CXP_047286483.1%2CXP_047286484.1%2CXP_047286485.1%2CXP_047286486.1%2CXP_047286487.1%2CXP_047286488.1%2CXP_047286489.1%2CXP_047286490.1%2CXP_047286491.1%2CXP_047286492.1%2CXP_047286493.1%2CXP_047286494.1%2CXP_047286495.1%2CXP_047286496.1%2CXP_047286497.1%2CXP_047286499.1%2CXP_047286500.1%2CXP_047286501.1%2CXP_047286502.1%2CXP_047286503.1%2CXP_047286504.1%2CXP_047286505.1%2CXP_047286506.1%2CXP_047286507.1%2CXP_047286508.1%2CXP_047286509.1%2CXP_047286510.1%2CXP_047286511.1%2CXP_047286512.1%2CXP_047286513.1%2CXP_047286514.1%2CXP_047286515.1%2CXP_047286516.1%2CXP_047286517.1%2CXP_047286518.1%2CXP_047286519.1%2CXP_047286520.1%2CXP_047286521.1%2CXP_047286522.1%2CXP_047286523.1%2CXP_047286524.1%2CXP_047286525.1%2CXP_047286526.1%2CXP_047286527.1%2CXP_047286528.1%2CXP_047286529.1%2CXP_047286530.1%2CXP_047286531.1%2CXP_047286532.1%2CXP_047286533.1%2CXP_047286534.1%2CXP_047286535.1%2CXP_047286536.1%2CXP_047286537.1%2CXP_047286538.1%2CXP_047286539.1%2CXP_047286540.1%2CXP_047286541.1%2CXP_047286543.1%2CXP_047286544.1%2CXP_047286545.1%2CXP_047286546.1%2CXP_047286548.1%2CXP_047286550.1%2CXP_047286552.1%2CXP_047286553.1%2CXP_047286554.1%2CXP_047286555.1%2CXP_047286556.1%2CXP_047286557.1%2CXP_047286558.1%2CXP_047286559.1%2CXP_047286560.1%2CXP_047286561.1%2CXP_047286562.1%2CXP_047286563.1%2CXP_047286564.1%2CXP_047286565.1%2CXP_047286566.1%2CXP_047286567.1%2CXP_047286568.1%2CXP_047286569.1%2CXP_047286570.1%2CXP_047286571.1%2CXP_047286572.1%2CXP_047286573.1%2CXP_047286574.1%2CXP_047286575.1%2CXP_047286576.1%2CXP_047286577.1%2CXP_047286578.1%2CXP_047286579.1%2CXP_047286580.1%2CXP_047286581.1%2CXP_047286582.1%2CXP_047286583.1%2CXP_047286584.1%2CXP_047286585.1%2CXP_047286586.1%2CXP_047286587.1%2CXP_047286588.1%2CXP_047286589.1%2CXP_047286590.1%2CXP_047286591.1%2CXP_047286592.1%2CXP_047286593.1%2CXP_047286594.1%2CXP_047286595.1%2CXP_047286596.1%2CXP_047286597.1%2CXP_047286598.1%2CXP_047286599.1%2CXP_047286600.1%2CXP_047286601.1%2CXP_047286602.1%2CXP_047286603.1%2CXP_047286606.1%2CXP_047286607.1%2CXP_047286608.1%2CXP_047286609.1%2CXP_047286610.1%2CXP_047286612.1%2CXP_047286616.1%2CXP_047286620.1%2CXP_047286621.1%2CXP_047286623.1%2CXP_047286624.1%2CXP_047286625.1%2CXP_047286626.1%2CXP_047286627.1%2CXP_047286629.1%2CXP_047286631.1%2CXP_047286632.1%2CXP_047286633.1%2CXP_047286634.1%2CXP_047286635.1%2CXP_047286636.1%2CXP_047286637.1%2CXP_047286638.1%2CXP_047286639.1%2CXP_047286640.1%2CXP_047286641.1%2CXP_047286642.1%2CXP_047286643.1%2CXP_047286644.1%2CXP_047286645.1%2CXP_047286646.1%2CXP_047286647.1%2CXP_047286648.1%2CXP_047286649.1%2CXP_047286650.1%2CXP_047286651.1%2CXP_047286652.1%2CXP_047286653.1%2CXP_047286654.1%2CXP_047286655.1%2CXP_047286656.1%2CXP_047286657.1%2CXP_047286658.1%2CXP_047286659.1%2CXP_047286660.1%2CXP_047286661.1%2CXP_047286662.1%2CXP_047286663.1%2CXP_047286664.1%2CXP_047286665.1%2CXP_047286666.1%2CXP_047286667.1%2CXP_047286668.1%2CXP_047286669.1%2CXP_047286670.1%2CXP_047286671.1%2CXP_047286672.1%2CXP_047286673.1%2CXP_047286674.1%2CXP_047286675.1%2CXP_047286676.1%2CXP_047286677.1%2CXP_047286678.1%2CXP_047286679.1%2CXP_047286680.1%2CXP_047286681.1%2CXP_047286682.1%2CXP_047286683.1%2CXP_047286684.1%2CXP_047286685.1%2CXP_047286686.1%2CXP_047286687.1%2CXP_047286688.1%2CXP_047286689.1%2CXP_047286690.1%2CXP_047286691.1%2CXP_047286692.1%2CXP_047286693.1%2CXP_047286694.1%2CXP_047286695.1%2CXP_047286696.1%2CXP_047286697.1%2CXP_047286698.1%2CXP_047286699.1%2CXP_047286700.1%2CXP_047286701.1%2CXP_047286702.1%2CXP_047286703.1%2CXP_047286704.1%2CXP_047286705.1%2CXP_047286706.1%2CXP_047286707.1%2CXP_047286708.1%2CXP_047286709.1%2CXP_047286710.1%2CXP_047286711.1%2CXP_047286712.1%2CXP_047286713.1%2CXP_047286714.1%2CXP_047286715.1%2CXP_047286716.1%2CXP_047286717.1%2CXP_047286718.1%2CXP_047286719.1%2CXP_047286720.1%2CXP_047286721.1%2CXP_047286722.1%2CXP_047286723.1%2CXP_047286724.1%2CXP_047286725.1%2CXP_047286726.1%2CXP_047286727.1%2CXP_047286728.1%2CXP_047286729.1%2CXP_047286730.1%2CXP_047286731.1%2CXP_047286732.1%2CXP_047286733.1%2CXP_047286734.1%2CXP_047286735.1%2CXP_047286736.1%2CXP_047286737.1%2CXP_047286738.1%2CXP_047286739.1%2CXP_047286740.1%2CXP_047286741.1%2CXP_047286742.1%2CXP_047286743.1%2CXP_047286744.1%2CXP_047286745.1%2CXP_047286746.1%2CXP_047286747.1%2CXP_047286748.1%2CXP_047286749.1%2CXP_047286750.1%2CXP_047286751.1%2CXP_047286752.1%2CXP_047286753.1%2CXP_047286754.1%2CXP_047286755.1%2CXP_047286756.1%2CXP_047286757.1%2CXP_047286758.1%2CXP_047286759.1%2CXP_047286760.1%2CXP_047286761.1%2CXP_047286762.1%2CXP_047286763.1%2CXP_047286764.1%2CXP_047286765.1%2CXP_047286766.1%2CXP_047286767.1%2CXP_047286768.1%2CXP_047286769.1%2CXP_047286770.1%2CXP_047286771.1%2CXP_047286772.1%2CXP_047286773.1%2CXP_047286774.1%2CXP_047286775.1%2CXP_047286776.1%2CXP_047286777.1%2CXP_047286778.1%2CXP_047286779.1%2CXP_047286780.1%2CXP_047286781.1%2CXP_047286782.1%2CXP_047286783.1%2CXP_047286784.1%2CXP_047286785.1%2CXP_047286786.1%2CXP_047286787.1%2CXP_047286788.1%2CXP_047286789.1%2CXP_047286790.1%2CXP_047286791.1%2CXP_047286792.1%2CXP_047286793.1%2CXP_047286794.1%2CXP_047286795.1%2CXP_047286796.1%2CXP_047286797.1%2CXP_047286798.1%2CXP_047286799.1%2CXP_047286800.1%2CXP_047286801.1%2CXP_047286802.1%2CXP_047286803.1%2CXP_047286804.1%2CXP_047286805.1%2CXP_047286806.1%2CXP_047286807.1%2CXP_047286808.1%2CXP_047286809.1%2CXP_047286810.1%2CXP_047286811.1%2CXP_047286812.1%2CXP_047286813.1%2CXP_047286814.1%2CXP_047286815.1%2CXP_047286816.1%2CXP_047286817.1%2CXP_047286818.1%2CXP_047286819.1%2CXP_047286820.1%2CXP_047286821.1%2CXP_047286822.1%2CXP_047286823.1%2CXP_047286824.1%2CXP_047286825.1%2CXP_047286826.1%2CXP_047286827.1%2CXP_047286828.1%2CXP_047286829.1%2CXP_047286830.1%2CXP_047286831.1%2CXP_047286832.1%2CXP_047286833.1%2CXP_047286834.1%2CXP_047286835.1%2CXP_047286836.1%2CXP_047286838.1%2CXP_047286840.1%2CXP_047286841.1%2CXP_047286842.1%2CXP_047286843.1%2CXP_047286844.1%2CXP_047286845.1%2CXP_047286846.1%2CXP_047286847.1%2CXP_047286848.1%2CXP_047286849.1%2CXP_047286850.1%2CXP_047286851.1%2CXP_047286852.1%2CXP_047286853.1%2CXP_047286854.1%2CXP_047286855.1%2CXP_047286856.1%2CXP_047286857.1%2CXP_047286858.1%2CXP_047286859.1%2CXP_047286860.1%2CXP_047286861.1%2CXP_047286862.1%2CXP_047286863.1%2CXP_047286864.1%2CXP_047286865.1%2CXP_047286866.1%2CXP_047286867.1%2CXP_047286868.1%2CXP_047286869.1%2CXP_047286870.1%2CXP_047286871.1%2CXP_047286872.1%2CXP_047286873.1%2CXP_047286874.1%2CXP_047286875.1%2CXP_047286876.1%2CXP_047286877.1%2CXP_047286878.1%2CXP_047286879.1%2CXP_047286880.1%2CXP_047286881.1%2CXP_047286882.1%2CXP_047286883.1%2CXP_047286884.1%2CXP_047286885.1%2CXP_047286886.1%2CXP_047286887.1%2CXP_047286888.1%2CXP_047286889.1%2CXP_047286890.1%2CXP_047286891.1%2CXP_047286892.1%2CXP_047286893.1%2CXP_047286894.1%2CXP_047286895.1%2CXP_047286896.1%2CXP_047286897.1%2CXP_047286898.1%2CXP_047286899.1%2CXP_047286900.1%2CXP_047286901.1%2CXP_047286902.1%2CXP_047286903.1%2CXP_047286904.1%2CXP_047286905.1%2CXP_047286906.1%2CXP_047286907.1%2CXP_047286908.1%2CXP_047286909.1%2CXP_047286910.1%2CXP_047286911.1%2CXP_047286912.1%2CXP_047286913.1%2CXP_047286914.1%2CXP_047286915.1%2CXP_047286916.1%2CXP_047286917.1%2CXP_047286918.1%2CXP_047286919.1%2CXP_047286920.1%2CXP_047286921.1%2CXP_047286922.1%2CXP_047286932.1%2CXP_047286954.1%2CXP_047286955.1%2CXP_047286956.1%2CXP_047286957.1%2CXP_047286958.1%2CXP_047286959.1%2CXP_047286960.1%2CXP_047286961.1%2CXP_047286962.1%2CXP_047286963.1%2CXP_047286964.1%2CXP_047286965.1%2CXP_047286966.1%2CXP_047286968.1%2CXP_047286969.1%2CXP_047286970.1%2CXP_047286971.1%2CXP_047286972.1%2CXP_047286974.1%2CXP_047286975.1%2CXP_047286976.1%2CXP_047286977.1%2CXP_047286978.1%2CXP_047286979.1%2CXP_047286981.1&tool=edirect&edirect=24.0&edirect_os=Linux&email=liha%40pichu.rna.snu.ac.kr
HTTP/1.0 502 Bad Gateway
 WARNING:  FAILURE ( Sat Aug  8 03:03:10 PM KST 2026 )
nquire -url https://eutils.ncbi.nlm.nih.gov/entrez/eutils/ epost.fcgi -db protein -id XP_047286429.1,XP_047286430.1,XP_047286431.1,XP_047286432.1,XP_047286433.1,XP_047286434.1,XP_047286435.1,XP_047286436.1,XP_047286437.1,XP_047286439.1,XP_047286440.1,XP_047286441.1,XP_047286442.1,XP_047286443.1,XP_047286444.1,XP_047286445.1,XP_047286446.1,XP_047286447.1,XP_047286448.1,XP_047286449.1,XP_047286450.1,XP_047286451.1,XP_047286452.1,XP_047286453.1,XP_047286454.1,XP_047286455.1,XP_047286456.1,XP_047286457.1,XP_047286458.1,XP_047286459.1,XP_047286460.1,XP_047286461.1,XP_047286462.1,XP_047286463.1,XP_047286464.1,XP_047286465.1,XP_047286466.1,XP_047286467.1,XP_047286468.1,XP_047286469.1,XP_047286470.1,XP_047286471.1,XP_047286472.1,XP_047286473.1,XP_047286474.1,XP_047286475.1,XP_047286476.1,XP_047286477.1,XP_047286478.1,XP_047286479.1,XP_047286480.1,XP_047286481.1,XP_047286482.1,XP_047286483.1,XP_047286484.1,XP_047286485.1,XP_047286486.1,XP_047286487.1,XP_047286488.1,XP_047286489.1,XP_047286490.1,XP_047286491.1,XP_047286492.1,XP_047286493.1,XP_047286494.1,XP_047286495.1,XP_047286496.1,XP_047286497.1,XP_047286499.1,XP_047286500.1,XP_047286501.1,XP_047286502.1,XP_047286503.1,XP_047286504.1,XP_047286505.1,XP_047286506.1,XP_047286507.1,XP_047286508.1,XP_047286509.1,XP_047286510.1,XP_047286511.1,XP_047286512.1,XP_047286513.1,XP_047286514.1,XP_047286515.1,XP_047286516.1,XP_047286517.1,XP_047286518.1,XP_047286519.1,XP_047286520.1,XP_047286521.1,XP_047286522.1,XP_047286523.1,XP_047286524.1,XP_047286525.1,XP_047286526.1,XP_047286527.1,XP_047286528.1,XP_047286529.1,XP_047286530.1,XP_047286531.1,XP_047286532.1,XP_047286533.1,XP_047286534.1,XP_047286535.1,XP_047286536.1,XP_047286537.1,XP_047286538.1,XP_047286539.1,XP_047286540.1,XP_047286541.1,XP_047286543.1,XP_047286544.1,XP_047286545.1,XP_047286546.1,XP_047286548.1,XP_047286550.1,XP_047286552.1,XP_047286553.1,XP_047286554.1,XP_047286555.1,XP_047286556.1,XP_047286557.1,XP_047286558.1,XP_047286559.1,XP_047286560.1,XP_047286561.1,XP_047286562.1,XP_047286563.1,XP_047286564.1,XP_047286565.1,XP_047286566.1,XP_047286567.1,XP_047286568.1,XP_047286569.1,XP_047286570.1,XP_047286571.1,XP_047286572.1,XP_047286573.1,XP_047286574.1,XP_047286575.1,XP_047286576.1,XP_047286577.1,XP_047286578.1,XP_047286579.1,XP_047286580.1,XP_047286581.1,XP_047286582.1,XP_047286583.1,XP_047286584.1,XP_047286585.1,XP_047286586.1,XP_047286587.1,XP_047286588.1,XP_047286589.1,XP_047286590.1,XP_047286591.1,XP_047286592.1,XP_047286593.1,XP_047286594.1,XP_047286595.1,XP_047286596.1,XP_047286597.1,XP_047286598.1,XP_047286599.1,XP_047286600.1,XP_047286601.1,XP_047286602.1,XP_047286603.1,XP_047286606.1,XP_047286607.1,XP_047286608.1,XP_047286609.1,XP_047286610.1,XP_047286612.1,XP_047286616.1,XP_047286620.1,XP_047286621.1,XP_047286623.1,XP_047286624.1,XP_047286625.1,XP_047286626.1,XP_047286627.1,XP_047286629.1,XP_047286631.1,XP_047286632.1,XP_047286633.1,XP_047286634.1,XP_047286635.1,XP_047286636.1,XP_047286637.1,XP_047286638.1,XP_047286639.1,XP_047286640.1,XP_047286641.1,XP_047286642.1,XP_047286643.1,XP_047286644.1,XP_047286645.1,XP_047286646.1,XP_047286647.1,XP_047286648.1,XP_047286649.1,XP_047286650.1,XP_047286651.1,XP_047286652.1,XP_047286653.1,XP_047286654.1,XP_047286655.1,XP_047286656.1,XP_047286657.1,XP_047286658.1,XP_047286659.1,XP_047286660.1,XP_047286661.1,XP_047286662.1,XP_047286663.1,XP_047286664.1,XP_047286665.1,XP_047286666.1,XP_047286667.1,XP_047286668.1,XP_047286669.1,XP_047286670.1,XP_047286671.1,XP_047286672.1,XP_047286673.1,XP_047286674.1,XP_047286675.1,XP_047286676.1,XP_047286677.1,XP_047286678.1,XP_047286679.1,XP_047286680.1,XP_047286681.1,XP_047286682.1,XP_047286683.1,XP_047286684.1,XP_047286685.1,XP_047286686.1,XP_047286687.1,XP_047286688.1,XP_047286689.1,XP_047286690.1,XP_047286691.1,XP_047286692.1,XP_047286693.1,XP_047286694.1,XP_047286695.1,XP_047286696.1,XP_047286697.1,XP_047286698.1,XP_047286699.1,XP_047286700.1,XP_047286701.1,XP_047286702.1,XP_047286703.1,XP_047286704.1,XP_047286705.1,XP_047286706.1,XP_047286707.1,XP_047286708.1,XP_047286709.1,XP_047286710.1,XP_047286711.1,XP_047286712.1,XP_047286713.1,XP_047286714.1,XP_047286715.1,XP_047286716.1,XP_047286717.1,XP_047286718.1,XP_047286719.1,XP_047286720.1,XP_047286721.1,XP_047286722.1,XP_047286723.1,XP_047286724.1,XP_047286725.1,XP_047286726.1,XP_047286727.1,XP_047286728.1,XP_047286729.1,XP_047286730.1,XP_047286731.1,XP_047286732.1,XP_047286733.1,XP_047286734.1,XP_047286735.1,XP_047286736.1,XP_047286737.1,XP_047286738.1,XP_047286739.1,XP_047286740.1,XP_047286741.1,XP_047286742.1,XP_047286743.1,XP_047286744.1,XP_047286745.1,XP_047286746.1,XP_047286747.1,XP_047286748.1,XP_047286749.1,XP_047286750.1,XP_047286751.1,XP_047286752.1,XP_047286753.1,XP_047286754.1,XP_047286755.1,XP_047286756.1,XP_047286757.1,XP_047286758.1,XP_047286759.1,XP_047286760.1,XP_047286761.1,XP_047286762.1,XP_047286763.1,XP_047286764.1,XP_047286765.1,XP_047286766.1,XP_047286767.1,XP_047286768.1,XP_047286769.1,XP_047286770.1,XP_047286771.1,XP_047286772.1,XP_047286773.1,XP_047286774.1,XP_047286775.1,XP_047286776.1,XP_047286777.1,XP_047286778.1,XP_047286779.1,XP_047286780.1,XP_047286781.1,XP_047286782.1,XP_047286783.1,XP_047286784.1,XP_047286785.1,XP_047286786.1,XP_047286787.1,XP_047286788.1,XP_047286789.1,XP_047286790.1,XP_047286791.1,XP_047286792.1,XP_047286793.1,XP_047286794.1,XP_047286795.1,XP_047286796.1,XP_047286797.1,XP_047286798.1,XP_047286799.1,XP_047286800.1,XP_047286801.1,XP_047286802.1,XP_047286803.1,XP_047286804.1,XP_047286805.1,XP_047286806.1,XP_047286807.1,XP_047286808.1,XP_047286809.1,XP_047286810.1,XP_047286811.1,XP_047286812.1,XP_047286813.1,XP_047286814.1,XP_047286815.1,XP_047286816.1,XP_047286817.1,XP_047286818.1,XP_047286819.1,XP_047286820.1,XP_047286821.1,XP_047286822.1,XP_047286823.1,XP_047286824.1,XP_047286825.1,XP_047286826.1,XP_047286827.1,XP_047286828.1,XP_047286829.1,XP_047286830.1,XP_047286831.1,XP_047286832.1,XP_047286833.1,XP_047286834.1,XP_047286835.1,XP_047286836.1,XP_047286838.1,XP_047286840.1,XP_047286841.1,XP_047286842.1,XP_047286843.1,XP_047286844.1,XP_047286845.1,XP_047286846.1,XP_047286847.1,XP_047286848.1,XP_047286849.1,XP_047286850.1,XP_047286851.1,XP_047286852.1,XP_047286853.1,XP_047286854.1,XP_047286855.1,XP_047286856.1,XP_047286857.1,XP_047286858.1,XP_047286859.1,XP_047286860.1,XP_047286861.1,XP_047286862.1,XP_047286863.1,XP_047286864.1,XP_047286865.1,XP_047286866.1,XP_047286867.1,XP_047286868.1,XP_047286869.1,XP_047286870.1,XP_047286871.1,XP_047286872.1,XP_047286873.1,XP_047286874.1,XP_047286875.1,XP_047286876.1,XP_047286877.1,XP_047286878.1,XP_047286879.1,XP_047286880.1,XP_047286881.1,XP_047286882.1,XP_047286883.1,XP_047286884.1,XP_047286885.1,XP_047286886.1,XP_047286887.1,XP_047286888.1,XP_047286889.1,XP_047286890.1,XP_047286891.1,XP_047286892.1,XP_047286893.1,XP_047286894.1,XP_047286895.1,XP_047286896.1,XP_047286897.1,XP_047286898.1,XP_047286899.1,XP_047286900.1,XP_047286901.1,XP_047286902.1,XP_047286903.1,XP_047286904.1,XP_047286905.1,XP_047286906.1,XP_047286907.1,XP_047286908.1,XP_047286909.1,XP_047286910.1,XP_047286911.1,XP_047286912.1,XP_047286913.1,XP_047286914.1,XP_047286915.1,XP_047286916.1,XP_047286917.1,XP_047286918.1,XP_047286919.1,XP_047286920.1,XP_047286921.1,XP_047286922.1,XP_047286932.1,XP_047286954.1,XP_047286955.1,XP_047286956.1,XP_047286957.1,XP_047286958.1,XP_047286959.1,XP_047286960.1,XP_047286961.1,XP_047286962.1,XP_047286963.1,XP_047286964.1,XP_047286965.1,XP_047286966.1,XP_047286968.1,XP_047286969.1,XP_047286970.1,XP_047286971.1,XP_047286972.1,XP_047286974.1,XP_047286975.1,XP_047286976.1,XP_047286977.1,XP_047286978.1,XP_047286979.1,XP_047286981.1 -tool edirect -edirect 24.0 -edirect_os Linux -email liha@pichu.rna.snu.ac.kr
EMPTY RESULT
SECOND ATTEMPT
curl: (22) The requested URL returned error: 502
 ERROR:  curl command failed ( Sat Aug  8 03:07:46 PM KST 2026 ) with: 22
-X POST https://eutils.ncbi.nlm.nih.gov/entrez/eutils/epost.fcgi -d db=protein&id=XP_047292455.1%2CXP_047292456.1%2CXP_047292457.1%2CXP_047292458.1%2CXP_047292459.1%2CXP_047292460.1%2CXP_047292461.1%2CXP_047292462.1%2CXP_047292463.1%2CXP_047292464.1%2CXP_047292465.1%2CXP_047292466.1%2CXP_047292467.1%2CXP_047292468.1%2CXP_047292469.1%2CXP_047292470.1%2CXP_047292471.1%2CXP_047292472.1%2CXP_047292473.1%2CXP_047292474.1%2CXP_047292475.1%2CXP_047292476.1%2CXP_047292477.1%2CXP_047292478.1%2CXP_047292479.1%2CXP_047292480.1%2CXP_047292481.1%2CXP_047292482.1%2CXP_047292483.1%2CXP_047292484.1%2CXP_047292485.1%2CXP_047292486.1%2CXP_047292487.1%2CXP_047292488.1%2CXP_047292489.1%2CXP_047292493.1%2CXP_047292494.1%2CXP_047292501.1%2CXP_047292502.1%2CXP_047292504.1%2CXP_047292506.1%2CXP_047292507.1%2CXP_047292510.1%2CXP_047292512.1%2CXP_047292513.1%2CXP_047292514.1%2CXP_047292515.1%2CXP_047292516.1%2CXP_047292517.1%2CXP_047292518.1%2CXP_047292519.1%2CXP_047292525.1%2CXP_047292526.1%2CXP_047292527.1%2CXP_047292528.1%2CXP_047292529.1%2CXP_047292531.1%2CXP_047292532.1%2CXP_047292533.1%2CXP_047292536.1%2CXP_047292537.1%2CXP_047292541.1%2CXP_047292542.1%2CXP_047292544.1%2CXP_047292545.1%2CXP_047292546.1%2CXP_047292547.1%2CXP_047292549.1%2CXP_047292551.1%2CXP_047292552.1%2CXP_047292553.1%2CXP_047292555.1%2CXP_047292556.1%2CXP_047292557.1%2CXP_047292558.1%2CXP_047292559.1%2CXP_047292560.1%2CXP_047292561.1%2CXP_047292562.1%2CXP_047292563.1%2CXP_047292565.1%2CXP_047292566.1%2CXP_047292568.1%2CXP_047292569.1%2CXP_047292571.1%2CXP_047292572.1%2CXP_047292573.1%2CXP_047292574.1%2CXP_047292575.1%2CXP_047292577.1%2CXP_047292578.1%2CXP_047292579.1%2CXP_047292580.1%2CXP_047292581.1%2CXP_047292582.1%2CXP_047292583.1%2CXP_047292584.1%2CXP_047292585.1%2CXP_047292586.1%2CXP_047292587.1%2CXP_047292588.1%2CXP_047292589.1%2CXP_047292590.1%2CXP_047292591.1%2CXP_047292592.1%2CXP_047292603.1%2CXP_047292604.1%2CXP_047292605.1%2CXP_047292612.1%2CXP_047292613.1%2CXP_047292614.1%2CXP_047292615.1%2CXP_047292616.1%2CXP_047292617.1%2CXP_047292618.1%2CXP_047292620.1%2CXP_047292621.1%2CXP_047292622.1%2CXP_047292623.1%2CXP_047292624.1%2CXP_047292625.1%2CXP_047292626.1%2CXP_047292627.1%2CXP_047292629.1%2CXP_047292630.1%2CXP_047292631.1%2CXP_047292632.1%2CXP_047292633.1%2CXP_047292634.1%2CXP_047292635.1%2CXP_047292636.1%2CXP_047292637.1%2CXP_047292638.1%2CXP_047292639.1%2CXP_047292640.1%2CXP_047292641.1%2CXP_047292642.1%2CXP_047292643.1%2CXP_047292644.1%2CXP_047292645.1%2CXP_047292646.1%2CXP_047292647.1%2CXP_047292648.1%2CXP_047292649.1%2CXP_047292650.1%2CXP_047292651.1%2CXP_047292652.1%2CXP_047292653.1%2CXP_047292654.1%2CXP_047292655.1%2CXP_047292656.1%2CXP_047292657.1%2CXP_047292658.1%2CXP_047292659.1%2CXP_047292660.1%2CXP_047292661.1%2CXP_047292662.1%2CXP_047292663.1%2CXP_047292664.1%2CXP_047292665.1%2CXP_047292666.1%2CXP_047292667.1%2CXP_047292668.1%2CXP_047292669.1%2CXP_047292670.1%2CXP_047292671.1%2CXP_047292672.1%2CXP_047292673.1%2CXP_047292674.1%2CXP_047292675.1%2CXP_047292676.1%2CXP_047292677.1%2CXP_047292678.1%2CXP_047292679.1%2CXP_047292680.1%2CXP_047292681.1%2CXP_047292682.1%2CXP_047292683.1%2CXP_047292684.1%2CXP_047292685.1%2CXP_047292686.1%2CXP_047292687.1%2CXP_047292688.1%2CXP_047292689.1%2CXP_047292690.1%2CXP_047292691.1%2CXP_047292692.1%2CXP_047292693.1%2CXP_047292694.1%2CXP_047292695.1%2CXP_047292696.1%2CXP_047292697.1%2CXP_047292698.1%2CXP_047292699.1%2CXP_047292700.1%2CXP_047292701.1%2CXP_047292702.1%2CXP_047292703.1%2CXP_047292704.1%2CXP_047292705.1%2CXP_047292706.1%2CXP_047292707.1%2CXP_047292708.1%2CXP_047292709.1%2CXP_047292710.1%2CXP_047292711.1%2CXP_047292712.1%2CXP_047292713.1%2CXP_047292714.1%2CXP_047292715.1%2CXP_047292716.1%2CXP_047292717.1%2CXP_047292718.1%2CXP_047292719.1%2CXP_047292720.1%2CXP_047292721.1%2CXP_047292722.1%2CXP_047292723.1%2CXP_047292724.1%2CXP_047292725.1%2CXP_047292726.1%2CXP_047292728.1%2CXP_047292729.1%2CXP_047292730.1%2CXP_047292731.1%2CXP_047292732.1%2CXP_047292733.1%2CXP_047292734.1%2CXP_047292735.1%2CXP_047292736.1%2CXP_047292737.1%2CXP_047292738.1%2CXP_047292739.1%2CXP_047292740.1%2CXP_047292741.1%2CXP_047292742.1%2CXP_047292743.1%2CXP_047292744.1%2CXP_047292745.1%2CXP_047292746.1%2CXP_047292747.1%2CXP_047292748.1%2CXP_047292749.1%2CXP_047292750.1%2CXP_047292751.1%2CXP_047292752.1%2CXP_047292753.1%2CXP_047292754.1%2CXP_047292755.1%2CXP_047292756.1%2CXP_047292757.1%2CXP_047292758.1%2CXP_047292759.1%2CXP_047292760.1%2CXP_047292761.1%2CXP_047292762.1%2CXP_047292763.1%2CXP_047292764.1%2CXP_047292765.1%2CXP_047292766.1%2CXP_047292767.1%2CXP_047292768.1%2CXP_047292769.1%2CXP_047292770.1%2CXP_047292771.1%2CXP_047292772.1%2CXP_047292773.1%2CXP_047292774.1%2CXP_047292775.1%2CXP_047292776.1%2CXP_047292777.1%2CXP_047292778.1%2CXP_047292779.1%2CXP_047292780.1%2CXP_047292781.1%2CXP_047292782.1%2CXP_047292783.1%2CXP_047292784.1%2CXP_047292785.1%2CXP_047292786.1%2CXP_047292787.1%2CXP_047292788.1%2CXP_047292789.1%2CXP_047292790.1%2CXP_047292791.1%2CXP_047292792.1%2CXP_047292793.1%2CXP_047292794.1%2CXP_047292795.1%2CXP_047292796.1%2CXP_047292797.1%2CXP_047292798.1%2CXP_047292799.1%2CXP_047292800.1%2CXP_047292801.1%2CXP_047292802.1%2CXP_047292803.1%2CXP_047292804.1%2CXP_047292805.1%2CXP_047292807.1%2CXP_047292808.1%2CXP_047292809.1%2CXP_047292810.1%2CXP_047292811.1%2CXP_047292812.1%2CXP_047292813.1%2CXP_047292814.1%2CXP_047292816.1%2CXP_047292817.1%2CXP_047292826.1%2CXP_047292827.1%2CXP_047292828.1%2CXP_047292829.1%2CXP_047292830.1%2CXP_047292831.1%2CXP_047292832.1%2CXP_047292833.1%2CXP_047292834.1%2CXP_047292835.1%2CXP_047292836.1%2CXP_047292837.1%2CXP_047292838.1%2CXP_047292839.1%2CXP_047292840.1%2CXP_047292841.1%2CXP_047292842.1%2CXP_047292843.1%2CXP_047292844.1%2CXP_047292845.1%2CXP_047292846.1%2CXP_047292847.1%2CXP_047292848.1%2CXP_047292849.1%2CXP_047292850.1%2CXP_047292851.1%2CXP_047292852.1%2CXP_047292853.1%2CXP_047292854.1%2CXP_047292855.1%2CXP_047292856.1%2CXP_047292857.1%2CXP_047292858.1%2CXP_047292859.1%2CXP_047292860.1%2CXP_047292861.1%2CXP_047292862.1%2CXP_047292863.1%2CXP_047292864.1%2CXP_047292865.1%2CXP_047292866.1%2CXP_047292867.1%2CXP_047292868.1%2CXP_047292869.1%2CXP_047292870.1%2CXP_047292872.1%2CXP_047292873.1%2CXP_047292874.1%2CXP_047292875.1%2CXP_047292876.1%2CXP_047292877.1%2CXP_047292879.1%2CXP_047292880.1%2CXP_047292883.1%2CXP_047292884.1%2CXP_047292885.1%2CXP_047292894.1%2CXP_047292895.1%2CXP_047292896.1%2CXP_047292897.1%2CXP_047292899.1%2CXP_047292900.1%2CXP_047292901.1%2CXP_047292902.1%2CXP_047292903.1%2CXP_047292904.1%2CXP_047292905.1%2CXP_047292906.1%2CXP_047292907.1%2CXP_047292908.1%2CXP_047292909.1%2CXP_047292910.1%2CXP_047292911.1%2CXP_047292912.1%2CXP_047292913.1%2CXP_047292914.1%2CXP_047292915.1%2CXP_047292916.1%2CXP_047292917.1%2CXP_047292918.1%2CXP_047292919.1%2CXP_047292920.1%2CXP_047292921.1%2CXP_047292922.1%2CXP_047292923.1%2CXP_047292924.1%2CXP_047292925.1%2CXP_047292926.1%2CXP_047292927.1%2CXP_047292928.1%2CXP_047292929.1%2CXP_047292930.1%2CXP_047292931.1%2CXP_047292932.1%2CXP_047292933.1%2CXP_047292934.1%2CXP_047292935.1%2CXP_047292936.1%2CXP_047292937.1%2CXP_047292938.1%2CXP_047292939.1%2CXP_047292940.1%2CXP_047292941.1%2CXP_047292942.1%2CXP_047292943.1%2CXP_047292944.1%2CXP_047292945.1%2CXP_047292946.1%2CXP_047292947.1%2CXP_047292948.1%2CXP_047292949.1%2CXP_047292950.1%2CXP_047292951.1%2CXP_047292952.1%2CXP_047292953.1%2CXP_047292954.1%2CXP_047292955.1%2CXP_047292956.1%2CXP_047292957.1%2CXP_047292958.1%2CXP_047292959.1%2CXP_047292960.1%2CXP_047292961.1%2CXP_047292962.1%2CXP_047292963.1%2CXP_047292964.1%2CXP_047292965.1%2CXP_047292967.1%2CXP_047292968.1%2CXP_047292969.1%2CXP_047292970.1%2CXP_047292971.1%2CXP_047292972.1%2CXP_047292973.1%2CXP_047292974.1%2CXP_047292975.1%2CXP_047292976.1%2CXP_047292977.1%2CXP_047292978.1%2CXP_047292979.1%2CXP_047292980.1%2CXP_047292981.1%2CXP_047292982.1%2CXP_047292983.1%2CXP_047292984.1%2CXP_047292985.1%2CXP_047292986.1%2CXP_047292987.1%2CXP_047292988.1%2CXP_047292989.1%2CXP_047292990.1%2CXP_047292991.1%2CXP_047292992.1%2CXP_047292993.1%2CXP_047292994.1%2CXP_047292995.1%2CXP_047292996.1%2CXP_047292997.1%2CXP_047292998.1%2CXP_047292999.1%2CXP_047293000.1%2CXP_047293001.1%2CXP_047293002.1%2CXP_047293003.1%2CXP_047293004.1%2CXP_047293005.1%2CXP_047293006.1%2CXP_047293007.1%2CXP_047293016.1%2CXP_047293017.1%2CXP_047293018.1%2CXP_047293019.1%2CXP_047293020.1%2CXP_047293021.1%2CXP_047293022.1%2CXP_047293023.1%2CXP_047293024.1%2CXP_047293025.1%2CXP_047293026.1%2CXP_047293027.1%2CXP_047293028.1%2CXP_047293029.1%2CXP_047293030.1%2CXP_047293031.1%2CXP_047293032.1%2CXP_047293033.1%2CXP_047293034.1%2CXP_047293035.1%2CXP_047293036.1%2CXP_047293037.1%2CXP_047293040.1&tool=edirect&edirect=24.0&edirect_os=Linux&email=liha%40pichu.rna.snu.ac.kr
HTTP/1.0 502 Bad Gateway
 WARNING:  FAILURE ( Sat Aug  8 03:07:46 PM KST 2026 )
nquire -url https://eutils.ncbi.nlm.nih.gov/entrez/eutils/ epost.fcgi -db protein -id XP_047292455.1,XP_047292456.1,XP_047292457.1,XP_047292458.1,XP_047292459.1,XP_047292460.1,XP_047292461.1,XP_047292462.1,XP_047292463.1,XP_047292464.1,XP_047292465.1,XP_047292466.1,XP_047292467.1,XP_047292468.1,XP_047292469.1,XP_047292470.1,XP_047292471.1,XP_047292472.1,XP_047292473.1,XP_047292474.1,XP_047292475.1,XP_047292476.1,XP_047292477.1,XP_047292478.1,XP_047292479.1,XP_047292480.1,XP_047292481.1,XP_047292482.1,XP_047292483.1,XP_047292484.1,XP_047292485.1,XP_047292486.1,XP_047292487.1,XP_047292488.1,XP_047292489.1,XP_047292493.1,XP_047292494.1,XP_047292501.1,XP_047292502.1,XP_047292504.1,XP_047292506.1,XP_047292507.1,XP_047292510.1,XP_047292512.1,XP_047292513.1,XP_047292514.1,XP_047292515.1,XP_047292516.1,XP_047292517.1,XP_047292518.1,XP_047292519.1,XP_047292525.1,XP_047292526.1,XP_047292527.1,XP_047292528.1,XP_047292529.1,XP_047292531.1,XP_047292532.1,XP_047292533.1,XP_047292536.1,XP_047292537.1,XP_047292541.1,XP_047292542.1,XP_047292544.1,XP_047292545.1,XP_047292546.1,XP_047292547.1,XP_047292549.1,XP_047292551.1,XP_047292552.1,XP_047292553.1,XP_047292555.1,XP_047292556.1,XP_047292557.1,XP_047292558.1,XP_047292559.1,XP_047292560.1,XP_047292561.1,XP_047292562.1,XP_047292563.1,XP_047292565.1,XP_047292566.1,XP_047292568.1,XP_047292569.1,XP_047292571.1,XP_047292572.1,XP_047292573.1,XP_047292574.1,XP_047292575.1,XP_047292577.1,XP_047292578.1,XP_047292579.1,XP_047292580.1,XP_047292581.1,XP_047292582.1,XP_047292583.1,XP_047292584.1,XP_047292585.1,XP_047292586.1,XP_047292587.1,XP_047292588.1,XP_047292589.1,XP_047292590.1,XP_047292591.1,XP_047292592.1,XP_047292603.1,XP_047292604.1,XP_047292605.1,XP_047292612.1,XP_047292613.1,XP_047292614.1,XP_047292615.1,XP_047292616.1,XP_047292617.1,XP_047292618.1,XP_047292620.1,XP_047292621.1,XP_047292622.1,XP_047292623.1,XP_047292624.1,XP_047292625.1,XP_047292626.1,XP_047292627.1,XP_047292629.1,XP_047292630.1,XP_047292631.1,XP_047292632.1,XP_047292633.1,XP_047292634.1,XP_047292635.1,XP_047292636.1,XP_047292637.1,XP_047292638.1,XP_047292639.1,XP_047292640.1,XP_047292641.1,XP_047292642.1,XP_047292643.1,XP_047292644.1,XP_047292645.1,XP_047292646.1,XP_047292647.1,XP_047292648.1,XP_047292649.1,XP_047292650.1,XP_047292651.1,XP_047292652.1,XP_047292653.1,XP_047292654.1,XP_047292655.1,XP_047292656.1,XP_047292657.1,XP_047292658.1,XP_047292659.1,XP_047292660.1,XP_047292661.1,XP_047292662.1,XP_047292663.1,XP_047292664.1,XP_047292665.1,XP_047292666.1,XP_047292667.1,XP_047292668.1,XP_047292669.1,XP_047292670.1,XP_047292671.1,XP_047292672.1,XP_047292673.1,XP_047292674.1,XP_047292675.1,XP_047292676.1,XP_047292677.1,XP_047292678.1,XP_047292679.1,XP_047292680.1,XP_047292681.1,XP_047292682.1,XP_047292683.1,XP_047292684.1,XP_047292685.1,XP_047292686.1,XP_047292687.1,XP_047292688.1,XP_047292689.1,XP_047292690.1,XP_047292691.1,XP_047292692.1,XP_047292693.1,XP_047292694.1,XP_047292695.1,XP_047292696.1,XP_047292697.1,XP_047292698.1,XP_047292699.1,XP_047292700.1,XP_047292701.1,XP_047292702.1,XP_047292703.1,XP_047292704.1,XP_047292705.1,XP_047292706.1,XP_047292707.1,XP_047292708.1,XP_047292709.1,XP_047292710.1,XP_047292711.1,XP_047292712.1,XP_047292713.1,XP_047292714.1,XP_047292715.1,XP_047292716.1,XP_047292717.1,XP_047292718.1,XP_047292719.1,XP_047292720.1,XP_047292721.1,XP_047292722.1,XP_047292723.1,XP_047292724.1,XP_047292725.1,XP_047292726.1,XP_047292728.1,XP_047292729.1,XP_047292730.1,XP_047292731.1,XP_047292732.1,XP_047292733.1,XP_047292734.1,XP_047292735.1,XP_047292736.1,XP_047292737.1,XP_047292738.1,XP_047292739.1,XP_047292740.1,XP_047292741.1,XP_047292742.1,XP_047292743.1,XP_047292744.1,XP_047292745.1,XP_047292746.1,XP_047292747.1,XP_047292748.1,XP_047292749.1,XP_047292750.1,XP_047292751.1,XP_047292752.1,XP_047292753.1,XP_047292754.1,XP_047292755.1,XP_047292756.1,XP_047292757.1,XP_047292758.1,XP_047292759.1,XP_047292760.1,XP_047292761.1,XP_047292762.1,XP_047292763.1,XP_047292764.1,XP_047292765.1,XP_047292766.1,XP_047292767.1,XP_047292768.1,XP_047292769.1,XP_047292770.1,XP_047292771.1,XP_047292772.1,XP_047292773.1,XP_047292774.1,XP_047292775.1,XP_047292776.1,XP_047292777.1,XP_047292778.1,XP_047292779.1,XP_047292780.1,XP_047292781.1,XP_047292782.1,XP_047292783.1,XP_047292784.1,XP_047292785.1,XP_047292786.1,XP_047292787.1,XP_047292788.1,XP_047292789.1,XP_047292790.1,XP_047292791.1,XP_047292792.1,XP_047292793.1,XP_047292794.1,XP_047292795.1,XP_047292796.1,XP_047292797.1,XP_047292798.1,XP_047292799.1,XP_047292800.1,XP_047292801.1,XP_047292802.1,XP_047292803.1,XP_047292804.1,XP_047292805.1,XP_047292807.1,XP_047292808.1,XP_047292809.1,XP_047292810.1,XP_047292811.1,XP_047292812.1,XP_047292813.1,XP_047292814.1,XP_047292816.1,XP_047292817.1,XP_047292826.1,XP_047292827.1,XP_047292828.1,XP_047292829.1,XP_047292830.1,XP_047292831.1,XP_047292832.1,XP_047292833.1,XP_047292834.1,XP_047292835.1,XP_047292836.1,XP_047292837.1,XP_047292838.1,XP_047292839.1,XP_047292840.1,XP_047292841.1,XP_047292842.1,XP_047292843.1,XP_047292844.1,XP_047292845.1,XP_047292846.1,XP_047292847.1,XP_047292848.1,XP_047292849.1,XP_047292850.1,XP_047292851.1,XP_047292852.1,XP_047292853.1,XP_047292854.1,XP_047292855.1,XP_047292856.1,XP_047292857.1,XP_047292858.1,XP_047292859.1,XP_047292860.1,XP_047292861.1,XP_047292862.1,XP_047292863.1,XP_047292864.1,XP_047292865.1,XP_047292866.1,XP_047292867.1,XP_047292868.1,XP_047292869.1,XP_047292870.1,XP_047292872.1,XP_047292873.1,XP_047292874.1,XP_047292875.1,XP_047292876.1,XP_047292877.1,XP_047292879.1,XP_047292880.1,XP_047292883.1,XP_047292884.1,XP_047292885.1,XP_047292894.1,XP_047292895.1,XP_047292896.1,XP_047292897.1,XP_047292899.1,XP_047292900.1,XP_047292901.1,XP_047292902.1,XP_047292903.1,XP_047292904.1,XP_047292905.1,XP_047292906.1,XP_047292907.1,XP_047292908.1,XP_047292909.1,XP_047292910.1,XP_047292911.1,XP_047292912.1,XP_047292913.1,XP_047292914.1,XP_047292915.1,XP_047292916.1,XP_047292917.1,XP_047292918.1,XP_047292919.1,XP_047292920.1,XP_047292921.1,XP_047292922.1,XP_047292923.1,XP_047292924.1,XP_047292925.1,XP_047292926.1,XP_047292927.1,XP_047292928.1,XP_047292929.1,XP_047292930.1,XP_047292931.1,XP_047292932.1,XP_047292933.1,XP_047292934.1,XP_047292935.1,XP_047292936.1,XP_047292937.1,XP_047292938.1,XP_047292939.1,XP_047292940.1,XP_047292941.1,XP_047292942.1,XP_047292943.1,XP_047292944.1,XP_047292945.1,XP_047292946.1,XP_047292947.1,XP_047292948.1,XP_047292949.1,XP_047292950.1,XP_047292951.1,XP_047292952.1,XP_047292953.1,XP_047292954.1,XP_047292955.1,XP_047292956.1,XP_047292957.1,XP_047292958.1,XP_047292959.1,XP_047292960.1,XP_047292961.1,XP_047292962.1,XP_047292963.1,XP_047292964.1,XP_047292965.1,XP_047292967.1,XP_047292968.1,XP_047292969.1,XP_047292970.1,XP_047292971.1,XP_047292972.1,XP_047292973.1,XP_047292974.1,XP_047292975.1,XP_047292976.1,XP_047292977.1,XP_047292978.1,XP_047292979.1,XP_047292980.1,XP_047292981.1,XP_047292982.1,XP_047292983.1,XP_047292984.1,XP_047292985.1,XP_047292986.1,XP_047292987.1,XP_047292988.1,XP_047292989.1,XP_047292990.1,XP_047292991.1,XP_047292992.1,XP_047292993.1,XP_047292994.1,XP_047292995.1,XP_047292996.1,XP_047292997.1,XP_047292998.1,XP_047292999.1,XP_047293000.1,XP_047293001.1,XP_047293002.1,XP_047293003.1,XP_047293004.1,XP_047293005.1,XP_047293006.1,XP_047293007.1,XP_047293016.1,XP_047293017.1,XP_047293018.1,XP_047293019.1,XP_047293020.1,XP_047293021.1,XP_047293022.1,XP_047293023.1,XP_047293024.1,XP_047293025.1,XP_047293026.1,XP_047293027.1,XP_047293028.1,XP_047293029.1,XP_047293030.1,XP_047293031.1,XP_047293032.1,XP_047293033.1,XP_047293034.1,XP_047293035.1,XP_047293036.1,XP_047293037.1,XP_047293040.1 -tool edirect -edirect 24.0 -edirect_os Linux -email liha@pichu.rna.snu.ac.kr
EMPTY RESULT
SECOND ATTEMPT
curl: (22) The requested URL returned error: 502
 ERROR:  curl command failed ( Sat Aug  8 03:11:08 PM KST 2026 ) with: 22
-X POST https://eutils.ncbi.nlm.nih.gov/entrez/eutils/epost.fcgi -d db=protein&id=XP_047296959.1%2CXP_047296960.1%2CXP_047296961.1%2CXP_047296962.1%2CXP_047296963.1%2CXP_047296964.1%2CXP_047296965.1%2CXP_047296966.1%2CXP_047296967.1%2CXP_047296968.1%2CXP_047296969.1%2CXP_047296970.1%2CXP_047296971.1%2CXP_047296972.1%2CXP_047296973.1%2CXP_047296974.1%2CXP_047296975.1%2CXP_047296976.1%2CXP_047296977.1%2CXP_047296978.1%2CXP_047296979.1%2CXP_047296980.1%2CXP_047296981.1%2CXP_047296982.1%2CXP_047296983.1%2CXP_047296984.1%2CXP_047296985.1%2CXP_047296986.1%2CXP_047296987.1%2CXP_047296988.1%2CXP_047296989.1%2CXP_047296990.1%2CXP_047296991.1%2CXP_047296992.1%2CXP_047296993.1%2CXP_047296994.1%2CXP_047296995.1%2CXP_047296996.1%2CXP_047296997.1%2CXP_047296998.1%2CXP_047296999.1%2CXP_047297000.1%2CXP_047297001.1%2CXP_047297002.1%2CXP_047297003.1%2CXP_047297004.1%2CXP_047297005.1%2CXP_047297006.1%2CXP_047297007.1%2CXP_047297008.1%2CXP_047297009.1%2CXP_047297010.1%2CXP_047297011.1%2CXP_047297012.1%2CXP_047297013.1%2CXP_047297014.1%2CXP_047297015.1%2CXP_047297016.1%2CXP_047297017.1%2CXP_047297018.1%2CXP_047297019.1%2CXP_047297020.1%2CXP_047297021.1%2CXP_047297023.1%2CXP_047297024.1%2CXP_047297025.1%2CXP_047297026.1%2CXP_047297027.1%2CXP_047297028.1%2CXP_047297029.1%2CXP_047297030.1%2CXP_047297031.1%2CXP_047297032.1%2CXP_047297033.1%2CXP_047297034.1%2CXP_047297035.1%2CXP_047297036.1%2CXP_047297037.1%2CXP_047297038.1%2CXP_047297039.1%2CXP_047297040.1%2CXP_047297041.1%2CXP_047297042.1%2CXP_047297043.1%2CXP_047297044.1%2CXP_047297045.1%2CXP_047297046.1%2CXP_047297047.1%2CXP_047297048.1%2CXP_047297049.1%2CXP_047297050.1%2CXP_047297051.1%2CXP_047297052.1%2CXP_047297053.1%2CXP_047297054.1%2CXP_047297055.1%2CXP_047297056.1%2CXP_047297057.1%2CXP_047297058.1%2CXP_047297059.1%2CXP_047297063.1%2CXP_047297064.1%2CXP_047297065.1%2CXP_047297066.1%2CXP_047297067.1%2CXP_047297068.1%2CXP_047297069.1%2CXP_047297070.1%2CXP_047297071.1%2CXP_047297072.1%2CXP_047297073.1%2CXP_047297074.1%2CXP_047297075.1%2CXP_047297076.1%2CXP_047297077.1%2CXP_047297078.1%2CXP_047297079.1%2CXP_047297080.1%2CXP_047297081.1%2CXP_047297082.1%2CXP_047297083.1%2CXP_047297084.1%2CXP_047297085.1%2CXP_047297086.1%2CXP_047297087.1%2CXP_047297088.1%2CXP_047297089.1%2CXP_047297090.1%2CXP_047297091.1%2CXP_047297092.1%2CXP_047297093.1%2CXP_047297094.1%2CXP_047297095.1%2CXP_047297096.1%2CXP_047297097.1%2CXP_047297098.1%2CXP_047297099.1%2CXP_047297100.1%2CXP_047297101.1%2CXP_047297102.1%2CXP_047297103.1%2CXP_047297104.1%2CXP_047297105.1%2CXP_047297106.1%2CXP_047297107.1%2CXP_047297108.1%2CXP_047297109.1%2CXP_047297110.1%2CXP_047297111.1%2CXP_047297112.1%2CXP_047297113.1%2CXP_047297114.1%2CXP_047297115.1%2CXP_047297116.1%2CXP_047297117.1%2CXP_047297118.1%2CXP_047297119.1%2CXP_047297120.1%2CXP_047297121.1%2CXP_047297122.1%2CXP_047297123.1%2CXP_047297124.1%2CXP_047297125.1%2CXP_047297126.1%2CXP_047297127.1%2CXP_047297128.1%2CXP_047297129.1%2CXP_047297130.1%2CXP_047297131.1%2CXP_047297132.1%2CXP_047297133.1%2CXP_047297134.1%2CXP_047297135.1%2CXP_047297136.1%2CXP_047297137.1%2CXP_047297138.1%2CXP_047297139.1%2CXP_047297140.1%2CXP_047297141.1%2CXP_047297143.1%2CXP_047297144.1%2CXP_047297145.1%2CXP_047297146.1%2CXP_047297148.1%2CXP_047297153.1%2CXP_047297155.1%2CXP_047297156.1%2CXP_047297158.1%2CXP_047297159.1%2CXP_047297160.1%2CXP_047297161.1%2CXP_047297162.1%2CXP_047297163.1%2CXP_047297164.1%2CXP_047297165.1%2CXP_047297166.1%2CXP_047297167.1%2CXP_047297168.1%2CXP_047297170.1%2CXP_047297171.1%2CXP_047297172.1%2CXP_047297173.1%2CXP_047297174.1%2CXP_047297175.1%2CXP_047297176.1%2CXP_047297177.1%2CXP_047297178.1%2CXP_047297179.1%2CXP_047297180.1%2CXP_047297181.1%2CXP_047297182.1%2CXP_047297183.1%2CXP_047297184.1%2CXP_047297185.1%2CXP_047297186.1%2CXP_047297187.1%2CXP_047297188.1%2CXP_047297189.1%2CXP_047297190.1%2CXP_047297191.1%2CXP_047297192.1%2CXP_047297193.1%2CXP_047297194.1%2CXP_047297195.1%2CXP_047297196.1%2CXP_047297197.1%2CXP_047297198.1%2CXP_047297199.1%2CXP_047297200.1%2CXP_047297201.1%2CXP_047297202.1%2CXP_047297203.1%2CXP_047297204.1%2CXP_047297205.1%2CXP_047297206.1%2CXP_047297207.1%2CXP_047297208.1%2CXP_047297209.1%2CXP_047297210.1%2CXP_047297211.1%2CXP_047297212.1%2CXP_047297213.1%2CXP_047297214.1%2CXP_047297215.1%2CXP_047297216.1%2CXP_047297217.1%2CXP_047297218.1%2CXP_047297219.1%2CXP_047297220.1%2CXP_047297221.1%2CXP_047297222.1%2CXP_047297223.1%2CXP_047297224.1%2CXP_047297225.1%2CXP_047297226.1%2CXP_047297227.1%2CXP_047297228.1%2CXP_047297229.1%2CXP_047297230.1%2CXP_047297231.1%2CXP_047297232.1%2CXP_047297233.1%2CXP_047297234.1%2CXP_047297235.1%2CXP_047297236.1%2CXP_047297237.1%2CXP_047297238.1%2CXP_047297239.1%2CXP_047297240.1%2CXP_047297241.1%2CXP_047297242.1%2CXP_047297243.1%2CXP_047297244.1%2CXP_047297245.1%2CXP_047297246.1%2CXP_047297247.1%2CXP_047297248.1%2CXP_047297249.1%2CXP_047297250.1%2CXP_047297251.1%2CXP_047297252.1%2CXP_047297253.1%2CXP_047297254.1%2CXP_047297255.1%2CXP_047297256.1%2CXP_047297257.1%2CXP_047297258.1%2CXP_047297259.1%2CXP_047297260.1%2CXP_047297261.1%2CXP_047297262.1%2CXP_047297263.1%2CXP_047297264.1%2CXP_047297265.1%2CXP_047297266.1%2CXP_047297267.1%2CXP_047297268.1%2CXP_047297269.1%2CXP_047297270.1%2CXP_047297271.1%2CXP_047297272.1%2CXP_047297273.1%2CXP_047297274.1%2CXP_047297275.1%2CXP_047297276.1%2CXP_047297277.1%2CXP_047297278.1%2CXP_047297279.1%2CXP_047297280.1%2CXP_047297281.1%2CXP_047297282.1%2CXP_047297283.1%2CXP_047297284.1%2CXP_047297285.1%2CXP_047297286.1%2CXP_047297287.1%2CXP_047297289.1%2CXP_047297290.1%2CXP_047297291.1%2CXP_047297292.1%2CXP_047297293.1%2CXP_047297294.1%2CXP_047297295.1%2CXP_047297296.1%2CXP_047297297.1%2CXP_047297298.1%2CXP_047297299.1%2CXP_047297300.1%2CXP_047297301.1%2CXP_047297302.1%2CXP_047297305.1%2CXP_047297306.1%2CXP_047297307.1%2CXP_047297308.1%2CXP_047297309.1%2CXP_047297310.1%2CXP_047297311.1%2CXP_047297312.1%2CXP_047297313.1%2CXP_047297314.1%2CXP_047297315.1%2CXP_047297316.1%2CXP_047297317.1%2CXP_047297318.1%2CXP_047297319.1%2CXP_047297320.1%2CXP_047297321.1%2CXP_047297322.1%2CXP_047297323.1%2CXP_047297325.1%2CXP_047297328.1%2CXP_047297332.1%2CXP_047297333.1%2CXP_047297334.1%2CXP_047297335.1%2CXP_047297336.1%2CXP_047297337.1%2CXP_047297338.1%2CXP_047297340.1%2CXP_047297341.1%2CXP_047297342.1%2CXP_047297343.1%2CXP_047297344.1%2CXP_047297345.1%2CXP_047297346.1%2CXP_047297347.1%2CXP_047297348.1%2CXP_047297349.1%2CXP_047297350.1%2CXP_047297351.1%2CXP_047297352.1%2CXP_047297353.1%2CXP_047297354.1%2CXP_047297355.1%2CXP_047297356.1%2CXP_047297357.1%2CXP_047297358.1%2CXP_047297359.1%2CXP_047297360.1%2CXP_047297361.1%2CXP_047297362.1%2CXP_047297363.1%2CXP_047297364.1%2CXP_047297365.1%2CXP_047297366.1%2CXP_047297367.1%2CXP_047297368.1%2CXP_047297369.1%2CXP_047297370.1%2CXP_047297371.1%2CXP_047297374.1%2CXP_047297375.1%2CXP_047297376.1%2CXP_047297377.1%2CXP_047297378.1%2CXP_047297379.1%2CXP_047297380.1%2CXP_047297381.1%2CXP_047297382.1%2CXP_047297383.1%2CXP_047297384.1%2CXP_047297385.1%2CXP_047297386.1%2CXP_047297387.1%2CXP_047297388.1%2CXP_047297389.1%2CXP_047297390.1%2CXP_047297391.1%2CXP_047297392.1%2CXP_047297393.1%2CXP_047297394.1%2CXP_047297395.1%2CXP_047297396.1%2CXP_047297397.1%2CXP_047297398.1%2CXP_047297399.1%2CXP_047297400.1%2CXP_047297401.1%2CXP_047297402.1%2CXP_047297403.1%2CXP_047297404.1%2CXP_047297405.1%2CXP_047297406.1%2CXP_047297407.1%2CXP_047297408.1%2CXP_047297409.1%2CXP_047297411.1%2CXP_047297412.1%2CXP_047297413.1%2CXP_047297414.1%2CXP_047297415.1%2CXP_047297417.1%2CXP_047297418.1%2CXP_047297419.1%2CXP_047297420.1%2CXP_047297421.1%2CXP_047297422.1%2CXP_047297423.1%2CXP_047297424.1%2CXP_047297425.1%2CXP_047297426.1%2CXP_047297427.1%2CXP_047297428.1%2CXP_047297429.1%2CXP_047297430.1%2CXP_047297431.1%2CXP_047297432.1%2CXP_047297433.1%2CXP_047297434.1%2CXP_047297435.1%2CXP_047297436.1%2CXP_047297437.1%2CXP_047297438.1%2CXP_047297439.1%2CXP_047297440.1%2CXP_047297441.1%2CXP_047297442.1%2CXP_047297443.1%2CXP_047297444.1%2CXP_047297445.1%2CXP_047297446.1%2CXP_047297447.1%2CXP_047297448.1%2CXP_047297449.1%2CXP_047297450.1%2CXP_047297451.1%2CXP_047297454.1%2CXP_047297455.1%2CXP_047297456.1%2CXP_047297457.1%2CXP_047297458.1%2CXP_047297459.1%2CXP_047297460.1%2CXP_047297461.1%2CXP_047297462.1%2CXP_047297463.1%2CXP_047297464.1%2CXP_047297465.1%2CXP_047297466.1%2CXP_047297467.1%2CXP_047297468.1%2CXP_047297469.1%2CXP_047297470.1%2CXP_047297471.1%2CXP_047297472.1%2CXP_047297473.1%2CXP_047297474.1%2CXP_047297475.1%2CXP_047297476.1%2CXP_047297477.1%2CXP_047297478.1%2CXP_047297479.1%2CXP_047297480.1%2CXP_047297481.1%2CXP_047297482.1%2CXP_047297483.1%2CXP_047297484.1%2CXP_047297485.1%2CXP_047297486.1%2CXP_047297487.1&tool=edirect&edirect=24.0&edirect_os=Linux&email=liha%40pichu.rna.snu.ac.kr
HTTP/1.0 502 Bad Gateway
 WARNING:  FAILURE ( Sat Aug  8 03:11:07 PM KST 2026 )
nquire -url https://eutils.ncbi.nlm.nih.gov/entrez/eutils/ epost.fcgi -db protein -id XP_047296959.1,XP_047296960.1,XP_047296961.1,XP_047296962.1,XP_047296963.1,XP_047296964.1,XP_047296965.1,XP_047296966.1,XP_047296967.1,XP_047296968.1,XP_047296969.1,XP_047296970.1,XP_047296971.1,XP_047296972.1,XP_047296973.1,XP_047296974.1,XP_047296975.1,XP_047296976.1,XP_047296977.1,XP_047296978.1,XP_047296979.1,XP_047296980.1,XP_047296981.1,XP_047296982.1,XP_047296983.1,XP_047296984.1,XP_047296985.1,XP_047296986.1,XP_047296987.1,XP_047296988.1,XP_047296989.1,XP_047296990.1,XP_047296991.1,XP_047296992.1,XP_047296993.1,XP_047296994.1,XP_047296995.1,XP_047296996.1,XP_047296997.1,XP_047296998.1,XP_047296999.1,XP_047297000.1,XP_047297001.1,XP_047297002.1,XP_047297003.1,XP_047297004.1,XP_047297005.1,XP_047297006.1,XP_047297007.1,XP_047297008.1,XP_047297009.1,XP_047297010.1,XP_047297011.1,XP_047297012.1,XP_047297013.1,XP_047297014.1,XP_047297015.1,XP_047297016.1,XP_047297017.1,XP_047297018.1,XP_047297019.1,XP_047297020.1,XP_047297021.1,XP_047297023.1,XP_047297024.1,XP_047297025.1,XP_047297026.1,XP_047297027.1,XP_047297028.1,XP_047297029.1,XP_047297030.1,XP_047297031.1,XP_047297032.1,XP_047297033.1,XP_047297034.1,XP_047297035.1,XP_047297036.1,XP_047297037.1,XP_047297038.1,XP_047297039.1,XP_047297040.1,XP_047297041.1,XP_047297042.1,XP_047297043.1,XP_047297044.1,XP_047297045.1,XP_047297046.1,XP_047297047.1,XP_047297048.1,XP_047297049.1,XP_047297050.1,XP_047297051.1,XP_047297052.1,XP_047297053.1,XP_047297054.1,XP_047297055.1,XP_047297056.1,XP_047297057.1,XP_047297058.1,XP_047297059.1,XP_047297063.1,XP_047297064.1,XP_047297065.1,XP_047297066.1,XP_047297067.1,XP_047297068.1,XP_047297069.1,XP_047297070.1,XP_047297071.1,XP_047297072.1,XP_047297073.1,XP_047297074.1,XP_047297075.1,XP_047297076.1,XP_047297077.1,XP_047297078.1,XP_047297079.1,XP_047297080.1,XP_047297081.1,XP_047297082.1,XP_047297083.1,XP_047297084.1,XP_047297085.1,XP_047297086.1,XP_047297087.1,XP_047297088.1,XP_047297089.1,XP_047297090.1,XP_047297091.1,XP_047297092.1,XP_047297093.1,XP_047297094.1,XP_047297095.1,XP_047297096.1,XP_047297097.1,XP_047297098.1,XP_047297099.1,XP_047297100.1,XP_047297101.1,XP_047297102.1,XP_047297103.1,XP_047297104.1,XP_047297105.1,XP_047297106.1,XP_047297107.1,XP_047297108.1,XP_047297109.1,XP_047297110.1,XP_047297111.1,XP_047297112.1,XP_047297113.1,XP_047297114.1,XP_047297115.1,XP_047297116.1,XP_047297117.1,XP_047297118.1,XP_047297119.1,XP_047297120.1,XP_047297121.1,XP_047297122.1,XP_047297123.1,XP_047297124.1,XP_047297125.1,XP_047297126.1,XP_047297127.1,XP_047297128.1,XP_047297129.1,XP_047297130.1,XP_047297131.1,XP_047297132.1,XP_047297133.1,XP_047297134.1,XP_047297135.1,XP_047297136.1,XP_047297137.1,XP_047297138.1,XP_047297139.1,XP_047297140.1,XP_047297141.1,XP_047297143.1,XP_047297144.1,XP_047297145.1,XP_047297146.1,XP_047297148.1,XP_047297153.1,XP_047297155.1,XP_047297156.1,XP_047297158.1,XP_047297159.1,XP_047297160.1,XP_047297161.1,XP_047297162.1,XP_047297163.1,XP_047297164.1,XP_047297165.1,XP_047297166.1,XP_047297167.1,XP_047297168.1,XP_047297170.1,XP_047297171.1,XP_047297172.1,XP_047297173.1,XP_047297174.1,XP_047297175.1,XP_047297176.1,XP_047297177.1,XP_047297178.1,XP_047297179.1,XP_047297180.1,XP_047297181.1,XP_047297182.1,XP_047297183.1,XP_047297184.1,XP_047297185.1,XP_047297186.1,XP_047297187.1,XP_047297188.1,XP_047297189.1,XP_047297190.1,XP_047297191.1,XP_047297192.1,XP_047297193.1,XP_047297194.1,XP_047297195.1,XP_047297196.1,XP_047297197.1,XP_047297198.1,XP_047297199.1,XP_047297200.1,XP_047297201.1,XP_047297202.1,XP_047297203.1,XP_047297204.1,XP_047297205.1,XP_047297206.1,XP_047297207.1,XP_047297208.1,XP_047297209.1,XP_047297210.1,XP_047297211.1,XP_047297212.1,XP_047297213.1,XP_047297214.1,XP_047297215.1,XP_047297216.1,XP_047297217.1,XP_047297218.1,XP_047297219.1,XP_047297220.1,XP_047297221.1,XP_047297222.1,XP_047297223.1,XP_047297224.1,XP_047297225.1,XP_047297226.1,XP_047297227.1,XP_047297228.1,XP_047297229.1,XP_047297230.1,XP_047297231.1,XP_047297232.1,XP_047297233.1,XP_047297234.1,XP_047297235.1,XP_047297236.1,XP_047297237.1,XP_047297238.1,XP_047297239.1,XP_047297240.1,XP_047297241.1,XP_047297242.1,XP_047297243.1,XP_047297244.1,XP_047297245.1,XP_047297246.1,XP_047297247.1,XP_047297248.1,XP_047297249.1,XP_047297250.1,XP_047297251.1,XP_047297252.1,XP_047297253.1,XP_047297254.1,XP_047297255.1,XP_047297256.1,XP_047297257.1,XP_047297258.1,XP_047297259.1,XP_047297260.1,XP_047297261.1,XP_047297262.1,XP_047297263.1,XP_047297264.1,XP_047297265.1,XP_047297266.1,XP_047297267.1,XP_047297268.1,XP_047297269.1,XP_047297270.1,XP_047297271.1,XP_047297272.1,XP_047297273.1,XP_047297274.1,XP_047297275.1,XP_047297276.1,XP_047297277.1,XP_047297278.1,XP_047297279.1,XP_047297280.1,XP_047297281.1,XP_047297282.1,XP_047297283.1,XP_047297284.1,XP_047297285.1,XP_047297286.1,XP_047297287.1,XP_047297289.1,XP_047297290.1,XP_047297291.1,XP_047297292.1,XP_047297293.1,XP_047297294.1,XP_047297295.1,XP_047297296.1,XP_047297297.1,XP_047297298.1,XP_047297299.1,XP_047297300.1,XP_047297301.1,XP_047297302.1,XP_047297305.1,XP_047297306.1,XP_047297307.1,XP_047297308.1,XP_047297309.1,XP_047297310.1,XP_047297311.1,XP_047297312.1,XP_047297313.1,XP_047297314.1,XP_047297315.1,XP_047297316.1,XP_047297317.1,XP_047297318.1,XP_047297319.1,XP_047297320.1,XP_047297321.1,XP_047297322.1,XP_047297323.1,XP_047297325.1,XP_047297328.1,XP_047297332.1,XP_047297333.1,XP_047297334.1,XP_047297335.1,XP_047297336.1,XP_047297337.1,XP_047297338.1,XP_047297340.1,XP_047297341.1,XP_047297342.1,XP_047297343.1,XP_047297344.1,XP_047297345.1,XP_047297346.1,XP_047297347.1,XP_047297348.1,XP_047297349.1,XP_047297350.1,XP_047297351.1,XP_047297352.1,XP_047297353.1,XP_047297354.1,XP_047297355.1,XP_047297356.1,XP_047297357.1,XP_047297358.1,XP_047297359.1,XP_047297360.1,XP_047297361.1,XP_047297362.1,XP_047297363.1,XP_047297364.1,XP_047297365.1,XP_047297366.1,XP_047297367.1,XP_047297368.1,XP_047297369.1,XP_047297370.1,XP_047297371.1,XP_047297374.1,XP_047297375.1,XP_047297376.1,XP_047297377.1,XP_047297378.1,XP_047297379.1,XP_047297380.1,XP_047297381.1,XP_047297382.1,XP_047297383.1,XP_047297384.1,XP_047297385.1,XP_047297386.1,XP_047297387.1,XP_047297388.1,XP_047297389.1,XP_047297390.1,XP_047297391.1,XP_047297392.1,XP_047297393.1,XP_047297394.1,XP_047297395.1,XP_047297396.1,XP_047297397.1,XP_047297398.1,XP_047297399.1,XP_047297400.1,XP_047297401.1,XP_047297402.1,XP_047297403.1,XP_047297404.1,XP_047297405.1,XP_047297406.1,XP_047297407.1,XP_047297408.1,XP_047297409.1,XP_047297411.1,XP_047297412.1,XP_047297413.1,XP_047297414.1,XP_047297415.1,XP_047297417.1,XP_047297418.1,XP_047297419.1,XP_047297420.1,XP_047297421.1,XP_047297422.1,XP_047297423.1,XP_047297424.1,XP_047297425.1,XP_047297426.1,XP_047297427.1,XP_047297428.1,XP_047297429.1,XP_047297430.1,XP_047297431.1,XP_047297432.1,XP_047297433.1,XP_047297434.1,XP_047297435.1,XP_047297436.1,XP_047297437.1,XP_047297438.1,XP_047297439.1,XP_047297440.1,XP_047297441.1,XP_047297442.1,XP_047297443.1,XP_047297444.1,XP_047297445.1,XP_047297446.1,XP_047297447.1,XP_047297448.1,XP_047297449.1,XP_047297450.1,XP_047297451.1,XP_047297454.1,XP_047297455.1,XP_047297456.1,XP_047297457.1,XP_047297458.1,XP_047297459.1,XP_047297460.1,XP_047297461.1,XP_047297462.1,XP_047297463.1,XP_047297464.1,XP_047297465.1,XP_047297466.1,XP_047297467.1,XP_047297468.1,XP_047297469.1,XP_047297470.1,XP_047297471.1,XP_047297472.1,XP_047297473.1,XP_047297474.1,XP_047297475.1,XP_047297476.1,XP_047297477.1,XP_047297478.1,XP_047297479.1,XP_047297480.1,XP_047297481.1,XP_047297482.1,XP_047297483.1,XP_047297484.1,XP_047297485.1,XP_047297486.1,XP_047297487.1 -tool edirect -edirect 24.0 -edirect_os Linux -email liha@pichu.rna.snu.ac.kr
EMPTY RESULT
SECOND ATTEMPT
curl: (22) The requested URL returned error: 429
 ERROR:  curl command failed ( Sat Aug  8 03:34:03 PM KST 2026 ) with: 22
-X GET https://eutils.ncbi.nlm.nih.gov/entrez/eutils/esearch.fcgi?db=protein&WebEnv=MCID_6a76cdd9802b94dd690d5bc7&term=%28%231%29&retmax=0&usehistory=y&tool=edirect&edirect=24.0&edirect_os=Linux&email=liha%40pichu.rna.snu.ac.kr
HTTP/1.0 429 Too Many Requests
 WARNING:  FAILURE ( Sat Aug  8 03:34:03 PM KST 2026 )
nquire -get https://eutils.ncbi.nlm.nih.gov/entrez/eutils/ esearch.fcgi -db protein -WebEnv MCID_6a76cdd9802b94dd690d5bc7 -term \(\#1\) -retmax 0 -usehistory y -tool edirect -edirect 24.0 -edirect_os Linux -email liha@pichu.rna.snu.ac.kr
EMPTY RESULT
SECOND ATTEMPT
curl: (22) The requested URL returned error: 502
 ERROR:  curl command failed ( Sat Aug  8 03:48:16 PM KST 2026 ) with: 22
-X POST https://eutils.ncbi.nlm.nih.gov/entrez/eutils/epost.fcgi -d db=protein&id=XP_054206957.1%2CXP_054206958.1%2CXP_054206959.1%2CXP_054206960.1%2CXP_054206961.1%2CXP_054206962.1%2CXP_054206963.1%2CXP_054206964.1%2CXP_054206965.1%2CXP_054206966.1%2CXP_054206967.1%2CXP_054206968.1%2CXP_054206969.1%2CXP_054206970.1%2CXP_054206971.1%2CXP_054206972.1%2CXP_054206973.1%2CXP_054206974.1%2CXP_054206975.1%2CXP_054206976.1%2CXP_054206977.1%2CXP_054206978.1%2CXP_054206979.1%2CXP_054206980.1%2CXP_054206981.1%2CXP_054206982.1%2CXP_054206983.1%2CXP_054206984.1%2CXP_054206985.1%2CXP_054206986.1%2CXP_054206987.1%2CXP_054206988.1%2CXP_054206989.1%2CXP_054206990.1%2CXP_054206991.1%2CXP_054206992.1%2CXP_054206993.1%2CXP_054206994.1%2CXP_054206995.1%2CXP_054206996.1%2CXP_054206997.1%2CXP_054206998.1%2CXP_054206999.1%2CXP_054207000.1%2CXP_054207001.1%2CXP_054207002.1%2CXP_054207003.1%2CXP_054207004.1%2CXP_054207005.1%2CXP_054207006.1%2CXP_054207007.1%2CXP_054207008.1%2CXP_054207009.1%2CXP_054207010.1%2CXP_054207011.1%2CXP_054207012.1%2CXP_054207013.1%2CXP_054207014.1%2CXP_054207015.1%2CXP_054207016.1%2CXP_054207017.1%2CXP_054207018.1%2CXP_054207019.1%2CXP_054207020.1%2CXP_054207021.1%2CXP_054207022.1%2CXP_054207023.1%2CXP_054207024.1%2CXP_054207025.1%2CXP_054207026.1%2CXP_054207027.1%2CXP_054207028.1%2CXP_054207029.1%2CXP_054207030.1%2CXP_054207031.1%2CXP_054207032.1%2CXP_054207033.1%2CXP_054207034.1%2CXP_054207035.1%2CXP_054207036.1%2CXP_054207037.1%2CXP_054207038.1%2CXP_054207039.1%2CXP_054207040.1%2CXP_054207041.1%2CXP_054207042.1%2CXP_054207043.1%2CXP_054207044.1%2CXP_054207045.1%2CXP_054207046.1%2CXP_054207047.1%2CXP_054207048.1%2CXP_054207049.1%2CXP_054207050.1%2CXP_054207051.1%2CXP_054207052.1%2CXP_054207053.1%2CXP_054207054.1%2CXP_054207055.1%2CXP_054207056.1%2CXP_054207057.1%2CXP_054207058.1%2CXP_054207059.1%2CXP_054207060.1%2CXP_054207061.1%2CXP_054207062.1%2CXP_054207063.1%2CXP_054207064.1%2CXP_054207065.1%2CXP_054207066.1%2CXP_054207067.1%2CXP_054207068.1%2CXP_054207069.1%2CXP_054207070.1%2CXP_054207072.1%2CXP_054207073.1%2CXP_054207074.1%2CXP_054207075.1%2CXP_054207076.1%2CXP_054207077.1%2CXP_054207078.1%2CXP_054207079.1%2CXP_054207080.1%2CXP_054207081.1%2CXP_054207082.1%2CXP_054207083.1%2CXP_054207084.1%2CXP_054207085.1%2CXP_054207086.1%2CXP_054207087.1%2CXP_054207088.1%2CXP_054207089.1%2CXP_054207090.1%2CXP_054207091.1%2CXP_054207092.1%2CXP_054207093.1%2CXP_054207094.1%2CXP_054207095.1%2CXP_054207096.1%2CXP_054207097.1%2CXP_054207098.1%2CXP_054207099.1%2CXP_054207100.1%2CXP_054207101.1%2CXP_054207102.1%2CXP_054207105.1%2CXP_054207106.1%2CXP_054207107.1%2CXP_054207108.1%2CXP_054207109.1%2CXP_054207110.1%2CXP_054207111.1%2CXP_054207112.1%2CXP_054207113.1%2CXP_054207114.1%2CXP_054207115.1%2CXP_054207116.1%2CXP_054207117.1%2CXP_054207118.1%2CXP_054207119.1%2CXP_054207120.1%2CXP_054207121.1%2CXP_054207122.1%2CXP_054207123.1%2CXP_054207124.1%2CXP_054207125.1%2CXP_054207128.1%2CXP_054207129.1%2CXP_054207130.1%2CXP_054207131.1%2CXP_054207132.1%2CXP_054207133.1%2CXP_054207134.1%2CXP_054207135.1%2CXP_054207136.1%2CXP_054207137.1%2CXP_054207138.1%2CXP_054207139.1%2CXP_054207140.1%2CXP_054207141.1%2CXP_054207142.1%2CXP_054207143.1%2CXP_054207144.1%2CXP_054207145.1%2CXP_054207146.1%2CXP_054207147.1%2CXP_054207148.1%2CXP_054207149.1%2CXP_054207150.1%2CXP_054207151.1%2CXP_054207152.1%2CXP_054207153.1%2CXP_054207154.1%2CXP_054207155.1%2CXP_054207156.1%2CXP_054207157.1%2CXP_054207158.1%2CXP_054207159.1%2CXP_054207160.1%2CXP_054207161.1%2CXP_054207162.1%2CXP_054207163.1%2CXP_054207164.1%2CXP_054207165.1%2CXP_054207166.1%2CXP_054207167.1%2CXP_054207168.1%2CXP_054207169.1%2CXP_054207170.1%2CXP_054207171.1%2CXP_054207172.1%2CXP_054207173.1%2CXP_054207174.1%2CXP_054207175.1%2CXP_054207176.1%2CXP_054207177.1%2CXP_054207178.1%2CXP_054207179.1%2CXP_054207180.1%2CXP_054207181.1%2CXP_054207182.1%2CXP_054207183.1%2CXP_054207184.1%2CXP_054207185.1%2CXP_054207186.1%2CXP_054207187.1%2CXP_054207188.1%2CXP_054207189.1%2CXP_054207190.1%2CXP_054207191.1%2CXP_054207192.1%2CXP_054207193.1%2CXP_054207194.1%2CXP_054207195.1%2CXP_054207196.1%2CXP_054207197.1%2CXP_054207198.1%2CXP_054207199.1%2CXP_054207200.1%2CXP_054207201.1%2CXP_054207202.1%2CXP_054207203.1%2CXP_054207204.1%2CXP_054207205.1%2CXP_054207206.1%2CXP_054207207.1%2CXP_054207208.1%2CXP_054207209.1%2CXP_054207210.1%2CXP_054207211.1%2CXP_054207212.1%2CXP_054207213.1%2CXP_054207214.1%2CXP_054207215.1%2CXP_054207216.1%2CXP_054207217.1%2CXP_054207218.1%2CXP_054207219.1%2CXP_054207220.1%2CXP_054207221.1%2CXP_054207222.1%2CXP_054207223.1%2CXP_054207224.1%2CXP_054207225.1%2CXP_054207226.1%2CXP_054207227.1%2CXP_054207228.1%2CXP_054207229.1%2CXP_054207230.1%2CXP_054207231.1%2CXP_054207232.1%2CXP_054207233.1%2CXP_054207234.1%2CXP_054207235.1%2CXP_054207236.1%2CXP_054207237.1%2CXP_054207238.1%2CXP_054207239.1%2CXP_054207240.1%2CXP_054207241.1%2CXP_054207242.1%2CXP_054207243.1%2CXP_054207244.1%2CXP_054207245.1%2CXP_054207246.1%2CXP_054207247.1%2CXP_054207248.1%2CXP_054207249.1%2CXP_054207250.1%2CXP_054207251.1%2CXP_054207252.1%2CXP_054207253.1%2CXP_054207254.1%2CXP_054207255.1%2CXP_054207256.1%2CXP_054207257.1%2CXP_054207258.1%2CXP_054207259.1%2CXP_054207260.1%2CXP_054207261.1%2CXP_054207262.1%2CXP_054207263.1%2CXP_054207264.1%2CXP_054207265.1%2CXP_054207266.1%2CXP_054207267.1%2CXP_054207268.1%2CXP_054207269.1%2CXP_054207270.1%2CXP_054207271.1%2CXP_054207272.1%2CXP_054207273.1%2CXP_054207274.1%2CXP_054207275.1%2CXP_054207276.1%2CXP_054207277.1%2CXP_054207278.1%2CXP_054207279.1%2CXP_054207280.1%2CXP_054207281.1%2CXP_054207282.1%2CXP_054207283.1%2CXP_054207284.1%2CXP_054207285.1%2CXP_054207286.1%2CXP_054207287.1%2CXP_054207288.1%2CXP_054207289.1%2CXP_054207290.1%2CXP_054207291.1%2CXP_054207292.1%2CXP_054207293.1%2CXP_054207294.1%2CXP_054207295.1%2CXP_054207296.1%2CXP_054207297.1%2CXP_054207298.1%2CXP_054207299.1%2CXP_054207300.1%2CXP_054207301.1%2CXP_054207302.1%2CXP_054207303.1%2CXP_054207304.1%2CXP_054207305.1%2CXP_054207306.1%2CXP_054207307.1%2CXP_054207308.1%2CXP_054207309.1%2CXP_054207310.1%2CXP_054207312.1%2CXP_054207313.1%2CXP_054207315.1%2CXP_054207318.1%2CXP_054207319.1%2CXP_054207320.1%2CXP_054207321.1%2CXP_054207322.1%2CXP_054207323.1%2CXP_054207324.1%2CXP_054207325.1%2CXP_054207326.1%2CXP_054207327.1%2CXP_054207328.1%2CXP_054207329.1%2CXP_054207330.1%2CXP_054207331.1%2CXP_054207332.1%2CXP_054207341.1%2CXP_054207342.1%2CXP_054207343.1%2CXP_054207344.1%2CXP_054207345.1%2CXP_054207346.1%2CXP_054207347.1%2CXP_054207348.1%2CXP_054207349.1%2CXP_054207350.1%2CXP_054207351.1%2CXP_054207352.1%2CXP_054207353.1%2CXP_054207354.1%2CXP_054207356.1%2CXP_054207358.1%2CXP_054207359.1%2CXP_054207360.1%2CXP_054207361.1%2CXP_054207362.1%2CXP_054207363.1%2CXP_054207364.1%2CXP_054207365.1%2CXP_054207366.1%2CXP_054207367.1%2CXP_054207368.1%2CXP_054207369.1%2CXP_054207370.1%2CXP_054207371.1%2CXP_054207372.1%2CXP_054207373.1%2CXP_054207374.1%2CXP_054207375.1%2CXP_054207376.1%2CXP_054207377.1%2CXP_054207378.1%2CXP_054207379.1%2CXP_054207380.1%2CXP_054207381.1%2CXP_054207382.1%2CXP_054207383.1%2CXP_054207384.1%2CXP_054207385.1%2CXP_054207386.1%2CXP_054207387.1%2CXP_054207388.1%2CXP_054207390.1%2CXP_054207391.1%2CXP_054207392.1%2CXP_054207393.1%2CXP_054207394.1%2CXP_054207396.1%2CXP_054207399.1%2CXP_054207400.1%2CXP_054207401.1%2CXP_054207403.1%2CXP_054207404.1%2CXP_054207405.1%2CXP_054207406.1%2CXP_054207407.1%2CXP_054207408.1%2CXP_054207409.1%2CXP_054207410.1%2CXP_054207411.1%2CXP_054207412.1%2CXP_054207413.1%2CXP_054207414.1%2CXP_054207415.1%2CXP_054207416.1%2CXP_054207417.1%2CXP_054207418.1%2CXP_054207419.1%2CXP_054207420.1%2CXP_054207421.1%2CXP_054207422.1%2CXP_054207423.1%2CXP_054207424.1%2CXP_054207425.1%2CXP_054207426.1%2CXP_054207427.1%2CXP_054207428.1%2CXP_054207429.1%2CXP_054207430.1%2CXP_054207431.1%2CXP_054207432.1%2CXP_054207433.1%2CXP_054207434.1%2CXP_054207435.1%2CXP_054207436.1%2CXP_054207437.1%2CXP_054207438.1%2CXP_054207439.1%2CXP_054207440.1%2CXP_054207441.1%2CXP_054207442.1%2CXP_054207443.1%2CXP_054207444.1%2CXP_054207445.1%2CXP_054207446.1%2CXP_054207447.1%2CXP_054207448.1%2CXP_054207449.1%2CXP_054207450.1%2CXP_054207451.1%2CXP_054207452.1%2CXP_054207453.1%2CXP_054207454.1%2CXP_054207455.1%2CXP_054207456.1%2CXP_054207457.1%2CXP_054207458.1%2CXP_054207459.1%2CXP_054207460.1%2CXP_054207461.1%2CXP_054207462.1%2CXP_054207463.1%2CXP_054207464.1%2CXP_054207465.1%2CXP_054207466.1%2CXP_054207467.1%2CXP_054207468.1%2CXP_054207469.1%2CXP_054207470.1%2CXP_054207471.1%2CXP_054207472.1%2CXP_054207473.1%2CXP_054207474.1%2CXP_054207475.1%2CXP_054207476.1%2CXP_054207477.1%2CXP_054207478.1%2CXP_054207479.1%2CXP_054207480.1&tool=edirect&edirect=24.0&edirect_os=Linux&email=liha%40pichu.rna.snu.ac.kr
HTTP/1.0 502 Bad Gateway
 WARNING:  FAILURE ( Sat Aug  8 03:48:16 PM KST 2026 )
nquire -url https://eutils.ncbi.nlm.nih.gov/entrez/eutils/ epost.fcgi -db protein -id XP_054206957.1,XP_054206958.1,XP_054206959.1,XP_054206960.1,XP_054206961.1,XP_054206962.1,XP_054206963.1,XP_054206964.1,XP_054206965.1,XP_054206966.1,XP_054206967.1,XP_054206968.1,XP_054206969.1,XP_054206970.1,XP_054206971.1,XP_054206972.1,XP_054206973.1,XP_054206974.1,XP_054206975.1,XP_054206976.1,XP_054206977.1,XP_054206978.1,XP_054206979.1,XP_054206980.1,XP_054206981.1,XP_054206982.1,XP_054206983.1,XP_054206984.1,XP_054206985.1,XP_054206986.1,XP_054206987.1,XP_054206988.1,XP_054206989.1,XP_054206990.1,XP_054206991.1,XP_054206992.1,XP_054206993.1,XP_054206994.1,XP_054206995.1,XP_054206996.1,XP_054206997.1,XP_054206998.1,XP_054206999.1,XP_054207000.1,XP_054207001.1,XP_054207002.1,XP_054207003.1,XP_054207004.1,XP_054207005.1,XP_054207006.1,XP_054207007.1,XP_054207008.1,XP_054207009.1,XP_054207010.1,XP_054207011.1,XP_054207012.1,XP_054207013.1,XP_054207014.1,XP_054207015.1,XP_054207016.1,XP_054207017.1,XP_054207018.1,XP_054207019.1,XP_054207020.1,XP_054207021.1,XP_054207022.1,XP_054207023.1,XP_054207024.1,XP_054207025.1,XP_054207026.1,XP_054207027.1,XP_054207028.1,XP_054207029.1,XP_054207030.1,XP_054207031.1,XP_054207032.1,XP_054207033.1,XP_054207034.1,XP_054207035.1,XP_054207036.1,XP_054207037.1,XP_054207038.1,XP_054207039.1,XP_054207040.1,XP_054207041.1,XP_054207042.1,XP_054207043.1,XP_054207044.1,XP_054207045.1,XP_054207046.1,XP_054207047.1,XP_054207048.1,XP_054207049.1,XP_054207050.1,XP_054207051.1,XP_054207052.1,XP_054207053.1,XP_054207054.1,XP_054207055.1,XP_054207056.1,XP_054207057.1,XP_054207058.1,XP_054207059.1,XP_054207060.1,XP_054207061.1,XP_054207062.1,XP_054207063.1,XP_054207064.1,XP_054207065.1,XP_054207066.1,XP_054207067.1,XP_054207068.1,XP_054207069.1,XP_054207070.1,XP_054207072.1,XP_054207073.1,XP_054207074.1,XP_054207075.1,XP_054207076.1,XP_054207077.1,XP_054207078.1,XP_054207079.1,XP_054207080.1,XP_054207081.1,XP_054207082.1,XP_054207083.1,XP_054207084.1,XP_054207085.1,XP_054207086.1,XP_054207087.1,XP_054207088.1,XP_054207089.1,XP_054207090.1,XP_054207091.1,XP_054207092.1,XP_054207093.1,XP_054207094.1,XP_054207095.1,XP_054207096.1,XP_054207097.1,XP_054207098.1,XP_054207099.1,XP_054207100.1,XP_054207101.1,XP_054207102.1,XP_054207105.1,XP_054207106.1,XP_054207107.1,XP_054207108.1,XP_054207109.1,XP_054207110.1,XP_054207111.1,XP_054207112.1,XP_054207113.1,XP_054207114.1,XP_054207115.1,XP_054207116.1,XP_054207117.1,XP_054207118.1,XP_054207119.1,XP_054207120.1,XP_054207121.1,XP_054207122.1,XP_054207123.1,XP_054207124.1,XP_054207125.1,XP_054207128.1,XP_054207129.1,XP_054207130.1,XP_054207131.1,XP_054207132.1,XP_054207133.1,XP_054207134.1,XP_054207135.1,XP_054207136.1,XP_054207137.1,XP_054207138.1,XP_054207139.1,XP_054207140.1,XP_054207141.1,XP_054207142.1,XP_054207143.1,XP_054207144.1,XP_054207145.1,XP_054207146.1,XP_054207147.1,XP_054207148.1,XP_054207149.1,XP_054207150.1,XP_054207151.1,XP_054207152.1,XP_054207153.1,XP_054207154.1,XP_054207155.1,XP_054207156.1,XP_054207157.1,XP_054207158.1,XP_054207159.1,XP_054207160.1,XP_054207161.1,XP_054207162.1,XP_054207163.1,XP_054207164.1,XP_054207165.1,XP_054207166.1,XP_054207167.1,XP_054207168.1,XP_054207169.1,XP_054207170.1,XP_054207171.1,XP_054207172.1,XP_054207173.1,XP_054207174.1,XP_054207175.1,XP_054207176.1,XP_054207177.1,XP_054207178.1,XP_054207179.1,XP_054207180.1,XP_054207181.1,XP_054207182.1,XP_054207183.1,XP_054207184.1,XP_054207185.1,XP_054207186.1,XP_054207187.1,XP_054207188.1,XP_054207189.1,XP_054207190.1,XP_054207191.1,XP_054207192.1,XP_054207193.1,XP_054207194.1,XP_054207195.1,XP_054207196.1,XP_054207197.1,XP_054207198.1,XP_054207199.1,XP_054207200.1,XP_054207201.1,XP_054207202.1,XP_054207203.1,XP_054207204.1,XP_054207205.1,XP_054207206.1,XP_054207207.1,XP_054207208.1,XP_054207209.1,XP_054207210.1,XP_054207211.1,XP_054207212.1,XP_054207213.1,XP_054207214.1,XP_054207215.1,XP_054207216.1,XP_054207217.1,XP_054207218.1,XP_054207219.1,XP_054207220.1,XP_054207221.1,XP_054207222.1,XP_054207223.1,XP_054207224.1,XP_054207225.1,XP_054207226.1,XP_054207227.1,XP_054207228.1,XP_054207229.1,XP_054207230.1,XP_054207231.1,XP_054207232.1,XP_054207233.1,XP_054207234.1,XP_054207235.1,XP_054207236.1,XP_054207237.1,XP_054207238.1,XP_054207239.1,XP_054207240.1,XP_054207241.1,XP_054207242.1,XP_054207243.1,XP_054207244.1,XP_054207245.1,XP_054207246.1,XP_054207247.1,XP_054207248.1,XP_054207249.1,XP_054207250.1,XP_054207251.1,XP_054207252.1,XP_054207253.1,XP_054207254.1,XP_054207255.1,XP_054207256.1,XP_054207257.1,XP_054207258.1,XP_054207259.1,XP_054207260.1,XP_054207261.1,XP_054207262.1,XP_054207263.1,XP_054207264.1,XP_054207265.1,XP_054207266.1,XP_054207267.1,XP_054207268.1,XP_054207269.1,XP_054207270.1,XP_054207271.1,XP_054207272.1,XP_054207273.1,XP_054207274.1,XP_054207275.1,XP_054207276.1,XP_054207277.1,XP_054207278.1,XP_054207279.1,XP_054207280.1,XP_054207281.1,XP_054207282.1,XP_054207283.1,XP_054207284.1,XP_054207285.1,XP_054207286.1,XP_054207287.1,XP_054207288.1,XP_054207289.1,XP_054207290.1,XP_054207291.1,XP_054207292.1,XP_054207293.1,XP_054207294.1,XP_054207295.1,XP_054207296.1,XP_054207297.1,XP_054207298.1,XP_054207299.1,XP_054207300.1,XP_054207301.1,XP_054207302.1,XP_054207303.1,XP_054207304.1,XP_054207305.1,XP_054207306.1,XP_054207307.1,XP_054207308.1,XP_054207309.1,XP_054207310.1,XP_054207312.1,XP_054207313.1,XP_054207315.1,XP_054207318.1,XP_054207319.1,XP_054207320.1,XP_054207321.1,XP_054207322.1,XP_054207323.1,XP_054207324.1,XP_054207325.1,XP_054207326.1,XP_054207327.1,XP_054207328.1,XP_054207329.1,XP_054207330.1,XP_054207331.1,XP_054207332.1,XP_054207341.1,XP_054207342.1,XP_054207343.1,XP_054207344.1,XP_054207345.1,XP_054207346.1,XP_054207347.1,XP_054207348.1,XP_054207349.1,XP_054207350.1,XP_054207351.1,XP_054207352.1,XP_054207353.1,XP_054207354.1,XP_054207356.1,XP_054207358.1,XP_054207359.1,XP_054207360.1,XP_054207361.1,XP_054207362.1,XP_054207363.1,XP_054207364.1,XP_054207365.1,XP_054207366.1,XP_054207367.1,XP_054207368.1,XP_054207369.1,XP_054207370.1,XP_054207371.1,XP_054207372.1,XP_054207373.1,XP_054207374.1,XP_054207375.1,XP_054207376.1,XP_054207377.1,XP_054207378.1,XP_054207379.1,XP_054207380.1,XP_054207381.1,XP_054207382.1,XP_054207383.1,XP_054207384.1,XP_054207385.1,XP_054207386.1,XP_054207387.1,XP_054207388.1,XP_054207390.1,XP_054207391.1,XP_054207392.1,XP_054207393.1,XP_054207394.1,XP_054207396.1,XP_054207399.1,XP_054207400.1,XP_054207401.1,XP_054207403.1,XP_054207404.1,XP_054207405.1,XP_054207406.1,XP_054207407.1,XP_054207408.1,XP_054207409.1,XP_054207410.1,XP_054207411.1,XP_054207412.1,XP_054207413.1,XP_054207414.1,XP_054207415.1,XP_054207416.1,XP_054207417.1,XP_054207418.1,XP_054207419.1,XP_054207420.1,XP_054207421.1,XP_054207422.1,XP_054207423.1,XP_054207424.1,XP_054207425.1,XP_054207426.1,XP_054207427.1,XP_054207428.1,XP_054207429.1,XP_054207430.1,XP_054207431.1,XP_054207432.1,XP_054207433.1,XP_054207434.1,XP_054207435.1,XP_054207436.1,XP_054207437.1,XP_054207438.1,XP_054207439.1,XP_054207440.1,XP_054207441.1,XP_054207442.1,XP_054207443.1,XP_054207444.1,XP_054207445.1,XP_054207446.1,XP_054207447.1,XP_054207448.1,XP_054207449.1,XP_054207450.1,XP_054207451.1,XP_054207452.1,XP_054207453.1,XP_054207454.1,XP_054207455.1,XP_054207456.1,XP_054207457.1,XP_054207458.1,XP_054207459.1,XP_054207460.1,XP_054207461.1,XP_054207462.1,XP_054207463.1,XP_054207464.1,XP_054207465.1,XP_054207466.1,XP_054207467.1,XP_054207468.1,XP_054207469.1,XP_054207470.1,XP_054207471.1,XP_054207472.1,XP_054207473.1,XP_054207474.1,XP_054207475.1,XP_054207476.1,XP_054207477.1,XP_054207478.1,XP_054207479.1,XP_054207480.1 -tool edirect -edirect 24.0 -edirect_os Linux -email liha@pichu.rna.snu.ac.kr
EMPTY RESULT
SECOND ATTEMPT
curl: (22) The requested URL returned error: 429
 ERROR:  curl command failed ( Sat Aug  8 04:05:51 PM KST 2026 ) with: 22
-X GET https://eutils.ncbi.nlm.nih.gov/entrez/eutils/esearch.fcgi?db=protein&WebEnv=MCID_6a76d54b7e55e6a6ad06bc98&term=%28%231%29&retmax=0&usehistory=y&tool=edirect&edirect=24.0&edirect_os=Linux&email=liha%40pichu.rna.snu.ac.kr
HTTP/1.0 429 Too Many Requests
 WARNING:  FAILURE ( Sat Aug  8 04:05:51 PM KST 2026 )
nquire -get https://eutils.ncbi.nlm.nih.gov/entrez/eutils/ esearch.fcgi -db protein -WebEnv MCID_6a76d54b7e55e6a6ad06bc98 -term \(\#1\) -retmax 0 -usehistory y -tool edirect -edirect 24.0 -edirect_os Linux -email liha@pichu.rna.snu.ac.kr
EMPTY RESULT
SECOND ATTEMPT
