qseqid	saccver	pident	length	qcovs	evalue	bitscore	stitle	source_file	organism	filepath
TENT5A_Homo_sapiens	XP_070567423.1	63.089	382	85	1.55e-161	461	terminal nucleotidyltransferase 5A-like [Ptychodera flava]	Hemichordata_TENT5A-B-C-D.txt	Hemichordata_Ptychodera_flava	/rna/liha/phylogenomics_practice/TENT/TENT5/Blast/Results/Hemichordata_Ptychodera_flava/Hemichordata_TENT5A-B-C-D.txt
TENT5A_Homo_sapiens	XP_070535315.1	27.941	68	15	2.5	31.2	uncharacterized protein [Ptychodera flava]	Hemichordata_TENT5A-B-C-D.txt	Hemichordata_Ptychodera_flava	/rna/liha/phylogenomics_practice/TENT/TENT5/Blast/Results/Hemichordata_Ptychodera_flava/Hemichordata_TENT5A-B-C-D.txt
TENT5B_Homo_sapiens	XP_070567423.1	56.430	381	88	1.00e-143	416	terminal nucleotidyltransferase 5A-like [Ptychodera flava]	Hemichordata_TENT5A-B-C-D.txt	Hemichordata_Ptychodera_flava	/rna/liha/phylogenomics_practice/TENT/TENT5/Blast/Results/Hemichordata_Ptychodera_flava/Hemichordata_TENT5A-B-C-D.txt
TENT5B_Homo_sapiens	XP_070579983.1	26.667	210	44	5.1	30.4	uncharacterized protein [Ptychodera flava]	Hemichordata_TENT5A-B-C-D.txt	Hemichordata_Ptychodera_flava	/rna/liha/phylogenomics_practice/TENT/TENT5/Blast/Results/Hemichordata_Ptychodera_flava/Hemichordata_TENT5A-B-C-D.txt
TENT5B_Homo_sapiens	XP_070545407.1	33.333	45	11	8.8	29.6	outer mitochondrial transmembrane helix translocase-like [Ptychodera flava]	Hemichordata_TENT5A-B-C-D.txt	Hemichordata_Ptychodera_flava	/rna/liha/phylogenomics_practice/TENT/TENT5/Blast/Results/Hemichordata_Ptychodera_flava/Hemichordata_TENT5A-B-C-D.txt
TENT5B_Homo_sapiens	XP_070554747.1	27.586	58	14	9.6	29.6	beta-1,4 N-acetylgalactosaminyltransferase 2-like [Ptychodera flava]	Hemichordata_TENT5A-B-C-D.txt	Hemichordata_Ptychodera_flava	/rna/liha/phylogenomics_practice/TENT/TENT5/Blast/Results/Hemichordata_Ptychodera_flava/Hemichordata_TENT5A-B-C-D.txt
TENT5C_Homo_sapiens	XP_070567423.1	58.690	397	100	2.27e-158	451	terminal nucleotidyltransferase 5A-like [Ptychodera flava]	Hemichordata_TENT5A-B-C-D.txt	Hemichordata_Ptychodera_flava	/rna/liha/phylogenomics_practice/TENT/TENT5/Blast/Results/Hemichordata_Ptychodera_flava/Hemichordata_TENT5A-B-C-D.txt
TENT5C_Homo_sapiens	XP_070537657.1	46.154	26	7	5.0	28.9	uncharacterized protein [Ptychodera flava]	Hemichordata_TENT5A-B-C-D.txt	Hemichordata_Ptychodera_flava	/rna/liha/phylogenomics_practice/TENT/TENT5/Blast/Results/Hemichordata_Ptychodera_flava/Hemichordata_TENT5A-B-C-D.txt
TENT5C_Homo_sapiens	XP_070553624.1	19.388	98	20	8.6	29.6	uncharacterized protein [Ptychodera flava]	Hemichordata_TENT5A-B-C-D.txt	Hemichordata_Ptychodera_flava	/rna/liha/phylogenomics_practice/TENT/TENT5/Blast/Results/Hemichordata_Ptychodera_flava/Hemichordata_TENT5A-B-C-D.txt
TENT5C_Homo_sapiens	XP_070554596.1	31.707	41	10	8.8	29.3	2-Hydroxyacid oxidase 1-like [Ptychodera flava]	Hemichordata_TENT5A-B-C-D.txt	Hemichordata_Ptychodera_flava	/rna/liha/phylogenomics_practice/TENT/TENT5/Blast/Results/Hemichordata_Ptychodera_flava/Hemichordata_TENT5A-B-C-D.txt
TENT5D_Homo_sapiens	XP_070567423.1	58.683	334	86	4.08e-140	405	terminal nucleotidyltransferase 5A-like [Ptychodera flava]	Hemichordata_TENT5A-B-C-D.txt	Hemichordata_Ptychodera_flava	/rna/liha/phylogenomics_practice/TENT/TENT5/Blast/Results/Hemichordata_Ptychodera_flava/Hemichordata_TENT5A-B-C-D.txt
TENT5D_Homo_sapiens	XP_070581653.1	25.610	164	39	3.9	30.8	arylsulfatase B-like [Ptychodera flava]	Hemichordata_TENT5A-B-C-D.txt	Hemichordata_Ptychodera_flava	/rna/liha/phylogenomics_practice/TENT/TENT5/Blast/Results/Hemichordata_Ptychodera_flava/Hemichordata_TENT5A-B-C-D.txt
TENT5A_Homo_sapiens	XP_006825326.1	61.697	389	85	8.55e-162	461	terminal nucleotidyltransferase 5A-like [Saccoglossus kowalevskii]	Hemichordata_TENT5A-B-C-D.txt	Hemichordata_Saccoglossus_kowalevskii	/rna/liha/phylogenomics_practice/TENT/TENT5/Blast/Results/Hemichordata_Saccoglossus_kowalevskii/Hemichordata_TENT5A-B-C-D.txt
TENT5A_Homo_sapiens	XP_077870453.1	43.590	39	9	1.1	31.2	beta-1,3-galactosyl-O-glycosyl-glycoprotein beta-1,6-N-acetylglucosaminyltransferase-like [Saccoglossus kowalevskii]	Hemichordata_TENT5A-B-C-D.txt	Hemichordata_Saccoglossus_kowalevskii	/rna/liha/phylogenomics_practice/TENT/TENT5/Blast/Results/Hemichordata_Saccoglossus_kowalevskii/Hemichordata_TENT5A-B-C-D.txt
TENT5A_Homo_sapiens	XP_002737251.1	25.000	68	15	1.8	30.8	tRNA N6-adenosine threonylcarbamoyltransferase, mitochondrial-like [Saccoglossus kowalevskii]	Hemichordata_TENT5A-B-C-D.txt	Hemichordata_Saccoglossus_kowalevskii	/rna/liha/phylogenomics_practice/TENT/TENT5/Blast/Results/Hemichordata_Saccoglossus_kowalevskii/Hemichordata_TENT5A-B-C-D.txt
TENT5B_Homo_sapiens	XP_006825326.1	52.926	393	88	1.08e-142	412	terminal nucleotidyltransferase 5A-like [Saccoglossus kowalevskii]	Hemichordata_TENT5A-B-C-D.txt	Hemichordata_Saccoglossus_kowalevskii	/rna/liha/phylogenomics_practice/TENT/TENT5/Blast/Results/Hemichordata_Saccoglossus_kowalevskii/Hemichordata_TENT5A-B-C-D.txt
TENT5B_Homo_sapiens	XP_077869565.1	39.024	41	10	0.33	33.1	F-box only protein 10-like [Saccoglossus kowalevskii]	Hemichordata_TENT5A-B-C-D.txt	Hemichordata_Saccoglossus_kowalevskii	/rna/liha/phylogenomics_practice/TENT/TENT5/Blast/Results/Hemichordata_Saccoglossus_kowalevskii/Hemichordata_TENT5A-B-C-D.txt
TENT5B_Homo_sapiens	XP_006819549.2	27.273	88	20	0.60	32.3	fidgetin-like protein 1 [Saccoglossus kowalevskii]	Hemichordata_TENT5A-B-C-D.txt	Hemichordata_Saccoglossus_kowalevskii	/rna/liha/phylogenomics_practice/TENT/TENT5/Blast/Results/Hemichordata_Saccoglossus_kowalevskii/Hemichordata_TENT5A-B-C-D.txt
TENT5B_Homo_sapiens	XP_077862516.1	29.688	64	12	1.6	30.8	LOW QUALITY PROTEIN: phospholipid-transporting ATPase IF-like [Saccoglossus kowalevskii]	Hemichordata_TENT5A-B-C-D.txt	Hemichordata_Saccoglossus_kowalevskii	/rna/liha/phylogenomics_practice/TENT/TENT5/Blast/Results/Hemichordata_Saccoglossus_kowalevskii/Hemichordata_TENT5A-B-C-D.txt
TENT5B_Homo_sapiens	XP_077870006.1	47.222	36	8	1.7	30.8	atrial natriuretic peptide receptor 1-like [Saccoglossus kowalevskii]	Hemichordata_TENT5A-B-C-D.txt	Hemichordata_Saccoglossus_kowalevskii	/rna/liha/phylogenomics_practice/TENT/TENT5/Blast/Results/Hemichordata_Saccoglossus_kowalevskii/Hemichordata_TENT5A-B-C-D.txt
TENT5B_Homo_sapiens	XP_006822141.2	28.125	96	22	2.9	30.0	carboxypeptidase B-like [Saccoglossus kowalevskii]	Hemichordata_TENT5A-B-C-D.txt	Hemichordata_Saccoglossus_kowalevskii	/rna/liha/phylogenomics_practice/TENT/TENT5/Blast/Results/Hemichordata_Saccoglossus_kowalevskii/Hemichordata_TENT5A-B-C-D.txt
TENT5C_Homo_sapiens	XP_006825326.1	58.974	390	96	1.03e-156	446	terminal nucleotidyltransferase 5A-like [Saccoglossus kowalevskii]	Hemichordata_TENT5A-B-C-D.txt	Hemichordata_Saccoglossus_kowalevskii	/rna/liha/phylogenomics_practice/TENT/TENT5/Blast/Results/Hemichordata_Saccoglossus_kowalevskii/Hemichordata_TENT5A-B-C-D.txt
TENT5C_Homo_sapiens	XP_077866333.1	32.075	53	13	1.8	30.4	LOW QUALITY PROTEIN: mediator of RNA polymerase II transcription subunit 25-like [Saccoglossus kowalevskii]	Hemichordata_TENT5A-B-C-D.txt	Hemichordata_Saccoglossus_kowalevskii	/rna/liha/phylogenomics_practice/TENT/TENT5/Blast/Results/Hemichordata_Saccoglossus_kowalevskii/Hemichordata_TENT5A-B-C-D.txt
TENT5C_Homo_sapiens	XP_077865910.1	35.135	37	9	4.6	29.3	xaa-Pro aminopeptidase 1-like, partial [Saccoglossus kowalevskii]	Hemichordata_TENT5A-B-C-D.txt	Hemichordata_Saccoglossus_kowalevskii	/rna/liha/phylogenomics_practice/TENT/TENT5/Blast/Results/Hemichordata_Saccoglossus_kowalevskii/Hemichordata_TENT5A-B-C-D.txt
TENT5C_Homo_sapiens	XP_006812487.1	33.333	57	14	6.2	28.1	fucolectin-like [Saccoglossus kowalevskii]	Hemichordata_TENT5A-B-C-D.txt	Hemichordata_Saccoglossus_kowalevskii	/rna/liha/phylogenomics_practice/TENT/TENT5/Blast/Results/Hemichordata_Saccoglossus_kowalevskii/Hemichordata_TENT5A-B-C-D.txt
TENT5D_Homo_sapiens	XP_006825326.1	58.284	338	87	2.03e-141	407	terminal nucleotidyltransferase 5A-like [Saccoglossus kowalevskii]	Hemichordata_TENT5A-B-C-D.txt	Hemichordata_Saccoglossus_kowalevskii	/rna/liha/phylogenomics_practice/TENT/TENT5/Blast/Results/Hemichordata_Saccoglossus_kowalevskii/Hemichordata_TENT5A-B-C-D.txt
TENT5D_Homo_sapiens	XP_002735598.1	40.625	32	8	1.1	30.8	uncharacterized protein LOC100371873 isoform X1 [Saccoglossus kowalevskii]	Hemichordata_TENT5A-B-C-D.txt	Hemichordata_Saccoglossus_kowalevskii	/rna/liha/phylogenomics_practice/TENT/TENT5/Blast/Results/Hemichordata_Saccoglossus_kowalevskii/Hemichordata_TENT5A-B-C-D.txt
TENT5D_Homo_sapiens	XP_006817575.1	40.625	32	8	1.7	30.0	uncharacterized protein LOC100371873 isoform X3 [Saccoglossus kowalevskii]	Hemichordata_TENT5A-B-C-D.txt	Hemichordata_Saccoglossus_kowalevskii	/rna/liha/phylogenomics_practice/TENT/TENT5/Blast/Results/Hemichordata_Saccoglossus_kowalevskii/Hemichordata_TENT5A-B-C-D.txt
TENT5D_Homo_sapiens	XP_002738356.1	26.733	101	25	1.8	30.4	metabotropic glutamate receptor 8-like [Saccoglossus kowalevskii]	Hemichordata_TENT5A-B-C-D.txt	Hemichordata_Saccoglossus_kowalevskii	/rna/liha/phylogenomics_practice/TENT/TENT5/Blast/Results/Hemichordata_Saccoglossus_kowalevskii/Hemichordata_TENT5A-B-C-D.txt
TENT5D_Homo_sapiens	XP_077866831.1	54.167	24	6	2.2	30.0	sphingomyelin phosphodiesterase-like [Saccoglossus kowalevskii]	Hemichordata_TENT5A-B-C-D.txt	Hemichordata_Saccoglossus_kowalevskii	/rna/liha/phylogenomics_practice/TENT/TENT5/Blast/Results/Hemichordata_Saccoglossus_kowalevskii/Hemichordata_TENT5A-B-C-D.txt
TENT5D_Homo_sapiens	XP_002735665.1	32.812	64	15	2.4	30.0	intraflagellar transport protein 70A-like [Saccoglossus kowalevskii]	Hemichordata_TENT5A-B-C-D.txt	Hemichordata_Saccoglossus_kowalevskii	/rna/liha/phylogenomics_practice/TENT/TENT5/Blast/Results/Hemichordata_Saccoglossus_kowalevskii/Hemichordata_TENT5A-B-C-D.txt
TENT5D_Homo_sapiens	XP_002732152.1	26.027	73	19	3.7	29.3	AP-3 complex subunit mu-1 [Saccoglossus kowalevskii]	Hemichordata_TENT5A-B-C-D.txt	Hemichordata_Saccoglossus_kowalevskii	/rna/liha/phylogenomics_practice/TENT/TENT5/Blast/Results/Hemichordata_Saccoglossus_kowalevskii/Hemichordata_TENT5A-B-C-D.txt
TENT5D_Homo_sapiens	XP_002735599.1	40.625	32	8	6.0	28.5	uncharacterized protein LOC100371873 isoform X2 [Saccoglossus kowalevskii]	Hemichordata_TENT5A-B-C-D.txt	Hemichordata_Saccoglossus_kowalevskii	/rna/liha/phylogenomics_practice/TENT/TENT5/Blast/Results/Hemichordata_Saccoglossus_kowalevskii/Hemichordata_TENT5A-B-C-D.txt
TENT5D_Homo_sapiens	XP_006817576.1	40.625	32	8	8.3	28.1	uncharacterized protein LOC100371873 isoform X4 [Saccoglossus kowalevskii]	Hemichordata_TENT5A-B-C-D.txt	Hemichordata_Saccoglossus_kowalevskii	/rna/liha/phylogenomics_practice/TENT/TENT5/Blast/Results/Hemichordata_Saccoglossus_kowalevskii/Hemichordata_TENT5A-B-C-D.txt
TENT5A_Homo_sapiens	XP_077976852.1	69.394	330	74	4.53e-159	454	terminal nucleotidyltransferase 5C-like [Glandiceps talaboti]	Hemichordata_TENT5A-B-C-D.txt	Hemichordata_Glandiceps_talaboti	/rna/liha/phylogenomics_practice/TENT/TENT5/Blast/Results/Hemichordata_Glandiceps_talaboti/Hemichordata_TENT5A-B-C-D.txt
TENT5A_Homo_sapiens	XP_077991035.1	30.380	79	16	0.23	33.9	uncharacterized protein LOC144445370 [Glandiceps talaboti]	Hemichordata_TENT5A-B-C-D.txt	Hemichordata_Glandiceps_talaboti	/rna/liha/phylogenomics_practice/TENT/TENT5/Blast/Results/Hemichordata_Glandiceps_talaboti/Hemichordata_TENT5A-B-C-D.txt
TENT5A_Homo_sapiens	XP_077987019.1	29.487	78	17	0.96	32.3	laminin subunit alpha-1-like [Glandiceps talaboti]	Hemichordata_TENT5A-B-C-D.txt	Hemichordata_Glandiceps_talaboti	/rna/liha/phylogenomics_practice/TENT/TENT5/Blast/Results/Hemichordata_Glandiceps_talaboti/Hemichordata_TENT5A-B-C-D.txt
TENT5B_Homo_sapiens	XP_077976852.1	60.479	334	79	1.56e-142	412	terminal nucleotidyltransferase 5C-like [Glandiceps talaboti]	Hemichordata_TENT5A-B-C-D.txt	Hemichordata_Glandiceps_talaboti	/rna/liha/phylogenomics_practice/TENT/TENT5/Blast/Results/Hemichordata_Glandiceps_talaboti/Hemichordata_TENT5A-B-C-D.txt
TENT5B_Homo_sapiens	XP_077992201.1	30.435	69	16	0.67	32.3	fidgetin-like protein 1 [Glandiceps talaboti]	Hemichordata_TENT5A-B-C-D.txt	Hemichordata_Glandiceps_talaboti	/rna/liha/phylogenomics_practice/TENT/TENT5/Blast/Results/Hemichordata_Glandiceps_talaboti/Hemichordata_TENT5A-B-C-D.txt
TENT5B_Homo_sapiens	XP_077990780.1	36.585	41	10	4.0	30.0	uncharacterized protein LOC144445100 [Glandiceps talaboti]	Hemichordata_TENT5A-B-C-D.txt	Hemichordata_Glandiceps_talaboti	/rna/liha/phylogenomics_practice/TENT/TENT5/Blast/Results/Hemichordata_Glandiceps_talaboti/Hemichordata_TENT5A-B-C-D.txt
TENT5B_Homo_sapiens	XP_077979355.1	32.787	61	14	4.4	30.0	cullin-2-like [Glandiceps talaboti]	Hemichordata_TENT5A-B-C-D.txt	Hemichordata_Glandiceps_talaboti	/rna/liha/phylogenomics_practice/TENT/TENT5/Blast/Results/Hemichordata_Glandiceps_talaboti/Hemichordata_TENT5A-B-C-D.txt
TENT5B_Homo_sapiens	XP_077991035.1	30.882	68	16	8.0	28.9	uncharacterized protein LOC144445370 [Glandiceps talaboti]	Hemichordata_TENT5A-B-C-D.txt	Hemichordata_Glandiceps_talaboti	/rna/liha/phylogenomics_practice/TENT/TENT5/Blast/Results/Hemichordata_Glandiceps_talaboti/Hemichordata_TENT5A-B-C-D.txt
TENT5B_Homo_sapiens	XP_077986693.1	25.000	112	24	9.9	27.7	uncharacterized protein LOC144441052 [Glandiceps talaboti]	Hemichordata_TENT5A-B-C-D.txt	Hemichordata_Glandiceps_talaboti	/rna/liha/phylogenomics_practice/TENT/TENT5/Blast/Results/Hemichordata_Glandiceps_talaboti/Hemichordata_TENT5A-B-C-D.txt
TENT5C_Homo_sapiens	XP_077976852.1	58.209	402	100	6.94e-157	447	terminal nucleotidyltransferase 5C-like [Glandiceps talaboti]	Hemichordata_TENT5A-B-C-D.txt	Hemichordata_Glandiceps_talaboti	/rna/liha/phylogenomics_practice/TENT/TENT5/Blast/Results/Hemichordata_Glandiceps_talaboti/Hemichordata_TENT5A-B-C-D.txt
TENT5C_Homo_sapiens	XP_078000343.1	32.530	83	17	3.9	29.6	ankyrin repeat and protein kinase domain-containing protein 1-like isoform X1 [Glandiceps talaboti]	Hemichordata_TENT5A-B-C-D.txt	Hemichordata_Glandiceps_talaboti	/rna/liha/phylogenomics_practice/TENT/TENT5/Blast/Results/Hemichordata_Glandiceps_talaboti/Hemichordata_TENT5A-B-C-D.txt
TENT5C_Homo_sapiens	XP_078000347.1	30.303	99	20	4.3	29.6	uncharacterized protein LOC144452975 isoform X2 [Glandiceps talaboti]	Hemichordata_TENT5A-B-C-D.txt	Hemichordata_Glandiceps_talaboti	/rna/liha/phylogenomics_practice/TENT/TENT5/Blast/Results/Hemichordata_Glandiceps_talaboti/Hemichordata_TENT5A-B-C-D.txt
TENT5C_Homo_sapiens	XP_077992876.1	26.263	99	25	8.4	28.9	uncharacterized protein LOC144446905 [Glandiceps talaboti]	Hemichordata_TENT5A-B-C-D.txt	Hemichordata_Glandiceps_talaboti	/rna/liha/phylogenomics_practice/TENT/TENT5/Blast/Results/Hemichordata_Glandiceps_talaboti/Hemichordata_TENT5A-B-C-D.txt
TENT5D_Homo_sapiens	XP_077976852.1	59.451	328	84	7.82e-139	401	terminal nucleotidyltransferase 5C-like [Glandiceps talaboti]	Hemichordata_TENT5A-B-C-D.txt	Hemichordata_Glandiceps_talaboti	/rna/liha/phylogenomics_practice/TENT/TENT5/Blast/Results/Hemichordata_Glandiceps_talaboti/Hemichordata_TENT5A-B-C-D.txt
TENT5D_Homo_sapiens	XP_077998830.1	28.788	66	17	1.6	31.2	uncharacterized protein LOC144451802 [Glandiceps talaboti]	Hemichordata_TENT5A-B-C-D.txt	Hemichordata_Glandiceps_talaboti	/rna/liha/phylogenomics_practice/TENT/TENT5/Blast/Results/Hemichordata_Glandiceps_talaboti/Hemichordata_TENT5A-B-C-D.txt
TENT5D_Homo_sapiens	XP_077994370.1	30.435	69	17	1.9	30.8	putative ammonium transporter 1 [Glandiceps talaboti]	Hemichordata_TENT5A-B-C-D.txt	Hemichordata_Glandiceps_talaboti	/rna/liha/phylogenomics_practice/TENT/TENT5/Blast/Results/Hemichordata_Glandiceps_talaboti/Hemichordata_TENT5A-B-C-D.txt
TENT5D_Homo_sapiens	XP_077977414.1	32.143	56	13	2.3	30.4	uncharacterized protein LOC144432975 [Glandiceps talaboti]	Hemichordata_TENT5A-B-C-D.txt	Hemichordata_Glandiceps_talaboti	/rna/liha/phylogenomics_practice/TENT/TENT5/Blast/Results/Hemichordata_Glandiceps_talaboti/Hemichordata_TENT5A-B-C-D.txt
TENT5A_Homo_sapiens	XP_033635424.1	62.388	335	75	1.08e-144	420	terminal nucleotidyltransferase 5C-like [Asterias rubens]	Echinodermata_TENT5A-B-C-D.txt	Echinodermata_Asterias_rubens	/rna/liha/phylogenomics_practice/TENT/TENT5/Blast/Results/Echinodermata_Asterias_rubens/Echinodermata_TENT5A-B-C-D.txt
TENT5B_Homo_sapiens	XP_033635424.1	57.895	323	76	2.09e-133	390	terminal nucleotidyltransferase 5C-like [Asterias rubens]	Echinodermata_TENT5A-B-C-D.txt	Echinodermata_Asterias_rubens	/rna/liha/phylogenomics_practice/TENT/TENT5/Blast/Results/Echinodermata_Asterias_rubens/Echinodermata_TENT5A-B-C-D.txt
TENT5B_Homo_sapiens	XP_033635257.1	28.947	76	16	1.4	31.6	phosphatidylinositol-binding clathrin assembly protein-like isoform X2 [Asterias rubens]	Echinodermata_TENT5A-B-C-D.txt	Echinodermata_Asterias_rubens	/rna/liha/phylogenomics_practice/TENT/TENT5/Blast/Results/Echinodermata_Asterias_rubens/Echinodermata_TENT5A-B-C-D.txt
TENT5C_Homo_sapiens	XP_033635424.1	60.651	338	86	1.73e-144	417	terminal nucleotidyltransferase 5C-like [Asterias rubens]	Echinodermata_TENT5A-B-C-D.txt	Echinodermata_Asterias_rubens	/rna/liha/phylogenomics_practice/TENT/TENT5/Blast/Results/Echinodermata_Asterias_rubens/Echinodermata_TENT5A-B-C-D.txt
TENT5C_Homo_sapiens	XP_033636750.1	26.286	175	38	5.9	29.3	uncharacterized protein LOC117297709 [Asterias rubens]	Echinodermata_TENT5A-B-C-D.txt	Echinodermata_Asterias_rubens	/rna/liha/phylogenomics_practice/TENT/TENT5/Blast/Results/Echinodermata_Asterias_rubens/Echinodermata_TENT5A-B-C-D.txt
TENT5D_Homo_sapiens	XP_033635424.1	54.167	336	86	1.96e-127	374	terminal nucleotidyltransferase 5C-like [Asterias rubens]	Echinodermata_TENT5A-B-C-D.txt	Echinodermata_Asterias_rubens	/rna/liha/phylogenomics_practice/TENT/TENT5/Blast/Results/Echinodermata_Asterias_rubens/Echinodermata_TENT5A-B-C-D.txt
TENT5D_Homo_sapiens	XP_033630741.1	29.630	54	14	1.3	31.6	serine/threonine-protein phosphatase 4 regulatory subunit 3A-like [Asterias rubens]	Echinodermata_TENT5A-B-C-D.txt	Echinodermata_Asterias_rubens	/rna/liha/phylogenomics_practice/TENT/TENT5/Blast/Results/Echinodermata_Asterias_rubens/Echinodermata_TENT5A-B-C-D.txt
TENT5D_Homo_sapiens	XP_033631561.1	26.316	57	15	4.6	29.6	WD repeat-containing protein 19-like isoform X3 [Asterias rubens]	Echinodermata_TENT5A-B-C-D.txt	Echinodermata_Asterias_rubens	/rna/liha/phylogenomics_practice/TENT/TENT5/Blast/Results/Echinodermata_Asterias_rubens/Echinodermata_TENT5A-B-C-D.txt
TENT5D_Homo_sapiens	XP_033631560.1	26.316	57	15	4.8	29.6	WD repeat-containing protein 19-like isoform X2 [Asterias rubens]	Echinodermata_TENT5A-B-C-D.txt	Echinodermata_Asterias_rubens	/rna/liha/phylogenomics_practice/TENT/TENT5/Blast/Results/Echinodermata_Asterias_rubens/Echinodermata_TENT5A-B-C-D.txt
TENT5D_Homo_sapiens	XP_033631559.1	26.316	57	15	4.9	29.6	WD repeat-containing protein 19-like isoform X1 [Asterias rubens]	Echinodermata_TENT5A-B-C-D.txt	Echinodermata_Asterias_rubens	/rna/liha/phylogenomics_practice/TENT/TENT5/Blast/Results/Echinodermata_Asterias_rubens/Echinodermata_TENT5A-B-C-D.txt
TENT5A_Homo_sapiens	XP_054753321.1	59.878	329	74	1.38e-134	395	terminal nucleotidyltransferase 5C-like [Lytechinus pictus]	Echinodermata_TENT5A-B-C-D.txt	Echinodermata_Lytechinus_pictus	/rna/liha/phylogenomics_practice/TENT/TENT5/Blast/Results/Echinodermata_Lytechinus_pictus/Echinodermata_TENT5A-B-C-D.txt
TENT5B_Homo_sapiens	XP_054753321.1	49.580	357	84	2.09e-126	374	terminal nucleotidyltransferase 5C-like [Lytechinus pictus]	Echinodermata_TENT5A-B-C-D.txt	Echinodermata_Lytechinus_pictus	/rna/liha/phylogenomics_practice/TENT/TENT5/Blast/Results/Echinodermata_Lytechinus_pictus/Echinodermata_TENT5A-B-C-D.txt
TENT5B_Homo_sapiens	XP_063954435.1	32.500	40	9	1.1	32.0	nucleolar pre-ribosomal-associated protein 1-like [Lytechinus pictus]	Echinodermata_TENT5A-B-C-D.txt	Echinodermata_Lytechinus_pictus	/rna/liha/phylogenomics_practice/TENT/TENT5/Blast/Results/Echinodermata_Lytechinus_pictus/Echinodermata_TENT5A-B-C-D.txt
TENT5B_Homo_sapiens	XP_054772396.2	28.155	103	24	1.7	31.6	adhesion G-protein coupled receptor G6-like [Lytechinus pictus]	Echinodermata_TENT5A-B-C-D.txt	Echinodermata_Lytechinus_pictus	/rna/liha/phylogenomics_practice/TENT/TENT5/Blast/Results/Echinodermata_Lytechinus_pictus/Echinodermata_TENT5A-B-C-D.txt
TENT5B_Homo_sapiens	XP_063968247.1	37.143	70	16	2.0	31.2	cubilin-like [Lytechinus pictus]	Echinodermata_TENT5A-B-C-D.txt	Echinodermata_Lytechinus_pictus	/rna/liha/phylogenomics_practice/TENT/TENT5/Blast/Results/Echinodermata_Lytechinus_pictus/Echinodermata_TENT5A-B-C-D.txt
TENT5B_Homo_sapiens	XP_063965704.1	45.833	24	6	7.9	28.9	uncharacterized protein LOC129276182 [Lytechinus pictus]	Echinodermata_TENT5A-B-C-D.txt	Echinodermata_Lytechinus_pictus	/rna/liha/phylogenomics_practice/TENT/TENT5/Blast/Results/Echinodermata_Lytechinus_pictus/Echinodermata_TENT5A-B-C-D.txt
TENT5C_Homo_sapiens	XP_054753321.1	59.412	340	87	7.42e-139	404	terminal nucleotidyltransferase 5C-like [Lytechinus pictus]	Echinodermata_TENT5A-B-C-D.txt	Echinodermata_Lytechinus_pictus	/rna/liha/phylogenomics_practice/TENT/TENT5/Blast/Results/Echinodermata_Lytechinus_pictus/Echinodermata_TENT5A-B-C-D.txt
TENT5C_Homo_sapiens	XP_054756180.2	42.424	33	8	2.1	30.8	monomeric sarcosine oxidase-like [Lytechinus pictus]	Echinodermata_TENT5A-B-C-D.txt	Echinodermata_Lytechinus_pictus	/rna/liha/phylogenomics_practice/TENT/TENT5/Blast/Results/Echinodermata_Lytechinus_pictus/Echinodermata_TENT5A-B-C-D.txt
TENT5C_Homo_sapiens	XP_063966074.1	25.547	137	34	2.8	30.4	uncharacterized protein LOC135156759 [Lytechinus pictus]	Echinodermata_TENT5A-B-C-D.txt	Echinodermata_Lytechinus_pictus	/rna/liha/phylogenomics_practice/TENT/TENT5/Blast/Results/Echinodermata_Lytechinus_pictus/Echinodermata_TENT5A-B-C-D.txt
TENT5C_Homo_sapiens	XP_063954435.1	34.146	41	10	6.2	29.6	nucleolar pre-ribosomal-associated protein 1-like [Lytechinus pictus]	Echinodermata_TENT5A-B-C-D.txt	Echinodermata_Lytechinus_pictus	/rna/liha/phylogenomics_practice/TENT/TENT5/Blast/Results/Echinodermata_Lytechinus_pictus/Echinodermata_TENT5A-B-C-D.txt
TENT5C_Homo_sapiens	XP_063958045.1	27.966	118	28	9.4	28.9	dynein axonemal heavy chain 6-like isoform X3 [Lytechinus pictus]	Echinodermata_TENT5A-B-C-D.txt	Echinodermata_Lytechinus_pictus	/rna/liha/phylogenomics_practice/TENT/TENT5/Blast/Results/Echinodermata_Lytechinus_pictus/Echinodermata_TENT5A-B-C-D.txt
TENT5C_Homo_sapiens	XP_063958043.1	27.966	118	28	9.5	28.9	dynein axonemal heavy chain 6-like isoform X1 [Lytechinus pictus]	Echinodermata_TENT5A-B-C-D.txt	Echinodermata_Lytechinus_pictus	/rna/liha/phylogenomics_practice/TENT/TENT5/Blast/Results/Echinodermata_Lytechinus_pictus/Echinodermata_TENT5A-B-C-D.txt
TENT5C_Homo_sapiens	XP_063958044.1	27.966	118	28	9.7	28.9	dynein axonemal heavy chain 6-like isoform X2 [Lytechinus pictus]	Echinodermata_TENT5A-B-C-D.txt	Echinodermata_Lytechinus_pictus	/rna/liha/phylogenomics_practice/TENT/TENT5/Blast/Results/Echinodermata_Lytechinus_pictus/Echinodermata_TENT5A-B-C-D.txt
TENT5D_Homo_sapiens	XP_054753321.1	52.557	352	90	2.24e-127	375	terminal nucleotidyltransferase 5C-like [Lytechinus pictus]	Echinodermata_TENT5A-B-C-D.txt	Echinodermata_Lytechinus_pictus	/rna/liha/phylogenomics_practice/TENT/TENT5/Blast/Results/Echinodermata_Lytechinus_pictus/Echinodermata_TENT5A-B-C-D.txt
TENT5D_Homo_sapiens	XP_063962241.1	25.532	94	24	2.6	30.4	uncharacterized protein LOC129254982 [Lytechinus pictus]	Echinodermata_TENT5A-B-C-D.txt	Echinodermata_Lytechinus_pictus	/rna/liha/phylogenomics_practice/TENT/TENT5/Blast/Results/Echinodermata_Lytechinus_pictus/Echinodermata_TENT5A-B-C-D.txt
TENT5D_Homo_sapiens	XP_063957098.1	48.148	27	7	9.5	28.9	zinc finger protein 892-like [Lytechinus pictus]	Echinodermata_TENT5A-B-C-D.txt	Echinodermata_Lytechinus_pictus	/rna/liha/phylogenomics_practice/TENT/TENT5/Blast/Results/Echinodermata_Lytechinus_pictus/Echinodermata_TENT5A-B-C-D.txt
TENT5A_Homo_sapiens	XP_041462475.1	59.878	329	74	2.11e-134	395	terminal nucleotidyltransferase 5C-like [Lytechinus variegatus]	Echinodermata_TENT5A-B-C-D.txt	Echinodermata_Lytechinus_variegatus	/rna/liha/phylogenomics_practice/TENT/TENT5/Blast/Results/Echinodermata_Lytechinus_variegatus/Echinodermata_TENT5A-B-C-D.txt
TENT5A_Homo_sapiens	XP_041462532.1	59.878	329	74	2.60e-134	395	LOW QUALITY PROTEIN: terminal nucleotidyltransferase 5C-like [Lytechinus variegatus]	Echinodermata_TENT5A-B-C-D.txt	Echinodermata_Lytechinus_variegatus	/rna/liha/phylogenomics_practice/TENT/TENT5/Blast/Results/Echinodermata_Lytechinus_variegatus/Echinodermata_TENT5A-B-C-D.txt
TENT5B_Homo_sapiens	XP_041462532.1	49.580	357	84	2.35e-126	374	LOW QUALITY PROTEIN: terminal nucleotidyltransferase 5C-like [Lytechinus variegatus]	Echinodermata_TENT5A-B-C-D.txt	Echinodermata_Lytechinus_variegatus	/rna/liha/phylogenomics_practice/TENT/TENT5/Blast/Results/Echinodermata_Lytechinus_variegatus/Echinodermata_TENT5A-B-C-D.txt
TENT5B_Homo_sapiens	XP_041462475.1	49.580	357	84	2.82e-126	374	terminal nucleotidyltransferase 5C-like [Lytechinus variegatus]	Echinodermata_TENT5A-B-C-D.txt	Echinodermata_Lytechinus_variegatus	/rna/liha/phylogenomics_practice/TENT/TENT5/Blast/Results/Echinodermata_Lytechinus_variegatus/Echinodermata_TENT5A-B-C-D.txt
TENT5B_Homo_sapiens	XP_041462597.1	35.000	40	9	1.5	32.0	nucleolar pre-ribosomal-associated protein 1-like [Lytechinus variegatus]	Echinodermata_TENT5A-B-C-D.txt	Echinodermata_Lytechinus_variegatus	/rna/liha/phylogenomics_practice/TENT/TENT5/Blast/Results/Echinodermata_Lytechinus_variegatus/Echinodermata_TENT5A-B-C-D.txt
TENT5B_Homo_sapiens	XP_041463142.1	35.000	40	9	1.6	32.0	nucleolar pre-ribosomal-associated protein 1-like [Lytechinus variegatus]	Echinodermata_TENT5A-B-C-D.txt	Echinodermata_Lytechinus_variegatus	/rna/liha/phylogenomics_practice/TENT/TENT5/Blast/Results/Echinodermata_Lytechinus_variegatus/Echinodermata_TENT5A-B-C-D.txt
TENT5C_Homo_sapiens	XP_041462532.1	59.412	340	87	1.70e-138	404	LOW QUALITY PROTEIN: terminal nucleotidyltransferase 5C-like [Lytechinus variegatus]	Echinodermata_TENT5A-B-C-D.txt	Echinodermata_Lytechinus_variegatus	/rna/liha/phylogenomics_practice/TENT/TENT5/Blast/Results/Echinodermata_Lytechinus_variegatus/Echinodermata_TENT5A-B-C-D.txt
TENT5C_Homo_sapiens	XP_041462475.1	59.412	340	87	2.51e-138	403	terminal nucleotidyltransferase 5C-like [Lytechinus variegatus]	Echinodermata_TENT5A-B-C-D.txt	Echinodermata_Lytechinus_variegatus	/rna/liha/phylogenomics_practice/TENT/TENT5/Blast/Results/Echinodermata_Lytechinus_variegatus/Echinodermata_TENT5A-B-C-D.txt
TENT5C_Homo_sapiens	XP_041464731.1	45.455	33	8	0.64	32.7	monomeric sarcosine oxidase-like isoform X2 [Lytechinus variegatus]	Echinodermata_TENT5A-B-C-D.txt	Echinodermata_Lytechinus_variegatus	/rna/liha/phylogenomics_practice/TENT/TENT5/Blast/Results/Echinodermata_Lytechinus_variegatus/Echinodermata_TENT5A-B-C-D.txt
TENT5C_Homo_sapiens	XP_041464730.1	45.455	33	8	0.71	32.7	monomeric sarcosine oxidase-like isoform X1 [Lytechinus variegatus]	Echinodermata_TENT5A-B-C-D.txt	Echinodermata_Lytechinus_variegatus	/rna/liha/phylogenomics_practice/TENT/TENT5/Blast/Results/Echinodermata_Lytechinus_variegatus/Echinodermata_TENT5A-B-C-D.txt
TENT5C_Homo_sapiens	XP_041458103.1	25.000	60	15	5.1	30.0	uncharacterized protein LOC121410229 [Lytechinus variegatus]	Echinodermata_TENT5A-B-C-D.txt	Echinodermata_Lytechinus_variegatus	/rna/liha/phylogenomics_practice/TENT/TENT5/Blast/Results/Echinodermata_Lytechinus_variegatus/Echinodermata_TENT5A-B-C-D.txt
TENT5C_Homo_sapiens	XP_041462597.1	34.146	41	10	6.4	30.0	nucleolar pre-ribosomal-associated protein 1-like [Lytechinus variegatus]	Echinodermata_TENT5A-B-C-D.txt	Echinodermata_Lytechinus_variegatus	/rna/liha/phylogenomics_practice/TENT/TENT5/Blast/Results/Echinodermata_Lytechinus_variegatus/Echinodermata_TENT5A-B-C-D.txt
TENT5C_Homo_sapiens	XP_041463142.1	34.146	41	10	7.2	29.6	nucleolar pre-ribosomal-associated protein 1-like [Lytechinus variegatus]	Echinodermata_TENT5A-B-C-D.txt	Echinodermata_Lytechinus_variegatus	/rna/liha/phylogenomics_practice/TENT/TENT5/Blast/Results/Echinodermata_Lytechinus_variegatus/Echinodermata_TENT5A-B-C-D.txt
TENT5C_Homo_sapiens	XP_041457856.1	25.000	96	24	8.4	29.6	ectopic P granules protein 5 homolog isoform X2 [Lytechinus variegatus]	Echinodermata_TENT5A-B-C-D.txt	Echinodermata_Lytechinus_variegatus	/rna/liha/phylogenomics_practice/TENT/TENT5/Blast/Results/Echinodermata_Lytechinus_variegatus/Echinodermata_TENT5A-B-C-D.txt
TENT5C_Homo_sapiens	XP_041457855.1	25.000	96	24	8.7	29.3	ectopic P granules protein 5 homolog isoform X1 [Lytechinus variegatus]	Echinodermata_TENT5A-B-C-D.txt	Echinodermata_Lytechinus_variegatus	/rna/liha/phylogenomics_practice/TENT/TENT5/Blast/Results/Echinodermata_Lytechinus_variegatus/Echinodermata_TENT5A-B-C-D.txt
TENT5D_Homo_sapiens	XP_041462532.1	52.557	352	90	7.55e-127	374	LOW QUALITY PROTEIN: terminal nucleotidyltransferase 5C-like [Lytechinus variegatus]	Echinodermata_TENT5A-B-C-D.txt	Echinodermata_Lytechinus_variegatus	/rna/liha/phylogenomics_practice/TENT/TENT5/Blast/Results/Echinodermata_Lytechinus_variegatus/Echinodermata_TENT5A-B-C-D.txt
TENT5D_Homo_sapiens	XP_041462475.1	52.557	352	90	1.01e-126	374	terminal nucleotidyltransferase 5C-like [Lytechinus variegatus]	Echinodermata_TENT5A-B-C-D.txt	Echinodermata_Lytechinus_variegatus	/rna/liha/phylogenomics_practice/TENT/TENT5/Blast/Results/Echinodermata_Lytechinus_variegatus/Echinodermata_TENT5A-B-C-D.txt
TENT5D_Homo_sapiens	XP_041452842.1	28.000	125	30	0.38	33.9	isoleucine--tRNA ligase, mitochondrial-like [Lytechinus variegatus]	Echinodermata_TENT5A-B-C-D.txt	Echinodermata_Lytechinus_variegatus	/rna/liha/phylogenomics_practice/TENT/TENT5/Blast/Results/Echinodermata_Lytechinus_variegatus/Echinodermata_TENT5A-B-C-D.txt
TENT5D_Homo_sapiens	XP_041463360.1	33.784	74	17	4.9	29.6	uncharacterized S-adenosylmethionine-dependent methyltransferase Rv2258c-like [Lytechinus variegatus]	Echinodermata_TENT5A-B-C-D.txt	Echinodermata_Lytechinus_variegatus	/rna/liha/phylogenomics_practice/TENT/TENT5/Blast/Results/Echinodermata_Lytechinus_variegatus/Echinodermata_TENT5A-B-C-D.txt
TENT5D_Homo_sapiens	XP_041483251.1	30.952	42	11	5.6	29.6	uncharacterized protein LOC121430047 [Lytechinus variegatus]	Echinodermata_TENT5A-B-C-D.txt	Echinodermata_Lytechinus_variegatus	/rna/liha/phylogenomics_practice/TENT/TENT5/Blast/Results/Echinodermata_Lytechinus_variegatus/Echinodermata_TENT5A-B-C-D.txt
TENT5D_Homo_sapiens	XP_041460588.1	53.333	30	8	7.4	29.6	uncharacterized protein LOC121411794 [Lytechinus variegatus]	Echinodermata_TENT5A-B-C-D.txt	Echinodermata_Lytechinus_variegatus	/rna/liha/phylogenomics_practice/TENT/TENT5/Blast/Results/Echinodermata_Lytechinus_variegatus/Echinodermata_TENT5A-B-C-D.txt
TENT5D_Homo_sapiens	XP_041452569.1	40.741	27	7	8.2	29.6	uncharacterized protein LOC121405714 [Lytechinus variegatus]	Echinodermata_TENT5A-B-C-D.txt	Echinodermata_Lytechinus_variegatus	/rna/liha/phylogenomics_practice/TENT/TENT5/Blast/Results/Echinodermata_Lytechinus_variegatus/Echinodermata_TENT5A-B-C-D.txt
TENT5A_Homo_sapiens	XP_030851220.1	59.878	329	74	4.80e-135	397	terminal nucleotidyltransferase 5C-like [Strongylocentrotus purpuratus]	Echinodermata_TENT5A-B-C-D.txt	Echinodermata_Strongylocentrotus_purpuratus	/rna/liha/phylogenomics_practice/TENT/TENT5/Blast/Results/Echinodermata_Strongylocentrotus_purpuratus/Echinodermata_TENT5A-B-C-D.txt
TENT5A_Homo_sapiens	XP_003724224.2	59.878	329	74	6.02e-135	396	terminal nucleotidyltransferase 5C [Strongylocentrotus purpuratus]	Echinodermata_TENT5A-B-C-D.txt	Echinodermata_Strongylocentrotus_purpuratus	/rna/liha/phylogenomics_practice/TENT/TENT5/Blast/Results/Echinodermata_Strongylocentrotus_purpuratus/Echinodermata_TENT5A-B-C-D.txt
TENT5B_Homo_sapiens	XP_030851220.1	53.354	328	77	6.87e-128	378	terminal nucleotidyltransferase 5C-like [Strongylocentrotus purpuratus]	Echinodermata_TENT5A-B-C-D.txt	Echinodermata_Strongylocentrotus_purpuratus	/rna/liha/phylogenomics_practice/TENT/TENT5/Blast/Results/Echinodermata_Strongylocentrotus_purpuratus/Echinodermata_TENT5A-B-C-D.txt
TENT5B_Homo_sapiens	XP_003724224.2	53.354	328	77	8.36e-128	377	terminal nucleotidyltransferase 5C [Strongylocentrotus purpuratus]	Echinodermata_TENT5A-B-C-D.txt	Echinodermata_Strongylocentrotus_purpuratus	/rna/liha/phylogenomics_practice/TENT/TENT5/Blast/Results/Echinodermata_Strongylocentrotus_purpuratus/Echinodermata_TENT5A-B-C-D.txt
TENT5B_Homo_sapiens	XP_030830392.1	41.860	43	10	3.9	30.8	titin [Strongylocentrotus purpuratus]	Echinodermata_TENT5A-B-C-D.txt	Echinodermata_Strongylocentrotus_purpuratus	/rna/liha/phylogenomics_practice/TENT/TENT5/Blast/Results/Echinodermata_Strongylocentrotus_purpuratus/Echinodermata_TENT5A-B-C-D.txt
TENT5B_Homo_sapiens	XP_030835141.1	35.556	45	11	5.0	30.0	ATPase family AAA domain-containing protein 1 [Strongylocentrotus purpuratus]	Echinodermata_TENT5A-B-C-D.txt	Echinodermata_Strongylocentrotus_purpuratus	/rna/liha/phylogenomics_practice/TENT/TENT5/Blast/Results/Echinodermata_Strongylocentrotus_purpuratus/Echinodermata_TENT5A-B-C-D.txt
TENT5C_Homo_sapiens	XP_030851220.1	59.412	340	87	3.97e-139	405	terminal nucleotidyltransferase 5C-like [Strongylocentrotus purpuratus]	Echinodermata_TENT5A-B-C-D.txt	Echinodermata_Strongylocentrotus_purpuratus	/rna/liha/phylogenomics_practice/TENT/TENT5/Blast/Results/Echinodermata_Strongylocentrotus_purpuratus/Echinodermata_TENT5A-B-C-D.txt
TENT5C_Homo_sapiens	XP_003724224.2	59.412	340	87	4.15e-139	405	terminal nucleotidyltransferase 5C [Strongylocentrotus purpuratus]	Echinodermata_TENT5A-B-C-D.txt	Echinodermata_Strongylocentrotus_purpuratus	/rna/liha/phylogenomics_practice/TENT/TENT5/Blast/Results/Echinodermata_Strongylocentrotus_purpuratus/Echinodermata_TENT5A-B-C-D.txt
TENT5C_Homo_sapiens	XP_030845895.1	23.171	82	20	2.5	30.8	probable tRNA N6-adenosine threonylcarbamoyltransferase, mitochondrial [Strongylocentrotus purpuratus]	Echinodermata_TENT5A-B-C-D.txt	Echinodermata_Strongylocentrotus_purpuratus	/rna/liha/phylogenomics_practice/TENT/TENT5/Blast/Results/Echinodermata_Strongylocentrotus_purpuratus/Echinodermata_TENT5A-B-C-D.txt
TENT5C_Homo_sapiens	XP_030845902.1	23.171	82	20	2.5	30.8	probable tRNA N6-adenosine threonylcarbamoyltransferase, mitochondrial [Strongylocentrotus purpuratus]	Echinodermata_TENT5A-B-C-D.txt	Echinodermata_Strongylocentrotus_purpuratus	/rna/liha/phylogenomics_practice/TENT/TENT5/Blast/Results/Echinodermata_Strongylocentrotus_purpuratus/Echinodermata_TENT5A-B-C-D.txt
TENT5C_Homo_sapiens	XP_799974.2	46.667	30	8	8.4	29.3	uncharacterized protein LOC577914 [Strongylocentrotus purpuratus]	Echinodermata_TENT5A-B-C-D.txt	Echinodermata_Strongylocentrotus_purpuratus	/rna/liha/phylogenomics_practice/TENT/TENT5/Blast/Results/Echinodermata_Strongylocentrotus_purpuratus/Echinodermata_TENT5A-B-C-D.txt
TENT5D_Homo_sapiens	XP_030851220.1	50.407	369	95	3.36e-129	380	terminal nucleotidyltransferase 5C-like [Strongylocentrotus purpuratus]	Echinodermata_TENT5A-B-C-D.txt	Echinodermata_Strongylocentrotus_purpuratus	/rna/liha/phylogenomics_practice/TENT/TENT5/Blast/Results/Echinodermata_Strongylocentrotus_purpuratus/Echinodermata_TENT5A-B-C-D.txt
TENT5D_Homo_sapiens	XP_003724224.2	50.407	369	95	4.22e-129	379	terminal nucleotidyltransferase 5C [Strongylocentrotus purpuratus]	Echinodermata_TENT5A-B-C-D.txt	Echinodermata_Strongylocentrotus_purpuratus	/rna/liha/phylogenomics_practice/TENT/TENT5/Blast/Results/Echinodermata_Strongylocentrotus_purpuratus/Echinodermata_TENT5A-B-C-D.txt
TENT5D_Homo_sapiens	XP_030845080.1	31.373	51	13	2.3	31.2	solute carrier family 45 member 3 [Strongylocentrotus purpuratus]	Echinodermata_TENT5A-B-C-D.txt	Echinodermata_Strongylocentrotus_purpuratus	/rna/liha/phylogenomics_practice/TENT/TENT5/Blast/Results/Echinodermata_Strongylocentrotus_purpuratus/Echinodermata_TENT5A-B-C-D.txt
TENT5A_Homo_sapiens	YP_009369636.1	30.952	42	10	4.2	18.5	NADH dehydrogenase subunit 4 [Echinometra mathaei]	Echinodermata_TENT5A-B-C-D.txt	Echinodermata_Echinometra_mathaei	/rna/liha/phylogenomics_practice/TENT/TENT5/Blast/Results/Echinodermata_Echinometra_mathaei/Echinodermata_TENT5A-B-C-D.txt
TENT5B_Homo_sapiens	YP_009369638.1	47.059	17	4	1.7	19.2	NADH dehydrogenase subunit 6 [Echinometra mathaei]	Echinodermata_TENT5A-B-C-D.txt	Echinodermata_Echinometra_mathaei	/rna/liha/phylogenomics_practice/TENT/TENT5/Blast/Results/Echinodermata_Echinometra_mathaei/Echinodermata_TENT5A-B-C-D.txt
TENT5B_Homo_sapiens	YP_009369631.1	31.034	29	7	4.7	18.1	cytochrome c oxidase subunit II [Echinometra mathaei]	Echinodermata_TENT5A-B-C-D.txt	Echinodermata_Echinometra_mathaei	/rna/liha/phylogenomics_practice/TENT/TENT5/Blast/Results/Echinodermata_Echinometra_mathaei/Echinodermata_TENT5A-B-C-D.txt
TENT5C_Homo_sapiens	YP_009369633.1	38.889	18	5	0.35	21.6	ATP synthase F0 subunit 6 [Echinometra mathaei]	Echinodermata_TENT5A-B-C-D.txt	Echinodermata_Echinometra_mathaei	/rna/liha/phylogenomics_practice/TENT/TENT5/Blast/Results/Echinodermata_Echinometra_mathaei/Echinodermata_TENT5A-B-C-D.txt
TENT5C_Homo_sapiens	YP_009369637.1	22.368	76	17	3.2	18.5	NADH dehydrogenase subunit 5 [Echinometra mathaei]	Echinodermata_TENT5A-B-C-D.txt	Echinodermata_Echinometra_mathaei	/rna/liha/phylogenomics_practice/TENT/TENT5/Blast/Results/Echinodermata_Echinometra_mathaei/Echinodermata_TENT5A-B-C-D.txt
TENT5C_Homo_sapiens	YP_009369636.1	41.176	17	4	8.1	17.3	NADH dehydrogenase subunit 4 [Echinometra mathaei]	Echinodermata_TENT5A-B-C-D.txt	Echinodermata_Echinometra_mathaei	/rna/liha/phylogenomics_practice/TENT/TENT5/Blast/Results/Echinodermata_Echinometra_mathaei/Echinodermata_TENT5A-B-C-D.txt
TENT5D_Homo_sapiens	YP_009369638.1	45.455	11	3	3.0	18.5	NADH dehydrogenase subunit 6 [Echinometra mathaei]	Echinodermata_TENT5A-B-C-D.txt	Echinodermata_Echinometra_mathaei	/rna/liha/phylogenomics_practice/TENT/TENT5/Blast/Results/Echinodermata_Echinometra_mathaei/Echinodermata_TENT5A-B-C-D.txt
TENT5D_Homo_sapiens	YP_009369637.1	50.000	16	4	7.2	17.3	NADH dehydrogenase subunit 5 [Echinometra mathaei]	Echinodermata_TENT5A-B-C-D.txt	Echinodermata_Echinometra_mathaei	/rna/liha/phylogenomics_practice/TENT/TENT5/Blast/Results/Echinodermata_Echinometra_mathaei/Echinodermata_TENT5A-B-C-D.txt
TENT5D_Homo_sapiens	YP_009369631.1	23.529	51	13	9.1	16.9	cytochrome c oxidase subunit II [Echinometra mathaei]	Echinodermata_TENT5A-B-C-D.txt	Echinodermata_Echinometra_mathaei	/rna/liha/phylogenomics_practice/TENT/TENT5/Blast/Results/Echinodermata_Echinometra_mathaei/Echinodermata_TENT5A-B-C-D.txt
TENT5A_Homo_sapiens	XP_038079036.1	64.308	325	73	2.16e-144	419	terminal nucleotidyltransferase 5C-like [Patiria miniata]	Echinodermata_TENT5A-B-C-D.txt	Echinodermata_Patiria_miniata	/rna/liha/phylogenomics_practice/TENT/TENT5/Blast/Results/Echinodermata_Patiria_miniata/Echinodermata_TENT5A-B-C-D.txt
TENT5B_Homo_sapiens	XP_038079036.1	58.385	322	76	5.04e-134	392	terminal nucleotidyltransferase 5C-like [Patiria miniata]	Echinodermata_TENT5A-B-C-D.txt	Echinodermata_Patiria_miniata	/rna/liha/phylogenomics_practice/TENT/TENT5/Blast/Results/Echinodermata_Patiria_miniata/Echinodermata_TENT5A-B-C-D.txt
TENT5B_Homo_sapiens	XP_038063812.1	26.786	112	26	6.6	30.0	tudor domain-containing protein 5-like isoform X2 [Patiria miniata]	Echinodermata_TENT5A-B-C-D.txt	Echinodermata_Patiria_miniata	/rna/liha/phylogenomics_practice/TENT/TENT5/Blast/Results/Echinodermata_Patiria_miniata/Echinodermata_TENT5A-B-C-D.txt
TENT5B_Homo_sapiens	XP_038063811.1	26.786	112	26	6.6	30.0	tudor domain-containing protein 5-like isoform X1 [Patiria miniata]	Echinodermata_TENT5A-B-C-D.txt	Echinodermata_Patiria_miniata	/rna/liha/phylogenomics_practice/TENT/TENT5/Blast/Results/Echinodermata_Patiria_miniata/Echinodermata_TENT5A-B-C-D.txt
TENT5B_Homo_sapiens	XP_038066327.1	38.235	34	8	7.4	29.6	probable ATP-dependent RNA helicase DDX20 isoform X2 [Patiria miniata]	Echinodermata_TENT5A-B-C-D.txt	Echinodermata_Patiria_miniata	/rna/liha/phylogenomics_practice/TENT/TENT5/Blast/Results/Echinodermata_Patiria_miniata/Echinodermata_TENT5A-B-C-D.txt
TENT5B_Homo_sapiens	XP_038066326.1	38.235	34	8	7.5	29.6	probable ATP-dependent RNA helicase DDX20 isoform X1 [Patiria miniata]	Echinodermata_TENT5A-B-C-D.txt	Echinodermata_Patiria_miniata	/rna/liha/phylogenomics_practice/TENT/TENT5/Blast/Results/Echinodermata_Patiria_miniata/Echinodermata_TENT5A-B-C-D.txt
TENT5B_Homo_sapiens	XP_038066653.1	28.155	103	21	9.9	29.3	receptor-type tyrosine-protein phosphatase T-like [Patiria miniata]	Echinodermata_TENT5A-B-C-D.txt	Echinodermata_Patiria_miniata	/rna/liha/phylogenomics_practice/TENT/TENT5/Blast/Results/Echinodermata_Patiria_miniata/Echinodermata_TENT5A-B-C-D.txt
TENT5C_Homo_sapiens	XP_038079036.1	61.765	340	87	4.74e-148	426	terminal nucleotidyltransferase 5C-like [Patiria miniata]	Echinodermata_TENT5A-B-C-D.txt	Echinodermata_Patiria_miniata	/rna/liha/phylogenomics_practice/TENT/TENT5/Blast/Results/Echinodermata_Patiria_miniata/Echinodermata_TENT5A-B-C-D.txt
TENT5C_Homo_sapiens	XP_038069690.1	23.741	139	29	3.4	30.8	LOW QUALITY PROTEIN: CXXC-type zinc finger protein 1-like [Patiria miniata]	Echinodermata_TENT5A-B-C-D.txt	Echinodermata_Patiria_miniata	/rna/liha/phylogenomics_practice/TENT/TENT5/Blast/Results/Echinodermata_Patiria_miniata/Echinodermata_TENT5A-B-C-D.txt
TENT5C_Homo_sapiens	XP_038066653.1	27.000	100	23	8.1	29.6	receptor-type tyrosine-protein phosphatase T-like [Patiria miniata]	Echinodermata_TENT5A-B-C-D.txt	Echinodermata_Patiria_miniata	/rna/liha/phylogenomics_practice/TENT/TENT5/Blast/Results/Echinodermata_Patiria_miniata/Echinodermata_TENT5A-B-C-D.txt
TENT5C_Homo_sapiens	XP_038047903.1	50.000	20	5	8.8	28.1	uncharacterized protein LOC119722000 isoform X2 [Patiria miniata]	Echinodermata_TENT5A-B-C-D.txt	Echinodermata_Patiria_miniata	/rna/liha/phylogenomics_practice/TENT/TENT5/Blast/Results/Echinodermata_Patiria_miniata/Echinodermata_TENT5A-B-C-D.txt
TENT5D_Homo_sapiens	XP_038079036.1	54.381	331	85	1.37e-127	374	terminal nucleotidyltransferase 5C-like [Patiria miniata]	Echinodermata_TENT5A-B-C-D.txt	Echinodermata_Patiria_miniata	/rna/liha/phylogenomics_practice/TENT/TENT5/Blast/Results/Echinodermata_Patiria_miniata/Echinodermata_TENT5A-B-C-D.txt
TENT5D_Homo_sapiens	XP_038070794.1	25.843	89	23	0.67	33.1	uncharacterized protein LOC119739790 isoform X3 [Patiria miniata]	Echinodermata_TENT5A-B-C-D.txt	Echinodermata_Patiria_miniata	/rna/liha/phylogenomics_practice/TENT/TENT5/Blast/Results/Echinodermata_Patiria_miniata/Echinodermata_TENT5A-B-C-D.txt
TENT5D_Homo_sapiens	XP_038070792.1	25.843	89	23	0.70	33.1	uncharacterized protein LOC119739790 isoform X1 [Patiria miniata]	Echinodermata_TENT5A-B-C-D.txt	Echinodermata_Patiria_miniata	/rna/liha/phylogenomics_practice/TENT/TENT5/Blast/Results/Echinodermata_Patiria_miniata/Echinodermata_TENT5A-B-C-D.txt
TENT5D_Homo_sapiens	XP_038070793.1	25.843	89	23	0.72	33.1	uncharacterized protein LOC119739790 isoform X2 [Patiria miniata]	Echinodermata_TENT5A-B-C-D.txt	Echinodermata_Patiria_miniata	/rna/liha/phylogenomics_practice/TENT/TENT5/Blast/Results/Echinodermata_Patiria_miniata/Echinodermata_TENT5A-B-C-D.txt
TENT5D_Homo_sapiens	XP_038045881.1	23.718	156	38	8.3	29.6	NLR family CARD domain-containing protein 4-like [Patiria miniata]	Echinodermata_TENT5A-B-C-D.txt	Echinodermata_Patiria_miniata	/rna/liha/phylogenomics_practice/TENT/TENT5/Blast/Results/Echinodermata_Patiria_miniata/Echinodermata_TENT5A-B-C-D.txt
TENT5D_Homo_sapiens	XP_038074550.1	31.481	54	14	8.3	29.3	serine/threonine-protein phosphatase 4 regulatory subunit 3A-like [Patiria miniata]	Echinodermata_TENT5A-B-C-D.txt	Echinodermata_Patiria_miniata	/rna/liha/phylogenomics_practice/TENT/TENT5/Blast/Results/Echinodermata_Patiria_miniata/Echinodermata_TENT5A-B-C-D.txt
TENT5A_Homo_sapiens	YP_187597.1	37.931	29	6	0.14	23.1	NADH dehydrogenase subunit 4 [Astropecten polyacanthus]	Echinodermata_TENT5A-B-C-D.txt	Echinodermata_Astropecten_polyacanthus	/rna/liha/phylogenomics_practice/TENT/TENT5/Blast/Results/Echinodermata_Astropecten_polyacanthus/Echinodermata_TENT5A-B-C-D.txt
TENT5B_Homo_sapiens	YP_187600.1	58.333	12	3	5.2	18.1	cytochrome b [Astropecten polyacanthus]	Echinodermata_TENT5A-B-C-D.txt	Echinodermata_Astropecten_polyacanthus	/rna/liha/phylogenomics_practice/TENT/TENT5/Blast/Results/Echinodermata_Astropecten_polyacanthus/Echinodermata_TENT5A-B-C-D.txt
TENT5B_Homo_sapiens	YP_187598.1	26.471	34	8	5.2	18.1	NADH dehydrogenase subunit 5 [Astropecten polyacanthus]	Echinodermata_TENT5A-B-C-D.txt	Echinodermata_Astropecten_polyacanthus	/rna/liha/phylogenomics_practice/TENT/TENT5/Blast/Results/Echinodermata_Astropecten_polyacanthus/Echinodermata_TENT5A-B-C-D.txt
TENT5B_Homo_sapiens	YP_187592.1	40.000	20	4	6.0	17.7	cytochrome c oxidase subunit II [Astropecten polyacanthus]	Echinodermata_TENT5A-B-C-D.txt	Echinodermata_Astropecten_polyacanthus	/rna/liha/phylogenomics_practice/TENT/TENT5/Blast/Results/Echinodermata_Astropecten_polyacanthus/Echinodermata_TENT5A-B-C-D.txt
TENT5C_Homo_sapiens	YP_187599.1	29.787	47	12	1.5	19.2	NADH dehydrogenase subunit 6 [Astropecten polyacanthus]	Echinodermata_TENT5A-B-C-D.txt	Echinodermata_Astropecten_polyacanthus	/rna/liha/phylogenomics_practice/TENT/TENT5/Blast/Results/Echinodermata_Astropecten_polyacanthus/Echinodermata_TENT5A-B-C-D.txt
TENT5C_Homo_sapiens	YP_187594.1	38.889	18	5	1.7	19.2	ATP synthase F0 subunit 6 [Astropecten polyacanthus]	Echinodermata_TENT5A-B-C-D.txt	Echinodermata_Astropecten_polyacanthus	/rna/liha/phylogenomics_practice/TENT/TENT5/Blast/Results/Echinodermata_Astropecten_polyacanthus/Echinodermata_TENT5A-B-C-D.txt
TENT5C_Homo_sapiens	YP_187592.1	34.375	32	10	4.8	17.7	cytochrome c oxidase subunit II [Astropecten polyacanthus]	Echinodermata_TENT5A-B-C-D.txt	Echinodermata_Astropecten_polyacanthus	/rna/liha/phylogenomics_practice/TENT/TENT5/Blast/Results/Echinodermata_Astropecten_polyacanthus/Echinodermata_TENT5A-B-C-D.txt
TENT5C_Homo_sapiens	YP_187592.1	30.769	39	10	5.6	17.7	cytochrome c oxidase subunit II [Astropecten polyacanthus]	Echinodermata_TENT5A-B-C-D.txt	Echinodermata_Astropecten_polyacanthus	/rna/liha/phylogenomics_practice/TENT/TENT5/Blast/Results/Echinodermata_Astropecten_polyacanthus/Echinodermata_TENT5A-B-C-D.txt
TENT5C_Homo_sapiens	YP_187597.1	31.034	29	7	6.1	17.7	NADH dehydrogenase subunit 4 [Astropecten polyacanthus]	Echinodermata_TENT5A-B-C-D.txt	Echinodermata_Astropecten_polyacanthus	/rna/liha/phylogenomics_practice/TENT/TENT5/Blast/Results/Echinodermata_Astropecten_polyacanthus/Echinodermata_TENT5A-B-C-D.txt
TENT5C_Homo_sapiens	YP_187600.1	42.857	14	4	7.4	17.3	cytochrome b [Astropecten polyacanthus]	Echinodermata_TENT5A-B-C-D.txt	Echinodermata_Astropecten_polyacanthus	/rna/liha/phylogenomics_practice/TENT/TENT5/Blast/Results/Echinodermata_Astropecten_polyacanthus/Echinodermata_TENT5A-B-C-D.txt
TENT5C_Homo_sapiens	YP_187598.1	42.000	50	13	9.9	16.9	NADH dehydrogenase subunit 5 [Astropecten polyacanthus]	Echinodermata_TENT5A-B-C-D.txt	Echinodermata_Astropecten_polyacanthus	/rna/liha/phylogenomics_practice/TENT/TENT5/Blast/Results/Echinodermata_Astropecten_polyacanthus/Echinodermata_TENT5A-B-C-D.txt
TENT5D_Homo_sapiens	YP_187597.1	29.310	58	14	0.034	25.0	NADH dehydrogenase subunit 4 [Astropecten polyacanthus]	Echinodermata_TENT5A-B-C-D.txt	Echinodermata_Astropecten_polyacanthus	/rna/liha/phylogenomics_practice/TENT/TENT5/Blast/Results/Echinodermata_Astropecten_polyacanthus/Echinodermata_TENT5A-B-C-D.txt
TENT5D_Homo_sapiens	YP_187599.1	23.913	46	15	0.35	21.2	NADH dehydrogenase subunit 6 [Astropecten polyacanthus]	Echinodermata_TENT5A-B-C-D.txt	Echinodermata_Astropecten_polyacanthus	/rna/liha/phylogenomics_practice/TENT/TENT5/Blast/Results/Echinodermata_Astropecten_polyacanthus/Echinodermata_TENT5A-B-C-D.txt
TENT5D_Homo_sapiens	YP_187599.1	45.455	11	15	4.2	18.1	NADH dehydrogenase subunit 6 [Astropecten polyacanthus]	Echinodermata_TENT5A-B-C-D.txt	Echinodermata_Astropecten_polyacanthus	/rna/liha/phylogenomics_practice/TENT/TENT5/Blast/Results/Echinodermata_Astropecten_polyacanthus/Echinodermata_TENT5A-B-C-D.txt
TENT5D_Homo_sapiens	YP_187590.1	38.462	13	3	9.2	16.9	cytochrome c oxidase subunit I [Astropecten polyacanthus]	Echinodermata_TENT5A-B-C-D.txt	Echinodermata_Astropecten_polyacanthus	/rna/liha/phylogenomics_practice/TENT/TENT5/Blast/Results/Echinodermata_Astropecten_polyacanthus/Echinodermata_TENT5A-B-C-D.txt
TENT5A_Homo_sapiens	XP_078561845.1	54.155	373	81	4.36e-127	374	terminal nucleotidyltransferase 5C-like [Antedon bifida]	Echinodermata_TENT5A-B-C-D.txt	Echinodermata_Antedon_bifida	/rna/liha/phylogenomics_practice/TENT/TENT5/Blast/Results/Echinodermata_Antedon_bifida/Echinodermata_TENT5A-B-C-D.txt
TENT5B_Homo_sapiens	XP_078561845.1	55.402	361	83	1.40e-130	382	terminal nucleotidyltransferase 5C-like [Antedon bifida]	Echinodermata_TENT5A-B-C-D.txt	Echinodermata_Antedon_bifida	/rna/liha/phylogenomics_practice/TENT/TENT5/Blast/Results/Echinodermata_Antedon_bifida/Echinodermata_TENT5A-B-C-D.txt
TENT5B_Homo_sapiens	XP_078563944.1	33.333	48	11	1.0	32.0	LOW QUALITY PROTEIN: uncharacterized protein LOC144850531 [Antedon bifida]	Echinodermata_TENT5A-B-C-D.txt	Echinodermata_Antedon_bifida	/rna/liha/phylogenomics_practice/TENT/TENT5/Blast/Results/Echinodermata_Antedon_bifida/Echinodermata_TENT5A-B-C-D.txt
TENT5B_Homo_sapiens	XP_078558672.1	27.273	55	13	2.0	31.2	uncharacterized protein LOC144845311 [Antedon bifida]	Echinodermata_TENT5A-B-C-D.txt	Echinodermata_Antedon_bifida	/rna/liha/phylogenomics_practice/TENT/TENT5/Blast/Results/Echinodermata_Antedon_bifida/Echinodermata_TENT5A-B-C-D.txt
TENT5B_Homo_sapiens	XP_078552489.1	34.091	44	10	3.3	30.4	uncharacterized protein LOC144840529 [Antedon bifida]	Echinodermata_TENT5A-B-C-D.txt	Echinodermata_Antedon_bifida	/rna/liha/phylogenomics_practice/TENT/TENT5/Blast/Results/Echinodermata_Antedon_bifida/Echinodermata_TENT5A-B-C-D.txt
TENT5B_Homo_sapiens	XP_078567649.1	27.907	86	20	3.3	30.0	uncharacterized protein LOC144853729 [Antedon bifida]	Echinodermata_TENT5A-B-C-D.txt	Echinodermata_Antedon_bifida	/rna/liha/phylogenomics_practice/TENT/TENT5/Blast/Results/Echinodermata_Antedon_bifida/Echinodermata_TENT5A-B-C-D.txt
TENT5B_Homo_sapiens	XP_078550882.1	31.250	48	10	6.1	29.6	twitchin-like isoform X3 [Antedon bifida]	Echinodermata_TENT5A-B-C-D.txt	Echinodermata_Antedon_bifida	/rna/liha/phylogenomics_practice/TENT/TENT5/Blast/Results/Echinodermata_Antedon_bifida/Echinodermata_TENT5A-B-C-D.txt
TENT5B_Homo_sapiens	XP_078550881.1	31.250	48	10	6.1	29.6	twitchin-like isoform X2 [Antedon bifida]	Echinodermata_TENT5A-B-C-D.txt	Echinodermata_Antedon_bifida	/rna/liha/phylogenomics_practice/TENT/TENT5/Blast/Results/Echinodermata_Antedon_bifida/Echinodermata_TENT5A-B-C-D.txt
TENT5B_Homo_sapiens	XP_078550880.1	31.250	48	10	6.1	29.6	twitchin-like isoform X1 [Antedon bifida]	Echinodermata_TENT5A-B-C-D.txt	Echinodermata_Antedon_bifida	/rna/liha/phylogenomics_practice/TENT/TENT5/Blast/Results/Echinodermata_Antedon_bifida/Echinodermata_TENT5A-B-C-D.txt
TENT5B_Homo_sapiens	XP_078550884.1	31.250	48	10	6.2	29.6	twitchin-like isoform X5 [Antedon bifida]	Echinodermata_TENT5A-B-C-D.txt	Echinodermata_Antedon_bifida	/rna/liha/phylogenomics_practice/TENT/TENT5/Blast/Results/Echinodermata_Antedon_bifida/Echinodermata_TENT5A-B-C-D.txt
TENT5B_Homo_sapiens	XP_078550883.1	31.250	48	10	6.2	29.6	twitchin-like isoform X4 [Antedon bifida]	Echinodermata_TENT5A-B-C-D.txt	Echinodermata_Antedon_bifida	/rna/liha/phylogenomics_practice/TENT/TENT5/Blast/Results/Echinodermata_Antedon_bifida/Echinodermata_TENT5A-B-C-D.txt
TENT5C_Homo_sapiens	XP_078561845.1	58.516	364	89	1.19e-134	391	terminal nucleotidyltransferase 5C-like [Antedon bifida]	Echinodermata_TENT5A-B-C-D.txt	Echinodermata_Antedon_bifida	/rna/liha/phylogenomics_practice/TENT/TENT5/Blast/Results/Echinodermata_Antedon_bifida/Echinodermata_TENT5A-B-C-D.txt
TENT5C_Homo_sapiens	XP_078557659.1	61.538	26	6	0.83	32.0	interleukin-6 receptor subunit beta-like [Antedon bifida]	Echinodermata_TENT5A-B-C-D.txt	Echinodermata_Antedon_bifida	/rna/liha/phylogenomics_practice/TENT/TENT5/Blast/Results/Echinodermata_Antedon_bifida/Echinodermata_TENT5A-B-C-D.txt
TENT5C_Homo_sapiens	XP_078565881.1	32.759	58	14	1.5	31.6	cytoplasmic dynein 1 heavy chain 1-like isoform X1 [Antedon bifida]	Echinodermata_TENT5A-B-C-D.txt	Echinodermata_Antedon_bifida	/rna/liha/phylogenomics_practice/TENT/TENT5/Blast/Results/Echinodermata_Antedon_bifida/Echinodermata_TENT5A-B-C-D.txt
TENT5C_Homo_sapiens	XP_078565882.1	32.759	58	14	1.6	31.2	cytoplasmic dynein 1 heavy chain 1-like isoform X2 [Antedon bifida]	Echinodermata_TENT5A-B-C-D.txt	Echinodermata_Antedon_bifida	/rna/liha/phylogenomics_practice/TENT/TENT5/Blast/Results/Echinodermata_Antedon_bifida/Echinodermata_TENT5A-B-C-D.txt
TENT5C_Homo_sapiens	XP_078563944.1	33.333	45	12	2.0	31.2	LOW QUALITY PROTEIN: uncharacterized protein LOC144850531 [Antedon bifida]	Echinodermata_TENT5A-B-C-D.txt	Echinodermata_Antedon_bifida	/rna/liha/phylogenomics_practice/TENT/TENT5/Blast/Results/Echinodermata_Antedon_bifida/Echinodermata_TENT5A-B-C-D.txt
TENT5C_Homo_sapiens	XP_078566350.1	23.762	101	24	3.0	30.4	1-phosphatidylinositol 4,5-bisphosphate phosphodiesterase beta-4-like isoform X2 [Antedon bifida]	Echinodermata_TENT5A-B-C-D.txt	Echinodermata_Antedon_bifida	/rna/liha/phylogenomics_practice/TENT/TENT5/Blast/Results/Echinodermata_Antedon_bifida/Echinodermata_TENT5A-B-C-D.txt
TENT5C_Homo_sapiens	XP_078566349.1	23.762	101	24	3.2	30.4	1-phosphatidylinositol 4,5-bisphosphate phosphodiesterase beta-4-like isoform X1 [Antedon bifida]	Echinodermata_TENT5A-B-C-D.txt	Echinodermata_Antedon_bifida	/rna/liha/phylogenomics_practice/TENT/TENT5/Blast/Results/Echinodermata_Antedon_bifida/Echinodermata_TENT5A-B-C-D.txt
TENT5D_Homo_sapiens	XP_078561845.1	49.600	375	95	8.45e-124	363	terminal nucleotidyltransferase 5C-like [Antedon bifida]	Echinodermata_TENT5A-B-C-D.txt	Echinodermata_Antedon_bifida	/rna/liha/phylogenomics_practice/TENT/TENT5/Blast/Results/Echinodermata_Antedon_bifida/Echinodermata_TENT5A-B-C-D.txt
TENT5D_Homo_sapiens	XP_078555911.1	40.476	42	10	1.3	31.6	uncharacterized protein LOC144843094 isoform X2 [Antedon bifida]	Echinodermata_TENT5A-B-C-D.txt	Echinodermata_Antedon_bifida	/rna/liha/phylogenomics_practice/TENT/TENT5/Blast/Results/Echinodermata_Antedon_bifida/Echinodermata_TENT5A-B-C-D.txt
TENT5D_Homo_sapiens	XP_078555909.1	40.476	42	10	1.3	31.6	uncharacterized protein LOC144843094 isoform X1 [Antedon bifida]	Echinodermata_TENT5A-B-C-D.txt	Echinodermata_Antedon_bifida	/rna/liha/phylogenomics_practice/TENT/TENT5/Blast/Results/Echinodermata_Antedon_bifida/Echinodermata_TENT5A-B-C-D.txt
TENT5D_Homo_sapiens	XP_078561997.1	22.581	93	24	2.1	30.8	uncharacterized protein LOC144848920 [Antedon bifida]	Echinodermata_TENT5A-B-C-D.txt	Echinodermata_Antedon_bifida	/rna/liha/phylogenomics_practice/TENT/TENT5/Blast/Results/Echinodermata_Antedon_bifida/Echinodermata_TENT5A-B-C-D.txt
TENT5D_Homo_sapiens	XP_078549977.1	35.417	48	12	6.9	29.3	cytochrome P450 26B1-like [Antedon bifida]	Echinodermata_TENT5A-B-C-D.txt	Echinodermata_Antedon_bifida	/rna/liha/phylogenomics_practice/TENT/TENT5/Blast/Results/Echinodermata_Antedon_bifida/Echinodermata_TENT5A-B-C-D.txt
TENT5D_Homo_sapiens	XP_078558120.1	24.806	129	32	7.6	28.9	uncharacterized protein LOC144844886 isoform X1 [Antedon bifida]	Echinodermata_TENT5A-B-C-D.txt	Echinodermata_Antedon_bifida	/rna/liha/phylogenomics_practice/TENT/TENT5/Blast/Results/Echinodermata_Antedon_bifida/Echinodermata_TENT5A-B-C-D.txt
TENT5D_Homo_sapiens	XP_078558121.1	24.806	129	32	8.3	28.9	uncharacterized protein LOC144844886 isoform X2 [Antedon bifida]	Echinodermata_TENT5A-B-C-D.txt	Echinodermata_Antedon_bifida	/rna/liha/phylogenomics_practice/TENT/TENT5/Blast/Results/Echinodermata_Antedon_bifida/Echinodermata_TENT5A-B-C-D.txt
TENT5D_Homo_sapiens	XP_078558122.1	24.806	129	32	8.9	28.9	annexin-B12-like isoform X3 [Antedon bifida]	Echinodermata_TENT5A-B-C-D.txt	Echinodermata_Antedon_bifida	/rna/liha/phylogenomics_practice/TENT/TENT5/Blast/Results/Echinodermata_Antedon_bifida/Echinodermata_TENT5A-B-C-D.txt
TENT5A_Homo_sapiens	XP_072036890.1	61.538	325	73	4.44e-141	410	terminal nucleotidyltransferase 5C-like [Amphiura filiformis]	Echinodermata_TENT5A-B-C-D.txt	Echinodermata_Amphiura_filiformis	/rna/liha/phylogenomics_practice/TENT/TENT5/Blast/Results/Echinodermata_Amphiura_filiformis/Echinodermata_TENT5A-B-C-D.txt
TENT5B_Homo_sapiens	XP_072036890.1	58.385	322	76	1.77e-136	397	terminal nucleotidyltransferase 5C-like [Amphiura filiformis]	Echinodermata_TENT5A-B-C-D.txt	Echinodermata_Amphiura_filiformis	/rna/liha/phylogenomics_practice/TENT/TENT5/Blast/Results/Echinodermata_Amphiura_filiformis/Echinodermata_TENT5A-B-C-D.txt
TENT5B_Homo_sapiens	XP_072043661.1	38.462	52	12	3.2	30.8	uncharacterized protein [Amphiura filiformis]	Echinodermata_TENT5A-B-C-D.txt	Echinodermata_Amphiura_filiformis	/rna/liha/phylogenomics_practice/TENT/TENT5/Blast/Results/Echinodermata_Amphiura_filiformis/Echinodermata_TENT5A-B-C-D.txt
TENT5B_Homo_sapiens	XP_072015441.1	32.812	64	15	3.7	30.4	kelch-like protein 6 isoform X2 [Amphiura filiformis]	Echinodermata_TENT5A-B-C-D.txt	Echinodermata_Amphiura_filiformis	/rna/liha/phylogenomics_practice/TENT/TENT5/Blast/Results/Echinodermata_Amphiura_filiformis/Echinodermata_TENT5A-B-C-D.txt
TENT5B_Homo_sapiens	XP_072026520.1	23.529	153	32	8.1	29.6	receptor-type tyrosine-protein phosphatase alpha-like isoform X2 [Amphiura filiformis]	Echinodermata_TENT5A-B-C-D.txt	Echinodermata_Amphiura_filiformis	/rna/liha/phylogenomics_practice/TENT/TENT5/Blast/Results/Echinodermata_Amphiura_filiformis/Echinodermata_TENT5A-B-C-D.txt
TENT5C_Homo_sapiens	XP_072036890.1	60.000	340	87	4.89e-144	415	terminal nucleotidyltransferase 5C-like [Amphiura filiformis]	Echinodermata_TENT5A-B-C-D.txt	Echinodermata_Amphiura_filiformis	/rna/liha/phylogenomics_practice/TENT/TENT5/Blast/Results/Echinodermata_Amphiura_filiformis/Echinodermata_TENT5A-B-C-D.txt
TENT5C_Homo_sapiens	XP_072017159.1	34.091	44	11	1.2	32.3	uncharacterized protein [Amphiura filiformis]	Echinodermata_TENT5A-B-C-D.txt	Echinodermata_Amphiura_filiformis	/rna/liha/phylogenomics_practice/TENT/TENT5/Blast/Results/Echinodermata_Amphiura_filiformis/Echinodermata_TENT5A-B-C-D.txt
TENT5C_Homo_sapiens	XP_072032501.1	24.603	126	31	2.5	30.8	molybdenum cofactor biosynthesis protein 1-like isoform X2 [Amphiura filiformis]	Echinodermata_TENT5A-B-C-D.txt	Echinodermata_Amphiura_filiformis	/rna/liha/phylogenomics_practice/TENT/TENT5/Blast/Results/Echinodermata_Amphiura_filiformis/Echinodermata_TENT5A-B-C-D.txt
TENT5C_Homo_sapiens	XP_072032500.1	24.603	126	31	4.8	30.0	uncharacterized protein [Amphiura filiformis]	Echinodermata_TENT5A-B-C-D.txt	Echinodermata_Amphiura_filiformis	/rna/liha/phylogenomics_practice/TENT/TENT5/Blast/Results/Echinodermata_Amphiura_filiformis/Echinodermata_TENT5A-B-C-D.txt
TENT5C_Homo_sapiens	XP_072036191.1	29.348	92	23	5.2	29.6	2'-5'-oligoadenylate synthase 1-like [Amphiura filiformis]	Echinodermata_TENT5A-B-C-D.txt	Echinodermata_Amphiura_filiformis	/rna/liha/phylogenomics_practice/TENT/TENT5/Blast/Results/Echinodermata_Amphiura_filiformis/Echinodermata_TENT5A-B-C-D.txt
TENT5C_Homo_sapiens	XP_072040473.1	25.688	109	28	7.2	29.6	uncharacterized protein [Amphiura filiformis]	Echinodermata_TENT5A-B-C-D.txt	Echinodermata_Amphiura_filiformis	/rna/liha/phylogenomics_practice/TENT/TENT5/Blast/Results/Echinodermata_Amphiura_filiformis/Echinodermata_TENT5A-B-C-D.txt
TENT5C_Homo_sapiens	XP_072034413.1	51.852	27	7	8.9	28.9	pre-miRNA 5'-monophosphate methyltransferase-like [Amphiura filiformis]	Echinodermata_TENT5A-B-C-D.txt	Echinodermata_Amphiura_filiformis	/rna/liha/phylogenomics_practice/TENT/TENT5/Blast/Results/Echinodermata_Amphiura_filiformis/Echinodermata_TENT5A-B-C-D.txt
TENT5D_Homo_sapiens	XP_072036890.1	51.404	356	92	4.45e-128	374	terminal nucleotidyltransferase 5C-like [Amphiura filiformis]	Echinodermata_TENT5A-B-C-D.txt	Echinodermata_Amphiura_filiformis	/rna/liha/phylogenomics_practice/TENT/TENT5/Blast/Results/Echinodermata_Amphiura_filiformis/Echinodermata_TENT5A-B-C-D.txt
TENT5D_Homo_sapiens	XP_072024114.1	26.446	121	26	0.11	35.0	LOW QUALITY PROTEIN: sorting nexin-21-like [Amphiura filiformis]	Echinodermata_TENT5A-B-C-D.txt	Echinodermata_Amphiura_filiformis	/rna/liha/phylogenomics_practice/TENT/TENT5/Blast/Results/Echinodermata_Amphiura_filiformis/Echinodermata_TENT5A-B-C-D.txt
TENT5D_Homo_sapiens	XP_072024404.1	35.000	40	10	0.79	32.7	LOW QUALITY PROTEIN: CLIP-associating protein 1-like [Amphiura filiformis]	Echinodermata_TENT5A-B-C-D.txt	Echinodermata_Amphiura_filiformis	/rna/liha/phylogenomics_practice/TENT/TENT5/Blast/Results/Echinodermata_Amphiura_filiformis/Echinodermata_TENT5A-B-C-D.txt
TENT5D_Homo_sapiens	XP_072015646.1	21.769	147	38	3.5	30.4	NLR family CARD domain-containing protein 4-like [Amphiura filiformis]	Echinodermata_TENT5A-B-C-D.txt	Echinodermata_Amphiura_filiformis	/rna/liha/phylogenomics_practice/TENT/TENT5/Blast/Results/Echinodermata_Amphiura_filiformis/Echinodermata_TENT5A-B-C-D.txt
TENT5D_Homo_sapiens	XP_072046237.1	37.288	59	14	4.6	30.4	polyubiquitin-A-like [Amphiura filiformis]	Echinodermata_TENT5A-B-C-D.txt	Echinodermata_Amphiura_filiformis	/rna/liha/phylogenomics_practice/TENT/TENT5/Blast/Results/Echinodermata_Amphiura_filiformis/Echinodermata_TENT5A-B-C-D.txt
TENT5D_Homo_sapiens	XP_072033354.1	28.571	77	19	4.9	30.0	LOW QUALITY PROTEIN: unconventional myosin-XVI-like [Amphiura filiformis]	Echinodermata_TENT5A-B-C-D.txt	Echinodermata_Amphiura_filiformis	/rna/liha/phylogenomics_practice/TENT/TENT5/Blast/Results/Echinodermata_Amphiura_filiformis/Echinodermata_TENT5A-B-C-D.txt
TENT5D_Homo_sapiens	XP_072017159.1	34.783	46	12	5.3	30.0	uncharacterized protein [Amphiura filiformis]	Echinodermata_TENT5A-B-C-D.txt	Echinodermata_Amphiura_filiformis	/rna/liha/phylogenomics_practice/TENT/TENT5/Blast/Results/Echinodermata_Amphiura_filiformis/Echinodermata_TENT5A-B-C-D.txt
TENT5D_Homo_sapiens	XP_072046763.1	26.042	96	22	6.9	29.3	uncharacterized protein [Amphiura filiformis]	Echinodermata_TENT5A-B-C-D.txt	Echinodermata_Amphiura_filiformis	/rna/liha/phylogenomics_practice/TENT/TENT5/Blast/Results/Echinodermata_Amphiura_filiformis/Echinodermata_TENT5A-B-C-D.txt
TENT5A_Homo_sapiens	XP_071955683.1	54.155	373	81	4.25e-127	374	terminal nucleotidyltransferase 5C-like [Antedon mediterranea]	Echinodermata_TENT5A-B-C-D.txt	Echinodermata_Antedon_mediterranea	/rna/liha/phylogenomics_practice/TENT/TENT5/Blast/Results/Echinodermata_Antedon_mediterranea/Echinodermata_TENT5A-B-C-D.txt
TENT5B_Homo_sapiens	XP_071955683.1	55.402	361	83	1.18e-130	382	terminal nucleotidyltransferase 5C-like [Antedon mediterranea]	Echinodermata_TENT5A-B-C-D.txt	Echinodermata_Antedon_mediterranea	/rna/liha/phylogenomics_practice/TENT/TENT5/Blast/Results/Echinodermata_Antedon_mediterranea/Echinodermata_TENT5A-B-C-D.txt
TENT5B_Homo_sapiens	XP_071953841.1	27.273	55	13	1.8	31.2	uncharacterized protein [Antedon mediterranea]	Echinodermata_TENT5A-B-C-D.txt	Echinodermata_Antedon_mediterranea	/rna/liha/phylogenomics_practice/TENT/TENT5/Blast/Results/Echinodermata_Antedon_mediterranea/Echinodermata_TENT5A-B-C-D.txt
TENT5B_Homo_sapiens	XP_071965379.1	27.907	86	20	3.7	30.0	uncharacterized protein [Antedon mediterranea]	Echinodermata_TENT5A-B-C-D.txt	Echinodermata_Antedon_mediterranea	/rna/liha/phylogenomics_practice/TENT/TENT5/Blast/Results/Echinodermata_Antedon_mediterranea/Echinodermata_TENT5A-B-C-D.txt
TENT5B_Homo_sapiens	XP_071942196.1	31.250	48	10	5.8	29.6	twitchin-like isoform X2 [Antedon mediterranea]	Echinodermata_TENT5A-B-C-D.txt	Echinodermata_Antedon_mediterranea	/rna/liha/phylogenomics_practice/TENT/TENT5/Blast/Results/Echinodermata_Antedon_mediterranea/Echinodermata_TENT5A-B-C-D.txt
TENT5B_Homo_sapiens	XP_071942223.1	31.250	48	10	5.8	29.6	twitchin-like isoform X5 [Antedon mediterranea]	Echinodermata_TENT5A-B-C-D.txt	Echinodermata_Antedon_mediterranea	/rna/liha/phylogenomics_practice/TENT/TENT5/Blast/Results/Echinodermata_Antedon_mediterranea/Echinodermata_TENT5A-B-C-D.txt
TENT5B_Homo_sapiens	XP_071942214.1	31.250	48	10	5.9	29.6	twitchin-like isoform X4 [Antedon mediterranea]	Echinodermata_TENT5A-B-C-D.txt	Echinodermata_Antedon_mediterranea	/rna/liha/phylogenomics_practice/TENT/TENT5/Blast/Results/Echinodermata_Antedon_mediterranea/Echinodermata_TENT5A-B-C-D.txt
TENT5B_Homo_sapiens	XP_071942205.1	31.250	48	10	5.9	29.6	twitchin-like isoform X3 [Antedon mediterranea]	Echinodermata_TENT5A-B-C-D.txt	Echinodermata_Antedon_mediterranea	/rna/liha/phylogenomics_practice/TENT/TENT5/Blast/Results/Echinodermata_Antedon_mediterranea/Echinodermata_TENT5A-B-C-D.txt
TENT5B_Homo_sapiens	XP_071942189.1	31.250	48	10	5.9	29.6	twitchin-like isoform X1 [Antedon mediterranea]	Echinodermata_TENT5A-B-C-D.txt	Echinodermata_Antedon_mediterranea	/rna/liha/phylogenomics_practice/TENT/TENT5/Blast/Results/Echinodermata_Antedon_mediterranea/Echinodermata_TENT5A-B-C-D.txt
TENT5B_Homo_sapiens	XP_071942251.1	31.250	48	10	6.1	29.6	twitchin-like isoform X8 [Antedon mediterranea]	Echinodermata_TENT5A-B-C-D.txt	Echinodermata_Antedon_mediterranea	/rna/liha/phylogenomics_practice/TENT/TENT5/Blast/Results/Echinodermata_Antedon_mediterranea/Echinodermata_TENT5A-B-C-D.txt
TENT5B_Homo_sapiens	XP_071942241.1	31.250	48	10	6.1	29.6	twitchin-like isoform X7 [Antedon mediterranea]	Echinodermata_TENT5A-B-C-D.txt	Echinodermata_Antedon_mediterranea	/rna/liha/phylogenomics_practice/TENT/TENT5/Blast/Results/Echinodermata_Antedon_mediterranea/Echinodermata_TENT5A-B-C-D.txt
TENT5C_Homo_sapiens	XP_071955683.1	58.516	364	89	1.58e-134	390	terminal nucleotidyltransferase 5C-like [Antedon mediterranea]	Echinodermata_TENT5A-B-C-D.txt	Echinodermata_Antedon_mediterranea	/rna/liha/phylogenomics_practice/TENT/TENT5/Blast/Results/Echinodermata_Antedon_mediterranea/Echinodermata_TENT5A-B-C-D.txt
TENT5C_Homo_sapiens	XP_071963522.1	32.759	58	14	1.5	31.6	cytoplasmic dynein 1 heavy chain 1-like [Antedon mediterranea]	Echinodermata_TENT5A-B-C-D.txt	Echinodermata_Antedon_mediterranea	/rna/liha/phylogenomics_practice/TENT/TENT5/Blast/Results/Echinodermata_Antedon_mediterranea/Echinodermata_TENT5A-B-C-D.txt
TENT5C_Homo_sapiens	XP_071962625.1	23.762	101	24	3.0	30.4	1-phosphatidylinositol 4,5-bisphosphate phosphodiesterase beta-4-like isoform X2 [Antedon mediterranea]	Echinodermata_TENT5A-B-C-D.txt	Echinodermata_Antedon_mediterranea	/rna/liha/phylogenomics_practice/TENT/TENT5/Blast/Results/Echinodermata_Antedon_mediterranea/Echinodermata_TENT5A-B-C-D.txt
TENT5C_Homo_sapiens	XP_071962624.1	23.762	101	24	3.0	30.4	1-phosphatidylinositol 4,5-bisphosphate phosphodiesterase beta-4-like isoform X1 [Antedon mediterranea]	Echinodermata_TENT5A-B-C-D.txt	Echinodermata_Antedon_mediterranea	/rna/liha/phylogenomics_practice/TENT/TENT5/Blast/Results/Echinodermata_Antedon_mediterranea/Echinodermata_TENT5A-B-C-D.txt
TENT5C_Homo_sapiens	XP_071952794.1	57.692	26	6	8.5	28.9	interleukin-12 receptor subunit beta-2-like [Antedon mediterranea]	Echinodermata_TENT5A-B-C-D.txt	Echinodermata_Antedon_mediterranea	/rna/liha/phylogenomics_practice/TENT/TENT5/Blast/Results/Echinodermata_Antedon_mediterranea/Echinodermata_TENT5A-B-C-D.txt
TENT5D_Homo_sapiens	XP_071955683.1	49.600	375	95	7.22e-124	363	terminal nucleotidyltransferase 5C-like [Antedon mediterranea]	Echinodermata_TENT5A-B-C-D.txt	Echinodermata_Antedon_mediterranea	/rna/liha/phylogenomics_practice/TENT/TENT5/Blast/Results/Echinodermata_Antedon_mediterranea/Echinodermata_TENT5A-B-C-D.txt
TENT5D_Homo_sapiens	XP_071951468.1	43.333	30	8	2.5	30.8	uncharacterized protein [Antedon mediterranea]	Echinodermata_TENT5A-B-C-D.txt	Echinodermata_Antedon_mediterranea	/rna/liha/phylogenomics_practice/TENT/TENT5/Blast/Results/Echinodermata_Antedon_mediterranea/Echinodermata_TENT5A-B-C-D.txt
TENT5D_Homo_sapiens	XP_071951467.1	43.333	30	8	2.5	30.8	uncharacterized protein [Antedon mediterranea]	Echinodermata_TENT5A-B-C-D.txt	Echinodermata_Antedon_mediterranea	/rna/liha/phylogenomics_practice/TENT/TENT5/Blast/Results/Echinodermata_Antedon_mediterranea/Echinodermata_TENT5A-B-C-D.txt
TENT5D_Homo_sapiens	XP_071947460.1	26.087	92	22	4.3	29.6	uncharacterized protein [Antedon mediterranea]	Echinodermata_TENT5A-B-C-D.txt	Echinodermata_Antedon_mediterranea	/rna/liha/phylogenomics_practice/TENT/TENT5/Blast/Results/Echinodermata_Antedon_mediterranea/Echinodermata_TENT5A-B-C-D.txt
TENT5D_Homo_sapiens	XP_071949265.1	37.500	48	12	4.3	29.6	cytochrome P450 26B1-like [Antedon mediterranea]	Echinodermata_TENT5A-B-C-D.txt	Echinodermata_Antedon_mediterranea	/rna/liha/phylogenomics_practice/TENT/TENT5/Blast/Results/Echinodermata_Antedon_mediterranea/Echinodermata_TENT5A-B-C-D.txt
TENT5D_Homo_sapiens	XP_071952077.1	24.806	129	32	9.8	28.5	uncharacterized protein [Antedon mediterranea]	Echinodermata_TENT5A-B-C-D.txt	Echinodermata_Antedon_mediterranea	/rna/liha/phylogenomics_practice/TENT/TENT5/Blast/Results/Echinodermata_Antedon_mediterranea/Echinodermata_TENT5A-B-C-D.txt
TENT5D_Homo_sapiens	XP_071952079.1	24.806	129	32	9.9	28.5	uncharacterized protein [Antedon mediterranea]	Echinodermata_TENT5A-B-C-D.txt	Echinodermata_Antedon_mediterranea	/rna/liha/phylogenomics_practice/TENT/TENT5/Blast/Results/Echinodermata_Antedon_mediterranea/Echinodermata_TENT5A-B-C-D.txt
TENT5D_Homo_sapiens	XP_071957041.1	34.286	35	9	9.9	28.9	uncharacterized protein [Antedon mediterranea]	Echinodermata_TENT5A-B-C-D.txt	Echinodermata_Antedon_mediterranea	/rna/liha/phylogenomics_practice/TENT/TENT5/Blast/Results/Echinodermata_Antedon_mediterranea/Echinodermata_TENT5A-B-C-D.txt
TENT5D_Homo_sapiens	XP_071952081.1	24.806	129	32	10.0	28.5	annexin-B12-like isoform X4 [Antedon mediterranea]	Echinodermata_TENT5A-B-C-D.txt	Echinodermata_Antedon_mediterranea	/rna/liha/phylogenomics_practice/TENT/TENT5/Blast/Results/Echinodermata_Antedon_mediterranea/Echinodermata_TENT5A-B-C-D.txt
TENT5A_Homo_sapiens	YP_009751176.1	40.000	25	6	0.90	21.2	NADH dehydrogenase subunit 4 [Holothuria leucospilota]	Echinodermata_TENT5A-B-C-D.txt	Echinodermata_Holothuria_leucospilota	/rna/liha/phylogenomics_practice/TENT/TENT5/Blast/Results/Echinodermata_Holothuria_leucospilota/Echinodermata_TENT5A-B-C-D.txt
TENT5A_Homo_sapiens	YP_009751181.1	40.909	22	15	1.1	20.8	NADH dehydrogenase subunit 2 [Holothuria leucospilota]	Echinodermata_TENT5A-B-C-D.txt	Echinodermata_Holothuria_leucospilota	/rna/liha/phylogenomics_practice/TENT/TENT5/Blast/Results/Echinodermata_Holothuria_leucospilota/Echinodermata_TENT5A-B-C-D.txt
TENT5A_Homo_sapiens	YP_009751181.1	19.355	31	15	3.2	19.2	NADH dehydrogenase subunit 2 [Holothuria leucospilota]	Echinodermata_TENT5A-B-C-D.txt	Echinodermata_Holothuria_leucospilota	/rna/liha/phylogenomics_practice/TENT/TENT5/Blast/Results/Echinodermata_Holothuria_leucospilota/Echinodermata_TENT5A-B-C-D.txt
TENT5A_Homo_sapiens	YP_009751181.1	57.143	14	15	3.4	19.2	NADH dehydrogenase subunit 2 [Holothuria leucospilota]	Echinodermata_TENT5A-B-C-D.txt	Echinodermata_Holothuria_leucospilota	/rna/liha/phylogenomics_practice/TENT/TENT5/Blast/Results/Echinodermata_Holothuria_leucospilota/Echinodermata_TENT5A-B-C-D.txt
TENT5B_Homo_sapiens	YP_009751177.1	23.333	60	12	4.1	18.9	NADH dehydrogenase subunit 5 [Holothuria leucospilota]	Echinodermata_TENT5A-B-C-D.txt	Echinodermata_Holothuria_leucospilota	/rna/liha/phylogenomics_practice/TENT/TENT5/Blast/Results/Echinodermata_Holothuria_leucospilota/Echinodermata_TENT5A-B-C-D.txt
TENT5B_Homo_sapiens	YP_009751171.1	31.034	29	7	7.8	17.7	cytochrome c oxidase subunit II [Holothuria leucospilota]	Echinodermata_TENT5A-B-C-D.txt	Echinodermata_Holothuria_leucospilota	/rna/liha/phylogenomics_practice/TENT/TENT5/Blast/Results/Echinodermata_Holothuria_leucospilota/Echinodermata_TENT5A-B-C-D.txt
TENT5C_Homo_sapiens	YP_009751173.1	38.889	18	5	1.5	20.0	ATP synthase F0 subunit 6 [Holothuria leucospilota]	Echinodermata_TENT5A-B-C-D.txt	Echinodermata_Holothuria_leucospilota	/rna/liha/phylogenomics_practice/TENT/TENT5/Blast/Results/Echinodermata_Holothuria_leucospilota/Echinodermata_TENT5A-B-C-D.txt
TENT5C_Homo_sapiens	YP_009751176.1	40.000	25	6	4.7	18.5	NADH dehydrogenase subunit 4 [Holothuria leucospilota]	Echinodermata_TENT5A-B-C-D.txt	Echinodermata_Holothuria_leucospilota	/rna/liha/phylogenomics_practice/TENT/TENT5/Blast/Results/Echinodermata_Holothuria_leucospilota/Echinodermata_TENT5A-B-C-D.txt
TENT5C_Homo_sapiens	YP_009751170.1	42.308	26	7	6.5	17.7	NADH dehydrogenase subunit 4L [Holothuria leucospilota]	Echinodermata_TENT5A-B-C-D.txt	Echinodermata_Holothuria_leucospilota	/rna/liha/phylogenomics_practice/TENT/TENT5/Blast/Results/Echinodermata_Holothuria_leucospilota/Echinodermata_TENT5A-B-C-D.txt
TENT5C_Homo_sapiens	YP_009751181.1	47.059	17	4	8.5	17.7	NADH dehydrogenase subunit 2 [Holothuria leucospilota]	Echinodermata_TENT5A-B-C-D.txt	Echinodermata_Holothuria_leucospilota	/rna/liha/phylogenomics_practice/TENT/TENT5/Blast/Results/Echinodermata_Holothuria_leucospilota/Echinodermata_TENT5A-B-C-D.txt
TENT5D_Homo_sapiens	YP_009751178.1	60.000	10	3	1.8	19.6	NADH dehydrogenase subunit 6 [Holothuria leucospilota]	Echinodermata_TENT5A-B-C-D.txt	Echinodermata_Holothuria_leucospilota	/rna/liha/phylogenomics_practice/TENT/TENT5/Blast/Results/Echinodermata_Holothuria_leucospilota/Echinodermata_TENT5A-B-C-D.txt
TENT5D_Homo_sapiens	YP_009751181.1	57.143	14	4	3.7	18.9	NADH dehydrogenase subunit 2 [Holothuria leucospilota]	Echinodermata_TENT5A-B-C-D.txt	Echinodermata_Holothuria_leucospilota	/rna/liha/phylogenomics_practice/TENT/TENT5/Blast/Results/Echinodermata_Holothuria_leucospilota/Echinodermata_TENT5A-B-C-D.txt
TENT5A_Homo_sapiens	YP_010118242.1	42.857	14	3	1.8	19.6	NADH dehydrogenase subunit 2 [Stichopus chloronotus]	Echinodermata_TENT5A-B-C-D.txt	Echinodermata_Stichopus_chloronotus	/rna/liha/phylogenomics_practice/TENT/TENT5/Blast/Results/Echinodermata_Stichopus_chloronotus/Echinodermata_TENT5A-B-C-D.txt
TENT5A_Homo_sapiens	YP_010118230.1	28.571	35	7	8.8	17.3	cytochrome c oxidase subunit I [Stichopus chloronotus]	Echinodermata_TENT5A-B-C-D.txt	Echinodermata_Stichopus_chloronotus	/rna/liha/phylogenomics_practice/TENT/TENT5/Blast/Results/Echinodermata_Stichopus_chloronotus/Echinodermata_TENT5A-B-C-D.txt
TENT5A_Homo_sapiens	YP_010118237.1	42.857	21	4	9.9	17.3	NADH dehydrogenase subunit 4 [Stichopus chloronotus]	Echinodermata_TENT5A-B-C-D.txt	Echinodermata_Stichopus_chloronotus	/rna/liha/phylogenomics_practice/TENT/TENT5/Blast/Results/Echinodermata_Stichopus_chloronotus/Echinodermata_TENT5A-B-C-D.txt
TENT5B_Homo_sapiens	YP_010118238.1	35.714	28	15	0.43	21.6	NADH dehydrogenase subunit 5 [Stichopus chloronotus]	Echinodermata_TENT5A-B-C-D.txt	Echinodermata_Stichopus_chloronotus	/rna/liha/phylogenomics_practice/TENT/TENT5/Blast/Results/Echinodermata_Stichopus_chloronotus/Echinodermata_TENT5A-B-C-D.txt
TENT5B_Homo_sapiens	YP_010118238.1	29.412	34	15	2.1	19.2	NADH dehydrogenase subunit 5 [Stichopus chloronotus]	Echinodermata_TENT5A-B-C-D.txt	Echinodermata_Stichopus_chloronotus	/rna/liha/phylogenomics_practice/TENT/TENT5/Blast/Results/Echinodermata_Stichopus_chloronotus/Echinodermata_TENT5A-B-C-D.txt
TENT5B_Homo_sapiens	YP_010118232.1	31.034	29	7	4.3	18.1	cytochrome c oxidase subunit II [Stichopus chloronotus]	Echinodermata_TENT5A-B-C-D.txt	Echinodermata_Stichopus_chloronotus	/rna/liha/phylogenomics_practice/TENT/TENT5/Blast/Results/Echinodermata_Stichopus_chloronotus/Echinodermata_TENT5A-B-C-D.txt
TENT5B_Homo_sapiens	YP_010118239.1	37.500	32	5	6.1	17.7	NADH dehydrogenase subunit 6 [Stichopus chloronotus]	Echinodermata_TENT5A-B-C-D.txt	Echinodermata_Stichopus_chloronotus	/rna/liha/phylogenomics_practice/TENT/TENT5/Blast/Results/Echinodermata_Stichopus_chloronotus/Echinodermata_TENT5A-B-C-D.txt
TENT5C_Homo_sapiens	YP_010118234.1	38.889	18	5	0.79	20.4	ATP synthase F0 subunit 6 [Stichopus chloronotus]	Echinodermata_TENT5A-B-C-D.txt	Echinodermata_Stichopus_chloronotus	/rna/liha/phylogenomics_practice/TENT/TENT5/Blast/Results/Echinodermata_Stichopus_chloronotus/Echinodermata_TENT5A-B-C-D.txt
TENT5C_Homo_sapiens	YP_010118238.1	22.973	74	18	7.5	17.3	NADH dehydrogenase subunit 5 [Stichopus chloronotus]	Echinodermata_TENT5A-B-C-D.txt	Echinodermata_Stichopus_chloronotus	/rna/liha/phylogenomics_practice/TENT/TENT5/Blast/Results/Echinodermata_Stichopus_chloronotus/Echinodermata_TENT5A-B-C-D.txt
TENT5C_Homo_sapiens	YP_010118232.1	27.536	69	17	8.2	16.9	cytochrome c oxidase subunit II [Stichopus chloronotus]	Echinodermata_TENT5A-B-C-D.txt	Echinodermata_Stichopus_chloronotus	/rna/liha/phylogenomics_practice/TENT/TENT5/Blast/Results/Echinodermata_Stichopus_chloronotus/Echinodermata_TENT5A-B-C-D.txt
TENT5D_Homo_sapiens	YP_010118239.1	60.000	10	3	1.4	19.2	NADH dehydrogenase subunit 6 [Stichopus chloronotus]	Echinodermata_TENT5A-B-C-D.txt	Echinodermata_Stichopus_chloronotus	/rna/liha/phylogenomics_practice/TENT/TENT5/Blast/Results/Echinodermata_Stichopus_chloronotus/Echinodermata_TENT5A-B-C-D.txt
TENT5D_Homo_sapiens	YP_010118242.1	30.769	26	6	2.3	18.9	NADH dehydrogenase subunit 2 [Stichopus chloronotus]	Echinodermata_TENT5A-B-C-D.txt	Echinodermata_Stichopus_chloronotus	/rna/liha/phylogenomics_practice/TENT/TENT5/Blast/Results/Echinodermata_Stichopus_chloronotus/Echinodermata_TENT5A-B-C-D.txt
TENT5D_Homo_sapiens	YP_010118234.1	38.462	13	3	7.5	17.3	ATP synthase F0 subunit 6 [Stichopus chloronotus]	Echinodermata_TENT5A-B-C-D.txt	Echinodermata_Stichopus_chloronotus	/rna/liha/phylogenomics_practice/TENT/TENT5/Blast/Results/Echinodermata_Stichopus_chloronotus/Echinodermata_TENT5A-B-C-D.txt
TENT5D_Homo_sapiens	YP_010118238.1	41.667	12	3	9.0	16.9	NADH dehydrogenase subunit 5 [Stichopus chloronotus]	Echinodermata_TENT5A-B-C-D.txt	Echinodermata_Stichopus_chloronotus	/rna/liha/phylogenomics_practice/TENT/TENT5/Blast/Results/Echinodermata_Stichopus_chloronotus/Echinodermata_TENT5A-B-C-D.txt
TENT5D_Homo_sapiens	YP_010118237.1	21.429	28	7	9.2	16.9	NADH dehydrogenase subunit 4 [Stichopus chloronotus]	Echinodermata_TENT5A-B-C-D.txt	Echinodermata_Stichopus_chloronotus	/rna/liha/phylogenomics_practice/TENT/TENT5/Blast/Results/Echinodermata_Stichopus_chloronotus/Echinodermata_TENT5A-B-C-D.txt
TENT5A_Homo_sapiens	XP_071820039.1	59.347	337	75	1.21e-130	384	terminal nucleotidyltransferase 5C-like [Apostichopus japonicus]	Echinodermata_TENT5A-B-C-D.txt	Echinodermata_Apostichopus_japonicus	/rna/liha/phylogenomics_practice/TENT/TENT5/Blast/Results/Echinodermata_Apostichopus_japonicus/Echinodermata_TENT5A-B-C-D.txt
TENT5B_Homo_sapiens	XP_071820039.1	54.769	325	76	9.00e-125	368	terminal nucleotidyltransferase 5C-like [Apostichopus japonicus]	Echinodermata_TENT5A-B-C-D.txt	Echinodermata_Apostichopus_japonicus	/rna/liha/phylogenomics_practice/TENT/TENT5/Blast/Results/Echinodermata_Apostichopus_japonicus/Echinodermata_TENT5A-B-C-D.txt
TENT5B_Homo_sapiens	XP_071854729.1	34.783	46	11	1.8	32.0	extracellular matrix protein 2-like [Apostichopus japonicus]	Echinodermata_TENT5A-B-C-D.txt	Echinodermata_Apostichopus_japonicus	/rna/liha/phylogenomics_practice/TENT/TENT5/Blast/Results/Echinodermata_Apostichopus_japonicus/Echinodermata_TENT5A-B-C-D.txt
TENT5B_Homo_sapiens	XP_071822417.1	66.667	18	4	1.9	31.6	uncharacterized protein [Apostichopus japonicus]	Echinodermata_TENT5A-B-C-D.txt	Echinodermata_Apostichopus_japonicus	/rna/liha/phylogenomics_practice/TENT/TENT5/Blast/Results/Echinodermata_Apostichopus_japonicus/Echinodermata_TENT5A-B-C-D.txt
TENT5B_Homo_sapiens	XP_071841931.1	22.917	48	11	5.4	30.8	uncharacterized protein [Apostichopus japonicus]	Echinodermata_TENT5A-B-C-D.txt	Echinodermata_Apostichopus_japonicus	/rna/liha/phylogenomics_practice/TENT/TENT5/Blast/Results/Echinodermata_Apostichopus_japonicus/Echinodermata_TENT5A-B-C-D.txt
TENT5C_Homo_sapiens	XP_071820039.1	56.693	381	96	1.03e-138	402	terminal nucleotidyltransferase 5C-like [Apostichopus japonicus]	Echinodermata_TENT5A-B-C-D.txt	Echinodermata_Apostichopus_japonicus	/rna/liha/phylogenomics_practice/TENT/TENT5/Blast/Results/Echinodermata_Apostichopus_japonicus/Echinodermata_TENT5A-B-C-D.txt
TENT5C_Homo_sapiens	XP_071811024.1	23.585	106	27	5.9	30.4	protein scribble homolog isoform X3 [Apostichopus japonicus]	Echinodermata_TENT5A-B-C-D.txt	Echinodermata_Apostichopus_japonicus	/rna/liha/phylogenomics_practice/TENT/TENT5/Blast/Results/Echinodermata_Apostichopus_japonicus/Echinodermata_TENT5A-B-C-D.txt
TENT5D_Homo_sapiens	XP_071820039.1	47.917	384	98	3.91e-120	355	terminal nucleotidyltransferase 5C-like [Apostichopus japonicus]	Echinodermata_TENT5A-B-C-D.txt	Echinodermata_Apostichopus_japonicus	/rna/liha/phylogenomics_practice/TENT/TENT5/Blast/Results/Echinodermata_Apostichopus_japonicus/Echinodermata_TENT5A-B-C-D.txt
TENT5A_Homo_sapiens	YP_003457198.1	35.000	20	5	6.2	17.7	NADH dehydrogenase subunit 5 [Astrospartus mediterraneus]	Echinodermata_TENT5A-B-C-D.txt	Echinodermata_Astrospartus_mediterraneus	/rna/liha/phylogenomics_practice/TENT/TENT5/Blast/Results/Echinodermata_Astrospartus_mediterraneus/Echinodermata_TENT5A-B-C-D.txt
TENT5A_Homo_sapiens	YP_003457197.1	29.412	51	10	9.1	17.3	NADH dehydrogenase subunit 4 [Astrospartus mediterraneus]	Echinodermata_TENT5A-B-C-D.txt	Echinodermata_Astrospartus_mediterraneus	/rna/liha/phylogenomics_practice/TENT/TENT5/Blast/Results/Echinodermata_Astrospartus_mediterraneus/Echinodermata_TENT5A-B-C-D.txt
TENT5B_Homo_sapiens	YP_003457198.1	22.881	118	30	0.057	24.3	NADH dehydrogenase subunit 5 [Astrospartus mediterraneus]	Echinodermata_TENT5A-B-C-D.txt	Echinodermata_Astrospartus_mediterraneus	/rna/liha/phylogenomics_practice/TENT/TENT5/Blast/Results/Echinodermata_Astrospartus_mediterraneus/Echinodermata_TENT5A-B-C-D.txt
TENT5B_Homo_sapiens	YP_003457198.1	31.818	22	30	7.3	17.7	NADH dehydrogenase subunit 5 [Astrospartus mediterraneus]	Echinodermata_TENT5A-B-C-D.txt	Echinodermata_Astrospartus_mediterraneus	/rna/liha/phylogenomics_practice/TENT/TENT5/Blast/Results/Echinodermata_Astrospartus_mediterraneus/Echinodermata_TENT5A-B-C-D.txt
TENT5B_Homo_sapiens	YP_003457195.1	27.273	22	5	8.8	17.3	cytochrome c oxidase subunit III [Astrospartus mediterraneus]	Echinodermata_TENT5A-B-C-D.txt	Echinodermata_Astrospartus_mediterraneus	/rna/liha/phylogenomics_practice/TENT/TENT5/Blast/Results/Echinodermata_Astrospartus_mediterraneus/Echinodermata_TENT5A-B-C-D.txt
TENT5C_Homo_sapiens	YP_003457192.1	38.710	31	8	0.33	21.6	cytochrome c oxidase subunit II [Astrospartus mediterraneus]	Echinodermata_TENT5A-B-C-D.txt	Echinodermata_Astrospartus_mediterraneus	/rna/liha/phylogenomics_practice/TENT/TENT5/Blast/Results/Echinodermata_Astrospartus_mediterraneus/Echinodermata_TENT5A-B-C-D.txt
TENT5C_Homo_sapiens	YP_003457194.1	40.000	15	4	0.91	20.0	ATP synthase F0 subunit 6 [Astrospartus mediterraneus]	Echinodermata_TENT5A-B-C-D.txt	Echinodermata_Astrospartus_mediterraneus	/rna/liha/phylogenomics_practice/TENT/TENT5/Blast/Results/Echinodermata_Astrospartus_mediterraneus/Echinodermata_TENT5A-B-C-D.txt
TENT5C_Homo_sapiens	YP_003457187.1	33.333	18	5	3.6	18.5	cytochrome b [Astrospartus mediterraneus]	Echinodermata_TENT5A-B-C-D.txt	Echinodermata_Astrospartus_mediterraneus	/rna/liha/phylogenomics_practice/TENT/TENT5/Blast/Results/Echinodermata_Astrospartus_mediterraneus/Echinodermata_TENT5A-B-C-D.txt
TENT5D_Homo_sapiens	YP_003457189.1	33.333	42	10	2.4	18.9	NADH dehydrogenase subunit 1 [Astrospartus mediterraneus]	Echinodermata_TENT5A-B-C-D.txt	Echinodermata_Astrospartus_mediterraneus	/rna/liha/phylogenomics_practice/TENT/TENT5/Blast/Results/Echinodermata_Astrospartus_mediterraneus/Echinodermata_TENT5A-B-C-D.txt
TENT5D_Homo_sapiens	YP_003457190.1	16.071	56	14	4.1	18.1	cytochrome c oxidase subunit I [Astrospartus mediterraneus]	Echinodermata_TENT5A-B-C-D.txt	Echinodermata_Astrospartus_mediterraneus	/rna/liha/phylogenomics_practice/TENT/TENT5/Blast/Results/Echinodermata_Astrospartus_mediterraneus/Echinodermata_TENT5A-B-C-D.txt
TENT5D_Homo_sapiens	YP_003457188.1	28.571	35	8	6.8	17.3	NADH dehydrogenase subunit 2 [Astrospartus mediterraneus]	Echinodermata_TENT5A-B-C-D.txt	Echinodermata_Astrospartus_mediterraneus	/rna/liha/phylogenomics_practice/TENT/TENT5/Blast/Results/Echinodermata_Astrospartus_mediterraneus/Echinodermata_TENT5A-B-C-D.txt
TENT5A_Homo_sapiens	YP_010283686.1	41.935	31	19	0.99	20.4	NADH dehydrogenase subunit 4 [Cenometra bella]	Echinodermata_TENT5A-B-C-D.txt	Echinodermata_Cenometra_bella	/rna/liha/phylogenomics_practice/TENT/TENT5/Blast/Results/Echinodermata_Cenometra_bella/Echinodermata_TENT5A-B-C-D.txt
TENT5A_Homo_sapiens	YP_010283686.1	39.286	28	19	3.8	18.5	NADH dehydrogenase subunit 4 [Cenometra bella]	Echinodermata_TENT5A-B-C-D.txt	Echinodermata_Cenometra_bella	/rna/liha/phylogenomics_practice/TENT/TENT5/Blast/Results/Echinodermata_Cenometra_bella/Echinodermata_TENT5A-B-C-D.txt
TENT5A_Homo_sapiens	YP_010283686.1	25.806	31	19	7.9	17.3	NADH dehydrogenase subunit 4 [Cenometra bella]	Echinodermata_TENT5A-B-C-D.txt	Echinodermata_Cenometra_bella	/rna/liha/phylogenomics_practice/TENT/TENT5/Blast/Results/Echinodermata_Cenometra_bella/Echinodermata_TENT5A-B-C-D.txt
TENT5A_Homo_sapiens	YP_010283694.1	50.000	14	3	3.7	18.5	cytochrome c oxidase subunit II [Cenometra bella]	Echinodermata_TENT5A-B-C-D.txt	Echinodermata_Cenometra_bella	/rna/liha/phylogenomics_practice/TENT/TENT5/Blast/Results/Echinodermata_Cenometra_bella/Echinodermata_TENT5A-B-C-D.txt
TENT5A_Homo_sapiens	YP_010283690.1	58.333	12	3	9.2	17.3	NADH dehydrogenase subunit 2 [Cenometra bella]	Echinodermata_TENT5A-B-C-D.txt	Echinodermata_Cenometra_bella	/rna/liha/phylogenomics_practice/TENT/TENT5/Blast/Results/Echinodermata_Cenometra_bella/Echinodermata_TENT5A-B-C-D.txt
TENT5B_Homo_sapiens	YP_010283687.1	20.968	62	12	1.1	20.0	NADH dehydrogenase subunit 5 [Cenometra bella]	Echinodermata_TENT5A-B-C-D.txt	Echinodermata_Cenometra_bella	/rna/liha/phylogenomics_practice/TENT/TENT5/Blast/Results/Echinodermata_Cenometra_bella/Echinodermata_TENT5A-B-C-D.txt
TENT5B_Homo_sapiens	YP_010283694.1	40.000	20	4	9.3	16.9	cytochrome c oxidase subunit II [Cenometra bella]	Echinodermata_TENT5A-B-C-D.txt	Echinodermata_Cenometra_bella	/rna/liha/phylogenomics_practice/TENT/TENT5/Blast/Results/Echinodermata_Cenometra_bella/Echinodermata_TENT5A-B-C-D.txt
TENT5C_Homo_sapiens	YP_010283696.1	38.889	18	5	0.44	21.2	ATP synthase F0 subunit 6 [Cenometra bella]	Echinodermata_TENT5A-B-C-D.txt	Echinodermata_Cenometra_bella	/rna/liha/phylogenomics_practice/TENT/TENT5/Blast/Results/Echinodermata_Cenometra_bella/Echinodermata_TENT5A-B-C-D.txt
TENT5C_Homo_sapiens	YP_010283698.1	60.000	10	3	5.2	17.3	NADH dehydrogenase subunit 3 [Cenometra bella]	Echinodermata_TENT5A-B-C-D.txt	Echinodermata_Cenometra_bella	/rna/liha/phylogenomics_practice/TENT/TENT5/Blast/Results/Echinodermata_Cenometra_bella/Echinodermata_TENT5A-B-C-D.txt
TENT5C_Homo_sapiens	YP_010283690.1	37.037	27	6	8.8	16.9	NADH dehydrogenase subunit 2 [Cenometra bella]	Echinodermata_TENT5A-B-C-D.txt	Echinodermata_Cenometra_bella	/rna/liha/phylogenomics_practice/TENT/TENT5/Blast/Results/Echinodermata_Cenometra_bella/Echinodermata_TENT5A-B-C-D.txt
TENT5D_Homo_sapiens	YP_010283686.1	43.478	23	5	0.56	20.8	NADH dehydrogenase subunit 4 [Cenometra bella]	Echinodermata_TENT5A-B-C-D.txt	Echinodermata_Cenometra_bella	/rna/liha/phylogenomics_practice/TENT/TENT5/Blast/Results/Echinodermata_Cenometra_bella/Echinodermata_TENT5A-B-C-D.txt
TENT5D_Homo_sapiens	YP_010283688.1	54.545	11	3	0.80	20.0	NADH dehydrogenase subunit 6 [Cenometra bella]	Echinodermata_TENT5A-B-C-D.txt	Echinodermata_Cenometra_bella	/rna/liha/phylogenomics_practice/TENT/TENT5/Blast/Results/Echinodermata_Cenometra_bella/Echinodermata_TENT5A-B-C-D.txt
TENT5D_Homo_sapiens	YP_010283696.1	21.622	37	9	4.2	18.1	ATP synthase F0 subunit 6 [Cenometra bella]	Echinodermata_TENT5A-B-C-D.txt	Echinodermata_Cenometra_bella	/rna/liha/phylogenomics_practice/TENT/TENT5/Blast/Results/Echinodermata_Cenometra_bella/Echinodermata_TENT5A-B-C-D.txt
TENT5D_Homo_sapiens	YP_010283694.1	28.947	38	9	6.4	17.3	cytochrome c oxidase subunit II [Cenometra bella]	Echinodermata_TENT5A-B-C-D.txt	Echinodermata_Cenometra_bella	/rna/liha/phylogenomics_practice/TENT/TENT5/Blast/Results/Echinodermata_Cenometra_bella/Echinodermata_TENT5A-B-C-D.txt
TENT5D_Homo_sapiens	YP_010283687.1	32.258	31	7	8.9	17.3	NADH dehydrogenase subunit 5 [Cenometra bella]	Echinodermata_TENT5A-B-C-D.txt	Echinodermata_Cenometra_bella	/rna/liha/phylogenomics_practice/TENT/TENT5/Blast/Results/Echinodermata_Cenometra_bella/Echinodermata_TENT5A-B-C-D.txt
TENT5A_Homo_sapiens	YP_009019306.1	36.364	33	17	0.43	21.6	NADH dehydrogenase subunit 4 [Heliocidaris crassispina]	Echinodermata_TENT5A-B-C-D.txt	Echinodermata_Heliocidaris_crassispina	/rna/liha/phylogenomics_practice/TENT/TENT5/Blast/Results/Echinodermata_Heliocidaris_crassispina/Echinodermata_TENT5A-B-C-D.txt
TENT5A_Homo_sapiens	YP_009019306.1	26.531	49	17	1.3	20.0	NADH dehydrogenase subunit 4 [Heliocidaris crassispina]	Echinodermata_TENT5A-B-C-D.txt	Echinodermata_Heliocidaris_crassispina	/rna/liha/phylogenomics_practice/TENT/TENT5/Blast/Results/Echinodermata_Heliocidaris_crassispina/Echinodermata_TENT5A-B-C-D.txt
TENT5B_Homo_sapiens	YP_009019308.1	46.667	15	4	1.6	19.2	NADH dehydrogenase subunit 6 [Heliocidaris crassispina]	Echinodermata_TENT5A-B-C-D.txt	Echinodermata_Heliocidaris_crassispina	/rna/liha/phylogenomics_practice/TENT/TENT5/Blast/Results/Echinodermata_Heliocidaris_crassispina/Echinodermata_TENT5A-B-C-D.txt
TENT5B_Homo_sapiens	YP_009019301.1	31.034	29	7	5.7	17.7	cytochrome c oxidase subunit II [Heliocidaris crassispina]	Echinodermata_TENT5A-B-C-D.txt	Echinodermata_Heliocidaris_crassispina	/rna/liha/phylogenomics_practice/TENT/TENT5/Blast/Results/Echinodermata_Heliocidaris_crassispina/Echinodermata_TENT5A-B-C-D.txt
TENT5C_Homo_sapiens	YP_009019303.1	38.889	18	5	0.47	21.2	ATP synthase F0 subunit 6 [Heliocidaris crassispina]	Echinodermata_TENT5A-B-C-D.txt	Echinodermata_Heliocidaris_crassispina	/rna/liha/phylogenomics_practice/TENT/TENT5/Blast/Results/Echinodermata_Heliocidaris_crassispina/Echinodermata_TENT5A-B-C-D.txt
TENT5D_Homo_sapiens	YP_009019307.1	50.000	18	5	3.2	18.5	NADH dehydrogenase subunit 5 [Heliocidaris crassispina]	Echinodermata_TENT5A-B-C-D.txt	Echinodermata_Heliocidaris_crassispina	/rna/liha/phylogenomics_practice/TENT/TENT5/Blast/Results/Echinodermata_Heliocidaris_crassispina/Echinodermata_TENT5A-B-C-D.txt
TENT5D_Homo_sapiens	YP_009019308.1	50.000	10	3	3.6	18.1	NADH dehydrogenase subunit 6 [Heliocidaris crassispina]	Echinodermata_TENT5A-B-C-D.txt	Echinodermata_Heliocidaris_crassispina	/rna/liha/phylogenomics_practice/TENT/TENT5/Blast/Results/Echinodermata_Heliocidaris_crassispina/Echinodermata_TENT5A-B-C-D.txt
TENT5A_Homo_sapiens	YP_009034253.1	24.490	49	11	4.8	18.5	NADH dehydrogenase subunit 4 [Mesocentrotus franciscanus]	Echinodermata_TENT5A-B-C-D.txt	Echinodermata_Mesocentrotus_franciscanus	/rna/liha/phylogenomics_practice/TENT/TENT5/Blast/Results/Echinodermata_Mesocentrotus_franciscanus/Echinodermata_TENT5A-B-C-D.txt
TENT5A_Homo_sapiens	YP_009034254.1	23.214	56	11	4.8	18.5	NADH dehydrogenase subunit 5 [Mesocentrotus franciscanus]	Echinodermata_TENT5A-B-C-D.txt	Echinodermata_Mesocentrotus_franciscanus	/rna/liha/phylogenomics_practice/TENT/TENT5/Blast/Results/Echinodermata_Mesocentrotus_franciscanus/Echinodermata_TENT5A-B-C-D.txt
TENT5B_Homo_sapiens	YP_009034255.1	46.667	15	4	2.8	18.9	NADH dehydrogenase subunit 6 [Mesocentrotus franciscanus]	Echinodermata_TENT5A-B-C-D.txt	Echinodermata_Mesocentrotus_franciscanus	/rna/liha/phylogenomics_practice/TENT/TENT5/Blast/Results/Echinodermata_Mesocentrotus_franciscanus/Echinodermata_TENT5A-B-C-D.txt
TENT5B_Homo_sapiens	YP_009034251.1	26.471	34	8	4.8	18.1	cytochrome c oxidase subunit III [Mesocentrotus franciscanus]	Echinodermata_TENT5A-B-C-D.txt	Echinodermata_Mesocentrotus_franciscanus	/rna/liha/phylogenomics_practice/TENT/TENT5/Blast/Results/Echinodermata_Mesocentrotus_franciscanus/Echinodermata_TENT5A-B-C-D.txt
TENT5B_Homo_sapiens	YP_009034248.1	31.034	29	7	5.5	18.1	cytochrome c oxidase subunit II [Mesocentrotus franciscanus]	Echinodermata_TENT5A-B-C-D.txt	Echinodermata_Mesocentrotus_franciscanus	/rna/liha/phylogenomics_practice/TENT/TENT5/Blast/Results/Echinodermata_Mesocentrotus_franciscanus/Echinodermata_TENT5A-B-C-D.txt
TENT5C_Homo_sapiens	YP_009034250.1	38.889	18	5	0.49	21.2	ATP synthase F0 subunit 6 [Mesocentrotus franciscanus]	Echinodermata_TENT5A-B-C-D.txt	Echinodermata_Mesocentrotus_franciscanus	/rna/liha/phylogenomics_practice/TENT/TENT5/Blast/Results/Echinodermata_Mesocentrotus_franciscanus/Echinodermata_TENT5A-B-C-D.txt
TENT5D_Homo_sapiens	YP_009034253.1	34.091	44	11	0.78	20.8	NADH dehydrogenase subunit 4 [Mesocentrotus franciscanus]	Echinodermata_TENT5A-B-C-D.txt	Echinodermata_Mesocentrotus_franciscanus	/rna/liha/phylogenomics_practice/TENT/TENT5/Blast/Results/Echinodermata_Mesocentrotus_franciscanus/Echinodermata_TENT5A-B-C-D.txt
TENT5D_Homo_sapiens	YP_009034254.1	50.000	18	5	3.5	18.5	NADH dehydrogenase subunit 5 [Mesocentrotus franciscanus]	Echinodermata_TENT5A-B-C-D.txt	Echinodermata_Mesocentrotus_franciscanus	/rna/liha/phylogenomics_practice/TENT/TENT5/Blast/Results/Echinodermata_Mesocentrotus_franciscanus/Echinodermata_TENT5A-B-C-D.txt
TENT5D_Homo_sapiens	YP_009034255.1	50.000	10	3	4.1	18.1	NADH dehydrogenase subunit 6 [Mesocentrotus franciscanus]	Echinodermata_TENT5A-B-C-D.txt	Echinodermata_Mesocentrotus_franciscanus	/rna/liha/phylogenomics_practice/TENT/TENT5/Blast/Results/Echinodermata_Mesocentrotus_franciscanus/Echinodermata_TENT5A-B-C-D.txt
TENT5A_Homo_sapiens	YP_009239172.1	21.359	103	23	2.3	19.2	NADH dehydrogenase subunit 4 [Apostichopus parvimensis]	Echinodermata_TENT5A-B-C-D.txt	Echinodermata_Apostichopus_parvimensis	/rna/liha/phylogenomics_practice/TENT/TENT5/Blast/Results/Echinodermata_Apostichopus_parvimensis/Echinodermata_TENT5A-B-C-D.txt
TENT5A_Homo_sapiens	YP_009239176.1	20.896	67	15	7.2	17.7	NADH dehydrogenase subunit 1 [Apostichopus parvimensis]	Echinodermata_TENT5A-B-C-D.txt	Echinodermata_Apostichopus_parvimensis	/rna/liha/phylogenomics_practice/TENT/TENT5/Blast/Results/Echinodermata_Apostichopus_parvimensis/Echinodermata_TENT5A-B-C-D.txt
TENT5A_Homo_sapiens	YP_009239165.1	28.571	35	7	9.4	17.3	cytochrome c oxidase subunit I [Apostichopus parvimensis]	Echinodermata_TENT5A-B-C-D.txt	Echinodermata_Apostichopus_parvimensis	/rna/liha/phylogenomics_practice/TENT/TENT5/Blast/Results/Echinodermata_Apostichopus_parvimensis/Echinodermata_TENT5A-B-C-D.txt
TENT5B_Homo_sapiens	YP_009239173.1	29.412	34	8	2.0	19.2	NADH dehydrogenase subunit 5 [Apostichopus parvimensis]	Echinodermata_TENT5A-B-C-D.txt	Echinodermata_Apostichopus_parvimensis	/rna/liha/phylogenomics_practice/TENT/TENT5/Blast/Results/Echinodermata_Apostichopus_parvimensis/Echinodermata_TENT5A-B-C-D.txt
TENT5B_Homo_sapiens	YP_009239170.1	31.818	22	5	3.4	18.5	cytochrome c oxidase subunit III [Apostichopus parvimensis]	Echinodermata_TENT5A-B-C-D.txt	Echinodermata_Apostichopus_parvimensis	/rna/liha/phylogenomics_practice/TENT/TENT5/Blast/Results/Echinodermata_Apostichopus_parvimensis/Echinodermata_TENT5A-B-C-D.txt
TENT5B_Homo_sapiens	YP_009239172.1	34.615	26	6	4.5	18.1	NADH dehydrogenase subunit 4 [Apostichopus parvimensis]	Echinodermata_TENT5A-B-C-D.txt	Echinodermata_Apostichopus_parvimensis	/rna/liha/phylogenomics_practice/TENT/TENT5/Blast/Results/Echinodermata_Apostichopus_parvimensis/Echinodermata_TENT5A-B-C-D.txt
TENT5B_Homo_sapiens	YP_009239167.1	31.034	29	7	4.5	18.1	cytochrome c oxidase subunit II [Apostichopus parvimensis]	Echinodermata_TENT5A-B-C-D.txt	Echinodermata_Apostichopus_parvimensis	/rna/liha/phylogenomics_practice/TENT/TENT5/Blast/Results/Echinodermata_Apostichopus_parvimensis/Echinodermata_TENT5A-B-C-D.txt
TENT5C_Homo_sapiens	YP_009239169.1	44.444	18	5	0.50	20.8	ATP synthase F0 subunit 6 [Apostichopus parvimensis]	Echinodermata_TENT5A-B-C-D.txt	Echinodermata_Apostichopus_parvimensis	/rna/liha/phylogenomics_practice/TENT/TENT5/Blast/Results/Echinodermata_Apostichopus_parvimensis/Echinodermata_TENT5A-B-C-D.txt
TENT5C_Homo_sapiens	YP_009239167.1	33.333	30	8	8.6	16.9	cytochrome c oxidase subunit II [Apostichopus parvimensis]	Echinodermata_TENT5A-B-C-D.txt	Echinodermata_Apostichopus_parvimensis	/rna/liha/phylogenomics_practice/TENT/TENT5/Blast/Results/Echinodermata_Apostichopus_parvimensis/Echinodermata_TENT5A-B-C-D.txt
TENT5D_Homo_sapiens	YP_009239174.1	60.000	10	3	1.6	19.2	NADH dehydrogenase subunit 6 [Apostichopus parvimensis]	Echinodermata_TENT5A-B-C-D.txt	Echinodermata_Apostichopus_parvimensis	/rna/liha/phylogenomics_practice/TENT/TENT5/Blast/Results/Echinodermata_Apostichopus_parvimensis/Echinodermata_TENT5A-B-C-D.txt
TENT5D_Homo_sapiens	YP_009239167.1	28.261	46	25	2.1	18.9	cytochrome c oxidase subunit II [Apostichopus parvimensis]	Echinodermata_TENT5A-B-C-D.txt	Echinodermata_Apostichopus_parvimensis	/rna/liha/phylogenomics_practice/TENT/TENT5/Blast/Results/Echinodermata_Apostichopus_parvimensis/Echinodermata_TENT5A-B-C-D.txt
TENT5D_Homo_sapiens	YP_009239167.1	27.451	51	25	8.2	16.9	cytochrome c oxidase subunit II [Apostichopus parvimensis]	Echinodermata_TENT5A-B-C-D.txt	Echinodermata_Apostichopus_parvimensis	/rna/liha/phylogenomics_practice/TENT/TENT5/Blast/Results/Echinodermata_Apostichopus_parvimensis/Echinodermata_TENT5A-B-C-D.txt
TENT5D_Homo_sapiens	YP_009239172.1	27.451	51	13	2.9	18.9	NADH dehydrogenase subunit 4 [Apostichopus parvimensis]	Echinodermata_TENT5A-B-C-D.txt	Echinodermata_Apostichopus_parvimensis	/rna/liha/phylogenomics_practice/TENT/TENT5/Blast/Results/Echinodermata_Apostichopus_parvimensis/Echinodermata_TENT5A-B-C-D.txt
TENT5D_Homo_sapiens	YP_009239169.1	38.462	13	3	6.8	17.3	ATP synthase F0 subunit 6 [Apostichopus parvimensis]	Echinodermata_TENT5A-B-C-D.txt	Echinodermata_Apostichopus_parvimensis	/rna/liha/phylogenomics_practice/TENT/TENT5/Blast/Results/Echinodermata_Apostichopus_parvimensis/Echinodermata_TENT5A-B-C-D.txt
TENT5A_Homo_sapiens	YP_010043449.1	39.286	28	6	0.23	22.3	NADH dehydrogenase subunit 4 [Cercodemas anceps]	Echinodermata_TENT5A-B-C-D.txt	Echinodermata_Cercodemas_anceps	/rna/liha/phylogenomics_practice/TENT/TENT5/Blast/Results/Echinodermata_Cercodemas_anceps/Echinodermata_TENT5A-B-C-D.txt
TENT5B_Homo_sapiens	YP_010043444.1	28.571	35	8	0.86	20.4	cytochrome c oxidase subunit II [Cercodemas anceps]	Echinodermata_TENT5A-B-C-D.txt	Echinodermata_Cercodemas_anceps	/rna/liha/phylogenomics_practice/TENT/TENT5/Blast/Results/Echinodermata_Cercodemas_anceps/Echinodermata_TENT5A-B-C-D.txt
TENT5B_Homo_sapiens	YP_010043448.1	20.588	34	8	8.2	16.9	NADH dehydrogenase subunit 3 [Cercodemas anceps]	Echinodermata_TENT5A-B-C-D.txt	Echinodermata_Cercodemas_anceps	/rna/liha/phylogenomics_practice/TENT/TENT5/Blast/Results/Echinodermata_Cercodemas_anceps/Echinodermata_TENT5A-B-C-D.txt
TENT5B_Homo_sapiens	YP_010043450.1	23.529	17	4	8.4	17.3	NADH dehydrogenase subunit 5 [Cercodemas anceps]	Echinodermata_TENT5A-B-C-D.txt	Echinodermata_Cercodemas_anceps	/rna/liha/phylogenomics_practice/TENT/TENT5/Blast/Results/Echinodermata_Cercodemas_anceps/Echinodermata_TENT5A-B-C-D.txt
TENT5B_Homo_sapiens	YP_010043452.1	25.000	116	24	8.9	17.3	cytochrome b [Cercodemas anceps]	Echinodermata_TENT5A-B-C-D.txt	Echinodermata_Cercodemas_anceps	/rna/liha/phylogenomics_practice/TENT/TENT5/Blast/Results/Echinodermata_Cercodemas_anceps/Echinodermata_TENT5A-B-C-D.txt
TENT5C_Homo_sapiens	YP_010043444.1	38.889	36	9	1.7	19.2	cytochrome c oxidase subunit II [Cercodemas anceps]	Echinodermata_TENT5A-B-C-D.txt	Echinodermata_Cercodemas_anceps	/rna/liha/phylogenomics_practice/TENT/TENT5/Blast/Results/Echinodermata_Cercodemas_anceps/Echinodermata_TENT5A-B-C-D.txt
TENT5C_Homo_sapiens	YP_010043446.1	44.444	18	5	1.9	19.2	ATP synthase F0 subunit 6 [Cercodemas anceps]	Echinodermata_TENT5A-B-C-D.txt	Echinodermata_Cercodemas_anceps	/rna/liha/phylogenomics_practice/TENT/TENT5/Blast/Results/Echinodermata_Cercodemas_anceps/Echinodermata_TENT5A-B-C-D.txt
TENT5C_Homo_sapiens	YP_010043449.1	24.194	62	15	3.3	18.5	NADH dehydrogenase subunit 4 [Cercodemas anceps]	Echinodermata_TENT5A-B-C-D.txt	Echinodermata_Cercodemas_anceps	/rna/liha/phylogenomics_practice/TENT/TENT5/Blast/Results/Echinodermata_Cercodemas_anceps/Echinodermata_TENT5A-B-C-D.txt
TENT5D_Homo_sapiens	YP_010043449.1	28.049	82	18	0.027	25.0	NADH dehydrogenase subunit 4 [Cercodemas anceps]	Echinodermata_TENT5A-B-C-D.txt	Echinodermata_Cercodemas_anceps	/rna/liha/phylogenomics_practice/TENT/TENT5/Blast/Results/Echinodermata_Cercodemas_anceps/Echinodermata_TENT5A-B-C-D.txt
TENT5D_Homo_sapiens	YP_010043451.1	50.000	10	3	3.7	18.1	NADH dehydrogenase subunit 6 [Cercodemas anceps]	Echinodermata_TENT5A-B-C-D.txt	Echinodermata_Cercodemas_anceps	/rna/liha/phylogenomics_practice/TENT/TENT5/Blast/Results/Echinodermata_Cercodemas_anceps/Echinodermata_TENT5A-B-C-D.txt
TENT5D_Homo_sapiens	YP_010043454.1	33.333	15	4	4.9	17.7	NADH dehydrogenase subunit 2 [Cercodemas anceps]	Echinodermata_TENT5A-B-C-D.txt	Echinodermata_Cercodemas_anceps	/rna/liha/phylogenomics_practice/TENT/TENT5/Blast/Results/Echinodermata_Cercodemas_anceps/Echinodermata_TENT5A-B-C-D.txt
TENT5D_Homo_sapiens	YP_010043446.1	38.462	13	3	6.1	17.3	ATP synthase F0 subunit 6 [Cercodemas anceps]	Echinodermata_TENT5A-B-C-D.txt	Echinodermata_Cercodemas_anceps	/rna/liha/phylogenomics_practice/TENT/TENT5/Blast/Results/Echinodermata_Cercodemas_anceps/Echinodermata_TENT5A-B-C-D.txt
TENT5A_Homo_sapiens	XP_035686171.1	57.389	406	89	1.78e-157	451	terminal nucleotidyltransferase 5C-like [Branchiostoma floridae]	Cephalochordata_TENT5A-B-C-D.txt	Cephalochordata_Branchiostoma_floridae	/rna/liha/phylogenomics_practice/TENT/TENT5/Blast/Results/Cephalochordata_Branchiostoma_floridae/Cephalochordata_TENT5A-B-C-D.txt
TENT5B_Homo_sapiens	XP_035686171.1	54.933	375	88	1.21e-147	426	terminal nucleotidyltransferase 5C-like [Branchiostoma floridae]	Cephalochordata_TENT5A-B-C-D.txt	Cephalochordata_Branchiostoma_floridae	/rna/liha/phylogenomics_practice/TENT/TENT5/Blast/Results/Cephalochordata_Branchiostoma_floridae/Cephalochordata_TENT5A-B-C-D.txt
TENT5B_Homo_sapiens	XP_035689756.1	29.167	48	11	1.1	32.7	PMS1 protein homolog 1-like [Branchiostoma floridae]	Cephalochordata_TENT5A-B-C-D.txt	Cephalochordata_Branchiostoma_floridae	/rna/liha/phylogenomics_practice/TENT/TENT5/Blast/Results/Cephalochordata_Branchiostoma_floridae/Cephalochordata_TENT5A-B-C-D.txt
TENT5B_Homo_sapiens	XP_035682057.1	30.909	110	25	2.6	31.2	arfaptin-2-like isoform X7 [Branchiostoma floridae]	Cephalochordata_TENT5A-B-C-D.txt	Cephalochordata_Branchiostoma_floridae	/rna/liha/phylogenomics_practice/TENT/TENT5/Blast/Results/Cephalochordata_Branchiostoma_floridae/Cephalochordata_TENT5A-B-C-D.txt
TENT5B_Homo_sapiens	XP_035682060.1	31.034	116	26	2.7	31.2	arfaptin-2-like isoform X10 [Branchiostoma floridae]	Cephalochordata_TENT5A-B-C-D.txt	Cephalochordata_Branchiostoma_floridae	/rna/liha/phylogenomics_practice/TENT/TENT5/Blast/Results/Cephalochordata_Branchiostoma_floridae/Cephalochordata_TENT5A-B-C-D.txt
TENT5C_Homo_sapiens	XP_035686171.1	56.576	403	99	8.22e-156	445	terminal nucleotidyltransferase 5C-like [Branchiostoma floridae]	Cephalochordata_TENT5A-B-C-D.txt	Cephalochordata_Branchiostoma_floridae	/rna/liha/phylogenomics_practice/TENT/TENT5/Blast/Results/Cephalochordata_Branchiostoma_floridae/Cephalochordata_TENT5A-B-C-D.txt
TENT5C_Homo_sapiens	XP_035693616.1	21.399	243	57	1.3	32.3	guanine nucleotide exchange factor DBS-like isoform X2 [Branchiostoma floridae]	Cephalochordata_TENT5A-B-C-D.txt	Cephalochordata_Branchiostoma_floridae	/rna/liha/phylogenomics_practice/TENT/TENT5/Blast/Results/Cephalochordata_Branchiostoma_floridae/Cephalochordata_TENT5A-B-C-D.txt
TENT5C_Homo_sapiens	XP_035693617.1	21.951	246	57	3.3	30.8	guanine nucleotide exchange factor DBS-like isoform X3 [Branchiostoma floridae]	Cephalochordata_TENT5A-B-C-D.txt	Cephalochordata_Branchiostoma_floridae	/rna/liha/phylogenomics_practice/TENT/TENT5/Blast/Results/Cephalochordata_Branchiostoma_floridae/Cephalochordata_TENT5A-B-C-D.txt
TENT5C_Homo_sapiens	XP_035693615.1	21.951	246	57	3.8	30.8	guanine nucleotide exchange factor DBS-like isoform X1 [Branchiostoma floridae]	Cephalochordata_TENT5A-B-C-D.txt	Cephalochordata_Branchiostoma_floridae	/rna/liha/phylogenomics_practice/TENT/TENT5/Blast/Results/Cephalochordata_Branchiostoma_floridae/Cephalochordata_TENT5A-B-C-D.txt
TENT5C_Homo_sapiens	XP_035693618.1	21.951	246	57	4.0	30.8	guanine nucleotide exchange factor DBS-like isoform X4 [Branchiostoma floridae]	Cephalochordata_TENT5A-B-C-D.txt	Cephalochordata_Branchiostoma_floridae	/rna/liha/phylogenomics_practice/TENT/TENT5/Blast/Results/Cephalochordata_Branchiostoma_floridae/Cephalochordata_TENT5A-B-C-D.txt
TENT5C_Homo_sapiens	XP_035693619.1	21.951	246	57	4.1	30.8	guanine nucleotide exchange factor DBS-like isoform X5 [Branchiostoma floridae]	Cephalochordata_TENT5A-B-C-D.txt	Cephalochordata_Branchiostoma_floridae	/rna/liha/phylogenomics_practice/TENT/TENT5/Blast/Results/Cephalochordata_Branchiostoma_floridae/Cephalochordata_TENT5A-B-C-D.txt
TENT5C_Homo_sapiens	XP_035693621.1	21.951	246	57	4.5	30.4	guanine nucleotide exchange factor DBS-like isoform X7 [Branchiostoma floridae]	Cephalochordata_TENT5A-B-C-D.txt	Cephalochordata_Branchiostoma_floridae	/rna/liha/phylogenomics_practice/TENT/TENT5/Blast/Results/Cephalochordata_Branchiostoma_floridae/Cephalochordata_TENT5A-B-C-D.txt
TENT5C_Homo_sapiens	XP_035693620.1	21.951	246	57	5.2	30.4	guanine nucleotide exchange factor DBS-like isoform X6 [Branchiostoma floridae]	Cephalochordata_TENT5A-B-C-D.txt	Cephalochordata_Branchiostoma_floridae	/rna/liha/phylogenomics_practice/TENT/TENT5/Blast/Results/Cephalochordata_Branchiostoma_floridae/Cephalochordata_TENT5A-B-C-D.txt
TENT5C_Homo_sapiens	XP_035678933.1	30.233	86	21	6.5	29.6	sperm receptor for egg jelly-like [Branchiostoma floridae]	Cephalochordata_TENT5A-B-C-D.txt	Cephalochordata_Branchiostoma_floridae	/rna/liha/phylogenomics_practice/TENT/TENT5/Blast/Results/Cephalochordata_Branchiostoma_floridae/Cephalochordata_TENT5A-B-C-D.txt
TENT5D_Homo_sapiens	XP_035686171.1	61.111	324	83	2.28e-146	421	terminal nucleotidyltransferase 5C-like [Branchiostoma floridae]	Cephalochordata_TENT5A-B-C-D.txt	Cephalochordata_Branchiostoma_floridae	/rna/liha/phylogenomics_practice/TENT/TENT5/Blast/Results/Cephalochordata_Branchiostoma_floridae/Cephalochordata_TENT5A-B-C-D.txt
TENT5D_Homo_sapiens	XP_035691003.1	25.843	89	23	8.7	29.6	carbohydrate sulfotransferase 1-like [Branchiostoma floridae]	Cephalochordata_TENT5A-B-C-D.txt	Cephalochordata_Branchiostoma_floridae	/rna/liha/phylogenomics_practice/TENT/TENT5/Blast/Results/Cephalochordata_Branchiostoma_floridae/Cephalochordata_TENT5A-B-C-D.txt
TENT5A_Homo_sapiens	XP_066265819.1	58.205	390	85	5.34e-154	442	terminal nucleotidyltransferase 5C-like isoform X2 [Branchiostoma lanceolatum]	Cephalochordata_TENT5A-B-C-D.txt	Cephalochordata_Branchiostoma_lanceolatum	/rna/liha/phylogenomics_practice/TENT/TENT5/Blast/Results/Cephalochordata_Branchiostoma_lanceolatum/Cephalochordata_TENT5A-B-C-D.txt
TENT5A_Homo_sapiens	XP_066265811.1	58.205	390	85	8.53e-154	443	terminal nucleotidyltransferase 5C-like isoform X1 [Branchiostoma lanceolatum]	Cephalochordata_TENT5A-B-C-D.txt	Cephalochordata_Branchiostoma_lanceolatum	/rna/liha/phylogenomics_practice/TENT/TENT5/Blast/Results/Cephalochordata_Branchiostoma_lanceolatum/Cephalochordata_TENT5A-B-C-D.txt
TENT5B_Homo_sapiens	XP_066265819.1	53.867	375	88	2.99e-144	417	terminal nucleotidyltransferase 5C-like isoform X2 [Branchiostoma lanceolatum]	Cephalochordata_TENT5A-B-C-D.txt	Cephalochordata_Branchiostoma_lanceolatum	/rna/liha/phylogenomics_practice/TENT/TENT5/Blast/Results/Cephalochordata_Branchiostoma_lanceolatum/Cephalochordata_TENT5A-B-C-D.txt
TENT5B_Homo_sapiens	XP_066265811.1	50.605	413	97	5.28e-144	417	terminal nucleotidyltransferase 5C-like isoform X1 [Branchiostoma lanceolatum]	Cephalochordata_TENT5A-B-C-D.txt	Cephalochordata_Branchiostoma_lanceolatum	/rna/liha/phylogenomics_practice/TENT/TENT5/Blast/Results/Cephalochordata_Branchiostoma_lanceolatum/Cephalochordata_TENT5A-B-C-D.txt
TENT5C_Homo_sapiens	XP_066265819.1	57.292	384	96	4.51e-152	436	terminal nucleotidyltransferase 5C-like isoform X2 [Branchiostoma lanceolatum]	Cephalochordata_TENT5A-B-C-D.txt	Cephalochordata_Branchiostoma_lanceolatum	/rna/liha/phylogenomics_practice/TENT/TENT5/Blast/Results/Cephalochordata_Branchiostoma_lanceolatum/Cephalochordata_TENT5A-B-C-D.txt
TENT5C_Homo_sapiens	XP_066265811.1	57.292	384	96	8.95e-152	436	terminal nucleotidyltransferase 5C-like isoform X1 [Branchiostoma lanceolatum]	Cephalochordata_TENT5A-B-C-D.txt	Cephalochordata_Branchiostoma_lanceolatum	/rna/liha/phylogenomics_practice/TENT/TENT5/Blast/Results/Cephalochordata_Branchiostoma_lanceolatum/Cephalochordata_TENT5A-B-C-D.txt
TENT5C_Homo_sapiens	XP_066267989.1	21.399	243	57	2.7	31.6	guanine nucleotide exchange factor DBS-like isoform X2 [Branchiostoma lanceolatum]	Cephalochordata_TENT5A-B-C-D.txt	Cephalochordata_Branchiostoma_lanceolatum	/rna/liha/phylogenomics_practice/TENT/TENT5/Blast/Results/Cephalochordata_Branchiostoma_lanceolatum/Cephalochordata_TENT5A-B-C-D.txt
TENT5C_Homo_sapiens	XP_066273166.1	29.213	89	23	3.5	31.2	protein FAM184A-like [Branchiostoma lanceolatum]	Cephalochordata_TENT5A-B-C-D.txt	Cephalochordata_Branchiostoma_lanceolatum	/rna/liha/phylogenomics_practice/TENT/TENT5/Blast/Results/Cephalochordata_Branchiostoma_lanceolatum/Cephalochordata_TENT5A-B-C-D.txt
TENT5C_Homo_sapiens	XP_066267997.1	21.951	246	57	4.5	30.8	guanine nucleotide exchange factor DBS-like isoform X10 [Branchiostoma lanceolatum]	Cephalochordata_TENT5A-B-C-D.txt	Cephalochordata_Branchiostoma_lanceolatum	/rna/liha/phylogenomics_practice/TENT/TENT5/Blast/Results/Cephalochordata_Branchiostoma_lanceolatum/Cephalochordata_TENT5A-B-C-D.txt
TENT5C_Homo_sapiens	XP_066267995.1	21.951	246	57	5.1	30.4	guanine nucleotide exchange factor DBS-like isoform X8 [Branchiostoma lanceolatum]	Cephalochordata_TENT5A-B-C-D.txt	Cephalochordata_Branchiostoma_lanceolatum	/rna/liha/phylogenomics_practice/TENT/TENT5/Blast/Results/Cephalochordata_Branchiostoma_lanceolatum/Cephalochordata_TENT5A-B-C-D.txt
TENT5C_Homo_sapiens	XP_066267996.1	21.951	246	57	6.2	30.4	guanine nucleotide exchange factor DBS-like isoform X9 [Branchiostoma lanceolatum]	Cephalochordata_TENT5A-B-C-D.txt	Cephalochordata_Branchiostoma_lanceolatum	/rna/liha/phylogenomics_practice/TENT/TENT5/Blast/Results/Cephalochordata_Branchiostoma_lanceolatum/Cephalochordata_TENT5A-B-C-D.txt
TENT5C_Homo_sapiens	XP_066267990.1	21.951	246	57	6.6	30.0	guanine nucleotide exchange factor DBS-like isoform X3 [Branchiostoma lanceolatum]	Cephalochordata_TENT5A-B-C-D.txt	Cephalochordata_Branchiostoma_lanceolatum	/rna/liha/phylogenomics_practice/TENT/TENT5/Blast/Results/Cephalochordata_Branchiostoma_lanceolatum/Cephalochordata_TENT5A-B-C-D.txt
TENT5C_Homo_sapiens	XP_066267987.1	21.951	246	57	7.0	30.0	guanine nucleotide exchange factor DBS-like isoform X1 [Branchiostoma lanceolatum]	Cephalochordata_TENT5A-B-C-D.txt	Cephalochordata_Branchiostoma_lanceolatum	/rna/liha/phylogenomics_practice/TENT/TENT5/Blast/Results/Cephalochordata_Branchiostoma_lanceolatum/Cephalochordata_TENT5A-B-C-D.txt
TENT5C_Homo_sapiens	XP_066267992.1	21.951	246	57	7.3	30.0	guanine nucleotide exchange factor DBS-like isoform X5 [Branchiostoma lanceolatum]	Cephalochordata_TENT5A-B-C-D.txt	Cephalochordata_Branchiostoma_lanceolatum	/rna/liha/phylogenomics_practice/TENT/TENT5/Blast/Results/Cephalochordata_Branchiostoma_lanceolatum/Cephalochordata_TENT5A-B-C-D.txt
TENT5D_Homo_sapiens	XP_066265819.1	60.185	324	83	1.30e-144	417	terminal nucleotidyltransferase 5C-like isoform X2 [Branchiostoma lanceolatum]	Cephalochordata_TENT5A-B-C-D.txt	Cephalochordata_Branchiostoma_lanceolatum	/rna/liha/phylogenomics_practice/TENT/TENT5/Blast/Results/Cephalochordata_Branchiostoma_lanceolatum/Cephalochordata_TENT5A-B-C-D.txt
TENT5D_Homo_sapiens	XP_066265811.1	60.185	324	83	2.95e-144	416	terminal nucleotidyltransferase 5C-like isoform X1 [Branchiostoma lanceolatum]	Cephalochordata_TENT5A-B-C-D.txt	Cephalochordata_Branchiostoma_lanceolatum	/rna/liha/phylogenomics_practice/TENT/TENT5/Blast/Results/Cephalochordata_Branchiostoma_lanceolatum/Cephalochordata_TENT5A-B-C-D.txt
TENT5D_Homo_sapiens	XP_066267950.1	28.571	91	23	2.4	31.6	carbohydrate sulfotransferase 1-like [Branchiostoma lanceolatum]	Cephalochordata_TENT5A-B-C-D.txt	Cephalochordata_Branchiostoma_lanceolatum	/rna/liha/phylogenomics_practice/TENT/TENT5/Blast/Results/Cephalochordata_Branchiostoma_lanceolatum/Cephalochordata_TENT5A-B-C-D.txt
TENT5A_Homo_sapiens	XP_019625416.1	57.072	403	89	5.90e-157	450	PREDICTED: protein FAM46C-like [Branchiostoma belcheri]	Cephalochordata_TENT5A-B-C-D.txt	Cephalochordata_Branchiostoma_belcheri	/rna/liha/phylogenomics_practice/TENT/TENT5/Blast/Results/Cephalochordata_Branchiostoma_belcheri/Cephalochordata_TENT5A-B-C-D.txt
TENT5B_Homo_sapiens	XP_019625416.1	54.933	375	88	9.78e-148	426	PREDICTED: protein FAM46C-like [Branchiostoma belcheri]	Cephalochordata_TENT5A-B-C-D.txt	Cephalochordata_Branchiostoma_belcheri	/rna/liha/phylogenomics_practice/TENT/TENT5/Blast/Results/Cephalochordata_Branchiostoma_belcheri/Cephalochordata_TENT5A-B-C-D.txt
TENT5B_Homo_sapiens	XP_019630409.1	29.167	48	11	1.8	31.6	PREDICTED: PMS1 protein homolog 1-like [Branchiostoma belcheri]	Cephalochordata_TENT5A-B-C-D.txt	Cephalochordata_Branchiostoma_belcheri	/rna/liha/phylogenomics_practice/TENT/TENT5/Blast/Results/Cephalochordata_Branchiostoma_belcheri/Cephalochordata_TENT5A-B-C-D.txt
TENT5B_Homo_sapiens	XP_019625308.1	30.909	110	25	1.9	31.2	PREDICTED: arfaptin-2-like isoform X11 [Branchiostoma belcheri]	Cephalochordata_TENT5A-B-C-D.txt	Cephalochordata_Branchiostoma_belcheri	/rna/liha/phylogenomics_practice/TENT/TENT5/Blast/Results/Cephalochordata_Branchiostoma_belcheri/Cephalochordata_TENT5A-B-C-D.txt
TENT5B_Homo_sapiens	XP_019625311.1	31.034	116	26	2.2	31.2	PREDICTED: arfaptin-2-like isoform X14 [Branchiostoma belcheri]	Cephalochordata_TENT5A-B-C-D.txt	Cephalochordata_Branchiostoma_belcheri	/rna/liha/phylogenomics_practice/TENT/TENT5/Blast/Results/Cephalochordata_Branchiostoma_belcheri/Cephalochordata_TENT5A-B-C-D.txt
TENT5B_Homo_sapiens	XP_019640561.1	33.333	42	9	3.2	30.8	PREDICTED: coiled-coil domain-containing protein 18-like [Branchiostoma belcheri]	Cephalochordata_TENT5A-B-C-D.txt	Cephalochordata_Branchiostoma_belcheri	/rna/liha/phylogenomics_practice/TENT/TENT5/Blast/Results/Cephalochordata_Branchiostoma_belcheri/Cephalochordata_TENT5A-B-C-D.txt
TENT5B_Homo_sapiens	XP_019642228.1	35.616	73	17	7.1	29.6	PREDICTED: hemicentin-2-like [Branchiostoma belcheri]	Cephalochordata_TENT5A-B-C-D.txt	Cephalochordata_Branchiostoma_belcheri	/rna/liha/phylogenomics_practice/TENT/TENT5/Blast/Results/Cephalochordata_Branchiostoma_belcheri/Cephalochordata_TENT5A-B-C-D.txt
TENT5C_Homo_sapiens	XP_019625416.1	55.860	401	99	1.28e-155	444	PREDICTED: protein FAM46C-like [Branchiostoma belcheri]	Cephalochordata_TENT5A-B-C-D.txt	Cephalochordata_Branchiostoma_belcheri	/rna/liha/phylogenomics_practice/TENT/TENT5/Blast/Results/Cephalochordata_Branchiostoma_belcheri/Cephalochordata_TENT5A-B-C-D.txt
TENT5C_Homo_sapiens	XP_019638339.1	30.508	118	29	0.55	32.7	PREDICTED: uncharacterized protein C12orf29 homolog [Branchiostoma belcheri]	Cephalochordata_TENT5A-B-C-D.txt	Cephalochordata_Branchiostoma_belcheri	/rna/liha/phylogenomics_practice/TENT/TENT5/Blast/Results/Cephalochordata_Branchiostoma_belcheri/Cephalochordata_TENT5A-B-C-D.txt
TENT5C_Homo_sapiens	XP_019614296.1	29.032	62	16	2.0	30.8	PREDICTED: ribosomal RNA-processing protein 7 homolog A-like [Branchiostoma belcheri]	Cephalochordata_TENT5A-B-C-D.txt	Cephalochordata_Branchiostoma_belcheri	/rna/liha/phylogenomics_practice/TENT/TENT5/Blast/Results/Cephalochordata_Branchiostoma_belcheri/Cephalochordata_TENT5A-B-C-D.txt
TENT5C_Homo_sapiens	XP_019624673.1	25.000	68	17	4.0	30.0	PREDICTED: uncharacterized protein LOC109470251 isoform X1 [Branchiostoma belcheri]	Cephalochordata_TENT5A-B-C-D.txt	Cephalochordata_Branchiostoma_belcheri	/rna/liha/phylogenomics_practice/TENT/TENT5/Blast/Results/Cephalochordata_Branchiostoma_belcheri/Cephalochordata_TENT5A-B-C-D.txt
TENT5C_Homo_sapiens	XP_019624675.1	25.000	68	17	4.5	30.0	PREDICTED: uncharacterized protein LOC109470251 isoform X2 [Branchiostoma belcheri]	Cephalochordata_TENT5A-B-C-D.txt	Cephalochordata_Branchiostoma_belcheri	/rna/liha/phylogenomics_practice/TENT/TENT5/Blast/Results/Cephalochordata_Branchiostoma_belcheri/Cephalochordata_TENT5A-B-C-D.txt
TENT5C_Homo_sapiens	XP_019621861.1	22.222	54	14	8.1	29.3	PREDICTED: uncharacterized protein LOC109468070 [Branchiostoma belcheri]	Cephalochordata_TENT5A-B-C-D.txt	Cephalochordata_Branchiostoma_belcheri	/rna/liha/phylogenomics_practice/TENT/TENT5/Blast/Results/Cephalochordata_Branchiostoma_belcheri/Cephalochordata_TENT5A-B-C-D.txt
TENT5D_Homo_sapiens	XP_019625416.1	61.420	324	83	4.56e-146	420	PREDICTED: protein FAM46C-like [Branchiostoma belcheri]	Cephalochordata_TENT5A-B-C-D.txt	Cephalochordata_Branchiostoma_belcheri	/rna/liha/phylogenomics_practice/TENT/TENT5/Blast/Results/Cephalochordata_Branchiostoma_belcheri/Cephalochordata_TENT5A-B-C-D.txt
TENT5D_Homo_sapiens	XP_019620205.1	34.545	55	13	5.0	30.0	PREDICTED: uncharacterized protein LOC109466808 [Branchiostoma belcheri]	Cephalochordata_TENT5A-B-C-D.txt	Cephalochordata_Branchiostoma_belcheri	/rna/liha/phylogenomics_practice/TENT/TENT5/Blast/Results/Cephalochordata_Branchiostoma_belcheri/Cephalochordata_TENT5A-B-C-D.txt
TENT5D_Homo_sapiens	XP_019645899.1	35.897	39	10	8.6	29.3	PREDICTED: LOW QUALITY PROTEIN: poly [ADP-ribose] polymerase 14-like [Branchiostoma belcheri]	Cephalochordata_TENT5A-B-C-D.txt	Cephalochordata_Branchiostoma_belcheri	/rna/liha/phylogenomics_practice/TENT/TENT5/Blast/Results/Cephalochordata_Branchiostoma_belcheri/Cephalochordata_TENT5A-B-C-D.txt
TENT5A_Homo_sapiens	XP_082794170.1	51.779	253	72	5.67e-74	243	terminal nucleotidyltransferase 5B-like [Thalia democratica]	Urochordata_TENT5A-B-C-D.txt	Urochordata_Thalia_democratica	/rna/liha/phylogenomics_practice/TENT/TENT5/Blast/Results/Urochordata_Thalia_democratica/Urochordata_TENT5A-B-C-D.txt
TENT5A_Homo_sapiens	XP_082794170.1	44.048	84	72	6.53e-16	79.7	terminal nucleotidyltransferase 5B-like [Thalia democratica]	Urochordata_TENT5A-B-C-D.txt	Urochordata_Thalia_democratica	/rna/liha/phylogenomics_practice/TENT/TENT5/Blast/Results/Urochordata_Thalia_democratica/Urochordata_TENT5A-B-C-D.txt
TENT5A_Homo_sapiens	XP_082804111.1	27.273	121	27	0.50	32.3	uncharacterized protein LOC145840662 isoform X2 [Thalia democratica]	Urochordata_TENT5A-B-C-D.txt	Urochordata_Thalia_democratica	/rna/liha/phylogenomics_practice/TENT/TENT5/Blast/Results/Urochordata_Thalia_democratica/Urochordata_TENT5A-B-C-D.txt
TENT5A_Homo_sapiens	XP_082804110.1	27.273	121	27	0.53	32.3	perilipin-2-like isoform X1 [Thalia democratica]	Urochordata_TENT5A-B-C-D.txt	Urochordata_Thalia_democratica	/rna/liha/phylogenomics_practice/TENT/TENT5/Blast/Results/Urochordata_Thalia_democratica/Urochordata_TENT5A-B-C-D.txt
TENT5A_Homo_sapiens	XP_082793297.1	23.967	121	26	5.6	29.3	116 kDa U5 small nuclear ribonucleoprotein component-like isoform X1 [Thalia democratica]	Urochordata_TENT5A-B-C-D.txt	Urochordata_Thalia_democratica	/rna/liha/phylogenomics_practice/TENT/TENT5/Blast/Results/Urochordata_Thalia_democratica/Urochordata_TENT5A-B-C-D.txt
TENT5A_Homo_sapiens	XP_082793298.1	23.967	121	26	6.1	28.9	116 kDa U5 small nuclear ribonucleoprotein component-like isoform X2 [Thalia democratica]	Urochordata_TENT5A-B-C-D.txt	Urochordata_Thalia_democratica	/rna/liha/phylogenomics_practice/TENT/TENT5/Blast/Results/Urochordata_Thalia_democratica/Urochordata_TENT5A-B-C-D.txt
TENT5B_Homo_sapiens	XP_082794170.1	40.062	322	88	3.77e-68	227	terminal nucleotidyltransferase 5B-like [Thalia democratica]	Urochordata_TENT5A-B-C-D.txt	Urochordata_Thalia_democratica	/rna/liha/phylogenomics_practice/TENT/TENT5/Blast/Results/Urochordata_Thalia_democratica/Urochordata_TENT5A-B-C-D.txt
TENT5B_Homo_sapiens	XP_082794170.1	39.785	93	88	1.32e-14	75.5	terminal nucleotidyltransferase 5B-like [Thalia democratica]	Urochordata_TENT5A-B-C-D.txt	Urochordata_Thalia_democratica	/rna/liha/phylogenomics_practice/TENT/TENT5/Blast/Results/Urochordata_Thalia_democratica/Urochordata_TENT5A-B-C-D.txt
TENT5B_Homo_sapiens	XP_082811150.1	33.333	39	9	1.8	28.1	DNA-directed RNA polymerases I, II, and III subunit RPABC5-like [Thalia democratica]	Urochordata_TENT5A-B-C-D.txt	Urochordata_Thalia_democratica	/rna/liha/phylogenomics_practice/TENT/TENT5/Blast/Results/Urochordata_Thalia_democratica/Urochordata_TENT5A-B-C-D.txt
TENT5B_Homo_sapiens	XP_082811298.1	33.333	39	9	1.8	28.1	DNA-directed RNA polymerases I, II, and III subunit RPABC5-like [Thalia democratica]	Urochordata_TENT5A-B-C-D.txt	Urochordata_Thalia_democratica	/rna/liha/phylogenomics_practice/TENT/TENT5/Blast/Results/Urochordata_Thalia_democratica/Urochordata_TENT5A-B-C-D.txt
TENT5B_Homo_sapiens	XP_082806863.1	38.182	55	13	1.9	30.4	cullin-3-like [Thalia democratica]	Urochordata_TENT5A-B-C-D.txt	Urochordata_Thalia_democratica	/rna/liha/phylogenomics_practice/TENT/TENT5/Blast/Results/Urochordata_Thalia_democratica/Urochordata_TENT5A-B-C-D.txt
TENT5B_Homo_sapiens	XP_082797706.1	25.000	88	21	4.6	29.3	fidgetin-like protein 1 isoform X1 [Thalia democratica]	Urochordata_TENT5A-B-C-D.txt	Urochordata_Thalia_democratica	/rna/liha/phylogenomics_practice/TENT/TENT5/Blast/Results/Urochordata_Thalia_democratica/Urochordata_TENT5A-B-C-D.txt
TENT5B_Homo_sapiens	XP_082797707.1	25.000	88	21	5.0	28.9	fidgetin-like protein 1 isoform X2 [Thalia democratica]	Urochordata_TENT5A-B-C-D.txt	Urochordata_Thalia_democratica	/rna/liha/phylogenomics_practice/TENT/TENT5/Blast/Results/Urochordata_Thalia_democratica/Urochordata_TENT5A-B-C-D.txt
TENT5B_Homo_sapiens	XP_082805681.1	34.211	38	9	7.1	26.2	DNA-directed RNA polymerases I, II, and III subunit RPABC5-like [Thalia democratica]	Urochordata_TENT5A-B-C-D.txt	Urochordata_Thalia_democratica	/rna/liha/phylogenomics_practice/TENT/TENT5/Blast/Results/Urochordata_Thalia_democratica/Urochordata_TENT5A-B-C-D.txt
TENT5C_Homo_sapiens	XP_082794170.1	48.669	263	86	3.74e-69	229	terminal nucleotidyltransferase 5B-like [Thalia democratica]	Urochordata_TENT5A-B-C-D.txt	Urochordata_Thalia_democratica	/rna/liha/phylogenomics_practice/TENT/TENT5/Blast/Results/Urochordata_Thalia_democratica/Urochordata_TENT5A-B-C-D.txt
TENT5C_Homo_sapiens	XP_082794170.1	46.154	91	86	3.11e-17	83.2	terminal nucleotidyltransferase 5B-like [Thalia democratica]	Urochordata_TENT5A-B-C-D.txt	Urochordata_Thalia_democratica	/rna/liha/phylogenomics_practice/TENT/TENT5/Blast/Results/Urochordata_Thalia_democratica/Urochordata_TENT5A-B-C-D.txt
TENT5C_Homo_sapiens	XP_082800341.1	28.082	146	32	0.96	31.2	uncharacterized protein LOC145836410 [Thalia democratica]	Urochordata_TENT5A-B-C-D.txt	Urochordata_Thalia_democratica	/rna/liha/phylogenomics_practice/TENT/TENT5/Blast/Results/Urochordata_Thalia_democratica/Urochordata_TENT5A-B-C-D.txt
TENT5C_Homo_sapiens	XP_082792341.1	25.893	112	25	3.0	29.6	uncharacterized protein LOC145828455 [Thalia democratica]	Urochordata_TENT5A-B-C-D.txt	Urochordata_Thalia_democratica	/rna/liha/phylogenomics_practice/TENT/TENT5/Blast/Results/Urochordata_Thalia_democratica/Urochordata_TENT5A-B-C-D.txt
TENT5C_Homo_sapiens	XP_082793583.1	27.174	92	22	4.8	28.9	uncharacterized protein LOC145829613 isoform X1 [Thalia democratica]	Urochordata_TENT5A-B-C-D.txt	Urochordata_Thalia_democratica	/rna/liha/phylogenomics_practice/TENT/TENT5/Blast/Results/Urochordata_Thalia_democratica/Urochordata_TENT5A-B-C-D.txt
TENT5C_Homo_sapiens	XP_082798699.1	35.000	40	10	7.0	27.3	putative defense protein Hdd11-like [Thalia democratica]	Urochordata_TENT5A-B-C-D.txt	Urochordata_Thalia_democratica	/rna/liha/phylogenomics_practice/TENT/TENT5/Blast/Results/Urochordata_Thalia_democratica/Urochordata_TENT5A-B-C-D.txt
TENT5D_Homo_sapiens	XP_082794170.1	49.407	253	84	2.99e-73	239	terminal nucleotidyltransferase 5B-like [Thalia democratica]	Urochordata_TENT5A-B-C-D.txt	Urochordata_Thalia_democratica	/rna/liha/phylogenomics_practice/TENT/TENT5/Blast/Results/Urochordata_Thalia_democratica/Urochordata_TENT5A-B-C-D.txt
TENT5D_Homo_sapiens	XP_082794170.1	41.111	90	84	4.07e-15	76.6	terminal nucleotidyltransferase 5B-like [Thalia democratica]	Urochordata_TENT5A-B-C-D.txt	Urochordata_Thalia_democratica	/rna/liha/phylogenomics_practice/TENT/TENT5/Blast/Results/Urochordata_Thalia_democratica/Urochordata_TENT5A-B-C-D.txt
TENT5D_Homo_sapiens	XP_082796803.1	25.333	150	36	0.71	32.0	coiled-coil and C2 domain-containing protein 2A-like [Thalia democratica]	Urochordata_TENT5A-B-C-D.txt	Urochordata_Thalia_democratica	/rna/liha/phylogenomics_practice/TENT/TENT5/Blast/Results/Urochordata_Thalia_democratica/Urochordata_TENT5A-B-C-D.txt
TENT5A_Homo_sapiens	XP_081632164.1	44.818	357	74	1.83e-104	318	terminal nucleotidyltransferase 5C-like [Oikopleura dioica]	Urochordata_TENT5A-B-C-D.txt	Urochordata_Oikopleura_dioica	/rna/liha/phylogenomics_practice/TENT/TENT5/Blast/Results/Urochordata_Oikopleura_dioica/Urochordata_TENT5A-B-C-D.txt
TENT5B_Homo_sapiens	XP_081632164.1	42.297	357	78	1.87e-101	310	terminal nucleotidyltransferase 5C-like [Oikopleura dioica]	Urochordata_TENT5A-B-C-D.txt	Urochordata_Oikopleura_dioica	/rna/liha/phylogenomics_practice/TENT/TENT5/Blast/Results/Urochordata_Oikopleura_dioica/Urochordata_TENT5A-B-C-D.txt
TENT5B_Homo_sapiens	XP_081643509.1	26.415	53	12	1.1	30.8	uncharacterized protein LOC145709651 [Oikopleura dioica]	Urochordata_TENT5A-B-C-D.txt	Urochordata_Oikopleura_dioica	/rna/liha/phylogenomics_practice/TENT/TENT5/Blast/Results/Urochordata_Oikopleura_dioica/Urochordata_TENT5A-B-C-D.txt
TENT5B_Homo_sapiens	XP_081636057.1	24.074	54	13	1.8	30.0	2-phosphoxylose phosphatase 1-like [Oikopleura dioica]	Urochordata_TENT5A-B-C-D.txt	Urochordata_Oikopleura_dioica	/rna/liha/phylogenomics_practice/TENT/TENT5/Blast/Results/Urochordata_Oikopleura_dioica/Urochordata_TENT5A-B-C-D.txt
TENT5B_Homo_sapiens	XP_081631797.1	30.435	69	14	1.9	30.0	uncharacterized protein LOC145698468 [Oikopleura dioica]	Urochordata_TENT5A-B-C-D.txt	Urochordata_Oikopleura_dioica	/rna/liha/phylogenomics_practice/TENT/TENT5/Blast/Results/Urochordata_Oikopleura_dioica/Urochordata_TENT5A-B-C-D.txt
TENT5B_Homo_sapiens	XP_081634814.1	33.333	39	9	2.1	27.3	DNA-directed RNA polymerases I, II, and III subunit RPABC5 isoform X2 [Oikopleura dioica]	Urochordata_TENT5A-B-C-D.txt	Urochordata_Oikopleura_dioica	/rna/liha/phylogenomics_practice/TENT/TENT5/Blast/Results/Urochordata_Oikopleura_dioica/Urochordata_TENT5A-B-C-D.txt
TENT5B_Homo_sapiens	XP_081630640.1	30.435	46	11	2.3	29.6	dmX-like protein 2 isoform X1 [Oikopleura dioica]	Urochordata_TENT5A-B-C-D.txt	Urochordata_Oikopleura_dioica	/rna/liha/phylogenomics_practice/TENT/TENT5/Blast/Results/Urochordata_Oikopleura_dioica/Urochordata_TENT5A-B-C-D.txt
TENT5B_Homo_sapiens	XP_081633646.1	40.000	35	8	2.4	30.0	116 kDa U5 small nuclear ribonucleoprotein component-like [Oikopleura dioica]	Urochordata_TENT5A-B-C-D.txt	Urochordata_Oikopleura_dioica	/rna/liha/phylogenomics_practice/TENT/TENT5/Blast/Results/Urochordata_Oikopleura_dioica/Urochordata_TENT5A-B-C-D.txt
TENT5B_Homo_sapiens	XP_081630641.1	30.435	46	11	2.4	29.6	dmX-like protein 2 isoform X2 [Oikopleura dioica]	Urochordata_TENT5A-B-C-D.txt	Urochordata_Oikopleura_dioica	/rna/liha/phylogenomics_practice/TENT/TENT5/Blast/Results/Urochordata_Oikopleura_dioica/Urochordata_TENT5A-B-C-D.txt
TENT5B_Homo_sapiens	XP_081639642.1	26.389	72	15	5.7	28.5	importin subunit beta-1-like [Oikopleura dioica]	Urochordata_TENT5A-B-C-D.txt	Urochordata_Oikopleura_dioica	/rna/liha/phylogenomics_practice/TENT/TENT5/Blast/Results/Urochordata_Oikopleura_dioica/Urochordata_TENT5A-B-C-D.txt
TENT5B_Homo_sapiens	XP_081645810.1	29.577	71	17	6.7	28.5	LOW QUALITY PROTEIN: 3'-5' RNA helicase YTHDC2-like [Oikopleura dioica]	Urochordata_TENT5A-B-C-D.txt	Urochordata_Oikopleura_dioica	/rna/liha/phylogenomics_practice/TENT/TENT5/Blast/Results/Urochordata_Oikopleura_dioica/Urochordata_TENT5A-B-C-D.txt
TENT5C_Homo_sapiens	XP_081632164.1	42.377	387	92	9.03e-102	310	terminal nucleotidyltransferase 5C-like [Oikopleura dioica]	Urochordata_TENT5A-B-C-D.txt	Urochordata_Oikopleura_dioica	/rna/liha/phylogenomics_practice/TENT/TENT5/Blast/Results/Urochordata_Oikopleura_dioica/Urochordata_TENT5A-B-C-D.txt
TENT5C_Homo_sapiens	XP_081639594.1	30.769	65	16	0.12	33.5	uncharacterized protein LOC145705962 [Oikopleura dioica]	Urochordata_TENT5A-B-C-D.txt	Urochordata_Oikopleura_dioica	/rna/liha/phylogenomics_practice/TENT/TENT5/Blast/Results/Urochordata_Oikopleura_dioica/Urochordata_TENT5A-B-C-D.txt
TENT5C_Homo_sapiens	XP_081632415.1	29.167	96	22	0.18	32.3	uncharacterized protein LOC145699039 [Oikopleura dioica]	Urochordata_TENT5A-B-C-D.txt	Urochordata_Oikopleura_dioica	/rna/liha/phylogenomics_practice/TENT/TENT5/Blast/Results/Urochordata_Oikopleura_dioica/Urochordata_TENT5A-B-C-D.txt
TENT5C_Homo_sapiens	XP_081635204.1	31.818	44	11	8.1	28.1	LOW QUALITY PROTEIN: cytoplasmic dynein 2 heavy chain 1-like [Oikopleura dioica]	Urochordata_TENT5A-B-C-D.txt	Urochordata_Oikopleura_dioica	/rna/liha/phylogenomics_practice/TENT/TENT5/Blast/Results/Urochordata_Oikopleura_dioica/Urochordata_TENT5A-B-C-D.txt
TENT5C_Homo_sapiens	XP_081636652.1	32.353	68	17	9.2	28.1	LOW QUALITY PROTEIN: cytoplasmic dynein 1 heavy chain 1-like [Oikopleura dioica]	Urochordata_TENT5A-B-C-D.txt	Urochordata_Oikopleura_dioica	/rna/liha/phylogenomics_practice/TENT/TENT5/Blast/Results/Urochordata_Oikopleura_dioica/Urochordata_TENT5A-B-C-D.txt
TENT5C_Homo_sapiens	XP_081635948.1	38.462	39	8	9.3	27.3	uncharacterized protein LOC145702589 [Oikopleura dioica]	Urochordata_TENT5A-B-C-D.txt	Urochordata_Oikopleura_dioica	/rna/liha/phylogenomics_practice/TENT/TENT5/Blast/Results/Urochordata_Oikopleura_dioica/Urochordata_TENT5A-B-C-D.txt
TENT5D_Homo_sapiens	XP_081632164.1	44.134	358	85	6.47e-103	312	terminal nucleotidyltransferase 5C-like [Oikopleura dioica]	Urochordata_TENT5A-B-C-D.txt	Urochordata_Oikopleura_dioica	/rna/liha/phylogenomics_practice/TENT/TENT5/Blast/Results/Urochordata_Oikopleura_dioica/Urochordata_TENT5A-B-C-D.txt
TENT5D_Homo_sapiens	XP_081629613.1	26.437	87	21	1.3	30.4	rho guanine nucleotide exchange factor 37-like isoform X2 [Oikopleura dioica]	Urochordata_TENT5A-B-C-D.txt	Urochordata_Oikopleura_dioica	/rna/liha/phylogenomics_practice/TENT/TENT5/Blast/Results/Urochordata_Oikopleura_dioica/Urochordata_TENT5A-B-C-D.txt
TENT5D_Homo_sapiens	XP_081629612.1	26.437	87	21	1.6	30.0	rho guanine nucleotide exchange factor 37-like isoform X1 [Oikopleura dioica]	Urochordata_TENT5A-B-C-D.txt	Urochordata_Oikopleura_dioica	/rna/liha/phylogenomics_practice/TENT/TENT5/Blast/Results/Urochordata_Oikopleura_dioica/Urochordata_TENT5A-B-C-D.txt
TENT5A_Homo_sapiens	XP_082431363.1	50.896	279	73	1.94e-84	272	terminal nucleotidyltransferase 5C-like [Corella eumyota]	Urochordata_TENT5A-B-C-D.txt	Urochordata_Corella_eumyota	/rna/liha/phylogenomics_practice/TENT/TENT5/Blast/Results/Urochordata_Corella_eumyota/Urochordata_TENT5A-B-C-D.txt
TENT5A_Homo_sapiens	XP_082431363.1	53.750	80	73	9.51e-21	94.7	terminal nucleotidyltransferase 5C-like [Corella eumyota]	Urochordata_TENT5A-B-C-D.txt	Urochordata_Corella_eumyota	/rna/liha/phylogenomics_practice/TENT/TENT5/Blast/Results/Urochordata_Corella_eumyota/Urochordata_TENT5A-B-C-D.txt
TENT5B_Homo_sapiens	XP_082431363.1	49.286	280	83	1.30e-79	259	terminal nucleotidyltransferase 5C-like [Corella eumyota]	Urochordata_TENT5A-B-C-D.txt	Urochordata_Corella_eumyota	/rna/liha/phylogenomics_practice/TENT/TENT5/Blast/Results/Urochordata_Corella_eumyota/Urochordata_TENT5A-B-C-D.txt
TENT5B_Homo_sapiens	XP_082431363.1	39.815	108	83	2.12e-18	87.4	terminal nucleotidyltransferase 5C-like [Corella eumyota]	Urochordata_TENT5A-B-C-D.txt	Urochordata_Corella_eumyota	/rna/liha/phylogenomics_practice/TENT/TENT5/Blast/Results/Urochordata_Corella_eumyota/Urochordata_TENT5A-B-C-D.txt
TENT5B_Homo_sapiens	XP_082418294.1	28.395	81	19	1.1	31.6	uncharacterized protein LOC145744071 [Corella eumyota]	Urochordata_TENT5A-B-C-D.txt	Urochordata_Corella_eumyota	/rna/liha/phylogenomics_practice/TENT/TENT5/Blast/Results/Urochordata_Corella_eumyota/Urochordata_TENT5A-B-C-D.txt
TENT5B_Homo_sapiens	XP_082421825.1	33.333	39	9	3.2	27.3	DNA-directed RNA polymerases I, II, and III subunit RPABC5 [Corella eumyota]	Urochordata_TENT5A-B-C-D.txt	Urochordata_Corella_eumyota	/rna/liha/phylogenomics_practice/TENT/TENT5/Blast/Results/Urochordata_Corella_eumyota/Urochordata_TENT5A-B-C-D.txt
TENT5B_Homo_sapiens	XP_082428976.1	36.364	33	8	5.9	29.3	uncharacterized protein LOC145759102 isoform X3 [Corella eumyota]	Urochordata_TENT5A-B-C-D.txt	Urochordata_Corella_eumyota	/rna/liha/phylogenomics_practice/TENT/TENT5/Blast/Results/Urochordata_Corella_eumyota/Urochordata_TENT5A-B-C-D.txt
TENT5B_Homo_sapiens	XP_082420271.1	37.838	37	9	6.3	28.5	coiled-coil domain-containing protein 152-like [Corella eumyota]	Urochordata_TENT5A-B-C-D.txt	Urochordata_Corella_eumyota	/rna/liha/phylogenomics_practice/TENT/TENT5/Blast/Results/Urochordata_Corella_eumyota/Urochordata_TENT5A-B-C-D.txt
TENT5B_Homo_sapiens	XP_082428778.1	26.027	73	17	7.9	28.5	fidgetin-like protein 1 [Corella eumyota]	Urochordata_TENT5A-B-C-D.txt	Urochordata_Corella_eumyota	/rna/liha/phylogenomics_practice/TENT/TENT5/Blast/Results/Urochordata_Corella_eumyota/Urochordata_TENT5A-B-C-D.txt
TENT5B_Homo_sapiens	XP_082416372.1	27.160	81	19	8.2	28.5	uncharacterized protein LOC145742468 [Corella eumyota]	Urochordata_TENT5A-B-C-D.txt	Urochordata_Corella_eumyota	/rna/liha/phylogenomics_practice/TENT/TENT5/Blast/Results/Urochordata_Corella_eumyota/Urochordata_TENT5A-B-C-D.txt
TENT5C_Homo_sapiens	XP_082431363.1	50.714	280	85	5.53e-81	261	terminal nucleotidyltransferase 5C-like [Corella eumyota]	Urochordata_TENT5A-B-C-D.txt	Urochordata_Corella_eumyota	/rna/liha/phylogenomics_practice/TENT/TENT5/Blast/Results/Urochordata_Corella_eumyota/Urochordata_TENT5A-B-C-D.txt
TENT5C_Homo_sapiens	XP_082431363.1	52.874	87	85	3.82e-22	98.2	terminal nucleotidyltransferase 5C-like [Corella eumyota]	Urochordata_TENT5A-B-C-D.txt	Urochordata_Corella_eumyota	/rna/liha/phylogenomics_practice/TENT/TENT5/Blast/Results/Urochordata_Corella_eumyota/Urochordata_TENT5A-B-C-D.txt
TENT5C_Homo_sapiens	XP_082417122.1	24.868	189	46	2.2	30.4	uncharacterized protein LOC145743104 isoform X3 [Corella eumyota]	Urochordata_TENT5A-B-C-D.txt	Urochordata_Corella_eumyota	/rna/liha/phylogenomics_practice/TENT/TENT5/Blast/Results/Urochordata_Corella_eumyota/Urochordata_TENT5A-B-C-D.txt
TENT5C_Homo_sapiens	XP_082425531.1	35.000	60	14	2.3	30.4	cytoplasmic dynein 1 heavy chain 1-like isoform X2 [Corella eumyota]	Urochordata_TENT5A-B-C-D.txt	Urochordata_Corella_eumyota	/rna/liha/phylogenomics_practice/TENT/TENT5/Blast/Results/Urochordata_Corella_eumyota/Urochordata_TENT5A-B-C-D.txt
TENT5C_Homo_sapiens	XP_082425530.1	35.000	60	14	2.3	30.4	cytoplasmic dynein 1 heavy chain 1-like isoform X1 [Corella eumyota]	Urochordata_TENT5A-B-C-D.txt	Urochordata_Corella_eumyota	/rna/liha/phylogenomics_practice/TENT/TENT5/Blast/Results/Urochordata_Corella_eumyota/Urochordata_TENT5A-B-C-D.txt
TENT5C_Homo_sapiens	XP_082425532.1	35.000	60	14	2.3	30.4	cytoplasmic dynein 1 heavy chain 1-like isoform X3 [Corella eumyota]	Urochordata_TENT5A-B-C-D.txt	Urochordata_Corella_eumyota	/rna/liha/phylogenomics_practice/TENT/TENT5/Blast/Results/Urochordata_Corella_eumyota/Urochordata_TENT5A-B-C-D.txt
TENT5C_Homo_sapiens	XP_082421825.1	30.769	39	10	7.2	26.2	DNA-directed RNA polymerases I, II, and III subunit RPABC5 [Corella eumyota]	Urochordata_TENT5A-B-C-D.txt	Urochordata_Corella_eumyota	/rna/liha/phylogenomics_practice/TENT/TENT5/Blast/Results/Urochordata_Corella_eumyota/Urochordata_TENT5A-B-C-D.txt
TENT5D_Homo_sapiens	XP_082431363.1	45.364	302	92	1.34e-77	252	terminal nucleotidyltransferase 5C-like [Corella eumyota]	Urochordata_TENT5A-B-C-D.txt	Urochordata_Corella_eumyota	/rna/liha/phylogenomics_practice/TENT/TENT5/Blast/Results/Urochordata_Corella_eumyota/Urochordata_TENT5A-B-C-D.txt
TENT5D_Homo_sapiens	XP_082431363.1	46.591	88	92	1.71e-21	96.3	terminal nucleotidyltransferase 5C-like [Corella eumyota]	Urochordata_TENT5A-B-C-D.txt	Urochordata_Corella_eumyota	/rna/liha/phylogenomics_practice/TENT/TENT5/Blast/Results/Urochordata_Corella_eumyota/Urochordata_TENT5A-B-C-D.txt
TENT5D_Homo_sapiens	XP_082428174.1	32.857	70	17	2.4	30.4	uncharacterized protein LOC145755801 [Corella eumyota]	Urochordata_TENT5A-B-C-D.txt	Urochordata_Corella_eumyota	/rna/liha/phylogenomics_practice/TENT/TENT5/Blast/Results/Urochordata_Corella_eumyota/Urochordata_TENT5A-B-C-D.txt
TENT5D_Homo_sapiens	XP_082429444.1	31.429	70	17	2.9	29.6	sphingomyelin phosphodiesterase-like [Corella eumyota]	Urochordata_TENT5A-B-C-D.txt	Urochordata_Corella_eumyota	/rna/liha/phylogenomics_practice/TENT/TENT5/Blast/Results/Urochordata_Corella_eumyota/Urochordata_TENT5A-B-C-D.txt
TENT5D_Homo_sapiens	XP_082419163.1	44.000	25	6	3.3	29.6	carboxypeptidase B-like [Corella eumyota]	Urochordata_TENT5A-B-C-D.txt	Urochordata_Corella_eumyota	/rna/liha/phylogenomics_practice/TENT/TENT5/Blast/Results/Urochordata_Corella_eumyota/Urochordata_TENT5A-B-C-D.txt
TENT5D_Homo_sapiens	XP_082416197.1	31.429	70	17	4.6	29.3	uncharacterized protein LOC145742287 [Corella eumyota]	Urochordata_TENT5A-B-C-D.txt	Urochordata_Corella_eumyota	/rna/liha/phylogenomics_practice/TENT/TENT5/Blast/Results/Urochordata_Corella_eumyota/Urochordata_TENT5A-B-C-D.txt
TENT5D_Homo_sapiens	XP_082416369.1	31.429	70	17	5.2	29.3	uncharacterized protein LOC145742465 [Corella eumyota]	Urochordata_TENT5A-B-C-D.txt	Urochordata_Corella_eumyota	/rna/liha/phylogenomics_practice/TENT/TENT5/Blast/Results/Urochordata_Corella_eumyota/Urochordata_TENT5A-B-C-D.txt
TENT5D_Homo_sapiens	XP_082430260.1	31.429	70	17	5.6	28.9	uncharacterized protein LOC145760259 [Corella eumyota]	Urochordata_TENT5A-B-C-D.txt	Urochordata_Corella_eumyota	/rna/liha/phylogenomics_practice/TENT/TENT5/Blast/Results/Urochordata_Corella_eumyota/Urochordata_TENT5A-B-C-D.txt
TENT5D_Homo_sapiens	XP_082421882.1	26.168	107	22	5.8	28.9	6-phosphogluconate dehydrogenase, decarboxylating-like [Corella eumyota]	Urochordata_TENT5A-B-C-D.txt	Urochordata_Corella_eumyota	/rna/liha/phylogenomics_practice/TENT/TENT5/Blast/Results/Urochordata_Corella_eumyota/Urochordata_TENT5A-B-C-D.txt
TENT5D_Homo_sapiens	XP_082416368.1	31.429	70	17	7.2	28.5	uncharacterized protein LOC145742464 [Corella eumyota]	Urochordata_TENT5A-B-C-D.txt	Urochordata_Corella_eumyota	/rna/liha/phylogenomics_practice/TENT/TENT5/Blast/Results/Urochordata_Corella_eumyota/Urochordata_TENT5A-B-C-D.txt
TENT5D_Homo_sapiens	XP_082419481.1	24.468	94	24	9.7	28.1	uncharacterized protein LOC145745316 [Corella eumyota]	Urochordata_TENT5A-B-C-D.txt	Urochordata_Corella_eumyota	/rna/liha/phylogenomics_practice/TENT/TENT5/Blast/Results/Urochordata_Corella_eumyota/Urochordata_TENT5A-B-C-D.txt
TENT5A_Homo_sapiens	YP_001481155.1	26.667	45	7	2.2	19.2	NADH dehydrogenase subunit 5 [Phallusia fumigata]	Urochordata_TENT5A-B-C-D.txt	Urochordata_Phallusia_fumigata	/rna/liha/phylogenomics_practice/TENT/TENT5/Blast/Results/Urochordata_Phallusia_fumigata/Urochordata_TENT5A-B-C-D.txt
TENT5A_Homo_sapiens	YP_001481154.1	35.000	20	5	3.3	18.5	NADH dehydrogenase subunit 4 [Phallusia fumigata]	Urochordata_TENT5A-B-C-D.txt	Urochordata_Phallusia_fumigata	/rna/liha/phylogenomics_practice/TENT/TENT5/Blast/Results/Urochordata_Phallusia_fumigata/Urochordata_TENT5A-B-C-D.txt
TENT5A_Homo_sapiens	YP_001481148.1	26.316	19	4	6.9	17.7	NADH dehydrogenase subunit 2 [Phallusia fumigata]	Urochordata_TENT5A-B-C-D.txt	Urochordata_Phallusia_fumigata	/rna/liha/phylogenomics_practice/TENT/TENT5/Blast/Results/Urochordata_Phallusia_fumigata/Urochordata_TENT5A-B-C-D.txt
TENT5B_Homo_sapiens	YP_001481155.1	46.667	15	4	2.9	18.9	NADH dehydrogenase subunit 5 [Phallusia fumigata]	Urochordata_TENT5A-B-C-D.txt	Urochordata_Phallusia_fumigata	/rna/liha/phylogenomics_practice/TENT/TENT5/Blast/Results/Urochordata_Phallusia_fumigata/Urochordata_TENT5A-B-C-D.txt
TENT5B_Homo_sapiens	YP_001481149.1	50.000	12	3	5.9	17.3	NADH dehydrogenase subunit 4L [Phallusia fumigata]	Urochordata_TENT5A-B-C-D.txt	Urochordata_Phallusia_fumigata	/rna/liha/phylogenomics_practice/TENT/TENT5/Blast/Results/Urochordata_Phallusia_fumigata/Urochordata_TENT5A-B-C-D.txt
TENT5B_Homo_sapiens	YP_001481150.1	26.087	23	5	8.8	16.9	cytochrome c oxidase subunit III [Phallusia fumigata]	Urochordata_TENT5A-B-C-D.txt	Urochordata_Phallusia_fumigata	/rna/liha/phylogenomics_practice/TENT/TENT5/Blast/Results/Urochordata_Phallusia_fumigata/Urochordata_TENT5A-B-C-D.txt
TENT5C_Homo_sapiens	YP_001481155.1	46.667	15	4	1.5	19.6	NADH dehydrogenase subunit 5 [Phallusia fumigata]	Urochordata_TENT5A-B-C-D.txt	Urochordata_Phallusia_fumigata	/rna/liha/phylogenomics_practice/TENT/TENT5/Blast/Results/Urochordata_Phallusia_fumigata/Urochordata_TENT5A-B-C-D.txt
TENT5C_Homo_sapiens	YP_001481144.1	44.444	18	5	8.6	16.9	cytochrome b [Phallusia fumigata]	Urochordata_TENT5A-B-C-D.txt	Urochordata_Phallusia_fumigata	/rna/liha/phylogenomics_practice/TENT/TENT5/Blast/Results/Urochordata_Phallusia_fumigata/Urochordata_TENT5A-B-C-D.txt
TENT5D_Homo_sapiens	YP_001481155.1	50.000	12	3	7.9	17.3	NADH dehydrogenase subunit 5 [Phallusia fumigata]	Urochordata_TENT5A-B-C-D.txt	Urochordata_Phallusia_fumigata	/rna/liha/phylogenomics_practice/TENT/TENT5/Blast/Results/Urochordata_Phallusia_fumigata/Urochordata_TENT5A-B-C-D.txt
TENT5A_Homo_sapiens	XP_039260901.2	45.390	282	74	1.98e-73	247	uncharacterized protein LOC120337241 [Styela clava]	Urochordata_TENT5A-B-C-D.txt	Urochordata_Styela_clava	/rna/liha/phylogenomics_practice/TENT/TENT5/Blast/Results/Urochordata_Styela_clava/Urochordata_TENT5A-B-C-D.txt
TENT5A_Homo_sapiens	XP_039260901.2	45.455	99	74	4.74e-20	93.2	uncharacterized protein LOC120337241 [Styela clava]	Urochordata_TENT5A-B-C-D.txt	Urochordata_Styela_clava	/rna/liha/phylogenomics_practice/TENT/TENT5/Blast/Results/Urochordata_Styela_clava/Urochordata_TENT5A-B-C-D.txt
TENT5B_Homo_sapiens	XP_039260901.2	44.251	287	80	2.64e-70	238	uncharacterized protein LOC120337241 [Styela clava]	Urochordata_TENT5A-B-C-D.txt	Urochordata_Styela_clava	/rna/liha/phylogenomics_practice/TENT/TENT5/Blast/Results/Urochordata_Styela_clava/Urochordata_TENT5A-B-C-D.txt
TENT5B_Homo_sapiens	XP_039260901.2	41.176	102	80	1.20e-17	85.9	uncharacterized protein LOC120337241 [Styela clava]	Urochordata_TENT5A-B-C-D.txt	Urochordata_Styela_clava	/rna/liha/phylogenomics_practice/TENT/TENT5/Blast/Results/Urochordata_Styela_clava/Urochordata_TENT5A-B-C-D.txt
TENT5B_Homo_sapiens	XP_077975839.1	21.519	79	19	4.0	30.4	ryanodine receptor 2-like isoform X3 [Styela clava]	Urochordata_TENT5A-B-C-D.txt	Urochordata_Styela_clava	/rna/liha/phylogenomics_practice/TENT/TENT5/Blast/Results/Urochordata_Styela_clava/Urochordata_TENT5A-B-C-D.txt
TENT5B_Homo_sapiens	XP_077975844.1	21.519	79	19	4.0	30.4	ryanodine receptor 2-like isoform X4 [Styela clava]	Urochordata_TENT5A-B-C-D.txt	Urochordata_Styela_clava	/rna/liha/phylogenomics_practice/TENT/TENT5/Blast/Results/Urochordata_Styela_clava/Urochordata_TENT5A-B-C-D.txt
TENT5B_Homo_sapiens	XP_077975845.1	21.519	79	19	4.1	30.4	ryanodine receptor 2-like isoform X5 [Styela clava]	Urochordata_TENT5A-B-C-D.txt	Urochordata_Styela_clava	/rna/liha/phylogenomics_practice/TENT/TENT5/Blast/Results/Urochordata_Styela_clava/Urochordata_TENT5A-B-C-D.txt
TENT5B_Homo_sapiens	XP_077975832.1	21.519	79	19	4.1	30.4	ryanodine receptor 2-like isoform X1 [Styela clava]	Urochordata_TENT5A-B-C-D.txt	Urochordata_Styela_clava	/rna/liha/phylogenomics_practice/TENT/TENT5/Blast/Results/Urochordata_Styela_clava/Urochordata_TENT5A-B-C-D.txt
TENT5B_Homo_sapiens	XP_077975834.1	21.519	79	19	4.1	30.4	ryanodine receptor 2-like isoform X2 [Styela clava]	Urochordata_TENT5A-B-C-D.txt	Urochordata_Styela_clava	/rna/liha/phylogenomics_practice/TENT/TENT5/Blast/Results/Urochordata_Styela_clava/Urochordata_TENT5A-B-C-D.txt
TENT5B_Homo_sapiens	XP_039256471.2	25.641	117	23	4.2	30.0	uncharacterized protein LOC120333170 [Styela clava]	Urochordata_TENT5A-B-C-D.txt	Urochordata_Styela_clava	/rna/liha/phylogenomics_practice/TENT/TENT5/Blast/Results/Urochordata_Styela_clava/Urochordata_TENT5A-B-C-D.txt
TENT5C_Homo_sapiens	XP_039260901.2	47.350	283	84	1.71e-75	250	uncharacterized protein LOC120337241 [Styela clava]	Urochordata_TENT5A-B-C-D.txt	Urochordata_Styela_clava	/rna/liha/phylogenomics_practice/TENT/TENT5/Blast/Results/Urochordata_Styela_clava/Urochordata_TENT5A-B-C-D.txt
TENT5C_Homo_sapiens	XP_039260901.2	50.000	92	84	3.12e-20	93.2	uncharacterized protein LOC120337241 [Styela clava]	Urochordata_TENT5A-B-C-D.txt	Urochordata_Styela_clava	/rna/liha/phylogenomics_practice/TENT/TENT5/Blast/Results/Urochordata_Styela_clava/Urochordata_TENT5A-B-C-D.txt
TENT5C_Homo_sapiens	XP_077971528.1	29.457	129	30	0.76	32.3	coiled-coil domain-containing protein 77-like [Styela clava]	Urochordata_TENT5A-B-C-D.txt	Urochordata_Styela_clava	/rna/liha/phylogenomics_practice/TENT/TENT5/Blast/Results/Urochordata_Styela_clava/Urochordata_TENT5A-B-C-D.txt
TENT5C_Homo_sapiens	XP_039250550.2	40.323	62	16	3.0	30.4	uncharacterized protein LOC120328192 [Styela clava]	Urochordata_TENT5A-B-C-D.txt	Urochordata_Styela_clava	/rna/liha/phylogenomics_practice/TENT/TENT5/Blast/Results/Urochordata_Styela_clava/Urochordata_TENT5A-B-C-D.txt
TENT5C_Homo_sapiens	XP_077971535.1	31.034	58	14	4.1	30.0	cytoplasmic dynein 1 heavy chain 1-like isoform X2 [Styela clava]	Urochordata_TENT5A-B-C-D.txt	Urochordata_Styela_clava	/rna/liha/phylogenomics_practice/TENT/TENT5/Blast/Results/Urochordata_Styela_clava/Urochordata_TENT5A-B-C-D.txt
TENT5C_Homo_sapiens	XP_077971534.1	31.034	58	14	4.2	30.0	cytoplasmic dynein 1 heavy chain 1-like isoform X1 [Styela clava]	Urochordata_TENT5A-B-C-D.txt	Urochordata_Styela_clava	/rna/liha/phylogenomics_practice/TENT/TENT5/Blast/Results/Urochordata_Styela_clava/Urochordata_TENT5A-B-C-D.txt
TENT5C_Homo_sapiens	XP_077969337.1	25.984	127	31	4.4	30.0	uncharacterized protein LOC120345199 isoform X3 [Styela clava]	Urochordata_TENT5A-B-C-D.txt	Urochordata_Styela_clava	/rna/liha/phylogenomics_practice/TENT/TENT5/Blast/Results/Urochordata_Styela_clava/Urochordata_TENT5A-B-C-D.txt
TENT5C_Homo_sapiens	XP_077969336.1	25.984	127	31	4.6	30.0	uncharacterized protein LOC120345199 isoform X2 [Styela clava]	Urochordata_TENT5A-B-C-D.txt	Urochordata_Styela_clava	/rna/liha/phylogenomics_practice/TENT/TENT5/Blast/Results/Urochordata_Styela_clava/Urochordata_TENT5A-B-C-D.txt
TENT5C_Homo_sapiens	XP_039270568.2	25.984	127	31	4.6	30.0	uncharacterized protein LOC120345199 isoform X1 [Styela clava]	Urochordata_TENT5A-B-C-D.txt	Urochordata_Styela_clava	/rna/liha/phylogenomics_practice/TENT/TENT5/Blast/Results/Urochordata_Styela_clava/Urochordata_TENT5A-B-C-D.txt
TENT5C_Homo_sapiens	XP_077969338.1	25.984	127	31	5.3	29.6	uncharacterized protein LOC120345199 isoform X4 [Styela clava]	Urochordata_TENT5A-B-C-D.txt	Urochordata_Styela_clava	/rna/liha/phylogenomics_practice/TENT/TENT5/Blast/Results/Urochordata_Styela_clava/Urochordata_TENT5A-B-C-D.txt
TENT5C_Homo_sapiens	XP_039254698.2	25.397	63	16	5.8	29.6	mitofusin-2-like isoform X2 [Styela clava]	Urochordata_TENT5A-B-C-D.txt	Urochordata_Styela_clava	/rna/liha/phylogenomics_practice/TENT/TENT5/Blast/Results/Urochordata_Styela_clava/Urochordata_TENT5A-B-C-D.txt
TENT5D_Homo_sapiens	XP_039260901.2	40.184	326	96	2.17e-73	245	uncharacterized protein LOC120337241 [Styela clava]	Urochordata_TENT5A-B-C-D.txt	Urochordata_Styela_clava	/rna/liha/phylogenomics_practice/TENT/TENT5/Blast/Results/Urochordata_Styela_clava/Urochordata_TENT5A-B-C-D.txt
TENT5D_Homo_sapiens	XP_039260901.2	41.176	102	96	7.69e-21	95.1	uncharacterized protein LOC120337241 [Styela clava]	Urochordata_TENT5A-B-C-D.txt	Urochordata_Styela_clava	/rna/liha/phylogenomics_practice/TENT/TENT5/Blast/Results/Urochordata_Styela_clava/Urochordata_TENT5A-B-C-D.txt
TENT5D_Homo_sapiens	XP_077971022.1	24.490	49	13	2.4	30.4	uncharacterized protein LOC144425588 isoform X2 [Styela clava]	Urochordata_TENT5A-B-C-D.txt	Urochordata_Styela_clava	/rna/liha/phylogenomics_practice/TENT/TENT5/Blast/Results/Urochordata_Styela_clava/Urochordata_TENT5A-B-C-D.txt
TENT5D_Homo_sapiens	XP_077971021.1	23.529	68	17	3.4	30.0	uncharacterized protein LOC144425588 isoform X1 [Styela clava]	Urochordata_TENT5A-B-C-D.txt	Urochordata_Styela_clava	/rna/liha/phylogenomics_practice/TENT/TENT5/Blast/Results/Urochordata_Styela_clava/Urochordata_TENT5A-B-C-D.txt
TENT5A_Homo_sapiens	XP_080187162.1	40.882	340	81	2.87e-74	246	terminal nucleotidyltransferase 5A-like [Botryllus schlosseri]	Urochordata_TENT5A-B-C-D.txt	Urochordata_Botryllus_schlosseri	/rna/liha/phylogenomics_practice/TENT/TENT5/Blast/Results/Urochordata_Botryllus_schlosseri/Urochordata_TENT5A-B-C-D.txt
TENT5A_Homo_sapiens	XP_080187162.1	48.810	84	81	1.88e-17	85.1	terminal nucleotidyltransferase 5A-like [Botryllus schlosseri]	Urochordata_TENT5A-B-C-D.txt	Urochordata_Botryllus_schlosseri	/rna/liha/phylogenomics_practice/TENT/TENT5/Blast/Results/Urochordata_Botryllus_schlosseri/Urochordata_TENT5A-B-C-D.txt
TENT5A_Homo_sapiens	XP_080182310.1	24.832	149	27	0.42	33.5	dymeclin-like [Botryllus schlosseri]	Urochordata_TENT5A-B-C-D.txt	Urochordata_Botryllus_schlosseri	/rna/liha/phylogenomics_practice/TENT/TENT5/Blast/Results/Urochordata_Botryllus_schlosseri/Urochordata_TENT5A-B-C-D.txt
TENT5A_Homo_sapiens	XP_080166305.1	22.222	108	20	2.8	30.0	uncharacterized protein LOC145433206 isoform X1 [Botryllus schlosseri]	Urochordata_TENT5A-B-C-D.txt	Urochordata_Botryllus_schlosseri	/rna/liha/phylogenomics_practice/TENT/TENT5/Blast/Results/Urochordata_Botryllus_schlosseri/Urochordata_TENT5A-B-C-D.txt
TENT5A_Homo_sapiens	XP_080173280.1	23.958	96	17	6.3	29.3	uncharacterized protein LOC145439640 isoform X2 [Botryllus schlosseri]	Urochordata_TENT5A-B-C-D.txt	Urochordata_Botryllus_schlosseri	/rna/liha/phylogenomics_practice/TENT/TENT5/Blast/Results/Urochordata_Botryllus_schlosseri/Urochordata_TENT5A-B-C-D.txt
TENT5A_Homo_sapiens	XP_080183088.1	22.222	108	20	6.6	28.5	uncharacterized protein LOC145448554 [Botryllus schlosseri]	Urochordata_TENT5A-B-C-D.txt	Urochordata_Botryllus_schlosseri	/rna/liha/phylogenomics_practice/TENT/TENT5/Blast/Results/Urochordata_Botryllus_schlosseri/Urochordata_TENT5A-B-C-D.txt
TENT5A_Homo_sapiens	XP_080173279.1	23.958	96	17	9.5	28.5	uncharacterized protein LOC145439640 isoform X1 [Botryllus schlosseri]	Urochordata_TENT5A-B-C-D.txt	Urochordata_Botryllus_schlosseri	/rna/liha/phylogenomics_practice/TENT/TENT5/Blast/Results/Urochordata_Botryllus_schlosseri/Urochordata_TENT5A-B-C-D.txt
TENT5B_Homo_sapiens	XP_080187162.1	44.403	268	76	5.29e-69	231	terminal nucleotidyltransferase 5A-like [Botryllus schlosseri]	Urochordata_TENT5A-B-C-D.txt	Urochordata_Botryllus_schlosseri	/rna/liha/phylogenomics_practice/TENT/TENT5/Blast/Results/Urochordata_Botryllus_schlosseri/Urochordata_TENT5A-B-C-D.txt
TENT5B_Homo_sapiens	XP_080187162.1	50.602	83	76	2.55e-18	87.8	terminal nucleotidyltransferase 5A-like [Botryllus schlosseri]	Urochordata_TENT5A-B-C-D.txt	Urochordata_Botryllus_schlosseri	/rna/liha/phylogenomics_practice/TENT/TENT5/Blast/Results/Urochordata_Botryllus_schlosseri/Urochordata_TENT5A-B-C-D.txt
TENT5B_Homo_sapiens	XP_080182310.1	26.549	113	22	0.83	32.3	dymeclin-like [Botryllus schlosseri]	Urochordata_TENT5A-B-C-D.txt	Urochordata_Botryllus_schlosseri	/rna/liha/phylogenomics_practice/TENT/TENT5/Blast/Results/Urochordata_Botryllus_schlosseri/Urochordata_TENT5A-B-C-D.txt
TENT5B_Homo_sapiens	XP_080170391.1	36.585	41	9	2.7	29.6	uncharacterized protein LOC145437092 isoform X2 [Botryllus schlosseri]	Urochordata_TENT5A-B-C-D.txt	Urochordata_Botryllus_schlosseri	/rna/liha/phylogenomics_practice/TENT/TENT5/Blast/Results/Urochordata_Botryllus_schlosseri/Urochordata_TENT5A-B-C-D.txt
TENT5B_Homo_sapiens	XP_080170274.1	40.000	45	11	2.8	30.8	uncharacterized protein LOC145436963 [Botryllus schlosseri]	Urochordata_TENT5A-B-C-D.txt	Urochordata_Botryllus_schlosseri	/rna/liha/phylogenomics_practice/TENT/TENT5/Blast/Results/Urochordata_Botryllus_schlosseri/Urochordata_TENT5A-B-C-D.txt
TENT5B_Homo_sapiens	XP_080170390.1	36.585	41	9	3.5	29.3	uncharacterized protein LOC145437092 isoform X1 [Botryllus schlosseri]	Urochordata_TENT5A-B-C-D.txt	Urochordata_Botryllus_schlosseri	/rna/liha/phylogenomics_practice/TENT/TENT5/Blast/Results/Urochordata_Botryllus_schlosseri/Urochordata_TENT5A-B-C-D.txt
TENT5B_Homo_sapiens	XP_080179282.1	39.024	41	10	6.3	29.6	uncharacterized protein LOC145445060 [Botryllus schlosseri]	Urochordata_TENT5A-B-C-D.txt	Urochordata_Botryllus_schlosseri	/rna/liha/phylogenomics_practice/TENT/TENT5/Blast/Results/Urochordata_Botryllus_schlosseri/Urochordata_TENT5A-B-C-D.txt
TENT5B_Homo_sapiens	XP_080183088.1	35.000	40	9	8.1	28.1	uncharacterized protein LOC145448554 [Botryllus schlosseri]	Urochordata_TENT5A-B-C-D.txt	Urochordata_Botryllus_schlosseri	/rna/liha/phylogenomics_practice/TENT/TENT5/Blast/Results/Urochordata_Botryllus_schlosseri/Urochordata_TENT5A-B-C-D.txt
TENT5C_Homo_sapiens	XP_080187162.1	42.679	321	95	4.91e-74	244	terminal nucleotidyltransferase 5A-like [Botryllus schlosseri]	Urochordata_TENT5A-B-C-D.txt	Urochordata_Botryllus_schlosseri	/rna/liha/phylogenomics_practice/TENT/TENT5/Blast/Results/Urochordata_Botryllus_schlosseri/Urochordata_TENT5A-B-C-D.txt
TENT5C_Homo_sapiens	XP_080187162.1	53.488	86	95	1.91e-19	90.5	terminal nucleotidyltransferase 5A-like [Botryllus schlosseri]	Urochordata_TENT5A-B-C-D.txt	Urochordata_Botryllus_schlosseri	/rna/liha/phylogenomics_practice/TENT/TENT5/Blast/Results/Urochordata_Botryllus_schlosseri/Urochordata_TENT5A-B-C-D.txt
TENT5C_Homo_sapiens	XP_080174067.1	32.394	71	18	0.35	33.5	uncharacterized protein LOC145440357 isoform X4 [Botryllus schlosseri]	Urochordata_TENT5A-B-C-D.txt	Urochordata_Botryllus_schlosseri	/rna/liha/phylogenomics_practice/TENT/TENT5/Blast/Results/Urochordata_Botryllus_schlosseri/Urochordata_TENT5A-B-C-D.txt
TENT5C_Homo_sapiens	XP_080174064.1	34.483	58	15	0.50	33.1	uncharacterized protein LOC145440357 isoform X1 [Botryllus schlosseri]	Urochordata_TENT5A-B-C-D.txt	Urochordata_Botryllus_schlosseri	/rna/liha/phylogenomics_practice/TENT/TENT5/Blast/Results/Urochordata_Botryllus_schlosseri/Urochordata_TENT5A-B-C-D.txt
TENT5C_Homo_sapiens	XP_080174066.1	34.483	58	15	0.51	33.1	uncharacterized protein LOC145440357 isoform X3 [Botryllus schlosseri]	Urochordata_TENT5A-B-C-D.txt	Urochordata_Botryllus_schlosseri	/rna/liha/phylogenomics_practice/TENT/TENT5/Blast/Results/Urochordata_Botryllus_schlosseri/Urochordata_TENT5A-B-C-D.txt
TENT5C_Homo_sapiens	XP_080174069.1	34.483	58	15	0.52	33.1	uncharacterized protein LOC145440357 isoform X6 [Botryllus schlosseri]	Urochordata_TENT5A-B-C-D.txt	Urochordata_Botryllus_schlosseri	/rna/liha/phylogenomics_practice/TENT/TENT5/Blast/Results/Urochordata_Botryllus_schlosseri/Urochordata_TENT5A-B-C-D.txt
TENT5C_Homo_sapiens	XP_080174065.1	34.483	58	15	0.52	33.1	uncharacterized protein LOC145440357 isoform X2 [Botryllus schlosseri]	Urochordata_TENT5A-B-C-D.txt	Urochordata_Botryllus_schlosseri	/rna/liha/phylogenomics_practice/TENT/TENT5/Blast/Results/Urochordata_Botryllus_schlosseri/Urochordata_TENT5A-B-C-D.txt
TENT5C_Homo_sapiens	XP_080174068.1	34.483	58	15	0.52	33.1	uncharacterized protein LOC145440357 isoform X5 [Botryllus schlosseri]	Urochordata_TENT5A-B-C-D.txt	Urochordata_Botryllus_schlosseri	/rna/liha/phylogenomics_practice/TENT/TENT5/Blast/Results/Urochordata_Botryllus_schlosseri/Urochordata_TENT5A-B-C-D.txt
TENT5C_Homo_sapiens	XP_080182310.1	27.174	92	19	1.7	31.2	dymeclin-like [Botryllus schlosseri]	Urochordata_TENT5A-B-C-D.txt	Urochordata_Botryllus_schlosseri	/rna/liha/phylogenomics_practice/TENT/TENT5/Blast/Results/Urochordata_Botryllus_schlosseri/Urochordata_TENT5A-B-C-D.txt
TENT5C_Homo_sapiens	XP_080171784.1	31.250	32	8	8.6	28.1	uncharacterized protein LOC145438268 [Botryllus schlosseri]	Urochordata_TENT5A-B-C-D.txt	Urochordata_Botryllus_schlosseri	/rna/liha/phylogenomics_practice/TENT/TENT5/Blast/Results/Urochordata_Botryllus_schlosseri/Urochordata_TENT5A-B-C-D.txt
TENT5C_Homo_sapiens	XP_080166862.1	26.829	123	31	9.9	28.9	uncharacterized protein LOC145433311 [Botryllus schlosseri]	Urochordata_TENT5A-B-C-D.txt	Urochordata_Botryllus_schlosseri	/rna/liha/phylogenomics_practice/TENT/TENT5/Blast/Results/Urochordata_Botryllus_schlosseri/Urochordata_TENT5A-B-C-D.txt
TENT5D_Homo_sapiens	XP_080187162.1	42.368	321	97	1.99e-76	250	terminal nucleotidyltransferase 5A-like [Botryllus schlosseri]	Urochordata_TENT5A-B-C-D.txt	Urochordata_Botryllus_schlosseri	/rna/liha/phylogenomics_practice/TENT/TENT5/Blast/Results/Urochordata_Botryllus_schlosseri/Urochordata_TENT5A-B-C-D.txt
TENT5D_Homo_sapiens	XP_080187162.1	44.828	87	97	4.51e-18	86.3	terminal nucleotidyltransferase 5A-like [Botryllus schlosseri]	Urochordata_TENT5A-B-C-D.txt	Urochordata_Botryllus_schlosseri	/rna/liha/phylogenomics_practice/TENT/TENT5/Blast/Results/Urochordata_Botryllus_schlosseri/Urochordata_TENT5A-B-C-D.txt
TENT5D_Homo_sapiens	XP_080168847.1	32.143	84	22	2.5	30.8	uncharacterized protein LOC145435438 isoform X3 [Botryllus schlosseri]	Urochordata_TENT5A-B-C-D.txt	Urochordata_Botryllus_schlosseri	/rna/liha/phylogenomics_practice/TENT/TENT5/Blast/Results/Urochordata_Botryllus_schlosseri/Urochordata_TENT5A-B-C-D.txt
TENT5D_Homo_sapiens	XP_080168846.1	32.143	84	22	2.5	30.8	uncharacterized protein LOC145435438 isoform X2 [Botryllus schlosseri]	Urochordata_TENT5A-B-C-D.txt	Urochordata_Botryllus_schlosseri	/rna/liha/phylogenomics_practice/TENT/TENT5/Blast/Results/Urochordata_Botryllus_schlosseri/Urochordata_TENT5A-B-C-D.txt
TENT5D_Homo_sapiens	XP_080168845.1	32.143	84	22	2.5	30.8	uncharacterized protein LOC145435438 isoform X1 [Botryllus schlosseri]	Urochordata_TENT5A-B-C-D.txt	Urochordata_Botryllus_schlosseri	/rna/liha/phylogenomics_practice/TENT/TENT5/Blast/Results/Urochordata_Botryllus_schlosseri/Urochordata_TENT5A-B-C-D.txt
TENT5D_Homo_sapiens	XP_080188025.1	48.000	25	6	2.8	30.4	carboxypeptidase B-like [Botryllus schlosseri]	Urochordata_TENT5A-B-C-D.txt	Urochordata_Botryllus_schlosseri	/rna/liha/phylogenomics_practice/TENT/TENT5/Blast/Results/Urochordata_Botryllus_schlosseri/Urochordata_TENT5A-B-C-D.txt
TENT5D_Homo_sapiens	XP_080182598.1	24.490	98	25	10.0	28.9	uncharacterized protein LOC145448144 [Botryllus schlosseri]	Urochordata_TENT5A-B-C-D.txt	Urochordata_Botryllus_schlosseri	/rna/liha/phylogenomics_practice/TENT/TENT5/Blast/Results/Urochordata_Botryllus_schlosseri/Urochordata_TENT5A-B-C-D.txt
TENT5A_Homo_sapiens	XP_082838426.1	49.248	266	73	1.11e-76	253	terminal nucleotidyltransferase 5C-like [Ascidia mentula]	Urochordata_TENT5A-B-C-D.txt	Urochordata_Ascidia_mentula	/rna/liha/phylogenomics_practice/TENT/TENT5/Blast/Results/Urochordata_Ascidia_mentula/Urochordata_TENT5A-B-C-D.txt
TENT5A_Homo_sapiens	XP_082838426.1	52.941	85	73	1.97e-21	97.4	terminal nucleotidyltransferase 5C-like [Ascidia mentula]	Urochordata_TENT5A-B-C-D.txt	Urochordata_Ascidia_mentula	/rna/liha/phylogenomics_practice/TENT/TENT5/Blast/Results/Urochordata_Ascidia_mentula/Urochordata_TENT5A-B-C-D.txt
TENT5A_Homo_sapiens	XP_082848767.1	25.714	105	21	0.56	33.1	dynein axonemal heavy chain 8-like [Ascidia mentula]	Urochordata_TENT5A-B-C-D.txt	Urochordata_Ascidia_mentula	/rna/liha/phylogenomics_practice/TENT/TENT5/Blast/Results/Urochordata_Ascidia_mentula/Urochordata_TENT5A-B-C-D.txt
TENT5A_Homo_sapiens	XP_082849340.1	25.000	92	19	0.58	32.7	dynein regulatory complex subunit 3-like isoform X2 [Ascidia mentula]	Urochordata_TENT5A-B-C-D.txt	Urochordata_Ascidia_mentula	/rna/liha/phylogenomics_practice/TENT/TENT5/Blast/Results/Urochordata_Ascidia_mentula/Urochordata_TENT5A-B-C-D.txt
TENT5A_Homo_sapiens	XP_082849339.1	25.000	92	19	0.66	32.7	dynein regulatory complex subunit 3-like isoform X1 [Ascidia mentula]	Urochordata_TENT5A-B-C-D.txt	Urochordata_Ascidia_mentula	/rna/liha/phylogenomics_practice/TENT/TENT5/Blast/Results/Urochordata_Ascidia_mentula/Urochordata_TENT5A-B-C-D.txt
TENT5B_Homo_sapiens	XP_082838426.1	48.327	269	83	1.75e-71	238	terminal nucleotidyltransferase 5C-like [Ascidia mentula]	Urochordata_TENT5A-B-C-D.txt	Urochordata_Ascidia_mentula	/rna/liha/phylogenomics_practice/TENT/TENT5/Blast/Results/Urochordata_Ascidia_mentula/Urochordata_TENT5A-B-C-D.txt
TENT5B_Homo_sapiens	XP_082838426.1	40.496	121	83	1.54e-20	94.4	terminal nucleotidyltransferase 5C-like [Ascidia mentula]	Urochordata_TENT5A-B-C-D.txt	Urochordata_Ascidia_mentula	/rna/liha/phylogenomics_practice/TENT/TENT5/Blast/Results/Urochordata_Ascidia_mentula/Urochordata_TENT5A-B-C-D.txt
TENT5B_Homo_sapiens	XP_082858151.1	24.211	95	20	2.7	30.8	dnaJ homolog subfamily C member 13-like [Ascidia mentula]	Urochordata_TENT5A-B-C-D.txt	Urochordata_Ascidia_mentula	/rna/liha/phylogenomics_practice/TENT/TENT5/Blast/Results/Urochordata_Ascidia_mentula/Urochordata_TENT5A-B-C-D.txt
TENT5B_Homo_sapiens	XP_082854160.1	31.034	58	14	8.9	28.9	cAMP and cAMP-inhibited cGMP 3',5'-cyclic phosphodiesterase 10A-like [Ascidia mentula]	Urochordata_TENT5A-B-C-D.txt	Urochordata_Ascidia_mentula	/rna/liha/phylogenomics_practice/TENT/TENT5/Blast/Results/Urochordata_Ascidia_mentula/Urochordata_TENT5A-B-C-D.txt
TENT5C_Homo_sapiens	XP_082838426.1	45.048	313	96	9.66e-76	248	terminal nucleotidyltransferase 5C-like [Ascidia mentula]	Urochordata_TENT5A-B-C-D.txt	Urochordata_Ascidia_mentula	/rna/liha/phylogenomics_practice/TENT/TENT5/Blast/Results/Urochordata_Ascidia_mentula/Urochordata_TENT5A-B-C-D.txt
TENT5C_Homo_sapiens	XP_082838426.1	54.082	98	96	4.02e-22	98.6	terminal nucleotidyltransferase 5C-like [Ascidia mentula]	Urochordata_TENT5A-B-C-D.txt	Urochordata_Ascidia_mentula	/rna/liha/phylogenomics_practice/TENT/TENT5/Blast/Results/Urochordata_Ascidia_mentula/Urochordata_TENT5A-B-C-D.txt
TENT5C_Homo_sapiens	XP_082844942.1	35.897	39	9	4.4	30.0	cytoplasmic dynein 1 heavy chain 1-like isoform X2 [Ascidia mentula]	Urochordata_TENT5A-B-C-D.txt	Urochordata_Ascidia_mentula	/rna/liha/phylogenomics_practice/TENT/TENT5/Blast/Results/Urochordata_Ascidia_mentula/Urochordata_TENT5A-B-C-D.txt
TENT5C_Homo_sapiens	XP_082836618.1	32.787	61	16	4.9	29.3	uncharacterized protein LOC145889522 [Ascidia mentula]	Urochordata_TENT5A-B-C-D.txt	Urochordata_Ascidia_mentula	/rna/liha/phylogenomics_practice/TENT/TENT5/Blast/Results/Urochordata_Ascidia_mentula/Urochordata_TENT5A-B-C-D.txt
TENT5C_Homo_sapiens	XP_082852018.1	23.016	126	32	5.8	29.3	uncharacterized protein LOC145908588 [Ascidia mentula]	Urochordata_TENT5A-B-C-D.txt	Urochordata_Ascidia_mentula	/rna/liha/phylogenomics_practice/TENT/TENT5/Blast/Results/Urochordata_Ascidia_mentula/Urochordata_TENT5A-B-C-D.txt
TENT5C_Homo_sapiens	XP_082853000.1	37.037	54	14	6.3	29.3	uncharacterized protein LOC145909484 [Ascidia mentula]	Urochordata_TENT5A-B-C-D.txt	Urochordata_Ascidia_mentula	/rna/liha/phylogenomics_practice/TENT/TENT5/Blast/Results/Urochordata_Ascidia_mentula/Urochordata_TENT5A-B-C-D.txt
TENT5C_Homo_sapiens	XP_082851642.1	25.210	119	30	9.9	28.5	protein NLRC5-like [Ascidia mentula]	Urochordata_TENT5A-B-C-D.txt	Urochordata_Ascidia_mentula	/rna/liha/phylogenomics_practice/TENT/TENT5/Blast/Results/Urochordata_Ascidia_mentula/Urochordata_TENT5A-B-C-D.txt
TENT5D_Homo_sapiens	XP_082838426.1	46.816	267	85	2.90e-71	236	terminal nucleotidyltransferase 5C-like [Ascidia mentula]	Urochordata_TENT5A-B-C-D.txt	Urochordata_Ascidia_mentula	/rna/liha/phylogenomics_practice/TENT/TENT5/Blast/Results/Urochordata_Ascidia_mentula/Urochordata_TENT5A-B-C-D.txt
TENT5D_Homo_sapiens	XP_082838426.1	35.211	142	85	6.85e-19	88.6	terminal nucleotidyltransferase 5C-like [Ascidia mentula]	Urochordata_TENT5A-B-C-D.txt	Urochordata_Ascidia_mentula	/rna/liha/phylogenomics_practice/TENT/TENT5/Blast/Results/Urochordata_Ascidia_mentula/Urochordata_TENT5A-B-C-D.txt
TENT5D_Homo_sapiens	XP_082839432.1	38.095	42	11	4.5	29.6	multicopper oxidase mco-like [Ascidia mentula]	Urochordata_TENT5A-B-C-D.txt	Urochordata_Ascidia_mentula	/rna/liha/phylogenomics_practice/TENT/TENT5/Blast/Results/Urochordata_Ascidia_mentula/Urochordata_TENT5A-B-C-D.txt
TENT5D_Homo_sapiens	XP_082849742.1	25.455	55	14	10.0	28.5	transmembrane protein 64-like [Ascidia mentula]	Urochordata_TENT5A-B-C-D.txt	Urochordata_Ascidia_mentula	/rna/liha/phylogenomics_practice/TENT/TENT5/Blast/Results/Urochordata_Ascidia_mentula/Urochordata_TENT5A-B-C-D.txt
TENT5A_Homo_sapiens	XP_076819008.1	52.574	272	73	1.38e-85	276	uncharacterized protein LOC143464865 [Clavelina lepadiformis]	Urochordata_TENT5A-B-C-D.txt	Urochordata_Clavelina_lepadiformis	/rna/liha/phylogenomics_practice/TENT/TENT5/Blast/Results/Urochordata_Clavelina_lepadiformis/Urochordata_TENT5A-B-C-D.txt
TENT5A_Homo_sapiens	XP_076819008.1	54.762	84	73	4.43e-22	99.4	uncharacterized protein LOC143464865 [Clavelina lepadiformis]	Urochordata_TENT5A-B-C-D.txt	Urochordata_Clavelina_lepadiformis	/rna/liha/phylogenomics_practice/TENT/TENT5/Blast/Results/Urochordata_Clavelina_lepadiformis/Urochordata_TENT5A-B-C-D.txt
TENT5B_Homo_sapiens	XP_076819008.1	47.445	274	79	2.65e-74	246	uncharacterized protein LOC143464865 [Clavelina lepadiformis]	Urochordata_TENT5A-B-C-D.txt	Urochordata_Clavelina_lepadiformis	/rna/liha/phylogenomics_practice/TENT/TENT5/Blast/Results/Urochordata_Clavelina_lepadiformis/Urochordata_TENT5A-B-C-D.txt
TENT5B_Homo_sapiens	XP_076819008.1	46.237	93	79	1.25e-19	91.7	uncharacterized protein LOC143464865 [Clavelina lepadiformis]	Urochordata_TENT5A-B-C-D.txt	Urochordata_Clavelina_lepadiformis	/rna/liha/phylogenomics_practice/TENT/TENT5/Blast/Results/Urochordata_Clavelina_lepadiformis/Urochordata_TENT5A-B-C-D.txt
TENT5B_Homo_sapiens	XP_076808315.1	36.842	57	13	8.3	29.3	sodium channel protein type 5 subunit alpha-like isoform X6 [Clavelina lepadiformis]	Urochordata_TENT5A-B-C-D.txt	Urochordata_Clavelina_lepadiformis	/rna/liha/phylogenomics_practice/TENT/TENT5/Blast/Results/Urochordata_Clavelina_lepadiformis/Urochordata_TENT5A-B-C-D.txt
TENT5B_Homo_sapiens	XP_076808314.1	36.842	57	13	8.3	29.3	sodium channel protein type 9 subunit alpha-like isoform X5 [Clavelina lepadiformis]	Urochordata_TENT5A-B-C-D.txt	Urochordata_Clavelina_lepadiformis	/rna/liha/phylogenomics_practice/TENT/TENT5/Blast/Results/Urochordata_Clavelina_lepadiformis/Urochordata_TENT5A-B-C-D.txt
TENT5B_Homo_sapiens	XP_076806705.1	27.619	105	23	9.0	28.9	uncharacterized protein LOC143450154 [Clavelina lepadiformis]	Urochordata_TENT5A-B-C-D.txt	Urochordata_Clavelina_lepadiformis	/rna/liha/phylogenomics_practice/TENT/TENT5/Blast/Results/Urochordata_Clavelina_lepadiformis/Urochordata_TENT5A-B-C-D.txt
TENT5C_Homo_sapiens	XP_076819008.1	46.667	300	84	1.17e-81	264	uncharacterized protein LOC143464865 [Clavelina lepadiformis]	Urochordata_TENT5A-B-C-D.txt	Urochordata_Clavelina_lepadiformis	/rna/liha/phylogenomics_practice/TENT/TENT5/Blast/Results/Urochordata_Clavelina_lepadiformis/Urochordata_TENT5A-B-C-D.txt
TENT5C_Homo_sapiens	XP_076819008.1	57.303	89	84	1.70e-24	105	uncharacterized protein LOC143464865 [Clavelina lepadiformis]	Urochordata_TENT5A-B-C-D.txt	Urochordata_Clavelina_lepadiformis	/rna/liha/phylogenomics_practice/TENT/TENT5/Blast/Results/Urochordata_Clavelina_lepadiformis/Urochordata_TENT5A-B-C-D.txt
TENT5C_Homo_sapiens	XP_076818065.1	31.250	48	12	2.0	30.8	RNA polymerase II elongation factor ELL-like [Clavelina lepadiformis]	Urochordata_TENT5A-B-C-D.txt	Urochordata_Clavelina_lepadiformis	/rna/liha/phylogenomics_practice/TENT/TENT5/Blast/Results/Urochordata_Clavelina_lepadiformis/Urochordata_TENT5A-B-C-D.txt
TENT5D_Homo_sapiens	XP_076819008.1	48.708	271	84	9.50e-79	256	uncharacterized protein LOC143464865 [Clavelina lepadiformis]	Urochordata_TENT5A-B-C-D.txt	Urochordata_Clavelina_lepadiformis	/rna/liha/phylogenomics_practice/TENT/TENT5/Blast/Results/Urochordata_Clavelina_lepadiformis/Urochordata_TENT5A-B-C-D.txt
TENT5D_Homo_sapiens	XP_076819008.1	43.182	88	84	3.52e-19	89.7	uncharacterized protein LOC143464865 [Clavelina lepadiformis]	Urochordata_TENT5A-B-C-D.txt	Urochordata_Clavelina_lepadiformis	/rna/liha/phylogenomics_practice/TENT/TENT5/Blast/Results/Urochordata_Clavelina_lepadiformis/Urochordata_TENT5A-B-C-D.txt
TENT5D_Homo_sapiens	XP_076820004.1	31.148	61	15	2.1	30.8	gamma-butyrobetaine dioxygenase-like isoform X1 [Clavelina lepadiformis]	Urochordata_TENT5A-B-C-D.txt	Urochordata_Clavelina_lepadiformis	/rna/liha/phylogenomics_practice/TENT/TENT5/Blast/Results/Urochordata_Clavelina_lepadiformis/Urochordata_TENT5A-B-C-D.txt
TENT5D_Homo_sapiens	XP_076820006.1	31.148	61	15	2.2	30.8	gamma-butyrobetaine dioxygenase-like isoform X3 [Clavelina lepadiformis]	Urochordata_TENT5A-B-C-D.txt	Urochordata_Clavelina_lepadiformis	/rna/liha/phylogenomics_practice/TENT/TENT5/Blast/Results/Urochordata_Clavelina_lepadiformis/Urochordata_TENT5A-B-C-D.txt
TENT5D_Homo_sapiens	XP_076820005.1	31.148	61	15	2.2	30.8	gamma-butyrobetaine dioxygenase-like isoform X2 [Clavelina lepadiformis]	Urochordata_TENT5A-B-C-D.txt	Urochordata_Clavelina_lepadiformis	/rna/liha/phylogenomics_practice/TENT/TENT5/Blast/Results/Urochordata_Clavelina_lepadiformis/Urochordata_TENT5A-B-C-D.txt
TENT5D_Homo_sapiens	XP_076804609.1	31.343	67	17	7.6	28.9	uncharacterized protein LOC143448666 [Clavelina lepadiformis]	Urochordata_TENT5A-B-C-D.txt	Urochordata_Clavelina_lepadiformis	/rna/liha/phylogenomics_practice/TENT/TENT5/Blast/Results/Urochordata_Clavelina_lepadiformis/Urochordata_TENT5A-B-C-D.txt
TENT5D_Homo_sapiens	XP_076816970.1	31.343	67	17	8.0	28.9	uncharacterized protein LOC143462597 [Clavelina lepadiformis]	Urochordata_TENT5A-B-C-D.txt	Urochordata_Clavelina_lepadiformis	/rna/liha/phylogenomics_practice/TENT/TENT5/Blast/Results/Urochordata_Clavelina_lepadiformis/Urochordata_TENT5A-B-C-D.txt
TENT5D_Homo_sapiens	XP_076817101.1	27.273	88	22	8.3	28.1	MRG/MORF4L-binding protein-like [Clavelina lepadiformis]	Urochordata_TENT5A-B-C-D.txt	Urochordata_Clavelina_lepadiformis	/rna/liha/phylogenomics_practice/TENT/TENT5/Blast/Results/Urochordata_Clavelina_lepadiformis/Urochordata_TENT5A-B-C-D.txt
TENT5A_Homo_sapiens	YP_009114976.1	24.074	54	22	0.024	25.0	ATP synthase F0 subunit 6 [Didemnum vexillum]	Urochordata_TENT5A-B-C-D.txt	Urochordata_Didemnum_vexillum	/rna/liha/phylogenomics_practice/TENT/TENT5/Blast/Results/Urochordata_Didemnum_vexillum/Urochordata_TENT5A-B-C-D.txt
TENT5A_Homo_sapiens	YP_009114976.1	36.842	19	22	3.0	18.5	ATP synthase F0 subunit 6 [Didemnum vexillum]	Urochordata_TENT5A-B-C-D.txt	Urochordata_Didemnum_vexillum	/rna/liha/phylogenomics_practice/TENT/TENT5/Blast/Results/Urochordata_Didemnum_vexillum/Urochordata_TENT5A-B-C-D.txt
TENT5A_Homo_sapiens	YP_009114976.1	28.261	46	22	3.4	18.1	ATP synthase F0 subunit 6 [Didemnum vexillum]	Urochordata_TENT5A-B-C-D.txt	Urochordata_Didemnum_vexillum	/rna/liha/phylogenomics_practice/TENT/TENT5/Blast/Results/Urochordata_Didemnum_vexillum/Urochordata_TENT5A-B-C-D.txt
TENT5A_Homo_sapiens	YP_009114973.1	36.364	22	5	3.1	18.5	NADH dehydrogenase subunit 2 [Didemnum vexillum]	Urochordata_TENT5A-B-C-D.txt	Urochordata_Didemnum_vexillum	/rna/liha/phylogenomics_practice/TENT/TENT5/Blast/Results/Urochordata_Didemnum_vexillum/Urochordata_TENT5A-B-C-D.txt
TENT5B_Homo_sapiens	YP_009114977.1	19.444	36	8	3.1	18.5	cytochrome c oxidase subunit II [Didemnum vexillum]	Urochordata_TENT5A-B-C-D.txt	Urochordata_Didemnum_vexillum	/rna/liha/phylogenomics_practice/TENT/TENT5/Blast/Results/Urochordata_Didemnum_vexillum/Urochordata_TENT5A-B-C-D.txt
TENT5B_Homo_sapiens	YP_009114975.1	31.250	32	6	5.0	17.7	cytochrome b [Didemnum vexillum]	Urochordata_TENT5A-B-C-D.txt	Urochordata_Didemnum_vexillum	/rna/liha/phylogenomics_practice/TENT/TENT5/Blast/Results/Urochordata_Didemnum_vexillum/Urochordata_TENT5A-B-C-D.txt
TENT5C_Homo_sapiens	YP_009114976.1	21.333	75	25	1.8	18.9	ATP synthase F0 subunit 6 [Didemnum vexillum]	Urochordata_TENT5A-B-C-D.txt	Urochordata_Didemnum_vexillum	/rna/liha/phylogenomics_practice/TENT/TENT5/Blast/Results/Urochordata_Didemnum_vexillum/Urochordata_TENT5A-B-C-D.txt
TENT5C_Homo_sapiens	YP_009114976.1	31.579	19	25	3.7	18.1	ATP synthase F0 subunit 6 [Didemnum vexillum]	Urochordata_TENT5A-B-C-D.txt	Urochordata_Didemnum_vexillum	/rna/liha/phylogenomics_practice/TENT/TENT5/Blast/Results/Urochordata_Didemnum_vexillum/Urochordata_TENT5A-B-C-D.txt
TENT5C_Homo_sapiens	YP_009114976.1	28.000	25	25	8.4	16.9	ATP synthase F0 subunit 6 [Didemnum vexillum]	Urochordata_TENT5A-B-C-D.txt	Urochordata_Didemnum_vexillum	/rna/liha/phylogenomics_practice/TENT/TENT5/Blast/Results/Urochordata_Didemnum_vexillum/Urochordata_TENT5A-B-C-D.txt
TENT5C_Homo_sapiens	YP_009114974.1	29.167	24	6	2.9	18.5	NADH dehydrogenase subunit 5 [Didemnum vexillum]	Urochordata_TENT5A-B-C-D.txt	Urochordata_Didemnum_vexillum	/rna/liha/phylogenomics_practice/TENT/TENT5/Blast/Results/Urochordata_Didemnum_vexillum/Urochordata_TENT5A-B-C-D.txt
TENT5C_Homo_sapiens	YP_009114973.1	24.359	78	18	2.9	18.5	NADH dehydrogenase subunit 2 [Didemnum vexillum]	Urochordata_TENT5A-B-C-D.txt	Urochordata_Didemnum_vexillum	/rna/liha/phylogenomics_practice/TENT/TENT5/Blast/Results/Urochordata_Didemnum_vexillum/Urochordata_TENT5A-B-C-D.txt
TENT5C_Homo_sapiens	YP_009114977.1	25.806	62	15	4.0	18.1	cytochrome c oxidase subunit II [Didemnum vexillum]	Urochordata_TENT5A-B-C-D.txt	Urochordata_Didemnum_vexillum	/rna/liha/phylogenomics_practice/TENT/TENT5/Blast/Results/Urochordata_Didemnum_vexillum/Urochordata_TENT5A-B-C-D.txt
TENT5C_Homo_sapiens	YP_009114971.1	40.000	15	4	4.8	17.3	NADH dehydrogenase subunit 4L [Didemnum vexillum]	Urochordata_TENT5A-B-C-D.txt	Urochordata_Didemnum_vexillum	/rna/liha/phylogenomics_practice/TENT/TENT5/Blast/Results/Urochordata_Didemnum_vexillum/Urochordata_TENT5A-B-C-D.txt
TENT5D_Homo_sapiens	YP_009114974.1	36.842	19	5	1.8	19.2	NADH dehydrogenase subunit 5 [Didemnum vexillum]	Urochordata_TENT5A-B-C-D.txt	Urochordata_Didemnum_vexillum	/rna/liha/phylogenomics_practice/TENT/TENT5/Blast/Results/Urochordata_Didemnum_vexillum/Urochordata_TENT5A-B-C-D.txt
TENT5D_Homo_sapiens	YP_009114977.1	29.412	34	15	3.9	18.1	cytochrome c oxidase subunit II [Didemnum vexillum]	Urochordata_TENT5A-B-C-D.txt	Urochordata_Didemnum_vexillum	/rna/liha/phylogenomics_practice/TENT/TENT5/Blast/Results/Urochordata_Didemnum_vexillum/Urochordata_TENT5A-B-C-D.txt
TENT5D_Homo_sapiens	YP_009114977.1	30.556	36	15	9.6	16.5	cytochrome c oxidase subunit II [Didemnum vexillum]	Urochordata_TENT5A-B-C-D.txt	Urochordata_Didemnum_vexillum	/rna/liha/phylogenomics_practice/TENT/TENT5/Blast/Results/Urochordata_Didemnum_vexillum/Urochordata_TENT5A-B-C-D.txt
TENT5D_Homo_sapiens	YP_009114971.1	60.000	10	3	5.5	16.9	NADH dehydrogenase subunit 4L [Didemnum vexillum]	Urochordata_TENT5A-B-C-D.txt	Urochordata_Didemnum_vexillum	/rna/liha/phylogenomics_practice/TENT/TENT5/Blast/Results/Urochordata_Didemnum_vexillum/Urochordata_TENT5A-B-C-D.txt
TENT5D_Homo_sapiens	YP_009114979.1	24.561	57	15	5.9	17.3	NADH dehydrogenase subunit 4 [Didemnum vexillum]	Urochordata_TENT5A-B-C-D.txt	Urochordata_Didemnum_vexillum	/rna/liha/phylogenomics_practice/TENT/TENT5/Blast/Results/Urochordata_Didemnum_vexillum/Urochordata_TENT5A-B-C-D.txt
TENT5D_Homo_sapiens	YP_009114980.1	50.000	12	3	6.0	17.3	cytochrome c oxidase subunit I [Didemnum vexillum]	Urochordata_TENT5A-B-C-D.txt	Urochordata_Didemnum_vexillum	/rna/liha/phylogenomics_practice/TENT/TENT5/Blast/Results/Urochordata_Didemnum_vexillum/Urochordata_TENT5A-B-C-D.txt
TENT5A_Homo_sapiens	XP_082454942.1	52.518	278	76	1.16e-88	283	terminal nucleotidyltransferase 5B-like [Aplidium turbinatum]	Urochordata_TENT5A-B-C-D.txt	Urochordata_Aplidium_turbinatum	/rna/liha/phylogenomics_practice/TENT/TENT5/Blast/Results/Urochordata_Aplidium_turbinatum/Urochordata_TENT5A-B-C-D.txt
TENT5A_Homo_sapiens	XP_082454942.1	54.762	84	76	2.51e-21	96.7	terminal nucleotidyltransferase 5B-like [Aplidium turbinatum]	Urochordata_TENT5A-B-C-D.txt	Urochordata_Aplidium_turbinatum	/rna/liha/phylogenomics_practice/TENT/TENT5/Blast/Results/Urochordata_Aplidium_turbinatum/Urochordata_TENT5A-B-C-D.txt
TENT5A_Homo_sapiens	XP_082444555.1	54.511	266	74	8.93e-87	279	uncharacterized protein LOC145777132 [Aplidium turbinatum]	Urochordata_TENT5A-B-C-D.txt	Urochordata_Aplidium_turbinatum	/rna/liha/phylogenomics_practice/TENT/TENT5/Blast/Results/Urochordata_Aplidium_turbinatum/Urochordata_TENT5A-B-C-D.txt
TENT5A_Homo_sapiens	XP_082444555.1	51.111	90	74	4.67e-22	99.0	uncharacterized protein LOC145777132 [Aplidium turbinatum]	Urochordata_TENT5A-B-C-D.txt	Urochordata_Aplidium_turbinatum	/rna/liha/phylogenomics_practice/TENT/TENT5/Blast/Results/Urochordata_Aplidium_turbinatum/Urochordata_TENT5A-B-C-D.txt
TENT5B_Homo_sapiens	XP_082454942.1	50.719	278	80	9.87e-82	265	terminal nucleotidyltransferase 5B-like [Aplidium turbinatum]	Urochordata_TENT5A-B-C-D.txt	Urochordata_Aplidium_turbinatum	/rna/liha/phylogenomics_practice/TENT/TENT5/Blast/Results/Urochordata_Aplidium_turbinatum/Urochordata_TENT5A-B-C-D.txt
TENT5B_Homo_sapiens	XP_082454942.1	45.556	90	80	1.08e-17	85.5	terminal nucleotidyltransferase 5B-like [Aplidium turbinatum]	Urochordata_TENT5A-B-C-D.txt	Urochordata_Aplidium_turbinatum	/rna/liha/phylogenomics_practice/TENT/TENT5/Blast/Results/Urochordata_Aplidium_turbinatum/Urochordata_TENT5A-B-C-D.txt
TENT5B_Homo_sapiens	XP_082444555.1	50.186	269	78	1.68e-77	254	uncharacterized protein LOC145777132 [Aplidium turbinatum]	Urochordata_TENT5A-B-C-D.txt	Urochordata_Aplidium_turbinatum	/rna/liha/phylogenomics_practice/TENT/TENT5/Blast/Results/Urochordata_Aplidium_turbinatum/Urochordata_TENT5A-B-C-D.txt
TENT5B_Homo_sapiens	XP_082444555.1	44.660	103	78	2.99e-19	90.1	uncharacterized protein LOC145777132 [Aplidium turbinatum]	Urochordata_TENT5A-B-C-D.txt	Urochordata_Aplidium_turbinatum	/rna/liha/phylogenomics_practice/TENT/TENT5/Blast/Results/Urochordata_Aplidium_turbinatum/Urochordata_TENT5A-B-C-D.txt
TENT5B_Homo_sapiens	XP_082437747.1	29.897	97	19	0.044	36.2	uncharacterized protein LOC145770035 [Aplidium turbinatum]	Urochordata_TENT5A-B-C-D.txt	Urochordata_Aplidium_turbinatum	/rna/liha/phylogenomics_practice/TENT/TENT5/Blast/Results/Urochordata_Aplidium_turbinatum/Urochordata_TENT5A-B-C-D.txt
TENT5B_Homo_sapiens	XP_082448060.1	27.451	51	12	0.17	33.1	general transcription factor II-I repeat domain-containing protein 2A-like [Aplidium turbinatum]	Urochordata_TENT5A-B-C-D.txt	Urochordata_Aplidium_turbinatum	/rna/liha/phylogenomics_practice/TENT/TENT5/Blast/Results/Urochordata_Aplidium_turbinatum/Urochordata_TENT5A-B-C-D.txt
TENT5B_Homo_sapiens	XP_082442447.1	28.571	63	14	3.1	30.4	ryanodine receptor 2-like [Aplidium turbinatum]	Urochordata_TENT5A-B-C-D.txt	Urochordata_Aplidium_turbinatum	/rna/liha/phylogenomics_practice/TENT/TENT5/Blast/Results/Urochordata_Aplidium_turbinatum/Urochordata_TENT5A-B-C-D.txt
TENT5B_Homo_sapiens	XP_082443094.1	30.189	53	12	3.2	30.0	uncharacterized protein LOC145775642 [Aplidium turbinatum]	Urochordata_TENT5A-B-C-D.txt	Urochordata_Aplidium_turbinatum	/rna/liha/phylogenomics_practice/TENT/TENT5/Blast/Results/Urochordata_Aplidium_turbinatum/Urochordata_TENT5A-B-C-D.txt
TENT5B_Homo_sapiens	XP_082432759.1	30.189	53	12	7.0	28.9	uncharacterized protein LOC145764929 [Aplidium turbinatum]	Urochordata_TENT5A-B-C-D.txt	Urochordata_Aplidium_turbinatum	/rna/liha/phylogenomics_practice/TENT/TENT5/Blast/Results/Urochordata_Aplidium_turbinatum/Urochordata_TENT5A-B-C-D.txt
TENT5B_Homo_sapiens	XP_082445925.1	27.941	68	15	7.1	29.3	uncharacterized protein LOC145778331 [Aplidium turbinatum]	Urochordata_TENT5A-B-C-D.txt	Urochordata_Aplidium_turbinatum	/rna/liha/phylogenomics_practice/TENT/TENT5/Blast/Results/Urochordata_Aplidium_turbinatum/Urochordata_TENT5A-B-C-D.txt
TENT5B_Homo_sapiens	XP_082432760.1	30.612	49	12	8.0	28.9	uncharacterized protein LOC145764930 [Aplidium turbinatum]	Urochordata_TENT5A-B-C-D.txt	Urochordata_Aplidium_turbinatum	/rna/liha/phylogenomics_practice/TENT/TENT5/Blast/Results/Urochordata_Aplidium_turbinatum/Urochordata_TENT5A-B-C-D.txt
TENT5C_Homo_sapiens	XP_082454942.1	52.878	278	86	2.87e-87	278	terminal nucleotidyltransferase 5B-like [Aplidium turbinatum]	Urochordata_TENT5A-B-C-D.txt	Urochordata_Aplidium_turbinatum	/rna/liha/phylogenomics_practice/TENT/TENT5/Blast/Results/Urochordata_Aplidium_turbinatum/Urochordata_TENT5A-B-C-D.txt
TENT5C_Homo_sapiens	XP_082454942.1	53.846	91	86	7.63e-23	100	terminal nucleotidyltransferase 5B-like [Aplidium turbinatum]	Urochordata_TENT5A-B-C-D.txt	Urochordata_Aplidium_turbinatum	/rna/liha/phylogenomics_practice/TENT/TENT5/Blast/Results/Urochordata_Aplidium_turbinatum/Urochordata_TENT5A-B-C-D.txt
TENT5C_Homo_sapiens	XP_082444555.1	50.741	270	84	2.78e-82	265	uncharacterized protein LOC145777132 [Aplidium turbinatum]	Urochordata_TENT5A-B-C-D.txt	Urochordata_Aplidium_turbinatum	/rna/liha/phylogenomics_practice/TENT/TENT5/Blast/Results/Urochordata_Aplidium_turbinatum/Urochordata_TENT5A-B-C-D.txt
TENT5C_Homo_sapiens	XP_082444555.1	51.087	92	84	7.02e-21	94.7	uncharacterized protein LOC145777132 [Aplidium turbinatum]	Urochordata_TENT5A-B-C-D.txt	Urochordata_Aplidium_turbinatum	/rna/liha/phylogenomics_practice/TENT/TENT5/Blast/Results/Urochordata_Aplidium_turbinatum/Urochordata_TENT5A-B-C-D.txt
TENT5C_Homo_sapiens	XP_082439748.1	38.636	44	11	0.36	33.1	mediator of RNA polymerase II transcription subunit 14-like [Aplidium turbinatum]	Urochordata_TENT5A-B-C-D.txt	Urochordata_Aplidium_turbinatum	/rna/liha/phylogenomics_practice/TENT/TENT5/Blast/Results/Urochordata_Aplidium_turbinatum/Urochordata_TENT5A-B-C-D.txt
TENT5C_Homo_sapiens	XP_082434202.1	24.468	188	45	2.3	30.4	FHF complex subunit HOOK interacting protein 2A-like [Aplidium turbinatum]	Urochordata_TENT5A-B-C-D.txt	Urochordata_Aplidium_turbinatum	/rna/liha/phylogenomics_practice/TENT/TENT5/Blast/Results/Urochordata_Aplidium_turbinatum/Urochordata_TENT5A-B-C-D.txt
TENT5C_Homo_sapiens	XP_082440991.1	68.421	19	4	8.3	28.9	uncharacterized protein LOC145773730 [Aplidium turbinatum]	Urochordata_TENT5A-B-C-D.txt	Urochordata_Aplidium_turbinatum	/rna/liha/phylogenomics_practice/TENT/TENT5/Blast/Results/Urochordata_Aplidium_turbinatum/Urochordata_TENT5A-B-C-D.txt
TENT5C_Homo_sapiens	XP_082456181.1	31.343	67	14	9.7	28.5	uncharacterized protein LOC145788273 [Aplidium turbinatum]	Urochordata_TENT5A-B-C-D.txt	Urochordata_Aplidium_turbinatum	/rna/liha/phylogenomics_practice/TENT/TENT5/Blast/Results/Urochordata_Aplidium_turbinatum/Urochordata_TENT5A-B-C-D.txt
TENT5D_Homo_sapiens	XP_082454942.1	49.123	285	85	1.97e-84	271	terminal nucleotidyltransferase 5B-like [Aplidium turbinatum]	Urochordata_TENT5A-B-C-D.txt	Urochordata_Aplidium_turbinatum	/rna/liha/phylogenomics_practice/TENT/TENT5/Blast/Results/Urochordata_Aplidium_turbinatum/Urochordata_TENT5A-B-C-D.txt
TENT5D_Homo_sapiens	XP_082454942.1	41.304	92	85	5.96e-20	91.7	terminal nucleotidyltransferase 5B-like [Aplidium turbinatum]	Urochordata_TENT5A-B-C-D.txt	Urochordata_Aplidium_turbinatum	/rna/liha/phylogenomics_practice/TENT/TENT5/Blast/Results/Urochordata_Aplidium_turbinatum/Urochordata_TENT5A-B-C-D.txt
TENT5D_Homo_sapiens	XP_082444555.1	49.621	264	85	2.56e-81	263	uncharacterized protein LOC145777132 [Aplidium turbinatum]	Urochordata_TENT5A-B-C-D.txt	Urochordata_Aplidium_turbinatum	/rna/liha/phylogenomics_practice/TENT/TENT5/Blast/Results/Urochordata_Aplidium_turbinatum/Urochordata_TENT5A-B-C-D.txt
TENT5D_Homo_sapiens	XP_082444555.1	38.710	93	85	1.88e-17	84.3	uncharacterized protein LOC145777132 [Aplidium turbinatum]	Urochordata_TENT5A-B-C-D.txt	Urochordata_Aplidium_turbinatum	/rna/liha/phylogenomics_practice/TENT/TENT5/Blast/Results/Urochordata_Aplidium_turbinatum/Urochordata_TENT5A-B-C-D.txt
TENT5D_Homo_sapiens	XP_082441876.1	25.833	120	30	0.051	35.8	uncharacterized protein LOC145774492 [Aplidium turbinatum]	Urochordata_TENT5A-B-C-D.txt	Urochordata_Aplidium_turbinatum	/rna/liha/phylogenomics_practice/TENT/TENT5/Blast/Results/Urochordata_Aplidium_turbinatum/Urochordata_TENT5A-B-C-D.txt
TENT5D_Homo_sapiens	XP_082454559.1	24.779	113	29	0.71	32.0	small ribosomal subunit protein mS35-like isoform X2 [Aplidium turbinatum]	Urochordata_TENT5A-B-C-D.txt	Urochordata_Aplidium_turbinatum	/rna/liha/phylogenomics_practice/TENT/TENT5/Blast/Results/Urochordata_Aplidium_turbinatum/Urochordata_TENT5A-B-C-D.txt
TENT5D_Homo_sapiens	XP_082454558.1	24.779	113	29	0.74	32.0	small ribosomal subunit protein mS35-like isoform X1 [Aplidium turbinatum]	Urochordata_TENT5A-B-C-D.txt	Urochordata_Aplidium_turbinatum	/rna/liha/phylogenomics_practice/TENT/TENT5/Blast/Results/Urochordata_Aplidium_turbinatum/Urochordata_TENT5A-B-C-D.txt
TENT5D_Homo_sapiens	XP_082440420.1	32.308	65	17	5.3	29.3	calcium-activated chloride channel regulator 3A-1-like [Aplidium turbinatum]	Urochordata_TENT5A-B-C-D.txt	Urochordata_Aplidium_turbinatum	/rna/liha/phylogenomics_practice/TENT/TENT5/Blast/Results/Urochordata_Aplidium_turbinatum/Urochordata_TENT5A-B-C-D.txt
TENT5A_Homo_sapiens	XP_078495208.1	49.839	311	85	2.30e-89	285	uncharacterized protein LOC144750044 [Ciona intestinalis]	Urochordata_TENT5A-B-C-D.txt	Urochordata_Ciona_intestinalis	/rna/liha/phylogenomics_practice/TENT/TENT5/Blast/Results/Urochordata_Ciona_intestinalis/Urochordata_TENT5A-B-C-D.txt
TENT5A_Homo_sapiens	XP_078495208.1	50.602	83	85	4.70e-19	89.7	uncharacterized protein LOC144750044 [Ciona intestinalis]	Urochordata_TENT5A-B-C-D.txt	Urochordata_Ciona_intestinalis	/rna/liha/phylogenomics_practice/TENT/TENT5/Blast/Results/Urochordata_Ciona_intestinalis/Urochordata_TENT5A-B-C-D.txt
TENT5A_Homo_sapiens	XP_018670981.2	50.161	311	85	4.85e-83	268	uncharacterized protein LOC100185204 [Ciona intestinalis]	Urochordata_TENT5A-B-C-D.txt	Urochordata_Ciona_intestinalis	/rna/liha/phylogenomics_practice/TENT/TENT5/Blast/Results/Urochordata_Ciona_intestinalis/Urochordata_TENT5A-B-C-D.txt
TENT5A_Homo_sapiens	XP_018670981.2	51.807	83	85	1.57e-19	90.9	uncharacterized protein LOC100185204 [Ciona intestinalis]	Urochordata_TENT5A-B-C-D.txt	Urochordata_Ciona_intestinalis	/rna/liha/phylogenomics_practice/TENT/TENT5/Blast/Results/Urochordata_Ciona_intestinalis/Urochordata_TENT5A-B-C-D.txt
TENT5B_Homo_sapiens	XP_078495208.1	51.711	263	77	4.28e-83	268	uncharacterized protein LOC144750044 [Ciona intestinalis]	Urochordata_TENT5A-B-C-D.txt	Urochordata_Ciona_intestinalis	/rna/liha/phylogenomics_practice/TENT/TENT5/Blast/Results/Urochordata_Ciona_intestinalis/Urochordata_TENT5A-B-C-D.txt
TENT5B_Homo_sapiens	XP_078495208.1	47.561	82	77	7.30e-17	82.8	uncharacterized protein LOC144750044 [Ciona intestinalis]	Urochordata_TENT5A-B-C-D.txt	Urochordata_Ciona_intestinalis	/rna/liha/phylogenomics_practice/TENT/TENT5/Blast/Results/Urochordata_Ciona_intestinalis/Urochordata_TENT5A-B-C-D.txt
TENT5B_Homo_sapiens	XP_018670981.2	52.091	263	77	5.18e-78	254	uncharacterized protein LOC100185204 [Ciona intestinalis]	Urochordata_TENT5A-B-C-D.txt	Urochordata_Ciona_intestinalis	/rna/liha/phylogenomics_practice/TENT/TENT5/Blast/Results/Urochordata_Ciona_intestinalis/Urochordata_TENT5A-B-C-D.txt
TENT5B_Homo_sapiens	XP_018670981.2	47.561	82	77	7.23e-17	82.8	uncharacterized protein LOC100185204 [Ciona intestinalis]	Urochordata_TENT5A-B-C-D.txt	Urochordata_Ciona_intestinalis	/rna/liha/phylogenomics_practice/TENT/TENT5/Blast/Results/Urochordata_Ciona_intestinalis/Urochordata_TENT5A-B-C-D.txt
TENT5B_Homo_sapiens	XP_078484955.1	39.474	38	8	0.55	32.3	uncharacterized protein LOC100177078 [Ciona intestinalis]	Urochordata_TENT5A-B-C-D.txt	Urochordata_Ciona_intestinalis	/rna/liha/phylogenomics_practice/TENT/TENT5/Blast/Results/Urochordata_Ciona_intestinalis/Urochordata_TENT5A-B-C-D.txt
TENT5B_Homo_sapiens	XP_078490660.1	25.882	85	17	2.3	30.0	homer protein homolog 2 [Ciona intestinalis]	Urochordata_TENT5A-B-C-D.txt	Urochordata_Ciona_intestinalis	/rna/liha/phylogenomics_practice/TENT/TENT5/Blast/Results/Urochordata_Ciona_intestinalis/Urochordata_TENT5A-B-C-D.txt
TENT5B_Homo_sapiens	XP_078487161.1	33.333	63	13	3.0	30.0	unconventional myosin-Id isoform X1 [Ciona intestinalis]	Urochordata_TENT5A-B-C-D.txt	Urochordata_Ciona_intestinalis	/rna/liha/phylogenomics_practice/TENT/TENT5/Blast/Results/Urochordata_Ciona_intestinalis/Urochordata_TENT5A-B-C-D.txt
TENT5B_Homo_sapiens	XP_078487162.1	33.333	63	13	3.4	30.0	unconventional myosin-Id isoform X2 [Ciona intestinalis]	Urochordata_TENT5A-B-C-D.txt	Urochordata_Ciona_intestinalis	/rna/liha/phylogenomics_practice/TENT/TENT5/Blast/Results/Urochordata_Ciona_intestinalis/Urochordata_TENT5A-B-C-D.txt
TENT5C_Homo_sapiens	XP_078495208.1	48.039	306	96	6.93e-84	269	uncharacterized protein LOC144750044 [Ciona intestinalis]	Urochordata_TENT5A-B-C-D.txt	Urochordata_Ciona_intestinalis	/rna/liha/phylogenomics_practice/TENT/TENT5/Blast/Results/Urochordata_Ciona_intestinalis/Urochordata_TENT5A-B-C-D.txt
TENT5C_Homo_sapiens	XP_078495208.1	54.023	87	96	6.91e-21	94.4	uncharacterized protein LOC144750044 [Ciona intestinalis]	Urochordata_TENT5A-B-C-D.txt	Urochordata_Ciona_intestinalis	/rna/liha/phylogenomics_practice/TENT/TENT5/Blast/Results/Urochordata_Ciona_intestinalis/Urochordata_TENT5A-B-C-D.txt
TENT5C_Homo_sapiens	XP_018670981.2	53.101	258	84	3.92e-79	256	uncharacterized protein LOC100185204 [Ciona intestinalis]	Urochordata_TENT5A-B-C-D.txt	Urochordata_Ciona_intestinalis	/rna/liha/phylogenomics_practice/TENT/TENT5/Blast/Results/Urochordata_Ciona_intestinalis/Urochordata_TENT5A-B-C-D.txt
TENT5C_Homo_sapiens	XP_018670981.2	54.023	87	84	4.18e-21	95.1	uncharacterized protein LOC100185204 [Ciona intestinalis]	Urochordata_TENT5A-B-C-D.txt	Urochordata_Ciona_intestinalis	/rna/liha/phylogenomics_practice/TENT/TENT5/Blast/Results/Urochordata_Ciona_intestinalis/Urochordata_TENT5A-B-C-D.txt
TENT5C_Homo_sapiens	XP_078482186.1	30.986	71	16	0.56	32.0	prostaglandin reductase-3 [Ciona intestinalis]	Urochordata_TENT5A-B-C-D.txt	Urochordata_Ciona_intestinalis	/rna/liha/phylogenomics_practice/TENT/TENT5/Blast/Results/Urochordata_Ciona_intestinalis/Urochordata_TENT5A-B-C-D.txt
TENT5C_Homo_sapiens	XP_078484599.1	27.500	80	19	3.2	29.6	uncharacterized protein zf(c2h2)-89 [Ciona intestinalis]	Urochordata_TENT5A-B-C-D.txt	Urochordata_Ciona_intestinalis	/rna/liha/phylogenomics_practice/TENT/TENT5/Blast/Results/Urochordata_Ciona_intestinalis/Urochordata_TENT5A-B-C-D.txt
TENT5C_Homo_sapiens	XP_078489872.1	26.984	63	16	3.8	29.6	uncharacterized protein LOC100181169 [Ciona intestinalis]	Urochordata_TENT5A-B-C-D.txt	Urochordata_Ciona_intestinalis	/rna/liha/phylogenomics_practice/TENT/TENT5/Blast/Results/Urochordata_Ciona_intestinalis/Urochordata_TENT5A-B-C-D.txt
TENT5C_Homo_sapiens	XP_078485959.1	29.752	121	27	4.1	29.3	proteasomal ATPase-associated factor 1-like isoform X3 [Ciona intestinalis]	Urochordata_TENT5A-B-C-D.txt	Urochordata_Ciona_intestinalis	/rna/liha/phylogenomics_practice/TENT/TENT5/Blast/Results/Urochordata_Ciona_intestinalis/Urochordata_TENT5A-B-C-D.txt
TENT5C_Homo_sapiens	XP_078486770.1	30.508	59	15	5.2	28.9	uncharacterized protein LOC100177314 [Ciona intestinalis]	Urochordata_TENT5A-B-C-D.txt	Urochordata_Ciona_intestinalis	/rna/liha/phylogenomics_practice/TENT/TENT5/Blast/Results/Urochordata_Ciona_intestinalis/Urochordata_TENT5A-B-C-D.txt
TENT5C_Homo_sapiens	XP_078484148.1	28.000	75	19	9.8	28.1	galectin-8-like [Ciona intestinalis]	Urochordata_TENT5A-B-C-D.txt	Urochordata_Ciona_intestinalis	/rna/liha/phylogenomics_practice/TENT/TENT5/Blast/Results/Urochordata_Ciona_intestinalis/Urochordata_TENT5A-B-C-D.txt
TENT5D_Homo_sapiens	XP_078495208.1	50.588	255	85	1.26e-80	260	uncharacterized protein LOC144750044 [Ciona intestinalis]	Urochordata_TENT5A-B-C-D.txt	Urochordata_Ciona_intestinalis	/rna/liha/phylogenomics_practice/TENT/TENT5/Blast/Results/Urochordata_Ciona_intestinalis/Urochordata_TENT5A-B-C-D.txt
TENT5D_Homo_sapiens	XP_078495208.1	40.659	91	85	1.23e-17	84.3	uncharacterized protein LOC144750044 [Ciona intestinalis]	Urochordata_TENT5A-B-C-D.txt	Urochordata_Ciona_intestinalis	/rna/liha/phylogenomics_practice/TENT/TENT5/Blast/Results/Urochordata_Ciona_intestinalis/Urochordata_TENT5A-B-C-D.txt
TENT5D_Homo_sapiens	XP_018670981.2	51.765	255	85	3.00e-75	246	uncharacterized protein LOC100185204 [Ciona intestinalis]	Urochordata_TENT5A-B-C-D.txt	Urochordata_Ciona_intestinalis	/rna/liha/phylogenomics_practice/TENT/TENT5/Blast/Results/Urochordata_Ciona_intestinalis/Urochordata_TENT5A-B-C-D.txt
TENT5D_Homo_sapiens	XP_018670981.2	40.426	94	85	2.52e-18	86.7	uncharacterized protein LOC100185204 [Ciona intestinalis]	Urochordata_TENT5A-B-C-D.txt	Urochordata_Ciona_intestinalis	/rna/liha/phylogenomics_practice/TENT/TENT5/Blast/Results/Urochordata_Ciona_intestinalis/Urochordata_TENT5A-B-C-D.txt
TENT5D_Homo_sapiens	XP_026696223.2	26.126	111	27	2.5	30.4	uncharacterized protein LOC113475740 [Ciona intestinalis]	Urochordata_TENT5A-B-C-D.txt	Urochordata_Ciona_intestinalis	/rna/liha/phylogenomics_practice/TENT/TENT5/Blast/Results/Urochordata_Ciona_intestinalis/Urochordata_TENT5A-B-C-D.txt
TENT5D_Homo_sapiens	XP_078485326.1	31.250	80	21	2.7	30.0	uncharacterized protein LOC144744504 [Ciona intestinalis]	Urochordata_TENT5A-B-C-D.txt	Urochordata_Ciona_intestinalis	/rna/liha/phylogenomics_practice/TENT/TENT5/Blast/Results/Urochordata_Ciona_intestinalis/Urochordata_TENT5A-B-C-D.txt
TENT5D_Homo_sapiens	XP_002119870.2	44.444	36	9	4.4	29.3	uncharacterized protein C3orf38 homolog [Ciona intestinalis]	Urochordata_TENT5A-B-C-D.txt	Urochordata_Ciona_intestinalis	/rna/liha/phylogenomics_practice/TENT/TENT5/Blast/Results/Urochordata_Ciona_intestinalis/Urochordata_TENT5A-B-C-D.txt
TENT5D_Homo_sapiens	XP_002123788.2	30.645	62	16	7.8	28.9	uncharacterized protein LOC100178568 [Ciona intestinalis]	Urochordata_TENT5A-B-C-D.txt	Urochordata_Ciona_intestinalis	/rna/liha/phylogenomics_practice/TENT/TENT5/Blast/Results/Urochordata_Ciona_intestinalis/Urochordata_TENT5A-B-C-D.txt
TENT5D_Homo_sapiens	XP_078485560.1	29.231	65	15	9.4	28.1	transcription initiation factor TFIID subunit 7-like [Ciona intestinalis]	Urochordata_TENT5A-B-C-D.txt	Urochordata_Ciona_intestinalis	/rna/liha/phylogenomics_practice/TENT/TENT5/Blast/Results/Urochordata_Ciona_intestinalis/Urochordata_TENT5A-B-C-D.txt
TENT5D_Homo_sapiens	XP_078493882.1	32.308	65	17	9.7	27.7	uncharacterized protein LOC144749314 [Ciona intestinalis]	Urochordata_TENT5A-B-C-D.txt	Urochordata_Ciona_intestinalis	/rna/liha/phylogenomics_practice/TENT/TENT5/Blast/Results/Urochordata_Ciona_intestinalis/Urochordata_TENT5A-B-C-D.txt
TENT5A_Homo_sapiens	NP_127475.1	38.889	18	4	3.8	18.1	NADH dehydrogenase subunit 6 [Eptatretus burgeri]	Cyclostomata_TENT5A-B-C-D.txt	Cyclostomata_Eptatretus_burgeri	/rna/liha/phylogenomics_practice/TENT/TENT5/Blast/Results/Cyclostomata_Eptatretus_burgeri/Cyclostomata_TENT5A-B-C-D.txt
TENT5B_Homo_sapiens	NP_127467.1	85.714	7	2	2.3	18.9	cytochrome c oxidase subunit II [Eptatretus burgeri]	Cyclostomata_TENT5A-B-C-D.txt	Cyclostomata_Eptatretus_burgeri	/rna/liha/phylogenomics_practice/TENT/TENT5/Blast/Results/Cyclostomata_Eptatretus_burgeri/Cyclostomata_TENT5A-B-C-D.txt
TENT5B_Homo_sapiens	NP_127476.1	60.000	10	2	5.0	18.1	cytochrome b [Eptatretus burgeri]	Cyclostomata_TENT5A-B-C-D.txt	Cyclostomata_Eptatretus_burgeri	/rna/liha/phylogenomics_practice/TENT/TENT5/Blast/Results/Cyclostomata_Eptatretus_burgeri/Cyclostomata_TENT5A-B-C-D.txt
TENT5C_Homo_sapiens	NP_127467.1	27.027	74	17	3.0	18.5	cytochrome c oxidase subunit II [Eptatretus burgeri]	Cyclostomata_TENT5A-B-C-D.txt	Cyclostomata_Eptatretus_burgeri	/rna/liha/phylogenomics_practice/TENT/TENT5/Blast/Results/Cyclostomata_Eptatretus_burgeri/Cyclostomata_TENT5A-B-C-D.txt
TENT5C_Homo_sapiens	NP_127466.1	21.951	41	9	9.6	16.9	cytochrome c oxidase subunit I [Eptatretus burgeri]	Cyclostomata_TENT5A-B-C-D.txt	Cyclostomata_Eptatretus_burgeri	/rna/liha/phylogenomics_practice/TENT/TENT5/Blast/Results/Cyclostomata_Eptatretus_burgeri/Cyclostomata_TENT5A-B-C-D.txt
TENT5D_Homo_sapiens	NP_127476.1	18.182	33	8	1.2	19.6	cytochrome b [Eptatretus burgeri]	Cyclostomata_TENT5A-B-C-D.txt	Cyclostomata_Eptatretus_burgeri	/rna/liha/phylogenomics_practice/TENT/TENT5/Blast/Results/Cyclostomata_Eptatretus_burgeri/Cyclostomata_TENT5A-B-C-D.txt
TENT5D_Homo_sapiens	NP_127465.1	28.302	53	14	6.5	17.3	NADH dehydrogenase subunit 2 [Eptatretus burgeri]	Cyclostomata_TENT5A-B-C-D.txt	Cyclostomata_Eptatretus_burgeri	/rna/liha/phylogenomics_practice/TENT/TENT5/Blast/Results/Cyclostomata_Eptatretus_burgeri/Cyclostomata_TENT5A-B-C-D.txt
TENT5A_Homo_sapiens	XP_067966876.1	76.316	380	86	0.0	597	terminal nucleotidyltransferase 5C isoform X1 [Myxine glutinosa]	Cyclostomata_TENT5A-B-C-D.txt	Cyclostomata_Myxine_glutinosa	/rna/liha/phylogenomics_practice/TENT/TENT5/Blast/Results/Cyclostomata_Myxine_glutinosa/Cyclostomata_TENT5A-B-C-D.txt
TENT5A_Homo_sapiens	XP_078630242.1	76.316	380	86	0.0	597	terminal nucleotidyltransferase 5A isoform X3 [Myxine glutinosa]	Cyclostomata_TENT5A-B-C-D.txt	Cyclostomata_Myxine_glutinosa	/rna/liha/phylogenomics_practice/TENT/TENT5/Blast/Results/Cyclostomata_Myxine_glutinosa/Cyclostomata_TENT5A-B-C-D.txt
TENT5A_Homo_sapiens	XP_067966877.1	76.316	380	86	0.0	596	terminal nucleotidyltransferase 5A isoform X2 [Myxine glutinosa]	Cyclostomata_TENT5A-B-C-D.txt	Cyclostomata_Myxine_glutinosa	/rna/liha/phylogenomics_practice/TENT/TENT5/Blast/Results/Cyclostomata_Myxine_glutinosa/Cyclostomata_TENT5A-B-C-D.txt
TENT5A_Homo_sapiens	XP_067962383.2	42.105	209	86	5.75e-39	149	terminal nucleotidyltransferase 5C [Myxine glutinosa]	Cyclostomata_TENT5A-B-C-D.txt	Cyclostomata_Myxine_glutinosa	/rna/liha/phylogenomics_practice/TENT/TENT5/Blast/Results/Cyclostomata_Myxine_glutinosa/Cyclostomata_TENT5A-B-C-D.txt
TENT5A_Homo_sapiens	XP_067962383.2	47.651	149	86	1.84e-32	130	terminal nucleotidyltransferase 5C [Myxine glutinosa]	Cyclostomata_TENT5A-B-C-D.txt	Cyclostomata_Myxine_glutinosa	/rna/liha/phylogenomics_practice/TENT/TENT5/Blast/Results/Cyclostomata_Myxine_glutinosa/Cyclostomata_TENT5A-B-C-D.txt
TENT5A_Homo_sapiens	XP_067962383.2	66.038	53	86	7.44e-14	74.3	terminal nucleotidyltransferase 5C [Myxine glutinosa]	Cyclostomata_TENT5A-B-C-D.txt	Cyclostomata_Myxine_glutinosa	/rna/liha/phylogenomics_practice/TENT/TENT5/Blast/Results/Cyclostomata_Myxine_glutinosa/Cyclostomata_TENT5A-B-C-D.txt
TENT5B_Homo_sapiens	XP_078630242.1	63.228	378	88	3.17e-168	478	terminal nucleotidyltransferase 5A isoform X3 [Myxine glutinosa]	Cyclostomata_TENT5A-B-C-D.txt	Cyclostomata_Myxine_glutinosa	/rna/liha/phylogenomics_practice/TENT/TENT5/Blast/Results/Cyclostomata_Myxine_glutinosa/Cyclostomata_TENT5A-B-C-D.txt
TENT5B_Homo_sapiens	XP_067966877.1	63.228	378	88	5.88e-168	477	terminal nucleotidyltransferase 5A isoform X2 [Myxine glutinosa]	Cyclostomata_TENT5A-B-C-D.txt	Cyclostomata_Myxine_glutinosa	/rna/liha/phylogenomics_practice/TENT/TENT5/Blast/Results/Cyclostomata_Myxine_glutinosa/Cyclostomata_TENT5A-B-C-D.txt
TENT5B_Homo_sapiens	XP_067966876.1	63.228	378	88	9.99e-168	478	terminal nucleotidyltransferase 5C isoform X1 [Myxine glutinosa]	Cyclostomata_TENT5A-B-C-D.txt	Cyclostomata_Myxine_glutinosa	/rna/liha/phylogenomics_practice/TENT/TENT5/Blast/Results/Cyclostomata_Myxine_glutinosa/Cyclostomata_TENT5A-B-C-D.txt
TENT5B_Homo_sapiens	XP_067962383.2	44.762	210	86	7.03e-41	154	terminal nucleotidyltransferase 5C [Myxine glutinosa]	Cyclostomata_TENT5A-B-C-D.txt	Cyclostomata_Myxine_glutinosa	/rna/liha/phylogenomics_practice/TENT/TENT5/Blast/Results/Cyclostomata_Myxine_glutinosa/Cyclostomata_TENT5A-B-C-D.txt
TENT5B_Homo_sapiens	XP_067962383.2	56.716	134	86	1.36e-36	142	terminal nucleotidyltransferase 5C [Myxine glutinosa]	Cyclostomata_TENT5A-B-C-D.txt	Cyclostomata_Myxine_glutinosa	/rna/liha/phylogenomics_practice/TENT/TENT5/Blast/Results/Cyclostomata_Myxine_glutinosa/Cyclostomata_TENT5A-B-C-D.txt
TENT5B_Homo_sapiens	XP_067962383.2	60.784	51	86	4.61e-13	71.6	terminal nucleotidyltransferase 5C [Myxine glutinosa]	Cyclostomata_TENT5A-B-C-D.txt	Cyclostomata_Myxine_glutinosa	/rna/liha/phylogenomics_practice/TENT/TENT5/Blast/Results/Cyclostomata_Myxine_glutinosa/Cyclostomata_TENT5A-B-C-D.txt
TENT5B_Homo_sapiens	XP_067979771.2	33.333	48	11	2.6	30.8	spastin [Myxine glutinosa]	Cyclostomata_TENT5A-B-C-D.txt	Cyclostomata_Myxine_glutinosa	/rna/liha/phylogenomics_practice/TENT/TENT5/Blast/Results/Cyclostomata_Myxine_glutinosa/Cyclostomata_TENT5A-B-C-D.txt
TENT5B_Homo_sapiens	XP_067977072.1	36.957	46	11	2.8	31.2	phosphatidylinositol-3,5-bisphosphate 3-phosphatase MTMR3 isoform X8 [Myxine glutinosa]	Cyclostomata_TENT5A-B-C-D.txt	Cyclostomata_Myxine_glutinosa	/rna/liha/phylogenomics_practice/TENT/TENT5/Blast/Results/Cyclostomata_Myxine_glutinosa/Cyclostomata_TENT5A-B-C-D.txt
TENT5B_Homo_sapiens	XP_078636573.1	36.957	46	11	2.9	31.2	phosphatidylinositol-3,5-bisphosphate 3-phosphatase MTMR3 isoform X5 [Myxine glutinosa]	Cyclostomata_TENT5A-B-C-D.txt	Cyclostomata_Myxine_glutinosa	/rna/liha/phylogenomics_practice/TENT/TENT5/Blast/Results/Cyclostomata_Myxine_glutinosa/Cyclostomata_TENT5A-B-C-D.txt
TENT5B_Homo_sapiens	XP_078629147.1	42.373	59	14	2.9	30.8	uncharacterized protein LOC144891010 [Myxine glutinosa]	Cyclostomata_TENT5A-B-C-D.txt	Cyclostomata_Myxine_glutinosa	/rna/liha/phylogenomics_practice/TENT/TENT5/Blast/Results/Cyclostomata_Myxine_glutinosa/Cyclostomata_TENT5A-B-C-D.txt
TENT5B_Homo_sapiens	XP_078636577.1	36.957	46	11	2.9	30.8	phosphatidylinositol-3,5-bisphosphate 3-phosphatase MTMR3 isoform X10 [Myxine glutinosa]	Cyclostomata_TENT5A-B-C-D.txt	Cyclostomata_Myxine_glutinosa	/rna/liha/phylogenomics_practice/TENT/TENT5/Blast/Results/Cyclostomata_Myxine_glutinosa/Cyclostomata_TENT5A-B-C-D.txt
TENT5B_Homo_sapiens	XP_067977071.1	36.957	46	11	3.0	30.8	phosphatidylinositol-3,5-bisphosphate 3-phosphatase MTMR3 isoform X12 [Myxine glutinosa]	Cyclostomata_TENT5A-B-C-D.txt	Cyclostomata_Myxine_glutinosa	/rna/liha/phylogenomics_practice/TENT/TENT5/Blast/Results/Cyclostomata_Myxine_glutinosa/Cyclostomata_TENT5A-B-C-D.txt
TENT5C_Homo_sapiens	XP_067966876.1	72.105	380	97	0.0	565	terminal nucleotidyltransferase 5C isoform X1 [Myxine glutinosa]	Cyclostomata_TENT5A-B-C-D.txt	Cyclostomata_Myxine_glutinosa	/rna/liha/phylogenomics_practice/TENT/TENT5/Blast/Results/Cyclostomata_Myxine_glutinosa/Cyclostomata_TENT5A-B-C-D.txt
TENT5C_Homo_sapiens	XP_067966877.1	72.105	380	97	0.0	565	terminal nucleotidyltransferase 5A isoform X2 [Myxine glutinosa]	Cyclostomata_TENT5A-B-C-D.txt	Cyclostomata_Myxine_glutinosa	/rna/liha/phylogenomics_practice/TENT/TENT5/Blast/Results/Cyclostomata_Myxine_glutinosa/Cyclostomata_TENT5A-B-C-D.txt
TENT5C_Homo_sapiens	XP_078630242.1	72.105	380	97	0.0	565	terminal nucleotidyltransferase 5A isoform X3 [Myxine glutinosa]	Cyclostomata_TENT5A-B-C-D.txt	Cyclostomata_Myxine_glutinosa	/rna/liha/phylogenomics_practice/TENT/TENT5/Blast/Results/Cyclostomata_Myxine_glutinosa/Cyclostomata_TENT5A-B-C-D.txt
TENT5C_Homo_sapiens	XP_067962383.2	44.498	209	94	2.21e-45	166	terminal nucleotidyltransferase 5C [Myxine glutinosa]	Cyclostomata_TENT5A-B-C-D.txt	Cyclostomata_Myxine_glutinosa	/rna/liha/phylogenomics_practice/TENT/TENT5/Blast/Results/Cyclostomata_Myxine_glutinosa/Cyclostomata_TENT5A-B-C-D.txt
TENT5C_Homo_sapiens	XP_067962383.2	50.370	135	94	3.77e-28	117	terminal nucleotidyltransferase 5C [Myxine glutinosa]	Cyclostomata_TENT5A-B-C-D.txt	Cyclostomata_Myxine_glutinosa	/rna/liha/phylogenomics_practice/TENT/TENT5/Blast/Results/Cyclostomata_Myxine_glutinosa/Cyclostomata_TENT5A-B-C-D.txt
TENT5C_Homo_sapiens	XP_067962383.2	52.174	69	94	1.94e-15	78.6	terminal nucleotidyltransferase 5C [Myxine glutinosa]	Cyclostomata_TENT5A-B-C-D.txt	Cyclostomata_Myxine_glutinosa	/rna/liha/phylogenomics_practice/TENT/TENT5/Blast/Results/Cyclostomata_Myxine_glutinosa/Cyclostomata_TENT5A-B-C-D.txt
TENT5C_Homo_sapiens	XP_078629693.1	38.095	42	10	4.6	30.0	putative arginine--tRNA ligase, mitochondrial [Myxine glutinosa]	Cyclostomata_TENT5A-B-C-D.txt	Cyclostomata_Myxine_glutinosa	/rna/liha/phylogenomics_practice/TENT/TENT5/Blast/Results/Cyclostomata_Myxine_glutinosa/Cyclostomata_TENT5A-B-C-D.txt
TENT5D_Homo_sapiens	XP_067966877.1	62.466	373	96	2.31e-174	492	terminal nucleotidyltransferase 5A isoform X2 [Myxine glutinosa]	Cyclostomata_TENT5A-B-C-D.txt	Cyclostomata_Myxine_glutinosa	/rna/liha/phylogenomics_practice/TENT/TENT5/Blast/Results/Cyclostomata_Myxine_glutinosa/Cyclostomata_TENT5A-B-C-D.txt
TENT5D_Homo_sapiens	XP_078630242.1	62.466	373	96	3.37e-174	492	terminal nucleotidyltransferase 5A isoform X3 [Myxine glutinosa]	Cyclostomata_TENT5A-B-C-D.txt	Cyclostomata_Myxine_glutinosa	/rna/liha/phylogenomics_practice/TENT/TENT5/Blast/Results/Cyclostomata_Myxine_glutinosa/Cyclostomata_TENT5A-B-C-D.txt
TENT5D_Homo_sapiens	XP_067966876.1	62.466	373	96	5.92e-174	492	terminal nucleotidyltransferase 5C isoform X1 [Myxine glutinosa]	Cyclostomata_TENT5A-B-C-D.txt	Cyclostomata_Myxine_glutinosa	/rna/liha/phylogenomics_practice/TENT/TENT5/Blast/Results/Cyclostomata_Myxine_glutinosa/Cyclostomata_TENT5A-B-C-D.txt
TENT5D_Homo_sapiens	XP_067962383.2	49.351	154	85	6.76e-43	159	terminal nucleotidyltransferase 5C [Myxine glutinosa]	Cyclostomata_TENT5A-B-C-D.txt	Cyclostomata_Myxine_glutinosa	/rna/liha/phylogenomics_practice/TENT/TENT5/Blast/Results/Cyclostomata_Myxine_glutinosa/Cyclostomata_TENT5A-B-C-D.txt
TENT5D_Homo_sapiens	XP_067962383.2	41.481	135	85	2.15e-27	114	terminal nucleotidyltransferase 5C [Myxine glutinosa]	Cyclostomata_TENT5A-B-C-D.txt	Cyclostomata_Myxine_glutinosa	/rna/liha/phylogenomics_practice/TENT/TENT5/Blast/Results/Cyclostomata_Myxine_glutinosa/Cyclostomata_TENT5A-B-C-D.txt
TENT5D_Homo_sapiens	XP_067962383.2	70.000	50	85	9.09e-15	76.6	terminal nucleotidyltransferase 5C [Myxine glutinosa]	Cyclostomata_TENT5A-B-C-D.txt	Cyclostomata_Myxine_glutinosa	/rna/liha/phylogenomics_practice/TENT/TENT5/Blast/Results/Cyclostomata_Myxine_glutinosa/Cyclostomata_TENT5A-B-C-D.txt
TENT5D_Homo_sapiens	XP_067976152.2	32.203	59	15	1.2	32.3	uncharacterized protein LOC137429798 [Myxine glutinosa]	Cyclostomata_TENT5A-B-C-D.txt	Cyclostomata_Myxine_glutinosa	/rna/liha/phylogenomics_practice/TENT/TENT5/Blast/Results/Cyclostomata_Myxine_glutinosa/Cyclostomata_TENT5A-B-C-D.txt
TENT5D_Homo_sapiens	XP_067981817.2	22.078	154	37	1.8	31.6	caspase recruitment domain-containing protein 11 [Myxine glutinosa]	Cyclostomata_TENT5A-B-C-D.txt	Cyclostomata_Myxine_glutinosa	/rna/liha/phylogenomics_practice/TENT/TENT5/Blast/Results/Cyclostomata_Myxine_glutinosa/Cyclostomata_TENT5A-B-C-D.txt
TENT5D_Homo_sapiens	XP_078640091.1	35.714	56	14	2.8	30.4	CD109 antigen-like [Myxine glutinosa]	Cyclostomata_TENT5A-B-C-D.txt	Cyclostomata_Myxine_glutinosa	/rna/liha/phylogenomics_practice/TENT/TENT5/Blast/Results/Cyclostomata_Myxine_glutinosa/Cyclostomata_TENT5A-B-C-D.txt
TENT5D_Homo_sapiens	XP_067980985.2	20.541	185	42	3.6	30.8	hemicentin-1 isoform X1 [Myxine glutinosa]	Cyclostomata_TENT5A-B-C-D.txt	Cyclostomata_Myxine_glutinosa	/rna/liha/phylogenomics_practice/TENT/TENT5/Blast/Results/Cyclostomata_Myxine_glutinosa/Cyclostomata_TENT5A-B-C-D.txt
TENT5D_Homo_sapiens	XP_078639679.1	20.541	185	42	3.8	30.4	hemicentin-1 isoform X2 [Myxine glutinosa]	Cyclostomata_TENT5A-B-C-D.txt	Cyclostomata_Myxine_glutinosa	/rna/liha/phylogenomics_practice/TENT/TENT5/Blast/Results/Cyclostomata_Myxine_glutinosa/Cyclostomata_TENT5A-B-C-D.txt
TENT5D_Homo_sapiens	XP_078639680.1	20.541	185	42	3.9	30.4	hemicentin-1 isoform X3 [Myxine glutinosa]	Cyclostomata_TENT5A-B-C-D.txt	Cyclostomata_Myxine_glutinosa	/rna/liha/phylogenomics_practice/TENT/TENT5/Blast/Results/Cyclostomata_Myxine_glutinosa/Cyclostomata_TENT5A-B-C-D.txt
TENT5A_Homo_sapiens	YP_009233355.1	36.000	25	5	2.3	19.2	NADH dehydrogenase subunit 4 [Geotria australis]	Cyclostomata_TENT5A-B-C-D.txt	Cyclostomata_Geotria_australis	/rna/liha/phylogenomics_practice/TENT/TENT5/Blast/Results/Cyclostomata_Geotria_australis/Cyclostomata_TENT5A-B-C-D.txt
TENT5A_Homo_sapiens	YP_009233351.1	32.000	25	6	6.4	17.7	ATP synthase F0 subunit 6 [Geotria australis]	Cyclostomata_TENT5A-B-C-D.txt	Cyclostomata_Geotria_australis	/rna/liha/phylogenomics_practice/TENT/TENT5/Blast/Results/Cyclostomata_Geotria_australis/Cyclostomata_TENT5A-B-C-D.txt
TENT5A_Homo_sapiens	YP_009233356.1	18.750	16	4	7.5	17.7	NADH dehydrogenase subunit 5 [Geotria australis]	Cyclostomata_TENT5A-B-C-D.txt	Cyclostomata_Geotria_australis	/rna/liha/phylogenomics_practice/TENT/TENT5/Blast/Results/Cyclostomata_Geotria_australis/Cyclostomata_TENT5A-B-C-D.txt
TENT5B_Homo_sapiens	YP_009233349.1	52.632	19	4	0.67	20.8	cytochrome c oxidase subunit 2 [Geotria australis]	Cyclostomata_TENT5A-B-C-D.txt	Cyclostomata_Geotria_australis	/rna/liha/phylogenomics_practice/TENT/TENT5/Blast/Results/Cyclostomata_Geotria_australis/Cyclostomata_TENT5A-B-C-D.txt
TENT5B_Homo_sapiens	YP_009233356.1	24.000	150	32	0.97	20.4	NADH dehydrogenase subunit 5 [Geotria australis]	Cyclostomata_TENT5A-B-C-D.txt	Cyclostomata_Geotria_australis	/rna/liha/phylogenomics_practice/TENT/TENT5/Blast/Results/Cyclostomata_Geotria_australis/Cyclostomata_TENT5A-B-C-D.txt
TENT5B_Homo_sapiens	YP_009233352.1	30.769	26	6	6.0	17.7	cytochrome c oxidase subunit 3 [Geotria australis]	Cyclostomata_TENT5A-B-C-D.txt	Cyclostomata_Geotria_australis	/rna/liha/phylogenomics_practice/TENT/TENT5/Blast/Results/Cyclostomata_Geotria_australis/Cyclostomata_TENT5A-B-C-D.txt
TENT5C_Homo_sapiens	YP_009233352.1	31.373	51	13	2.7	18.9	cytochrome c oxidase subunit 3 [Geotria australis]	Cyclostomata_TENT5A-B-C-D.txt	Cyclostomata_Geotria_australis	/rna/liha/phylogenomics_practice/TENT/TENT5/Blast/Results/Cyclostomata_Geotria_australis/Cyclostomata_TENT5A-B-C-D.txt
TENT5C_Homo_sapiens	YP_009233349.1	27.273	55	14	3.1	18.5	cytochrome c oxidase subunit 2 [Geotria australis]	Cyclostomata_TENT5A-B-C-D.txt	Cyclostomata_Geotria_australis	/rna/liha/phylogenomics_practice/TENT/TENT5/Blast/Results/Cyclostomata_Geotria_australis/Cyclostomata_TENT5A-B-C-D.txt
TENT5C_Homo_sapiens	YP_009233356.1	22.222	27	14	6.2	17.7	NADH dehydrogenase subunit 5 [Geotria australis]	Cyclostomata_TENT5A-B-C-D.txt	Cyclostomata_Geotria_australis	/rna/liha/phylogenomics_practice/TENT/TENT5/Blast/Results/Cyclostomata_Geotria_australis/Cyclostomata_TENT5A-B-C-D.txt
TENT5C_Homo_sapiens	YP_009233356.1	37.500	24	14	6.4	17.7	NADH dehydrogenase subunit 5 [Geotria australis]	Cyclostomata_TENT5A-B-C-D.txt	Cyclostomata_Geotria_australis	/rna/liha/phylogenomics_practice/TENT/TENT5/Blast/Results/Cyclostomata_Geotria_australis/Cyclostomata_TENT5A-B-C-D.txt
TENT5C_Homo_sapiens	YP_009233356.1	37.931	29	14	8.1	17.3	NADH dehydrogenase subunit 5 [Geotria australis]	Cyclostomata_TENT5A-B-C-D.txt	Cyclostomata_Geotria_australis	/rna/liha/phylogenomics_practice/TENT/TENT5/Blast/Results/Cyclostomata_Geotria_australis/Cyclostomata_TENT5A-B-C-D.txt
TENT5C_Homo_sapiens	YP_009233358.1	33.333	12	11	7.1	17.3	cytochrome b [Geotria australis]	Cyclostomata_TENT5A-B-C-D.txt	Cyclostomata_Geotria_australis	/rna/liha/phylogenomics_practice/TENT/TENT5/Blast/Results/Cyclostomata_Geotria_australis/Cyclostomata_TENT5A-B-C-D.txt
TENT5C_Homo_sapiens	YP_009233358.1	22.581	31	11	9.7	16.9	cytochrome b [Geotria australis]	Cyclostomata_TENT5A-B-C-D.txt	Cyclostomata_Geotria_australis	/rna/liha/phylogenomics_practice/TENT/TENT5/Blast/Results/Cyclostomata_Geotria_australis/Cyclostomata_TENT5A-B-C-D.txt
TENT5C_Homo_sapiens	YP_009233355.1	63.636	11	3	9.4	16.9	NADH dehydrogenase subunit 4 [Geotria australis]	Cyclostomata_TENT5A-B-C-D.txt	Cyclostomata_Geotria_australis	/rna/liha/phylogenomics_practice/TENT/TENT5/Blast/Results/Cyclostomata_Geotria_australis/Cyclostomata_TENT5A-B-C-D.txt
TENT5D_Homo_sapiens	YP_009233355.1	31.429	35	7	0.47	21.2	NADH dehydrogenase subunit 4 [Geotria australis]	Cyclostomata_TENT5A-B-C-D.txt	Cyclostomata_Geotria_australis	/rna/liha/phylogenomics_practice/TENT/TENT5/Blast/Results/Cyclostomata_Geotria_australis/Cyclostomata_TENT5A-B-C-D.txt
TENT5D_Homo_sapiens	YP_009233349.1	29.032	31	8	2.8	18.5	cytochrome c oxidase subunit 2 [Geotria australis]	Cyclostomata_TENT5A-B-C-D.txt	Cyclostomata_Geotria_australis	/rna/liha/phylogenomics_practice/TENT/TENT5/Blast/Results/Cyclostomata_Geotria_australis/Cyclostomata_TENT5A-B-C-D.txt
TENT5D_Homo_sapiens	YP_009233357.1	62.500	8	2	4.4	17.7	NADH dehydrogenase subunit 6 [Geotria australis]	Cyclostomata_TENT5A-B-C-D.txt	Cyclostomata_Geotria_australis	/rna/liha/phylogenomics_practice/TENT/TENT5/Blast/Results/Cyclostomata_Geotria_australis/Cyclostomata_TENT5A-B-C-D.txt
TENT5D_Homo_sapiens	YP_009233351.1	30.435	23	6	8.8	16.9	ATP synthase F0 subunit 6 [Geotria australis]	Cyclostomata_TENT5A-B-C-D.txt	Cyclostomata_Geotria_australis	/rna/liha/phylogenomics_practice/TENT/TENT5/Blast/Results/Cyclostomata_Geotria_australis/Cyclostomata_TENT5A-B-C-D.txt
TENT5D_Homo_sapiens	YP_009233350.1	66.667	6	2	9.4	16.2	ATP synthase F0 subunit 8 [Geotria australis]	Cyclostomata_TENT5A-B-C-D.txt	Cyclostomata_Geotria_australis	/rna/liha/phylogenomics_practice/TENT/TENT5/Blast/Results/Cyclostomata_Geotria_australis/Cyclostomata_TENT5A-B-C-D.txt
TENT5A_Homo_sapiens	YP_010587543.1	36.000	25	5	1.4	20.0	NADH dehydrogenase subunit 4 [Mordacia mordax]	Cyclostomata_TENT5A-B-C-D.txt	Cyclostomata_Mordacia_mordax	/rna/liha/phylogenomics_practice/TENT/TENT5/Blast/Results/Cyclostomata_Mordacia_mordax/Cyclostomata_TENT5A-B-C-D.txt
TENT5B_Homo_sapiens	YP_010587544.1	20.979	143	30	1.9	19.2	NADH dehydrogenase subunit 5 [Mordacia mordax]	Cyclostomata_TENT5A-B-C-D.txt	Cyclostomata_Mordacia_mordax	/rna/liha/phylogenomics_practice/TENT/TENT5/Blast/Results/Cyclostomata_Mordacia_mordax/Cyclostomata_TENT5A-B-C-D.txt
TENT5D_Homo_sapiens	YP_010587543.1	36.364	33	13	0.20	22.3	NADH dehydrogenase subunit 4 [Mordacia mordax]	Cyclostomata_TENT5A-B-C-D.txt	Cyclostomata_Mordacia_mordax	/rna/liha/phylogenomics_practice/TENT/TENT5/Blast/Results/Cyclostomata_Mordacia_mordax/Cyclostomata_TENT5A-B-C-D.txt
TENT5D_Homo_sapiens	YP_010587543.1	33.333	33	13	3.8	18.5	NADH dehydrogenase subunit 4 [Mordacia mordax]	Cyclostomata_TENT5A-B-C-D.txt	Cyclostomata_Mordacia_mordax	/rna/liha/phylogenomics_practice/TENT/TENT5/Blast/Results/Cyclostomata_Mordacia_mordax/Cyclostomata_TENT5A-B-C-D.txt
TENT5D_Homo_sapiens	YP_010587545.1	62.500	8	2	3.5	18.1	NADH dehydrogenase subunit 6 [Mordacia mordax]	Cyclostomata_TENT5A-B-C-D.txt	Cyclostomata_Mordacia_mordax	/rna/liha/phylogenomics_practice/TENT/TENT5/Blast/Results/Cyclostomata_Mordacia_mordax/Cyclostomata_TENT5A-B-C-D.txt
TENT5D_Homo_sapiens	YP_010587535.1	55.556	9	2	3.5	18.5	NADH dehydrogenase subunit 2 [Mordacia mordax]	Cyclostomata_TENT5A-B-C-D.txt	Cyclostomata_Mordacia_mordax	/rna/liha/phylogenomics_practice/TENT/TENT5/Blast/Results/Cyclostomata_Mordacia_mordax/Cyclostomata_TENT5A-B-C-D.txt
TENT5D_Homo_sapiens	YP_010587534.1	28.302	53	12	4.1	18.1	NADH dehydrogenase subunit 1 [Mordacia mordax]	Cyclostomata_TENT5A-B-C-D.txt	Cyclostomata_Mordacia_mordax	/rna/liha/phylogenomics_practice/TENT/TENT5/Blast/Results/Cyclostomata_Mordacia_mordax/Cyclostomata_TENT5A-B-C-D.txt
TENT5D_Homo_sapiens	YP_010587533.1	25.806	31	8	4.7	18.1	cytochrome b [Mordacia mordax]	Cyclostomata_TENT5A-B-C-D.txt	Cyclostomata_Mordacia_mordax	/rna/liha/phylogenomics_practice/TENT/TENT5/Blast/Results/Cyclostomata_Mordacia_mordax/Cyclostomata_TENT5A-B-C-D.txt
TENT5A_Homo_sapiens	YP_010500853.1	36.000	25	5	1.9	19.6	NADH dehydrogenase subunit 4 [Entosphenus tridentatus]	Cyclostomata_TENT5A-B-C-D.txt	Cyclostomata_Entosphenus_tridentatus	/rna/liha/phylogenomics_practice/TENT/TENT5/Blast/Results/Cyclostomata_Entosphenus_tridentatus/Cyclostomata_TENT5A-B-C-D.txt
TENT5A_Homo_sapiens	YP_010500854.1	31.250	16	4	2.0	19.6	NADH dehydrogenase subunit 5 [Lampetra richardsoni]	Cyclostomata_TENT5A-B-C-D.txt	Cyclostomata_Entosphenus_tridentatus	/rna/liha/phylogenomics_practice/TENT/TENT5/Blast/Results/Cyclostomata_Entosphenus_tridentatus/Cyclostomata_TENT5A-B-C-D.txt
TENT5B_Homo_sapiens	YP_010500853.1	36.364	33	7	1.8	19.6	NADH dehydrogenase subunit 4 [Entosphenus tridentatus]	Cyclostomata_TENT5A-B-C-D.txt	Cyclostomata_Entosphenus_tridentatus	/rna/liha/phylogenomics_practice/TENT/TENT5/Blast/Results/Cyclostomata_Entosphenus_tridentatus/Cyclostomata_TENT5A-B-C-D.txt
TENT5B_Homo_sapiens	YP_010500854.1	25.000	16	31	2.6	19.2	NADH dehydrogenase subunit 5 [Lampetra richardsoni]	Cyclostomata_TENT5A-B-C-D.txt	Cyclostomata_Entosphenus_tridentatus	/rna/liha/phylogenomics_practice/TENT/TENT5/Blast/Results/Cyclostomata_Entosphenus_tridentatus/Cyclostomata_TENT5A-B-C-D.txt
TENT5B_Homo_sapiens	YP_010500854.1	25.000	144	31	3.1	18.9	NADH dehydrogenase subunit 5 [Lampetra richardsoni]	Cyclostomata_TENT5A-B-C-D.txt	Cyclostomata_Entosphenus_tridentatus	/rna/liha/phylogenomics_practice/TENT/TENT5/Blast/Results/Cyclostomata_Entosphenus_tridentatus/Cyclostomata_TENT5A-B-C-D.txt
TENT5B_Homo_sapiens	YP_010500847.1	85.714	7	2	4.4	18.5	cytochrome c oxidase subunit II [Lampetra richardsoni]	Cyclostomata_TENT5A-B-C-D.txt	Cyclostomata_Entosphenus_tridentatus	/rna/liha/phylogenomics_practice/TENT/TENT5/Blast/Results/Cyclostomata_Entosphenus_tridentatus/Cyclostomata_TENT5A-B-C-D.txt
TENT5C_Homo_sapiens	YP_010500854.1	31.250	16	11	1.8	19.6	NADH dehydrogenase subunit 5 [Lampetra richardsoni]	Cyclostomata_TENT5A-B-C-D.txt	Cyclostomata_Entosphenus_tridentatus	/rna/liha/phylogenomics_practice/TENT/TENT5/Blast/Results/Cyclostomata_Entosphenus_tridentatus/Cyclostomata_TENT5A-B-C-D.txt
TENT5C_Homo_sapiens	YP_010500854.1	32.143	28	11	8.4	17.7	NADH dehydrogenase subunit 5 [Lampetra richardsoni]	Cyclostomata_TENT5A-B-C-D.txt	Cyclostomata_Entosphenus_tridentatus	/rna/liha/phylogenomics_practice/TENT/TENT5/Blast/Results/Cyclostomata_Entosphenus_tridentatus/Cyclostomata_TENT5A-B-C-D.txt
TENT5D_Homo_sapiens	YP_010500853.1	31.429	35	7	0.44	21.6	NADH dehydrogenase subunit 4 [Entosphenus tridentatus]	Cyclostomata_TENT5A-B-C-D.txt	Cyclostomata_Entosphenus_tridentatus	/rna/liha/phylogenomics_practice/TENT/TENT5/Blast/Results/Cyclostomata_Entosphenus_tridentatus/Cyclostomata_TENT5A-B-C-D.txt
TENT5D_Homo_sapiens	YP_010500855.1	62.500	8	2	5.8	17.7	NADH dehydrogenase subunit 6 [Lampetra richardsoni]	Cyclostomata_TENT5A-B-C-D.txt	Cyclostomata_Entosphenus_tridentatus	/rna/liha/phylogenomics_practice/TENT/TENT5/Blast/Results/Cyclostomata_Entosphenus_tridentatus/Cyclostomata_TENT5A-B-C-D.txt
TENT5D_Homo_sapiens	YP_010500848.1	57.143	7	2	6.3	16.9	ATP synthase F0 subunit 8 [Lampetra richardsoni]	Cyclostomata_TENT5A-B-C-D.txt	Cyclostomata_Entosphenus_tridentatus	/rna/liha/phylogenomics_practice/TENT/TENT5/Blast/Results/Cyclostomata_Entosphenus_tridentatus/Cyclostomata_TENT5A-B-C-D.txt
TENT5A_Homo_sapiens	XP_078471579.1	77.322	366	83	0.0	584	terminal nucleotidyltransferase 5C-like [Lampetra planeri]	Cyclostomata_TENT5A-B-C-D.txt	Cyclostomata_Lampetra_planeri	/rna/liha/phylogenomics_practice/TENT/TENT5/Blast/Results/Cyclostomata_Lampetra_planeri/Cyclostomata_TENT5A-B-C-D.txt
TENT5B_Homo_sapiens	XP_078471579.1	64.516	372	87	2.91e-169	481	terminal nucleotidyltransferase 5C-like [Lampetra planeri]	Cyclostomata_TENT5A-B-C-D.txt	Cyclostomata_Lampetra_planeri	/rna/liha/phylogenomics_practice/TENT/TENT5/Blast/Results/Cyclostomata_Lampetra_planeri/Cyclostomata_TENT5A-B-C-D.txt
TENT5B_Homo_sapiens	XP_078457906.1	28.829	111	24	2.7	30.8	uncharacterized protein LOC144723224 [Lampetra planeri]	Cyclostomata_TENT5A-B-C-D.txt	Cyclostomata_Lampetra_planeri	/rna/liha/phylogenomics_practice/TENT/TENT5/Blast/Results/Cyclostomata_Lampetra_planeri/Cyclostomata_TENT5A-B-C-D.txt
TENT5C_Homo_sapiens	XP_078471579.1	75.275	364	93	0.0	563	terminal nucleotidyltransferase 5C-like [Lampetra planeri]	Cyclostomata_TENT5A-B-C-D.txt	Cyclostomata_Lampetra_planeri	/rna/liha/phylogenomics_practice/TENT/TENT5/Blast/Results/Cyclostomata_Lampetra_planeri/Cyclostomata_TENT5A-B-C-D.txt
TENT5C_Homo_sapiens	XP_078471611.1	33.333	54	14	2.5	31.2	dystrophin-like isoform X6 [Lampetra planeri]	Cyclostomata_TENT5A-B-C-D.txt	Cyclostomata_Lampetra_planeri	/rna/liha/phylogenomics_practice/TENT/TENT5/Blast/Results/Cyclostomata_Lampetra_planeri/Cyclostomata_TENT5A-B-C-D.txt
TENT5C_Homo_sapiens	XP_078471610.1	33.333	54	14	2.5	31.2	dystrophin-like isoform X5 [Lampetra planeri]	Cyclostomata_TENT5A-B-C-D.txt	Cyclostomata_Lampetra_planeri	/rna/liha/phylogenomics_practice/TENT/TENT5/Blast/Results/Cyclostomata_Lampetra_planeri/Cyclostomata_TENT5A-B-C-D.txt
TENT5C_Homo_sapiens	XP_078471609.1	33.333	54	14	2.5	31.2	dystrophin-like isoform X4 [Lampetra planeri]	Cyclostomata_TENT5A-B-C-D.txt	Cyclostomata_Lampetra_planeri	/rna/liha/phylogenomics_practice/TENT/TENT5/Blast/Results/Cyclostomata_Lampetra_planeri/Cyclostomata_TENT5A-B-C-D.txt
TENT5C_Homo_sapiens	XP_078471608.1	33.333	54	14	2.5	31.2	dystrophin-like isoform X3 [Lampetra planeri]	Cyclostomata_TENT5A-B-C-D.txt	Cyclostomata_Lampetra_planeri	/rna/liha/phylogenomics_practice/TENT/TENT5/Blast/Results/Cyclostomata_Lampetra_planeri/Cyclostomata_TENT5A-B-C-D.txt
TENT5C_Homo_sapiens	XP_078471607.1	33.333	54	14	2.5	31.2	dystrophin-like isoform X2 [Lampetra planeri]	Cyclostomata_TENT5A-B-C-D.txt	Cyclostomata_Lampetra_planeri	/rna/liha/phylogenomics_practice/TENT/TENT5/Blast/Results/Cyclostomata_Lampetra_planeri/Cyclostomata_TENT5A-B-C-D.txt
TENT5C_Homo_sapiens	XP_078471605.1	33.333	54	14	2.5	31.2	dystrophin-like isoform X1 [Lampetra planeri]	Cyclostomata_TENT5A-B-C-D.txt	Cyclostomata_Lampetra_planeri	/rna/liha/phylogenomics_practice/TENT/TENT5/Blast/Results/Cyclostomata_Lampetra_planeri/Cyclostomata_TENT5A-B-C-D.txt
TENT5C_Homo_sapiens	XP_078461901.1	26.613	124	30	2.6	30.8	lisH domain-containing protein ARMC9 isoform X5 [Lampetra planeri]	Cyclostomata_TENT5A-B-C-D.txt	Cyclostomata_Lampetra_planeri	/rna/liha/phylogenomics_practice/TENT/TENT5/Blast/Results/Cyclostomata_Lampetra_planeri/Cyclostomata_TENT5A-B-C-D.txt
TENT5C_Homo_sapiens	XP_078461900.1	26.613	124	30	2.7	30.8	lisH domain-containing protein ARMC9 isoform X4 [Lampetra planeri]	Cyclostomata_TENT5A-B-C-D.txt	Cyclostomata_Lampetra_planeri	/rna/liha/phylogenomics_practice/TENT/TENT5/Blast/Results/Cyclostomata_Lampetra_planeri/Cyclostomata_TENT5A-B-C-D.txt
TENT5C_Homo_sapiens	XP_078461899.1	26.613	124	30	3.1	30.4	lisH domain-containing protein ARMC9 isoform X3 [Lampetra planeri]	Cyclostomata_TENT5A-B-C-D.txt	Cyclostomata_Lampetra_planeri	/rna/liha/phylogenomics_practice/TENT/TENT5/Blast/Results/Cyclostomata_Lampetra_planeri/Cyclostomata_TENT5A-B-C-D.txt
TENT5D_Homo_sapiens	XP_078471579.1	64.754	366	94	1.10e-178	503	terminal nucleotidyltransferase 5C-like [Lampetra planeri]	Cyclostomata_TENT5A-B-C-D.txt	Cyclostomata_Lampetra_planeri	/rna/liha/phylogenomics_practice/TENT/TENT5/Blast/Results/Cyclostomata_Lampetra_planeri/Cyclostomata_TENT5A-B-C-D.txt
TENT5D_Homo_sapiens	XP_078456258.1	36.538	52	13	1.7	31.2	probable ATP-dependent RNA helicase DDX49 [Lethenteron reissneri]	Cyclostomata_TENT5A-B-C-D.txt	Cyclostomata_Lampetra_planeri	/rna/liha/phylogenomics_practice/TENT/TENT5/Blast/Results/Cyclostomata_Lampetra_planeri/Cyclostomata_TENT5A-B-C-D.txt
TENT5D_Homo_sapiens	XP_078474166.1	33.871	62	16	1.8	31.6	uncharacterized protein LOC144735611 [Lampetra planeri]	Cyclostomata_TENT5A-B-C-D.txt	Cyclostomata_Lampetra_planeri	/rna/liha/phylogenomics_practice/TENT/TENT5/Blast/Results/Cyclostomata_Lampetra_planeri/Cyclostomata_TENT5A-B-C-D.txt
TENT5A_Homo_sapiens	XP_061422765.1	77.322	366	83	0.0	584	terminal nucleotidyltransferase 5C-like [Lethenteron reissneri]	Cyclostomata_TENT5A-B-C-D.txt	Cyclostomata_Lethenteron_reissneri	/rna/liha/phylogenomics_practice/TENT/TENT5/Blast/Results/Cyclostomata_Lethenteron_reissneri/Cyclostomata_TENT5A-B-C-D.txt
TENT5B_Homo_sapiens	XP_061422765.1	64.516	372	87	2.63e-169	481	terminal nucleotidyltransferase 5C-like [Lethenteron reissneri]	Cyclostomata_TENT5A-B-C-D.txt	Cyclostomata_Lethenteron_reissneri	/rna/liha/phylogenomics_practice/TENT/TENT5/Blast/Results/Cyclostomata_Lethenteron_reissneri/Cyclostomata_TENT5A-B-C-D.txt
TENT5B_Homo_sapiens	XP_061431300.1	27.586	87	18	0.18	34.7	short transient receptor potential channel 1 isoform X2 [Lethenteron reissneri]	Cyclostomata_TENT5A-B-C-D.txt	Cyclostomata_Lethenteron_reissneri	/rna/liha/phylogenomics_practice/TENT/TENT5/Blast/Results/Cyclostomata_Lethenteron_reissneri/Cyclostomata_TENT5A-B-C-D.txt
TENT5B_Homo_sapiens	XP_061431299.1	27.586	87	18	0.19	34.7	short transient receptor potential channel 1 isoform X1 [Lethenteron reissneri]	Cyclostomata_TENT5A-B-C-D.txt	Cyclostomata_Lethenteron_reissneri	/rna/liha/phylogenomics_practice/TENT/TENT5/Blast/Results/Cyclostomata_Lethenteron_reissneri/Cyclostomata_TENT5A-B-C-D.txt
TENT5B_Homo_sapiens	XP_061431301.1	27.586	87	18	0.19	34.7	short transient receptor potential channel 1 isoform X3 [Lethenteron reissneri]	Cyclostomata_TENT5A-B-C-D.txt	Cyclostomata_Lethenteron_reissneri	/rna/liha/phylogenomics_practice/TENT/TENT5/Blast/Results/Cyclostomata_Lethenteron_reissneri/Cyclostomata_TENT5A-B-C-D.txt
TENT5C_Homo_sapiens	XP_061422765.1	69.900	402	97	0.0	564	terminal nucleotidyltransferase 5C-like [Lethenteron reissneri]	Cyclostomata_TENT5A-B-C-D.txt	Cyclostomata_Lethenteron_reissneri	/rna/liha/phylogenomics_practice/TENT/TENT5/Blast/Results/Cyclostomata_Lethenteron_reissneri/Cyclostomata_TENT5A-B-C-D.txt
TENT5C_Homo_sapiens	XP_061411961.1	25.325	154	36	0.16	34.7	LOW QUALITY PROTEIN: ubiquitin carboxyl-terminal hydrolase 40-like [Lethenteron reissneri]	Cyclostomata_TENT5A-B-C-D.txt	Cyclostomata_Lethenteron_reissneri	/rna/liha/phylogenomics_practice/TENT/TENT5/Blast/Results/Cyclostomata_Lethenteron_reissneri/Cyclostomata_TENT5A-B-C-D.txt
TENT5C_Homo_sapiens	XP_061423708.1	26.400	125	30	3.4	30.4	lisH domain-containing protein ARMC9 isoform X4 [Lethenteron reissneri]	Cyclostomata_TENT5A-B-C-D.txt	Cyclostomata_Lethenteron_reissneri	/rna/liha/phylogenomics_practice/TENT/TENT5/Blast/Results/Cyclostomata_Lethenteron_reissneri/Cyclostomata_TENT5A-B-C-D.txt
TENT5C_Homo_sapiens	XP_061423707.1	26.400	125	30	3.4	30.4	lisH domain-containing protein ARMC9 isoform X3 [Lethenteron reissneri]	Cyclostomata_TENT5A-B-C-D.txt	Cyclostomata_Lethenteron_reissneri	/rna/liha/phylogenomics_practice/TENT/TENT5/Blast/Results/Cyclostomata_Lethenteron_reissneri/Cyclostomata_TENT5A-B-C-D.txt
TENT5D_Homo_sapiens	XP_061422765.1	64.754	366	94	9.88e-179	503	terminal nucleotidyltransferase 5C-like [Lethenteron reissneri]	Cyclostomata_TENT5A-B-C-D.txt	Cyclostomata_Lethenteron_reissneri	/rna/liha/phylogenomics_practice/TENT/TENT5/Blast/Results/Cyclostomata_Lethenteron_reissneri/Cyclostomata_TENT5A-B-C-D.txt
TENT5D_Homo_sapiens	XP_061420776.1	40.000	30	8	0.91	32.3	uncharacterized protein LOC133350445 isoform X5 [Lethenteron reissneri]	Cyclostomata_TENT5A-B-C-D.txt	Cyclostomata_Lethenteron_reissneri	/rna/liha/phylogenomics_practice/TENT/TENT5/Blast/Results/Cyclostomata_Lethenteron_reissneri/Cyclostomata_TENT5A-B-C-D.txt
TENT5D_Homo_sapiens	XP_061420774.1	40.000	30	8	0.91	32.3	uncharacterized protein LOC133350445 isoform X3 [Lethenteron reissneri]	Cyclostomata_TENT5A-B-C-D.txt	Cyclostomata_Lethenteron_reissneri	/rna/liha/phylogenomics_practice/TENT/TENT5/Blast/Results/Cyclostomata_Lethenteron_reissneri/Cyclostomata_TENT5A-B-C-D.txt
TENT5D_Homo_sapiens	XP_061420773.1	40.000	30	8	0.91	32.3	chromatin remodeling regulator CECR2-like isoform X2 [Lethenteron reissneri]	Cyclostomata_TENT5A-B-C-D.txt	Cyclostomata_Lethenteron_reissneri	/rna/liha/phylogenomics_practice/TENT/TENT5/Blast/Results/Cyclostomata_Lethenteron_reissneri/Cyclostomata_TENT5A-B-C-D.txt
TENT5D_Homo_sapiens	XP_061420775.1	40.000	30	8	0.91	32.3	uncharacterized protein LOC133350445 isoform X4 [Lethenteron reissneri]	Cyclostomata_TENT5A-B-C-D.txt	Cyclostomata_Lethenteron_reissneri	/rna/liha/phylogenomics_practice/TENT/TENT5/Blast/Results/Cyclostomata_Lethenteron_reissneri/Cyclostomata_TENT5A-B-C-D.txt
TENT5D_Homo_sapiens	XP_061420772.1	40.000	30	8	0.91	32.3	chromatin remodeling regulator CECR2-like isoform X1 [Lethenteron reissneri]	Cyclostomata_TENT5A-B-C-D.txt	Cyclostomata_Lethenteron_reissneri	/rna/liha/phylogenomics_practice/TENT/TENT5/Blast/Results/Cyclostomata_Lethenteron_reissneri/Cyclostomata_TENT5A-B-C-D.txt
TENT5D_Homo_sapiens	XP_061430981.1	33.871	62	16	1.7	31.6	zinc finger protein 721-like [Lethenteron reissneri]	Cyclostomata_TENT5A-B-C-D.txt	Cyclostomata_Lethenteron_reissneri	/rna/liha/phylogenomics_practice/TENT/TENT5/Blast/Results/Cyclostomata_Lethenteron_reissneri/Cyclostomata_TENT5A-B-C-D.txt
TENT5D_Homo_sapiens	XP_061409774.1	36.538	52	13	1.7	31.2	probable ATP-dependent RNA helicase DDX49 [Lethenteron reissneri]	Cyclostomata_TENT5A-B-C-D.txt	Cyclostomata_Lethenteron_reissneri	/rna/liha/phylogenomics_practice/TENT/TENT5/Blast/Results/Cyclostomata_Lethenteron_reissneri/Cyclostomata_TENT5A-B-C-D.txt
TENT5A_Homo_sapiens	XP_032829540.1	77.322	366	83	0.0	583	terminal nucleotidyltransferase 5C-like [Petromyzon marinus]	Cyclostomata_TENT5A-B-C-D.txt	Cyclostomata_Petromyzon_marinus	/rna/liha/phylogenomics_practice/TENT/TENT5/Blast/Results/Cyclostomata_Petromyzon_marinus/Cyclostomata_TENT5A-B-C-D.txt
TENT5A_Homo_sapiens	XP_075911993.1	52.841	176	71	4.04e-48	177	uncharacterized protein LOC116938300 [Petromyzon marinus]	Cyclostomata_TENT5A-B-C-D.txt	Cyclostomata_Petromyzon_marinus	/rna/liha/phylogenomics_practice/TENT/TENT5/Blast/Results/Cyclostomata_Petromyzon_marinus/Cyclostomata_TENT5A-B-C-D.txt
TENT5A_Homo_sapiens	XP_075911993.1	68.182	88	71	7.33e-33	132	uncharacterized protein LOC116938300 [Petromyzon marinus]	Cyclostomata_TENT5A-B-C-D.txt	Cyclostomata_Petromyzon_marinus	/rna/liha/phylogenomics_practice/TENT/TENT5/Blast/Results/Cyclostomata_Petromyzon_marinus/Cyclostomata_TENT5A-B-C-D.txt
TENT5A_Homo_sapiens	XP_075911993.1	67.692	65	71	2.51e-20	95.1	uncharacterized protein LOC116938300 [Petromyzon marinus]	Cyclostomata_TENT5A-B-C-D.txt	Cyclostomata_Petromyzon_marinus	/rna/liha/phylogenomics_practice/TENT/TENT5/Blast/Results/Cyclostomata_Petromyzon_marinus/Cyclostomata_TENT5A-B-C-D.txt
TENT5B_Homo_sapiens	XP_032829540.1	65.205	365	85	7.64e-169	480	terminal nucleotidyltransferase 5C-like [Petromyzon marinus]	Cyclostomata_TENT5A-B-C-D.txt	Cyclostomata_Petromyzon_marinus	/rna/liha/phylogenomics_practice/TENT/TENT5/Blast/Results/Cyclostomata_Petromyzon_marinus/Cyclostomata_TENT5A-B-C-D.txt
TENT5B_Homo_sapiens	XP_075911993.1	50.857	175	69	1.07e-44	167	uncharacterized protein LOC116938300 [Petromyzon marinus]	Cyclostomata_TENT5A-B-C-D.txt	Cyclostomata_Petromyzon_marinus	/rna/liha/phylogenomics_practice/TENT/TENT5/Blast/Results/Cyclostomata_Petromyzon_marinus/Cyclostomata_TENT5A-B-C-D.txt
TENT5B_Homo_sapiens	XP_075911993.1	67.442	86	69	1.15e-30	125	uncharacterized protein LOC116938300 [Petromyzon marinus]	Cyclostomata_TENT5A-B-C-D.txt	Cyclostomata_Petromyzon_marinus	/rna/liha/phylogenomics_practice/TENT/TENT5/Blast/Results/Cyclostomata_Petromyzon_marinus/Cyclostomata_TENT5A-B-C-D.txt
TENT5B_Homo_sapiens	XP_075911993.1	63.043	46	69	9.33e-08	55.5	uncharacterized protein LOC116938300 [Petromyzon marinus]	Cyclostomata_TENT5A-B-C-D.txt	Cyclostomata_Petromyzon_marinus	/rna/liha/phylogenomics_practice/TENT/TENT5/Blast/Results/Cyclostomata_Petromyzon_marinus/Cyclostomata_TENT5A-B-C-D.txt
TENT5C_Homo_sapiens	XP_032829540.1	75.275	364	93	0.0	563	terminal nucleotidyltransferase 5C-like [Petromyzon marinus]	Cyclostomata_TENT5A-B-C-D.txt	Cyclostomata_Petromyzon_marinus	/rna/liha/phylogenomics_practice/TENT/TENT5/Blast/Results/Cyclostomata_Petromyzon_marinus/Cyclostomata_TENT5A-B-C-D.txt
TENT5C_Homo_sapiens	XP_075911993.1	52.020	198	86	2.26e-48	176	uncharacterized protein LOC116938300 [Petromyzon marinus]	Cyclostomata_TENT5A-B-C-D.txt	Cyclostomata_Petromyzon_marinus	/rna/liha/phylogenomics_practice/TENT/TENT5/Blast/Results/Cyclostomata_Petromyzon_marinus/Cyclostomata_TENT5A-B-C-D.txt
TENT5C_Homo_sapiens	XP_075911993.1	69.767	86	86	1.11e-32	130	uncharacterized protein LOC116938300 [Petromyzon marinus]	Cyclostomata_TENT5A-B-C-D.txt	Cyclostomata_Petromyzon_marinus	/rna/liha/phylogenomics_practice/TENT/TENT5/Blast/Results/Cyclostomata_Petromyzon_marinus/Cyclostomata_TENT5A-B-C-D.txt
TENT5C_Homo_sapiens	XP_075911993.1	65.625	64	86	2.78e-19	90.9	uncharacterized protein LOC116938300 [Petromyzon marinus]	Cyclostomata_TENT5A-B-C-D.txt	Cyclostomata_Petromyzon_marinus	/rna/liha/phylogenomics_practice/TENT/TENT5/Blast/Results/Cyclostomata_Petromyzon_marinus/Cyclostomata_TENT5A-B-C-D.txt
TENT5C_Homo_sapiens	XP_075923332.1	36.842	38	10	5.3	30.4	exostosin-1-like isoform X2 [Petromyzon marinus]	Cyclostomata_TENT5A-B-C-D.txt	Cyclostomata_Petromyzon_marinus	/rna/liha/phylogenomics_practice/TENT/TENT5/Blast/Results/Cyclostomata_Petromyzon_marinus/Cyclostomata_TENT5A-B-C-D.txt
TENT5C_Homo_sapiens	XP_032810560.2	36.842	38	10	5.6	30.4	exostosin-1-like isoform X1 [Petromyzon marinus]	Cyclostomata_TENT5A-B-C-D.txt	Cyclostomata_Petromyzon_marinus	/rna/liha/phylogenomics_practice/TENT/TENT5/Blast/Results/Cyclostomata_Petromyzon_marinus/Cyclostomata_TENT5A-B-C-D.txt
TENT5C_Homo_sapiens	XP_075911057.1	23.179	151	37	9.5	29.6	tripartite motif-containing protein 14-like [Petromyzon marinus]	Cyclostomata_TENT5A-B-C-D.txt	Cyclostomata_Petromyzon_marinus	/rna/liha/phylogenomics_practice/TENT/TENT5/Blast/Results/Cyclostomata_Petromyzon_marinus/Cyclostomata_TENT5A-B-C-D.txt
TENT5D_Homo_sapiens	XP_032829540.1	64.754	366	94	3.66e-178	503	terminal nucleotidyltransferase 5C-like [Petromyzon marinus]	Cyclostomata_TENT5A-B-C-D.txt	Cyclostomata_Petromyzon_marinus	/rna/liha/phylogenomics_practice/TENT/TENT5/Blast/Results/Cyclostomata_Petromyzon_marinus/Cyclostomata_TENT5A-B-C-D.txt
TENT5D_Homo_sapiens	XP_075911993.1	46.667	195	86	8.06e-46	169	uncharacterized protein LOC116938300 [Petromyzon marinus]	Cyclostomata_TENT5A-B-C-D.txt	Cyclostomata_Petromyzon_marinus	/rna/liha/phylogenomics_practice/TENT/TENT5/Blast/Results/Cyclostomata_Petromyzon_marinus/Cyclostomata_TENT5A-B-C-D.txt
TENT5D_Homo_sapiens	XP_075911993.1	67.059	85	86	1.54e-33	133	uncharacterized protein LOC116938300 [Petromyzon marinus]	Cyclostomata_TENT5A-B-C-D.txt	Cyclostomata_Petromyzon_marinus	/rna/liha/phylogenomics_practice/TENT/TENT5/Blast/Results/Cyclostomata_Petromyzon_marinus/Cyclostomata_TENT5A-B-C-D.txt
TENT5D_Homo_sapiens	XP_075911993.1	54.286	70	86	1.40e-15	79.7	uncharacterized protein LOC116938300 [Petromyzon marinus]	Cyclostomata_TENT5A-B-C-D.txt	Cyclostomata_Petromyzon_marinus	/rna/liha/phylogenomics_practice/TENT/TENT5/Blast/Results/Cyclostomata_Petromyzon_marinus/Cyclostomata_TENT5A-B-C-D.txt
TENT5D_Homo_sapiens	XP_075921603.1	40.000	30	8	1.6	32.3	chromatin remodeling regulator CECR2 isoform X6 [Petromyzon marinus]	Cyclostomata_TENT5A-B-C-D.txt	Cyclostomata_Petromyzon_marinus	/rna/liha/phylogenomics_practice/TENT/TENT5/Blast/Results/Cyclostomata_Petromyzon_marinus/Cyclostomata_TENT5A-B-C-D.txt
TENT5D_Homo_sapiens	XP_075921601.1	40.000	30	8	1.6	32.3	chromatin remodeling regulator CECR2 isoform X5 [Petromyzon marinus]	Cyclostomata_TENT5A-B-C-D.txt	Cyclostomata_Petromyzon_marinus	/rna/liha/phylogenomics_practice/TENT/TENT5/Blast/Results/Cyclostomata_Petromyzon_marinus/Cyclostomata_TENT5A-B-C-D.txt
TENT5D_Homo_sapiens	XP_075921600.1	40.000	30	8	1.6	32.3	chromatin remodeling regulator CECR2 isoform X4 [Petromyzon marinus]	Cyclostomata_TENT5A-B-C-D.txt	Cyclostomata_Petromyzon_marinus	/rna/liha/phylogenomics_practice/TENT/TENT5/Blast/Results/Cyclostomata_Petromyzon_marinus/Cyclostomata_TENT5A-B-C-D.txt
TENT5D_Homo_sapiens	XP_075921597.1	40.000	30	8	1.6	32.3	chromatin remodeling regulator CECR2 isoform X1 [Petromyzon marinus]	Cyclostomata_TENT5A-B-C-D.txt	Cyclostomata_Petromyzon_marinus	/rna/liha/phylogenomics_practice/TENT/TENT5/Blast/Results/Cyclostomata_Petromyzon_marinus/Cyclostomata_TENT5A-B-C-D.txt
TENT5D_Homo_sapiens	XP_075921599.1	40.000	30	8	1.6	32.3	chromatin remodeling regulator CECR2 isoform X3 [Petromyzon marinus]	Cyclostomata_TENT5A-B-C-D.txt	Cyclostomata_Petromyzon_marinus	/rna/liha/phylogenomics_practice/TENT/TENT5/Blast/Results/Cyclostomata_Petromyzon_marinus/Cyclostomata_TENT5A-B-C-D.txt
TENT5D_Homo_sapiens	XP_075921598.1	40.000	30	8	1.6	32.3	chromatin remodeling regulator CECR2 isoform X2 [Petromyzon marinus]	Cyclostomata_TENT5A-B-C-D.txt	Cyclostomata_Petromyzon_marinus	/rna/liha/phylogenomics_practice/TENT/TENT5/Blast/Results/Cyclostomata_Petromyzon_marinus/Cyclostomata_TENT5A-B-C-D.txt
TENT5D_Homo_sapiens	XP_032809089.2	36.538	52	13	3.2	31.2	putative ATP-dependent RNA helicase DDX49 isoform X2 [Petromyzon marinus]	Cyclostomata_TENT5A-B-C-D.txt	Cyclostomata_Petromyzon_marinus	/rna/liha/phylogenomics_practice/TENT/TENT5/Blast/Results/Cyclostomata_Petromyzon_marinus/Cyclostomata_TENT5A-B-C-D.txt
TENT5D_Homo_sapiens	XP_075922923.1	36.538	52	13	3.4	30.8	putative ATP-dependent RNA helicase DDX49 isoform X1 [Petromyzon marinus]	Cyclostomata_TENT5A-B-C-D.txt	Cyclostomata_Petromyzon_marinus	/rna/liha/phylogenomics_practice/TENT/TENT5/Blast/Results/Cyclostomata_Petromyzon_marinus/Cyclostomata_TENT5A-B-C-D.txt
TENT5A_Homo_sapiens	YP_009107406.1	36.000	25	5	2.4	19.6	NADH dehydrogenase subunit 4 [Eudontomyzon morii]	Cyclostomata_TENT5A-B-C-D.txt	Cyclostomata_Eudontomyzon_morii	/rna/liha/phylogenomics_practice/TENT/TENT5/Blast/Results/Cyclostomata_Eudontomyzon_morii/Cyclostomata_TENT5A-B-C-D.txt
TENT5A_Homo_sapiens	YP_009107407.1	31.250	16	4	2.6	19.6	NADH dehydrogenase subunit 5 [Eudontomyzon morii]	Cyclostomata_TENT5A-B-C-D.txt	Cyclostomata_Eudontomyzon_morii	/rna/liha/phylogenomics_practice/TENT/TENT5/Blast/Results/Cyclostomata_Eudontomyzon_morii/Cyclostomata_TENT5A-B-C-D.txt
TENT5B_Homo_sapiens	YP_009107406.1	36.364	33	7	2.3	19.6	NADH dehydrogenase subunit 4 [Eudontomyzon morii]	Cyclostomata_TENT5A-B-C-D.txt	Cyclostomata_Eudontomyzon_morii	/rna/liha/phylogenomics_practice/TENT/TENT5/Blast/Results/Cyclostomata_Eudontomyzon_morii/Cyclostomata_TENT5A-B-C-D.txt
TENT5B_Homo_sapiens	YP_009107407.1	25.000	16	10	3.3	19.2	NADH dehydrogenase subunit 5 [Eudontomyzon morii]	Cyclostomata_TENT5A-B-C-D.txt	Cyclostomata_Eudontomyzon_morii	/rna/liha/phylogenomics_practice/TENT/TENT5/Blast/Results/Cyclostomata_Eudontomyzon_morii/Cyclostomata_TENT5A-B-C-D.txt
TENT5B_Homo_sapiens	YP_009107407.1	28.571	28	10	6.1	18.5	NADH dehydrogenase subunit 5 [Eudontomyzon morii]	Cyclostomata_TENT5A-B-C-D.txt	Cyclostomata_Eudontomyzon_morii	/rna/liha/phylogenomics_practice/TENT/TENT5/Blast/Results/Cyclostomata_Eudontomyzon_morii/Cyclostomata_TENT5A-B-C-D.txt
TENT5B_Homo_sapiens	YP_009107400.1	85.714	7	2	5.6	18.5	cytochrome c oxidase subunit II [Eudontomyzon morii]	Cyclostomata_TENT5A-B-C-D.txt	Cyclostomata_Eudontomyzon_morii	/rna/liha/phylogenomics_practice/TENT/TENT5/Blast/Results/Cyclostomata_Eudontomyzon_morii/Cyclostomata_TENT5A-B-C-D.txt
TENT5C_Homo_sapiens	YP_009107407.1	31.250	16	4	2.4	19.6	NADH dehydrogenase subunit 5 [Eudontomyzon morii]	Cyclostomata_TENT5A-B-C-D.txt	Cyclostomata_Eudontomyzon_morii	/rna/liha/phylogenomics_practice/TENT/TENT5/Blast/Results/Cyclostomata_Eudontomyzon_morii/Cyclostomata_TENT5A-B-C-D.txt
TENT5D_Homo_sapiens	YP_009107406.1	31.429	35	7	0.58	21.6	NADH dehydrogenase subunit 4 [Eudontomyzon morii]	Cyclostomata_TENT5A-B-C-D.txt	Cyclostomata_Eudontomyzon_morii	/rna/liha/phylogenomics_practice/TENT/TENT5/Blast/Results/Cyclostomata_Eudontomyzon_morii/Cyclostomata_TENT5A-B-C-D.txt
TENT5D_Homo_sapiens	YP_009107401.1	57.143	7	2	7.5	16.9	ATP synthase F0 subunit 8 [Lampetra fluviatilis]	Cyclostomata_TENT5A-B-C-D.txt	Cyclostomata_Eudontomyzon_morii	/rna/liha/phylogenomics_practice/TENT/TENT5/Blast/Results/Cyclostomata_Eudontomyzon_morii/Cyclostomata_TENT5A-B-C-D.txt
TENT5D_Homo_sapiens	YP_009107408.1	62.500	8	2	8.3	17.7	NADH dehydrogenase subunit 6 [Eudontomyzon morii]	Cyclostomata_TENT5A-B-C-D.txt	Cyclostomata_Eudontomyzon_morii	/rna/liha/phylogenomics_practice/TENT/TENT5/Blast/Results/Cyclostomata_Eudontomyzon_morii/Cyclostomata_TENT5A-B-C-D.txt
TENT5B_Homo_sapiens	YP_007517132.1	21.649	97	21	6.1	20.8	NADH dehydrogenase subunit 5 [Lethenteron camtschaticum]	Cyclostomata_TENT5A-B-C-D.txt	Cyclostomata_Lethenteron_camtschaticum	/rna/liha/phylogenomics_practice/TENT/TENT5/Blast/Results/Cyclostomata_Lethenteron_camtschaticum/Cyclostomata_TENT5A-B-C-D.txt
TENT5D_Homo_sapiens	YP_007517131.1	30.303	33	16	0.70	23.9	NADH dehydrogenase subunit 4 [Lethenteron camtschaticum]	Cyclostomata_TENT5A-B-C-D.txt	Cyclostomata_Lethenteron_camtschaticum	/rna/liha/phylogenomics_practice/TENT/TENT5/Blast/Results/Cyclostomata_Lethenteron_camtschaticum/Cyclostomata_TENT5A-B-C-D.txt
TENT5D_Homo_sapiens	YP_007517131.1	31.429	35	16	3.5	21.6	NADH dehydrogenase subunit 4 [Lethenteron camtschaticum]	Cyclostomata_TENT5A-B-C-D.txt	Cyclostomata_Lethenteron_camtschaticum	/rna/liha/phylogenomics_practice/TENT/TENT5/Blast/Results/Cyclostomata_Lethenteron_camtschaticum/Cyclostomata_TENT5A-B-C-D.txt
TENT5A_Homo_sapiens	XP_067841022.1	88.158	380	86	0.0	698	terminal nucleotidyltransferase 5A [Heptranchias perlo]	Chondrichthyes_TENT5A-B-C-D.txt	Chondrichthyes_Heptranchias_perlo	/rna/liha/phylogenomics_practice/TENT/TENT5/Blast/Results/Chondrichthyes_Heptranchias_perlo/Chondrichthyes_TENT5A-B-C-D.txt
TENT5A_Homo_sapiens	XP_067849052.1	76.053	380	86	0.0	598	terminal nucleotidyltransferase 5C [Heptranchias perlo]	Chondrichthyes_TENT5A-B-C-D.txt	Chondrichthyes_Heptranchias_perlo	/rna/liha/phylogenomics_practice/TENT/TENT5/Blast/Results/Chondrichthyes_Heptranchias_perlo/Chondrichthyes_TENT5A-B-C-D.txt
TENT5A_Homo_sapiens	XP_067852738.1	74.394	371	84	0.0	570	terminal nucleotidyltransferase 5A-like [Heptranchias perlo]	Chondrichthyes_TENT5A-B-C-D.txt	Chondrichthyes_Heptranchias_perlo	/rna/liha/phylogenomics_practice/TENT/TENT5/Blast/Results/Chondrichthyes_Heptranchias_perlo/Chondrichthyes_TENT5A-B-C-D.txt
TENT5B_Homo_sapiens	XP_067841022.1	67.546	379	88	0.0	530	terminal nucleotidyltransferase 5A [Heptranchias perlo]	Chondrichthyes_TENT5A-B-C-D.txt	Chondrichthyes_Heptranchias_perlo	/rna/liha/phylogenomics_practice/TENT/TENT5/Blast/Results/Chondrichthyes_Heptranchias_perlo/Chondrichthyes_TENT5A-B-C-D.txt
TENT5B_Homo_sapiens	XP_067849052.1	62.169	378	88	1.78e-172	488	terminal nucleotidyltransferase 5C [Heptranchias perlo]	Chondrichthyes_TENT5A-B-C-D.txt	Chondrichthyes_Heptranchias_perlo	/rna/liha/phylogenomics_practice/TENT/TENT5/Blast/Results/Chondrichthyes_Heptranchias_perlo/Chondrichthyes_TENT5A-B-C-D.txt
TENT5B_Homo_sapiens	XP_067852738.1	59.517	373	87	5.65e-162	462	terminal nucleotidyltransferase 5A-like [Heptranchias perlo]	Chondrichthyes_TENT5A-B-C-D.txt	Chondrichthyes_Heptranchias_perlo	/rna/liha/phylogenomics_practice/TENT/TENT5/Blast/Results/Chondrichthyes_Heptranchias_perlo/Chondrichthyes_TENT5A-B-C-D.txt
TENT5C_Homo_sapiens	XP_067849052.1	82.228	377	96	0.0	648	terminal nucleotidyltransferase 5C [Heptranchias perlo]	Chondrichthyes_TENT5A-B-C-D.txt	Chondrichthyes_Heptranchias_perlo	/rna/liha/phylogenomics_practice/TENT/TENT5/Blast/Results/Chondrichthyes_Heptranchias_perlo/Chondrichthyes_TENT5A-B-C-D.txt
TENT5C_Homo_sapiens	XP_067841022.1	72.335	394	100	0.0	592	terminal nucleotidyltransferase 5A [Heptranchias perlo]	Chondrichthyes_TENT5A-B-C-D.txt	Chondrichthyes_Heptranchias_perlo	/rna/liha/phylogenomics_practice/TENT/TENT5/Blast/Results/Chondrichthyes_Heptranchias_perlo/Chondrichthyes_TENT5A-B-C-D.txt
TENT5C_Homo_sapiens	XP_067852738.1	72.222	378	96	0.0	564	terminal nucleotidyltransferase 5A-like [Heptranchias perlo]	Chondrichthyes_TENT5A-B-C-D.txt	Chondrichthyes_Heptranchias_perlo	/rna/liha/phylogenomics_practice/TENT/TENT5/Blast/Results/Chondrichthyes_Heptranchias_perlo/Chondrichthyes_TENT5A-B-C-D.txt
TENT5C_Homo_sapiens	XP_067844051.1	30.682	88	21	1.7	31.6	histone deacetylase 4 isoform X10 [Heptranchias perlo]	Chondrichthyes_TENT5A-B-C-D.txt	Chondrichthyes_Heptranchias_perlo	/rna/liha/phylogenomics_practice/TENT/TENT5/Blast/Results/Chondrichthyes_Heptranchias_perlo/Chondrichthyes_TENT5A-B-C-D.txt
TENT5C_Homo_sapiens	XP_067844045.1	30.682	88	21	1.8	31.6	histone deacetylase 4 isoform X5 [Heptranchias perlo]	Chondrichthyes_TENT5A-B-C-D.txt	Chondrichthyes_Heptranchias_perlo	/rna/liha/phylogenomics_practice/TENT/TENT5/Blast/Results/Chondrichthyes_Heptranchias_perlo/Chondrichthyes_TENT5A-B-C-D.txt
TENT5C_Homo_sapiens	XP_067844044.1	30.682	88	21	1.8	31.6	histone deacetylase 4 isoform X4 [Heptranchias perlo]	Chondrichthyes_TENT5A-B-C-D.txt	Chondrichthyes_Heptranchias_perlo	/rna/liha/phylogenomics_practice/TENT/TENT5/Blast/Results/Chondrichthyes_Heptranchias_perlo/Chondrichthyes_TENT5A-B-C-D.txt
TENT5C_Homo_sapiens	XP_067844040.1	30.682	88	21	1.8	31.6	histone deacetylase 4 isoform X1 [Heptranchias perlo]	Chondrichthyes_TENT5A-B-C-D.txt	Chondrichthyes_Heptranchias_perlo	/rna/liha/phylogenomics_practice/TENT/TENT5/Blast/Results/Chondrichthyes_Heptranchias_perlo/Chondrichthyes_TENT5A-B-C-D.txt
TENT5C_Homo_sapiens	XP_067844048.1	30.682	88	21	1.8	31.6	histone deacetylase 4 isoform X8 [Heptranchias perlo]	Chondrichthyes_TENT5A-B-C-D.txt	Chondrichthyes_Heptranchias_perlo	/rna/liha/phylogenomics_practice/TENT/TENT5/Blast/Results/Chondrichthyes_Heptranchias_perlo/Chondrichthyes_TENT5A-B-C-D.txt
TENT5C_Homo_sapiens	XP_067844049.1	30.682	88	21	1.8	31.6	histone deacetylase 4 isoform X9 [Heptranchias perlo]	Chondrichthyes_TENT5A-B-C-D.txt	Chondrichthyes_Heptranchias_perlo	/rna/liha/phylogenomics_practice/TENT/TENT5/Blast/Results/Chondrichthyes_Heptranchias_perlo/Chondrichthyes_TENT5A-B-C-D.txt
TENT5C_Homo_sapiens	XP_067844046.1	30.682	88	21	1.8	31.6	histone deacetylase 4 isoform X6 [Heptranchias perlo]	Chondrichthyes_TENT5A-B-C-D.txt	Chondrichthyes_Heptranchias_perlo	/rna/liha/phylogenomics_practice/TENT/TENT5/Blast/Results/Chondrichthyes_Heptranchias_perlo/Chondrichthyes_TENT5A-B-C-D.txt
TENT5D_Homo_sapiens	XP_067852738.1	67.188	384	99	0.0	536	terminal nucleotidyltransferase 5A-like [Heptranchias perlo]	Chondrichthyes_TENT5A-B-C-D.txt	Chondrichthyes_Heptranchias_perlo	/rna/liha/phylogenomics_practice/TENT/TENT5/Blast/Results/Chondrichthyes_Heptranchias_perlo/Chondrichthyes_TENT5A-B-C-D.txt
TENT5D_Homo_sapiens	XP_067841022.1	62.943	367	94	1.28e-171	484	terminal nucleotidyltransferase 5A [Heptranchias perlo]	Chondrichthyes_TENT5A-B-C-D.txt	Chondrichthyes_Heptranchias_perlo	/rna/liha/phylogenomics_practice/TENT/TENT5/Blast/Results/Chondrichthyes_Heptranchias_perlo/Chondrichthyes_TENT5A-B-C-D.txt
TENT5D_Homo_sapiens	XP_067849052.1	60.526	380	97	2.26e-171	484	terminal nucleotidyltransferase 5C [Heptranchias perlo]	Chondrichthyes_TENT5A-B-C-D.txt	Chondrichthyes_Heptranchias_perlo	/rna/liha/phylogenomics_practice/TENT/TENT5/Blast/Results/Chondrichthyes_Heptranchias_perlo/Chondrichthyes_TENT5A-B-C-D.txt
TENT5D_Homo_sapiens	XP_067825508.1	25.949	158	40	0.11	35.0	ciliary microtubule inner protein 2A-like [Heptranchias perlo]	Chondrichthyes_TENT5A-B-C-D.txt	Chondrichthyes_Heptranchias_perlo	/rna/liha/phylogenomics_practice/TENT/TENT5/Blast/Results/Chondrichthyes_Heptranchias_perlo/Chondrichthyes_TENT5A-B-C-D.txt
TENT5D_Homo_sapiens	XP_067858899.1	26.154	65	17	0.29	34.3	mucin-5AC-like [Heptranchias perlo]	Chondrichthyes_TENT5A-B-C-D.txt	Chondrichthyes_Heptranchias_perlo	/rna/liha/phylogenomics_practice/TENT/TENT5/Blast/Results/Chondrichthyes_Heptranchias_perlo/Chondrichthyes_TENT5A-B-C-D.txt
TENT5D_Homo_sapiens	XP_067858899.1	27.273	66	17	3.4	30.8	mucin-5AC-like [Heptranchias perlo]	Chondrichthyes_TENT5A-B-C-D.txt	Chondrichthyes_Heptranchias_perlo	/rna/liha/phylogenomics_practice/TENT/TENT5/Blast/Results/Chondrichthyes_Heptranchias_perlo/Chondrichthyes_TENT5A-B-C-D.txt
TENT5D_Homo_sapiens	XP_067858900.1	26.154	65	17	0.42	33.5	extracellular matrix protein A-like [Heptranchias perlo]	Chondrichthyes_TENT5A-B-C-D.txt	Chondrichthyes_Heptranchias_perlo	/rna/liha/phylogenomics_practice/TENT/TENT5/Blast/Results/Chondrichthyes_Heptranchias_perlo/Chondrichthyes_TENT5A-B-C-D.txt
TENT5D_Homo_sapiens	XP_067858900.1	26.154	65	17	3.1	30.8	extracellular matrix protein A-like [Heptranchias perlo]	Chondrichthyes_TENT5A-B-C-D.txt	Chondrichthyes_Heptranchias_perlo	/rna/liha/phylogenomics_practice/TENT/TENT5/Blast/Results/Chondrichthyes_Heptranchias_perlo/Chondrichthyes_TENT5A-B-C-D.txt
TENT5D_Homo_sapiens	XP_067862856.1	32.308	65	17	7.4	29.6	CAAX prenyl protease 1 homolog [Heptranchias perlo]	Chondrichthyes_TENT5A-B-C-D.txt	Chondrichthyes_Heptranchias_perlo	/rna/liha/phylogenomics_practice/TENT/TENT5/Blast/Results/Chondrichthyes_Heptranchias_perlo/Chondrichthyes_TENT5A-B-C-D.txt
TENT5A_Homo_sapiens	XP_067882795.1	88.684	380	86	0.0	702	terminal nucleotidyltransferase 5A [Heterodontus francisci]	Chondrichthyes_TENT5A-B-C-D.txt	Chondrichthyes_Heterodontus_francisci	/rna/liha/phylogenomics_practice/TENT/TENT5/Blast/Results/Chondrichthyes_Heterodontus_francisci/Chondrichthyes_TENT5A-B-C-D.txt
TENT5A_Homo_sapiens	XP_067896845.1	75.789	380	86	0.0	599	terminal nucleotidyltransferase 5C [Heterodontus francisci]	Chondrichthyes_TENT5A-B-C-D.txt	Chondrichthyes_Heterodontus_francisci	/rna/liha/phylogenomics_practice/TENT/TENT5/Blast/Results/Chondrichthyes_Heterodontus_francisci/Chondrichthyes_TENT5A-B-C-D.txt
TENT5A_Homo_sapiens	XP_067904101.1	73.713	369	83	0.0	562	terminal nucleotidyltransferase 5C-like [Heterodontus francisci]	Chondrichthyes_TENT5A-B-C-D.txt	Chondrichthyes_Heterodontus_francisci	/rna/liha/phylogenomics_practice/TENT/TENT5/Blast/Results/Chondrichthyes_Heterodontus_francisci/Chondrichthyes_TENT5A-B-C-D.txt
TENT5B_Homo_sapiens	XP_067882795.1	68.338	379	88	0.0	537	terminal nucleotidyltransferase 5A [Heterodontus francisci]	Chondrichthyes_TENT5A-B-C-D.txt	Chondrichthyes_Heterodontus_francisci	/rna/liha/phylogenomics_practice/TENT/TENT5/Blast/Results/Chondrichthyes_Heterodontus_francisci/Chondrichthyes_TENT5A-B-C-D.txt
TENT5B_Homo_sapiens	XP_067896845.1	62.434	378	88	1.97e-172	488	terminal nucleotidyltransferase 5C [Heterodontus francisci]	Chondrichthyes_TENT5A-B-C-D.txt	Chondrichthyes_Heterodontus_francisci	/rna/liha/phylogenomics_practice/TENT/TENT5/Blast/Results/Chondrichthyes_Heterodontus_francisci/Chondrichthyes_TENT5A-B-C-D.txt
TENT5B_Homo_sapiens	XP_067904101.1	58.289	374	87	6.33e-160	456	terminal nucleotidyltransferase 5C-like [Heterodontus francisci]	Chondrichthyes_TENT5A-B-C-D.txt	Chondrichthyes_Heterodontus_francisci	/rna/liha/phylogenomics_practice/TENT/TENT5/Blast/Results/Chondrichthyes_Heterodontus_francisci/Chondrichthyes_TENT5A-B-C-D.txt
TENT5B_Homo_sapiens	XP_067904467.1	29.730	74	16	9.8	29.6	putative Polycomb group protein ASXL1 isoform X3 [Heterodontus francisci]	Chondrichthyes_TENT5A-B-C-D.txt	Chondrichthyes_Heterodontus_francisci	/rna/liha/phylogenomics_practice/TENT/TENT5/Blast/Results/Chondrichthyes_Heterodontus_francisci/Chondrichthyes_TENT5A-B-C-D.txt
TENT5B_Homo_sapiens	XP_067904465.1	29.730	74	16	9.8	29.6	putative Polycomb group protein ASXL1 isoform X1 [Heterodontus francisci]	Chondrichthyes_TENT5A-B-C-D.txt	Chondrichthyes_Heterodontus_francisci	/rna/liha/phylogenomics_practice/TENT/TENT5/Blast/Results/Chondrichthyes_Heterodontus_francisci/Chondrichthyes_TENT5A-B-C-D.txt
TENT5B_Homo_sapiens	XP_067904468.1	29.730	74	16	9.8	29.6	putative Polycomb group protein ASXL1 isoform X4 [Heterodontus francisci]	Chondrichthyes_TENT5A-B-C-D.txt	Chondrichthyes_Heterodontus_francisci	/rna/liha/phylogenomics_practice/TENT/TENT5/Blast/Results/Chondrichthyes_Heterodontus_francisci/Chondrichthyes_TENT5A-B-C-D.txt
TENT5B_Homo_sapiens	XP_067904466.1	29.730	74	16	9.9	29.6	putative Polycomb group protein ASXL1 isoform X2 [Heterodontus francisci]	Chondrichthyes_TENT5A-B-C-D.txt	Chondrichthyes_Heterodontus_francisci	/rna/liha/phylogenomics_practice/TENT/TENT5/Blast/Results/Chondrichthyes_Heterodontus_francisci/Chondrichthyes_TENT5A-B-C-D.txt
TENT5C_Homo_sapiens	XP_067896845.1	82.228	377	96	0.0	648	terminal nucleotidyltransferase 5C [Heterodontus francisci]	Chondrichthyes_TENT5A-B-C-D.txt	Chondrichthyes_Heterodontus_francisci	/rna/liha/phylogenomics_practice/TENT/TENT5/Blast/Results/Chondrichthyes_Heterodontus_francisci/Chondrichthyes_TENT5A-B-C-D.txt
TENT5C_Homo_sapiens	XP_067882795.1	72.843	394	100	0.0	595	terminal nucleotidyltransferase 5A [Heterodontus francisci]	Chondrichthyes_TENT5A-B-C-D.txt	Chondrichthyes_Heterodontus_francisci	/rna/liha/phylogenomics_practice/TENT/TENT5/Blast/Results/Chondrichthyes_Heterodontus_francisci/Chondrichthyes_TENT5A-B-C-D.txt
TENT5C_Homo_sapiens	XP_067904101.1	72.105	380	97	0.0	561	terminal nucleotidyltransferase 5C-like [Heterodontus francisci]	Chondrichthyes_TENT5A-B-C-D.txt	Chondrichthyes_Heterodontus_francisci	/rna/liha/phylogenomics_practice/TENT/TENT5/Blast/Results/Chondrichthyes_Heterodontus_francisci/Chondrichthyes_TENT5A-B-C-D.txt
TENT5C_Homo_sapiens	XP_067901974.1	40.385	52	13	3.7	30.8	coiled-coil domain-containing protein 73-like [Heterodontus francisci]	Chondrichthyes_TENT5A-B-C-D.txt	Chondrichthyes_Heterodontus_francisci	/rna/liha/phylogenomics_practice/TENT/TENT5/Blast/Results/Chondrichthyes_Heterodontus_francisci/Chondrichthyes_TENT5A-B-C-D.txt
TENT5C_Homo_sapiens	XP_067880175.1	34.211	38	10	7.6	29.6	exostosin-1-like [Heterodontus francisci]	Chondrichthyes_TENT5A-B-C-D.txt	Chondrichthyes_Heterodontus_francisci	/rna/liha/phylogenomics_practice/TENT/TENT5/Blast/Results/Chondrichthyes_Heterodontus_francisci/Chondrichthyes_TENT5A-B-C-D.txt
TENT5C_Homo_sapiens	XP_067901549.1	32.353	68	17	8.2	29.3	proteasome subunit beta type-1 [Heterodontus francisci]	Chondrichthyes_TENT5A-B-C-D.txt	Chondrichthyes_Heterodontus_francisci	/rna/liha/phylogenomics_practice/TENT/TENT5/Blast/Results/Chondrichthyes_Heterodontus_francisci/Chondrichthyes_TENT5A-B-C-D.txt
TENT5D_Homo_sapiens	XP_067904101.1	66.927	384	99	0.0	534	terminal nucleotidyltransferase 5C-like [Heterodontus francisci]	Chondrichthyes_TENT5A-B-C-D.txt	Chondrichthyes_Heterodontus_francisci	/rna/liha/phylogenomics_practice/TENT/TENT5/Blast/Results/Chondrichthyes_Heterodontus_francisci/Chondrichthyes_TENT5A-B-C-D.txt
TENT5D_Homo_sapiens	XP_067882795.1	62.943	367	94	2.80e-172	486	terminal nucleotidyltransferase 5A [Heterodontus francisci]	Chondrichthyes_TENT5A-B-C-D.txt	Chondrichthyes_Heterodontus_francisci	/rna/liha/phylogenomics_practice/TENT/TENT5/Blast/Results/Chondrichthyes_Heterodontus_francisci/Chondrichthyes_TENT5A-B-C-D.txt
TENT5D_Homo_sapiens	XP_067896845.1	60.263	380	97	1.04e-170	482	terminal nucleotidyltransferase 5C [Heterodontus francisci]	Chondrichthyes_TENT5A-B-C-D.txt	Chondrichthyes_Heterodontus_francisci	/rna/liha/phylogenomics_practice/TENT/TENT5/Blast/Results/Chondrichthyes_Heterodontus_francisci/Chondrichthyes_TENT5A-B-C-D.txt
TENT5D_Homo_sapiens	XP_067868071.1	22.941	170	42	1.6	31.6	ciliary microtubule inner protein 2A-like [Heterodontus francisci]	Chondrichthyes_TENT5A-B-C-D.txt	Chondrichthyes_Heterodontus_francisci	/rna/liha/phylogenomics_practice/TENT/TENT5/Blast/Results/Chondrichthyes_Heterodontus_francisci/Chondrichthyes_TENT5A-B-C-D.txt
TENT5A_Homo_sapiens	XP_048387395.1	88.684	380	86	0.0	702	terminal nucleotidyltransferase 5A [Stegostoma tigrinum]	Chondrichthyes_TENT5A-B-C-D.txt	Chondrichthyes_Stegostoma_tigrinum	/rna/liha/phylogenomics_practice/TENT/TENT5/Blast/Results/Chondrichthyes_Stegostoma_tigrinum/Chondrichthyes_TENT5A-B-C-D.txt
TENT5A_Homo_sapiens	XP_048397321.1	75.789	380	86	0.0	593	terminal nucleotidyltransferase 5C [Stegostoma tigrinum]	Chondrichthyes_TENT5A-B-C-D.txt	Chondrichthyes_Stegostoma_tigrinum	/rna/liha/phylogenomics_practice/TENT/TENT5/Blast/Results/Chondrichthyes_Stegostoma_tigrinum/Chondrichthyes_TENT5A-B-C-D.txt
TENT5A_Homo_sapiens	XP_048400967.1	73.713	369	83	0.0	559	terminal nucleotidyltransferase 5C-like isoform X2 [Stegostoma tigrinum]	Chondrichthyes_TENT5A-B-C-D.txt	Chondrichthyes_Stegostoma_tigrinum	/rna/liha/phylogenomics_practice/TENT/TENT5/Blast/Results/Chondrichthyes_Stegostoma_tigrinum/Chondrichthyes_TENT5A-B-C-D.txt
TENT5A_Homo_sapiens	XP_048400968.1	73.713	369	83	0.0	558	terminal nucleotidyltransferase 5C-like isoform X3 [Stegostoma tigrinum]	Chondrichthyes_TENT5A-B-C-D.txt	Chondrichthyes_Stegostoma_tigrinum	/rna/liha/phylogenomics_practice/TENT/TENT5/Blast/Results/Chondrichthyes_Stegostoma_tigrinum/Chondrichthyes_TENT5A-B-C-D.txt
TENT5A_Homo_sapiens	XP_048400969.1	73.713	369	83	0.0	558	terminal nucleotidyltransferase 5C-like isoform X4 [Stegostoma tigrinum]	Chondrichthyes_TENT5A-B-C-D.txt	Chondrichthyes_Stegostoma_tigrinum	/rna/liha/phylogenomics_practice/TENT/TENT5/Blast/Results/Chondrichthyes_Stegostoma_tigrinum/Chondrichthyes_TENT5A-B-C-D.txt
TENT5A_Homo_sapiens	XP_048400966.1	73.713	369	83	0.0	558	terminal nucleotidyltransferase 5C-like isoform X1 [Stegostoma tigrinum]	Chondrichthyes_TENT5A-B-C-D.txt	Chondrichthyes_Stegostoma_tigrinum	/rna/liha/phylogenomics_practice/TENT/TENT5/Blast/Results/Chondrichthyes_Stegostoma_tigrinum/Chondrichthyes_TENT5A-B-C-D.txt
TENT5A_Homo_sapiens	XP_048400971.1	73.713	369	83	0.0	558	terminal nucleotidyltransferase 5C-like isoform X5 [Stegostoma tigrinum]	Chondrichthyes_TENT5A-B-C-D.txt	Chondrichthyes_Stegostoma_tigrinum	/rna/liha/phylogenomics_practice/TENT/TENT5/Blast/Results/Chondrichthyes_Stegostoma_tigrinum/Chondrichthyes_TENT5A-B-C-D.txt
TENT5A_Homo_sapiens	XP_059511163.1	25.490	153	31	0.64	33.5	uncharacterized protein LOC125464303 [Stegostoma tigrinum]	Chondrichthyes_TENT5A-B-C-D.txt	Chondrichthyes_Stegostoma_tigrinum	/rna/liha/phylogenomics_practice/TENT/TENT5/Blast/Results/Chondrichthyes_Stegostoma_tigrinum/Chondrichthyes_TENT5A-B-C-D.txt
TENT5A_Homo_sapiens	XP_059511163.1	24.837	153	31	0.70	33.5	uncharacterized protein LOC125464303 [Stegostoma tigrinum]	Chondrichthyes_TENT5A-B-C-D.txt	Chondrichthyes_Stegostoma_tigrinum	/rna/liha/phylogenomics_practice/TENT/TENT5/Blast/Results/Chondrichthyes_Stegostoma_tigrinum/Chondrichthyes_TENT5A-B-C-D.txt
TENT5B_Homo_sapiens	XP_048387395.1	68.074	379	88	0.0	533	terminal nucleotidyltransferase 5A [Stegostoma tigrinum]	Chondrichthyes_TENT5A-B-C-D.txt	Chondrichthyes_Stegostoma_tigrinum	/rna/liha/phylogenomics_practice/TENT/TENT5/Blast/Results/Chondrichthyes_Stegostoma_tigrinum/Chondrichthyes_TENT5A-B-C-D.txt
TENT5B_Homo_sapiens	XP_048397321.1	62.434	378	88	1.33e-170	483	terminal nucleotidyltransferase 5C [Stegostoma tigrinum]	Chondrichthyes_TENT5A-B-C-D.txt	Chondrichthyes_Stegostoma_tigrinum	/rna/liha/phylogenomics_practice/TENT/TENT5/Blast/Results/Chondrichthyes_Stegostoma_tigrinum/Chondrichthyes_TENT5A-B-C-D.txt
TENT5B_Homo_sapiens	XP_048400971.1	58.289	374	87	1.21e-160	459	terminal nucleotidyltransferase 5C-like isoform X5 [Stegostoma tigrinum]	Chondrichthyes_TENT5A-B-C-D.txt	Chondrichthyes_Stegostoma_tigrinum	/rna/liha/phylogenomics_practice/TENT/TENT5/Blast/Results/Chondrichthyes_Stegostoma_tigrinum/Chondrichthyes_TENT5A-B-C-D.txt
TENT5B_Homo_sapiens	XP_048400969.1	58.289	374	87	1.47e-160	459	terminal nucleotidyltransferase 5C-like isoform X4 [Stegostoma tigrinum]	Chondrichthyes_TENT5A-B-C-D.txt	Chondrichthyes_Stegostoma_tigrinum	/rna/liha/phylogenomics_practice/TENT/TENT5/Blast/Results/Chondrichthyes_Stegostoma_tigrinum/Chondrichthyes_TENT5A-B-C-D.txt
TENT5B_Homo_sapiens	XP_048400967.1	58.289	374	87	1.49e-160	459	terminal nucleotidyltransferase 5C-like isoform X2 [Stegostoma tigrinum]	Chondrichthyes_TENT5A-B-C-D.txt	Chondrichthyes_Stegostoma_tigrinum	/rna/liha/phylogenomics_practice/TENT/TENT5/Blast/Results/Chondrichthyes_Stegostoma_tigrinum/Chondrichthyes_TENT5A-B-C-D.txt
TENT5B_Homo_sapiens	XP_048400968.1	58.289	374	87	1.71e-160	459	terminal nucleotidyltransferase 5C-like isoform X3 [Stegostoma tigrinum]	Chondrichthyes_TENT5A-B-C-D.txt	Chondrichthyes_Stegostoma_tigrinum	/rna/liha/phylogenomics_practice/TENT/TENT5/Blast/Results/Chondrichthyes_Stegostoma_tigrinum/Chondrichthyes_TENT5A-B-C-D.txt
TENT5B_Homo_sapiens	XP_048400966.1	58.289	374	87	1.72e-160	459	terminal nucleotidyltransferase 5C-like isoform X1 [Stegostoma tigrinum]	Chondrichthyes_TENT5A-B-C-D.txt	Chondrichthyes_Stegostoma_tigrinum	/rna/liha/phylogenomics_practice/TENT/TENT5/Blast/Results/Chondrichthyes_Stegostoma_tigrinum/Chondrichthyes_TENT5A-B-C-D.txt
TENT5B_Homo_sapiens	XP_048401675.2	24.615	130	30	0.22	35.0	myosin-binding protein C, cardiac-type [Stegostoma tigrinum]	Chondrichthyes_TENT5A-B-C-D.txt	Chondrichthyes_Stegostoma_tigrinum	/rna/liha/phylogenomics_practice/TENT/TENT5/Blast/Results/Chondrichthyes_Stegostoma_tigrinum/Chondrichthyes_TENT5A-B-C-D.txt
TENT5B_Homo_sapiens	XP_059508769.1	29.730	74	16	9.1	29.6	polycomb group protein ASXL1-like isoform X2 [Stegostoma tigrinum]	Chondrichthyes_TENT5A-B-C-D.txt	Chondrichthyes_Stegostoma_tigrinum	/rna/liha/phylogenomics_practice/TENT/TENT5/Blast/Results/Chondrichthyes_Stegostoma_tigrinum/Chondrichthyes_TENT5A-B-C-D.txt
TENT5B_Homo_sapiens	XP_059508768.1	29.730	74	16	9.2	29.6	polycomb group protein ASXL1-like isoform X1 [Stegostoma tigrinum]	Chondrichthyes_TENT5A-B-C-D.txt	Chondrichthyes_Stegostoma_tigrinum	/rna/liha/phylogenomics_practice/TENT/TENT5/Blast/Results/Chondrichthyes_Stegostoma_tigrinum/Chondrichthyes_TENT5A-B-C-D.txt
TENT5C_Homo_sapiens	XP_048397321.1	81.963	377	96	0.0	644	terminal nucleotidyltransferase 5C [Stegostoma tigrinum]	Chondrichthyes_TENT5A-B-C-D.txt	Chondrichthyes_Stegostoma_tigrinum	/rna/liha/phylogenomics_practice/TENT/TENT5/Blast/Results/Chondrichthyes_Stegostoma_tigrinum/Chondrichthyes_TENT5A-B-C-D.txt
TENT5C_Homo_sapiens	XP_048387395.1	72.843	394	100	0.0	594	terminal nucleotidyltransferase 5A [Stegostoma tigrinum]	Chondrichthyes_TENT5A-B-C-D.txt	Chondrichthyes_Stegostoma_tigrinum	/rna/liha/phylogenomics_practice/TENT/TENT5/Blast/Results/Chondrichthyes_Stegostoma_tigrinum/Chondrichthyes_TENT5A-B-C-D.txt
TENT5C_Homo_sapiens	XP_048400967.1	72.487	378	96	0.0	564	terminal nucleotidyltransferase 5C-like isoform X2 [Stegostoma tigrinum]	Chondrichthyes_TENT5A-B-C-D.txt	Chondrichthyes_Stegostoma_tigrinum	/rna/liha/phylogenomics_practice/TENT/TENT5/Blast/Results/Chondrichthyes_Stegostoma_tigrinum/Chondrichthyes_TENT5A-B-C-D.txt
TENT5C_Homo_sapiens	XP_048400968.1	72.487	378	96	0.0	564	terminal nucleotidyltransferase 5C-like isoform X3 [Stegostoma tigrinum]	Chondrichthyes_TENT5A-B-C-D.txt	Chondrichthyes_Stegostoma_tigrinum	/rna/liha/phylogenomics_practice/TENT/TENT5/Blast/Results/Chondrichthyes_Stegostoma_tigrinum/Chondrichthyes_TENT5A-B-C-D.txt
TENT5C_Homo_sapiens	XP_048400969.1	72.487	378	96	0.0	564	terminal nucleotidyltransferase 5C-like isoform X4 [Stegostoma tigrinum]	Chondrichthyes_TENT5A-B-C-D.txt	Chondrichthyes_Stegostoma_tigrinum	/rna/liha/phylogenomics_practice/TENT/TENT5/Blast/Results/Chondrichthyes_Stegostoma_tigrinum/Chondrichthyes_TENT5A-B-C-D.txt
TENT5C_Homo_sapiens	XP_048400966.1	72.487	378	96	0.0	563	terminal nucleotidyltransferase 5C-like isoform X1 [Stegostoma tigrinum]	Chondrichthyes_TENT5A-B-C-D.txt	Chondrichthyes_Stegostoma_tigrinum	/rna/liha/phylogenomics_practice/TENT/TENT5/Blast/Results/Chondrichthyes_Stegostoma_tigrinum/Chondrichthyes_TENT5A-B-C-D.txt
TENT5C_Homo_sapiens	XP_048400971.1	72.487	378	96	0.0	563	terminal nucleotidyltransferase 5C-like isoform X5 [Stegostoma tigrinum]	Chondrichthyes_TENT5A-B-C-D.txt	Chondrichthyes_Stegostoma_tigrinum	/rna/liha/phylogenomics_practice/TENT/TENT5/Blast/Results/Chondrichthyes_Stegostoma_tigrinum/Chondrichthyes_TENT5A-B-C-D.txt
TENT5C_Homo_sapiens	XP_048396520.1	25.180	139	34	0.30	33.9	PI-PLC X domain-containing protein 2 isoform X1 [Stegostoma tigrinum]	Chondrichthyes_TENT5A-B-C-D.txt	Chondrichthyes_Stegostoma_tigrinum	/rna/liha/phylogenomics_practice/TENT/TENT5/Blast/Results/Chondrichthyes_Stegostoma_tigrinum/Chondrichthyes_TENT5A-B-C-D.txt
TENT5C_Homo_sapiens	XP_048396521.1	25.180	139	34	0.34	33.9	PI-PLC X domain-containing protein 2 isoform X2 [Stegostoma tigrinum]	Chondrichthyes_TENT5A-B-C-D.txt	Chondrichthyes_Stegostoma_tigrinum	/rna/liha/phylogenomics_practice/TENT/TENT5/Blast/Results/Chondrichthyes_Stegostoma_tigrinum/Chondrichthyes_TENT5A-B-C-D.txt
TENT5C_Homo_sapiens	XP_048391386.1	33.824	68	17	2.3	30.8	proteasome subunit beta type-1 [Stegostoma tigrinum]	Chondrichthyes_TENT5A-B-C-D.txt	Chondrichthyes_Stegostoma_tigrinum	/rna/liha/phylogenomics_practice/TENT/TENT5/Blast/Results/Chondrichthyes_Stegostoma_tigrinum/Chondrichthyes_TENT5A-B-C-D.txt
TENT5D_Homo_sapiens	XP_048400967.1	67.188	384	99	0.0	538	terminal nucleotidyltransferase 5C-like isoform X2 [Stegostoma tigrinum]	Chondrichthyes_TENT5A-B-C-D.txt	Chondrichthyes_Stegostoma_tigrinum	/rna/liha/phylogenomics_practice/TENT/TENT5/Blast/Results/Chondrichthyes_Stegostoma_tigrinum/Chondrichthyes_TENT5A-B-C-D.txt
TENT5D_Homo_sapiens	XP_048400969.1	66.839	386	99	0.0	538	terminal nucleotidyltransferase 5C-like isoform X4 [Stegostoma tigrinum]	Chondrichthyes_TENT5A-B-C-D.txt	Chondrichthyes_Stegostoma_tigrinum	/rna/liha/phylogenomics_practice/TENT/TENT5/Blast/Results/Chondrichthyes_Stegostoma_tigrinum/Chondrichthyes_TENT5A-B-C-D.txt
TENT5D_Homo_sapiens	XP_048400966.1	66.839	386	99	0.0	538	terminal nucleotidyltransferase 5C-like isoform X1 [Stegostoma tigrinum]	Chondrichthyes_TENT5A-B-C-D.txt	Chondrichthyes_Stegostoma_tigrinum	/rna/liha/phylogenomics_practice/TENT/TENT5/Blast/Results/Chondrichthyes_Stegostoma_tigrinum/Chondrichthyes_TENT5A-B-C-D.txt
TENT5D_Homo_sapiens	XP_048400971.1	66.839	386	99	0.0	538	terminal nucleotidyltransferase 5C-like isoform X5 [Stegostoma tigrinum]	Chondrichthyes_TENT5A-B-C-D.txt	Chondrichthyes_Stegostoma_tigrinum	/rna/liha/phylogenomics_practice/TENT/TENT5/Blast/Results/Chondrichthyes_Stegostoma_tigrinum/Chondrichthyes_TENT5A-B-C-D.txt
TENT5D_Homo_sapiens	XP_048400968.1	67.188	384	99	0.0	538	terminal nucleotidyltransferase 5C-like isoform X3 [Stegostoma tigrinum]	Chondrichthyes_TENT5A-B-C-D.txt	Chondrichthyes_Stegostoma_tigrinum	/rna/liha/phylogenomics_practice/TENT/TENT5/Blast/Results/Chondrichthyes_Stegostoma_tigrinum/Chondrichthyes_TENT5A-B-C-D.txt
TENT5D_Homo_sapiens	XP_048397321.1	60.526	380	97	9.22e-171	482	terminal nucleotidyltransferase 5C [Stegostoma tigrinum]	Chondrichthyes_TENT5A-B-C-D.txt	Chondrichthyes_Stegostoma_tigrinum	/rna/liha/phylogenomics_practice/TENT/TENT5/Blast/Results/Chondrichthyes_Stegostoma_tigrinum/Chondrichthyes_TENT5A-B-C-D.txt
TENT5D_Homo_sapiens	XP_048387395.1	62.398	367	94	1.01e-170	483	terminal nucleotidyltransferase 5A [Stegostoma tigrinum]	Chondrichthyes_TENT5A-B-C-D.txt	Chondrichthyes_Stegostoma_tigrinum	/rna/liha/phylogenomics_practice/TENT/TENT5/Blast/Results/Chondrichthyes_Stegostoma_tigrinum/Chondrichthyes_TENT5A-B-C-D.txt
TENT5D_Homo_sapiens	XP_048411958.1	26.846	149	35	1.3	32.3	FYVE and coiled-coil domain-containing protein 1 isoform X3 [Stegostoma tigrinum]	Chondrichthyes_TENT5A-B-C-D.txt	Chondrichthyes_Stegostoma_tigrinum	/rna/liha/phylogenomics_practice/TENT/TENT5/Blast/Results/Chondrichthyes_Stegostoma_tigrinum/Chondrichthyes_TENT5A-B-C-D.txt
TENT5D_Homo_sapiens	XP_048411978.1	26.846	149	35	1.3	32.3	FYVE and coiled-coil domain-containing protein 1 isoform X5 [Stegostoma tigrinum]	Chondrichthyes_TENT5A-B-C-D.txt	Chondrichthyes_Stegostoma_tigrinum	/rna/liha/phylogenomics_practice/TENT/TENT5/Blast/Results/Chondrichthyes_Stegostoma_tigrinum/Chondrichthyes_TENT5A-B-C-D.txt
TENT5D_Homo_sapiens	XP_048411986.1	26.846	149	35	1.3	32.3	FYVE and coiled-coil domain-containing protein 1 isoform X6 [Stegostoma tigrinum]	Chondrichthyes_TENT5A-B-C-D.txt	Chondrichthyes_Stegostoma_tigrinum	/rna/liha/phylogenomics_practice/TENT/TENT5/Blast/Results/Chondrichthyes_Stegostoma_tigrinum/Chondrichthyes_TENT5A-B-C-D.txt
TENT5A_Homo_sapiens	XP_055492050.1	86.579	380	86	0.0	685	terminal nucleotidyltransferase 5A [Leucoraja erinaceus]	Chondrichthyes_TENT5A-B-C-D.txt	Chondrichthyes_Leucoraja_erinaceus	/rna/liha/phylogenomics_practice/TENT/TENT5/Blast/Results/Chondrichthyes_Leucoraja_erinaceus/Chondrichthyes_TENT5A-B-C-D.txt
TENT5A_Homo_sapiens	XP_055500212.1	74.737	380	86	0.0	588	terminal nucleotidyltransferase 5C isoform X3 [Leucoraja erinaceus]	Chondrichthyes_TENT5A-B-C-D.txt	Chondrichthyes_Leucoraja_erinaceus	/rna/liha/phylogenomics_practice/TENT/TENT5/Blast/Results/Chondrichthyes_Leucoraja_erinaceus/Chondrichthyes_TENT5A-B-C-D.txt
TENT5A_Homo_sapiens	XP_055500211.1	74.737	380	86	0.0	588	terminal nucleotidyltransferase 5C isoform X2 [Leucoraja erinaceus]	Chondrichthyes_TENT5A-B-C-D.txt	Chondrichthyes_Leucoraja_erinaceus	/rna/liha/phylogenomics_practice/TENT/TENT5/Blast/Results/Chondrichthyes_Leucoraja_erinaceus/Chondrichthyes_TENT5A-B-C-D.txt
TENT5A_Homo_sapiens	XP_055500210.1	74.737	380	86	0.0	588	terminal nucleotidyltransferase 5C isoform X1 [Leucoraja erinaceus]	Chondrichthyes_TENT5A-B-C-D.txt	Chondrichthyes_Leucoraja_erinaceus	/rna/liha/phylogenomics_practice/TENT/TENT5/Blast/Results/Chondrichthyes_Leucoraja_erinaceus/Chondrichthyes_TENT5A-B-C-D.txt
TENT5A_Homo_sapiens	XP_055499361.1	71.543	376	85	0.0	561	terminal nucleotidyltransferase 5A-like [Leucoraja erinaceus]	Chondrichthyes_TENT5A-B-C-D.txt	Chondrichthyes_Leucoraja_erinaceus	/rna/liha/phylogenomics_practice/TENT/TENT5/Blast/Results/Chondrichthyes_Leucoraja_erinaceus/Chondrichthyes_TENT5A-B-C-D.txt
TENT5B_Homo_sapiens	XP_055492050.1	65.796	383	89	0.0	524	terminal nucleotidyltransferase 5A [Leucoraja erinaceus]	Chondrichthyes_TENT5A-B-C-D.txt	Chondrichthyes_Leucoraja_erinaceus	/rna/liha/phylogenomics_practice/TENT/TENT5/Blast/Results/Chondrichthyes_Leucoraja_erinaceus/Chondrichthyes_TENT5A-B-C-D.txt
TENT5B_Homo_sapiens	XP_055500210.1	60.411	389	91	1.70e-169	481	terminal nucleotidyltransferase 5C isoform X1 [Leucoraja erinaceus]	Chondrichthyes_TENT5A-B-C-D.txt	Chondrichthyes_Leucoraja_erinaceus	/rna/liha/phylogenomics_practice/TENT/TENT5/Blast/Results/Chondrichthyes_Leucoraja_erinaceus/Chondrichthyes_TENT5A-B-C-D.txt
TENT5B_Homo_sapiens	XP_055500211.1	60.411	389	91	1.94e-169	481	terminal nucleotidyltransferase 5C isoform X2 [Leucoraja erinaceus]	Chondrichthyes_TENT5A-B-C-D.txt	Chondrichthyes_Leucoraja_erinaceus	/rna/liha/phylogenomics_practice/TENT/TENT5/Blast/Results/Chondrichthyes_Leucoraja_erinaceus/Chondrichthyes_TENT5A-B-C-D.txt
TENT5B_Homo_sapiens	XP_055500212.1	61.640	378	88	3.56e-169	479	terminal nucleotidyltransferase 5C isoform X3 [Leucoraja erinaceus]	Chondrichthyes_TENT5A-B-C-D.txt	Chondrichthyes_Leucoraja_erinaceus	/rna/liha/phylogenomics_practice/TENT/TENT5/Blast/Results/Chondrichthyes_Leucoraja_erinaceus/Chondrichthyes_TENT5A-B-C-D.txt
TENT5B_Homo_sapiens	XP_055499361.1	57.784	379	88	2.46e-159	455	terminal nucleotidyltransferase 5A-like [Leucoraja erinaceus]	Chondrichthyes_TENT5A-B-C-D.txt	Chondrichthyes_Leucoraja_erinaceus	/rna/liha/phylogenomics_practice/TENT/TENT5/Blast/Results/Chondrichthyes_Leucoraja_erinaceus/Chondrichthyes_TENT5A-B-C-D.txt
TENT5B_Homo_sapiens	XP_055502778.1	27.434	113	25	5.5	30.0	uncharacterized protein LOC129704006 [Leucoraja erinaceus]	Chondrichthyes_TENT5A-B-C-D.txt	Chondrichthyes_Leucoraja_erinaceus	/rna/liha/phylogenomics_practice/TENT/TENT5/Blast/Results/Chondrichthyes_Leucoraja_erinaceus/Chondrichthyes_TENT5A-B-C-D.txt
TENT5C_Homo_sapiens	XP_055500211.1	80.890	382	98	0.0	641	terminal nucleotidyltransferase 5C isoform X2 [Leucoraja erinaceus]	Chondrichthyes_TENT5A-B-C-D.txt	Chondrichthyes_Leucoraja_erinaceus	/rna/liha/phylogenomics_practice/TENT/TENT5/Blast/Results/Chondrichthyes_Leucoraja_erinaceus/Chondrichthyes_TENT5A-B-C-D.txt
TENT5C_Homo_sapiens	XP_055500210.1	80.890	382	98	0.0	641	terminal nucleotidyltransferase 5C isoform X1 [Leucoraja erinaceus]	Chondrichthyes_TENT5A-B-C-D.txt	Chondrichthyes_Leucoraja_erinaceus	/rna/liha/phylogenomics_practice/TENT/TENT5/Blast/Results/Chondrichthyes_Leucoraja_erinaceus/Chondrichthyes_TENT5A-B-C-D.txt
TENT5C_Homo_sapiens	XP_055500212.1	80.890	382	98	0.0	640	terminal nucleotidyltransferase 5C isoform X3 [Leucoraja erinaceus]	Chondrichthyes_TENT5A-B-C-D.txt	Chondrichthyes_Leucoraja_erinaceus	/rna/liha/phylogenomics_practice/TENT/TENT5/Blast/Results/Chondrichthyes_Leucoraja_erinaceus/Chondrichthyes_TENT5A-B-C-D.txt
TENT5C_Homo_sapiens	XP_055492050.1	71.827	394	100	0.0	580	terminal nucleotidyltransferase 5A [Leucoraja erinaceus]	Chondrichthyes_TENT5A-B-C-D.txt	Chondrichthyes_Leucoraja_erinaceus	/rna/liha/phylogenomics_practice/TENT/TENT5/Blast/Results/Chondrichthyes_Leucoraja_erinaceus/Chondrichthyes_TENT5A-B-C-D.txt
TENT5C_Homo_sapiens	XP_055499361.1	71.390	374	95	0.0	556	terminal nucleotidyltransferase 5A-like [Leucoraja erinaceus]	Chondrichthyes_TENT5A-B-C-D.txt	Chondrichthyes_Leucoraja_erinaceus	/rna/liha/phylogenomics_practice/TENT/TENT5/Blast/Results/Chondrichthyes_Leucoraja_erinaceus/Chondrichthyes_TENT5A-B-C-D.txt
TENT5C_Homo_sapiens	XP_055490573.1	36.842	38	10	3.0	30.8	exostosin-1-like [Leucoraja erinaceus]	Chondrichthyes_TENT5A-B-C-D.txt	Chondrichthyes_Leucoraja_erinaceus	/rna/liha/phylogenomics_practice/TENT/TENT5/Blast/Results/Chondrichthyes_Leucoraja_erinaceus/Chondrichthyes_TENT5A-B-C-D.txt
TENT5C_Homo_sapiens	XP_055491462.1	34.211	38	10	5.8	29.6	LOW QUALITY PROTEIN: exostosin-1-like [Leucoraja erinaceus]	Chondrichthyes_TENT5A-B-C-D.txt	Chondrichthyes_Leucoraja_erinaceus	/rna/liha/phylogenomics_practice/TENT/TENT5/Blast/Results/Chondrichthyes_Leucoraja_erinaceus/Chondrichthyes_TENT5A-B-C-D.txt
TENT5D_Homo_sapiens	XP_055499361.1	67.188	384	99	0.0	536	terminal nucleotidyltransferase 5A-like [Leucoraja erinaceus]	Chondrichthyes_TENT5A-B-C-D.txt	Chondrichthyes_Leucoraja_erinaceus	/rna/liha/phylogenomics_practice/TENT/TENT5/Blast/Results/Chondrichthyes_Leucoraja_erinaceus/Chondrichthyes_TENT5A-B-C-D.txt
TENT5D_Homo_sapiens	XP_055500212.1	60.647	371	95	2.49e-167	473	terminal nucleotidyltransferase 5C isoform X3 [Leucoraja erinaceus]	Chondrichthyes_TENT5A-B-C-D.txt	Chondrichthyes_Leucoraja_erinaceus	/rna/liha/phylogenomics_practice/TENT/TENT5/Blast/Results/Chondrichthyes_Leucoraja_erinaceus/Chondrichthyes_TENT5A-B-C-D.txt
TENT5D_Homo_sapiens	XP_055500210.1	60.647	371	95	3.08e-167	473	terminal nucleotidyltransferase 5C isoform X1 [Leucoraja erinaceus]	Chondrichthyes_TENT5A-B-C-D.txt	Chondrichthyes_Leucoraja_erinaceus	/rna/liha/phylogenomics_practice/TENT/TENT5/Blast/Results/Chondrichthyes_Leucoraja_erinaceus/Chondrichthyes_TENT5A-B-C-D.txt
TENT5D_Homo_sapiens	XP_055492050.1	60.763	367	94	3.13e-167	473	terminal nucleotidyltransferase 5A [Leucoraja erinaceus]	Chondrichthyes_TENT5A-B-C-D.txt	Chondrichthyes_Leucoraja_erinaceus	/rna/liha/phylogenomics_practice/TENT/TENT5/Blast/Results/Chondrichthyes_Leucoraja_erinaceus/Chondrichthyes_TENT5A-B-C-D.txt
TENT5D_Homo_sapiens	XP_055500211.1	60.647	371	95	3.18e-167	473	terminal nucleotidyltransferase 5C isoform X2 [Leucoraja erinaceus]	Chondrichthyes_TENT5A-B-C-D.txt	Chondrichthyes_Leucoraja_erinaceus	/rna/liha/phylogenomics_practice/TENT/TENT5/Blast/Results/Chondrichthyes_Leucoraja_erinaceus/Chondrichthyes_TENT5A-B-C-D.txt
TENT5D_Homo_sapiens	XP_055509816.1	34.545	55	14	2.4	31.2	E3 ubiquitin-protein ligase rnf213-alpha isoform X2 [Leucoraja erinaceus]	Chondrichthyes_TENT5A-B-C-D.txt	Chondrichthyes_Leucoraja_erinaceus	/rna/liha/phylogenomics_practice/TENT/TENT5/Blast/Results/Chondrichthyes_Leucoraja_erinaceus/Chondrichthyes_TENT5A-B-C-D.txt
TENT5D_Homo_sapiens	XP_055509815.1	34.545	55	14	2.4	31.2	E3 ubiquitin-protein ligase rnf213-alpha isoform X1 [Leucoraja erinaceus]	Chondrichthyes_TENT5A-B-C-D.txt	Chondrichthyes_Leucoraja_erinaceus	/rna/liha/phylogenomics_practice/TENT/TENT5/Blast/Results/Chondrichthyes_Leucoraja_erinaceus/Chondrichthyes_TENT5A-B-C-D.txt
TENT5D_Homo_sapiens	XP_055512562.1	32.308	65	17	5.0	29.6	CAAX prenyl protease 1 homolog [Leucoraja erinaceus]	Chondrichthyes_TENT5A-B-C-D.txt	Chondrichthyes_Leucoraja_erinaceus	/rna/liha/phylogenomics_practice/TENT/TENT5/Blast/Results/Chondrichthyes_Leucoraja_erinaceus/Chondrichthyes_TENT5A-B-C-D.txt
TENT5A_Homo_sapiens	XP_080079901.1	86.053	380	86	0.0	682	terminal nucleotidyltransferase 5A [Raja brachyura]	Chondrichthyes_TENT5A-B-C-D.txt	Chondrichthyes_Raja_brachyura	/rna/liha/phylogenomics_practice/TENT/TENT5/Blast/Results/Chondrichthyes_Raja_brachyura/Chondrichthyes_TENT5A-B-C-D.txt
TENT5A_Homo_sapiens	XP_080089638.1	74.737	380	86	0.0	587	terminal nucleotidyltransferase 5C isoform X2 [Raja brachyura]	Chondrichthyes_TENT5A-B-C-D.txt	Chondrichthyes_Raja_brachyura	/rna/liha/phylogenomics_practice/TENT/TENT5/Blast/Results/Chondrichthyes_Raja_brachyura/Chondrichthyes_TENT5A-B-C-D.txt
TENT5A_Homo_sapiens	XP_080089636.1	74.737	380	86	0.0	587	terminal nucleotidyltransferase 5C isoform X1 [Raja brachyura]	Chondrichthyes_TENT5A-B-C-D.txt	Chondrichthyes_Raja_brachyura	/rna/liha/phylogenomics_practice/TENT/TENT5/Blast/Results/Chondrichthyes_Raja_brachyura/Chondrichthyes_TENT5A-B-C-D.txt
TENT5A_Homo_sapiens	XP_080089732.1	71.277	376	85	0.0	558	terminal nucleotidyltransferase 5A-like [Raja brachyura]	Chondrichthyes_TENT5A-B-C-D.txt	Chondrichthyes_Raja_brachyura	/rna/liha/phylogenomics_practice/TENT/TENT5/Blast/Results/Chondrichthyes_Raja_brachyura/Chondrichthyes_TENT5A-B-C-D.txt
TENT5B_Homo_sapiens	XP_080079901.1	65.796	383	89	0.0	524	terminal nucleotidyltransferase 5A [Raja brachyura]	Chondrichthyes_TENT5A-B-C-D.txt	Chondrichthyes_Raja_brachyura	/rna/liha/phylogenomics_practice/TENT/TENT5/Blast/Results/Chondrichthyes_Raja_brachyura/Chondrichthyes_TENT5A-B-C-D.txt
TENT5B_Homo_sapiens	XP_080089638.1	60.668	389	91	7.46e-170	482	terminal nucleotidyltransferase 5C isoform X2 [Raja brachyura]	Chondrichthyes_TENT5A-B-C-D.txt	Chondrichthyes_Raja_brachyura	/rna/liha/phylogenomics_practice/TENT/TENT5/Blast/Results/Chondrichthyes_Raja_brachyura/Chondrichthyes_TENT5A-B-C-D.txt
TENT5B_Homo_sapiens	XP_080089636.1	61.905	378	88	2.81e-169	480	terminal nucleotidyltransferase 5C isoform X1 [Raja brachyura]	Chondrichthyes_TENT5A-B-C-D.txt	Chondrichthyes_Raja_brachyura	/rna/liha/phylogenomics_practice/TENT/TENT5/Blast/Results/Chondrichthyes_Raja_brachyura/Chondrichthyes_TENT5A-B-C-D.txt
TENT5B_Homo_sapiens	XP_080089732.1	57.407	378	88	5.91e-160	456	terminal nucleotidyltransferase 5A-like [Raja brachyura]	Chondrichthyes_TENT5A-B-C-D.txt	Chondrichthyes_Raja_brachyura	/rna/liha/phylogenomics_practice/TENT/TENT5/Blast/Results/Chondrichthyes_Raja_brachyura/Chondrichthyes_TENT5A-B-C-D.txt
TENT5B_Homo_sapiens	XP_080089673.1	32.222	90	20	0.58	33.5	cilia- and flagella-associated protein 47-like [Raja brachyura]	Chondrichthyes_TENT5A-B-C-D.txt	Chondrichthyes_Raja_brachyura	/rna/liha/phylogenomics_practice/TENT/TENT5/Blast/Results/Chondrichthyes_Raja_brachyura/Chondrichthyes_TENT5A-B-C-D.txt
TENT5B_Homo_sapiens	XP_080086315.1	27.907	86	20	7.1	29.6	leucine-rich repeat protein 1 isoform X2 [Raja brachyura]	Chondrichthyes_TENT5A-B-C-D.txt	Chondrichthyes_Raja_brachyura	/rna/liha/phylogenomics_practice/TENT/TENT5/Blast/Results/Chondrichthyes_Raja_brachyura/Chondrichthyes_TENT5A-B-C-D.txt
TENT5B_Homo_sapiens	XP_080086314.1	27.907	86	20	8.0	29.3	leucine-rich repeat protein 1 isoform X1 [Raja brachyura]	Chondrichthyes_TENT5A-B-C-D.txt	Chondrichthyes_Raja_brachyura	/rna/liha/phylogenomics_practice/TENT/TENT5/Blast/Results/Chondrichthyes_Raja_brachyura/Chondrichthyes_TENT5A-B-C-D.txt
TENT5C_Homo_sapiens	XP_080089638.1	80.890	382	98	0.0	640	terminal nucleotidyltransferase 5C isoform X2 [Raja brachyura]	Chondrichthyes_TENT5A-B-C-D.txt	Chondrichthyes_Raja_brachyura	/rna/liha/phylogenomics_practice/TENT/TENT5/Blast/Results/Chondrichthyes_Raja_brachyura/Chondrichthyes_TENT5A-B-C-D.txt
TENT5C_Homo_sapiens	XP_080089636.1	80.890	382	98	0.0	639	terminal nucleotidyltransferase 5C isoform X1 [Raja brachyura]	Chondrichthyes_TENT5A-B-C-D.txt	Chondrichthyes_Raja_brachyura	/rna/liha/phylogenomics_practice/TENT/TENT5/Blast/Results/Chondrichthyes_Raja_brachyura/Chondrichthyes_TENT5A-B-C-D.txt
TENT5C_Homo_sapiens	XP_080079901.1	71.574	394	100	0.0	580	terminal nucleotidyltransferase 5A [Raja brachyura]	Chondrichthyes_TENT5A-B-C-D.txt	Chondrichthyes_Raja_brachyura	/rna/liha/phylogenomics_practice/TENT/TENT5/Blast/Results/Chondrichthyes_Raja_brachyura/Chondrichthyes_TENT5A-B-C-D.txt
TENT5C_Homo_sapiens	XP_080089732.1	69.786	374	95	0.0	545	terminal nucleotidyltransferase 5A-like [Raja brachyura]	Chondrichthyes_TENT5A-B-C-D.txt	Chondrichthyes_Raja_brachyura	/rna/liha/phylogenomics_practice/TENT/TENT5/Blast/Results/Chondrichthyes_Raja_brachyura/Chondrichthyes_TENT5A-B-C-D.txt
TENT5C_Homo_sapiens	XP_080078223.1	36.842	38	10	3.4	30.8	exostosin-1-like [Raja brachyura]	Chondrichthyes_TENT5A-B-C-D.txt	Chondrichthyes_Raja_brachyura	/rna/liha/phylogenomics_practice/TENT/TENT5/Blast/Results/Chondrichthyes_Raja_brachyura/Chondrichthyes_TENT5A-B-C-D.txt
TENT5C_Homo_sapiens	XP_080080661.1	34.211	38	10	6.3	29.6	exostosin-1-like [Raja brachyura]	Chondrichthyes_TENT5A-B-C-D.txt	Chondrichthyes_Raja_brachyura	/rna/liha/phylogenomics_practice/TENT/TENT5/Blast/Results/Chondrichthyes_Raja_brachyura/Chondrichthyes_TENT5A-B-C-D.txt
TENT5C_Homo_sapiens	XP_080089673.1	26.667	90	22	7.7	29.6	cilia- and flagella-associated protein 47-like [Raja brachyura]	Chondrichthyes_TENT5A-B-C-D.txt	Chondrichthyes_Raja_brachyura	/rna/liha/phylogenomics_practice/TENT/TENT5/Blast/Results/Chondrichthyes_Raja_brachyura/Chondrichthyes_TENT5A-B-C-D.txt
TENT5D_Homo_sapiens	XP_080089732.1	67.448	384	99	0.0	538	terminal nucleotidyltransferase 5A-like [Raja brachyura]	Chondrichthyes_TENT5A-B-C-D.txt	Chondrichthyes_Raja_brachyura	/rna/liha/phylogenomics_practice/TENT/TENT5/Blast/Results/Chondrichthyes_Raja_brachyura/Chondrichthyes_TENT5A-B-C-D.txt
TENT5D_Homo_sapiens	XP_080079901.1	61.035	367	94	9.86e-168	475	terminal nucleotidyltransferase 5A [Raja brachyura]	Chondrichthyes_TENT5A-B-C-D.txt	Chondrichthyes_Raja_brachyura	/rna/liha/phylogenomics_practice/TENT/TENT5/Blast/Results/Chondrichthyes_Raja_brachyura/Chondrichthyes_TENT5A-B-C-D.txt
TENT5D_Homo_sapiens	XP_080089636.1	60.647	371	95	1.58e-166	471	terminal nucleotidyltransferase 5C isoform X1 [Raja brachyura]	Chondrichthyes_TENT5A-B-C-D.txt	Chondrichthyes_Raja_brachyura	/rna/liha/phylogenomics_practice/TENT/TENT5/Blast/Results/Chondrichthyes_Raja_brachyura/Chondrichthyes_TENT5A-B-C-D.txt
TENT5D_Homo_sapiens	XP_080089638.1	60.647	371	95	1.68e-166	472	terminal nucleotidyltransferase 5C isoform X2 [Raja brachyura]	Chondrichthyes_TENT5A-B-C-D.txt	Chondrichthyes_Raja_brachyura	/rna/liha/phylogenomics_practice/TENT/TENT5/Blast/Results/Chondrichthyes_Raja_brachyura/Chondrichthyes_TENT5A-B-C-D.txt
TENT5D_Homo_sapiens	XP_080091408.1	25.000	136	34	1.9	31.2	mineralocorticoid receptor isoform X3 [Raja brachyura]	Chondrichthyes_TENT5A-B-C-D.txt	Chondrichthyes_Raja_brachyura	/rna/liha/phylogenomics_practice/TENT/TENT5/Blast/Results/Chondrichthyes_Raja_brachyura/Chondrichthyes_TENT5A-B-C-D.txt
TENT5D_Homo_sapiens	XP_080091376.1	25.185	135	34	5.0	30.0	mineralocorticoid receptor isoform X1 [Raja brachyura]	Chondrichthyes_TENT5A-B-C-D.txt	Chondrichthyes_Raja_brachyura	/rna/liha/phylogenomics_practice/TENT/TENT5/Blast/Results/Chondrichthyes_Raja_brachyura/Chondrichthyes_TENT5A-B-C-D.txt
TENT5D_Homo_sapiens	XP_080091383.1	25.185	135	34	5.1	30.0	mineralocorticoid receptor isoform X2 [Raja brachyura]	Chondrichthyes_TENT5A-B-C-D.txt	Chondrichthyes_Raja_brachyura	/rna/liha/phylogenomics_practice/TENT/TENT5/Blast/Results/Chondrichthyes_Raja_brachyura/Chondrichthyes_TENT5A-B-C-D.txt
TENT5D_Homo_sapiens	XP_080103756.1	32.308	65	17	5.5	29.6	CAAX prenyl protease 1 homolog [Raja brachyura]	Chondrichthyes_TENT5A-B-C-D.txt	Chondrichthyes_Raja_brachyura	/rna/liha/phylogenomics_practice/TENT/TENT5/Blast/Results/Chondrichthyes_Raja_brachyura/Chondrichthyes_TENT5A-B-C-D.txt
TENT5D_Homo_sapiens	XP_080090783.1	24.627	134	32	8.0	29.3	chloride channel protein 2-like [Raja brachyura]	Chondrichthyes_TENT5A-B-C-D.txt	Chondrichthyes_Raja_brachyura	/rna/liha/phylogenomics_practice/TENT/TENT5/Blast/Results/Chondrichthyes_Raja_brachyura/Chondrichthyes_TENT5A-B-C-D.txt
TENT5A_Homo_sapiens	YP_254632.1	24.590	61	18	0.55	21.2	NADH dehydrogenase subunit 4 [Okamejei kenojei]	Chondrichthyes_TENT5A-B-C-D.txt	Chondrichthyes_Okamejei_kenojei	/rna/liha/phylogenomics_practice/TENT/TENT5/Blast/Results/Chondrichthyes_Okamejei_kenojei/Chondrichthyes_TENT5A-B-C-D.txt
TENT5A_Homo_sapiens	YP_254632.1	29.032	31	18	1.4	20.0	NADH dehydrogenase subunit 4 [Okamejei kenojei]	Chondrichthyes_TENT5A-B-C-D.txt	Chondrichthyes_Okamejei_kenojei	/rna/liha/phylogenomics_practice/TENT/TENT5/Blast/Results/Chondrichthyes_Okamejei_kenojei/Chondrichthyes_TENT5A-B-C-D.txt
TENT5A_Homo_sapiens	YP_254632.1	36.842	19	18	3.5	18.5	NADH dehydrogenase subunit 4 [Okamejei kenojei]	Chondrichthyes_TENT5A-B-C-D.txt	Chondrichthyes_Okamejei_kenojei	/rna/liha/phylogenomics_practice/TENT/TENT5/Blast/Results/Chondrichthyes_Okamejei_kenojei/Chondrichthyes_TENT5A-B-C-D.txt
TENT5A_Homo_sapiens	YP_254628.1	33.333	18	4	3.5	18.5	ATP synthase F0 subunit 6 [Okamejei kenojei]	Chondrichthyes_TENT5A-B-C-D.txt	Chondrichthyes_Okamejei_kenojei	/rna/liha/phylogenomics_practice/TENT/TENT5/Blast/Results/Chondrichthyes_Okamejei_kenojei/Chondrichthyes_TENT5A-B-C-D.txt
TENT5B_Homo_sapiens	YP_254633.1	26.471	34	8	6.1	17.7	NADH dehydrogenase subunit 5 [Okamejei kenojei]	Chondrichthyes_TENT5A-B-C-D.txt	Chondrichthyes_Okamejei_kenojei	/rna/liha/phylogenomics_practice/TENT/TENT5/Blast/Results/Chondrichthyes_Okamejei_kenojei/Chondrichthyes_TENT5A-B-C-D.txt
TENT5C_Homo_sapiens	YP_254623.1	32.000	25	6	2.7	18.9	NADH dehydrogenase subunit 1 [Okamejei kenojei]	Chondrichthyes_TENT5A-B-C-D.txt	Chondrichthyes_Okamejei_kenojei	/rna/liha/phylogenomics_practice/TENT/TENT5/Blast/Results/Chondrichthyes_Okamejei_kenojei/Chondrichthyes_TENT5A-B-C-D.txt
TENT5C_Homo_sapiens	YP_254633.1	36.000	25	6	4.2	18.1	NADH dehydrogenase subunit 5 [Okamejei kenojei]	Chondrichthyes_TENT5A-B-C-D.txt	Chondrichthyes_Okamejei_kenojei	/rna/liha/phylogenomics_practice/TENT/TENT5/Blast/Results/Chondrichthyes_Okamejei_kenojei/Chondrichthyes_TENT5A-B-C-D.txt
TENT5C_Homo_sapiens	YP_254625.1	27.586	29	7	7.2	17.3	cytochrome c oxidase subunit I [Okamejei kenojei]	Chondrichthyes_TENT5A-B-C-D.txt	Chondrichthyes_Okamejei_kenojei	/rna/liha/phylogenomics_practice/TENT/TENT5/Blast/Results/Chondrichthyes_Okamejei_kenojei/Chondrichthyes_TENT5A-B-C-D.txt
TENT5D_Homo_sapiens	YP_254632.1	40.909	22	10	1.1	20.0	NADH dehydrogenase subunit 4 [Okamejei kenojei]	Chondrichthyes_TENT5A-B-C-D.txt	Chondrichthyes_Okamejei_kenojei	/rna/liha/phylogenomics_practice/TENT/TENT5/Blast/Results/Chondrichthyes_Okamejei_kenojei/Chondrichthyes_TENT5A-B-C-D.txt
TENT5D_Homo_sapiens	YP_254632.1	26.667	15	10	4.2	18.1	NADH dehydrogenase subunit 4 [Okamejei kenojei]	Chondrichthyes_TENT5A-B-C-D.txt	Chondrichthyes_Okamejei_kenojei	/rna/liha/phylogenomics_practice/TENT/TENT5/Blast/Results/Chondrichthyes_Okamejei_kenojei/Chondrichthyes_TENT5A-B-C-D.txt
TENT5D_Homo_sapiens	YP_254632.1	41.176	17	10	5.5	17.7	NADH dehydrogenase subunit 4 [Okamejei kenojei]	Chondrichthyes_TENT5A-B-C-D.txt	Chondrichthyes_Okamejei_kenojei	/rna/liha/phylogenomics_practice/TENT/TENT5/Blast/Results/Chondrichthyes_Okamejei_kenojei/Chondrichthyes_TENT5A-B-C-D.txt
TENT5D_Homo_sapiens	YP_254634.1	62.500	8	2	4.0	18.1	NADH dehydrogenase subunit 6 [Okamejei kenojei]	Chondrichthyes_TENT5A-B-C-D.txt	Chondrichthyes_Okamejei_kenojei	/rna/liha/phylogenomics_practice/TENT/TENT5/Blast/Results/Chondrichthyes_Okamejei_kenojei/Chondrichthyes_TENT5A-B-C-D.txt
TENT5D_Homo_sapiens	YP_254626.1	26.471	68	17	4.5	18.1	cytochrome c oxidase subunit II [Okamejei kenojei]	Chondrichthyes_TENT5A-B-C-D.txt	Chondrichthyes_Okamejei_kenojei	/rna/liha/phylogenomics_practice/TENT/TENT5/Blast/Results/Chondrichthyes_Okamejei_kenojei/Chondrichthyes_TENT5A-B-C-D.txt
TENT5A_Homo_sapiens	YP_010242275.1	27.869	61	14	0.13	23.5	NADH dehydrogenase subunit 4 [Torpedo marmorata]	Chondrichthyes_TENT5A-B-C-D.txt	Chondrichthyes_Torpedo_marmorata	/rna/liha/phylogenomics_practice/TENT/TENT5/Blast/Results/Chondrichthyes_Torpedo_marmorata/Chondrichthyes_TENT5A-B-C-D.txt
TENT5A_Homo_sapiens	YP_010242275.1	32.258	31	14	0.77	20.8	NADH dehydrogenase subunit 4 [Torpedo marmorata]	Chondrichthyes_TENT5A-B-C-D.txt	Chondrichthyes_Torpedo_marmorata	/rna/liha/phylogenomics_practice/TENT/TENT5/Blast/Results/Chondrichthyes_Torpedo_marmorata/Chondrichthyes_TENT5A-B-C-D.txt
TENT5A_Homo_sapiens	YP_010242271.1	31.579	19	4	6.1	17.7	ATP synthase F0 subunit 6 [Torpedo marmorata]	Chondrichthyes_TENT5A-B-C-D.txt	Chondrichthyes_Torpedo_marmorata	/rna/liha/phylogenomics_practice/TENT/TENT5/Blast/Results/Chondrichthyes_Torpedo_marmorata/Chondrichthyes_TENT5A-B-C-D.txt
TENT5B_Homo_sapiens	YP_010242276.1	26.471	34	8	7.0	17.7	NADH dehydrogenase subunit 5 [Torpedo marmorata]	Chondrichthyes_TENT5A-B-C-D.txt	Chondrichthyes_Torpedo_marmorata	/rna/liha/phylogenomics_practice/TENT/TENT5/Blast/Results/Chondrichthyes_Torpedo_marmorata/Chondrichthyes_TENT5A-B-C-D.txt
TENT5C_Homo_sapiens	YP_010242271.1	30.303	33	8	3.7	18.5	ATP synthase F0 subunit 6 [Torpedo marmorata]	Chondrichthyes_TENT5A-B-C-D.txt	Chondrichthyes_Torpedo_marmorata	/rna/liha/phylogenomics_practice/TENT/TENT5/Blast/Results/Chondrichthyes_Torpedo_marmorata/Chondrichthyes_TENT5A-B-C-D.txt
TENT5C_Homo_sapiens	YP_010242276.1	29.114	79	18	7.1	17.7	NADH dehydrogenase subunit 5 [Torpedo marmorata]	Chondrichthyes_TENT5A-B-C-D.txt	Chondrichthyes_Torpedo_marmorata	/rna/liha/phylogenomics_practice/TENT/TENT5/Blast/Results/Chondrichthyes_Torpedo_marmorata/Chondrichthyes_TENT5A-B-C-D.txt
TENT5D_Homo_sapiens	YP_010242275.1	32.432	37	9	0.38	21.6	NADH dehydrogenase subunit 4 [Torpedo marmorata]	Chondrichthyes_TENT5A-B-C-D.txt	Chondrichthyes_Torpedo_marmorata	/rna/liha/phylogenomics_practice/TENT/TENT5/Blast/Results/Chondrichthyes_Torpedo_marmorata/Chondrichthyes_TENT5A-B-C-D.txt
TENT5D_Homo_sapiens	YP_010242275.1	33.333	15	9	2.4	19.2	NADH dehydrogenase subunit 4 [Torpedo marmorata]	Chondrichthyes_TENT5A-B-C-D.txt	Chondrichthyes_Torpedo_marmorata	/rna/liha/phylogenomics_practice/TENT/TENT5/Blast/Results/Chondrichthyes_Torpedo_marmorata/Chondrichthyes_TENT5A-B-C-D.txt
TENT5D_Homo_sapiens	YP_010242277.1	62.500	8	2	4.5	18.1	NADH dehydrogenase subunit 6 [Torpedo marmorata]	Chondrichthyes_TENT5A-B-C-D.txt	Chondrichthyes_Torpedo_marmorata	/rna/liha/phylogenomics_practice/TENT/TENT5/Blast/Results/Chondrichthyes_Torpedo_marmorata/Chondrichthyes_TENT5A-B-C-D.txt
TENT5A_Homo_sapiens	XP_070741672.1	88.684	380	86	0.0	703	terminal nucleotidyltransferase 5A [Pristiophorus japonicus]	Chondrichthyes_TENT5A-B-C-D.txt	Chondrichthyes_Pristiophorus_japonicus	/rna/liha/phylogenomics_practice/TENT/TENT5/Blast/Results/Chondrichthyes_Pristiophorus_japonicus/Chondrichthyes_TENT5A-B-C-D.txt
TENT5A_Homo_sapiens	XP_070749601.1	75.526	380	86	0.0	593	terminal nucleotidyltransferase 5C [Pristiophorus japonicus]	Chondrichthyes_TENT5A-B-C-D.txt	Chondrichthyes_Pristiophorus_japonicus	/rna/liha/phylogenomics_practice/TENT/TENT5/Blast/Results/Chondrichthyes_Pristiophorus_japonicus/Chondrichthyes_TENT5A-B-C-D.txt
TENT5A_Homo_sapiens	XP_070738233.1	73.210	377	85	0.0	566	terminal nucleotidyltransferase 5C-like [Pristiophorus japonicus]	Chondrichthyes_TENT5A-B-C-D.txt	Chondrichthyes_Pristiophorus_japonicus	/rna/liha/phylogenomics_practice/TENT/TENT5/Blast/Results/Chondrichthyes_Pristiophorus_japonicus/Chondrichthyes_TENT5A-B-C-D.txt
TENT5B_Homo_sapiens	XP_070741672.1	68.602	379	88	0.0	539	terminal nucleotidyltransferase 5A [Pristiophorus japonicus]	Chondrichthyes_TENT5A-B-C-D.txt	Chondrichthyes_Pristiophorus_japonicus	/rna/liha/phylogenomics_practice/TENT/TENT5/Blast/Results/Chondrichthyes_Pristiophorus_japonicus/Chondrichthyes_TENT5A-B-C-D.txt
TENT5B_Homo_sapiens	XP_070749601.1	61.905	378	88	4.95e-170	482	terminal nucleotidyltransferase 5C [Pristiophorus japonicus]	Chondrichthyes_TENT5A-B-C-D.txt	Chondrichthyes_Pristiophorus_japonicus	/rna/liha/phylogenomics_practice/TENT/TENT5/Blast/Results/Chondrichthyes_Pristiophorus_japonicus/Chondrichthyes_TENT5A-B-C-D.txt
TENT5B_Homo_sapiens	XP_070738233.1	59.626	374	87	3.49e-162	462	terminal nucleotidyltransferase 5C-like [Pristiophorus japonicus]	Chondrichthyes_TENT5A-B-C-D.txt	Chondrichthyes_Pristiophorus_japonicus	/rna/liha/phylogenomics_practice/TENT/TENT5/Blast/Results/Chondrichthyes_Pristiophorus_japonicus/Chondrichthyes_TENT5A-B-C-D.txt
TENT5B_Homo_sapiens	XP_070726538.1	44.828	29	7	0.81	32.7	C3a anaphylatoxin chemotactic receptor-like [Pristiophorus japonicus]	Chondrichthyes_TENT5A-B-C-D.txt	Chondrichthyes_Pristiophorus_japonicus	/rna/liha/phylogenomics_practice/TENT/TENT5/Blast/Results/Chondrichthyes_Pristiophorus_japonicus/Chondrichthyes_TENT5A-B-C-D.txt
TENT5B_Homo_sapiens	XP_070733032.1	30.357	56	13	1.8	32.0	kinesin-like protein KIF20B [Pristiophorus japonicus]	Chondrichthyes_TENT5A-B-C-D.txt	Chondrichthyes_Pristiophorus_japonicus	/rna/liha/phylogenomics_practice/TENT/TENT5/Blast/Results/Chondrichthyes_Pristiophorus_japonicus/Chondrichthyes_TENT5A-B-C-D.txt
TENT5B_Homo_sapiens	XP_070752300.1	33.784	74	16	4.7	30.4	polycomb group protein ASXL1 isoform X4 [Pristiophorus japonicus]	Chondrichthyes_TENT5A-B-C-D.txt	Chondrichthyes_Pristiophorus_japonicus	/rna/liha/phylogenomics_practice/TENT/TENT5/Blast/Results/Chondrichthyes_Pristiophorus_japonicus/Chondrichthyes_TENT5A-B-C-D.txt
TENT5B_Homo_sapiens	XP_070752301.1	33.784	74	16	4.7	30.4	polycomb group protein ASXL1 isoform X5 [Pristiophorus japonicus]	Chondrichthyes_TENT5A-B-C-D.txt	Chondrichthyes_Pristiophorus_japonicus	/rna/liha/phylogenomics_practice/TENT/TENT5/Blast/Results/Chondrichthyes_Pristiophorus_japonicus/Chondrichthyes_TENT5A-B-C-D.txt
TENT5B_Homo_sapiens	XP_070752299.1	33.784	74	16	4.7	30.4	polycomb group protein ASXL1 isoform X3 [Pristiophorus japonicus]	Chondrichthyes_TENT5A-B-C-D.txt	Chondrichthyes_Pristiophorus_japonicus	/rna/liha/phylogenomics_practice/TENT/TENT5/Blast/Results/Chondrichthyes_Pristiophorus_japonicus/Chondrichthyes_TENT5A-B-C-D.txt
TENT5B_Homo_sapiens	XP_070752298.1	33.784	74	16	4.7	30.4	polycomb group protein ASXL1 isoform X2 [Pristiophorus japonicus]	Chondrichthyes_TENT5A-B-C-D.txt	Chondrichthyes_Pristiophorus_japonicus	/rna/liha/phylogenomics_practice/TENT/TENT5/Blast/Results/Chondrichthyes_Pristiophorus_japonicus/Chondrichthyes_TENT5A-B-C-D.txt
TENT5B_Homo_sapiens	XP_070752297.1	33.784	74	16	4.7	30.4	polycomb group protein ASXL1 isoform X1 [Pristiophorus japonicus]	Chondrichthyes_TENT5A-B-C-D.txt	Chondrichthyes_Pristiophorus_japonicus	/rna/liha/phylogenomics_practice/TENT/TENT5/Blast/Results/Chondrichthyes_Pristiophorus_japonicus/Chondrichthyes_TENT5A-B-C-D.txt
TENT5C_Homo_sapiens	XP_070749601.1	81.963	377	96	0.0	642	terminal nucleotidyltransferase 5C [Pristiophorus japonicus]	Chondrichthyes_TENT5A-B-C-D.txt	Chondrichthyes_Pristiophorus_japonicus	/rna/liha/phylogenomics_practice/TENT/TENT5/Blast/Results/Chondrichthyes_Pristiophorus_japonicus/Chondrichthyes_TENT5A-B-C-D.txt
TENT5C_Homo_sapiens	XP_070741672.1	72.843	394	100	0.0	599	terminal nucleotidyltransferase 5A [Pristiophorus japonicus]	Chondrichthyes_TENT5A-B-C-D.txt	Chondrichthyes_Pristiophorus_japonicus	/rna/liha/phylogenomics_practice/TENT/TENT5/Blast/Results/Chondrichthyes_Pristiophorus_japonicus/Chondrichthyes_TENT5A-B-C-D.txt
TENT5C_Homo_sapiens	XP_070738233.1	73.545	378	96	0.0	570	terminal nucleotidyltransferase 5C-like [Pristiophorus japonicus]	Chondrichthyes_TENT5A-B-C-D.txt	Chondrichthyes_Pristiophorus_japonicus	/rna/liha/phylogenomics_practice/TENT/TENT5/Blast/Results/Chondrichthyes_Pristiophorus_japonicus/Chondrichthyes_TENT5A-B-C-D.txt
TENT5C_Homo_sapiens	XP_070745261.1	32.353	68	17	4.2	30.0	proteasome subunit beta type-1 [Pristiophorus japonicus]	Chondrichthyes_TENT5A-B-C-D.txt	Chondrichthyes_Pristiophorus_japonicus	/rna/liha/phylogenomics_practice/TENT/TENT5/Blast/Results/Chondrichthyes_Pristiophorus_japonicus/Chondrichthyes_TENT5A-B-C-D.txt
TENT5C_Homo_sapiens	XP_070725907.1	32.432	74	18	6.2	29.3	proteasome subunit beta type-1-B-like [Pristiophorus japonicus]	Chondrichthyes_TENT5A-B-C-D.txt	Chondrichthyes_Pristiophorus_japonicus	/rna/liha/phylogenomics_practice/TENT/TENT5/Blast/Results/Chondrichthyes_Pristiophorus_japonicus/Chondrichthyes_TENT5A-B-C-D.txt
TENT5C_Homo_sapiens	XP_070740293.1	34.211	38	10	6.8	29.6	exostosin-1-like [Pristiophorus japonicus]	Chondrichthyes_TENT5A-B-C-D.txt	Chondrichthyes_Pristiophorus_japonicus	/rna/liha/phylogenomics_practice/TENT/TENT5/Blast/Results/Chondrichthyes_Pristiophorus_japonicus/Chondrichthyes_TENT5A-B-C-D.txt
TENT5C_Homo_sapiens	XP_070741175.1	33.333	45	12	9.1	29.6	apolipoprotein B-100 [Pristiophorus japonicus]	Chondrichthyes_TENT5A-B-C-D.txt	Chondrichthyes_Pristiophorus_japonicus	/rna/liha/phylogenomics_practice/TENT/TENT5/Blast/Results/Chondrichthyes_Pristiophorus_japonicus/Chondrichthyes_TENT5A-B-C-D.txt
TENT5C_Homo_sapiens	XP_070731914.1	24.719	89	20	9.4	29.3	dual specificity calcium/calmodulin-dependent 3',5'-cyclic nucleotide phosphodiesterase 1A-like [Pristiophorus japonicus]	Chondrichthyes_TENT5A-B-C-D.txt	Chondrichthyes_Pristiophorus_japonicus	/rna/liha/phylogenomics_practice/TENT/TENT5/Blast/Results/Chondrichthyes_Pristiophorus_japonicus/Chondrichthyes_TENT5A-B-C-D.txt
TENT5D_Homo_sapiens	XP_070738233.1	67.448	384	99	0.0	539	terminal nucleotidyltransferase 5C-like [Pristiophorus japonicus]	Chondrichthyes_TENT5A-B-C-D.txt	Chondrichthyes_Pristiophorus_japonicus	/rna/liha/phylogenomics_practice/TENT/TENT5/Blast/Results/Chondrichthyes_Pristiophorus_japonicus/Chondrichthyes_TENT5A-B-C-D.txt
TENT5D_Homo_sapiens	XP_070741672.1	62.670	367	94	6.09e-172	486	terminal nucleotidyltransferase 5A [Pristiophorus japonicus]	Chondrichthyes_TENT5A-B-C-D.txt	Chondrichthyes_Pristiophorus_japonicus	/rna/liha/phylogenomics_practice/TENT/TENT5/Blast/Results/Chondrichthyes_Pristiophorus_japonicus/Chondrichthyes_TENT5A-B-C-D.txt
TENT5D_Homo_sapiens	XP_070749601.1	60.000	380	97	7.81e-169	477	terminal nucleotidyltransferase 5C [Pristiophorus japonicus]	Chondrichthyes_TENT5A-B-C-D.txt	Chondrichthyes_Pristiophorus_japonicus	/rna/liha/phylogenomics_practice/TENT/TENT5/Blast/Results/Chondrichthyes_Pristiophorus_japonicus/Chondrichthyes_TENT5A-B-C-D.txt
TENT5D_Homo_sapiens	XP_070716152.1	27.481	131	32	0.34	33.9	zinc finger protein 462-like isoform X4 [Pristiophorus japonicus]	Chondrichthyes_TENT5A-B-C-D.txt	Chondrichthyes_Pristiophorus_japonicus	/rna/liha/phylogenomics_practice/TENT/TENT5/Blast/Results/Chondrichthyes_Pristiophorus_japonicus/Chondrichthyes_TENT5A-B-C-D.txt
TENT5D_Homo_sapiens	XP_070716151.1	27.481	131	32	0.38	33.9	zinc finger protein 462-like isoform X3 [Pristiophorus japonicus]	Chondrichthyes_TENT5A-B-C-D.txt	Chondrichthyes_Pristiophorus_japonicus	/rna/liha/phylogenomics_practice/TENT/TENT5/Blast/Results/Chondrichthyes_Pristiophorus_japonicus/Chondrichthyes_TENT5A-B-C-D.txt
TENT5D_Homo_sapiens	XP_070716150.1	27.481	131	32	0.39	33.9	zinc finger protein 462-like isoform X2 [Pristiophorus japonicus]	Chondrichthyes_TENT5A-B-C-D.txt	Chondrichthyes_Pristiophorus_japonicus	/rna/liha/phylogenomics_practice/TENT/TENT5/Blast/Results/Chondrichthyes_Pristiophorus_japonicus/Chondrichthyes_TENT5A-B-C-D.txt
TENT5D_Homo_sapiens	XP_070716148.1	27.481	131	32	0.39	33.9	zinc finger protein 462-like isoform X1 [Pristiophorus japonicus]	Chondrichthyes_TENT5A-B-C-D.txt	Chondrichthyes_Pristiophorus_japonicus	/rna/liha/phylogenomics_practice/TENT/TENT5/Blast/Results/Chondrichthyes_Pristiophorus_japonicus/Chondrichthyes_TENT5A-B-C-D.txt
TENT5D_Homo_sapiens	XP_070716154.1	27.481	131	32	0.40	33.9	uncharacterized protein [Pristiophorus japonicus]	Chondrichthyes_TENT5A-B-C-D.txt	Chondrichthyes_Pristiophorus_japonicus	/rna/liha/phylogenomics_practice/TENT/TENT5/Blast/Results/Chondrichthyes_Pristiophorus_japonicus/Chondrichthyes_TENT5A-B-C-D.txt
TENT5D_Homo_sapiens	XP_070754922.1	32.308	65	17	6.0	29.6	CAAX prenyl protease 1 homolog [Pristiophorus japonicus]	Chondrichthyes_TENT5A-B-C-D.txt	Chondrichthyes_Pristiophorus_japonicus	/rna/liha/phylogenomics_practice/TENT/TENT5/Blast/Results/Chondrichthyes_Pristiophorus_japonicus/Chondrichthyes_TENT5A-B-C-D.txt
TENT5D_Homo_sapiens	XP_070727581.1	24.265	136	34	9.4	28.9	mineralocorticoid receptor-like [Pristiophorus japonicus]	Chondrichthyes_TENT5A-B-C-D.txt	Chondrichthyes_Pristiophorus_japonicus	/rna/liha/phylogenomics_practice/TENT/TENT5/Blast/Results/Chondrichthyes_Pristiophorus_japonicus/Chondrichthyes_TENT5A-B-C-D.txt
TENT5A_Homo_sapiens	XP_062896412.1	86.842	380	86	0.0	688	terminal nucleotidyltransferase 5A [Hypanus sabinus]	Chondrichthyes_TENT5A-B-C-D.txt	Chondrichthyes_Mobula_hypostoma	/rna/liha/phylogenomics_practice/TENT/TENT5/Blast/Results/Chondrichthyes_Mobula_hypostoma/Chondrichthyes_TENT5A-B-C-D.txt
TENT5A_Homo_sapiens	XP_062906785.1	74.737	380	86	0.0	592	terminal nucleotidyltransferase 5C [Mobula hypostoma]	Chondrichthyes_TENT5A-B-C-D.txt	Chondrichthyes_Mobula_hypostoma	/rna/liha/phylogenomics_practice/TENT/TENT5/Blast/Results/Chondrichthyes_Mobula_hypostoma/Chondrichthyes_TENT5A-B-C-D.txt
TENT5A_Homo_sapiens	XP_062917399.1	69.309	391	88	0.0	558	terminal nucleotidyltransferase 5C-like [Mobula hypostoma]	Chondrichthyes_TENT5A-B-C-D.txt	Chondrichthyes_Mobula_hypostoma	/rna/liha/phylogenomics_practice/TENT/TENT5/Blast/Results/Chondrichthyes_Mobula_hypostoma/Chondrichthyes_TENT5A-B-C-D.txt
TENT5B_Homo_sapiens	XP_062896412.1	67.546	379	88	0.0	533	terminal nucleotidyltransferase 5A [Hypanus sabinus]	Chondrichthyes_TENT5A-B-C-D.txt	Chondrichthyes_Mobula_hypostoma	/rna/liha/phylogenomics_practice/TENT/TENT5/Blast/Results/Chondrichthyes_Mobula_hypostoma/Chondrichthyes_TENT5A-B-C-D.txt
TENT5B_Homo_sapiens	XP_062906785.1	61.376	378	88	2.46e-169	480	terminal nucleotidyltransferase 5C [Mobula hypostoma]	Chondrichthyes_TENT5A-B-C-D.txt	Chondrichthyes_Mobula_hypostoma	/rna/liha/phylogenomics_practice/TENT/TENT5/Blast/Results/Chondrichthyes_Mobula_hypostoma/Chondrichthyes_TENT5A-B-C-D.txt
TENT5B_Homo_sapiens	XP_062917399.1	58.115	382	89	1.05e-160	459	terminal nucleotidyltransferase 5C-like [Mobula hypostoma]	Chondrichthyes_TENT5A-B-C-D.txt	Chondrichthyes_Mobula_hypostoma	/rna/liha/phylogenomics_practice/TENT/TENT5/Blast/Results/Chondrichthyes_Mobula_hypostoma/Chondrichthyes_TENT5A-B-C-D.txt
TENT5C_Homo_sapiens	XP_062906785.1	81.432	377	96	0.0	642	terminal nucleotidyltransferase 5C [Mobula hypostoma]	Chondrichthyes_TENT5A-B-C-D.txt	Chondrichthyes_Mobula_hypostoma	/rna/liha/phylogenomics_practice/TENT/TENT5/Blast/Results/Chondrichthyes_Mobula_hypostoma/Chondrichthyes_TENT5A-B-C-D.txt
TENT5C_Homo_sapiens	XP_062896412.1	72.335	394	100	0.0	588	terminal nucleotidyltransferase 5A [Hypanus sabinus]	Chondrichthyes_TENT5A-B-C-D.txt	Chondrichthyes_Mobula_hypostoma	/rna/liha/phylogenomics_practice/TENT/TENT5/Blast/Results/Chondrichthyes_Mobula_hypostoma/Chondrichthyes_TENT5A-B-C-D.txt
TENT5C_Homo_sapiens	XP_062917399.1	71.314	373	95	0.0	562	terminal nucleotidyltransferase 5C-like [Mobula hypostoma]	Chondrichthyes_TENT5A-B-C-D.txt	Chondrichthyes_Mobula_hypostoma	/rna/liha/phylogenomics_practice/TENT/TENT5/Blast/Results/Chondrichthyes_Mobula_hypostoma/Chondrichthyes_TENT5A-B-C-D.txt
TENT5C_Homo_sapiens	XP_062900980.1	38.298	47	10	4.0	30.4	phenylalanine--tRNA ligase beta subunit isoform X2 [Mobula hypostoma]	Chondrichthyes_TENT5A-B-C-D.txt	Chondrichthyes_Mobula_hypostoma	/rna/liha/phylogenomics_practice/TENT/TENT5/Blast/Results/Chondrichthyes_Mobula_hypostoma/Chondrichthyes_TENT5A-B-C-D.txt
TENT5C_Homo_sapiens	XP_062900978.1	38.298	47	10	4.1	30.4	phenylalanine--tRNA ligase beta subunit isoform X1 [Mobula hypostoma]	Chondrichthyes_TENT5A-B-C-D.txt	Chondrichthyes_Mobula_hypostoma	/rna/liha/phylogenomics_practice/TENT/TENT5/Blast/Results/Chondrichthyes_Mobula_hypostoma/Chondrichthyes_TENT5A-B-C-D.txt
TENT5C_Homo_sapiens	XP_062891964.1	34.211	38	10	6.9	29.6	exostosin-1-like [Mobula hypostoma]	Chondrichthyes_TENT5A-B-C-D.txt	Chondrichthyes_Mobula_hypostoma	/rna/liha/phylogenomics_practice/TENT/TENT5/Blast/Results/Chondrichthyes_Mobula_hypostoma/Chondrichthyes_TENT5A-B-C-D.txt
TENT5D_Homo_sapiens	XP_062917399.1	67.188	384	99	0.0	531	terminal nucleotidyltransferase 5C-like [Mobula hypostoma]	Chondrichthyes_TENT5A-B-C-D.txt	Chondrichthyes_Mobula_hypostoma	/rna/liha/phylogenomics_practice/TENT/TENT5/Blast/Results/Chondrichthyes_Mobula_hypostoma/Chondrichthyes_TENT5A-B-C-D.txt
TENT5D_Homo_sapiens	XP_062896412.1	62.125	367	94	3.16e-170	481	terminal nucleotidyltransferase 5A [Hypanus sabinus]	Chondrichthyes_TENT5A-B-C-D.txt	Chondrichthyes_Mobula_hypostoma	/rna/liha/phylogenomics_practice/TENT/TENT5/Blast/Results/Chondrichthyes_Mobula_hypostoma/Chondrichthyes_TENT5A-B-C-D.txt
TENT5D_Homo_sapiens	XP_062906785.1	59.737	380	97	8.51e-169	477	terminal nucleotidyltransferase 5C [Mobula hypostoma]	Chondrichthyes_TENT5A-B-C-D.txt	Chondrichthyes_Mobula_hypostoma	/rna/liha/phylogenomics_practice/TENT/TENT5/Blast/Results/Chondrichthyes_Mobula_hypostoma/Chondrichthyes_TENT5A-B-C-D.txt
TENT5D_Homo_sapiens	XP_062891113.1	32.308	65	17	5.9	30.0	CAAX prenyl protease 1 homolog [Mobula hypostoma]	Chondrichthyes_TENT5A-B-C-D.txt	Chondrichthyes_Mobula_hypostoma	/rna/liha/phylogenomics_practice/TENT/TENT5/Blast/Results/Chondrichthyes_Mobula_hypostoma/Chondrichthyes_TENT5A-B-C-D.txt
TENT5A_Homo_sapiens	XP_072106204.1	86.842	380	86	0.0	688	terminal nucleotidyltransferase 5A [Hypanus sabinus]	Chondrichthyes_TENT5A-B-C-D.txt	Chondrichthyes_Mobula_birostris	/rna/liha/phylogenomics_practice/TENT/TENT5/Blast/Results/Chondrichthyes_Mobula_birostris/Chondrichthyes_TENT5A-B-C-D.txt
TENT5A_Homo_sapiens	XP_072116458.1	75.000	380	86	0.0	591	terminal nucleotidyltransferase 5C [Mobula birostris]	Chondrichthyes_TENT5A-B-C-D.txt	Chondrichthyes_Mobula_birostris	/rna/liha/phylogenomics_practice/TENT/TENT5/Blast/Results/Chondrichthyes_Mobula_birostris/Chondrichthyes_TENT5A-B-C-D.txt
TENT5A_Homo_sapiens	XP_072127328.1	72.087	369	83	0.0	555	terminal nucleotidyltransferase 5A-like [Mobula birostris]	Chondrichthyes_TENT5A-B-C-D.txt	Chondrichthyes_Mobula_birostris	/rna/liha/phylogenomics_practice/TENT/TENT5/Blast/Results/Chondrichthyes_Mobula_birostris/Chondrichthyes_TENT5A-B-C-D.txt
TENT5A_Homo_sapiens	XP_072107788.1	41.304	46	10	0.85	33.1	uncharacterized protein [Mobula birostris]	Chondrichthyes_TENT5A-B-C-D.txt	Chondrichthyes_Mobula_birostris	/rna/liha/phylogenomics_practice/TENT/TENT5/Blast/Results/Chondrichthyes_Mobula_birostris/Chondrichthyes_TENT5A-B-C-D.txt
TENT5B_Homo_sapiens	XP_072106204.1	67.546	379	88	0.0	533	terminal nucleotidyltransferase 5A [Hypanus sabinus]	Chondrichthyes_TENT5A-B-C-D.txt	Chondrichthyes_Mobula_birostris	/rna/liha/phylogenomics_practice/TENT/TENT5/Blast/Results/Chondrichthyes_Mobula_birostris/Chondrichthyes_TENT5A-B-C-D.txt
TENT5B_Homo_sapiens	XP_072116458.1	61.640	378	88	2.28e-169	480	terminal nucleotidyltransferase 5C [Mobula birostris]	Chondrichthyes_TENT5A-B-C-D.txt	Chondrichthyes_Mobula_birostris	/rna/liha/phylogenomics_practice/TENT/TENT5/Blast/Results/Chondrichthyes_Mobula_birostris/Chondrichthyes_TENT5A-B-C-D.txt
TENT5B_Homo_sapiens	XP_072127328.1	57.853	382	89	1.35e-161	461	terminal nucleotidyltransferase 5A-like [Mobula birostris]	Chondrichthyes_TENT5A-B-C-D.txt	Chondrichthyes_Mobula_birostris	/rna/liha/phylogenomics_practice/TENT/TENT5/Blast/Results/Chondrichthyes_Mobula_birostris/Chondrichthyes_TENT5A-B-C-D.txt
TENT5B_Homo_sapiens	XP_072098281.1	21.875	128	25	7.3	29.6	regulator of G-protein signaling 9-like isoform X1 [Mobula birostris]	Chondrichthyes_TENT5A-B-C-D.txt	Chondrichthyes_Mobula_birostris	/rna/liha/phylogenomics_practice/TENT/TENT5/Blast/Results/Chondrichthyes_Mobula_birostris/Chondrichthyes_TENT5A-B-C-D.txt
TENT5C_Homo_sapiens	XP_072116458.1	82.228	377	96	0.0	645	terminal nucleotidyltransferase 5C [Mobula birostris]	Chondrichthyes_TENT5A-B-C-D.txt	Chondrichthyes_Mobula_birostris	/rna/liha/phylogenomics_practice/TENT/TENT5/Blast/Results/Chondrichthyes_Mobula_birostris/Chondrichthyes_TENT5A-B-C-D.txt
TENT5C_Homo_sapiens	XP_072106204.1	72.335	394	100	0.0	588	terminal nucleotidyltransferase 5A [Hypanus sabinus]	Chondrichthyes_TENT5A-B-C-D.txt	Chondrichthyes_Mobula_birostris	/rna/liha/phylogenomics_practice/TENT/TENT5/Blast/Results/Chondrichthyes_Mobula_birostris/Chondrichthyes_TENT5A-B-C-D.txt
TENT5C_Homo_sapiens	XP_072127328.1	70.777	373	95	0.0	555	terminal nucleotidyltransferase 5A-like [Mobula birostris]	Chondrichthyes_TENT5A-B-C-D.txt	Chondrichthyes_Mobula_birostris	/rna/liha/phylogenomics_practice/TENT/TENT5/Blast/Results/Chondrichthyes_Mobula_birostris/Chondrichthyes_TENT5A-B-C-D.txt
TENT5C_Homo_sapiens	XP_072107504.1	34.211	38	10	7.0	29.6	exostosin-1-like [Mobula birostris]	Chondrichthyes_TENT5A-B-C-D.txt	Chondrichthyes_Mobula_birostris	/rna/liha/phylogenomics_practice/TENT/TENT5/Blast/Results/Chondrichthyes_Mobula_birostris/Chondrichthyes_TENT5A-B-C-D.txt
TENT5D_Homo_sapiens	XP_072127328.1	66.406	384	99	0.0	523	terminal nucleotidyltransferase 5A-like [Mobula birostris]	Chondrichthyes_TENT5A-B-C-D.txt	Chondrichthyes_Mobula_birostris	/rna/liha/phylogenomics_practice/TENT/TENT5/Blast/Results/Chondrichthyes_Mobula_birostris/Chondrichthyes_TENT5A-B-C-D.txt
TENT5D_Homo_sapiens	XP_072106204.1	62.125	367	94	3.31e-170	481	terminal nucleotidyltransferase 5A [Hypanus sabinus]	Chondrichthyes_TENT5A-B-C-D.txt	Chondrichthyes_Mobula_birostris	/rna/liha/phylogenomics_practice/TENT/TENT5/Blast/Results/Chondrichthyes_Mobula_birostris/Chondrichthyes_TENT5A-B-C-D.txt
TENT5D_Homo_sapiens	XP_072116458.1	60.000	380	97	8.07e-169	477	terminal nucleotidyltransferase 5C [Mobula birostris]	Chondrichthyes_TENT5A-B-C-D.txt	Chondrichthyes_Mobula_birostris	/rna/liha/phylogenomics_practice/TENT/TENT5/Blast/Results/Chondrichthyes_Mobula_birostris/Chondrichthyes_TENT5A-B-C-D.txt
TENT5D_Homo_sapiens	XP_072095789.1	25.424	59	14	3.9	30.0	uncharacterized protein [Mobula birostris]	Chondrichthyes_TENT5A-B-C-D.txt	Chondrichthyes_Mobula_birostris	/rna/liha/phylogenomics_practice/TENT/TENT5/Blast/Results/Chondrichthyes_Mobula_birostris/Chondrichthyes_TENT5A-B-C-D.txt
TENT5D_Homo_sapiens	XP_072098281.1	22.727	66	17	4.4	30.4	regulator of G-protein signaling 9-like isoform X1 [Mobula birostris]	Chondrichthyes_TENT5A-B-C-D.txt	Chondrichthyes_Mobula_birostris	/rna/liha/phylogenomics_practice/TENT/TENT5/Blast/Results/Chondrichthyes_Mobula_birostris/Chondrichthyes_TENT5A-B-C-D.txt
TENT5D_Homo_sapiens	XP_072102470.1	32.308	65	17	6.3	30.0	CAAX prenyl protease 1 homolog [Mobula birostris]	Chondrichthyes_TENT5A-B-C-D.txt	Chondrichthyes_Mobula_birostris	/rna/liha/phylogenomics_practice/TENT/TENT5/Blast/Results/Chondrichthyes_Mobula_birostris/Chondrichthyes_TENT5A-B-C-D.txt
TENT5A_Homo_sapiens	XP_072355906.1	88.421	380	86	0.0	698	terminal nucleotidyltransferase 5A [Scyliorhinus torazame]	Chondrichthyes_TENT5A-B-C-D.txt	Chondrichthyes_Scyliorhinus_torazame	/rna/liha/phylogenomics_practice/TENT/TENT5/Blast/Results/Chondrichthyes_Scyliorhinus_torazame/Chondrichthyes_TENT5A-B-C-D.txt
TENT5A_Homo_sapiens	XP_072369869.1	75.789	380	86	0.0	598	terminal nucleotidyltransferase 5C [Scyliorhinus torazame]	Chondrichthyes_TENT5A-B-C-D.txt	Chondrichthyes_Scyliorhinus_torazame	/rna/liha/phylogenomics_practice/TENT/TENT5/Blast/Results/Chondrichthyes_Scyliorhinus_torazame/Chondrichthyes_TENT5A-B-C-D.txt
TENT5A_Homo_sapiens	XP_072361243.1	72.074	376	85	0.0	558	terminal nucleotidyltransferase 5C-like isoform X1 [Scyliorhinus torazame]	Chondrichthyes_TENT5A-B-C-D.txt	Chondrichthyes_Scyliorhinus_torazame	/rna/liha/phylogenomics_practice/TENT/TENT5/Blast/Results/Chondrichthyes_Scyliorhinus_torazame/Chondrichthyes_TENT5A-B-C-D.txt
TENT5A_Homo_sapiens	XP_072361244.1	72.074	376	85	0.0	557	terminal nucleotidyltransferase 5C-like isoform X2 [Scyliorhinus torazame]	Chondrichthyes_TENT5A-B-C-D.txt	Chondrichthyes_Scyliorhinus_torazame	/rna/liha/phylogenomics_practice/TENT/TENT5/Blast/Results/Chondrichthyes_Scyliorhinus_torazame/Chondrichthyes_TENT5A-B-C-D.txt
TENT5B_Homo_sapiens	XP_072355906.1	67.810	379	88	0.0	533	terminal nucleotidyltransferase 5A [Scyliorhinus torazame]	Chondrichthyes_TENT5A-B-C-D.txt	Chondrichthyes_Scyliorhinus_torazame	/rna/liha/phylogenomics_practice/TENT/TENT5/Blast/Results/Chondrichthyes_Scyliorhinus_torazame/Chondrichthyes_TENT5A-B-C-D.txt
TENT5B_Homo_sapiens	XP_072369869.1	62.698	378	88	1.61e-172	488	terminal nucleotidyltransferase 5C [Scyliorhinus torazame]	Chondrichthyes_TENT5A-B-C-D.txt	Chondrichthyes_Scyliorhinus_torazame	/rna/liha/phylogenomics_practice/TENT/TENT5/Blast/Results/Chondrichthyes_Scyliorhinus_torazame/Chondrichthyes_TENT5A-B-C-D.txt
TENT5B_Homo_sapiens	XP_072361244.1	57.754	374	87	1.01e-159	456	terminal nucleotidyltransferase 5C-like isoform X2 [Scyliorhinus torazame]	Chondrichthyes_TENT5A-B-C-D.txt	Chondrichthyes_Scyliorhinus_torazame	/rna/liha/phylogenomics_practice/TENT/TENT5/Blast/Results/Chondrichthyes_Scyliorhinus_torazame/Chondrichthyes_TENT5A-B-C-D.txt
TENT5B_Homo_sapiens	XP_072361243.1	57.754	374	87	2.35e-159	456	terminal nucleotidyltransferase 5C-like isoform X1 [Scyliorhinus torazame]	Chondrichthyes_TENT5A-B-C-D.txt	Chondrichthyes_Scyliorhinus_torazame	/rna/liha/phylogenomics_practice/TENT/TENT5/Blast/Results/Chondrichthyes_Scyliorhinus_torazame/Chondrichthyes_TENT5A-B-C-D.txt
TENT5B_Homo_sapiens	XP_072337083.1	22.481	129	29	5.3	30.4	probable G-protein coupled receptor 146 [Scyliorhinus torazame]	Chondrichthyes_TENT5A-B-C-D.txt	Chondrichthyes_Scyliorhinus_torazame	/rna/liha/phylogenomics_practice/TENT/TENT5/Blast/Results/Chondrichthyes_Scyliorhinus_torazame/Chondrichthyes_TENT5A-B-C-D.txt
TENT5B_Homo_sapiens	XP_072330002.1	27.586	87	18	8.3	30.0	short transient receptor potential channel 1 isoform X3 [Scyliorhinus torazame]	Chondrichthyes_TENT5A-B-C-D.txt	Chondrichthyes_Scyliorhinus_torazame	/rna/liha/phylogenomics_practice/TENT/TENT5/Blast/Results/Chondrichthyes_Scyliorhinus_torazame/Chondrichthyes_TENT5A-B-C-D.txt
TENT5B_Homo_sapiens	XP_072330001.1	27.586	87	18	8.5	30.0	short transient receptor potential channel 1 isoform X2 [Scyliorhinus torazame]	Chondrichthyes_TENT5A-B-C-D.txt	Chondrichthyes_Scyliorhinus_torazame	/rna/liha/phylogenomics_practice/TENT/TENT5/Blast/Results/Chondrichthyes_Scyliorhinus_torazame/Chondrichthyes_TENT5A-B-C-D.txt
TENT5B_Homo_sapiens	XP_072330000.1	27.586	87	18	8.7	30.0	short transient receptor potential channel 1 isoform X1 [Scyliorhinus torazame]	Chondrichthyes_TENT5A-B-C-D.txt	Chondrichthyes_Scyliorhinus_torazame	/rna/liha/phylogenomics_practice/TENT/TENT5/Blast/Results/Chondrichthyes_Scyliorhinus_torazame/Chondrichthyes_TENT5A-B-C-D.txt
TENT5C_Homo_sapiens	XP_072369869.1	81.963	377	96	0.0	640	terminal nucleotidyltransferase 5C [Scyliorhinus torazame]	Chondrichthyes_TENT5A-B-C-D.txt	Chondrichthyes_Scyliorhinus_torazame	/rna/liha/phylogenomics_practice/TENT/TENT5/Blast/Results/Chondrichthyes_Scyliorhinus_torazame/Chondrichthyes_TENT5A-B-C-D.txt
TENT5C_Homo_sapiens	XP_072355906.1	72.081	394	100	0.0	590	terminal nucleotidyltransferase 5A [Scyliorhinus torazame]	Chondrichthyes_TENT5A-B-C-D.txt	Chondrichthyes_Scyliorhinus_torazame	/rna/liha/phylogenomics_practice/TENT/TENT5/Blast/Results/Chondrichthyes_Scyliorhinus_torazame/Chondrichthyes_TENT5A-B-C-D.txt
TENT5C_Homo_sapiens	XP_072361243.1	71.693	378	96	0.0	563	terminal nucleotidyltransferase 5C-like isoform X1 [Scyliorhinus torazame]	Chondrichthyes_TENT5A-B-C-D.txt	Chondrichthyes_Scyliorhinus_torazame	/rna/liha/phylogenomics_practice/TENT/TENT5/Blast/Results/Chondrichthyes_Scyliorhinus_torazame/Chondrichthyes_TENT5A-B-C-D.txt
TENT5C_Homo_sapiens	XP_072361244.1	71.693	378	96	0.0	562	terminal nucleotidyltransferase 5C-like isoform X2 [Scyliorhinus torazame]	Chondrichthyes_TENT5A-B-C-D.txt	Chondrichthyes_Scyliorhinus_torazame	/rna/liha/phylogenomics_practice/TENT/TENT5/Blast/Results/Chondrichthyes_Scyliorhinus_torazame/Chondrichthyes_TENT5A-B-C-D.txt
TENT5C_Homo_sapiens	XP_072348777.1	27.778	72	18	1.7	32.0	sorting nexin-33 [Scyliorhinus torazame]	Chondrichthyes_TENT5A-B-C-D.txt	Chondrichthyes_Scyliorhinus_torazame	/rna/liha/phylogenomics_practice/TENT/TENT5/Blast/Results/Chondrichthyes_Scyliorhinus_torazame/Chondrichthyes_TENT5A-B-C-D.txt
TENT5C_Homo_sapiens	XP_072355104.1	36.842	38	10	3.4	31.2	exostosin-1-like isoform X2 [Scyliorhinus torazame]	Chondrichthyes_TENT5A-B-C-D.txt	Chondrichthyes_Scyliorhinus_torazame	/rna/liha/phylogenomics_practice/TENT/TENT5/Blast/Results/Chondrichthyes_Scyliorhinus_torazame/Chondrichthyes_TENT5A-B-C-D.txt
TENT5C_Homo_sapiens	XP_072356139.1	23.348	227	49	5.0	30.8	DNA polymerase zeta catalytic subunit [Scyliorhinus torazame]	Chondrichthyes_TENT5A-B-C-D.txt	Chondrichthyes_Scyliorhinus_torazame	/rna/liha/phylogenomics_practice/TENT/TENT5/Blast/Results/Chondrichthyes_Scyliorhinus_torazame/Chondrichthyes_TENT5A-B-C-D.txt
TENT5C_Homo_sapiens	XP_072369134.1	30.882	68	17	6.0	29.6	LOW QUALITY PROTEIN: proteasome subunit beta type-1 [Scyliorhinus torazame]	Chondrichthyes_TENT5A-B-C-D.txt	Chondrichthyes_Scyliorhinus_torazame	/rna/liha/phylogenomics_practice/TENT/TENT5/Blast/Results/Chondrichthyes_Scyliorhinus_torazame/Chondrichthyes_TENT5A-B-C-D.txt
TENT5C_Homo_sapiens	XP_072330636.1	38.298	47	10	7.8	29.6	phenylalanine--tRNA ligase beta subunit [Scyliorhinus torazame]	Chondrichthyes_TENT5A-B-C-D.txt	Chondrichthyes_Scyliorhinus_torazame	/rna/liha/phylogenomics_practice/TENT/TENT5/Blast/Results/Chondrichthyes_Scyliorhinus_torazame/Chondrichthyes_TENT5A-B-C-D.txt
TENT5D_Homo_sapiens	XP_072361243.1	66.667	384	99	0.0	535	terminal nucleotidyltransferase 5C-like isoform X1 [Scyliorhinus torazame]	Chondrichthyes_TENT5A-B-C-D.txt	Chondrichthyes_Scyliorhinus_torazame	/rna/liha/phylogenomics_practice/TENT/TENT5/Blast/Results/Chondrichthyes_Scyliorhinus_torazame/Chondrichthyes_TENT5A-B-C-D.txt
TENT5D_Homo_sapiens	XP_072361244.1	66.667	384	99	0.0	535	terminal nucleotidyltransferase 5C-like isoform X2 [Scyliorhinus torazame]	Chondrichthyes_TENT5A-B-C-D.txt	Chondrichthyes_Scyliorhinus_torazame	/rna/liha/phylogenomics_practice/TENT/TENT5/Blast/Results/Chondrichthyes_Scyliorhinus_torazame/Chondrichthyes_TENT5A-B-C-D.txt
TENT5D_Homo_sapiens	XP_072369869.1	60.789	380	97	1.67e-172	487	terminal nucleotidyltransferase 5C [Scyliorhinus torazame]	Chondrichthyes_TENT5A-B-C-D.txt	Chondrichthyes_Scyliorhinus_torazame	/rna/liha/phylogenomics_practice/TENT/TENT5/Blast/Results/Chondrichthyes_Scyliorhinus_torazame/Chondrichthyes_TENT5A-B-C-D.txt
TENT5D_Homo_sapiens	XP_072355906.1	62.125	367	94	5.00e-169	478	terminal nucleotidyltransferase 5A [Scyliorhinus torazame]	Chondrichthyes_TENT5A-B-C-D.txt	Chondrichthyes_Scyliorhinus_torazame	/rna/liha/phylogenomics_practice/TENT/TENT5/Blast/Results/Chondrichthyes_Scyliorhinus_torazame/Chondrichthyes_TENT5A-B-C-D.txt
TENT5D_Homo_sapiens	XP_072352187.1	25.185	135	34	1.9	32.0	mineralocorticoid receptor isoform X1 [Scyliorhinus torazame]	Chondrichthyes_TENT5A-B-C-D.txt	Chondrichthyes_Scyliorhinus_torazame	/rna/liha/phylogenomics_practice/TENT/TENT5/Blast/Results/Chondrichthyes_Scyliorhinus_torazame/Chondrichthyes_TENT5A-B-C-D.txt
TENT5D_Homo_sapiens	XP_072352188.1	25.185	135	34	2.1	31.6	mineralocorticoid receptor isoform X2 [Scyliorhinus torazame]	Chondrichthyes_TENT5A-B-C-D.txt	Chondrichthyes_Scyliorhinus_torazame	/rna/liha/phylogenomics_practice/TENT/TENT5/Blast/Results/Chondrichthyes_Scyliorhinus_torazame/Chondrichthyes_TENT5A-B-C-D.txt
TENT5D_Homo_sapiens	XP_072339706.1	32.692	52	13	2.5	31.6	E3 ubiquitin-protein ligase rnf213-alpha-like isoform X1 [Scyliorhinus torazame]	Chondrichthyes_TENT5A-B-C-D.txt	Chondrichthyes_Scyliorhinus_torazame	/rna/liha/phylogenomics_practice/TENT/TENT5/Blast/Results/Chondrichthyes_Scyliorhinus_torazame/Chondrichthyes_TENT5A-B-C-D.txt
TENT5D_Homo_sapiens	XP_072339707.1	32.692	52	13	2.6	31.6	E3 ubiquitin-protein ligase rnf213-alpha-like isoform X2 [Scyliorhinus torazame]	Chondrichthyes_TENT5A-B-C-D.txt	Chondrichthyes_Scyliorhinus_torazame	/rna/liha/phylogenomics_practice/TENT/TENT5/Blast/Results/Chondrichthyes_Scyliorhinus_torazame/Chondrichthyes_TENT5A-B-C-D.txt
TENT5D_Homo_sapiens	XP_072368323.1	22.535	71	18	8.0	30.0	dual E2 ubiquitin-conjugating enzyme/E3 ubiquitin-protein ligase BIRC6 isoform X4 [Scyliorhinus torazame]	Chondrichthyes_TENT5A-B-C-D.txt	Chondrichthyes_Scyliorhinus_torazame	/rna/liha/phylogenomics_practice/TENT/TENT5/Blast/Results/Chondrichthyes_Scyliorhinus_torazame/Chondrichthyes_TENT5A-B-C-D.txt
TENT5D_Homo_sapiens	XP_072368319.1	22.535	71	18	8.0	30.0	dual E2 ubiquitin-conjugating enzyme/E3 ubiquitin-protein ligase BIRC6 isoform X3 [Scyliorhinus torazame]	Chondrichthyes_TENT5A-B-C-D.txt	Chondrichthyes_Scyliorhinus_torazame	/rna/liha/phylogenomics_practice/TENT/TENT5/Blast/Results/Chondrichthyes_Scyliorhinus_torazame/Chondrichthyes_TENT5A-B-C-D.txt
TENT5A_Homo_sapiens	XP_007903243.1	87.895	380	86	0.0	699	terminal nucleotidyltransferase 5A [Callorhinchus milii]	Chondrichthyes_TENT5A-B-C-D.txt	Chondrichthyes_Callorhinchus_milii	/rna/liha/phylogenomics_practice/TENT/TENT5/Blast/Results/Chondrichthyes_Callorhinchus_milii/Chondrichthyes_TENT5A-B-C-D.txt
TENT5A_Homo_sapiens	XP_007894052.1	75.789	380	86	0.0	599	terminal nucleotidyltransferase 5C [Callorhinchus milii]	Chondrichthyes_TENT5A-B-C-D.txt	Chondrichthyes_Callorhinchus_milii	/rna/liha/phylogenomics_practice/TENT/TENT5/Blast/Results/Chondrichthyes_Callorhinchus_milii/Chondrichthyes_TENT5A-B-C-D.txt
TENT5A_Homo_sapiens	XP_007890286.2	73.475	377	85	0.0	568	terminal nucleotidyltransferase 5C-like [Callorhinchus milii]	Chondrichthyes_TENT5A-B-C-D.txt	Chondrichthyes_Callorhinchus_milii	/rna/liha/phylogenomics_practice/TENT/TENT5/Blast/Results/Chondrichthyes_Callorhinchus_milii/Chondrichthyes_TENT5A-B-C-D.txt
TENT5B_Homo_sapiens	XP_007903243.1	67.810	379	88	0.0	535	terminal nucleotidyltransferase 5A [Callorhinchus milii]	Chondrichthyes_TENT5A-B-C-D.txt	Chondrichthyes_Callorhinchus_milii	/rna/liha/phylogenomics_practice/TENT/TENT5/Blast/Results/Chondrichthyes_Callorhinchus_milii/Chondrichthyes_TENT5A-B-C-D.txt
TENT5B_Homo_sapiens	XP_007894052.1	61.436	376	88	1.32e-171	485	terminal nucleotidyltransferase 5C [Callorhinchus milii]	Chondrichthyes_TENT5A-B-C-D.txt	Chondrichthyes_Callorhinchus_milii	/rna/liha/phylogenomics_practice/TENT/TENT5/Blast/Results/Chondrichthyes_Callorhinchus_milii/Chondrichthyes_TENT5A-B-C-D.txt
TENT5B_Homo_sapiens	XP_007890286.2	59.309	376	88	3.33e-161	460	terminal nucleotidyltransferase 5C-like [Callorhinchus milii]	Chondrichthyes_TENT5A-B-C-D.txt	Chondrichthyes_Callorhinchus_milii	/rna/liha/phylogenomics_practice/TENT/TENT5/Blast/Results/Chondrichthyes_Callorhinchus_milii/Chondrichthyes_TENT5A-B-C-D.txt
TENT5B_Homo_sapiens	XP_007890880.2	28.736	87	18	0.94	32.3	LOW QUALITY PROTEIN: short transient receptor potential channel 1 [Callorhinchus milii]	Chondrichthyes_TENT5A-B-C-D.txt	Chondrichthyes_Callorhinchus_milii	/rna/liha/phylogenomics_practice/TENT/TENT5/Blast/Results/Chondrichthyes_Callorhinchus_milii/Chondrichthyes_TENT5A-B-C-D.txt
TENT5B_Homo_sapiens	XP_042189535.1	35.849	53	11	2.8	30.4	protein angel homolog 2 [Callorhinchus milii]	Chondrichthyes_TENT5A-B-C-D.txt	Chondrichthyes_Callorhinchus_milii	/rna/liha/phylogenomics_practice/TENT/TENT5/Blast/Results/Chondrichthyes_Callorhinchus_milii/Chondrichthyes_TENT5A-B-C-D.txt
TENT5B_Homo_sapiens	XP_042199380.1	32.787	61	12	6.9	29.6	dysferlin [Callorhinchus milii]	Chondrichthyes_TENT5A-B-C-D.txt	Chondrichthyes_Callorhinchus_milii	/rna/liha/phylogenomics_practice/TENT/TENT5/Blast/Results/Chondrichthyes_Callorhinchus_milii/Chondrichthyes_TENT5A-B-C-D.txt
TENT5B_Homo_sapiens	XP_042191029.1	28.378	74	17	7.9	29.3	zinc finger SWIM domain-containing protein 6 [Callorhinchus milii]	Chondrichthyes_TENT5A-B-C-D.txt	Chondrichthyes_Callorhinchus_milii	/rna/liha/phylogenomics_practice/TENT/TENT5/Blast/Results/Chondrichthyes_Callorhinchus_milii/Chondrichthyes_TENT5A-B-C-D.txt
TENT5C_Homo_sapiens	XP_007894052.1	81.432	377	96	0.0	640	terminal nucleotidyltransferase 5C [Callorhinchus milii]	Chondrichthyes_TENT5A-B-C-D.txt	Chondrichthyes_Callorhinchus_milii	/rna/liha/phylogenomics_practice/TENT/TENT5/Blast/Results/Chondrichthyes_Callorhinchus_milii/Chondrichthyes_TENT5A-B-C-D.txt
TENT5C_Homo_sapiens	XP_007903243.1	72.335	394	100	0.0	588	terminal nucleotidyltransferase 5A [Callorhinchus milii]	Chondrichthyes_TENT5A-B-C-D.txt	Chondrichthyes_Callorhinchus_milii	/rna/liha/phylogenomics_practice/TENT/TENT5/Blast/Results/Chondrichthyes_Callorhinchus_milii/Chondrichthyes_TENT5A-B-C-D.txt
TENT5C_Homo_sapiens	XP_007890286.2	71.582	373	95	0.0	558	terminal nucleotidyltransferase 5C-like [Callorhinchus milii]	Chondrichthyes_TENT5A-B-C-D.txt	Chondrichthyes_Callorhinchus_milii	/rna/liha/phylogenomics_practice/TENT/TENT5/Blast/Results/Chondrichthyes_Callorhinchus_milii/Chondrichthyes_TENT5A-B-C-D.txt
TENT5C_Homo_sapiens	NP_001279528.1	34.483	58	13	1.6	31.2	phenylalanine--tRNA ligase beta subunit [Callorhinchus milii]	Chondrichthyes_TENT5A-B-C-D.txt	Chondrichthyes_Callorhinchus_milii	/rna/liha/phylogenomics_practice/TENT/TENT5/Blast/Results/Chondrichthyes_Callorhinchus_milii/Chondrichthyes_TENT5A-B-C-D.txt
TENT5C_Homo_sapiens	XP_042189535.1	28.169	71	18	3.2	30.4	protein angel homolog 2 [Callorhinchus milii]	Chondrichthyes_TENT5A-B-C-D.txt	Chondrichthyes_Callorhinchus_milii	/rna/liha/phylogenomics_practice/TENT/TENT5/Blast/Results/Chondrichthyes_Callorhinchus_milii/Chondrichthyes_TENT5A-B-C-D.txt
TENT5C_Homo_sapiens	XP_007902675.2	34.211	38	10	5.3	29.6	LOW QUALITY PROTEIN: exostosin-1 [Callorhinchus milii]	Chondrichthyes_TENT5A-B-C-D.txt	Chondrichthyes_Callorhinchus_milii	/rna/liha/phylogenomics_practice/TENT/TENT5/Blast/Results/Chondrichthyes_Callorhinchus_milii/Chondrichthyes_TENT5A-B-C-D.txt
TENT5C_Homo_sapiens	XP_042192245.1	35.417	48	12	7.1	29.3	uridine 5'-monophosphate synthase [Callorhinchus milii]	Chondrichthyes_TENT5A-B-C-D.txt	Chondrichthyes_Callorhinchus_milii	/rna/liha/phylogenomics_practice/TENT/TENT5/Blast/Results/Chondrichthyes_Callorhinchus_milii/Chondrichthyes_TENT5A-B-C-D.txt
TENT5C_Homo_sapiens	XP_042194712.1	38.889	54	13	7.3	29.3	sperm-associated antigen 5 [Callorhinchus milii]	Chondrichthyes_TENT5A-B-C-D.txt	Chondrichthyes_Callorhinchus_milii	/rna/liha/phylogenomics_practice/TENT/TENT5/Blast/Results/Chondrichthyes_Callorhinchus_milii/Chondrichthyes_TENT5A-B-C-D.txt
TENT5C_Homo_sapiens	XP_007904060.1	31.646	79	19	7.4	29.3	histone deacetylase 4 isoform X2 [Callorhinchus milii]	Chondrichthyes_TENT5A-B-C-D.txt	Chondrichthyes_Callorhinchus_milii	/rna/liha/phylogenomics_practice/TENT/TENT5/Blast/Results/Chondrichthyes_Callorhinchus_milii/Chondrichthyes_TENT5A-B-C-D.txt
TENT5C_Homo_sapiens	XP_042199975.1	46.154	26	7	7.6	28.9	guanine nucleotide-binding protein subunit beta-5 [Callorhinchus milii]	Chondrichthyes_TENT5A-B-C-D.txt	Chondrichthyes_Callorhinchus_milii	/rna/liha/phylogenomics_practice/TENT/TENT5/Blast/Results/Chondrichthyes_Callorhinchus_milii/Chondrichthyes_TENT5A-B-C-D.txt
TENT5D_Homo_sapiens	XP_007890286.2	66.927	384	99	0.0	532	terminal nucleotidyltransferase 5C-like [Callorhinchus milii]	Chondrichthyes_TENT5A-B-C-D.txt	Chondrichthyes_Callorhinchus_milii	/rna/liha/phylogenomics_practice/TENT/TENT5/Blast/Results/Chondrichthyes_Callorhinchus_milii/Chondrichthyes_TENT5A-B-C-D.txt
TENT5D_Homo_sapiens	XP_007894052.1	60.263	380	97	9.07e-171	482	terminal nucleotidyltransferase 5C [Callorhinchus milii]	Chondrichthyes_TENT5A-B-C-D.txt	Chondrichthyes_Callorhinchus_milii	/rna/liha/phylogenomics_practice/TENT/TENT5/Blast/Results/Chondrichthyes_Callorhinchus_milii/Chondrichthyes_TENT5A-B-C-D.txt
TENT5D_Homo_sapiens	XP_007903243.1	61.995	371	95	9.44e-171	482	terminal nucleotidyltransferase 5A [Callorhinchus milii]	Chondrichthyes_TENT5A-B-C-D.txt	Chondrichthyes_Callorhinchus_milii	/rna/liha/phylogenomics_practice/TENT/TENT5/Blast/Results/Chondrichthyes_Callorhinchus_milii/Chondrichthyes_TENT5A-B-C-D.txt
TENT5D_Homo_sapiens	XP_042189535.1	22.115	104	27	0.45	33.1	protein angel homolog 2 [Callorhinchus milii]	Chondrichthyes_TENT5A-B-C-D.txt	Chondrichthyes_Callorhinchus_milii	/rna/liha/phylogenomics_practice/TENT/TENT5/Blast/Results/Chondrichthyes_Callorhinchus_milii/Chondrichthyes_TENT5A-B-C-D.txt
TENT5D_Homo_sapiens	XP_042189427.1	23.944	71	18	2.2	30.8	baculoviral IAP repeat-containing protein 6 [Callorhinchus milii]	Chondrichthyes_TENT5A-B-C-D.txt	Chondrichthyes_Callorhinchus_milii	/rna/liha/phylogenomics_practice/TENT/TENT5/Blast/Results/Chondrichthyes_Callorhinchus_milii/Chondrichthyes_TENT5A-B-C-D.txt
TENT5D_Homo_sapiens	XP_042195621.1	42.424	33	8	2.4	30.8	FERM domain-containing protein 4B [Callorhinchus milii]	Chondrichthyes_TENT5A-B-C-D.txt	Chondrichthyes_Callorhinchus_milii	/rna/liha/phylogenomics_practice/TENT/TENT5/Blast/Results/Chondrichthyes_Callorhinchus_milii/Chondrichthyes_TENT5A-B-C-D.txt
TENT5D_Homo_sapiens	XP_042194743.1	32.308	65	17	2.9	30.4	CAAX prenyl protease 1 homolog [Callorhinchus milii]	Chondrichthyes_TENT5A-B-C-D.txt	Chondrichthyes_Callorhinchus_milii	/rna/liha/phylogenomics_practice/TENT/TENT5/Blast/Results/Chondrichthyes_Callorhinchus_milii/Chondrichthyes_TENT5A-B-C-D.txt
TENT5D_Homo_sapiens	XP_007887737.2	32.075	53	13	9.3	28.9	MAX dimerization protein MGA a isoform X1 [Callorhinchus milii]	Chondrichthyes_TENT5A-B-C-D.txt	Chondrichthyes_Callorhinchus_milii	/rna/liha/phylogenomics_practice/TENT/TENT5/Blast/Results/Chondrichthyes_Callorhinchus_milii/Chondrichthyes_TENT5A-B-C-D.txt
TENT5A_Homo_sapiens	NP_060103.2	100.000	442	100	0.0	918	terminal nucleotidyltransferase 5A [Homo sapiens]	Euteleostomi_TENT5A-B-C-D.txt	Euteleostomi_Homo_sapiens	/rna/liha/phylogenomics_practice/TENT/TENT5/Blast/Results/Euteleostomi_Homo_sapiens/Euteleostomi_TENT5A-B-C-D.txt
TENT5A_Homo_sapiens	NP_060179.2	72.895	380	86	0.0	568	terminal nucleotidyltransferase 5C [Homo sapiens]	Euteleostomi_TENT5A-B-C-D.txt	Euteleostomi_Homo_sapiens	/rna/liha/phylogenomics_practice/TENT/TENT5/Blast/Results/Euteleostomi_Homo_sapiens/Euteleostomi_TENT5A-B-C-D.txt
TENT5A_Homo_sapiens	NP_443175.2	65.285	386	87	2.94e-173	494	terminal nucleotidyltransferase 5B [Homo sapiens]	Euteleostomi_TENT5A-B-C-D.txt	Euteleostomi_Homo_sapiens	/rna/liha/phylogenomics_practice/TENT/TENT5/Blast/Results/Euteleostomi_Homo_sapiens/Euteleostomi_TENT5A-B-C-D.txt
TENT5A_Homo_sapiens	NP_001164045.1	62.912	364	82	1.65e-165	473	terminal nucleotidyltransferase 5D [Homo sapiens]	Euteleostomi_TENT5A-B-C-D.txt	Euteleostomi_Homo_sapiens	/rna/liha/phylogenomics_practice/TENT/TENT5/Blast/Results/Euteleostomi_Homo_sapiens/Euteleostomi_TENT5A-B-C-D.txt
TENT5B_Homo_sapiens	NP_443175.2	100.000	425	100	0.0	869	terminal nucleotidyltransferase 5B [Homo sapiens]	Euteleostomi_TENT5A-B-C-D.txt	Euteleostomi_Homo_sapiens	/rna/liha/phylogenomics_practice/TENT/TENT5/Blast/Results/Euteleostomi_Homo_sapiens/Euteleostomi_TENT5A-B-C-D.txt
TENT5B_Homo_sapiens	NP_060103.2	65.285	386	90	0.0	516	terminal nucleotidyltransferase 5A [Homo sapiens]	Euteleostomi_TENT5A-B-C-D.txt	Euteleostomi_Homo_sapiens	/rna/liha/phylogenomics_practice/TENT/TENT5/Blast/Results/Euteleostomi_Homo_sapiens/Euteleostomi_TENT5A-B-C-D.txt
TENT5B_Homo_sapiens	NP_060179.2	63.613	382	89	5.77e-175	496	terminal nucleotidyltransferase 5C [Homo sapiens]	Euteleostomi_TENT5A-B-C-D.txt	Euteleostomi_Homo_sapiens	/rna/liha/phylogenomics_practice/TENT/TENT5/Blast/Results/Euteleostomi_Homo_sapiens/Euteleostomi_TENT5A-B-C-D.txt
TENT5B_Homo_sapiens	NP_001164045.1	52.459	366	86	2.49e-136	398	terminal nucleotidyltransferase 5D [Homo sapiens]	Euteleostomi_TENT5A-B-C-D.txt	Euteleostomi_Homo_sapiens	/rna/liha/phylogenomics_practice/TENT/TENT5/Blast/Results/Euteleostomi_Homo_sapiens/Euteleostomi_TENT5A-B-C-D.txt
TENT5C_Homo_sapiens	NP_060179.2	100.000	391	100	0.0	812	terminal nucleotidyltransferase 5C [Homo sapiens]	Euteleostomi_TENT5A-B-C-D.txt	Euteleostomi_Homo_sapiens	/rna/liha/phylogenomics_practice/TENT/TENT5/Blast/Results/Euteleostomi_Homo_sapiens/Euteleostomi_TENT5A-B-C-D.txt
TENT5C_Homo_sapiens	NP_060103.2	72.895	380	96	0.0	569	terminal nucleotidyltransferase 5A [Homo sapiens]	Euteleostomi_TENT5A-B-C-D.txt	Euteleostomi_Homo_sapiens	/rna/liha/phylogenomics_practice/TENT/TENT5/Blast/Results/Euteleostomi_Homo_sapiens/Euteleostomi_TENT5A-B-C-D.txt
TENT5C_Homo_sapiens	NP_443175.2	63.613	382	97	4.05e-166	473	terminal nucleotidyltransferase 5B [Homo sapiens]	Euteleostomi_TENT5A-B-C-D.txt	Euteleostomi_Homo_sapiens	/rna/liha/phylogenomics_practice/TENT/TENT5/Blast/Results/Euteleostomi_Homo_sapiens/Euteleostomi_TENT5A-B-C-D.txt
TENT5C_Homo_sapiens	NP_001164045.1	59.626	374	95	1.79e-161	460	terminal nucleotidyltransferase 5D [Homo sapiens]	Euteleostomi_TENT5A-B-C-D.txt	Euteleostomi_Homo_sapiens	/rna/liha/phylogenomics_practice/TENT/TENT5/Blast/Results/Euteleostomi_Homo_sapiens/Euteleostomi_TENT5A-B-C-D.txt
TENT5D_Homo_sapiens	NP_001164045.1	100.000	389	100	0.0	808	terminal nucleotidyltransferase 5D [Homo sapiens]	Euteleostomi_TENT5A-B-C-D.txt	Euteleostomi_Homo_sapiens	/rna/liha/phylogenomics_practice/TENT/TENT5/Blast/Results/Euteleostomi_Homo_sapiens/Euteleostomi_TENT5A-B-C-D.txt
TENT5D_Homo_sapiens	NP_060103.2	62.912	364	94	4.09e-166	474	terminal nucleotidyltransferase 5A [Homo sapiens]	Euteleostomi_TENT5A-B-C-D.txt	Euteleostomi_Homo_sapiens	/rna/liha/phylogenomics_practice/TENT/TENT5/Blast/Results/Euteleostomi_Homo_sapiens/Euteleostomi_TENT5A-B-C-D.txt
TENT5D_Homo_sapiens	NP_060179.2	59.626	374	96	1.78e-161	460	terminal nucleotidyltransferase 5C [Homo sapiens]	Euteleostomi_TENT5A-B-C-D.txt	Euteleostomi_Homo_sapiens	/rna/liha/phylogenomics_practice/TENT/TENT5/Blast/Results/Euteleostomi_Homo_sapiens/Euteleostomi_TENT5A-B-C-D.txt
TENT5D_Homo_sapiens	NP_443175.2	56.329	316	81	5.06e-130	382	terminal nucleotidyltransferase 5B [Homo sapiens]	Euteleostomi_TENT5A-B-C-D.txt	Euteleostomi_Homo_sapiens	/rna/liha/phylogenomics_practice/TENT/TENT5/Blast/Results/Euteleostomi_Homo_sapiens/Euteleostomi_TENT5A-B-C-D.txt
TENT5A_Homo_sapiens	NP_001153851.1	93.665	442	100	0.0	848	terminal nucleotidyltransferase 5A isoform 2 [Mus musculus]	Euteleostomi_TENT5A-B-C-D.txt	Euteleostomi_Mus_musculus	/rna/liha/phylogenomics_practice/TENT/TENT5/Blast/Results/Euteleostomi_Mus_musculus/Euteleostomi_TENT5A-B-C-D.txt
TENT5A_Homo_sapiens	NP_001153850.1	93.665	442	100	0.0	847	terminal nucleotidyltransferase 5A isoform 1 [Mus musculus]	Euteleostomi_TENT5A-B-C-D.txt	Euteleostomi_Mus_musculus	/rna/liha/phylogenomics_practice/TENT/TENT5/Blast/Results/Euteleostomi_Mus_musculus/Euteleostomi_TENT5A-B-C-D.txt
TENT5A_Homo_sapiens	NP_001136424.1	72.895	380	86	0.0	567	terminal nucleotidyltransferase 5C [Mus musculus]	Euteleostomi_TENT5A-B-C-D.txt	Euteleostomi_Mus_musculus	/rna/liha/phylogenomics_practice/TENT/TENT5/Blast/Results/Euteleostomi_Mus_musculus/Euteleostomi_TENT5A-B-C-D.txt
TENT5A_Homo_sapiens	NP_780516.1	65.274	383	86	8.53e-174	494	terminal nucleotidyltransferase 5B [Mus musculus]	Euteleostomi_TENT5A-B-C-D.txt	Euteleostomi_Mus_musculus	/rna/liha/phylogenomics_practice/TENT/TENT5/Blast/Results/Euteleostomi_Mus_musculus/Euteleostomi_TENT5A-B-C-D.txt
TENT5A_Homo_sapiens	NP_001156576.1	63.587	368	83	2.10e-173	492	terminal nucleotidyltransferase 5D [Mus musculus]	Euteleostomi_TENT5A-B-C-D.txt	Euteleostomi_Mus_musculus	/rna/liha/phylogenomics_practice/TENT/TENT5/Blast/Results/Euteleostomi_Mus_musculus/Euteleostomi_TENT5A-B-C-D.txt
TENT5B_Homo_sapiens	NP_780516.1	91.335	427	100	0.0	746	terminal nucleotidyltransferase 5B [Mus musculus]	Euteleostomi_TENT5A-B-C-D.txt	Euteleostomi_Mus_musculus	/rna/liha/phylogenomics_practice/TENT/TENT5/Blast/Results/Euteleostomi_Mus_musculus/Euteleostomi_TENT5A-B-C-D.txt
TENT5B_Homo_sapiens	NP_001153851.1	65.803	386	90	0.0	520	terminal nucleotidyltransferase 5A isoform 2 [Mus musculus]	Euteleostomi_TENT5A-B-C-D.txt	Euteleostomi_Mus_musculus	/rna/liha/phylogenomics_practice/TENT/TENT5/Blast/Results/Euteleostomi_Mus_musculus/Euteleostomi_TENT5A-B-C-D.txt
TENT5B_Homo_sapiens	NP_001153850.1	65.803	386	90	0.0	520	terminal nucleotidyltransferase 5A isoform 1 [Mus musculus]	Euteleostomi_TENT5A-B-C-D.txt	Euteleostomi_Mus_musculus	/rna/liha/phylogenomics_practice/TENT/TENT5/Blast/Results/Euteleostomi_Mus_musculus/Euteleostomi_TENT5A-B-C-D.txt
TENT5B_Homo_sapiens	NP_001136424.1	61.480	392	91	8.94e-173	490	terminal nucleotidyltransferase 5C [Mus musculus]	Euteleostomi_TENT5A-B-C-D.txt	Euteleostomi_Mus_musculus	/rna/liha/phylogenomics_practice/TENT/TENT5/Blast/Results/Euteleostomi_Mus_musculus/Euteleostomi_TENT5A-B-C-D.txt
TENT5B_Homo_sapiens	NP_001156576.1	53.763	372	86	1.21e-144	418	terminal nucleotidyltransferase 5D [Mus musculus]	Euteleostomi_TENT5A-B-C-D.txt	Euteleostomi_Mus_musculus	/rna/liha/phylogenomics_practice/TENT/TENT5/Blast/Results/Euteleostomi_Mus_musculus/Euteleostomi_TENT5A-B-C-D.txt
TENT5C_Homo_sapiens	NP_001136424.1	95.908	391	100	0.0	783	terminal nucleotidyltransferase 5C [Mus musculus]	Euteleostomi_TENT5A-B-C-D.txt	Euteleostomi_Mus_musculus	/rna/liha/phylogenomics_practice/TENT/TENT5/Blast/Results/Euteleostomi_Mus_musculus/Euteleostomi_TENT5A-B-C-D.txt
TENT5C_Homo_sapiens	NP_001153851.1	72.680	388	98	0.0	577	terminal nucleotidyltransferase 5A isoform 2 [Mus musculus]	Euteleostomi_TENT5A-B-C-D.txt	Euteleostomi_Mus_musculus	/rna/liha/phylogenomics_practice/TENT/TENT5/Blast/Results/Euteleostomi_Mus_musculus/Euteleostomi_TENT5A-B-C-D.txt
TENT5C_Homo_sapiens	NP_001153850.1	72.680	388	98	0.0	575	terminal nucleotidyltransferase 5A isoform 1 [Mus musculus]	Euteleostomi_TENT5A-B-C-D.txt	Euteleostomi_Mus_musculus	/rna/liha/phylogenomics_practice/TENT/TENT5/Blast/Results/Euteleostomi_Mus_musculus/Euteleostomi_TENT5A-B-C-D.txt
TENT5C_Homo_sapiens	NP_001156576.1	64.171	374	95	7.08e-178	501	terminal nucleotidyltransferase 5D [Mus musculus]	Euteleostomi_TENT5A-B-C-D.txt	Euteleostomi_Mus_musculus	/rna/liha/phylogenomics_practice/TENT/TENT5/Blast/Results/Euteleostomi_Mus_musculus/Euteleostomi_TENT5A-B-C-D.txt
TENT5C_Homo_sapiens	NP_780516.1	63.446	383	96	6.41e-170	483	terminal nucleotidyltransferase 5B [Mus musculus]	Euteleostomi_TENT5A-B-C-D.txt	Euteleostomi_Mus_musculus	/rna/liha/phylogenomics_practice/TENT/TENT5/Blast/Results/Euteleostomi_Mus_musculus/Euteleostomi_TENT5A-B-C-D.txt
TENT5C_Homo_sapiens	NP_067433.1	26.804	97	25	5.9	30.8	frizzled-3 precursor [Mus musculus]	Euteleostomi_TENT5A-B-C-D.txt	Euteleostomi_Mus_musculus	/rna/liha/phylogenomics_practice/TENT/TENT5/Blast/Results/Euteleostomi_Mus_musculus/Euteleostomi_TENT5A-B-C-D.txt
TENT5C_Homo_sapiens	XP_006525004.1	29.032	62	16	8.9	30.0	polypeptide N-acetylgalactosaminyltransferase 14 isoform X2 [Mus musculus]	Euteleostomi_TENT5A-B-C-D.txt	Euteleostomi_Mus_musculus	/rna/liha/phylogenomics_practice/TENT/TENT5/Blast/Results/Euteleostomi_Mus_musculus/Euteleostomi_TENT5A-B-C-D.txt
TENT5D_Homo_sapiens	NP_001156576.1	77.121	389	100	0.0	625	terminal nucleotidyltransferase 5D [Mus musculus]	Euteleostomi_TENT5A-B-C-D.txt	Euteleostomi_Mus_musculus	/rna/liha/phylogenomics_practice/TENT/TENT5/Blast/Results/Euteleostomi_Mus_musculus/Euteleostomi_TENT5A-B-C-D.txt
TENT5D_Homo_sapiens	NP_001153851.1	63.462	364	94	4.70e-168	478	terminal nucleotidyltransferase 5A isoform 2 [Mus musculus]	Euteleostomi_TENT5A-B-C-D.txt	Euteleostomi_Mus_musculus	/rna/liha/phylogenomics_practice/TENT/TENT5/Blast/Results/Euteleostomi_Mus_musculus/Euteleostomi_TENT5A-B-C-D.txt
TENT5D_Homo_sapiens	NP_001153850.1	63.462	364	94	9.69e-168	478	terminal nucleotidyltransferase 5A isoform 1 [Mus musculus]	Euteleostomi_TENT5A-B-C-D.txt	Euteleostomi_Mus_musculus	/rna/liha/phylogenomics_practice/TENT/TENT5/Blast/Results/Euteleostomi_Mus_musculus/Euteleostomi_TENT5A-B-C-D.txt
TENT5D_Homo_sapiens	NP_001136424.1	59.946	372	96	2.62e-161	459	terminal nucleotidyltransferase 5C [Mus musculus]	Euteleostomi_TENT5A-B-C-D.txt	Euteleostomi_Mus_musculus	/rna/liha/phylogenomics_practice/TENT/TENT5/Blast/Results/Euteleostomi_Mus_musculus/Euteleostomi_TENT5A-B-C-D.txt
TENT5D_Homo_sapiens	NP_780516.1	53.151	365	94	1.12e-130	383	terminal nucleotidyltransferase 5B [Mus musculus]	Euteleostomi_TENT5A-B-C-D.txt	Euteleostomi_Mus_musculus	/rna/liha/phylogenomics_practice/TENT/TENT5/Blast/Results/Euteleostomi_Mus_musculus/Euteleostomi_TENT5A-B-C-D.txt
TENT5D_Homo_sapiens	NP_001404551.1	26.923	78	19	4.6	31.6	rho guanine nucleotide exchange factor 5 [Mus musculus]	Euteleostomi_TENT5A-B-C-D.txt	Euteleostomi_Mus_musculus	/rna/liha/phylogenomics_practice/TENT/TENT5/Blast/Results/Euteleostomi_Mus_musculus/Euteleostomi_TENT5A-B-C-D.txt
TENT5A_Homo_sapiens	XP_015140113.2	92.020	401	90	0.0	754	terminal nucleotidyltransferase 5A isoform X1 [Gallus gallus]	Euteleostomi_TENT5A-B-C-D.txt	Euteleostomi_Gallus_gallus	/rna/liha/phylogenomics_practice/TENT/TENT5/Blast/Results/Euteleostomi_Gallus_gallus/Euteleostomi_TENT5A-B-C-D.txt
TENT5A_Homo_sapiens	XP_015140115.2	92.020	401	90	0.0	753	terminal nucleotidyltransferase 5A isoform X2 [Gallus gallus]	Euteleostomi_TENT5A-B-C-D.txt	Euteleostomi_Gallus_gallus	/rna/liha/phylogenomics_practice/TENT/TENT5/Blast/Results/Euteleostomi_Gallus_gallus/Euteleostomi_TENT5A-B-C-D.txt
TENT5A_Homo_sapiens	NP_001026256.1	91.771	401	90	0.0	751	terminal nucleotidyltransferase 5A [Gallus gallus]	Euteleostomi_TENT5A-B-C-D.txt	Euteleostomi_Gallus_gallus	/rna/liha/phylogenomics_practice/TENT/TENT5/Blast/Results/Euteleostomi_Gallus_gallus/Euteleostomi_TENT5A-B-C-D.txt
TENT5A_Homo_sapiens	XP_040546047.1	78.421	380	86	0.0	626	terminal nucleotidyltransferase 5B [Gallus gallus]	Euteleostomi_TENT5A-B-C-D.txt	Euteleostomi_Gallus_gallus	/rna/liha/phylogenomics_practice/TENT/TENT5/Blast/Results/Euteleostomi_Gallus_gallus/Euteleostomi_TENT5A-B-C-D.txt
TENT5A_Homo_sapiens	NP_001007973.1	71.391	381	86	0.0	561	terminal nucleotidyltransferase 5C [Gallus gallus]	Euteleostomi_TENT5A-B-C-D.txt	Euteleostomi_Gallus_gallus	/rna/liha/phylogenomics_practice/TENT/TENT5/Blast/Results/Euteleostomi_Gallus_gallus/Euteleostomi_TENT5A-B-C-D.txt
TENT5A_Homo_sapiens	XP_040526195.1	70.300	367	83	0.0	545	terminal nucleotidyltransferase 5C-like [Gallus gallus]	Euteleostomi_TENT5A-B-C-D.txt	Euteleostomi_Gallus_gallus	/rna/liha/phylogenomics_practice/TENT/TENT5/Blast/Results/Euteleostomi_Gallus_gallus/Euteleostomi_TENT5A-B-C-D.txt
TENT5B_Homo_sapiens	XP_040546047.1	70.052	384	89	0.0	561	terminal nucleotidyltransferase 5B [Gallus gallus]	Euteleostomi_TENT5A-B-C-D.txt	Euteleostomi_Gallus_gallus	/rna/liha/phylogenomics_practice/TENT/TENT5/Blast/Results/Euteleostomi_Gallus_gallus/Euteleostomi_TENT5A-B-C-D.txt
TENT5B_Homo_sapiens	XP_015140113.2	63.232	427	99	0.0	537	terminal nucleotidyltransferase 5A isoform X1 [Gallus gallus]	Euteleostomi_TENT5A-B-C-D.txt	Euteleostomi_Gallus_gallus	/rna/liha/phylogenomics_practice/TENT/TENT5/Blast/Results/Euteleostomi_Gallus_gallus/Euteleostomi_TENT5A-B-C-D.txt
TENT5B_Homo_sapiens	NP_001026256.1	64.938	405	94	0.0	535	terminal nucleotidyltransferase 5A [Gallus gallus]	Euteleostomi_TENT5A-B-C-D.txt	Euteleostomi_Gallus_gallus	/rna/liha/phylogenomics_practice/TENT/TENT5/Blast/Results/Euteleostomi_Gallus_gallus/Euteleostomi_TENT5A-B-C-D.txt
TENT5B_Homo_sapiens	XP_015140115.2	64.938	405	94	0.0	535	terminal nucleotidyltransferase 5A isoform X2 [Gallus gallus]	Euteleostomi_TENT5A-B-C-D.txt	Euteleostomi_Gallus_gallus	/rna/liha/phylogenomics_practice/TENT/TENT5/Blast/Results/Euteleostomi_Gallus_gallus/Euteleostomi_TENT5A-B-C-D.txt
TENT5B_Homo_sapiens	NP_001007973.1	59.596	396	93	5.85e-168	478	terminal nucleotidyltransferase 5C [Gallus gallus]	Euteleostomi_TENT5A-B-C-D.txt	Euteleostomi_Gallus_gallus	/rna/liha/phylogenomics_practice/TENT/TENT5/Blast/Results/Euteleostomi_Gallus_gallus/Euteleostomi_TENT5A-B-C-D.txt
TENT5B_Homo_sapiens	XP_040526195.1	55.615	374	87	3.27e-152	438	terminal nucleotidyltransferase 5C-like [Gallus gallus]	Euteleostomi_TENT5A-B-C-D.txt	Euteleostomi_Gallus_gallus	/rna/liha/phylogenomics_practice/TENT/TENT5/Blast/Results/Euteleostomi_Gallus_gallus/Euteleostomi_TENT5A-B-C-D.txt
TENT5C_Homo_sapiens	NP_001007973.1	89.258	391	100	0.0	723	terminal nucleotidyltransferase 5C [Gallus gallus]	Euteleostomi_TENT5A-B-C-D.txt	Euteleostomi_Gallus_gallus	/rna/liha/phylogenomics_practice/TENT/TENT5/Blast/Results/Euteleostomi_Gallus_gallus/Euteleostomi_TENT5A-B-C-D.txt
TENT5C_Homo_sapiens	XP_015140113.2	73.158	380	96	0.0	582	terminal nucleotidyltransferase 5A isoform X1 [Gallus gallus]	Euteleostomi_TENT5A-B-C-D.txt	Euteleostomi_Gallus_gallus	/rna/liha/phylogenomics_practice/TENT/TENT5/Blast/Results/Euteleostomi_Gallus_gallus/Euteleostomi_TENT5A-B-C-D.txt
TENT5C_Homo_sapiens	XP_015140115.2	73.158	380	96	0.0	581	terminal nucleotidyltransferase 5A isoform X2 [Gallus gallus]	Euteleostomi_TENT5A-B-C-D.txt	Euteleostomi_Gallus_gallus	/rna/liha/phylogenomics_practice/TENT/TENT5/Blast/Results/Euteleostomi_Gallus_gallus/Euteleostomi_TENT5A-B-C-D.txt
TENT5C_Homo_sapiens	NP_001026256.1	72.895	380	96	0.0	580	terminal nucleotidyltransferase 5A [Gallus gallus]	Euteleostomi_TENT5A-B-C-D.txt	Euteleostomi_Gallus_gallus	/rna/liha/phylogenomics_practice/TENT/TENT5/Blast/Results/Euteleostomi_Gallus_gallus/Euteleostomi_TENT5A-B-C-D.txt
TENT5C_Homo_sapiens	XP_040546047.1	72.081	394	100	0.0	579	terminal nucleotidyltransferase 5B [Gallus gallus]	Euteleostomi_TENT5A-B-C-D.txt	Euteleostomi_Gallus_gallus	/rna/liha/phylogenomics_practice/TENT/TENT5/Blast/Results/Euteleostomi_Gallus_gallus/Euteleostomi_TENT5A-B-C-D.txt
TENT5C_Homo_sapiens	XP_040526195.1	70.053	374	95	0.0	554	terminal nucleotidyltransferase 5C-like [Gallus gallus]	Euteleostomi_TENT5A-B-C-D.txt	Euteleostomi_Gallus_gallus	/rna/liha/phylogenomics_practice/TENT/TENT5/Blast/Results/Euteleostomi_Gallus_gallus/Euteleostomi_TENT5A-B-C-D.txt
TENT5C_Homo_sapiens	NP_001007906.1	33.333	75	18	6.4	30.4	proteasome subunit beta type-1 [Gallus gallus]	Euteleostomi_TENT5A-B-C-D.txt	Euteleostomi_Gallus_gallus	/rna/liha/phylogenomics_practice/TENT/TENT5/Blast/Results/Euteleostomi_Gallus_gallus/Euteleostomi_TENT5A-B-C-D.txt
TENT5C_Homo_sapiens	XP_046776356.1	26.042	96	23	8.2	30.8	Hermansky-Pudlak syndrome 1 protein isoform X2 [Gallus gallus]	Euteleostomi_TENT5A-B-C-D.txt	Euteleostomi_Gallus_gallus	/rna/liha/phylogenomics_practice/TENT/TENT5/Blast/Results/Euteleostomi_Gallus_gallus/Euteleostomi_TENT5A-B-C-D.txt
TENT5C_Homo_sapiens	XP_015144185.2	26.042	96	23	8.3	30.8	Hermansky-Pudlak syndrome 1 protein isoform X2 [Gallus gallus]	Euteleostomi_TENT5A-B-C-D.txt	Euteleostomi_Gallus_gallus	/rna/liha/phylogenomics_practice/TENT/TENT5/Blast/Results/Euteleostomi_Gallus_gallus/Euteleostomi_TENT5A-B-C-D.txt
TENT5C_Homo_sapiens	XP_046776355.1	26.042	96	23	8.5	30.4	Hermansky-Pudlak syndrome 1 protein isoform X1 [Gallus gallus]	Euteleostomi_TENT5A-B-C-D.txt	Euteleostomi_Gallus_gallus	/rna/liha/phylogenomics_practice/TENT/TENT5/Blast/Results/Euteleostomi_Gallus_gallus/Euteleostomi_TENT5A-B-C-D.txt
TENT5D_Homo_sapiens	XP_040526195.1	69.010	384	99	0.0	554	terminal nucleotidyltransferase 5C-like [Gallus gallus]	Euteleostomi_TENT5A-B-C-D.txt	Euteleostomi_Gallus_gallus	/rna/liha/phylogenomics_practice/TENT/TENT5/Blast/Results/Euteleostomi_Gallus_gallus/Euteleostomi_TENT5A-B-C-D.txt
TENT5D_Homo_sapiens	XP_015140115.2	63.187	364	94	1.24e-170	483	terminal nucleotidyltransferase 5A isoform X2 [Gallus gallus]	Euteleostomi_TENT5A-B-C-D.txt	Euteleostomi_Gallus_gallus	/rna/liha/phylogenomics_practice/TENT/TENT5/Blast/Results/Euteleostomi_Gallus_gallus/Euteleostomi_TENT5A-B-C-D.txt
TENT5D_Homo_sapiens	XP_015140113.2	63.187	364	94	1.79e-170	484	terminal nucleotidyltransferase 5A isoform X1 [Gallus gallus]	Euteleostomi_TENT5A-B-C-D.txt	Euteleostomi_Gallus_gallus	/rna/liha/phylogenomics_practice/TENT/TENT5/Blast/Results/Euteleostomi_Gallus_gallus/Euteleostomi_TENT5A-B-C-D.txt
TENT5D_Homo_sapiens	NP_001026256.1	62.912	364	94	5.54e-170	482	terminal nucleotidyltransferase 5A [Gallus gallus]	Euteleostomi_TENT5A-B-C-D.txt	Euteleostomi_Gallus_gallus	/rna/liha/phylogenomics_practice/TENT/TENT5/Blast/Results/Euteleostomi_Gallus_gallus/Euteleostomi_TENT5A-B-C-D.txt
TENT5D_Homo_sapiens	XP_040546047.1	62.216	352	90	1.17e-164	468	terminal nucleotidyltransferase 5B [Gallus gallus]	Euteleostomi_TENT5A-B-C-D.txt	Euteleostomi_Gallus_gallus	/rna/liha/phylogenomics_practice/TENT/TENT5/Blast/Results/Euteleostomi_Gallus_gallus/Euteleostomi_TENT5A-B-C-D.txt
TENT5D_Homo_sapiens	NP_001007973.1	57.995	369	95	3.99e-154	441	terminal nucleotidyltransferase 5C [Gallus gallus]	Euteleostomi_TENT5A-B-C-D.txt	Euteleostomi_Gallus_gallus	/rna/liha/phylogenomics_practice/TENT/TENT5/Blast/Results/Euteleostomi_Gallus_gallus/Euteleostomi_TENT5A-B-C-D.txt
TENT5D_Homo_sapiens	XP_046754381.1	33.333	90	19	4.5	31.2	replication factor C subunit 4 isoform X1 [Gallus gallus]	Euteleostomi_TENT5A-B-C-D.txt	Euteleostomi_Gallus_gallus	/rna/liha/phylogenomics_practice/TENT/TENT5/Blast/Results/Euteleostomi_Gallus_gallus/Euteleostomi_TENT5A-B-C-D.txt
TENT5D_Homo_sapiens	NP_001006550.1	33.333	90	19	4.5	31.2	replication factor C subunit 4 [Gallus gallus]	Euteleostomi_TENT5A-B-C-D.txt	Euteleostomi_Gallus_gallus	/rna/liha/phylogenomics_practice/TENT/TENT5/Blast/Results/Euteleostomi_Gallus_gallus/Euteleostomi_TENT5A-B-C-D.txt
TENT5A_Homo_sapiens	XP_002938504.1	90.886	395	89	0.0	745	terminal nucleotidyltransferase 5A [Xenopus tropicalis]	Euteleostomi_TENT5A-B-C-D.txt	Euteleostomi_Xenopus_tropicalis	/rna/liha/phylogenomics_practice/TENT/TENT5/Blast/Results/Euteleostomi_Xenopus_tropicalis/Euteleostomi_TENT5A-B-C-D.txt
TENT5A_Homo_sapiens	NP_001017206.1	72.280	386	87	0.0	587	terminal nucleotidyltransferase 5B [Xenopus tropicalis]	Euteleostomi_TENT5A-B-C-D.txt	Euteleostomi_Xenopus_tropicalis	/rna/liha/phylogenomics_practice/TENT/TENT5/Blast/Results/Euteleostomi_Xenopus_tropicalis/Euteleostomi_TENT5A-B-C-D.txt
TENT5A_Homo_sapiens	XP_002943490.1	73.351	379	86	0.0	580	terminal nucleotidyltransferase 5C [Xenopus tropicalis]	Euteleostomi_TENT5A-B-C-D.txt	Euteleostomi_Xenopus_tropicalis	/rna/liha/phylogenomics_practice/TENT/TENT5/Blast/Results/Euteleostomi_Xenopus_tropicalis/Euteleostomi_TENT5A-B-C-D.txt
TENT5A_Homo_sapiens	XP_002940481.1	68.617	376	85	0.0	539	terminal nucleotidyltransferase 5D [Xenopus tropicalis]	Euteleostomi_TENT5A-B-C-D.txt	Euteleostomi_Xenopus_tropicalis	/rna/liha/phylogenomics_practice/TENT/TENT5/Blast/Results/Euteleostomi_Xenopus_tropicalis/Euteleostomi_TENT5A-B-C-D.txt
TENT5B_Homo_sapiens	NP_001017206.1	68.504	381	88	0.0	545	terminal nucleotidyltransferase 5B [Xenopus tropicalis]	Euteleostomi_TENT5A-B-C-D.txt	Euteleostomi_Xenopus_tropicalis	/rna/liha/phylogenomics_practice/TENT/TENT5/Blast/Results/Euteleostomi_Xenopus_tropicalis/Euteleostomi_TENT5A-B-C-D.txt
TENT5B_Homo_sapiens	XP_002938504.1	66.755	379	88	0.0	529	terminal nucleotidyltransferase 5A [Xenopus tropicalis]	Euteleostomi_TENT5A-B-C-D.txt	Euteleostomi_Xenopus_tropicalis	/rna/liha/phylogenomics_practice/TENT/TENT5/Blast/Results/Euteleostomi_Xenopus_tropicalis/Euteleostomi_TENT5A-B-C-D.txt
TENT5B_Homo_sapiens	XP_002943490.1	62.133	375	88	1.02e-172	489	terminal nucleotidyltransferase 5C [Xenopus tropicalis]	Euteleostomi_TENT5A-B-C-D.txt	Euteleostomi_Xenopus_tropicalis	/rna/liha/phylogenomics_practice/TENT/TENT5/Blast/Results/Euteleostomi_Xenopus_tropicalis/Euteleostomi_TENT5A-B-C-D.txt
TENT5B_Homo_sapiens	XP_002940481.1	55.026	378	88	3.09e-149	429	terminal nucleotidyltransferase 5D [Xenopus tropicalis]	Euteleostomi_TENT5A-B-C-D.txt	Euteleostomi_Xenopus_tropicalis	/rna/liha/phylogenomics_practice/TENT/TENT5/Blast/Results/Euteleostomi_Xenopus_tropicalis/Euteleostomi_TENT5A-B-C-D.txt
TENT5B_Homo_sapiens	XP_017947874.2	29.545	88	20	2.5	31.6	stimulated by retinoic acid gene 6 protein-like [Xenopus tropicalis]	Euteleostomi_TENT5A-B-C-D.txt	Euteleostomi_Xenopus_tropicalis	/rna/liha/phylogenomics_practice/TENT/TENT5/Blast/Results/Euteleostomi_Xenopus_tropicalis/Euteleostomi_TENT5A-B-C-D.txt
TENT5B_Homo_sapiens	XP_031751605.1	27.536	138	29	4.3	30.8	transmembrane protein 131 isoform X2 [Xenopus tropicalis]	Euteleostomi_TENT5A-B-C-D.txt	Euteleostomi_Xenopus_tropicalis	/rna/liha/phylogenomics_practice/TENT/TENT5/Blast/Results/Euteleostomi_Xenopus_tropicalis/Euteleostomi_TENT5A-B-C-D.txt
TENT5B_Homo_sapiens	XP_031751606.1	27.536	138	29	4.4	30.8	transmembrane protein 131 isoform X3 [Xenopus tropicalis]	Euteleostomi_TENT5A-B-C-D.txt	Euteleostomi_Xenopus_tropicalis	/rna/liha/phylogenomics_practice/TENT/TENT5/Blast/Results/Euteleostomi_Xenopus_tropicalis/Euteleostomi_TENT5A-B-C-D.txt
TENT5B_Homo_sapiens	NP_001135552.1	27.536	138	29	4.4	30.8	transmembrane protein 131 [Xenopus tropicalis]	Euteleostomi_TENT5A-B-C-D.txt	Euteleostomi_Xenopus_tropicalis	/rna/liha/phylogenomics_practice/TENT/TENT5/Blast/Results/Euteleostomi_Xenopus_tropicalis/Euteleostomi_TENT5A-B-C-D.txt
TENT5B_Homo_sapiens	XP_031751604.1	27.536	138	29	4.5	30.8	transmembrane protein 131 isoform X1 [Xenopus tropicalis]	Euteleostomi_TENT5A-B-C-D.txt	Euteleostomi_Xenopus_tropicalis	/rna/liha/phylogenomics_practice/TENT/TENT5/Blast/Results/Euteleostomi_Xenopus_tropicalis/Euteleostomi_TENT5A-B-C-D.txt
TENT5C_Homo_sapiens	XP_002943490.1	85.106	376	96	0.0	672	terminal nucleotidyltransferase 5C [Xenopus tropicalis]	Euteleostomi_TENT5A-B-C-D.txt	Euteleostomi_Xenopus_tropicalis	/rna/liha/phylogenomics_practice/TENT/TENT5/Blast/Results/Euteleostomi_Xenopus_tropicalis/Euteleostomi_TENT5A-B-C-D.txt
TENT5C_Homo_sapiens	XP_002938504.1	72.821	390	98	0.0	583	terminal nucleotidyltransferase 5A [Xenopus tropicalis]	Euteleostomi_TENT5A-B-C-D.txt	Euteleostomi_Xenopus_tropicalis	/rna/liha/phylogenomics_practice/TENT/TENT5/Blast/Results/Euteleostomi_Xenopus_tropicalis/Euteleostomi_TENT5A-B-C-D.txt
TENT5C_Homo_sapiens	XP_002940481.1	69.415	376	96	0.0	548	terminal nucleotidyltransferase 5D [Xenopus tropicalis]	Euteleostomi_TENT5A-B-C-D.txt	Euteleostomi_Xenopus_tropicalis	/rna/liha/phylogenomics_practice/TENT/TENT5/Blast/Results/Euteleostomi_Xenopus_tropicalis/Euteleostomi_TENT5A-B-C-D.txt
TENT5C_Homo_sapiens	NP_001017206.1	68.602	379	96	0.0	537	terminal nucleotidyltransferase 5B [Xenopus tropicalis]	Euteleostomi_TENT5A-B-C-D.txt	Euteleostomi_Xenopus_tropicalis	/rna/liha/phylogenomics_practice/TENT/TENT5/Blast/Results/Euteleostomi_Xenopus_tropicalis/Euteleostomi_TENT5A-B-C-D.txt
TENT5C_Homo_sapiens	NP_001123382.1	27.835	97	25	1.8	32.0	frizzled-3 precursor [Xenopus tropicalis]	Euteleostomi_TENT5A-B-C-D.txt	Euteleostomi_Xenopus_tropicalis	/rna/liha/phylogenomics_practice/TENT/TENT5/Blast/Results/Euteleostomi_Xenopus_tropicalis/Euteleostomi_TENT5A-B-C-D.txt
TENT5C_Homo_sapiens	NP_001006903.1	28.713	101	24	8.5	29.6	BLOC-3 complex member HPS1 [Xenopus tropicalis]	Euteleostomi_TENT5A-B-C-D.txt	Euteleostomi_Xenopus_tropicalis	/rna/liha/phylogenomics_practice/TENT/TENT5/Blast/Results/Euteleostomi_Xenopus_tropicalis/Euteleostomi_TENT5A-B-C-D.txt
TENT5C_Homo_sapiens	XP_012825008.2	28.723	94	24	9.4	29.3	uncharacterized protein LOC100493164 isoform X1 [Xenopus tropicalis]	Euteleostomi_TENT5A-B-C-D.txt	Euteleostomi_Xenopus_tropicalis	/rna/liha/phylogenomics_practice/TENT/TENT5/Blast/Results/Euteleostomi_Xenopus_tropicalis/Euteleostomi_TENT5A-B-C-D.txt
TENT5D_Homo_sapiens	XP_002940481.1	69.531	384	99	0.0	553	terminal nucleotidyltransferase 5D [Xenopus tropicalis]	Euteleostomi_TENT5A-B-C-D.txt	Euteleostomi_Xenopus_tropicalis	/rna/liha/phylogenomics_practice/TENT/TENT5/Blast/Results/Euteleostomi_Xenopus_tropicalis/Euteleostomi_TENT5A-B-C-D.txt
TENT5D_Homo_sapiens	XP_002938504.1	63.736	364	94	4.61e-171	484	terminal nucleotidyltransferase 5A [Xenopus tropicalis]	Euteleostomi_TENT5A-B-C-D.txt	Euteleostomi_Xenopus_tropicalis	/rna/liha/phylogenomics_practice/TENT/TENT5/Blast/Results/Euteleostomi_Xenopus_tropicalis/Euteleostomi_TENT5A-B-C-D.txt
TENT5D_Homo_sapiens	NP_001017206.1	58.537	369	95	1.34e-158	452	terminal nucleotidyltransferase 5B [Xenopus tropicalis]	Euteleostomi_TENT5A-B-C-D.txt	Euteleostomi_Xenopus_tropicalis	/rna/liha/phylogenomics_practice/TENT/TENT5/Blast/Results/Euteleostomi_Xenopus_tropicalis/Euteleostomi_TENT5A-B-C-D.txt
TENT5D_Homo_sapiens	XP_002943490.1	59.079	369	95	1.54e-158	452	terminal nucleotidyltransferase 5C [Xenopus tropicalis]	Euteleostomi_TENT5A-B-C-D.txt	Euteleostomi_Xenopus_tropicalis	/rna/liha/phylogenomics_practice/TENT/TENT5/Blast/Results/Euteleostomi_Xenopus_tropicalis/Euteleostomi_TENT5A-B-C-D.txt
TENT5D_Homo_sapiens	NP_001017346.1	34.884	43	11	8.8	29.3	DNA-directed RNA polymerase III subunit RPC4 [Xenopus tropicalis]	Euteleostomi_TENT5A-B-C-D.txt	Euteleostomi_Xenopus_tropicalis	/rna/liha/phylogenomics_practice/TENT/TENT5/Blast/Results/Euteleostomi_Xenopus_tropicalis/Euteleostomi_TENT5A-B-C-D.txt
TENT5D_Homo_sapiens	XP_012821406.1	32.203	59	14	9.3	28.9	AP-5 complex subunit sigma-1 isoform X2 [Xenopus tropicalis]	Euteleostomi_TENT5A-B-C-D.txt	Euteleostomi_Xenopus_tropicalis	/rna/liha/phylogenomics_practice/TENT/TENT5/Blast/Results/Euteleostomi_Xenopus_tropicalis/Euteleostomi_TENT5A-B-C-D.txt
TENT5A_Homo_sapiens	YP_009305212.1	24.528	53	11	9.1	19.6	NADH dehydrogenase subunit 4 [Tetraodon nigroviridis]	Euteleostomi_TENT5A-B-C-D.txt	Euteleostomi_Tetraodon_nigroviridis	/rna/liha/phylogenomics_practice/TENT/TENT5/Blast/Results/Euteleostomi_Tetraodon_nigroviridis/Euteleostomi_TENT5A-B-C-D.txt
TENT5B_Homo_sapiens	YP_009305213.1	32.558	43	10	9.0	19.6	NADH dehydrogenase subunit 5 [Tetraodon nigroviridis]	Euteleostomi_TENT5A-B-C-D.txt	Euteleostomi_Tetraodon_nigroviridis	/rna/liha/phylogenomics_practice/TENT/TENT5/Blast/Results/Euteleostomi_Tetraodon_nigroviridis/Euteleostomi_TENT5A-B-C-D.txt
TENT5D_Homo_sapiens	YP_009305212.1	37.931	29	7	1.9	21.6	NADH dehydrogenase subunit 4 [Tetraodon nigroviridis]	Euteleostomi_TENT5A-B-C-D.txt	Euteleostomi_Tetraodon_nigroviridis	/rna/liha/phylogenomics_practice/TENT/TENT5/Blast/Results/Euteleostomi_Tetraodon_nigroviridis/Euteleostomi_TENT5A-B-C-D.txt
TENT5A_Homo_sapiens	XP_006626328.1	91.495	388	88	0.0	739	terminal nucleotidyltransferase 5A [Lepisosteus oculatus]	Euteleostomi_TENT5A-B-C-D.txt	Euteleostomi_Lepisosteus_oculatus	/rna/liha/phylogenomics_practice/TENT/TENT5/Blast/Results/Euteleostomi_Lepisosteus_oculatus/Euteleostomi_TENT5A-B-C-D.txt
TENT5A_Homo_sapiens	XP_006631331.1	78.158	380	86	0.0	624	terminal nucleotidyltransferase 5ba [Lepisosteus oculatus]	Euteleostomi_TENT5A-B-C-D.txt	Euteleostomi_Lepisosteus_oculatus	/rna/liha/phylogenomics_practice/TENT/TENT5/Blast/Results/Euteleostomi_Lepisosteus_oculatus/Euteleostomi_TENT5A-B-C-D.txt
TENT5A_Homo_sapiens	XP_006639425.1	73.684	380	86	0.0	577	terminal nucleotidyltransferase 5C [Lepisosteus oculatus]	Euteleostomi_TENT5A-B-C-D.txt	Euteleostomi_Lepisosteus_oculatus	/rna/liha/phylogenomics_practice/TENT/TENT5/Blast/Results/Euteleostomi_Lepisosteus_oculatus/Euteleostomi_TENT5A-B-C-D.txt
TENT5A_Homo_sapiens	XP_015206985.2	73.964	169	79	1.40e-87	284	microtubule-associated protein futsch [Lepisosteus oculatus]	Euteleostomi_TENT5A-B-C-D.txt	Euteleostomi_Lepisosteus_oculatus	/rna/liha/phylogenomics_practice/TENT/TENT5/Blast/Results/Euteleostomi_Lepisosteus_oculatus/Euteleostomi_TENT5A-B-C-D.txt
TENT5A_Homo_sapiens	XP_015206985.2	68.852	183	79	1.21e-77	257	microtubule-associated protein futsch [Lepisosteus oculatus]	Euteleostomi_TENT5A-B-C-D.txt	Euteleostomi_Lepisosteus_oculatus	/rna/liha/phylogenomics_practice/TENT/TENT5/Blast/Results/Euteleostomi_Lepisosteus_oculatus/Euteleostomi_TENT5A-B-C-D.txt
TENT5B_Homo_sapiens	XP_006631331.1	69.110	382	89	0.0	540	terminal nucleotidyltransferase 5ba [Lepisosteus oculatus]	Euteleostomi_TENT5A-B-C-D.txt	Euteleostomi_Lepisosteus_oculatus	/rna/liha/phylogenomics_practice/TENT/TENT5/Blast/Results/Euteleostomi_Lepisosteus_oculatus/Euteleostomi_TENT5A-B-C-D.txt
TENT5B_Homo_sapiens	XP_006626328.1	66.237	388	90	0.0	538	terminal nucleotidyltransferase 5A [Lepisosteus oculatus]	Euteleostomi_TENT5A-B-C-D.txt	Euteleostomi_Lepisosteus_oculatus	/rna/liha/phylogenomics_practice/TENT/TENT5/Blast/Results/Euteleostomi_Lepisosteus_oculatus/Euteleostomi_TENT5A-B-C-D.txt
TENT5B_Homo_sapiens	XP_006639425.1	63.228	378	88	2.97e-175	495	terminal nucleotidyltransferase 5C [Lepisosteus oculatus]	Euteleostomi_TENT5A-B-C-D.txt	Euteleostomi_Lepisosteus_oculatus	/rna/liha/phylogenomics_practice/TENT/TENT5/Blast/Results/Euteleostomi_Lepisosteus_oculatus/Euteleostomi_TENT5A-B-C-D.txt
TENT5B_Homo_sapiens	XP_015206985.2	63.536	181	84	2.07e-71	240	microtubule-associated protein futsch [Lepisosteus oculatus]	Euteleostomi_TENT5A-B-C-D.txt	Euteleostomi_Lepisosteus_oculatus	/rna/liha/phylogenomics_practice/TENT/TENT5/Blast/Results/Euteleostomi_Lepisosteus_oculatus/Euteleostomi_TENT5A-B-C-D.txt
TENT5B_Homo_sapiens	XP_015206985.2	55.618	178	84	4.57e-57	201	microtubule-associated protein futsch [Lepisosteus oculatus]	Euteleostomi_TENT5A-B-C-D.txt	Euteleostomi_Lepisosteus_oculatus	/rna/liha/phylogenomics_practice/TENT/TENT5/Blast/Results/Euteleostomi_Lepisosteus_oculatus/Euteleostomi_TENT5A-B-C-D.txt
TENT5B_Homo_sapiens	XP_069047383.1	36.923	65	15	1.2	32.3	N-acyl-aromatic-L-amino acid amidohydrolase (carboxylate-forming) [Lepisosteus oculatus]	Euteleostomi_TENT5A-B-C-D.txt	Euteleostomi_Lepisosteus_oculatus	/rna/liha/phylogenomics_practice/TENT/TENT5/Blast/Results/Euteleostomi_Lepisosteus_oculatus/Euteleostomi_TENT5A-B-C-D.txt
TENT5B_Homo_sapiens	XP_015198869.2	44.737	38	9	3.6	31.2	WD repeat-containing protein 76 isoform X4 [Lepisosteus oculatus]	Euteleostomi_TENT5A-B-C-D.txt	Euteleostomi_Lepisosteus_oculatus	/rna/liha/phylogenomics_practice/TENT/TENT5/Blast/Results/Euteleostomi_Lepisosteus_oculatus/Euteleostomi_TENT5A-B-C-D.txt
TENT5B_Homo_sapiens	XP_015198866.2	44.737	38	9	3.9	30.8	WD repeat-containing protein 76 isoform X1 [Lepisosteus oculatus]	Euteleostomi_TENT5A-B-C-D.txt	Euteleostomi_Lepisosteus_oculatus	/rna/liha/phylogenomics_practice/TENT/TENT5/Blast/Results/Euteleostomi_Lepisosteus_oculatus/Euteleostomi_TENT5A-B-C-D.txt
TENT5B_Homo_sapiens	XP_015198867.2	44.737	38	9	4.4	30.8	WD repeat-containing protein 76 isoform X2 [Lepisosteus oculatus]	Euteleostomi_TENT5A-B-C-D.txt	Euteleostomi_Lepisosteus_oculatus	/rna/liha/phylogenomics_practice/TENT/TENT5/Blast/Results/Euteleostomi_Lepisosteus_oculatus/Euteleostomi_TENT5A-B-C-D.txt
TENT5B_Homo_sapiens	XP_015198868.2	44.737	38	9	4.5	30.8	WD repeat-containing protein 76 isoform X3 [Lepisosteus oculatus]	Euteleostomi_TENT5A-B-C-D.txt	Euteleostomi_Lepisosteus_oculatus	/rna/liha/phylogenomics_practice/TENT/TENT5/Blast/Results/Euteleostomi_Lepisosteus_oculatus/Euteleostomi_TENT5A-B-C-D.txt
TENT5C_Homo_sapiens	XP_006639425.1	78.772	391	100	0.0	634	terminal nucleotidyltransferase 5C [Lepisosteus oculatus]	Euteleostomi_TENT5A-B-C-D.txt	Euteleostomi_Lepisosteus_oculatus	/rna/liha/phylogenomics_practice/TENT/TENT5/Blast/Results/Euteleostomi_Lepisosteus_oculatus/Euteleostomi_TENT5A-B-C-D.txt
TENT5C_Homo_sapiens	XP_006631331.1	74.016	381	97	0.0	579	terminal nucleotidyltransferase 5ba [Lepisosteus oculatus]	Euteleostomi_TENT5A-B-C-D.txt	Euteleostomi_Lepisosteus_oculatus	/rna/liha/phylogenomics_practice/TENT/TENT5/Blast/Results/Euteleostomi_Lepisosteus_oculatus/Euteleostomi_TENT5A-B-C-D.txt
TENT5C_Homo_sapiens	XP_006626328.1	73.298	382	97	0.0	578	terminal nucleotidyltransferase 5A [Lepisosteus oculatus]	Euteleostomi_TENT5A-B-C-D.txt	Euteleostomi_Lepisosteus_oculatus	/rna/liha/phylogenomics_practice/TENT/TENT5/Blast/Results/Euteleostomi_Lepisosteus_oculatus/Euteleostomi_TENT5A-B-C-D.txt
TENT5C_Homo_sapiens	XP_015206985.2	78.090	178	92	3.73e-97	307	microtubule-associated protein futsch [Lepisosteus oculatus]	Euteleostomi_TENT5A-B-C-D.txt	Euteleostomi_Lepisosteus_oculatus	/rna/liha/phylogenomics_practice/TENT/TENT5/Blast/Results/Euteleostomi_Lepisosteus_oculatus/Euteleostomi_TENT5A-B-C-D.txt
TENT5C_Homo_sapiens	XP_015206985.2	65.934	182	92	1.84e-73	244	microtubule-associated protein futsch [Lepisosteus oculatus]	Euteleostomi_TENT5A-B-C-D.txt	Euteleostomi_Lepisosteus_oculatus	/rna/liha/phylogenomics_practice/TENT/TENT5/Blast/Results/Euteleostomi_Lepisosteus_oculatus/Euteleostomi_TENT5A-B-C-D.txt
TENT5C_Homo_sapiens	XP_006625737.1	36.842	38	10	5.8	30.4	exostosin-1-like [Lepisosteus oculatus]	Euteleostomi_TENT5A-B-C-D.txt	Euteleostomi_Lepisosteus_oculatus	/rna/liha/phylogenomics_practice/TENT/TENT5/Blast/Results/Euteleostomi_Lepisosteus_oculatus/Euteleostomi_TENT5A-B-C-D.txt
TENT5D_Homo_sapiens	XP_006626328.1	63.488	367	94	1.11e-172	488	terminal nucleotidyltransferase 5A [Lepisosteus oculatus]	Euteleostomi_TENT5A-B-C-D.txt	Euteleostomi_Lepisosteus_oculatus	/rna/liha/phylogenomics_practice/TENT/TENT5/Blast/Results/Euteleostomi_Lepisosteus_oculatus/Euteleostomi_TENT5A-B-C-D.txt
TENT5D_Homo_sapiens	XP_006631331.1	63.143	350	90	8.88e-168	475	terminal nucleotidyltransferase 5ba [Lepisosteus oculatus]	Euteleostomi_TENT5A-B-C-D.txt	Euteleostomi_Lepisosteus_oculatus	/rna/liha/phylogenomics_practice/TENT/TENT5/Blast/Results/Euteleostomi_Lepisosteus_oculatus/Euteleostomi_TENT5A-B-C-D.txt
TENT5D_Homo_sapiens	XP_006639425.1	61.850	346	89	1.73e-160	456	terminal nucleotidyltransferase 5C [Lepisosteus oculatus]	Euteleostomi_TENT5A-B-C-D.txt	Euteleostomi_Lepisosteus_oculatus	/rna/liha/phylogenomics_practice/TENT/TENT5/Blast/Results/Euteleostomi_Lepisosteus_oculatus/Euteleostomi_TENT5A-B-C-D.txt
TENT5D_Homo_sapiens	XP_015206985.2	70.811	185	99	8.47e-86	277	microtubule-associated protein futsch [Lepisosteus oculatus]	Euteleostomi_TENT5A-B-C-D.txt	Euteleostomi_Lepisosteus_oculatus	/rna/liha/phylogenomics_practice/TENT/TENT5/Blast/Results/Euteleostomi_Lepisosteus_oculatus/Euteleostomi_TENT5A-B-C-D.txt
TENT5D_Homo_sapiens	XP_015206985.2	64.677	201	99	2.59e-83	270	microtubule-associated protein futsch [Lepisosteus oculatus]	Euteleostomi_TENT5A-B-C-D.txt	Euteleostomi_Lepisosteus_oculatus	/rna/liha/phylogenomics_practice/TENT/TENT5/Blast/Results/Euteleostomi_Lepisosteus_oculatus/Euteleostomi_TENT5A-B-C-D.txt
TENT5D_Homo_sapiens	XP_006635074.2	41.026	39	9	5.6	30.4	proprotein convertase subtilisin/kexin type 9 [Lepisosteus oculatus]	Euteleostomi_TENT5A-B-C-D.txt	Euteleostomi_Lepisosteus_oculatus	/rna/liha/phylogenomics_practice/TENT/TENT5/Blast/Results/Euteleostomi_Lepisosteus_oculatus/Euteleostomi_TENT5A-B-C-D.txt
TENT5D_Homo_sapiens	XP_069040651.1	28.889	45	12	8.8	29.6	carboxypeptidase D [Lepisosteus oculatus]	Euteleostomi_TENT5A-B-C-D.txt	Euteleostomi_Lepisosteus_oculatus	/rna/liha/phylogenomics_practice/TENT/TENT5/Blast/Results/Euteleostomi_Lepisosteus_oculatus/Euteleostomi_TENT5A-B-C-D.txt
TENT5A_Homo_sapiens	XP_008120091.2	91.361	382	86	0.0	726	terminal nucleotidyltransferase 5A [Anolis carolinensis]	Euteleostomi_TENT5A-B-C-D.txt	Euteleostomi_Anolis_carolinensis	/rna/liha/phylogenomics_practice/TENT/TENT5/Blast/Results/Euteleostomi_Anolis_carolinensis/Euteleostomi_TENT5A-B-C-D.txt
TENT5A_Homo_sapiens	XP_008118874.1	77.023	383	86	0.0	602	terminal nucleotidyltransferase 5B [Anolis carolinensis]	Euteleostomi_TENT5A-B-C-D.txt	Euteleostomi_Anolis_carolinensis	/rna/liha/phylogenomics_practice/TENT/TENT5/Blast/Results/Euteleostomi_Anolis_carolinensis/Euteleostomi_TENT5A-B-C-D.txt
TENT5A_Homo_sapiens	XP_062819994.1	67.925	371	84	0.0	536	terminal nucleotidyltransferase 5D [Anolis carolinensis]	Euteleostomi_TENT5A-B-C-D.txt	Euteleostomi_Anolis_carolinensis	/rna/liha/phylogenomics_practice/TENT/TENT5/Blast/Results/Euteleostomi_Anolis_carolinensis/Euteleostomi_TENT5A-B-C-D.txt
TENT5B_Homo_sapiens	XP_008118874.1	71.391	381	89	0.0	551	terminal nucleotidyltransferase 5B [Anolis carolinensis]	Euteleostomi_TENT5A-B-C-D.txt	Euteleostomi_Anolis_carolinensis	/rna/liha/phylogenomics_practice/TENT/TENT5/Blast/Results/Euteleostomi_Anolis_carolinensis/Euteleostomi_TENT5A-B-C-D.txt
TENT5B_Homo_sapiens	XP_008120091.2	67.273	385	89	0.0	530	terminal nucleotidyltransferase 5A [Anolis carolinensis]	Euteleostomi_TENT5A-B-C-D.txt	Euteleostomi_Anolis_carolinensis	/rna/liha/phylogenomics_practice/TENT/TENT5/Blast/Results/Euteleostomi_Anolis_carolinensis/Euteleostomi_TENT5A-B-C-D.txt
TENT5B_Homo_sapiens	XP_062819994.1	55.978	368	86	6.44e-149	429	terminal nucleotidyltransferase 5D [Anolis carolinensis]	Euteleostomi_TENT5A-B-C-D.txt	Euteleostomi_Anolis_carolinensis	/rna/liha/phylogenomics_practice/TENT/TENT5/Blast/Results/Euteleostomi_Anolis_carolinensis/Euteleostomi_TENT5A-B-C-D.txt
TENT5B_Homo_sapiens	XP_003218295.2	28.409	88	19	0.90	33.1	short transient receptor potential channel 1 isoform X2 [Anolis carolinensis]	Euteleostomi_TENT5A-B-C-D.txt	Euteleostomi_Anolis_carolinensis	/rna/liha/phylogenomics_practice/TENT/TENT5/Blast/Results/Euteleostomi_Anolis_carolinensis/Euteleostomi_TENT5A-B-C-D.txt
TENT5B_Homo_sapiens	XP_008104411.1	28.409	88	19	0.91	33.1	short transient receptor potential channel 1 isoform X1 [Anolis carolinensis]	Euteleostomi_TENT5A-B-C-D.txt	Euteleostomi_Anolis_carolinensis	/rna/liha/phylogenomics_practice/TENT/TENT5/Blast/Results/Euteleostomi_Anolis_carolinensis/Euteleostomi_TENT5A-B-C-D.txt
TENT5B_Homo_sapiens	XP_062833884.1	31.148	61	13	2.6	31.6	adenylate cyclase type 10 isoform X2 [Anolis carolinensis]	Euteleostomi_TENT5A-B-C-D.txt	Euteleostomi_Anolis_carolinensis	/rna/liha/phylogenomics_practice/TENT/TENT5/Blast/Results/Euteleostomi_Anolis_carolinensis/Euteleostomi_TENT5A-B-C-D.txt
TENT5B_Homo_sapiens	XP_008117859.3	31.148	61	13	2.6	31.6	adenylate cyclase type 10 isoform X1 [Anolis carolinensis]	Euteleostomi_TENT5A-B-C-D.txt	Euteleostomi_Anolis_carolinensis	/rna/liha/phylogenomics_practice/TENT/TENT5/Blast/Results/Euteleostomi_Anolis_carolinensis/Euteleostomi_TENT5A-B-C-D.txt
TENT5C_Homo_sapiens	XP_008120091.2	72.368	380	96	0.0	566	terminal nucleotidyltransferase 5A [Anolis carolinensis]	Euteleostomi_TENT5A-B-C-D.txt	Euteleostomi_Anolis_carolinensis	/rna/liha/phylogenomics_practice/TENT/TENT5/Blast/Results/Euteleostomi_Anolis_carolinensis/Euteleostomi_TENT5A-B-C-D.txt
TENT5C_Homo_sapiens	XP_008118874.1	74.211	380	97	0.0	565	terminal nucleotidyltransferase 5B [Anolis carolinensis]	Euteleostomi_TENT5A-B-C-D.txt	Euteleostomi_Anolis_carolinensis	/rna/liha/phylogenomics_practice/TENT/TENT5/Blast/Results/Euteleostomi_Anolis_carolinensis/Euteleostomi_TENT5A-B-C-D.txt
TENT5C_Homo_sapiens	XP_062819994.1	67.876	386	98	0.0	546	terminal nucleotidyltransferase 5D [Anolis carolinensis]	Euteleostomi_TENT5A-B-C-D.txt	Euteleostomi_Anolis_carolinensis	/rna/liha/phylogenomics_practice/TENT/TENT5/Blast/Results/Euteleostomi_Anolis_carolinensis/Euteleostomi_TENT5A-B-C-D.txt
TENT5C_Homo_sapiens	XP_062832440.1	28.866	97	24	0.062	36.6	BLOC-3 complex member HPS1 isoform X1 [Anolis carolinensis]	Euteleostomi_TENT5A-B-C-D.txt	Euteleostomi_Anolis_carolinensis	/rna/liha/phylogenomics_practice/TENT/TENT5/Blast/Results/Euteleostomi_Anolis_carolinensis/Euteleostomi_TENT5A-B-C-D.txt
TENT5C_Homo_sapiens	XP_008101997.2	29.091	55	14	9.6	29.6	patatin-like phospholipase domain-containing protein 6 isoform X1 [Anolis carolinensis]	Euteleostomi_TENT5A-B-C-D.txt	Euteleostomi_Anolis_carolinensis	/rna/liha/phylogenomics_practice/TENT/TENT5/Blast/Results/Euteleostomi_Anolis_carolinensis/Euteleostomi_TENT5A-B-C-D.txt
TENT5D_Homo_sapiens	XP_062819994.1	67.700	387	99	0.0	550	terminal nucleotidyltransferase 5D [Anolis carolinensis]	Euteleostomi_TENT5A-B-C-D.txt	Euteleostomi_Anolis_carolinensis	/rna/liha/phylogenomics_practice/TENT/TENT5/Blast/Results/Euteleostomi_Anolis_carolinensis/Euteleostomi_TENT5A-B-C-D.txt
TENT5D_Homo_sapiens	XP_008120091.2	61.957	368	95	1.62e-166	473	terminal nucleotidyltransferase 5A [Anolis carolinensis]	Euteleostomi_TENT5A-B-C-D.txt	Euteleostomi_Anolis_carolinensis	/rna/liha/phylogenomics_practice/TENT/TENT5/Blast/Results/Euteleostomi_Anolis_carolinensis/Euteleostomi_TENT5A-B-C-D.txt
TENT5D_Homo_sapiens	XP_008118874.1	61.017	354	91	1.10e-157	451	terminal nucleotidyltransferase 5B [Anolis carolinensis]	Euteleostomi_TENT5A-B-C-D.txt	Euteleostomi_Anolis_carolinensis	/rna/liha/phylogenomics_practice/TENT/TENT5/Blast/Results/Euteleostomi_Anolis_carolinensis/Euteleostomi_TENT5A-B-C-D.txt
TENT5A_Homo_sapiens	XP_006003359.1	89.474	399	90	0.0	738	terminal nucleotidyltransferase 5A [Latimeria chalumnae]	Euteleostomi_TENT5A-B-C-D.txt	Euteleostomi_Latimeria_chalumnae	/rna/liha/phylogenomics_practice/TENT/TENT5/Blast/Results/Euteleostomi_Latimeria_chalumnae/Euteleostomi_TENT5A-B-C-D.txt
TENT5A_Homo_sapiens	XP_005991079.1	80.526	380	86	0.0	643	terminal nucleotidyltransferase 5A isoform X1 [Latimeria chalumnae]	Euteleostomi_TENT5A-B-C-D.txt	Euteleostomi_Latimeria_chalumnae	/rna/liha/phylogenomics_practice/TENT/TENT5/Blast/Results/Euteleostomi_Latimeria_chalumnae/Euteleostomi_TENT5A-B-C-D.txt
TENT5A_Homo_sapiens	XP_005991080.1	81.232	341	77	0.0	581	terminal nucleotidyltransferase 5A isoform X2 [Latimeria chalumnae]	Euteleostomi_TENT5A-B-C-D.txt	Euteleostomi_Latimeria_chalumnae	/rna/liha/phylogenomics_practice/TENT/TENT5/Blast/Results/Euteleostomi_Latimeria_chalumnae/Euteleostomi_TENT5A-B-C-D.txt
TENT5A_Homo_sapiens	XP_006006950.1	71.579	380	86	0.0	556	terminal nucleotidyltransferase 5C [Latimeria chalumnae]	Euteleostomi_TENT5A-B-C-D.txt	Euteleostomi_Latimeria_chalumnae	/rna/liha/phylogenomics_practice/TENT/TENT5/Blast/Results/Euteleostomi_Latimeria_chalumnae/Euteleostomi_TENT5A-B-C-D.txt
TENT5A_Homo_sapiens	XP_014347599.1	70.866	381	85	0.0	553	terminal nucleotidyltransferase 5C [Latimeria chalumnae]	Euteleostomi_TENT5A-B-C-D.txt	Euteleostomi_Latimeria_chalumnae	/rna/liha/phylogenomics_practice/TENT/TENT5/Blast/Results/Euteleostomi_Latimeria_chalumnae/Euteleostomi_TENT5A-B-C-D.txt
TENT5B_Homo_sapiens	XP_005991079.1	69.054	391	91	0.0	557	terminal nucleotidyltransferase 5A isoform X1 [Latimeria chalumnae]	Euteleostomi_TENT5A-B-C-D.txt	Euteleostomi_Latimeria_chalumnae	/rna/liha/phylogenomics_practice/TENT/TENT5/Blast/Results/Euteleostomi_Latimeria_chalumnae/Euteleostomi_TENT5A-B-C-D.txt
TENT5B_Homo_sapiens	XP_006003359.1	65.796	383	89	0.0	531	terminal nucleotidyltransferase 5A [Latimeria chalumnae]	Euteleostomi_TENT5A-B-C-D.txt	Euteleostomi_Latimeria_chalumnae	/rna/liha/phylogenomics_practice/TENT/TENT5/Blast/Results/Euteleostomi_Latimeria_chalumnae/Euteleostomi_TENT5A-B-C-D.txt
TENT5B_Homo_sapiens	XP_005991080.1	69.795	341	79	1.59e-174	491	terminal nucleotidyltransferase 5A isoform X2 [Latimeria chalumnae]	Euteleostomi_TENT5A-B-C-D.txt	Euteleostomi_Latimeria_chalumnae	/rna/liha/phylogenomics_practice/TENT/TENT5/Blast/Results/Euteleostomi_Latimeria_chalumnae/Euteleostomi_TENT5A-B-C-D.txt
TENT5B_Homo_sapiens	XP_006006950.1	59.296	398	93	1.25e-166	473	terminal nucleotidyltransferase 5C [Latimeria chalumnae]	Euteleostomi_TENT5A-B-C-D.txt	Euteleostomi_Latimeria_chalumnae	/rna/liha/phylogenomics_practice/TENT/TENT5/Blast/Results/Euteleostomi_Latimeria_chalumnae/Euteleostomi_TENT5A-B-C-D.txt
TENT5B_Homo_sapiens	XP_014347599.1	56.614	378	87	4.40e-153	439	terminal nucleotidyltransferase 5C [Latimeria chalumnae]	Euteleostomi_TENT5A-B-C-D.txt	Euteleostomi_Latimeria_chalumnae	/rna/liha/phylogenomics_practice/TENT/TENT5/Blast/Results/Euteleostomi_Latimeria_chalumnae/Euteleostomi_TENT5A-B-C-D.txt
TENT5B_Homo_sapiens	XP_006002842.1	27.586	87	18	1.4	32.0	short transient receptor potential channel 1 [Latimeria chalumnae]	Euteleostomi_TENT5A-B-C-D.txt	Euteleostomi_Latimeria_chalumnae	/rna/liha/phylogenomics_practice/TENT/TENT5/Blast/Results/Euteleostomi_Latimeria_chalumnae/Euteleostomi_TENT5A-B-C-D.txt
TENT5B_Homo_sapiens	XP_064409769.1	32.727	55	12	3.9	30.4	tripartite motif-containing protein 55a isoform X3 [Latimeria chalumnae]	Euteleostomi_TENT5A-B-C-D.txt	Euteleostomi_Latimeria_chalumnae	/rna/liha/phylogenomics_practice/TENT/TENT5/Blast/Results/Euteleostomi_Latimeria_chalumnae/Euteleostomi_TENT5A-B-C-D.txt
TENT5C_Homo_sapiens	XP_006006950.1	78.680	394	100	0.0	647	terminal nucleotidyltransferase 5C [Latimeria chalumnae]	Euteleostomi_TENT5A-B-C-D.txt	Euteleostomi_Latimeria_chalumnae	/rna/liha/phylogenomics_practice/TENT/TENT5/Blast/Results/Euteleostomi_Latimeria_chalumnae/Euteleostomi_TENT5A-B-C-D.txt
TENT5C_Homo_sapiens	XP_006003359.1	72.040	397	99	0.0	586	terminal nucleotidyltransferase 5A [Latimeria chalumnae]	Euteleostomi_TENT5A-B-C-D.txt	Euteleostomi_Latimeria_chalumnae	/rna/liha/phylogenomics_practice/TENT/TENT5/Blast/Results/Euteleostomi_Latimeria_chalumnae/Euteleostomi_TENT5A-B-C-D.txt
TENT5C_Homo_sapiens	XP_005991079.1	73.421	380	97	0.0	580	terminal nucleotidyltransferase 5A isoform X1 [Latimeria chalumnae]	Euteleostomi_TENT5A-B-C-D.txt	Euteleostomi_Latimeria_chalumnae	/rna/liha/phylogenomics_practice/TENT/TENT5/Blast/Results/Euteleostomi_Latimeria_chalumnae/Euteleostomi_TENT5A-B-C-D.txt
TENT5C_Homo_sapiens	XP_014347599.1	69.565	391	98	0.0	555	terminal nucleotidyltransferase 5C [Latimeria chalumnae]	Euteleostomi_TENT5A-B-C-D.txt	Euteleostomi_Latimeria_chalumnae	/rna/liha/phylogenomics_practice/TENT/TENT5/Blast/Results/Euteleostomi_Latimeria_chalumnae/Euteleostomi_TENT5A-B-C-D.txt
TENT5C_Homo_sapiens	XP_005991080.1	74.706	340	86	0.0	527	terminal nucleotidyltransferase 5A isoform X2 [Latimeria chalumnae]	Euteleostomi_TENT5A-B-C-D.txt	Euteleostomi_Latimeria_chalumnae	/rna/liha/phylogenomics_practice/TENT/TENT5/Blast/Results/Euteleostomi_Latimeria_chalumnae/Euteleostomi_TENT5A-B-C-D.txt
TENT5C_Homo_sapiens	XP_064423768.1	42.222	45	9	3.6	30.4	SH2 domain-containing protein 5 [Latimeria chalumnae]	Euteleostomi_TENT5A-B-C-D.txt	Euteleostomi_Latimeria_chalumnae	/rna/liha/phylogenomics_practice/TENT/TENT5/Blast/Results/Euteleostomi_Latimeria_chalumnae/Euteleostomi_TENT5A-B-C-D.txt
TENT5C_Homo_sapiens	XP_064411526.1	36.842	38	10	3.9	30.4	exostosin-1-like [Latimeria chalumnae]	Euteleostomi_TENT5A-B-C-D.txt	Euteleostomi_Latimeria_chalumnae	/rna/liha/phylogenomics_practice/TENT/TENT5/Blast/Results/Euteleostomi_Latimeria_chalumnae/Euteleostomi_TENT5A-B-C-D.txt
TENT5C_Homo_sapiens	XP_005996592.1	22.973	74	18	5.2	29.6	tRNA N6-adenosine threonylcarbamoyltransferase, mitochondrial [Latimeria chalumnae]	Euteleostomi_TENT5A-B-C-D.txt	Euteleostomi_Latimeria_chalumnae	/rna/liha/phylogenomics_practice/TENT/TENT5/Blast/Results/Euteleostomi_Latimeria_chalumnae/Euteleostomi_TENT5A-B-C-D.txt
TENT5C_Homo_sapiens	XP_064420895.1	33.333	60	14	5.6	30.0	cytoplasmic dynein 1 heavy chain 1 [Latimeria chalumnae]	Euteleostomi_TENT5A-B-C-D.txt	Euteleostomi_Latimeria_chalumnae	/rna/liha/phylogenomics_practice/TENT/TENT5/Blast/Results/Euteleostomi_Latimeria_chalumnae/Euteleostomi_TENT5A-B-C-D.txt
TENT5C_Homo_sapiens	XP_006011560.1	30.769	78	19	6.2	29.6	ATP-binding cassette sub-family D member 1 [Latimeria chalumnae]	Euteleostomi_TENT5A-B-C-D.txt	Euteleostomi_Latimeria_chalumnae	/rna/liha/phylogenomics_practice/TENT/TENT5/Blast/Results/Euteleostomi_Latimeria_chalumnae/Euteleostomi_TENT5A-B-C-D.txt
TENT5D_Homo_sapiens	XP_014347599.1	67.775	391	99	0.0	543	terminal nucleotidyltransferase 5C [Latimeria chalumnae]	Euteleostomi_TENT5A-B-C-D.txt	Euteleostomi_Latimeria_chalumnae	/rna/liha/phylogenomics_practice/TENT/TENT5/Blast/Results/Euteleostomi_Latimeria_chalumnae/Euteleostomi_TENT5A-B-C-D.txt
TENT5D_Homo_sapiens	XP_006003359.1	64.033	367	94	6.26e-175	493	terminal nucleotidyltransferase 5A [Latimeria chalumnae]	Euteleostomi_TENT5A-B-C-D.txt	Euteleostomi_Latimeria_chalumnae	/rna/liha/phylogenomics_practice/TENT/TENT5/Blast/Results/Euteleostomi_Latimeria_chalumnae/Euteleostomi_TENT5A-B-C-D.txt
TENT5D_Homo_sapiens	XP_005991079.1	62.500	352	90	6.36e-166	470	terminal nucleotidyltransferase 5A isoform X1 [Latimeria chalumnae]	Euteleostomi_TENT5A-B-C-D.txt	Euteleostomi_Latimeria_chalumnae	/rna/liha/phylogenomics_practice/TENT/TENT5/Blast/Results/Euteleostomi_Latimeria_chalumnae/Euteleostomi_TENT5A-B-C-D.txt
TENT5D_Homo_sapiens	XP_006006950.1	59.621	369	95	5.24e-160	455	terminal nucleotidyltransferase 5C [Latimeria chalumnae]	Euteleostomi_TENT5A-B-C-D.txt	Euteleostomi_Latimeria_chalumnae	/rna/liha/phylogenomics_practice/TENT/TENT5/Blast/Results/Euteleostomi_Latimeria_chalumnae/Euteleostomi_TENT5A-B-C-D.txt
TENT5D_Homo_sapiens	XP_005991080.1	61.656	326	84	2.28e-145	416	terminal nucleotidyltransferase 5A isoform X2 [Latimeria chalumnae]	Euteleostomi_TENT5A-B-C-D.txt	Euteleostomi_Latimeria_chalumnae	/rna/liha/phylogenomics_practice/TENT/TENT5/Blast/Results/Euteleostomi_Latimeria_chalumnae/Euteleostomi_TENT5A-B-C-D.txt
TENT5A_Homo_sapiens	XP_039603765.1	90.789	380	86	0.0	723	terminal nucleotidyltransferase 5A [Erpetoichthys calabaricus]	Euteleostomi_TENT5A-B-C-D.txt	Euteleostomi_Polypterus_senegalus	/rna/liha/phylogenomics_practice/TENT/TENT5/Blast/Results/Euteleostomi_Polypterus_senegalus/Euteleostomi_TENT5A-B-C-D.txt
TENT5A_Homo_sapiens	XP_039595688.1	78.684	380	86	0.0	627	terminal nucleotidyltransferase 5A-like [Polypterus senegalus]	Euteleostomi_TENT5A-B-C-D.txt	Euteleostomi_Polypterus_senegalus	/rna/liha/phylogenomics_practice/TENT/TENT5/Blast/Results/Euteleostomi_Polypterus_senegalus/Euteleostomi_TENT5A-B-C-D.txt
TENT5A_Homo_sapiens	XP_039599665.1	70.341	381	86	0.0	565	terminal nucleotidyltransferase 5C [Polypterus senegalus]	Euteleostomi_TENT5A-B-C-D.txt	Euteleostomi_Polypterus_senegalus	/rna/liha/phylogenomics_practice/TENT/TENT5/Blast/Results/Euteleostomi_Polypterus_senegalus/Euteleostomi_TENT5A-B-C-D.txt
TENT5A_Homo_sapiens	XP_039621896.1	72.778	180	81	3.74e-91	295	uncharacterized protein LOC120537204 [Polypterus senegalus]	Euteleostomi_TENT5A-B-C-D.txt	Euteleostomi_Polypterus_senegalus	/rna/liha/phylogenomics_practice/TENT/TENT5/Blast/Results/Euteleostomi_Polypterus_senegalus/Euteleostomi_TENT5A-B-C-D.txt
TENT5A_Homo_sapiens	XP_039621896.1	71.508	179	81	2.06e-79	264	uncharacterized protein LOC120537204 [Polypterus senegalus]	Euteleostomi_TENT5A-B-C-D.txt	Euteleostomi_Polypterus_senegalus	/rna/liha/phylogenomics_practice/TENT/TENT5/Blast/Results/Euteleostomi_Polypterus_senegalus/Euteleostomi_TENT5A-B-C-D.txt
TENT5A_Homo_sapiens	XP_039595420.1	40.000	55	11	0.20	34.7	peflin [Polypterus senegalus]	Euteleostomi_TENT5A-B-C-D.txt	Euteleostomi_Polypterus_senegalus	/rna/liha/phylogenomics_practice/TENT/TENT5/Blast/Results/Euteleostomi_Polypterus_senegalus/Euteleostomi_TENT5A-B-C-D.txt
TENT5B_Homo_sapiens	XP_039595688.1	69.091	385	89	0.0	549	terminal nucleotidyltransferase 5A-like [Polypterus senegalus]	Euteleostomi_TENT5A-B-C-D.txt	Euteleostomi_Polypterus_senegalus	/rna/liha/phylogenomics_practice/TENT/TENT5/Blast/Results/Euteleostomi_Polypterus_senegalus/Euteleostomi_TENT5A-B-C-D.txt
TENT5B_Homo_sapiens	XP_039603765.1	64.232	397	90	0.0	526	terminal nucleotidyltransferase 5A [Erpetoichthys calabaricus]	Euteleostomi_TENT5A-B-C-D.txt	Euteleostomi_Polypterus_senegalus	/rna/liha/phylogenomics_practice/TENT/TENT5/Blast/Results/Euteleostomi_Polypterus_senegalus/Euteleostomi_TENT5A-B-C-D.txt
TENT5B_Homo_sapiens	XP_039599665.1	62.698	378	88	8.97e-176	496	terminal nucleotidyltransferase 5C [Polypterus senegalus]	Euteleostomi_TENT5A-B-C-D.txt	Euteleostomi_Polypterus_senegalus	/rna/liha/phylogenomics_practice/TENT/TENT5/Blast/Results/Euteleostomi_Polypterus_senegalus/Euteleostomi_TENT5A-B-C-D.txt
TENT5B_Homo_sapiens	XP_039621896.1	60.428	187	88	2.16e-71	241	uncharacterized protein LOC120537204 [Polypterus senegalus]	Euteleostomi_TENT5A-B-C-D.txt	Euteleostomi_Polypterus_senegalus	/rna/liha/phylogenomics_practice/TENT/TENT5/Blast/Results/Euteleostomi_Polypterus_senegalus/Euteleostomi_TENT5A-B-C-D.txt
TENT5B_Homo_sapiens	XP_039621896.1	53.191	188	88	1.04e-59	209	uncharacterized protein LOC120537204 [Polypterus senegalus]	Euteleostomi_TENT5A-B-C-D.txt	Euteleostomi_Polypterus_senegalus	/rna/liha/phylogenomics_practice/TENT/TENT5/Blast/Results/Euteleostomi_Polypterus_senegalus/Euteleostomi_TENT5A-B-C-D.txt
TENT5B_Homo_sapiens	XP_039616356.1	27.586	87	18	3.3	31.2	short transient receptor potential channel 1 isoform X1 [Polypterus senegalus]	Euteleostomi_TENT5A-B-C-D.txt	Euteleostomi_Polypterus_senegalus	/rna/liha/phylogenomics_practice/TENT/TENT5/Blast/Results/Euteleostomi_Polypterus_senegalus/Euteleostomi_TENT5A-B-C-D.txt
TENT5B_Homo_sapiens	XP_039616364.1	27.586	87	18	3.6	30.8	short transient receptor potential channel 1 isoform X2 [Polypterus senegalus]	Euteleostomi_TENT5A-B-C-D.txt	Euteleostomi_Polypterus_senegalus	/rna/liha/phylogenomics_practice/TENT/TENT5/Blast/Results/Euteleostomi_Polypterus_senegalus/Euteleostomi_TENT5A-B-C-D.txt
TENT5B_Homo_sapiens	XP_039598320.1	40.476	42	10	6.4	30.4	titin isoform X1 [Polypterus senegalus]	Euteleostomi_TENT5A-B-C-D.txt	Euteleostomi_Polypterus_senegalus	/rna/liha/phylogenomics_practice/TENT/TENT5/Blast/Results/Euteleostomi_Polypterus_senegalus/Euteleostomi_TENT5A-B-C-D.txt
TENT5B_Homo_sapiens	XP_039598321.1	40.476	42	10	6.6	30.0	titin isoform X2 [Polypterus senegalus]	Euteleostomi_TENT5A-B-C-D.txt	Euteleostomi_Polypterus_senegalus	/rna/liha/phylogenomics_practice/TENT/TENT5/Blast/Results/Euteleostomi_Polypterus_senegalus/Euteleostomi_TENT5A-B-C-D.txt
TENT5C_Homo_sapiens	XP_039599665.1	76.215	391	100	0.0	619	terminal nucleotidyltransferase 5C [Polypterus senegalus]	Euteleostomi_TENT5A-B-C-D.txt	Euteleostomi_Polypterus_senegalus	/rna/liha/phylogenomics_practice/TENT/TENT5/Blast/Results/Euteleostomi_Polypterus_senegalus/Euteleostomi_TENT5A-B-C-D.txt
TENT5C_Homo_sapiens	XP_039603765.1	72.123	391	99	0.0	578	terminal nucleotidyltransferase 5A [Erpetoichthys calabaricus]	Euteleostomi_TENT5A-B-C-D.txt	Euteleostomi_Polypterus_senegalus	/rna/liha/phylogenomics_practice/TENT/TENT5/Blast/Results/Euteleostomi_Polypterus_senegalus/Euteleostomi_TENT5A-B-C-D.txt
TENT5C_Homo_sapiens	XP_039595688.1	72.324	383	97	0.0	570	terminal nucleotidyltransferase 5A-like [Polypterus senegalus]	Euteleostomi_TENT5A-B-C-D.txt	Euteleostomi_Polypterus_senegalus	/rna/liha/phylogenomics_practice/TENT/TENT5/Blast/Results/Euteleostomi_Polypterus_senegalus/Euteleostomi_TENT5A-B-C-D.txt
TENT5C_Homo_sapiens	XP_039621896.1	75.532	188	94	8.05e-100	316	uncharacterized protein LOC120537204 [Polypterus senegalus]	Euteleostomi_TENT5A-B-C-D.txt	Euteleostomi_Polypterus_senegalus	/rna/liha/phylogenomics_practice/TENT/TENT5/Blast/Results/Euteleostomi_Polypterus_senegalus/Euteleostomi_TENT5A-B-C-D.txt
TENT5C_Homo_sapiens	XP_039621896.1	67.033	182	94	1.25e-74	249	uncharacterized protein LOC120537204 [Polypterus senegalus]	Euteleostomi_TENT5A-B-C-D.txt	Euteleostomi_Polypterus_senegalus	/rna/liha/phylogenomics_practice/TENT/TENT5/Blast/Results/Euteleostomi_Polypterus_senegalus/Euteleostomi_TENT5A-B-C-D.txt
TENT5C_Homo_sapiens	XP_039621785.1	38.298	47	11	6.9	29.6	BTB/POZ domain-containing protein KCTD12-like [Polypterus senegalus]	Euteleostomi_TENT5A-B-C-D.txt	Euteleostomi_Polypterus_senegalus	/rna/liha/phylogenomics_practice/TENT/TENT5/Blast/Results/Euteleostomi_Polypterus_senegalus/Euteleostomi_TENT5A-B-C-D.txt
TENT5C_Homo_sapiens	XP_039632386.1	27.723	101	26	9.0	29.3	eukaryotic translation initiation factor 2-alpha kinase 1 isoform X2 [Polypterus senegalus]	Euteleostomi_TENT5A-B-C-D.txt	Euteleostomi_Polypterus_senegalus	/rna/liha/phylogenomics_practice/TENT/TENT5/Blast/Results/Euteleostomi_Polypterus_senegalus/Euteleostomi_TENT5A-B-C-D.txt
TENT5C_Homo_sapiens	XP_039632385.1	27.723	101	26	9.3	29.3	eukaryotic translation initiation factor 2-alpha kinase 1 isoform X1 [Polypterus senegalus]	Euteleostomi_TENT5A-B-C-D.txt	Euteleostomi_Polypterus_senegalus	/rna/liha/phylogenomics_practice/TENT/TENT5/Blast/Results/Euteleostomi_Polypterus_senegalus/Euteleostomi_TENT5A-B-C-D.txt
TENT5D_Homo_sapiens	XP_039603765.1	63.315	368	95	1.24e-172	488	terminal nucleotidyltransferase 5A [Erpetoichthys calabaricus]	Euteleostomi_TENT5A-B-C-D.txt	Euteleostomi_Polypterus_senegalus	/rna/liha/phylogenomics_practice/TENT/TENT5/Blast/Results/Euteleostomi_Polypterus_senegalus/Euteleostomi_TENT5A-B-C-D.txt
TENT5D_Homo_sapiens	XP_039595688.1	58.947	380	96	1.08e-165	470	terminal nucleotidyltransferase 5A-like [Polypterus senegalus]	Euteleostomi_TENT5A-B-C-D.txt	Euteleostomi_Polypterus_senegalus	/rna/liha/phylogenomics_practice/TENT/TENT5/Blast/Results/Euteleostomi_Polypterus_senegalus/Euteleostomi_TENT5A-B-C-D.txt
TENT5D_Homo_sapiens	XP_039599665.1	63.584	346	89	2.66e-162	461	terminal nucleotidyltransferase 5C [Polypterus senegalus]	Euteleostomi_TENT5A-B-C-D.txt	Euteleostomi_Polypterus_senegalus	/rna/liha/phylogenomics_practice/TENT/TENT5/Blast/Results/Euteleostomi_Polypterus_senegalus/Euteleostomi_TENT5A-B-C-D.txt
TENT5D_Homo_sapiens	XP_039621896.1	70.811	185	96	2.80e-86	280	uncharacterized protein LOC120537204 [Polypterus senegalus]	Euteleostomi_TENT5A-B-C-D.txt	Euteleostomi_Polypterus_senegalus	/rna/liha/phylogenomics_practice/TENT/TENT5/Blast/Results/Euteleostomi_Polypterus_senegalus/Euteleostomi_TENT5A-B-C-D.txt
TENT5D_Homo_sapiens	XP_039621896.1	65.426	188	96	2.92e-82	270	uncharacterized protein LOC120537204 [Polypterus senegalus]	Euteleostomi_TENT5A-B-C-D.txt	Euteleostomi_Polypterus_senegalus	/rna/liha/phylogenomics_practice/TENT/TENT5/Blast/Results/Euteleostomi_Polypterus_senegalus/Euteleostomi_TENT5A-B-C-D.txt
TENT5A_Homo_sapiens	XP_033872791.3	84.223	412	93	0.0	723	terminal nucleotidyltransferase 5A [Acipenser ruthenus]	Euteleostomi_TENT5A-B-C-D.txt	Euteleostomi_Acipenser_ruthenus	/rna/liha/phylogenomics_practice/TENT/TENT5/Blast/Results/Euteleostomi_Acipenser_ruthenus/Euteleostomi_TENT5A-B-C-D.txt
TENT5A_Homo_sapiens	XP_058880590.1	88.312	385	87	0.0	717	terminal nucleotidyltransferase 5A-like [Acipenser ruthenus]	Euteleostomi_TENT5A-B-C-D.txt	Euteleostomi_Acipenser_ruthenus	/rna/liha/phylogenomics_practice/TENT/TENT5/Blast/Results/Euteleostomi_Acipenser_ruthenus/Euteleostomi_TENT5A-B-C-D.txt
TENT5A_Homo_sapiens	XP_058853527.1	76.579	380	86	0.0	609	terminal nucleotidyltransferase 5A-like [Acipenser ruthenus]	Euteleostomi_TENT5A-B-C-D.txt	Euteleostomi_Acipenser_ruthenus	/rna/liha/phylogenomics_practice/TENT/TENT5/Blast/Results/Euteleostomi_Acipenser_ruthenus/Euteleostomi_TENT5A-B-C-D.txt
TENT5A_Homo_sapiens	XP_058855628.1	76.579	380	86	0.0	609	terminal nucleotidyltransferase 5A-like [Acipenser ruthenus]	Euteleostomi_TENT5A-B-C-D.txt	Euteleostomi_Acipenser_ruthenus	/rna/liha/phylogenomics_practice/TENT/TENT5/Blast/Results/Euteleostomi_Acipenser_ruthenus/Euteleostomi_TENT5A-B-C-D.txt
TENT5A_Homo_sapiens	XP_033864625.1	71.316	380	86	0.0	561	terminal nucleotidyltransferase 5C-like [Acipenser ruthenus]	Euteleostomi_TENT5A-B-C-D.txt	Euteleostomi_Acipenser_ruthenus	/rna/liha/phylogenomics_practice/TENT/TENT5/Blast/Results/Euteleostomi_Acipenser_ruthenus/Euteleostomi_TENT5A-B-C-D.txt
TENT5A_Homo_sapiens	XP_058885092.1	71.053	380	86	0.0	561	terminal nucleotidyltransferase 5C-like isoform X1 [Acipenser ruthenus]	Euteleostomi_TENT5A-B-C-D.txt	Euteleostomi_Acipenser_ruthenus	/rna/liha/phylogenomics_practice/TENT/TENT5/Blast/Results/Euteleostomi_Acipenser_ruthenus/Euteleostomi_TENT5A-B-C-D.txt
TENT5A_Homo_sapiens	XP_033866648.1	71.053	380	86	0.0	560	terminal nucleotidyltransferase 5C-like isoform X2 [Acipenser ruthenus]	Euteleostomi_TENT5A-B-C-D.txt	Euteleostomi_Acipenser_ruthenus	/rna/liha/phylogenomics_practice/TENT/TENT5/Blast/Results/Euteleostomi_Acipenser_ruthenus/Euteleostomi_TENT5A-B-C-D.txt
TENT5A_Homo_sapiens	XP_058857546.1	72.941	170	83	6.21e-87	281	uncharacterized protein LOC117430524 [Acipenser ruthenus]	Euteleostomi_TENT5A-B-C-D.txt	Euteleostomi_Acipenser_ruthenus	/rna/liha/phylogenomics_practice/TENT/TENT5/Blast/Results/Euteleostomi_Acipenser_ruthenus/Euteleostomi_TENT5A-B-C-D.txt
TENT5A_Homo_sapiens	XP_058857546.1	65.816	196	83	1.27e-80	265	uncharacterized protein LOC117430524 [Acipenser ruthenus]	Euteleostomi_TENT5A-B-C-D.txt	Euteleostomi_Acipenser_ruthenus	/rna/liha/phylogenomics_practice/TENT/TENT5/Blast/Results/Euteleostomi_Acipenser_ruthenus/Euteleostomi_TENT5A-B-C-D.txt
TENT5A_Homo_sapiens	XP_058845265.1	72.353	170	83	1.75e-86	281	uncharacterized protein LOC117412473 [Acipenser ruthenus]	Euteleostomi_TENT5A-B-C-D.txt	Euteleostomi_Acipenser_ruthenus	/rna/liha/phylogenomics_practice/TENT/TENT5/Blast/Results/Euteleostomi_Acipenser_ruthenus/Euteleostomi_TENT5A-B-C-D.txt
TENT5A_Homo_sapiens	XP_058845265.1	65.816	196	83	1.69e-80	265	uncharacterized protein LOC117412473 [Acipenser ruthenus]	Euteleostomi_TENT5A-B-C-D.txt	Euteleostomi_Acipenser_ruthenus	/rna/liha/phylogenomics_practice/TENT/TENT5/Blast/Results/Euteleostomi_Acipenser_ruthenus/Euteleostomi_TENT5A-B-C-D.txt
TENT5B_Homo_sapiens	XP_058853527.1	68.325	382	89	0.0	542	terminal nucleotidyltransferase 5A-like [Acipenser ruthenus]	Euteleostomi_TENT5A-B-C-D.txt	Euteleostomi_Acipenser_ruthenus	/rna/liha/phylogenomics_practice/TENT/TENT5/Blast/Results/Euteleostomi_Acipenser_ruthenus/Euteleostomi_TENT5A-B-C-D.txt
TENT5B_Homo_sapiens	XP_058855628.1	67.801	382	89	0.0	541	terminal nucleotidyltransferase 5A-like [Acipenser ruthenus]	Euteleostomi_TENT5A-B-C-D.txt	Euteleostomi_Acipenser_ruthenus	/rna/liha/phylogenomics_practice/TENT/TENT5/Blast/Results/Euteleostomi_Acipenser_ruthenus/Euteleostomi_TENT5A-B-C-D.txt
TENT5B_Homo_sapiens	XP_033872791.3	65.013	383	89	0.0	525	terminal nucleotidyltransferase 5A [Acipenser ruthenus]	Euteleostomi_TENT5A-B-C-D.txt	Euteleostomi_Acipenser_ruthenus	/rna/liha/phylogenomics_practice/TENT/TENT5/Blast/Results/Euteleostomi_Acipenser_ruthenus/Euteleostomi_TENT5A-B-C-D.txt
TENT5B_Homo_sapiens	XP_058880590.1	63.351	382	89	0.0	511	terminal nucleotidyltransferase 5A-like [Acipenser ruthenus]	Euteleostomi_TENT5A-B-C-D.txt	Euteleostomi_Acipenser_ruthenus	/rna/liha/phylogenomics_practice/TENT/TENT5/Blast/Results/Euteleostomi_Acipenser_ruthenus/Euteleostomi_TENT5A-B-C-D.txt
TENT5B_Homo_sapiens	XP_033864625.1	59.585	386	90	5.44e-170	483	terminal nucleotidyltransferase 5C-like [Acipenser ruthenus]	Euteleostomi_TENT5A-B-C-D.txt	Euteleostomi_Acipenser_ruthenus	/rna/liha/phylogenomics_practice/TENT/TENT5/Blast/Results/Euteleostomi_Acipenser_ruthenus/Euteleostomi_TENT5A-B-C-D.txt
TENT5B_Homo_sapiens	XP_033866648.1	59.326	386	90	1.04e-169	482	terminal nucleotidyltransferase 5C-like isoform X2 [Acipenser ruthenus]	Euteleostomi_TENT5A-B-C-D.txt	Euteleostomi_Acipenser_ruthenus	/rna/liha/phylogenomics_practice/TENT/TENT5/Blast/Results/Euteleostomi_Acipenser_ruthenus/Euteleostomi_TENT5A-B-C-D.txt
TENT5B_Homo_sapiens	XP_058885092.1	59.326	386	90	1.21e-169	482	terminal nucleotidyltransferase 5C-like isoform X1 [Acipenser ruthenus]	Euteleostomi_TENT5A-B-C-D.txt	Euteleostomi_Acipenser_ruthenus	/rna/liha/phylogenomics_practice/TENT/TENT5/Blast/Results/Euteleostomi_Acipenser_ruthenus/Euteleostomi_TENT5A-B-C-D.txt
TENT5B_Homo_sapiens	XP_058857546.1	59.091	198	88	1.64e-73	245	uncharacterized protein LOC117430524 [Acipenser ruthenus]	Euteleostomi_TENT5A-B-C-D.txt	Euteleostomi_Acipenser_ruthenus	/rna/liha/phylogenomics_practice/TENT/TENT5/Blast/Results/Euteleostomi_Acipenser_ruthenus/Euteleostomi_TENT5A-B-C-D.txt
TENT5B_Homo_sapiens	XP_058857546.1	54.749	179	88	1.25e-58	205	uncharacterized protein LOC117430524 [Acipenser ruthenus]	Euteleostomi_TENT5A-B-C-D.txt	Euteleostomi_Acipenser_ruthenus	/rna/liha/phylogenomics_practice/TENT/TENT5/Blast/Results/Euteleostomi_Acipenser_ruthenus/Euteleostomi_TENT5A-B-C-D.txt
TENT5B_Homo_sapiens	XP_058845265.1	59.091	198	88	4.60e-73	244	uncharacterized protein LOC117412473 [Acipenser ruthenus]	Euteleostomi_TENT5A-B-C-D.txt	Euteleostomi_Acipenser_ruthenus	/rna/liha/phylogenomics_practice/TENT/TENT5/Blast/Results/Euteleostomi_Acipenser_ruthenus/Euteleostomi_TENT5A-B-C-D.txt
TENT5B_Homo_sapiens	XP_058845265.1	53.631	179	88	6.34e-57	201	uncharacterized protein LOC117412473 [Acipenser ruthenus]	Euteleostomi_TENT5A-B-C-D.txt	Euteleostomi_Acipenser_ruthenus	/rna/liha/phylogenomics_practice/TENT/TENT5/Blast/Results/Euteleostomi_Acipenser_ruthenus/Euteleostomi_TENT5A-B-C-D.txt
TENT5B_Homo_sapiens	XP_033875662.3	31.579	95	22	6.5	30.8	protein SAND-like [Acipenser ruthenus]	Euteleostomi_TENT5A-B-C-D.txt	Euteleostomi_Acipenser_ruthenus	/rna/liha/phylogenomics_practice/TENT/TENT5/Blast/Results/Euteleostomi_Acipenser_ruthenus/Euteleostomi_TENT5A-B-C-D.txt
TENT5C_Homo_sapiens	XP_058885092.1	78.534	382	98	0.0	627	terminal nucleotidyltransferase 5C-like isoform X1 [Acipenser ruthenus]	Euteleostomi_TENT5A-B-C-D.txt	Euteleostomi_Acipenser_ruthenus	/rna/liha/phylogenomics_practice/TENT/TENT5/Blast/Results/Euteleostomi_Acipenser_ruthenus/Euteleostomi_TENT5A-B-C-D.txt
TENT5C_Homo_sapiens	XP_033866648.1	78.534	382	98	0.0	626	terminal nucleotidyltransferase 5C-like isoform X2 [Acipenser ruthenus]	Euteleostomi_TENT5A-B-C-D.txt	Euteleostomi_Acipenser_ruthenus	/rna/liha/phylogenomics_practice/TENT/TENT5/Blast/Results/Euteleostomi_Acipenser_ruthenus/Euteleostomi_TENT5A-B-C-D.txt
TENT5C_Homo_sapiens	XP_033864625.1	78.272	382	98	0.0	626	terminal nucleotidyltransferase 5C-like [Acipenser ruthenus]	Euteleostomi_TENT5A-B-C-D.txt	Euteleostomi_Acipenser_ruthenus	/rna/liha/phylogenomics_practice/TENT/TENT5/Blast/Results/Euteleostomi_Acipenser_ruthenus/Euteleostomi_TENT5A-B-C-D.txt
TENT5C_Homo_sapiens	XP_033872791.3	71.501	393	100	0.0	585	terminal nucleotidyltransferase 5A [Acipenser ruthenus]	Euteleostomi_TENT5A-B-C-D.txt	Euteleostomi_Acipenser_ruthenus	/rna/liha/phylogenomics_practice/TENT/TENT5/Blast/Results/Euteleostomi_Acipenser_ruthenus/Euteleostomi_TENT5A-B-C-D.txt
TENT5C_Homo_sapiens	XP_058880590.1	71.391	381	97	0.0	566	terminal nucleotidyltransferase 5A-like [Acipenser ruthenus]	Euteleostomi_TENT5A-B-C-D.txt	Euteleostomi_Acipenser_ruthenus	/rna/liha/phylogenomics_practice/TENT/TENT5/Blast/Results/Euteleostomi_Acipenser_ruthenus/Euteleostomi_TENT5A-B-C-D.txt
TENT5C_Homo_sapiens	XP_058853527.1	71.728	382	97	0.0	563	terminal nucleotidyltransferase 5A-like [Acipenser ruthenus]	Euteleostomi_TENT5A-B-C-D.txt	Euteleostomi_Acipenser_ruthenus	/rna/liha/phylogenomics_practice/TENT/TENT5/Blast/Results/Euteleostomi_Acipenser_ruthenus/Euteleostomi_TENT5A-B-C-D.txt
TENT5C_Homo_sapiens	XP_058855628.1	71.204	382	97	0.0	561	terminal nucleotidyltransferase 5A-like [Acipenser ruthenus]	Euteleostomi_TENT5A-B-C-D.txt	Euteleostomi_Acipenser_ruthenus	/rna/liha/phylogenomics_practice/TENT/TENT5/Blast/Results/Euteleostomi_Acipenser_ruthenus/Euteleostomi_TENT5A-B-C-D.txt
TENT5C_Homo_sapiens	XP_058857546.1	77.654	179	95	4.75e-98	309	uncharacterized protein LOC117430524 [Acipenser ruthenus]	Euteleostomi_TENT5A-B-C-D.txt	Euteleostomi_Acipenser_ruthenus	/rna/liha/phylogenomics_practice/TENT/TENT5/Blast/Results/Euteleostomi_Acipenser_ruthenus/Euteleostomi_TENT5A-B-C-D.txt
TENT5C_Homo_sapiens	XP_058857546.1	62.051	195	95	5.49e-74	246	uncharacterized protein LOC117430524 [Acipenser ruthenus]	Euteleostomi_TENT5A-B-C-D.txt	Euteleostomi_Acipenser_ruthenus	/rna/liha/phylogenomics_practice/TENT/TENT5/Blast/Results/Euteleostomi_Acipenser_ruthenus/Euteleostomi_TENT5A-B-C-D.txt
TENT5C_Homo_sapiens	XP_058845265.1	76.536	179	94	2.59e-96	305	uncharacterized protein LOC117412473 [Acipenser ruthenus]	Euteleostomi_TENT5A-B-C-D.txt	Euteleostomi_Acipenser_ruthenus	/rna/liha/phylogenomics_practice/TENT/TENT5/Blast/Results/Euteleostomi_Acipenser_ruthenus/Euteleostomi_TENT5A-B-C-D.txt
TENT5C_Homo_sapiens	XP_058845265.1	63.684	190	94	1.29e-73	244	uncharacterized protein LOC117412473 [Acipenser ruthenus]	Euteleostomi_TENT5A-B-C-D.txt	Euteleostomi_Acipenser_ruthenus	/rna/liha/phylogenomics_practice/TENT/TENT5/Blast/Results/Euteleostomi_Acipenser_ruthenus/Euteleostomi_TENT5A-B-C-D.txt
TENT5C_Homo_sapiens	XP_033911349.2	27.152	151	36	3.7	31.6	SCAN domain-containing protein 3 isoform X5 [Acipenser ruthenus]	Euteleostomi_TENT5A-B-C-D.txt	Euteleostomi_Acipenser_ruthenus	/rna/liha/phylogenomics_practice/TENT/TENT5/Blast/Results/Euteleostomi_Acipenser_ruthenus/Euteleostomi_TENT5A-B-C-D.txt
TENT5D_Homo_sapiens	XP_033872791.3	61.538	364	94	4.97e-166	472	terminal nucleotidyltransferase 5A [Acipenser ruthenus]	Euteleostomi_TENT5A-B-C-D.txt	Euteleostomi_Acipenser_ruthenus	/rna/liha/phylogenomics_practice/TENT/TENT5/Blast/Results/Euteleostomi_Acipenser_ruthenus/Euteleostomi_TENT5A-B-C-D.txt
TENT5D_Homo_sapiens	XP_058880590.1	61.264	364	94	1.13e-164	468	terminal nucleotidyltransferase 5A-like [Acipenser ruthenus]	Euteleostomi_TENT5A-B-C-D.txt	Euteleostomi_Acipenser_ruthenus	/rna/liha/phylogenomics_practice/TENT/TENT5/Blast/Results/Euteleostomi_Acipenser_ruthenus/Euteleostomi_TENT5A-B-C-D.txt
TENT5D_Homo_sapiens	XP_058853527.1	61.143	350	90	9.02e-164	466	terminal nucleotidyltransferase 5A-like [Acipenser ruthenus]	Euteleostomi_TENT5A-B-C-D.txt	Euteleostomi_Acipenser_ruthenus	/rna/liha/phylogenomics_practice/TENT/TENT5/Blast/Results/Euteleostomi_Acipenser_ruthenus/Euteleostomi_TENT5A-B-C-D.txt
TENT5D_Homo_sapiens	XP_058855628.1	60.571	350	90	1.37e-163	465	terminal nucleotidyltransferase 5A-like [Acipenser ruthenus]	Euteleostomi_TENT5A-B-C-D.txt	Euteleostomi_Acipenser_ruthenus	/rna/liha/phylogenomics_practice/TENT/TENT5/Blast/Results/Euteleostomi_Acipenser_ruthenus/Euteleostomi_TENT5A-B-C-D.txt
TENT5D_Homo_sapiens	XP_033866648.1	60.694	346	89	1.47e-157	449	terminal nucleotidyltransferase 5C-like isoform X2 [Acipenser ruthenus]	Euteleostomi_TENT5A-B-C-D.txt	Euteleostomi_Acipenser_ruthenus	/rna/liha/phylogenomics_practice/TENT/TENT5/Blast/Results/Euteleostomi_Acipenser_ruthenus/Euteleostomi_TENT5A-B-C-D.txt
TENT5D_Homo_sapiens	XP_058885092.1	60.694	346	89	2.31e-157	449	terminal nucleotidyltransferase 5C-like isoform X1 [Acipenser ruthenus]	Euteleostomi_TENT5A-B-C-D.txt	Euteleostomi_Acipenser_ruthenus	/rna/liha/phylogenomics_practice/TENT/TENT5/Blast/Results/Euteleostomi_Acipenser_ruthenus/Euteleostomi_TENT5A-B-C-D.txt
TENT5D_Homo_sapiens	XP_033864625.1	60.116	346	89	9.85e-156	445	terminal nucleotidyltransferase 5C-like [Acipenser ruthenus]	Euteleostomi_TENT5A-B-C-D.txt	Euteleostomi_Acipenser_ruthenus	/rna/liha/phylogenomics_practice/TENT/TENT5/Blast/Results/Euteleostomi_Acipenser_ruthenus/Euteleostomi_TENT5A-B-C-D.txt
TENT5D_Homo_sapiens	XP_058857546.1	69.474	190	97	9.44e-88	282	uncharacterized protein LOC117430524 [Acipenser ruthenus]	Euteleostomi_TENT5A-B-C-D.txt	Euteleostomi_Acipenser_ruthenus	/rna/liha/phylogenomics_practice/TENT/TENT5/Blast/Results/Euteleostomi_Acipenser_ruthenus/Euteleostomi_TENT5A-B-C-D.txt
TENT5D_Homo_sapiens	XP_058857546.1	66.489	188	97	1.41e-84	273	uncharacterized protein LOC117430524 [Acipenser ruthenus]	Euteleostomi_TENT5A-B-C-D.txt	Euteleostomi_Acipenser_ruthenus	/rna/liha/phylogenomics_practice/TENT/TENT5/Blast/Results/Euteleostomi_Acipenser_ruthenus/Euteleostomi_TENT5A-B-C-D.txt
TENT5D_Homo_sapiens	XP_058845265.1	70.000	190	97	1.05e-87	282	uncharacterized protein LOC117412473 [Acipenser ruthenus]	Euteleostomi_TENT5A-B-C-D.txt	Euteleostomi_Acipenser_ruthenus	/rna/liha/phylogenomics_practice/TENT/TENT5/Blast/Results/Euteleostomi_Acipenser_ruthenus/Euteleostomi_TENT5A-B-C-D.txt
TENT5D_Homo_sapiens	XP_058845265.1	65.957	188	97	4.61e-84	272	uncharacterized protein LOC117412473 [Acipenser ruthenus]	Euteleostomi_TENT5A-B-C-D.txt	Euteleostomi_Acipenser_ruthenus	/rna/liha/phylogenomics_practice/TENT/TENT5/Blast/Results/Euteleostomi_Acipenser_ruthenus/Euteleostomi_TENT5A-B-C-D.txt
TENT5D_Homo_sapiens	XP_033896323.3	29.032	62	16	6.3	30.8	regulator of G-protein signaling 9-like [Acipenser ruthenus]	Euteleostomi_TENT5A-B-C-D.txt	Euteleostomi_Acipenser_ruthenus	/rna/liha/phylogenomics_practice/TENT/TENT5/Blast/Results/Euteleostomi_Acipenser_ruthenus/Euteleostomi_TENT5A-B-C-D.txt
TENT5A_Homo_sapiens	XP_053183877.1	86.563	387	87	0.0	702	terminal nucleotidyltransferase 5A [Scomber japonicus]	Teleostei_TENT5A-B-C-D.txt	Teleostei_Scomber_japonicus	/rna/liha/phylogenomics_practice/TENT/TENT5/Blast/Results/Teleostei_Scomber_japonicus/Teleostei_TENT5A-B-C-D.txt
TENT5A_Homo_sapiens	XP_053193485.1	78.061	392	86	0.0	637	terminal nucleotidyltransferase 5A-like [Scomber japonicus]	Teleostei_TENT5A-B-C-D.txt	Teleostei_Scomber_japonicus	/rna/liha/phylogenomics_practice/TENT/TENT5/Blast/Results/Teleostei_Scomber_japonicus/Teleostei_TENT5A-B-C-D.txt
TENT5A_Homo_sapiens	XP_053182883.1	75.127	394	88	0.0	613	terminal nucleotidyltransferase 5ba [Scomber japonicus]	Teleostei_TENT5A-B-C-D.txt	Teleostei_Scomber_japonicus	/rna/liha/phylogenomics_practice/TENT/TENT5/Blast/Results/Teleostei_Scomber_japonicus/Teleostei_TENT5A-B-C-D.txt
TENT5A_Homo_sapiens	XP_053190155.1	72.966	381	86	0.0	585	terminal nucleotidyltransferase 5Bb [Scomber japonicus]	Teleostei_TENT5A-B-C-D.txt	Teleostei_Scomber_japonicus	/rna/liha/phylogenomics_practice/TENT/TENT5/Blast/Results/Teleostei_Scomber_japonicus/Teleostei_TENT5A-B-C-D.txt
TENT5A_Homo_sapiens	XP_053184462.1	68.542	391	88	0.0	549	terminal nucleotidyltransferase 5C [Scomber japonicus]	Teleostei_TENT5A-B-C-D.txt	Teleostei_Scomber_japonicus	/rna/liha/phylogenomics_practice/TENT/TENT5/Blast/Results/Teleostei_Scomber_japonicus/Teleostei_TENT5A-B-C-D.txt
TENT5A_Homo_sapiens	XP_053187094.1	63.912	363	82	2.65e-167	476	terminal nucleotidyltransferase 5C-like [Scomber japonicus]	Teleostei_TENT5A-B-C-D.txt	Teleostei_Scomber_japonicus	/rna/liha/phylogenomics_practice/TENT/TENT5/Blast/Results/Teleostei_Scomber_japonicus/Teleostei_TENT5A-B-C-D.txt
TENT5A_Homo_sapiens	XP_053179509.1	64.130	368	81	2.04e-166	478	LOW QUALITY PROTEIN: terminal nucleotidyltransferase 5C [Scomber japonicus]	Teleostei_TENT5A-B-C-D.txt	Teleostei_Scomber_japonicus	/rna/liha/phylogenomics_practice/TENT/TENT5/Blast/Results/Teleostei_Scomber_japonicus/Teleostei_TENT5A-B-C-D.txt
TENT5B_Homo_sapiens	XP_053183877.1	66.154	390	91	0.0	538	terminal nucleotidyltransferase 5A [Scomber japonicus]	Teleostei_TENT5A-B-C-D.txt	Teleostei_Scomber_japonicus	/rna/liha/phylogenomics_practice/TENT/TENT5/Blast/Results/Teleostei_Scomber_japonicus/Teleostei_TENT5A-B-C-D.txt
TENT5B_Homo_sapiens	XP_053182883.1	67.098	386	89	0.0	536	terminal nucleotidyltransferase 5ba [Scomber japonicus]	Teleostei_TENT5A-B-C-D.txt	Teleostei_Scomber_japonicus	/rna/liha/phylogenomics_practice/TENT/TENT5/Blast/Results/Teleostei_Scomber_japonicus/Teleostei_TENT5A-B-C-D.txt
TENT5B_Homo_sapiens	XP_053190155.1	66.667	384	89	0.0	523	terminal nucleotidyltransferase 5Bb [Scomber japonicus]	Teleostei_TENT5A-B-C-D.txt	Teleostei_Scomber_japonicus	/rna/liha/phylogenomics_practice/TENT/TENT5/Blast/Results/Teleostei_Scomber_japonicus/Teleostei_TENT5A-B-C-D.txt
TENT5B_Homo_sapiens	XP_053193485.1	63.038	395	89	1.65e-175	496	terminal nucleotidyltransferase 5A-like [Scomber japonicus]	Teleostei_TENT5A-B-C-D.txt	Teleostei_Scomber_japonicus	/rna/liha/phylogenomics_practice/TENT/TENT5/Blast/Results/Teleostei_Scomber_japonicus/Teleostei_TENT5A-B-C-D.txt
TENT5B_Homo_sapiens	XP_053184462.1	61.640	378	88	5.96e-167	474	terminal nucleotidyltransferase 5C [Scomber japonicus]	Teleostei_TENT5A-B-C-D.txt	Teleostei_Scomber_japonicus	/rna/liha/phylogenomics_practice/TENT/TENT5/Blast/Results/Teleostei_Scomber_japonicus/Teleostei_TENT5A-B-C-D.txt
TENT5B_Homo_sapiens	XP_053187094.1	54.178	371	87	1.63e-139	404	terminal nucleotidyltransferase 5C-like [Scomber japonicus]	Teleostei_TENT5A-B-C-D.txt	Teleostei_Scomber_japonicus	/rna/liha/phylogenomics_practice/TENT/TENT5/Blast/Results/Teleostei_Scomber_japonicus/Teleostei_TENT5A-B-C-D.txt
TENT5B_Homo_sapiens	XP_053179509.1	58.133	332	78	1.50e-133	393	LOW QUALITY PROTEIN: terminal nucleotidyltransferase 5C [Scomber japonicus]	Teleostei_TENT5A-B-C-D.txt	Teleostei_Scomber_japonicus	/rna/liha/phylogenomics_practice/TENT/TENT5/Blast/Results/Teleostei_Scomber_japonicus/Teleostei_TENT5A-B-C-D.txt
TENT5B_Homo_sapiens	XP_053185050.1	42.105	38	9	0.64	33.1	LOW QUALITY PROTEIN: titin [Scomber japonicus]	Teleostei_TENT5A-B-C-D.txt	Teleostei_Scomber_japonicus	/rna/liha/phylogenomics_practice/TENT/TENT5/Blast/Results/Teleostei_Scomber_japonicus/Teleostei_TENT5A-B-C-D.txt
TENT5B_Homo_sapiens	XP_053178041.1	32.727	55	13	1.9	31.2	probable ATP-dependent RNA helicase DDX49 [Scomber japonicus]	Teleostei_TENT5A-B-C-D.txt	Teleostei_Scomber_japonicus	/rna/liha/phylogenomics_practice/TENT/TENT5/Blast/Results/Teleostei_Scomber_japonicus/Teleostei_TENT5A-B-C-D.txt
TENT5B_Homo_sapiens	XP_053172108.1	26.087	46	11	4.4	30.0	prostacyclin synthase [Scomber japonicus]	Teleostei_TENT5A-B-C-D.txt	Teleostei_Scomber_japonicus	/rna/liha/phylogenomics_practice/TENT/TENT5/Blast/Results/Teleostei_Scomber_japonicus/Teleostei_TENT5A-B-C-D.txt
TENT5C_Homo_sapiens	XP_053184462.1	75.578	389	99	0.0	599	terminal nucleotidyltransferase 5C [Scomber japonicus]	Teleostei_TENT5A-B-C-D.txt	Teleostei_Scomber_japonicus	/rna/liha/phylogenomics_practice/TENT/TENT5/Blast/Results/Teleostei_Scomber_japonicus/Teleostei_TENT5A-B-C-D.txt
TENT5C_Homo_sapiens	XP_053183877.1	71.579	380	96	0.0	569	terminal nucleotidyltransferase 5A [Scomber japonicus]	Teleostei_TENT5A-B-C-D.txt	Teleostei_Scomber_japonicus	/rna/liha/phylogenomics_practice/TENT/TENT5/Blast/Results/Teleostei_Scomber_japonicus/Teleostei_TENT5A-B-C-D.txt
TENT5C_Homo_sapiens	XP_053182883.1	71.540	383	97	0.0	561	terminal nucleotidyltransferase 5ba [Scomber japonicus]	Teleostei_TENT5A-B-C-D.txt	Teleostei_Scomber_japonicus	/rna/liha/phylogenomics_practice/TENT/TENT5/Blast/Results/Teleostei_Scomber_japonicus/Teleostei_TENT5A-B-C-D.txt
TENT5C_Homo_sapiens	XP_053190155.1	70.789	380	96	0.0	554	terminal nucleotidyltransferase 5Bb [Scomber japonicus]	Teleostei_TENT5A-B-C-D.txt	Teleostei_Scomber_japonicus	/rna/liha/phylogenomics_practice/TENT/TENT5/Blast/Results/Teleostei_Scomber_japonicus/Teleostei_TENT5A-B-C-D.txt
TENT5C_Homo_sapiens	XP_053193485.1	67.488	406	100	0.0	554	terminal nucleotidyltransferase 5A-like [Scomber japonicus]	Teleostei_TENT5A-B-C-D.txt	Teleostei_Scomber_japonicus	/rna/liha/phylogenomics_practice/TENT/TENT5/Blast/Results/Teleostei_Scomber_japonicus/Teleostei_TENT5A-B-C-D.txt
TENT5C_Homo_sapiens	XP_053179509.1	62.821	390	97	1.47e-174	496	LOW QUALITY PROTEIN: terminal nucleotidyltransferase 5C [Scomber japonicus]	Teleostei_TENT5A-B-C-D.txt	Teleostei_Scomber_japonicus	/rna/liha/phylogenomics_practice/TENT/TENT5/Blast/Results/Teleostei_Scomber_japonicus/Teleostei_TENT5A-B-C-D.txt
TENT5C_Homo_sapiens	XP_053187094.1	63.467	375	95	7.57e-173	488	terminal nucleotidyltransferase 5C-like [Scomber japonicus]	Teleostei_TENT5A-B-C-D.txt	Teleostei_Scomber_japonicus	/rna/liha/phylogenomics_practice/TENT/TENT5/Blast/Results/Teleostei_Scomber_japonicus/Teleostei_TENT5A-B-C-D.txt
TENT5C_Homo_sapiens	XP_053196636.1	29.787	47	12	0.80	32.3	G-protein coupled receptor-associated protein LMBRD2B-like [Scomber japonicus]	Teleostei_TENT5A-B-C-D.txt	Teleostei_Scomber_japonicus	/rna/liha/phylogenomics_practice/TENT/TENT5/Blast/Results/Teleostei_Scomber_japonicus/Teleostei_TENT5A-B-C-D.txt
TENT5C_Homo_sapiens	XP_053196637.1	29.787	47	12	0.82	32.3	G-protein coupled receptor-associated protein LMBRD2B-like [Scomber japonicus]	Teleostei_TENT5A-B-C-D.txt	Teleostei_Scomber_japonicus	/rna/liha/phylogenomics_practice/TENT/TENT5/Blast/Results/Teleostei_Scomber_japonicus/Teleostei_TENT5A-B-C-D.txt
TENT5C_Homo_sapiens	XP_053188996.1	26.950	141	34	0.97	32.0	Hermansky-Pudlak syndrome 1 protein isoform X1 [Scomber japonicus]	Teleostei_TENT5A-B-C-D.txt	Teleostei_Scomber_japonicus	/rna/liha/phylogenomics_practice/TENT/TENT5/Blast/Results/Teleostei_Scomber_japonicus/Teleostei_TENT5A-B-C-D.txt
TENT5D_Homo_sapiens	XP_053179509.1	62.308	390	98	9.70e-172	489	LOW QUALITY PROTEIN: terminal nucleotidyltransferase 5C [Scomber japonicus]	Teleostei_TENT5A-B-C-D.txt	Teleostei_Scomber_japonicus	/rna/liha/phylogenomics_practice/TENT/TENT5/Blast/Results/Teleostei_Scomber_japonicus/Teleostei_TENT5A-B-C-D.txt
TENT5D_Homo_sapiens	XP_053183877.1	61.579	380	97	9.97e-170	480	terminal nucleotidyltransferase 5A [Scomber japonicus]	Teleostei_TENT5A-B-C-D.txt	Teleostei_Scomber_japonicus	/rna/liha/phylogenomics_practice/TENT/TENT5/Blast/Results/Teleostei_Scomber_japonicus/Teleostei_TENT5A-B-C-D.txt
TENT5D_Homo_sapiens	XP_053187094.1	59.278	388	99	1.30e-166	472	terminal nucleotidyltransferase 5C-like [Scomber japonicus]	Teleostei_TENT5A-B-C-D.txt	Teleostei_Scomber_japonicus	/rna/liha/phylogenomics_practice/TENT/TENT5/Blast/Results/Teleostei_Scomber_japonicus/Teleostei_TENT5A-B-C-D.txt
TENT5D_Homo_sapiens	XP_053184462.1	63.295	346	89	7.65e-164	464	terminal nucleotidyltransferase 5C [Scomber japonicus]	Teleostei_TENT5A-B-C-D.txt	Teleostei_Scomber_japonicus	/rna/liha/phylogenomics_practice/TENT/TENT5/Blast/Results/Teleostei_Scomber_japonicus/Teleostei_TENT5A-B-C-D.txt
TENT5D_Homo_sapiens	XP_053182883.1	59.299	371	95	1.82e-162	461	terminal nucleotidyltransferase 5ba [Scomber japonicus]	Teleostei_TENT5A-B-C-D.txt	Teleostei_Scomber_japonicus	/rna/liha/phylogenomics_practice/TENT/TENT5/Blast/Results/Teleostei_Scomber_japonicus/Teleostei_TENT5A-B-C-D.txt
TENT5D_Homo_sapiens	XP_053190155.1	56.053	380	96	9.54e-160	454	terminal nucleotidyltransferase 5Bb [Scomber japonicus]	Teleostei_TENT5A-B-C-D.txt	Teleostei_Scomber_japonicus	/rna/liha/phylogenomics_practice/TENT/TENT5/Blast/Results/Teleostei_Scomber_japonicus/Teleostei_TENT5A-B-C-D.txt
TENT5D_Homo_sapiens	XP_053193485.1	56.555	389	97	3.06e-158	451	terminal nucleotidyltransferase 5A-like [Scomber japonicus]	Teleostei_TENT5A-B-C-D.txt	Teleostei_Scomber_japonicus	/rna/liha/phylogenomics_practice/TENT/TENT5/Blast/Results/Teleostei_Scomber_japonicus/Teleostei_TENT5A-B-C-D.txt
TENT5D_Homo_sapiens	XP_053178041.1	24.658	146	32	0.17	34.3	probable ATP-dependent RNA helicase DDX49 [Scomber japonicus]	Teleostei_TENT5A-B-C-D.txt	Teleostei_Scomber_japonicus	/rna/liha/phylogenomics_practice/TENT/TENT5/Blast/Results/Teleostei_Scomber_japonicus/Teleostei_TENT5A-B-C-D.txt
TENT5D_Homo_sapiens	XP_053186533.1	44.828	29	7	3.9	30.0	acyl-coenzyme A thioesterase 1-like [Scomber japonicus]	Teleostei_TENT5A-B-C-D.txt	Teleostei_Scomber_japonicus	/rna/liha/phylogenomics_practice/TENT/TENT5/Blast/Results/Teleostei_Scomber_japonicus/Teleostei_TENT5A-B-C-D.txt
TENT5D_Homo_sapiens	XP_053192235.1	31.915	47	12	4.1	29.6	uncharacterized protein LOC128375842 [Scomber japonicus]	Teleostei_TENT5A-B-C-D.txt	Teleostei_Scomber_japonicus	/rna/liha/phylogenomics_practice/TENT/TENT5/Blast/Results/Teleostei_Scomber_japonicus/Teleostei_TENT5A-B-C-D.txt
TENT5A_Homo_sapiens	XP_019946612.1	86.945	383	86	0.0	699	terminal nucleotidyltransferase 5A [Paralichthys olivaceus]	Teleostei_TENT5A-B-C-D.txt	Teleostei_Paralichthys_olivaceus	/rna/liha/phylogenomics_practice/TENT/TENT5/Blast/Results/Teleostei_Paralichthys_olivaceus/Teleostei_TENT5A-B-C-D.txt
TENT5A_Homo_sapiens	XP_019947548.1	77.551	392	86	0.0	634	terminal nucleotidyltransferase 5A-like [Paralichthys olivaceus]	Teleostei_TENT5A-B-C-D.txt	Teleostei_Paralichthys_olivaceus	/rna/liha/phylogenomics_practice/TENT/TENT5/Blast/Results/Teleostei_Paralichthys_olivaceus/Teleostei_TENT5A-B-C-D.txt
TENT5A_Homo_sapiens	XP_019963397.1	76.640	381	86	0.0	609	terminal nucleotidyltransferase 5ba [Paralichthys olivaceus]	Teleostei_TENT5A-B-C-D.txt	Teleostei_Paralichthys_olivaceus	/rna/liha/phylogenomics_practice/TENT/TENT5/Blast/Results/Teleostei_Paralichthys_olivaceus/Teleostei_TENT5A-B-C-D.txt
TENT5A_Homo_sapiens	XP_019946020.1	72.895	380	86	0.0	593	terminal nucleotidyltransferase 5Bb [Paralichthys olivaceus]	Teleostei_TENT5A-B-C-D.txt	Teleostei_Paralichthys_olivaceus	/rna/liha/phylogenomics_practice/TENT/TENT5/Blast/Results/Teleostei_Paralichthys_olivaceus/Teleostei_TENT5A-B-C-D.txt
TENT5A_Homo_sapiens	XP_019965638.1	69.048	378	85	0.0	543	terminal nucleotidyltransferase 5C [Paralichthys olivaceus]	Teleostei_TENT5A-B-C-D.txt	Teleostei_Paralichthys_olivaceus	/rna/liha/phylogenomics_practice/TENT/TENT5/Blast/Results/Teleostei_Paralichthys_olivaceus/Teleostei_TENT5A-B-C-D.txt
TENT5A_Homo_sapiens	XP_019940905.1	68.421	171	79	3.01e-77	256	uncharacterized protein [Paralichthys olivaceus]	Teleostei_TENT5A-B-C-D.txt	Teleostei_Paralichthys_olivaceus	/rna/liha/phylogenomics_practice/TENT/TENT5/Blast/Results/Teleostei_Paralichthys_olivaceus/Teleostei_TENT5A-B-C-D.txt
TENT5A_Homo_sapiens	XP_019940905.1	64.246	179	79	3.00e-68	232	uncharacterized protein [Paralichthys olivaceus]	Teleostei_TENT5A-B-C-D.txt	Teleostei_Paralichthys_olivaceus	/rna/liha/phylogenomics_practice/TENT/TENT5/Blast/Results/Teleostei_Paralichthys_olivaceus/Teleostei_TENT5A-B-C-D.txt
TENT5A_Homo_sapiens	XP_069387702.1	65.517	174	78	6.40e-74	253	bromodomain-containing protein 4 [Paralichthys olivaceus]	Teleostei_TENT5A-B-C-D.txt	Teleostei_Paralichthys_olivaceus	/rna/liha/phylogenomics_practice/TENT/TENT5/Blast/Results/Teleostei_Paralichthys_olivaceus/Teleostei_TENT5A-B-C-D.txt
TENT5A_Homo_sapiens	XP_069387702.1	68.156	179	78	2.90e-72	248	bromodomain-containing protein 4 [Paralichthys olivaceus]	Teleostei_TENT5A-B-C-D.txt	Teleostei_Paralichthys_olivaceus	/rna/liha/phylogenomics_practice/TENT/TENT5/Blast/Results/Teleostei_Paralichthys_olivaceus/Teleostei_TENT5A-B-C-D.txt
TENT5B_Homo_sapiens	XP_019946612.1	66.410	390	91	0.0	539	terminal nucleotidyltransferase 5A [Paralichthys olivaceus]	Teleostei_TENT5A-B-C-D.txt	Teleostei_Paralichthys_olivaceus	/rna/liha/phylogenomics_practice/TENT/TENT5/Blast/Results/Teleostei_Paralichthys_olivaceus/Teleostei_TENT5A-B-C-D.txt
TENT5B_Homo_sapiens	XP_019963397.1	67.358	386	89	0.0	535	terminal nucleotidyltransferase 5ba [Paralichthys olivaceus]	Teleostei_TENT5A-B-C-D.txt	Teleostei_Paralichthys_olivaceus	/rna/liha/phylogenomics_practice/TENT/TENT5/Blast/Results/Teleostei_Paralichthys_olivaceus/Teleostei_TENT5A-B-C-D.txt
TENT5B_Homo_sapiens	XP_019946020.1	67.273	385	89	0.0	531	terminal nucleotidyltransferase 5Bb [Paralichthys olivaceus]	Teleostei_TENT5A-B-C-D.txt	Teleostei_Paralichthys_olivaceus	/rna/liha/phylogenomics_practice/TENT/TENT5/Blast/Results/Teleostei_Paralichthys_olivaceus/Teleostei_TENT5A-B-C-D.txt
TENT5B_Homo_sapiens	XP_019947548.1	60.671	417	93	1.43e-173	492	terminal nucleotidyltransferase 5A-like [Paralichthys olivaceus]	Teleostei_TENT5A-B-C-D.txt	Teleostei_Paralichthys_olivaceus	/rna/liha/phylogenomics_practice/TENT/TENT5/Blast/Results/Teleostei_Paralichthys_olivaceus/Teleostei_TENT5A-B-C-D.txt
TENT5B_Homo_sapiens	XP_019965638.1	60.372	376	88	1.61e-163	466	terminal nucleotidyltransferase 5C [Paralichthys olivaceus]	Teleostei_TENT5A-B-C-D.txt	Teleostei_Paralichthys_olivaceus	/rna/liha/phylogenomics_practice/TENT/TENT5/Blast/Results/Teleostei_Paralichthys_olivaceus/Teleostei_TENT5A-B-C-D.txt
TENT5B_Homo_sapiens	XP_069387702.1	62.147	177	74	2.55e-65	228	bromodomain-containing protein 4 [Paralichthys olivaceus]	Teleostei_TENT5A-B-C-D.txt	Teleostei_Paralichthys_olivaceus	/rna/liha/phylogenomics_practice/TENT/TENT5/Blast/Results/Teleostei_Paralichthys_olivaceus/Teleostei_TENT5A-B-C-D.txt
TENT5B_Homo_sapiens	XP_069387702.1	61.314	137	74	3.41e-51	186	bromodomain-containing protein 4 [Paralichthys olivaceus]	Teleostei_TENT5A-B-C-D.txt	Teleostei_Paralichthys_olivaceus	/rna/liha/phylogenomics_practice/TENT/TENT5/Blast/Results/Teleostei_Paralichthys_olivaceus/Teleostei_TENT5A-B-C-D.txt
TENT5B_Homo_sapiens	XP_019940905.1	57.459	181	85	4.98e-62	215	uncharacterized protein [Paralichthys olivaceus]	Teleostei_TENT5A-B-C-D.txt	Teleostei_Paralichthys_olivaceus	/rna/liha/phylogenomics_practice/TENT/TENT5/Blast/Results/Teleostei_Paralichthys_olivaceus/Teleostei_TENT5A-B-C-D.txt
TENT5B_Homo_sapiens	XP_019940905.1	53.514	185	85	1.51e-59	208	uncharacterized protein [Paralichthys olivaceus]	Teleostei_TENT5A-B-C-D.txt	Teleostei_Paralichthys_olivaceus	/rna/liha/phylogenomics_practice/TENT/TENT5/Blast/Results/Teleostei_Paralichthys_olivaceus/Teleostei_TENT5A-B-C-D.txt
TENT5B_Homo_sapiens	XP_019953958.2	35.714	56	13	0.97	33.1	probable ATP-dependent RNA helicase DDX49 [Paralichthys olivaceus]	Teleostei_TENT5A-B-C-D.txt	Teleostei_Paralichthys_olivaceus	/rna/liha/phylogenomics_practice/TENT/TENT5/Blast/Results/Teleostei_Paralichthys_olivaceus/Teleostei_TENT5A-B-C-D.txt
TENT5B_Homo_sapiens	XP_019944740.2	27.820	133	29	3.9	31.6	ER membrane protein complex subunit 1 [Paralichthys olivaceus]	Teleostei_TENT5A-B-C-D.txt	Teleostei_Paralichthys_olivaceus	/rna/liha/phylogenomics_practice/TENT/TENT5/Blast/Results/Teleostei_Paralichthys_olivaceus/Teleostei_TENT5A-B-C-D.txt
TENT5C_Homo_sapiens	XP_019965638.1	74.933	375	96	0.0	582	terminal nucleotidyltransferase 5C [Paralichthys olivaceus]	Teleostei_TENT5A-B-C-D.txt	Teleostei_Paralichthys_olivaceus	/rna/liha/phylogenomics_practice/TENT/TENT5/Blast/Results/Teleostei_Paralichthys_olivaceus/Teleostei_TENT5A-B-C-D.txt
TENT5C_Homo_sapiens	XP_019946612.1	71.053	380	96	0.0	565	terminal nucleotidyltransferase 5A [Paralichthys olivaceus]	Teleostei_TENT5A-B-C-D.txt	Teleostei_Paralichthys_olivaceus	/rna/liha/phylogenomics_practice/TENT/TENT5/Blast/Results/Teleostei_Paralichthys_olivaceus/Teleostei_TENT5A-B-C-D.txt
TENT5C_Homo_sapiens	XP_019947548.1	68.395	405	100	0.0	559	terminal nucleotidyltransferase 5A-like [Paralichthys olivaceus]	Teleostei_TENT5A-B-C-D.txt	Teleostei_Paralichthys_olivaceus	/rna/liha/phylogenomics_practice/TENT/TENT5/Blast/Results/Teleostei_Paralichthys_olivaceus/Teleostei_TENT5A-B-C-D.txt
TENT5C_Homo_sapiens	XP_019946020.1	70.000	380	96	0.0	556	terminal nucleotidyltransferase 5Bb [Paralichthys olivaceus]	Teleostei_TENT5A-B-C-D.txt	Teleostei_Paralichthys_olivaceus	/rna/liha/phylogenomics_practice/TENT/TENT5/Blast/Results/Teleostei_Paralichthys_olivaceus/Teleostei_TENT5A-B-C-D.txt
TENT5C_Homo_sapiens	XP_019963397.1	70.942	382	97	0.0	552	terminal nucleotidyltransferase 5ba [Paralichthys olivaceus]	Teleostei_TENT5A-B-C-D.txt	Teleostei_Paralichthys_olivaceus	/rna/liha/phylogenomics_practice/TENT/TENT5/Blast/Results/Teleostei_Paralichthys_olivaceus/Teleostei_TENT5A-B-C-D.txt
TENT5C_Homo_sapiens	XP_019940905.1	70.000	180	92	9.89e-84	271	uncharacterized protein [Paralichthys olivaceus]	Teleostei_TENT5A-B-C-D.txt	Teleostei_Paralichthys_olivaceus	/rna/liha/phylogenomics_practice/TENT/TENT5/Blast/Results/Teleostei_Paralichthys_olivaceus/Teleostei_TENT5A-B-C-D.txt
TENT5C_Homo_sapiens	XP_019940905.1	62.088	182	92	2.10e-68	231	uncharacterized protein [Paralichthys olivaceus]	Teleostei_TENT5A-B-C-D.txt	Teleostei_Paralichthys_olivaceus	/rna/liha/phylogenomics_practice/TENT/TENT5/Blast/Results/Teleostei_Paralichthys_olivaceus/Teleostei_TENT5A-B-C-D.txt
TENT5C_Homo_sapiens	XP_069387702.1	66.489	188	94	1.15e-79	267	bromodomain-containing protein 4 [Paralichthys olivaceus]	Teleostei_TENT5A-B-C-D.txt	Teleostei_Paralichthys_olivaceus	/rna/liha/phylogenomics_practice/TENT/TENT5/Blast/Results/Teleostei_Paralichthys_olivaceus/Teleostei_TENT5A-B-C-D.txt
TENT5C_Homo_sapiens	XP_069387702.1	63.684	190	94	1.69e-73	249	bromodomain-containing protein 4 [Paralichthys olivaceus]	Teleostei_TENT5A-B-C-D.txt	Teleostei_Paralichthys_olivaceus	/rna/liha/phylogenomics_practice/TENT/TENT5/Blast/Results/Teleostei_Paralichthys_olivaceus/Teleostei_TENT5A-B-C-D.txt
TENT5C_Homo_sapiens	XP_019947772.1	33.803	71	16	1.3	32.3	phosphatidylcholine:ceramide cholinephosphotransferase 1 [Paralichthys olivaceus]	Teleostei_TENT5A-B-C-D.txt	Teleostei_Paralichthys_olivaceus	/rna/liha/phylogenomics_practice/TENT/TENT5/Blast/Results/Teleostei_Paralichthys_olivaceus/Teleostei_TENT5A-B-C-D.txt
TENT5C_Homo_sapiens	XP_019939486.2	43.750	32	8	3.0	31.2	N-acetylaspartate synthetase-like [Paralichthys olivaceus]	Teleostei_TENT5A-B-C-D.txt	Teleostei_Paralichthys_olivaceus	/rna/liha/phylogenomics_practice/TENT/TENT5/Blast/Results/Teleostei_Paralichthys_olivaceus/Teleostei_TENT5A-B-C-D.txt
TENT5C_Homo_sapiens	XP_019944740.2	26.277	137	32	3.9	31.2	ER membrane protein complex subunit 1 [Paralichthys olivaceus]	Teleostei_TENT5A-B-C-D.txt	Teleostei_Paralichthys_olivaceus	/rna/liha/phylogenomics_practice/TENT/TENT5/Blast/Results/Teleostei_Paralichthys_olivaceus/Teleostei_TENT5A-B-C-D.txt
TENT5D_Homo_sapiens	XP_019946612.1	61.333	375	96	3.29e-168	477	terminal nucleotidyltransferase 5A [Paralichthys olivaceus]	Teleostei_TENT5A-B-C-D.txt	Teleostei_Paralichthys_olivaceus	/rna/liha/phylogenomics_practice/TENT/TENT5/Blast/Results/Teleostei_Paralichthys_olivaceus/Teleostei_TENT5A-B-C-D.txt
TENT5D_Homo_sapiens	XP_019963397.1	59.569	371	95	1.64e-162	462	terminal nucleotidyltransferase 5ba [Paralichthys olivaceus]	Teleostei_TENT5A-B-C-D.txt	Teleostei_Paralichthys_olivaceus	/rna/liha/phylogenomics_practice/TENT/TENT5/Blast/Results/Teleostei_Paralichthys_olivaceus/Teleostei_TENT5A-B-C-D.txt
TENT5D_Homo_sapiens	XP_019965638.1	62.717	346	89	6.48e-162	460	terminal nucleotidyltransferase 5C [Paralichthys olivaceus]	Teleostei_TENT5A-B-C-D.txt	Teleostei_Paralichthys_olivaceus	/rna/liha/phylogenomics_practice/TENT/TENT5/Blast/Results/Teleostei_Paralichthys_olivaceus/Teleostei_TENT5A-B-C-D.txt
TENT5D_Homo_sapiens	XP_019947548.1	57.326	389	97	8.21e-159	453	terminal nucleotidyltransferase 5A-like [Paralichthys olivaceus]	Teleostei_TENT5A-B-C-D.txt	Teleostei_Paralichthys_olivaceus	/rna/liha/phylogenomics_practice/TENT/TENT5/Blast/Results/Teleostei_Paralichthys_olivaceus/Teleostei_TENT5A-B-C-D.txt
TENT5D_Homo_sapiens	XP_019946020.1	58.857	350	90	1.08e-158	452	terminal nucleotidyltransferase 5Bb [Paralichthys olivaceus]	Teleostei_TENT5A-B-C-D.txt	Teleostei_Paralichthys_olivaceus	/rna/liha/phylogenomics_practice/TENT/TENT5/Blast/Results/Teleostei_Paralichthys_olivaceus/Teleostei_TENT5A-B-C-D.txt
TENT5D_Homo_sapiens	XP_069387702.1	64.062	192	97	1.33e-77	261	bromodomain-containing protein 4 [Paralichthys olivaceus]	Teleostei_TENT5A-B-C-D.txt	Teleostei_Paralichthys_olivaceus	/rna/liha/phylogenomics_practice/TENT/TENT5/Blast/Results/Teleostei_Paralichthys_olivaceus/Teleostei_TENT5A-B-C-D.txt
TENT5D_Homo_sapiens	XP_069387702.1	62.564	195	97	1.85e-74	252	bromodomain-containing protein 4 [Paralichthys olivaceus]	Teleostei_TENT5A-B-C-D.txt	Teleostei_Paralichthys_olivaceus	/rna/liha/phylogenomics_practice/TENT/TENT5/Blast/Results/Teleostei_Paralichthys_olivaceus/Teleostei_TENT5A-B-C-D.txt
TENT5D_Homo_sapiens	XP_019940905.1	57.921	202	99	1.61e-73	244	uncharacterized protein [Paralichthys olivaceus]	Teleostei_TENT5A-B-C-D.txt	Teleostei_Paralichthys_olivaceus	/rna/liha/phylogenomics_practice/TENT/TENT5/Blast/Results/Teleostei_Paralichthys_olivaceus/Teleostei_TENT5A-B-C-D.txt
TENT5D_Homo_sapiens	XP_019940905.1	64.324	185	99	3.55e-73	243	uncharacterized protein [Paralichthys olivaceus]	Teleostei_TENT5A-B-C-D.txt	Teleostei_Paralichthys_olivaceus	/rna/liha/phylogenomics_practice/TENT/TENT5/Blast/Results/Teleostei_Paralichthys_olivaceus/Teleostei_TENT5A-B-C-D.txt
TENT5D_Homo_sapiens	XP_069387926.1	36.364	66	16	5.5	30.4	uncharacterized protein [Paralichthys olivaceus]	Teleostei_TENT5A-B-C-D.txt	Teleostei_Paralichthys_olivaceus	/rna/liha/phylogenomics_practice/TENT/TENT5/Blast/Results/Teleostei_Paralichthys_olivaceus/Teleostei_TENT5A-B-C-D.txt
TENT5A_Homo_sapiens	XP_001750770.1	25.641	312	69	2.65e-19	89.0	uncharacterized protein MONBRDRAFT_39283 [Monosiga brevicollis MX1]	Choanoflagellata_TENT5A-B-C-D.txt	Choanoflagellata_Monosiga_brevicollis	/rna/liha/phylogenomics_practice/TENT/TENT5/Blast/Results/Choanoflagellata_Monosiga_brevicollis/Choanoflagellata_TENT5A-B-C-D.txt
TENT5A_Homo_sapiens	XP_001742462.1	43.902	41	9	1.7	30.0	uncharacterized protein MONBRDRAFT_13875 [Monosiga brevicollis MX1]	Choanoflagellata_TENT5A-B-C-D.txt	Choanoflagellata_Monosiga_brevicollis	/rna/liha/phylogenomics_practice/TENT/TENT5/Blast/Results/Choanoflagellata_Monosiga_brevicollis/Choanoflagellata_TENT5A-B-C-D.txt
TENT5A_Homo_sapiens	XP_001747116.1	61.905	21	5	2.4	29.3	uncharacterized protein MONBRDRAFT_33075 [Monosiga brevicollis MX1]	Choanoflagellata_TENT5A-B-C-D.txt	Choanoflagellata_Monosiga_brevicollis	/rna/liha/phylogenomics_practice/TENT/TENT5/Blast/Results/Choanoflagellata_Monosiga_brevicollis/Choanoflagellata_TENT5A-B-C-D.txt
TENT5A_Homo_sapiens	XP_001747116.1	61.905	21	5	2.4	29.3	uncharacterized protein MONBRDRAFT_33075 [Monosiga brevicollis MX1]	Choanoflagellata_TENT5A-B-C-D.txt	Choanoflagellata_Monosiga_brevicollis	/rna/liha/phylogenomics_practice/TENT/TENT5/Blast/Results/Choanoflagellata_Monosiga_brevicollis/Choanoflagellata_TENT5A-B-C-D.txt
TENT5A_Homo_sapiens	XP_001747116.1	61.905	21	5	2.4	29.3	uncharacterized protein MONBRDRAFT_33075 [Monosiga brevicollis MX1]	Choanoflagellata_TENT5A-B-C-D.txt	Choanoflagellata_Monosiga_brevicollis	/rna/liha/phylogenomics_practice/TENT/TENT5/Blast/Results/Choanoflagellata_Monosiga_brevicollis/Choanoflagellata_TENT5A-B-C-D.txt
TENT5A_Homo_sapiens	XP_001747116.1	61.905	21	5	2.4	29.3	uncharacterized protein MONBRDRAFT_33075 [Monosiga brevicollis MX1]	Choanoflagellata_TENT5A-B-C-D.txt	Choanoflagellata_Monosiga_brevicollis	/rna/liha/phylogenomics_practice/TENT/TENT5/Blast/Results/Choanoflagellata_Monosiga_brevicollis/Choanoflagellata_TENT5A-B-C-D.txt
TENT5A_Homo_sapiens	XP_001747116.1	61.905	21	5	2.4	29.3	uncharacterized protein MONBRDRAFT_33075 [Monosiga brevicollis MX1]	Choanoflagellata_TENT5A-B-C-D.txt	Choanoflagellata_Monosiga_brevicollis	/rna/liha/phylogenomics_practice/TENT/TENT5/Blast/Results/Choanoflagellata_Monosiga_brevicollis/Choanoflagellata_TENT5A-B-C-D.txt
TENT5A_Homo_sapiens	XP_001747116.1	61.905	21	5	2.4	29.3	uncharacterized protein MONBRDRAFT_33075 [Monosiga brevicollis MX1]	Choanoflagellata_TENT5A-B-C-D.txt	Choanoflagellata_Monosiga_brevicollis	/rna/liha/phylogenomics_practice/TENT/TENT5/Blast/Results/Choanoflagellata_Monosiga_brevicollis/Choanoflagellata_TENT5A-B-C-D.txt
TENT5A_Homo_sapiens	XP_001747913.1	50.000	38	9	9.5	27.3	uncharacterized protein MONBRDRAFT_27353 [Monosiga brevicollis MX1]	Choanoflagellata_TENT5A-B-C-D.txt	Choanoflagellata_Monosiga_brevicollis	/rna/liha/phylogenomics_practice/TENT/TENT5/Blast/Results/Choanoflagellata_Monosiga_brevicollis/Choanoflagellata_TENT5A-B-C-D.txt
TENT5B_Homo_sapiens	XP_001750770.1	27.519	258	59	3.28e-17	82.4	uncharacterized protein MONBRDRAFT_39283 [Monosiga brevicollis MX1]	Choanoflagellata_TENT5A-B-C-D.txt	Choanoflagellata_Monosiga_brevicollis	/rna/liha/phylogenomics_practice/TENT/TENT5/Blast/Results/Choanoflagellata_Monosiga_brevicollis/Choanoflagellata_TENT5A-B-C-D.txt
TENT5B_Homo_sapiens	XP_001742093.1	26.984	63	13	3.6	28.5	uncharacterized protein MONBRDRAFT_30752 [Monosiga brevicollis MX1]	Choanoflagellata_TENT5A-B-C-D.txt	Choanoflagellata_Monosiga_brevicollis	/rna/liha/phylogenomics_practice/TENT/TENT5/Blast/Results/Choanoflagellata_Monosiga_brevicollis/Choanoflagellata_TENT5A-B-C-D.txt
TENT5B_Homo_sapiens	XP_001750467.1	22.652	181	38	3.8	28.1	uncharacterized protein MONBRDRAFT_39173 [Monosiga brevicollis MX1]	Choanoflagellata_TENT5A-B-C-D.txt	Choanoflagellata_Monosiga_brevicollis	/rna/liha/phylogenomics_practice/TENT/TENT5/Blast/Results/Choanoflagellata_Monosiga_brevicollis/Choanoflagellata_TENT5A-B-C-D.txt
TENT5B_Homo_sapiens	XP_001750435.1	37.500	32	7	4.9	28.1	uncharacterized protein MONBRDRAFT_39139 [Monosiga brevicollis MX1]	Choanoflagellata_TENT5A-B-C-D.txt	Choanoflagellata_Monosiga_brevicollis	/rna/liha/phylogenomics_practice/TENT/TENT5/Blast/Results/Choanoflagellata_Monosiga_brevicollis/Choanoflagellata_TENT5A-B-C-D.txt
TENT5B_Homo_sapiens	XP_001742913.1	41.379	29	7	7.1	27.7	uncharacterized protein MONBRDRAFT_22621 [Monosiga brevicollis MX1]	Choanoflagellata_TENT5A-B-C-D.txt	Choanoflagellata_Monosiga_brevicollis	/rna/liha/phylogenomics_practice/TENT/TENT5/Blast/Results/Choanoflagellata_Monosiga_brevicollis/Choanoflagellata_TENT5A-B-C-D.txt
TENT5B_Homo_sapiens	XP_001745658.1	26.471	68	16	9.5	27.3	uncharacterized protein MONBRDRAFT_25175 [Monosiga brevicollis MX1]	Choanoflagellata_TENT5A-B-C-D.txt	Choanoflagellata_Monosiga_brevicollis	/rna/liha/phylogenomics_practice/TENT/TENT5/Blast/Results/Choanoflagellata_Monosiga_brevicollis/Choanoflagellata_TENT5A-B-C-D.txt
TENT5C_Homo_sapiens	XP_001750770.1	26.056	284	69	1.48e-17	82.8	uncharacterized protein MONBRDRAFT_39283 [Monosiga brevicollis MX1]	Choanoflagellata_TENT5A-B-C-D.txt	Choanoflagellata_Monosiga_brevicollis	/rna/liha/phylogenomics_practice/TENT/TENT5/Blast/Results/Choanoflagellata_Monosiga_brevicollis/Choanoflagellata_TENT5A-B-C-D.txt
TENT5C_Homo_sapiens	XP_001746301.1	28.000	75	19	2.5	29.3	uncharacterized protein MONBRDRAFT_25895 [Monosiga brevicollis MX1]	Choanoflagellata_TENT5A-B-C-D.txt	Choanoflagellata_Monosiga_brevicollis	/rna/liha/phylogenomics_practice/TENT/TENT5/Blast/Results/Choanoflagellata_Monosiga_brevicollis/Choanoflagellata_TENT5A-B-C-D.txt
TENT5C_Homo_sapiens	XP_001742404.1	30.000	40	10	2.8	28.9	uncharacterized protein MONBRDRAFT_22491 [Monosiga brevicollis MX1]	Choanoflagellata_TENT5A-B-C-D.txt	Choanoflagellata_Monosiga_brevicollis	/rna/liha/phylogenomics_practice/TENT/TENT5/Blast/Results/Choanoflagellata_Monosiga_brevicollis/Choanoflagellata_TENT5A-B-C-D.txt
TENT5C_Homo_sapiens	XP_001747822.1	32.143	56	14	6.4	27.7	uncharacterized protein MONBRDRAFT_33385 [Monosiga brevicollis MX1]	Choanoflagellata_TENT5A-B-C-D.txt	Choanoflagellata_Monosiga_brevicollis	/rna/liha/phylogenomics_practice/TENT/TENT5/Blast/Results/Choanoflagellata_Monosiga_brevicollis/Choanoflagellata_TENT5A-B-C-D.txt
TENT5C_Homo_sapiens	XP_001748633.1	23.596	89	21	6.5	27.7	uncharacterized protein MONBRDRAFT_33789 [Monosiga brevicollis MX1]	Choanoflagellata_TENT5A-B-C-D.txt	Choanoflagellata_Monosiga_brevicollis	/rna/liha/phylogenomics_practice/TENT/TENT5/Blast/Results/Choanoflagellata_Monosiga_brevicollis/Choanoflagellata_TENT5A-B-C-D.txt
TENT5C_Homo_sapiens	XP_001750836.1	38.235	34	9	7.0	27.7	uncharacterized protein MONBRDRAFT_30343 [Monosiga brevicollis MX1]	Choanoflagellata_TENT5A-B-C-D.txt	Choanoflagellata_Monosiga_brevicollis	/rna/liha/phylogenomics_practice/TENT/TENT5/Blast/Results/Choanoflagellata_Monosiga_brevicollis/Choanoflagellata_TENT5A-B-C-D.txt
TENT5C_Homo_sapiens	XP_001742680.1	31.579	38	10	7.2	26.9	uncharacterized protein MONBRDRAFT_2929, partial [Monosiga brevicollis MX1]	Choanoflagellata_TENT5A-B-C-D.txt	Choanoflagellata_Monosiga_brevicollis	/rna/liha/phylogenomics_practice/TENT/TENT5/Blast/Results/Choanoflagellata_Monosiga_brevicollis/Choanoflagellata_TENT5A-B-C-D.txt
TENT5C_Homo_sapiens	XP_001750672.1	36.538	52	13	8.1	27.3	uncharacterized protein MONBRDRAFT_34666 [Monosiga brevicollis MX1]	Choanoflagellata_TENT5A-B-C-D.txt	Choanoflagellata_Monosiga_brevicollis	/rna/liha/phylogenomics_practice/TENT/TENT5/Blast/Results/Choanoflagellata_Monosiga_brevicollis/Choanoflagellata_TENT5A-B-C-D.txt
TENT5C_Homo_sapiens	XP_001742946.1	41.463	41	10	8.9	27.3	uncharacterized protein MONBRDRAFT_5556 [Monosiga brevicollis MX1]	Choanoflagellata_TENT5A-B-C-D.txt	Choanoflagellata_Monosiga_brevicollis	/rna/liha/phylogenomics_practice/TENT/TENT5/Blast/Results/Choanoflagellata_Monosiga_brevicollis/Choanoflagellata_TENT5A-B-C-D.txt
TENT5D_Homo_sapiens	XP_001750770.1	25.979	281	70	6.25e-21	93.2	uncharacterized protein MONBRDRAFT_39283 [Monosiga brevicollis MX1]	Choanoflagellata_TENT5A-B-C-D.txt	Choanoflagellata_Monosiga_brevicollis	/rna/liha/phylogenomics_practice/TENT/TENT5/Blast/Results/Choanoflagellata_Monosiga_brevicollis/Choanoflagellata_TENT5A-B-C-D.txt
TENT5D_Homo_sapiens	XP_001742740.1	23.529	51	13	1.0	30.4	uncharacterized protein MONBRDRAFT_5161 [Monosiga brevicollis MX1]	Choanoflagellata_TENT5A-B-C-D.txt	Choanoflagellata_Monosiga_brevicollis	/rna/liha/phylogenomics_practice/TENT/TENT5/Blast/Results/Choanoflagellata_Monosiga_brevicollis/Choanoflagellata_TENT5A-B-C-D.txt
TENT5D_Homo_sapiens	XP_001743775.1	32.787	61	15	1.3	30.0	uncharacterized protein MONBRDRAFT_31573 [Monosiga brevicollis MX1]	Choanoflagellata_TENT5A-B-C-D.txt	Choanoflagellata_Monosiga_brevicollis	/rna/liha/phylogenomics_practice/TENT/TENT5/Blast/Results/Choanoflagellata_Monosiga_brevicollis/Choanoflagellata_TENT5A-B-C-D.txt
TENT5D_Homo_sapiens	XP_001745729.1	30.000	60	15	1.3	30.0	uncharacterized protein MONBRDRAFT_37010 [Monosiga brevicollis MX1]	Choanoflagellata_TENT5A-B-C-D.txt	Choanoflagellata_Monosiga_brevicollis	/rna/liha/phylogenomics_practice/TENT/TENT5/Blast/Results/Choanoflagellata_Monosiga_brevicollis/Choanoflagellata_TENT5A-B-C-D.txt
TENT5D_Homo_sapiens	XP_001745381.1	34.545	55	12	1.4	30.0	uncharacterized protein MONBRDRAFT_18883 [Monosiga brevicollis MX1]	Choanoflagellata_TENT5A-B-C-D.txt	Choanoflagellata_Monosiga_brevicollis	/rna/liha/phylogenomics_practice/TENT/TENT5/Blast/Results/Choanoflagellata_Monosiga_brevicollis/Choanoflagellata_TENT5A-B-C-D.txt
TENT5D_Homo_sapiens	XP_001746295.1	36.364	55	14	3.8	28.5	uncharacterized protein MONBRDRAFT_8666 [Monosiga brevicollis MX1]	Choanoflagellata_TENT5A-B-C-D.txt	Choanoflagellata_Monosiga_brevicollis	/rna/liha/phylogenomics_practice/TENT/TENT5/Blast/Results/Choanoflagellata_Monosiga_brevicollis/Choanoflagellata_TENT5A-B-C-D.txt
TENT5D_Homo_sapiens	XP_001747230.1	33.846	65	17	5.0	28.1	uncharacterized protein MONBRDRAFT_37687 [Monosiga brevicollis MX1]	Choanoflagellata_TENT5A-B-C-D.txt	Choanoflagellata_Monosiga_brevicollis	/rna/liha/phylogenomics_practice/TENT/TENT5/Blast/Results/Choanoflagellata_Monosiga_brevicollis/Choanoflagellata_TENT5A-B-C-D.txt
TENT5D_Homo_sapiens	XP_001747266.1	36.667	60	12	5.6	27.7	uncharacterized protein MONBRDRAFT_33092 [Monosiga brevicollis MX1]	Choanoflagellata_TENT5A-B-C-D.txt	Choanoflagellata_Monosiga_brevicollis	/rna/liha/phylogenomics_practice/TENT/TENT5/Blast/Results/Choanoflagellata_Monosiga_brevicollis/Choanoflagellata_TENT5A-B-C-D.txt
TENT5D_Homo_sapiens	XP_001745597.1	23.649	148	35	6.8	27.3	uncharacterized protein MONBRDRAFT_37026 [Monosiga brevicollis MX1]	Choanoflagellata_TENT5A-B-C-D.txt	Choanoflagellata_Monosiga_brevicollis	/rna/liha/phylogenomics_practice/TENT/TENT5/Blast/Results/Choanoflagellata_Monosiga_brevicollis/Choanoflagellata_TENT5A-B-C-D.txt
TENT5D_Homo_sapiens	XP_001748587.1	28.947	76	20	7.8	27.3	uncharacterized protein MONBRDRAFT_38366 [Monosiga brevicollis MX1]	Choanoflagellata_TENT5A-B-C-D.txt	Choanoflagellata_Monosiga_brevicollis	/rna/liha/phylogenomics_practice/TENT/TENT5/Blast/Results/Choanoflagellata_Monosiga_brevicollis/Choanoflagellata_TENT5A-B-C-D.txt
TENT5A_Homo_sapiens	XP_004990263.1	25.698	179	60	1.07e-11	66.6	uncharacterized protein PTSG_08877 [Salpingoeca rosetta]	Choanoflagellata_TENT5A-B-C-D.txt	Choanoflagellata_Salpingoeca_rosetta	/rna/liha/phylogenomics_practice/TENT/TENT5/Blast/Results/Choanoflagellata_Salpingoeca_rosetta/Choanoflagellata_TENT5A-B-C-D.txt
TENT5A_Homo_sapiens	XP_004990263.1	30.769	104	60	3.11e-04	42.7	uncharacterized protein PTSG_08877 [Salpingoeca rosetta]	Choanoflagellata_TENT5A-B-C-D.txt	Choanoflagellata_Salpingoeca_rosetta	/rna/liha/phylogenomics_practice/TENT/TENT5/Blast/Results/Choanoflagellata_Salpingoeca_rosetta/Choanoflagellata_TENT5A-B-C-D.txt
TENT5A_Homo_sapiens	XP_004995404.1	25.316	237	49	1.69e-05	46.2	uncharacterized protein PTSG_03678, partial [Salpingoeca rosetta]	Choanoflagellata_TENT5A-B-C-D.txt	Choanoflagellata_Salpingoeca_rosetta	/rna/liha/phylogenomics_practice/TENT/TENT5/Blast/Results/Choanoflagellata_Salpingoeca_rosetta/Choanoflagellata_TENT5A-B-C-D.txt
TENT5B_Homo_sapiens	XP_004990263.1	26.923	182	60	1.52e-10	62.8	uncharacterized protein PTSG_08877 [Salpingoeca rosetta]	Choanoflagellata_TENT5A-B-C-D.txt	Choanoflagellata_Salpingoeca_rosetta	/rna/liha/phylogenomics_practice/TENT/TENT5/Blast/Results/Choanoflagellata_Salpingoeca_rosetta/Choanoflagellata_TENT5A-B-C-D.txt
TENT5B_Homo_sapiens	XP_004990263.1	31.183	93	60	7.08e-05	44.7	uncharacterized protein PTSG_08877 [Salpingoeca rosetta]	Choanoflagellata_TENT5A-B-C-D.txt	Choanoflagellata_Salpingoeca_rosetta	/rna/liha/phylogenomics_practice/TENT/TENT5/Blast/Results/Choanoflagellata_Salpingoeca_rosetta/Choanoflagellata_TENT5A-B-C-D.txt
TENT5B_Homo_sapiens	XP_004995404.1	27.016	248	53	1.62e-08	55.5	uncharacterized protein PTSG_03678, partial [Salpingoeca rosetta]	Choanoflagellata_TENT5A-B-C-D.txt	Choanoflagellata_Salpingoeca_rosetta	/rna/liha/phylogenomics_practice/TENT/TENT5/Blast/Results/Choanoflagellata_Salpingoeca_rosetta/Choanoflagellata_TENT5A-B-C-D.txt
TENT5B_Homo_sapiens	XP_004996675.1	23.649	148	32	0.42	32.3	myosin-X [Salpingoeca rosetta]	Choanoflagellata_TENT5A-B-C-D.txt	Choanoflagellata_Salpingoeca_rosetta	/rna/liha/phylogenomics_practice/TENT/TENT5/Blast/Results/Choanoflagellata_Salpingoeca_rosetta/Choanoflagellata_TENT5A-B-C-D.txt
TENT5B_Homo_sapiens	XP_004996653.1	24.031	129	29	0.48	32.0	uncharacterized protein PTSG_11845 [Salpingoeca rosetta]	Choanoflagellata_TENT5A-B-C-D.txt	Choanoflagellata_Salpingoeca_rosetta	/rna/liha/phylogenomics_practice/TENT/TENT5/Blast/Results/Choanoflagellata_Salpingoeca_rosetta/Choanoflagellata_TENT5A-B-C-D.txt
TENT5B_Homo_sapiens	XP_004991945.1	35.294	34	8	2.9	29.6	uncharacterized protein PTSG_06562 [Salpingoeca rosetta]	Choanoflagellata_TENT5A-B-C-D.txt	Choanoflagellata_Salpingoeca_rosetta	/rna/liha/phylogenomics_practice/TENT/TENT5/Blast/Results/Choanoflagellata_Salpingoeca_rosetta/Choanoflagellata_TENT5A-B-C-D.txt
TENT5B_Homo_sapiens	XP_004989924.1	37.500	40	9	3.2	29.6	uncharacterized protein PTSG_12896 [Salpingoeca rosetta]	Choanoflagellata_TENT5A-B-C-D.txt	Choanoflagellata_Salpingoeca_rosetta	/rna/liha/phylogenomics_practice/TENT/TENT5/Blast/Results/Choanoflagellata_Salpingoeca_rosetta/Choanoflagellata_TENT5A-B-C-D.txt
TENT5C_Homo_sapiens	XP_004990263.1	26.797	153	62	3.03e-10	61.6	uncharacterized protein PTSG_08877 [Salpingoeca rosetta]	Choanoflagellata_TENT5A-B-C-D.txt	Choanoflagellata_Salpingoeca_rosetta	/rna/liha/phylogenomics_practice/TENT/TENT5/Blast/Results/Choanoflagellata_Salpingoeca_rosetta/Choanoflagellata_TENT5A-B-C-D.txt
TENT5C_Homo_sapiens	XP_004990263.1	28.571	105	62	4.27e-05	45.1	uncharacterized protein PTSG_08877 [Salpingoeca rosetta]	Choanoflagellata_TENT5A-B-C-D.txt	Choanoflagellata_Salpingoeca_rosetta	/rna/liha/phylogenomics_practice/TENT/TENT5/Blast/Results/Choanoflagellata_Salpingoeca_rosetta/Choanoflagellata_TENT5A-B-C-D.txt
TENT5C_Homo_sapiens	XP_004995404.1	25.301	249	59	1.07e-06	49.7	uncharacterized protein PTSG_03678, partial [Salpingoeca rosetta]	Choanoflagellata_TENT5A-B-C-D.txt	Choanoflagellata_Salpingoeca_rosetta	/rna/liha/phylogenomics_practice/TENT/TENT5/Blast/Results/Choanoflagellata_Salpingoeca_rosetta/Choanoflagellata_TENT5A-B-C-D.txt
TENT5C_Homo_sapiens	XP_004991275.1	27.273	55	13	0.087	33.1	uncharacterized protein PTSG_08249 [Salpingoeca rosetta]	Choanoflagellata_TENT5A-B-C-D.txt	Choanoflagellata_Salpingoeca_rosetta	/rna/liha/phylogenomics_practice/TENT/TENT5/Blast/Results/Choanoflagellata_Salpingoeca_rosetta/Choanoflagellata_TENT5A-B-C-D.txt
TENT5C_Homo_sapiens	XP_004990280.1	25.974	77	18	0.38	32.0	uncharacterized protein PTSG_08894 [Salpingoeca rosetta]	Choanoflagellata_TENT5A-B-C-D.txt	Choanoflagellata_Salpingoeca_rosetta	/rna/liha/phylogenomics_practice/TENT/TENT5/Blast/Results/Choanoflagellata_Salpingoeca_rosetta/Choanoflagellata_TENT5A-B-C-D.txt
TENT5C_Homo_sapiens	XP_004993597.1	40.476	42	10	1.3	30.8	uncharacterized protein PTSG_12353 [Salpingoeca rosetta]	Choanoflagellata_TENT5A-B-C-D.txt	Choanoflagellata_Salpingoeca_rosetta	/rna/liha/phylogenomics_practice/TENT/TENT5/Blast/Results/Choanoflagellata_Salpingoeca_rosetta/Choanoflagellata_TENT5A-B-C-D.txt
TENT5C_Homo_sapiens	XP_004996653.1	22.152	158	38	2.1	29.6	uncharacterized protein PTSG_11845 [Salpingoeca rosetta]	Choanoflagellata_TENT5A-B-C-D.txt	Choanoflagellata_Salpingoeca_rosetta	/rna/liha/phylogenomics_practice/TENT/TENT5/Blast/Results/Choanoflagellata_Salpingoeca_rosetta/Choanoflagellata_TENT5A-B-C-D.txt
TENT5C_Homo_sapiens	XP_004993282.1	33.333	57	15	3.3	29.3	chaperonin subunit 1 [Salpingoeca rosetta]	Choanoflagellata_TENT5A-B-C-D.txt	Choanoflagellata_Salpingoeca_rosetta	/rna/liha/phylogenomics_practice/TENT/TENT5/Blast/Results/Choanoflagellata_Salpingoeca_rosetta/Choanoflagellata_TENT5A-B-C-D.txt
TENT5C_Homo_sapiens	XP_004991945.1	38.235	34	9	4.5	28.9	uncharacterized protein PTSG_06562 [Salpingoeca rosetta]	Choanoflagellata_TENT5A-B-C-D.txt	Choanoflagellata_Salpingoeca_rosetta	/rna/liha/phylogenomics_practice/TENT/TENT5/Blast/Results/Choanoflagellata_Salpingoeca_rosetta/Choanoflagellata_TENT5A-B-C-D.txt
TENT5C_Homo_sapiens	XP_004993240.1	27.143	70	18	7.6	28.1	dynein heavy chain [Salpingoeca rosetta]	Choanoflagellata_TENT5A-B-C-D.txt	Choanoflagellata_Salpingoeca_rosetta	/rna/liha/phylogenomics_practice/TENT/TENT5/Blast/Results/Choanoflagellata_Salpingoeca_rosetta/Choanoflagellata_TENT5A-B-C-D.txt
TENT5C_Homo_sapiens	XP_004996254.1	28.571	56	10	9.4	27.7	uncharacterized protein PTSG_02752 [Salpingoeca rosetta]	Choanoflagellata_TENT5A-B-C-D.txt	Choanoflagellata_Salpingoeca_rosetta	/rna/liha/phylogenomics_practice/TENT/TENT5/Blast/Results/Choanoflagellata_Salpingoeca_rosetta/Choanoflagellata_TENT5A-B-C-D.txt
TENT5D_Homo_sapiens	XP_004990263.1	28.846	156	39	2.51e-10	61.6	uncharacterized protein PTSG_08877 [Salpingoeca rosetta]	Choanoflagellata_TENT5A-B-C-D.txt	Choanoflagellata_Salpingoeca_rosetta	/rna/liha/phylogenomics_practice/TENT/TENT5/Blast/Results/Choanoflagellata_Salpingoeca_rosetta/Choanoflagellata_TENT5A-B-C-D.txt
TENT5D_Homo_sapiens	XP_004995404.1	25.161	155	39	6.52e-06	47.4	uncharacterized protein PTSG_03678, partial [Salpingoeca rosetta]	Choanoflagellata_TENT5A-B-C-D.txt	Choanoflagellata_Salpingoeca_rosetta	/rna/liha/phylogenomics_practice/TENT/TENT5/Blast/Results/Choanoflagellata_Salpingoeca_rosetta/Choanoflagellata_TENT5A-B-C-D.txt
TENT5D_Homo_sapiens	XP_004988412.1	52.174	23	6	7.6	28.1	uncharacterized protein PTSG_10361 [Salpingoeca rosetta]	Choanoflagellata_TENT5A-B-C-D.txt	Choanoflagellata_Salpingoeca_rosetta	/rna/liha/phylogenomics_practice/TENT/TENT5/Blast/Results/Choanoflagellata_Salpingoeca_rosetta/Choanoflagellata_TENT5A-B-C-D.txt
TENT5A_Homo_sapiens	XP_065837872.1	50.000	336	75	1.26e-102	312	terminal nucleotidyltransferase 5C-like [Oscarella lobularis]	Porifera_TENT5A-B-C-D.txt	Porifera_Oscarella_lobularis	/rna/liha/phylogenomics_practice/TENT/TENT5/Blast/Results/Porifera_Oscarella_lobularis/Porifera_TENT5A-B-C-D.txt
TENT5B_Homo_sapiens	XP_065837872.1	51.692	325	76	2.76e-105	318	terminal nucleotidyltransferase 5C-like [Oscarella lobularis]	Porifera_TENT5A-B-C-D.txt	Porifera_Oscarella_lobularis	/rna/liha/phylogenomics_practice/TENT/TENT5/Blast/Results/Porifera_Oscarella_lobularis/Porifera_TENT5A-B-C-D.txt
TENT5B_Homo_sapiens	XP_065845575.1	34.545	55	13	0.13	34.7	uncharacterized protein [Oscarella lobularis]	Porifera_TENT5A-B-C-D.txt	Porifera_Oscarella_lobularis	/rna/liha/phylogenomics_practice/TENT/TENT5/Blast/Results/Porifera_Oscarella_lobularis/Porifera_TENT5A-B-C-D.txt
TENT5B_Homo_sapiens	XP_065837317.1	61.538	26	6	0.38	33.1	uncharacterized protein [Oscarella lobularis]	Porifera_TENT5A-B-C-D.txt	Porifera_Oscarella_lobularis	/rna/liha/phylogenomics_practice/TENT/TENT5/Blast/Results/Porifera_Oscarella_lobularis/Porifera_TENT5A-B-C-D.txt
TENT5B_Homo_sapiens	XP_065837316.1	61.538	26	6	0.39	33.1	uncharacterized protein [Oscarella lobularis]	Porifera_TENT5A-B-C-D.txt	Porifera_Oscarella_lobularis	/rna/liha/phylogenomics_practice/TENT/TENT5/Blast/Results/Porifera_Oscarella_lobularis/Porifera_TENT5A-B-C-D.txt
TENT5B_Homo_sapiens	XP_065834863.1	31.111	45	11	0.84	31.6	WD repeat-containing protein 18-like [Oscarella lobularis]	Porifera_TENT5A-B-C-D.txt	Porifera_Oscarella_lobularis	/rna/liha/phylogenomics_practice/TENT/TENT5/Blast/Results/Porifera_Oscarella_lobularis/Porifera_TENT5A-B-C-D.txt
TENT5B_Homo_sapiens	XP_065843765.1	37.931	58	12	1.3	31.2	uncharacterized protein [Oscarella lobularis]	Porifera_TENT5A-B-C-D.txt	Porifera_Oscarella_lobularis	/rna/liha/phylogenomics_practice/TENT/TENT5/Blast/Results/Porifera_Oscarella_lobularis/Porifera_TENT5A-B-C-D.txt
TENT5B_Homo_sapiens	XP_065839205.1	20.305	197	44	1.6	31.2	death-associated protein kinase 1-like [Oscarella lobularis]	Porifera_TENT5A-B-C-D.txt	Porifera_Oscarella_lobularis	/rna/liha/phylogenomics_practice/TENT/TENT5/Blast/Results/Porifera_Oscarella_lobularis/Porifera_TENT5A-B-C-D.txt
TENT5B_Homo_sapiens	XP_065834469.1	26.316	76	17	1.9	30.8	microtubule-associated serine/threonine-protein kinase 3-like isoform X1 [Oscarella lobularis]	Porifera_TENT5A-B-C-D.txt	Porifera_Oscarella_lobularis	/rna/liha/phylogenomics_practice/TENT/TENT5/Blast/Results/Porifera_Oscarella_lobularis/Porifera_TENT5A-B-C-D.txt
TENT5B_Homo_sapiens	XP_065834470.1	26.316	76	17	2.1	30.8	microtubule-associated serine/threonine-protein kinase 3-like isoform X2 [Oscarella lobularis]	Porifera_TENT5A-B-C-D.txt	Porifera_Oscarella_lobularis	/rna/liha/phylogenomics_practice/TENT/TENT5/Blast/Results/Porifera_Oscarella_lobularis/Porifera_TENT5A-B-C-D.txt
TENT5B_Homo_sapiens	XP_065839098.1	21.320	197	44	2.3	30.4	death-associated protein kinase 1-like [Oscarella lobularis]	Porifera_TENT5A-B-C-D.txt	Porifera_Oscarella_lobularis	/rna/liha/phylogenomics_practice/TENT/TENT5/Blast/Results/Porifera_Oscarella_lobularis/Porifera_TENT5A-B-C-D.txt
TENT5C_Homo_sapiens	XP_065837872.1	48.116	345	87	5.59e-99	301	terminal nucleotidyltransferase 5C-like [Oscarella lobularis]	Porifera_TENT5A-B-C-D.txt	Porifera_Oscarella_lobularis	/rna/liha/phylogenomics_practice/TENT/TENT5/Blast/Results/Porifera_Oscarella_lobularis/Porifera_TENT5A-B-C-D.txt
TENT5C_Homo_sapiens	XP_065833334.1	32.787	61	15	0.44	32.7	DNA replication licensing factor mcm5-like [Oscarella lobularis]	Porifera_TENT5A-B-C-D.txt	Porifera_Oscarella_lobularis	/rna/liha/phylogenomics_practice/TENT/TENT5/Blast/Results/Porifera_Oscarella_lobularis/Porifera_TENT5A-B-C-D.txt
TENT5C_Homo_sapiens	XP_065831512.1	41.667	36	9	9.1	28.5	uncharacterized protein [Oscarella lobularis]	Porifera_TENT5A-B-C-D.txt	Porifera_Oscarella_lobularis	/rna/liha/phylogenomics_practice/TENT/TENT5/Blast/Results/Porifera_Oscarella_lobularis/Porifera_TENT5A-B-C-D.txt
TENT5C_Homo_sapiens	XP_065831509.1	41.667	36	9	9.2	28.5	uncharacterized protein [Oscarella lobularis]	Porifera_TENT5A-B-C-D.txt	Porifera_Oscarella_lobularis	/rna/liha/phylogenomics_practice/TENT/TENT5/Blast/Results/Porifera_Oscarella_lobularis/Porifera_TENT5A-B-C-D.txt
TENT5C_Homo_sapiens	XP_065831510.1	41.667	36	9	9.2	28.5	uncharacterized protein [Oscarella lobularis]	Porifera_TENT5A-B-C-D.txt	Porifera_Oscarella_lobularis	/rna/liha/phylogenomics_practice/TENT/TENT5/Blast/Results/Porifera_Oscarella_lobularis/Porifera_TENT5A-B-C-D.txt
TENT5C_Homo_sapiens	XP_065831508.1	41.667	36	9	9.2	28.5	uncharacterized protein [Oscarella lobularis]	Porifera_TENT5A-B-C-D.txt	Porifera_Oscarella_lobularis	/rna/liha/phylogenomics_practice/TENT/TENT5/Blast/Results/Porifera_Oscarella_lobularis/Porifera_TENT5A-B-C-D.txt
TENT5C_Homo_sapiens	XP_065831511.1	41.667	36	9	9.3	28.5	uncharacterized protein [Oscarella lobularis]	Porifera_TENT5A-B-C-D.txt	Porifera_Oscarella_lobularis	/rna/liha/phylogenomics_practice/TENT/TENT5/Blast/Results/Porifera_Oscarella_lobularis/Porifera_TENT5A-B-C-D.txt
TENT5D_Homo_sapiens	XP_065837872.1	44.767	344	86	1.50e-93	287	terminal nucleotidyltransferase 5C-like [Oscarella lobularis]	Porifera_TENT5A-B-C-D.txt	Porifera_Oscarella_lobularis	/rna/liha/phylogenomics_practice/TENT/TENT5/Blast/Results/Porifera_Oscarella_lobularis/Porifera_TENT5A-B-C-D.txt
TENT5D_Homo_sapiens	XP_065839441.1	33.333	48	12	0.36	32.3	bcl-2-related protein A1-like [Oscarella lobularis]	Porifera_TENT5A-B-C-D.txt	Porifera_Oscarella_lobularis	/rna/liha/phylogenomics_practice/TENT/TENT5/Blast/Results/Porifera_Oscarella_lobularis/Porifera_TENT5A-B-C-D.txt
TENT5D_Homo_sapiens	XP_065827654.1	27.273	55	14	2.1	30.4	U5 small nuclear ribonucleoprotein 200 kDa helicase-like [Oscarella lobularis]	Porifera_TENT5A-B-C-D.txt	Porifera_Oscarella_lobularis	/rna/liha/phylogenomics_practice/TENT/TENT5/Blast/Results/Porifera_Oscarella_lobularis/Porifera_TENT5A-B-C-D.txt
TENT5D_Homo_sapiens	XP_065835214.1	23.301	103	26	5.5	29.3	BLOC-2 complex member HPS5-like [Oscarella lobularis]	Porifera_TENT5A-B-C-D.txt	Porifera_Oscarella_lobularis	/rna/liha/phylogenomics_practice/TENT/TENT5/Blast/Results/Porifera_Oscarella_lobularis/Porifera_TENT5A-B-C-D.txt
TENT5D_Homo_sapiens	XP_065832207.1	23.301	103	26	7.3	28.9	BLOC-2 complex member HPS5-like [Oscarella lobularis]	Porifera_TENT5A-B-C-D.txt	Porifera_Oscarella_lobularis	/rna/liha/phylogenomics_practice/TENT/TENT5/Blast/Results/Porifera_Oscarella_lobularis/Porifera_TENT5A-B-C-D.txt
TENT5A_Homo_sapiens	XP_065197531.1	39.169	337	71	4.83e-71	229	terminal nucleotidyltransferase 5C-like [Sycon ciliatum]	Porifera_TENT5A-B-C-D.txt	Porifera_Sycon_ciliatum	/rna/liha/phylogenomics_practice/TENT/TENT5/Blast/Results/Porifera_Sycon_ciliatum/Porifera_TENT5A-B-C-D.txt
TENT5A_Homo_sapiens	XP_065184646.1	34.865	370	79	2.44e-60	202	terminal nucleotidyltransferase 5D-like [Sycon ciliatum]	Porifera_TENT5A-B-C-D.txt	Porifera_Sycon_ciliatum	/rna/liha/phylogenomics_practice/TENT/TENT5/Blast/Results/Porifera_Sycon_ciliatum/Porifera_TENT5A-B-C-D.txt
TENT5B_Homo_sapiens	XP_065197531.1	42.350	366	80	4.68e-78	247	terminal nucleotidyltransferase 5C-like [Sycon ciliatum]	Porifera_TENT5A-B-C-D.txt	Porifera_Sycon_ciliatum	/rna/liha/phylogenomics_practice/TENT/TENT5/Blast/Results/Porifera_Sycon_ciliatum/Porifera_TENT5A-B-C-D.txt
TENT5B_Homo_sapiens	XP_065184646.1	32.796	372	85	9.88e-55	186	terminal nucleotidyltransferase 5D-like [Sycon ciliatum]	Porifera_TENT5A-B-C-D.txt	Porifera_Sycon_ciliatum	/rna/liha/phylogenomics_practice/TENT/TENT5/Blast/Results/Porifera_Sycon_ciliatum/Porifera_TENT5A-B-C-D.txt
TENT5C_Homo_sapiens	XP_065197531.1	42.029	345	81	1.28e-70	227	terminal nucleotidyltransferase 5C-like [Sycon ciliatum]	Porifera_TENT5A-B-C-D.txt	Porifera_Sycon_ciliatum	/rna/liha/phylogenomics_practice/TENT/TENT5/Blast/Results/Porifera_Sycon_ciliatum/Porifera_TENT5A-B-C-D.txt
TENT5C_Homo_sapiens	XP_065184646.1	32.831	332	83	2.14e-54	184	terminal nucleotidyltransferase 5D-like [Sycon ciliatum]	Porifera_TENT5A-B-C-D.txt	Porifera_Sycon_ciliatum	/rna/liha/phylogenomics_practice/TENT/TENT5/Blast/Results/Porifera_Sycon_ciliatum/Porifera_TENT5A-B-C-D.txt
TENT5C_Homo_sapiens	XP_065184339.1	40.741	27	7	6.2	28.5	mitochondrial import receptor subunit TOM20 homolog [Sycon ciliatum]	Porifera_TENT5A-B-C-D.txt	Porifera_Sycon_ciliatum	/rna/liha/phylogenomics_practice/TENT/TENT5/Blast/Results/Porifera_Sycon_ciliatum/Porifera_TENT5A-B-C-D.txt
TENT5C_Homo_sapiens	XP_065178722.1	27.941	68	17	8.0	29.3	integrator complex subunit 1-like [Sycon ciliatum]	Porifera_TENT5A-B-C-D.txt	Porifera_Sycon_ciliatum	/rna/liha/phylogenomics_practice/TENT/TENT5/Blast/Results/Porifera_Sycon_ciliatum/Porifera_TENT5A-B-C-D.txt
TENT5C_Homo_sapiens	XP_065181838.1	22.400	125	27	8.8	28.9	uncharacterized protein LOC135812392 [Sycon ciliatum]	Porifera_TENT5A-B-C-D.txt	Porifera_Sycon_ciliatum	/rna/liha/phylogenomics_practice/TENT/TENT5/Blast/Results/Porifera_Sycon_ciliatum/Porifera_TENT5A-B-C-D.txt
TENT5C_Homo_sapiens	XP_065181837.1	22.400	125	27	9.2	28.9	uncharacterized protein LOC135812391 [Sycon ciliatum]	Porifera_TENT5A-B-C-D.txt	Porifera_Sycon_ciliatum	/rna/liha/phylogenomics_practice/TENT/TENT5/Blast/Results/Porifera_Sycon_ciliatum/Porifera_TENT5A-B-C-D.txt
TENT5D_Homo_sapiens	XP_065197531.1	37.322	351	84	2.76e-69	223	terminal nucleotidyltransferase 5C-like [Sycon ciliatum]	Porifera_TENT5A-B-C-D.txt	Porifera_Sycon_ciliatum	/rna/liha/phylogenomics_practice/TENT/TENT5/Blast/Results/Porifera_Sycon_ciliatum/Porifera_TENT5A-B-C-D.txt
TENT5D_Homo_sapiens	XP_065184646.1	37.462	331	82	6.08e-67	217	terminal nucleotidyltransferase 5D-like [Sycon ciliatum]	Porifera_TENT5A-B-C-D.txt	Porifera_Sycon_ciliatum	/rna/liha/phylogenomics_practice/TENT/TENT5/Blast/Results/Porifera_Sycon_ciliatum/Porifera_TENT5A-B-C-D.txt
TENT5D_Homo_sapiens	XP_065181808.1	33.750	80	20	0.007	38.9	ral GTPase-activating protein subunit alpha-1-like isoform X1 [Sycon ciliatum]	Porifera_TENT5A-B-C-D.txt	Porifera_Sycon_ciliatum	/rna/liha/phylogenomics_practice/TENT/TENT5/Blast/Results/Porifera_Sycon_ciliatum/Porifera_TENT5A-B-C-D.txt
TENT5D_Homo_sapiens	XP_065181814.1	33.750	80	20	0.007	38.9	ral GTPase-activating protein subunit alpha-1-like isoform X2 [Sycon ciliatum]	Porifera_TENT5A-B-C-D.txt	Porifera_Sycon_ciliatum	/rna/liha/phylogenomics_practice/TENT/TENT5/Blast/Results/Porifera_Sycon_ciliatum/Porifera_TENT5A-B-C-D.txt
TENT5D_Homo_sapiens	XP_065183131.1	40.909	22	6	4.9	29.6	AT-rich interactive domain-containing protein 1A-like [Sycon ciliatum]	Porifera_TENT5A-B-C-D.txt	Porifera_Sycon_ciliatum	/rna/liha/phylogenomics_practice/TENT/TENT5/Blast/Results/Porifera_Sycon_ciliatum/Porifera_TENT5A-B-C-D.txt
TENT5A_Homo_sapiens	XP_003386242.1	46.828	331	72	7.02e-93	288	protein FAM46C-like [Amphimedon queenslandica]	Porifera_TENT5A-B-C-D.txt	Porifera_Amphimedon_queenslandica	/rna/liha/phylogenomics_practice/TENT/TENT5/Blast/Results/Porifera_Amphimedon_queenslandica/Porifera_TENT5A-B-C-D.txt
TENT5A_Homo_sapiens	XP_019856491.1	29.412	51	12	0.72	32.3	uncharacterized protein LOC109585004, partial [Amphimedon queenslandica]	Porifera_TENT5A-B-C-D.txt	Porifera_Amphimedon_queenslandica	/rna/liha/phylogenomics_practice/TENT/TENT5/Blast/Results/Porifera_Amphimedon_queenslandica/Porifera_TENT5A-B-C-D.txt
TENT5A_Homo_sapiens	XP_019850310.1	28.000	75	16	2.1	30.8	uncharacterized protein LOC109581031 [Amphimedon queenslandica]	Porifera_TENT5A-B-C-D.txt	Porifera_Amphimedon_queenslandica	/rna/liha/phylogenomics_practice/TENT/TENT5/Blast/Results/Porifera_Amphimedon_queenslandica/Porifera_TENT5A-B-C-D.txt
TENT5B_Homo_sapiens	XP_003386242.1	42.330	352	79	2.60e-93	288	protein FAM46C-like [Amphimedon queenslandica]	Porifera_TENT5A-B-C-D.txt	Porifera_Amphimedon_queenslandica	/rna/liha/phylogenomics_practice/TENT/TENT5/Blast/Results/Porifera_Amphimedon_queenslandica/Porifera_TENT5A-B-C-D.txt
TENT5B_Homo_sapiens	XP_003387151.1	22.449	147	32	0.42	32.3	RNA-binding protein Musashi homolog 2-like [Amphimedon queenslandica]	Porifera_TENT5A-B-C-D.txt	Porifera_Amphimedon_queenslandica	/rna/liha/phylogenomics_practice/TENT/TENT5/Blast/Results/Porifera_Amphimedon_queenslandica/Porifera_TENT5A-B-C-D.txt
TENT5B_Homo_sapiens	XP_019858667.1	25.263	95	20	1.3	31.2	tyrosine-protein kinase SRK3-like [Amphimedon queenslandica]	Porifera_TENT5A-B-C-D.txt	Porifera_Amphimedon_queenslandica	/rna/liha/phylogenomics_practice/TENT/TENT5/Blast/Results/Porifera_Amphimedon_queenslandica/Porifera_TENT5A-B-C-D.txt
TENT5B_Homo_sapiens	XP_019853923.1	32.692	52	11	1.7	30.8	uncharacterized protein LOC109583152 [Amphimedon queenslandica]	Porifera_TENT5A-B-C-D.txt	Porifera_Amphimedon_queenslandica	/rna/liha/phylogenomics_practice/TENT/TENT5/Blast/Results/Porifera_Amphimedon_queenslandica/Porifera_TENT5A-B-C-D.txt
TENT5B_Homo_sapiens	XP_019863077.1	27.848	79	18	3.9	29.3	RNA-binding protein Musashi homolog 2-like, partial [Amphimedon queenslandica]	Porifera_TENT5A-B-C-D.txt	Porifera_Amphimedon_queenslandica	/rna/liha/phylogenomics_practice/TENT/TENT5/Blast/Results/Porifera_Amphimedon_queenslandica/Porifera_TENT5A-B-C-D.txt
TENT5B_Homo_sapiens	XP_019863020.1	29.630	54	13	4.9	28.1	uncharacterized protein LOC109591837, partial [Amphimedon queenslandica]	Porifera_TENT5A-B-C-D.txt	Porifera_Amphimedon_queenslandica	/rna/liha/phylogenomics_practice/TENT/TENT5/Blast/Results/Porifera_Amphimedon_queenslandica/Porifera_TENT5A-B-C-D.txt
TENT5B_Homo_sapiens	XP_019856491.1	27.536	69	16	6.2	29.3	uncharacterized protein LOC109585004, partial [Amphimedon queenslandica]	Porifera_TENT5A-B-C-D.txt	Porifera_Amphimedon_queenslandica	/rna/liha/phylogenomics_practice/TENT/TENT5/Blast/Results/Porifera_Amphimedon_queenslandica/Porifera_TENT5A-B-C-D.txt
TENT5B_Homo_sapiens	XP_011406219.1	27.059	85	20	9.0	28.5	DDB1- and CUL4-associated factor 10-like [Amphimedon queenslandica]	Porifera_TENT5A-B-C-D.txt	Porifera_Amphimedon_queenslandica	/rna/liha/phylogenomics_practice/TENT/TENT5/Blast/Results/Porifera_Amphimedon_queenslandica/Porifera_TENT5A-B-C-D.txt
TENT5C_Homo_sapiens	XP_003386242.1	45.758	330	81	7.90e-95	291	protein FAM46C-like [Amphimedon queenslandica]	Porifera_TENT5A-B-C-D.txt	Porifera_Amphimedon_queenslandica	/rna/liha/phylogenomics_practice/TENT/TENT5/Blast/Results/Porifera_Amphimedon_queenslandica/Porifera_TENT5A-B-C-D.txt
TENT5C_Homo_sapiens	XP_019859582.1	27.273	99	25	0.17	33.5	receptor-like tyrosine-protein kinase kin-16 isoform X4 [Amphimedon queenslandica]	Porifera_TENT5A-B-C-D.txt	Porifera_Amphimedon_queenslandica	/rna/liha/phylogenomics_practice/TENT/TENT5/Blast/Results/Porifera_Amphimedon_queenslandica/Porifera_TENT5A-B-C-D.txt
TENT5C_Homo_sapiens	XP_019859580.1	31.481	54	14	0.73	31.6	tyrosine-protein kinase SRK3-like isoform X2 [Amphimedon queenslandica]	Porifera_TENT5A-B-C-D.txt	Porifera_Amphimedon_queenslandica	/rna/liha/phylogenomics_practice/TENT/TENT5/Blast/Results/Porifera_Amphimedon_queenslandica/Porifera_TENT5A-B-C-D.txt
TENT5C_Homo_sapiens	XP_003390548.2	31.481	54	14	0.79	31.6	tyrosine-protein kinase SRK3-like isoform X1 [Amphimedon queenslandica]	Porifera_TENT5A-B-C-D.txt	Porifera_Amphimedon_queenslandica	/rna/liha/phylogenomics_practice/TENT/TENT5/Blast/Results/Porifera_Amphimedon_queenslandica/Porifera_TENT5A-B-C-D.txt
TENT5C_Homo_sapiens	XP_019859581.1	31.481	54	14	0.80	31.6	tyrosine-protein kinase Yes-like isoform X3 [Amphimedon queenslandica]	Porifera_TENT5A-B-C-D.txt	Porifera_Amphimedon_queenslandica	/rna/liha/phylogenomics_practice/TENT/TENT5/Blast/Results/Porifera_Amphimedon_queenslandica/Porifera_TENT5A-B-C-D.txt
TENT5C_Homo_sapiens	XP_019856491.1	31.250	48	12	1.6	30.8	uncharacterized protein LOC109585004, partial [Amphimedon queenslandica]	Porifera_TENT5A-B-C-D.txt	Porifera_Amphimedon_queenslandica	/rna/liha/phylogenomics_practice/TENT/TENT5/Blast/Results/Porifera_Amphimedon_queenslandica/Porifera_TENT5A-B-C-D.txt
TENT5C_Homo_sapiens	XP_019854350.1	20.721	111	27	2.1	30.4	uncharacterized protein LOC109583440 isoform X2 [Amphimedon queenslandica]	Porifera_TENT5A-B-C-D.txt	Porifera_Amphimedon_queenslandica	/rna/liha/phylogenomics_practice/TENT/TENT5/Blast/Results/Porifera_Amphimedon_queenslandica/Porifera_TENT5A-B-C-D.txt
TENT5C_Homo_sapiens	XP_019854349.1	20.721	111	27	2.1	30.4	uncharacterized protein LOC109583440 isoform X1 [Amphimedon queenslandica]	Porifera_TENT5A-B-C-D.txt	Porifera_Amphimedon_queenslandica	/rna/liha/phylogenomics_practice/TENT/TENT5/Blast/Results/Porifera_Amphimedon_queenslandica/Porifera_TENT5A-B-C-D.txt
TENT5C_Homo_sapiens	XP_019854351.1	20.721	111	27	2.2	30.4	uncharacterized protein LOC109583440 isoform X3 [Amphimedon queenslandica]	Porifera_TENT5A-B-C-D.txt	Porifera_Amphimedon_queenslandica	/rna/liha/phylogenomics_practice/TENT/TENT5/Blast/Results/Porifera_Amphimedon_queenslandica/Porifera_TENT5A-B-C-D.txt
TENT5C_Homo_sapiens	XP_019850310.1	28.814	59	15	2.8	30.0	uncharacterized protein LOC109581031 [Amphimedon queenslandica]	Porifera_TENT5A-B-C-D.txt	Porifera_Amphimedon_queenslandica	/rna/liha/phylogenomics_practice/TENT/TENT5/Blast/Results/Porifera_Amphimedon_queenslandica/Porifera_TENT5A-B-C-D.txt
TENT5D_Homo_sapiens	XP_003386242.1	42.727	330	82	3.77e-85	266	protein FAM46C-like [Amphimedon queenslandica]	Porifera_TENT5A-B-C-D.txt	Porifera_Amphimedon_queenslandica	/rna/liha/phylogenomics_practice/TENT/TENT5/Blast/Results/Porifera_Amphimedon_queenslandica/Porifera_TENT5A-B-C-D.txt
TENT5D_Homo_sapiens	XP_011403505.2	28.571	98	23	0.29	33.1	carboxypeptidase A4-like [Amphimedon queenslandica]	Porifera_TENT5A-B-C-D.txt	Porifera_Amphimedon_queenslandica	/rna/liha/phylogenomics_practice/TENT/TENT5/Blast/Results/Porifera_Amphimedon_queenslandica/Porifera_TENT5A-B-C-D.txt
TENT5D_Homo_sapiens	XP_019848826.1	62.500	16	4	2.3	30.4	uncharacterized protein LOC109580263 [Amphimedon queenslandica]	Porifera_TENT5A-B-C-D.txt	Porifera_Amphimedon_queenslandica	/rna/liha/phylogenomics_practice/TENT/TENT5/Blast/Results/Porifera_Amphimedon_queenslandica/Porifera_TENT5A-B-C-D.txt
TENT5D_Homo_sapiens	XP_011403057.1	33.333	36	9	3.4	29.6	membrane-associated tyrosine- and threonine-specific cdc2-inhibitory kinase-like isoform X1 [Amphimedon queenslandica]	Porifera_TENT5A-B-C-D.txt	Porifera_Amphimedon_queenslandica	/rna/liha/phylogenomics_practice/TENT/TENT5/Blast/Results/Porifera_Amphimedon_queenslandica/Porifera_TENT5A-B-C-D.txt
TENT5D_Homo_sapiens	XP_019857282.1	24.000	150	37	5.0	28.9	integrator complex subunit 4-like [Amphimedon queenslandica]	Porifera_TENT5A-B-C-D.txt	Porifera_Amphimedon_queenslandica	/rna/liha/phylogenomics_practice/TENT/TENT5/Blast/Results/Porifera_Amphimedon_queenslandica/Porifera_TENT5A-B-C-D.txt
TENT5D_Homo_sapiens	XP_019856491.1	31.250	48	12	5.5	29.3	uncharacterized protein LOC109585004, partial [Amphimedon queenslandica]	Porifera_TENT5A-B-C-D.txt	Porifera_Amphimedon_queenslandica	/rna/liha/phylogenomics_practice/TENT/TENT5/Blast/Results/Porifera_Amphimedon_queenslandica/Porifera_TENT5A-B-C-D.txt
TENT5D_Homo_sapiens	XP_019858720.1	26.190	84	20	9.7	28.1	uncharacterized protein LOC100638402 [Amphimedon queenslandica]	Porifera_TENT5A-B-C-D.txt	Porifera_Amphimedon_queenslandica	/rna/liha/phylogenomics_practice/TENT/TENT5/Blast/Results/Porifera_Amphimedon_queenslandica/Porifera_TENT5A-B-C-D.txt
TENT5A_Homo_sapiens	YP_001648474.1	31.579	19	4	2.6	19.2	NADH dehydrogenase subunit 1 [Ephydatia muelleri]	Porifera_TENT5A-B-C-D.txt	Porifera_Ephydatia_muelleri	/rna/liha/phylogenomics_practice/TENT/TENT5/Blast/Results/Porifera_Ephydatia_muelleri/Porifera_TENT5A-B-C-D.txt
TENT5A_Homo_sapiens	YP_001648465.1	66.667	9	2	3.0	18.9	ATP synthase F0 subunit 6 [Ephydatia muelleri]	Porifera_TENT5A-B-C-D.txt	Porifera_Ephydatia_muelleri	/rna/liha/phylogenomics_practice/TENT/TENT5/Blast/Results/Porifera_Ephydatia_muelleri/Porifera_TENT5A-B-C-D.txt
TENT5A_Homo_sapiens	YP_001648469.1	37.037	27	5	4.8	18.5	NADH dehydrogenase subunit 4 [Ephydatia muelleri]	Porifera_TENT5A-B-C-D.txt	Porifera_Ephydatia_muelleri	/rna/liha/phylogenomics_practice/TENT/TENT5/Blast/Results/Porifera_Ephydatia_muelleri/Porifera_TENT5A-B-C-D.txt
TENT5A_Homo_sapiens	YP_001648463.1	35.714	14	3	8.7	17.3	cytochrome c oxidase subunit II [Ephydatia muelleri]	Porifera_TENT5A-B-C-D.txt	Porifera_Ephydatia_muelleri	/rna/liha/phylogenomics_practice/TENT/TENT5/Blast/Results/Porifera_Ephydatia_muelleri/Porifera_TENT5A-B-C-D.txt
TENT5B_Homo_sapiens	YP_001648474.1	37.500	24	16	4.7	18.1	NADH dehydrogenase subunit 1 [Ephydatia muelleri]	Porifera_TENT5A-B-C-D.txt	Porifera_Ephydatia_muelleri	/rna/liha/phylogenomics_practice/TENT/TENT5/Blast/Results/Porifera_Ephydatia_muelleri/Porifera_TENT5A-B-C-D.txt
TENT5B_Homo_sapiens	YP_001648474.1	21.154	52	16	9.4	17.3	NADH dehydrogenase subunit 1 [Ephydatia muelleri]	Porifera_TENT5A-B-C-D.txt	Porifera_Ephydatia_muelleri	/rna/liha/phylogenomics_practice/TENT/TENT5/Blast/Results/Porifera_Ephydatia_muelleri/Porifera_TENT5A-B-C-D.txt
TENT5B_Homo_sapiens	YP_001648464.1	32.258	31	7	8.1	16.9	ATP synthase F0 subunit 8 [Ephydatia muelleri]	Porifera_TENT5A-B-C-D.txt	Porifera_Ephydatia_muelleri	/rna/liha/phylogenomics_practice/TENT/TENT5/Blast/Results/Porifera_Ephydatia_muelleri/Porifera_TENT5A-B-C-D.txt
TENT5C_Homo_sapiens	YP_001648473.1	38.889	18	5	1.4	20.0	cytochrome c oxidase subunit I [Ephydatia muelleri]	Porifera_TENT5A-B-C-D.txt	Porifera_Ephydatia_muelleri	/rna/liha/phylogenomics_practice/TENT/TENT5/Blast/Results/Porifera_Ephydatia_muelleri/Porifera_TENT5A-B-C-D.txt
TENT5C_Homo_sapiens	YP_001648474.1	50.000	14	4	4.1	18.5	NADH dehydrogenase subunit 1 [Ephydatia muelleri]	Porifera_TENT5A-B-C-D.txt	Porifera_Ephydatia_muelleri	/rna/liha/phylogenomics_practice/TENT/TENT5/Blast/Results/Porifera_Ephydatia_muelleri/Porifera_TENT5A-B-C-D.txt
TENT5C_Homo_sapiens	YP_001648466.1	40.000	15	4	5.6	17.7	cytochrome c oxidase subunit III [Ephydatia muelleri]	Porifera_TENT5A-B-C-D.txt	Porifera_Ephydatia_muelleri	/rna/liha/phylogenomics_practice/TENT/TENT5/Blast/Results/Porifera_Ephydatia_muelleri/Porifera_TENT5A-B-C-D.txt
TENT5C_Homo_sapiens	YP_001648467.1	75.000	8	2	6.0	17.7	cytochrome b [Ephydatia muelleri]	Porifera_TENT5A-B-C-D.txt	Porifera_Ephydatia_muelleri	/rna/liha/phylogenomics_practice/TENT/TENT5/Blast/Results/Porifera_Ephydatia_muelleri/Porifera_TENT5A-B-C-D.txt
TENT5D_Homo_sapiens	YP_001648469.1	30.000	30	7	0.74	20.8	NADH dehydrogenase subunit 4 [Ephydatia muelleri]	Porifera_TENT5A-B-C-D.txt	Porifera_Ephydatia_muelleri	/rna/liha/phylogenomics_practice/TENT/TENT5/Blast/Results/Porifera_Ephydatia_muelleri/Porifera_TENT5A-B-C-D.txt
TENT5D_Homo_sapiens	YP_001648476.1	31.148	61	15	2.4	19.2	NADH dehydrogenase subunit 5, partial [Ephydatia muelleri]	Porifera_TENT5A-B-C-D.txt	Porifera_Ephydatia_muelleri	/rna/liha/phylogenomics_practice/TENT/TENT5/Blast/Results/Porifera_Ephydatia_muelleri/Porifera_TENT5A-B-C-D.txt
TENT5D_Homo_sapiens	YP_001648476.1	28.571	28	15	6.2	17.7	NADH dehydrogenase subunit 5, partial [Ephydatia muelleri]	Porifera_TENT5A-B-C-D.txt	Porifera_Ephydatia_muelleri	/rna/liha/phylogenomics_practice/TENT/TENT5/Blast/Results/Porifera_Ephydatia_muelleri/Porifera_TENT5A-B-C-D.txt
TENT5D_Homo_sapiens	YP_001648464.1	35.484	31	8	7.9	16.9	ATP synthase F0 subunit 8 [Ephydatia muelleri]	Porifera_TENT5A-B-C-D.txt	Porifera_Ephydatia_muelleri	/rna/liha/phylogenomics_practice/TENT/TENT5/Blast/Results/Porifera_Ephydatia_muelleri/Porifera_TENT5A-B-C-D.txt
TENT5A_Homo_sapiens	YP_005351090.1	37.500	24	5	0.30	21.9	NADH dehydrogenase subunit 1 [Aplysina fulva]	Porifera_TENT5A-B-C-D.txt	Porifera_Aplysina_cauliformis	/rna/liha/phylogenomics_practice/TENT/TENT5/Blast/Results/Porifera_Aplysina_cauliformis/Porifera_TENT5A-B-C-D.txt
TENT5A_Homo_sapiens	YP_005351087.1	34.615	26	11	2.8	18.9	NADH dehydrogenase subunit 4 [Aplysina cauliformis]	Porifera_TENT5A-B-C-D.txt	Porifera_Aplysina_cauliformis	/rna/liha/phylogenomics_practice/TENT/TENT5/Blast/Results/Porifera_Aplysina_cauliformis/Porifera_TENT5A-B-C-D.txt
TENT5A_Homo_sapiens	YP_005351087.1	38.462	26	11	6.5	17.7	NADH dehydrogenase subunit 4 [Aplysina cauliformis]	Porifera_TENT5A-B-C-D.txt	Porifera_Aplysina_cauliformis	/rna/liha/phylogenomics_practice/TENT/TENT5/Blast/Results/Porifera_Aplysina_cauliformis/Porifera_TENT5A-B-C-D.txt
TENT5A_Homo_sapiens	YP_005351092.1	46.154	13	3	5.9	17.7	cytochrome c oxidase subunit II [Aplysina cauliformis]	Porifera_TENT5A-B-C-D.txt	Porifera_Aplysina_cauliformis	/rna/liha/phylogenomics_practice/TENT/TENT5/Blast/Results/Porifera_Aplysina_cauliformis/Porifera_TENT5A-B-C-D.txt
TENT5C_Homo_sapiens	YP_005351091.1	38.889	18	5	1.6	19.6	cytochrome c oxidase subunit I [Aplysina cauliformis]	Porifera_TENT5A-B-C-D.txt	Porifera_Aplysina_cauliformis	/rna/liha/phylogenomics_practice/TENT/TENT5/Blast/Results/Porifera_Aplysina_cauliformis/Porifera_TENT5A-B-C-D.txt
TENT5C_Homo_sapiens	YP_005351096.1	22.727	66	17	2.4	19.2	NADH dehydrogenase subunit 2 [Aplysina cauliformis]	Porifera_TENT5A-B-C-D.txt	Porifera_Aplysina_cauliformis	/rna/liha/phylogenomics_practice/TENT/TENT5/Blast/Results/Porifera_Aplysina_cauliformis/Porifera_TENT5A-B-C-D.txt
TENT5C_Homo_sapiens	YP_005351089.1	34.483	29	6	2.5	18.9	cytochrome b [Aplysina fulva]	Porifera_TENT5A-B-C-D.txt	Porifera_Aplysina_cauliformis	/rna/liha/phylogenomics_practice/TENT/TENT5/Blast/Results/Porifera_Aplysina_cauliformis/Porifera_TENT5A-B-C-D.txt
TENT5D_Homo_sapiens	YP_005351087.1	31.250	32	12	0.37	21.6	NADH dehydrogenase subunit 4 [Aplysina cauliformis]	Porifera_TENT5A-B-C-D.txt	Porifera_Aplysina_cauliformis	/rna/liha/phylogenomics_practice/TENT/TENT5/Blast/Results/Porifera_Aplysina_cauliformis/Porifera_TENT5A-B-C-D.txt
TENT5D_Homo_sapiens	YP_005351087.1	21.277	47	12	7.4	17.3	NADH dehydrogenase subunit 4 [Aplysina cauliformis]	Porifera_TENT5A-B-C-D.txt	Porifera_Aplysina_cauliformis	/rna/liha/phylogenomics_practice/TENT/TENT5/Blast/Results/Porifera_Aplysina_cauliformis/Porifera_TENT5A-B-C-D.txt
TENT5D_Homo_sapiens	YP_005351094.1	31.579	57	13	2.8	18.9	ATP synthase F0 subunit 6 [Aplysina fulva]	Porifera_TENT5A-B-C-D.txt	Porifera_Aplysina_cauliformis	/rna/liha/phylogenomics_practice/TENT/TENT5/Blast/Results/Porifera_Aplysina_cauliformis/Porifera_TENT5A-B-C-D.txt
TENT5D_Homo_sapiens	YP_005351097.1	28.571	28	7	6.3	17.7	NADH dehydrogenase subunit 5 [Aplysina fulva]	Porifera_TENT5A-B-C-D.txt	Porifera_Aplysina_cauliformis	/rna/liha/phylogenomics_practice/TENT/TENT5/Blast/Results/Porifera_Aplysina_cauliformis/Porifera_TENT5A-B-C-D.txt
TENT5D_Homo_sapiens	YP_005351090.1	23.333	60	15	9.5	16.9	NADH dehydrogenase subunit 1 [Aplysina fulva]	Porifera_TENT5A-B-C-D.txt	Porifera_Aplysina_cauliformis	/rna/liha/phylogenomics_practice/TENT/TENT5/Blast/Results/Porifera_Aplysina_cauliformis/Porifera_TENT5A-B-C-D.txt
TENT5A_Homo_sapiens	YP_004927434.1	22.727	44	10	3.1	19.6	cytochrome c oxidase subunit III [Mnemiopsis leidyi]	Ctenophora_TENT5A-B-C-D.txt	Ctenophora_Mnemiopsis_leidyi	/rna/liha/phylogenomics_practice/TENT/TENT5/Blast/Results/Ctenophora_Mnemiopsis_leidyi/Ctenophora_TENT5A-B-C-D.txt
TENT5A_Homo_sapiens	YP_004927440.1	40.000	15	3	6.9	18.9	NADH dehydrogenase subunit 5 [Mnemiopsis leidyi]	Ctenophora_TENT5A-B-C-D.txt	Ctenophora_Mnemiopsis_leidyi	/rna/liha/phylogenomics_practice/TENT/TENT5/Blast/Results/Ctenophora_Mnemiopsis_leidyi/Ctenophora_TENT5A-B-C-D.txt
TENT5B_Homo_sapiens	YP_004927440.1	47.059	17	4	1.5	20.8	NADH dehydrogenase subunit 5 [Mnemiopsis leidyi]	Ctenophora_TENT5A-B-C-D.txt	Ctenophora_Mnemiopsis_leidyi	/rna/liha/phylogenomics_practice/TENT/TENT5/Blast/Results/Ctenophora_Mnemiopsis_leidyi/Ctenophora_TENT5A-B-C-D.txt
TENT5B_Homo_sapiens	YP_004927442.1	53.333	15	4	5.8	18.9	cytochrome b [Mnemiopsis leidyi]	Ctenophora_TENT5A-B-C-D.txt	Ctenophora_Mnemiopsis_leidyi	/rna/liha/phylogenomics_practice/TENT/TENT5/Blast/Results/Ctenophora_Mnemiopsis_leidyi/Ctenophora_TENT5A-B-C-D.txt
TENT5C_Homo_sapiens	YP_004927440.1	38.889	18	5	3.2	19.6	NADH dehydrogenase subunit 5 [Mnemiopsis leidyi]	Ctenophora_TENT5A-B-C-D.txt	Ctenophora_Mnemiopsis_leidyi	/rna/liha/phylogenomics_practice/TENT/TENT5/Blast/Results/Ctenophora_Mnemiopsis_leidyi/Ctenophora_TENT5A-B-C-D.txt
TENT5B_Homo_sapiens	YP_009498507.1	47.059	17	4	1.1	20.0	cytochrome b [Beroe forskalii]	Ctenophora_TENT5A-B-C-D.txt	Ctenophora_Beroe_forskalii	/rna/liha/phylogenomics_practice/TENT/TENT5/Blast/Results/Ctenophora_Beroe_forskalii/Ctenophora_TENT5A-B-C-D.txt
TENT5B_Homo_sapiens	YP_009498497.1	31.707	41	10	8.9	17.3	cytochrome c oxidase subunit I [Beroe forskalii]	Ctenophora_TENT5A-B-C-D.txt	Ctenophora_Beroe_forskalii	/rna/liha/phylogenomics_practice/TENT/TENT5/Blast/Results/Ctenophora_Beroe_forskalii/Ctenophora_TENT5A-B-C-D.txt
TENT5C_Homo_sapiens	YP_009498507.1	36.842	19	5	4.1	18.1	cytochrome b [Beroe forskalii]	Ctenophora_TENT5A-B-C-D.txt	Ctenophora_Beroe_forskalii	/rna/liha/phylogenomics_practice/TENT/TENT5/Blast/Results/Ctenophora_Beroe_forskalii/Ctenophora_TENT5A-B-C-D.txt
TENT5D_Homo_sapiens	YP_009498505.1	28.571	35	8	0.85	20.0	hypothetical protein DXF74_mgp06 [Beroe forskalii]	Ctenophora_TENT5A-B-C-D.txt	Ctenophora_Beroe_forskalii	/rna/liha/phylogenomics_practice/TENT/TENT5/Blast/Results/Ctenophora_Beroe_forskalii/Ctenophora_TENT5A-B-C-D.txt
TENT5D_Homo_sapiens	YP_009498507.1	25.000	44	11	4.1	18.1	cytochrome b [Beroe forskalii]	Ctenophora_TENT5A-B-C-D.txt	Ctenophora_Beroe_forskalii	/rna/liha/phylogenomics_practice/TENT/TENT5/Blast/Results/Ctenophora_Beroe_forskalii/Ctenophora_TENT5A-B-C-D.txt
TENT5A_Homo_sapiens	YP_009726859.1	46.154	13	3	6.6	17.7	cytochrome c oxidase subunit I [Hormiphora californensis]	Ctenophora_TENT5A-B-C-D.txt	Ctenophora_Hormiphora_californensis	/rna/liha/phylogenomics_practice/TENT/TENT5/Blast/Results/Ctenophora_Hormiphora_californensis/Ctenophora_TENT5A-B-C-D.txt
TENT5A_Homo_sapiens	YP_009726870.1	35.000	20	5	7.1	17.3	NADH dehydrogenase subunit 1 [Hormiphora californensis]	Ctenophora_TENT5A-B-C-D.txt	Ctenophora_Hormiphora_californensis	/rna/liha/phylogenomics_practice/TENT/TENT5/Blast/Results/Ctenophora_Hormiphora_californensis/Ctenophora_TENT5A-B-C-D.txt
TENT5A_Homo_sapiens	YP_009726862.1	42.857	14	3	8.1	17.3	hypothetical protein G6P39_mgp04 [Hormiphora californensis]	Ctenophora_TENT5A-B-C-D.txt	Ctenophora_Hormiphora_californensis	/rna/liha/phylogenomics_practice/TENT/TENT5/Blast/Results/Ctenophora_Hormiphora_californensis/Ctenophora_TENT5A-B-C-D.txt
TENT5B_Homo_sapiens	YP_009726859.1	28.302	53	12	2.1	19.2	cytochrome c oxidase subunit I [Hormiphora californensis]	Ctenophora_TENT5A-B-C-D.txt	Ctenophora_Hormiphora_californensis	/rna/liha/phylogenomics_practice/TENT/TENT5/Blast/Results/Ctenophora_Hormiphora_californensis/Ctenophora_TENT5A-B-C-D.txt
TENT5B_Homo_sapiens	YP_009726868.1	38.889	18	7	4.7	18.1	cytochrome b [Hormiphora californensis]	Ctenophora_TENT5A-B-C-D.txt	Ctenophora_Hormiphora_californensis	/rna/liha/phylogenomics_practice/TENT/TENT5/Blast/Results/Ctenophora_Hormiphora_californensis/Ctenophora_TENT5A-B-C-D.txt
TENT5B_Homo_sapiens	YP_009726868.1	53.846	13	7	7.7	17.3	cytochrome b [Hormiphora californensis]	Ctenophora_TENT5A-B-C-D.txt	Ctenophora_Hormiphora_californensis	/rna/liha/phylogenomics_practice/TENT/TENT5/Blast/Results/Ctenophora_Hormiphora_californensis/Ctenophora_TENT5A-B-C-D.txt
TENT5B_Homo_sapiens	YP_009726862.1	30.769	13	3	6.5	17.7	hypothetical protein G6P39_mgp04 [Hormiphora californensis]	Ctenophora_TENT5A-B-C-D.txt	Ctenophora_Hormiphora_californensis	/rna/liha/phylogenomics_practice/TENT/TENT5/Blast/Results/Ctenophora_Hormiphora_californensis/Ctenophora_TENT5A-B-C-D.txt
TENT5C_Homo_sapiens	YP_009726868.1	53.846	13	3	4.4	18.1	cytochrome b [Hormiphora californensis]	Ctenophora_TENT5A-B-C-D.txt	Ctenophora_Hormiphora_californensis	/rna/liha/phylogenomics_practice/TENT/TENT5/Blast/Results/Ctenophora_Hormiphora_californensis/Ctenophora_TENT5A-B-C-D.txt
TENT5C_Homo_sapiens	YP_009726871.1	71.429	7	2	6.8	16.5	NADH dehydrogenase subunit 6 [Hormiphora californensis]	Ctenophora_TENT5A-B-C-D.txt	Ctenophora_Hormiphora_californensis	/rna/liha/phylogenomics_practice/TENT/TENT5/Blast/Results/Ctenophora_Hormiphora_californensis/Ctenophora_TENT5A-B-C-D.txt
TENT5C_Homo_sapiens	YP_009726861.1	38.889	36	9	8.6	16.9	cytochrome c oxidase subunit II [Hormiphora californensis]	Ctenophora_TENT5A-B-C-D.txt	Ctenophora_Hormiphora_californensis	/rna/liha/phylogenomics_practice/TENT/TENT5/Blast/Results/Ctenophora_Hormiphora_californensis/Ctenophora_TENT5A-B-C-D.txt
TENT5D_Homo_sapiens	YP_009726863.1	44.000	25	6	3.4	16.9	hypothetical protein G6P39_mgp05 [Hormiphora californensis]	Ctenophora_TENT5A-B-C-D.txt	Ctenophora_Hormiphora_californensis	/rna/liha/phylogenomics_practice/TENT/TENT5/Blast/Results/Ctenophora_Hormiphora_californensis/Ctenophora_TENT5A-B-C-D.txt
TENT5D_Homo_sapiens	YP_009726869.1	40.000	25	6	8.7	16.9	NADH dehydrogenase subunit 5 [Hormiphora californensis]	Ctenophora_TENT5A-B-C-D.txt	Ctenophora_Hormiphora_californensis	/rna/liha/phylogenomics_practice/TENT/TENT5/Blast/Results/Ctenophora_Hormiphora_californensis/Ctenophora_TENT5A-B-C-D.txt
TENT5A_Homo_sapiens	XP_063676437.1	50.592	338	75	4.76e-106	320	terminal nucleotidyltransferase 5C-like [Bolinopsis microptera]	Ctenophora_TENT5A-B-C-D.txt	Ctenophora_Bolinopsis_microptera	/rna/liha/phylogenomics_practice/TENT/TENT5/Blast/Results/Ctenophora_Bolinopsis_microptera/Ctenophora_TENT5A-B-C-D.txt
TENT5B_Homo_sapiens	XP_063676437.1	50.595	336	78	1.04e-109	329	terminal nucleotidyltransferase 5C-like [Bolinopsis microptera]	Ctenophora_TENT5A-B-C-D.txt	Ctenophora_Bolinopsis_microptera	/rna/liha/phylogenomics_practice/TENT/TENT5/Blast/Results/Ctenophora_Bolinopsis_microptera/Ctenophora_TENT5A-B-C-D.txt
TENT5B_Homo_sapiens	XP_063693315.1	25.000	76	18	0.43	33.1	ATP-dependent zinc metalloprotease FtsH-like [Bolinopsis microptera]	Ctenophora_TENT5A-B-C-D.txt	Ctenophora_Bolinopsis_microptera	/rna/liha/phylogenomics_practice/TENT/TENT5/Blast/Results/Ctenophora_Bolinopsis_microptera/Ctenophora_TENT5A-B-C-D.txt
TENT5B_Homo_sapiens	XP_063687102.1	27.711	83	18	2.3	30.8	titin-like isoform X2 [Bolinopsis microptera]	Ctenophora_TENT5A-B-C-D.txt	Ctenophora_Bolinopsis_microptera	/rna/liha/phylogenomics_practice/TENT/TENT5/Blast/Results/Ctenophora_Bolinopsis_microptera/Ctenophora_TENT5A-B-C-D.txt
TENT5B_Homo_sapiens	XP_063687101.1	27.711	83	18	2.3	30.8	titin-like isoform X1 [Bolinopsis microptera]	Ctenophora_TENT5A-B-C-D.txt	Ctenophora_Bolinopsis_microptera	/rna/liha/phylogenomics_practice/TENT/TENT5/Blast/Results/Ctenophora_Bolinopsis_microptera/Ctenophora_TENT5A-B-C-D.txt
TENT5B_Homo_sapiens	XP_063674573.1	28.125	96	22	3.1	30.4	GRIP and coiled-coil domain-containing protein 2-like isoform X3 [Bolinopsis microptera]	Ctenophora_TENT5A-B-C-D.txt	Ctenophora_Bolinopsis_microptera	/rna/liha/phylogenomics_practice/TENT/TENT5/Blast/Results/Ctenophora_Bolinopsis_microptera/Ctenophora_TENT5A-B-C-D.txt
TENT5B_Homo_sapiens	XP_063674581.1	28.125	96	22	3.3	30.4	GRIP and coiled-coil domain-containing protein 2-like isoform X10 [Bolinopsis microptera]	Ctenophora_TENT5A-B-C-D.txt	Ctenophora_Bolinopsis_microptera	/rna/liha/phylogenomics_practice/TENT/TENT5/Blast/Results/Ctenophora_Bolinopsis_microptera/Ctenophora_TENT5A-B-C-D.txt
TENT5B_Homo_sapiens	XP_063674576.1	28.125	96	22	3.3	30.4	GRIP and coiled-coil domain-containing protein 2-like isoform X6 [Bolinopsis microptera]	Ctenophora_TENT5A-B-C-D.txt	Ctenophora_Bolinopsis_microptera	/rna/liha/phylogenomics_practice/TENT/TENT5/Blast/Results/Ctenophora_Bolinopsis_microptera/Ctenophora_TENT5A-B-C-D.txt
TENT5B_Homo_sapiens	XP_063674583.1	28.125	96	22	3.3	30.4	GRIP and coiled-coil domain-containing protein 2-like isoform X12 [Bolinopsis microptera]	Ctenophora_TENT5A-B-C-D.txt	Ctenophora_Bolinopsis_microptera	/rna/liha/phylogenomics_practice/TENT/TENT5/Blast/Results/Ctenophora_Bolinopsis_microptera/Ctenophora_TENT5A-B-C-D.txt
TENT5B_Homo_sapiens	XP_063674579.1	28.125	96	22	3.3	30.4	GRIP and coiled-coil domain-containing protein 2-like isoform X8 [Bolinopsis microptera]	Ctenophora_TENT5A-B-C-D.txt	Ctenophora_Bolinopsis_microptera	/rna/liha/phylogenomics_practice/TENT/TENT5/Blast/Results/Ctenophora_Bolinopsis_microptera/Ctenophora_TENT5A-B-C-D.txt
TENT5B_Homo_sapiens	XP_063674572.1	28.125	96	22	3.3	30.4	GRIP and coiled-coil domain-containing protein 2-like isoform X2 [Bolinopsis microptera]	Ctenophora_TENT5A-B-C-D.txt	Ctenophora_Bolinopsis_microptera	/rna/liha/phylogenomics_practice/TENT/TENT5/Blast/Results/Ctenophora_Bolinopsis_microptera/Ctenophora_TENT5A-B-C-D.txt
TENT5C_Homo_sapiens	XP_063676437.1	51.754	342	85	5.57e-114	338	terminal nucleotidyltransferase 5C-like [Bolinopsis microptera]	Ctenophora_TENT5A-B-C-D.txt	Ctenophora_Bolinopsis_microptera	/rna/liha/phylogenomics_practice/TENT/TENT5/Blast/Results/Ctenophora_Bolinopsis_microptera/Ctenophora_TENT5A-B-C-D.txt
TENT5C_Homo_sapiens	XP_063676130.1	37.931	29	7	5.9	29.3	short transient receptor potential channel 4-like [Bolinopsis microptera]	Ctenophora_TENT5A-B-C-D.txt	Ctenophora_Bolinopsis_microptera	/rna/liha/phylogenomics_practice/TENT/TENT5/Blast/Results/Ctenophora_Bolinopsis_microptera/Ctenophora_TENT5A-B-C-D.txt
TENT5C_Homo_sapiens	XP_063679253.1	29.870	77	19	7.0	28.9	protein ref(2)P-like [Bolinopsis microptera]	Ctenophora_TENT5A-B-C-D.txt	Ctenophora_Bolinopsis_microptera	/rna/liha/phylogenomics_practice/TENT/TENT5/Blast/Results/Ctenophora_Bolinopsis_microptera/Ctenophora_TENT5A-B-C-D.txt
TENT5C_Homo_sapiens	XP_063676290.1	31.461	89	21	7.7	28.9	phosphatidylinositol 4-kinase alpha-like isoform X14 [Bolinopsis microptera]	Ctenophora_TENT5A-B-C-D.txt	Ctenophora_Bolinopsis_microptera	/rna/liha/phylogenomics_practice/TENT/TENT5/Blast/Results/Ctenophora_Bolinopsis_microptera/Ctenophora_TENT5A-B-C-D.txt
TENT5C_Homo_sapiens	XP_063676289.1	31.461	89	21	7.7	28.9	phosphatidylinositol 4-kinase alpha-like isoform X13 [Bolinopsis microptera]	Ctenophora_TENT5A-B-C-D.txt	Ctenophora_Bolinopsis_microptera	/rna/liha/phylogenomics_practice/TENT/TENT5/Blast/Results/Ctenophora_Bolinopsis_microptera/Ctenophora_TENT5A-B-C-D.txt
TENT5C_Homo_sapiens	XP_063676286.1	31.461	89	21	7.8	28.9	phosphatidylinositol 4-kinase alpha-like isoform X10 [Bolinopsis microptera]	Ctenophora_TENT5A-B-C-D.txt	Ctenophora_Bolinopsis_microptera	/rna/liha/phylogenomics_practice/TENT/TENT5/Blast/Results/Ctenophora_Bolinopsis_microptera/Ctenophora_TENT5A-B-C-D.txt
TENT5C_Homo_sapiens	XP_063676285.1	31.461	89	21	7.9	28.9	phosphatidylinositol 4-kinase alpha-like isoform X9 [Bolinopsis microptera]	Ctenophora_TENT5A-B-C-D.txt	Ctenophora_Bolinopsis_microptera	/rna/liha/phylogenomics_practice/TENT/TENT5/Blast/Results/Ctenophora_Bolinopsis_microptera/Ctenophora_TENT5A-B-C-D.txt
TENT5C_Homo_sapiens	XP_063676293.1	31.461	89	21	8.1	28.9	phosphatidylinositol 4-kinase alpha-like isoform X17 [Bolinopsis microptera]	Ctenophora_TENT5A-B-C-D.txt	Ctenophora_Bolinopsis_microptera	/rna/liha/phylogenomics_practice/TENT/TENT5/Blast/Results/Ctenophora_Bolinopsis_microptera/Ctenophora_TENT5A-B-C-D.txt
TENT5C_Homo_sapiens	XP_063676905.1	31.250	64	14	8.1	28.9	midasin-like [Bolinopsis microptera]	Ctenophora_TENT5A-B-C-D.txt	Ctenophora_Bolinopsis_microptera	/rna/liha/phylogenomics_practice/TENT/TENT5/Blast/Results/Ctenophora_Bolinopsis_microptera/Ctenophora_TENT5A-B-C-D.txt
TENT5C_Homo_sapiens	XP_063676291.1	31.461	89	21	8.2	28.9	phosphatidylinositol 4-kinase alpha-like isoform X15 [Bolinopsis microptera]	Ctenophora_TENT5A-B-C-D.txt	Ctenophora_Bolinopsis_microptera	/rna/liha/phylogenomics_practice/TENT/TENT5/Blast/Results/Ctenophora_Bolinopsis_microptera/Ctenophora_TENT5A-B-C-D.txt
TENT5D_Homo_sapiens	XP_063676437.1	50.746	335	85	4.97e-113	336	terminal nucleotidyltransferase 5C-like [Bolinopsis microptera]	Ctenophora_TENT5A-B-C-D.txt	Ctenophora_Bolinopsis_microptera	/rna/liha/phylogenomics_practice/TENT/TENT5/Blast/Results/Ctenophora_Bolinopsis_microptera/Ctenophora_TENT5A-B-C-D.txt
TENT5D_Homo_sapiens	XP_063681458.1	36.364	66	15	1.2	31.6	klaroid protein-like isoform X2 [Bolinopsis microptera]	Ctenophora_TENT5A-B-C-D.txt	Ctenophora_Bolinopsis_microptera	/rna/liha/phylogenomics_practice/TENT/TENT5/Blast/Results/Ctenophora_Bolinopsis_microptera/Ctenophora_TENT5A-B-C-D.txt
TENT5D_Homo_sapiens	XP_063692156.1	28.235	85	19	1.3	31.6	myoferlin-like isoform X5 [Bolinopsis microptera]	Ctenophora_TENT5A-B-C-D.txt	Ctenophora_Bolinopsis_microptera	/rna/liha/phylogenomics_practice/TENT/TENT5/Blast/Results/Ctenophora_Bolinopsis_microptera/Ctenophora_TENT5A-B-C-D.txt
TENT5D_Homo_sapiens	XP_063692128.1	28.235	85	19	1.3	31.2	myoferlin-like isoform X2 [Bolinopsis microptera]	Ctenophora_TENT5A-B-C-D.txt	Ctenophora_Bolinopsis_microptera	/rna/liha/phylogenomics_practice/TENT/TENT5/Blast/Results/Ctenophora_Bolinopsis_microptera/Ctenophora_TENT5A-B-C-D.txt
TENT5D_Homo_sapiens	XP_063692147.1	28.235	85	19	1.4	31.2	myoferlin-like isoform X4 [Bolinopsis microptera]	Ctenophora_TENT5A-B-C-D.txt	Ctenophora_Bolinopsis_microptera	/rna/liha/phylogenomics_practice/TENT/TENT5/Blast/Results/Ctenophora_Bolinopsis_microptera/Ctenophora_TENT5A-B-C-D.txt
TENT5D_Homo_sapiens	XP_063692118.1	28.235	85	19	1.4	31.2	myoferlin-like isoform X1 [Bolinopsis microptera]	Ctenophora_TENT5A-B-C-D.txt	Ctenophora_Bolinopsis_microptera	/rna/liha/phylogenomics_practice/TENT/TENT5/Blast/Results/Ctenophora_Bolinopsis_microptera/Ctenophora_TENT5A-B-C-D.txt
TENT5D_Homo_sapiens	XP_063692138.1	28.235	85	19	1.4	31.2	myoferlin-like isoform X3 [Bolinopsis microptera]	Ctenophora_TENT5A-B-C-D.txt	Ctenophora_Bolinopsis_microptera	/rna/liha/phylogenomics_practice/TENT/TENT5/Blast/Results/Ctenophora_Bolinopsis_microptera/Ctenophora_TENT5A-B-C-D.txt
TENT5D_Homo_sapiens	XP_063692173.1	28.235	85	19	1.4	31.2	myoferlin-like isoform X7 [Bolinopsis microptera]	Ctenophora_TENT5A-B-C-D.txt	Ctenophora_Bolinopsis_microptera	/rna/liha/phylogenomics_practice/TENT/TENT5/Blast/Results/Ctenophora_Bolinopsis_microptera/Ctenophora_TENT5A-B-C-D.txt
TENT5D_Homo_sapiens	XP_063692164.1	28.235	85	19	1.4	31.2	myoferlin-like isoform X6 [Bolinopsis microptera]	Ctenophora_TENT5A-B-C-D.txt	Ctenophora_Bolinopsis_microptera	/rna/liha/phylogenomics_practice/TENT/TENT5/Blast/Results/Ctenophora_Bolinopsis_microptera/Ctenophora_TENT5A-B-C-D.txt
TENT5D_Homo_sapiens	XP_063692241.1	28.235	85	19	1.4	31.2	myoferlin-like isoform X15 [Bolinopsis microptera]	Ctenophora_TENT5A-B-C-D.txt	Ctenophora_Bolinopsis_microptera	/rna/liha/phylogenomics_practice/TENT/TENT5/Blast/Results/Ctenophora_Bolinopsis_microptera/Ctenophora_TENT5A-B-C-D.txt
TENT5A_Homo_sapiens	XP_002112434.1	54.242	330	74	1.04e-120	353	uncharacterized protein TRIADDRAFT_14293, partial [Trichoplax adhaerens]	Placozoa_TENT5A-B-C-D.txt	Placozoa_Trichoplax_adhaerens	/rna/liha/phylogenomics_practice/TENT/TENT5/Blast/Results/Placozoa_Trichoplax_adhaerens/Placozoa_TENT5A-B-C-D.txt
TENT5A_Homo_sapiens	XP_002111339.1	44.286	350	73	1.21e-97	295	uncharacterized protein TRIADDRAFT_3407, partial [Trichoplax adhaerens]	Placozoa_TENT5A-B-C-D.txt	Placozoa_Trichoplax_adhaerens	/rna/liha/phylogenomics_practice/TENT/TENT5/Blast/Results/Placozoa_Trichoplax_adhaerens/Placozoa_TENT5A-B-C-D.txt
TENT5A_Homo_sapiens	XP_002113106.1	27.778	72	15	0.042	35.0	uncharacterized protein TRIADDRAFT_56933 [Trichoplax adhaerens]	Placozoa_TENT5A-B-C-D.txt	Placozoa_Trichoplax_adhaerens	/rna/liha/phylogenomics_practice/TENT/TENT5/Blast/Results/Placozoa_Trichoplax_adhaerens/Placozoa_TENT5A-B-C-D.txt
TENT5A_Homo_sapiens	XP_002109189.1	19.863	146	29	3.3	28.5	uncharacterized protein TRIADDRAFT_52968 [Trichoplax adhaerens]	Placozoa_TENT5A-B-C-D.txt	Placozoa_Trichoplax_adhaerens	/rna/liha/phylogenomics_practice/TENT/TENT5/Blast/Results/Placozoa_Trichoplax_adhaerens/Placozoa_TENT5A-B-C-D.txt
TENT5A_Homo_sapiens	XP_002115805.1	24.719	89	18	3.3	28.9	uncharacterized protein TRIADDRAFT_30117, partial [Trichoplax adhaerens]	Placozoa_TENT5A-B-C-D.txt	Placozoa_Trichoplax_adhaerens	/rna/liha/phylogenomics_practice/TENT/TENT5/Blast/Results/Placozoa_Trichoplax_adhaerens/Placozoa_TENT5A-B-C-D.txt
TENT5A_Homo_sapiens	XP_002110599.1	26.437	87	18	4.8	28.1	uncharacterized protein TRIADDRAFT_54771 [Trichoplax adhaerens]	Placozoa_TENT5A-B-C-D.txt	Placozoa_Trichoplax_adhaerens	/rna/liha/phylogenomics_practice/TENT/TENT5/Blast/Results/Placozoa_Trichoplax_adhaerens/Placozoa_TENT5A-B-C-D.txt
TENT5A_Homo_sapiens	XP_002109017.1	28.000	50	11	6.3	28.1	uncharacterized protein TRIADDRAFT_19977, partial [Trichoplax adhaerens]	Placozoa_TENT5A-B-C-D.txt	Placozoa_Trichoplax_adhaerens	/rna/liha/phylogenomics_practice/TENT/TENT5/Blast/Results/Placozoa_Trichoplax_adhaerens/Placozoa_TENT5A-B-C-D.txt
TENT5A_Homo_sapiens	XP_002112051.1	28.235	85	16	6.7	27.7	uncharacterized protein TRIADDRAFT_55696 [Trichoplax adhaerens]	Placozoa_TENT5A-B-C-D.txt	Placozoa_Trichoplax_adhaerens	/rna/liha/phylogenomics_practice/TENT/TENT5/Blast/Results/Placozoa_Trichoplax_adhaerens/Placozoa_TENT5A-B-C-D.txt
TENT5B_Homo_sapiens	XP_002112434.1	51.713	321	76	5.66e-112	330	uncharacterized protein TRIADDRAFT_14293, partial [Trichoplax adhaerens]	Placozoa_TENT5A-B-C-D.txt	Placozoa_Trichoplax_adhaerens	/rna/liha/phylogenomics_practice/TENT/TENT5/Blast/Results/Placozoa_Trichoplax_adhaerens/Placozoa_TENT5A-B-C-D.txt
TENT5B_Homo_sapiens	XP_002111339.1	44.602	352	77	3.54e-99	298	uncharacterized protein TRIADDRAFT_3407, partial [Trichoplax adhaerens]	Placozoa_TENT5A-B-C-D.txt	Placozoa_Trichoplax_adhaerens	/rna/liha/phylogenomics_practice/TENT/TENT5/Blast/Results/Placozoa_Trichoplax_adhaerens/Placozoa_TENT5A-B-C-D.txt
TENT5B_Homo_sapiens	XP_002108199.1	34.211	38	9	0.16	30.0	uncharacterized protein TRIADDRAFT_18503 [Trichoplax adhaerens]	Placozoa_TENT5A-B-C-D.txt	Placozoa_Trichoplax_adhaerens	/rna/liha/phylogenomics_practice/TENT/TENT5/Blast/Results/Placozoa_Trichoplax_adhaerens/Placozoa_TENT5A-B-C-D.txt
TENT5B_Homo_sapiens	XP_002117292.1	23.611	72	16	2.1	29.3	uncharacterized protein TRIADDRAFT_61316 [Trichoplax adhaerens]	Placozoa_TENT5A-B-C-D.txt	Placozoa_Trichoplax_adhaerens	/rna/liha/phylogenomics_practice/TENT/TENT5/Blast/Results/Placozoa_Trichoplax_adhaerens/Placozoa_TENT5A-B-C-D.txt
TENT5B_Homo_sapiens	XP_002114007.1	28.125	96	23	4.5	28.1	uncharacterized protein TRIADDRAFT_27497 [Trichoplax adhaerens]	Placozoa_TENT5A-B-C-D.txt	Placozoa_Trichoplax_adhaerens	/rna/liha/phylogenomics_practice/TENT/TENT5/Blast/Results/Placozoa_Trichoplax_adhaerens/Placozoa_TENT5A-B-C-D.txt
TENT5B_Homo_sapiens	XP_002112231.1	33.333	54	13	5.5	27.7	uncharacterized protein TRIADDRAFT_63921 [Trichoplax adhaerens]	Placozoa_TENT5A-B-C-D.txt	Placozoa_Trichoplax_adhaerens	/rna/liha/phylogenomics_practice/TENT/TENT5/Blast/Results/Placozoa_Trichoplax_adhaerens/Placozoa_TENT5A-B-C-D.txt
TENT5B_Homo_sapiens	XP_002110236.1	34.848	66	16	9.8	27.3	uncharacterized protein TRIADDRAFT_54030 [Trichoplax adhaerens]	Placozoa_TENT5A-B-C-D.txt	Placozoa_Trichoplax_adhaerens	/rna/liha/phylogenomics_practice/TENT/TENT5/Blast/Results/Placozoa_Trichoplax_adhaerens/Placozoa_TENT5A-B-C-D.txt
TENT5C_Homo_sapiens	XP_002112434.1	52.648	321	82	6.22e-113	332	uncharacterized protein TRIADDRAFT_14293, partial [Trichoplax adhaerens]	Placozoa_TENT5A-B-C-D.txt	Placozoa_Trichoplax_adhaerens	/rna/liha/phylogenomics_practice/TENT/TENT5/Blast/Results/Placozoa_Trichoplax_adhaerens/Placozoa_TENT5A-B-C-D.txt
TENT5C_Homo_sapiens	XP_002111339.1	44.699	349	83	1.64e-99	298	uncharacterized protein TRIADDRAFT_3407, partial [Trichoplax adhaerens]	Placozoa_TENT5A-B-C-D.txt	Placozoa_Trichoplax_adhaerens	/rna/liha/phylogenomics_practice/TENT/TENT5/Blast/Results/Placozoa_Trichoplax_adhaerens/Placozoa_TENT5A-B-C-D.txt
TENT5C_Homo_sapiens	XP_002111320.1	26.126	111	26	2.5	28.9	uncharacterized protein TRIADDRAFT_24488, partial [Trichoplax adhaerens]	Placozoa_TENT5A-B-C-D.txt	Placozoa_Trichoplax_adhaerens	/rna/liha/phylogenomics_practice/TENT/TENT5/Blast/Results/Placozoa_Trichoplax_adhaerens/Placozoa_TENT5A-B-C-D.txt
TENT5C_Homo_sapiens	XP_002108021.1	24.324	111	24	2.6	28.9	uncharacterized protein TRIADDRAFT_52074 [Trichoplax adhaerens]	Placozoa_TENT5A-B-C-D.txt	Placozoa_Trichoplax_adhaerens	/rna/liha/phylogenomics_practice/TENT/TENT5/Blast/Results/Placozoa_Trichoplax_adhaerens/Placozoa_TENT5A-B-C-D.txt
TENT5C_Homo_sapiens	XP_002113948.1	34.146	41	10	6.2	27.7	uncharacterized protein TRIADDRAFT_57893 [Trichoplax adhaerens]	Placozoa_TENT5A-B-C-D.txt	Placozoa_Trichoplax_adhaerens	/rna/liha/phylogenomics_practice/TENT/TENT5/Blast/Results/Placozoa_Trichoplax_adhaerens/Placozoa_TENT5A-B-C-D.txt
TENT5C_Homo_sapiens	XP_002108199.1	28.947	38	10	8.6	25.0	uncharacterized protein TRIADDRAFT_18503 [Trichoplax adhaerens]	Placozoa_TENT5A-B-C-D.txt	Placozoa_Trichoplax_adhaerens	/rna/liha/phylogenomics_practice/TENT/TENT5/Blast/Results/Placozoa_Trichoplax_adhaerens/Placozoa_TENT5A-B-C-D.txt
TENT5D_Homo_sapiens	XP_002112434.1	52.997	317	81	1.67e-119	348	uncharacterized protein TRIADDRAFT_14293, partial [Trichoplax adhaerens]	Placozoa_TENT5A-B-C-D.txt	Placozoa_Trichoplax_adhaerens	/rna/liha/phylogenomics_practice/TENT/TENT5/Blast/Results/Placozoa_Trichoplax_adhaerens/Placozoa_TENT5A-B-C-D.txt
TENT5D_Homo_sapiens	XP_002111339.1	42.775	346	82	4.49e-96	289	uncharacterized protein TRIADDRAFT_3407, partial [Trichoplax adhaerens]	Placozoa_TENT5A-B-C-D.txt	Placozoa_Trichoplax_adhaerens	/rna/liha/phylogenomics_practice/TENT/TENT5/Blast/Results/Placozoa_Trichoplax_adhaerens/Placozoa_TENT5A-B-C-D.txt
TENT5D_Homo_sapiens	XP_002117682.1	20.741	135	33	0.048	34.3	uncharacterized protein TRIADDRAFT_61728 [Trichoplax adhaerens]	Placozoa_TENT5A-B-C-D.txt	Placozoa_Trichoplax_adhaerens	/rna/liha/phylogenomics_practice/TENT/TENT5/Blast/Results/Placozoa_Trichoplax_adhaerens/Placozoa_TENT5A-B-C-D.txt
TENT5D_Homo_sapiens	XP_002113028.1	25.926	54	14	0.83	30.4	uncharacterized protein TRIADDRAFT_56755 [Trichoplax adhaerens]	Placozoa_TENT5A-B-C-D.txt	Placozoa_Trichoplax_adhaerens	/rna/liha/phylogenomics_practice/TENT/TENT5/Blast/Results/Placozoa_Trichoplax_adhaerens/Placozoa_TENT5A-B-C-D.txt
TENT5D_Homo_sapiens	XP_002113523.1	25.301	83	20	1.1	30.0	uncharacterized protein TRIADDRAFT_57775 [Trichoplax adhaerens]	Placozoa_TENT5A-B-C-D.txt	Placozoa_Trichoplax_adhaerens	/rna/liha/phylogenomics_practice/TENT/TENT5/Blast/Results/Placozoa_Trichoplax_adhaerens/Placozoa_TENT5A-B-C-D.txt
TENT5D_Homo_sapiens	XP_002111733.1	23.333	60	15	1.9	29.3	uncharacterized protein TRIADDRAFT_56075 [Trichoplax adhaerens]	Placozoa_TENT5A-B-C-D.txt	Placozoa_Trichoplax_adhaerens	/rna/liha/phylogenomics_practice/TENT/TENT5/Blast/Results/Placozoa_Trichoplax_adhaerens/Placozoa_TENT5A-B-C-D.txt
TENT5D_Homo_sapiens	XP_002115805.1	24.719	89	21	2.9	28.9	uncharacterized protein TRIADDRAFT_30117, partial [Trichoplax adhaerens]	Placozoa_TENT5A-B-C-D.txt	Placozoa_Trichoplax_adhaerens	/rna/liha/phylogenomics_practice/TENT/TENT5/Blast/Results/Placozoa_Trichoplax_adhaerens/Placozoa_TENT5A-B-C-D.txt
TENT5D_Homo_sapiens	XP_002107644.1	25.444	169	42	3.0	28.9	uncharacterized protein TRIADDRAFT_51354 [Trichoplax adhaerens]	Placozoa_TENT5A-B-C-D.txt	Placozoa_Trichoplax_adhaerens	/rna/liha/phylogenomics_practice/TENT/TENT5/Blast/Results/Placozoa_Trichoplax_adhaerens/Placozoa_TENT5A-B-C-D.txt
TENT5D_Homo_sapiens	XP_002113089.1	23.750	80	21	7.7	27.3	uncharacterized protein TRIADDRAFT_25548 [Trichoplax adhaerens]	Placozoa_TENT5A-B-C-D.txt	Placozoa_Trichoplax_adhaerens	/rna/liha/phylogenomics_practice/TENT/TENT5/Blast/Results/Placozoa_Trichoplax_adhaerens/Placozoa_TENT5A-B-C-D.txt
TENT5D_Homo_sapiens	XP_002118155.1	33.735	83	20	9.6	26.9	uncharacterized protein TRIADDRAFT_33686 [Trichoplax adhaerens]	Placozoa_TENT5A-B-C-D.txt	Placozoa_Trichoplax_adhaerens	/rna/liha/phylogenomics_practice/TENT/TENT5/Blast/Results/Placozoa_Trichoplax_adhaerens/Placozoa_TENT5A-B-C-D.txt
TENT5A_Homo_sapiens	XP_065648842.1	51.226	367	81	1.12e-129	381	terminal nucleotidyltransferase 5C [Hydra vulgaris]	Cnidaria_TENT5A-B-C-D.txt	Cnidaria_Hydra_vulgaris	/rna/liha/phylogenomics_practice/TENT/TENT5/Blast/Results/Cnidaria_Hydra_vulgaris/Cnidaria_TENT5A-B-C-D.txt
TENT5A_Homo_sapiens	XP_004210423.1	51.226	367	81	2.73e-129	380	terminal nucleotidyltransferase 5C [Hydra vulgaris]	Cnidaria_TENT5A-B-C-D.txt	Cnidaria_Hydra_vulgaris	/rna/liha/phylogenomics_practice/TENT/TENT5/Blast/Results/Cnidaria_Hydra_vulgaris/Cnidaria_TENT5A-B-C-D.txt
TENT5B_Homo_sapiens	XP_004210423.1	48.127	347	80	2.26e-116	346	terminal nucleotidyltransferase 5C [Hydra vulgaris]	Cnidaria_TENT5A-B-C-D.txt	Cnidaria_Hydra_vulgaris	/rna/liha/phylogenomics_practice/TENT/TENT5/Blast/Results/Cnidaria_Hydra_vulgaris/Cnidaria_TENT5A-B-C-D.txt
TENT5B_Homo_sapiens	XP_065648842.1	48.127	347	80	2.75e-116	346	terminal nucleotidyltransferase 5C [Hydra vulgaris]	Cnidaria_TENT5A-B-C-D.txt	Cnidaria_Hydra_vulgaris	/rna/liha/phylogenomics_practice/TENT/TENT5/Blast/Results/Cnidaria_Hydra_vulgaris/Cnidaria_TENT5A-B-C-D.txt
TENT5B_Homo_sapiens	XP_065654001.1	29.762	84	18	0.81	33.5	DNA-binding protein RFX6 isoform X3 [Hydra vulgaris]	Cnidaria_TENT5A-B-C-D.txt	Cnidaria_Hydra_vulgaris	/rna/liha/phylogenomics_practice/TENT/TENT5/Blast/Results/Cnidaria_Hydra_vulgaris/Cnidaria_TENT5A-B-C-D.txt
TENT5B_Homo_sapiens	XP_065654002.1	29.762	84	18	0.84	33.5	DNA-binding protein RFX6 isoform X4 [Hydra vulgaris]	Cnidaria_TENT5A-B-C-D.txt	Cnidaria_Hydra_vulgaris	/rna/liha/phylogenomics_practice/TENT/TENT5/Blast/Results/Cnidaria_Hydra_vulgaris/Cnidaria_TENT5A-B-C-D.txt
TENT5B_Homo_sapiens	XP_065678846.1	28.571	84	18	0.98	33.1	DNA-binding protein RFX6 isoform X2 [Hydra vulgaris]	Cnidaria_TENT5A-B-C-D.txt	Cnidaria_Hydra_vulgaris	/rna/liha/phylogenomics_practice/TENT/TENT5/Blast/Results/Cnidaria_Hydra_vulgaris/Cnidaria_TENT5A-B-C-D.txt
TENT5B_Homo_sapiens	XP_047124396.1	28.571	84	18	1.00	33.1	DNA-binding protein RFX6 isoform X1 [Hydra vulgaris]	Cnidaria_TENT5A-B-C-D.txt	Cnidaria_Hydra_vulgaris	/rna/liha/phylogenomics_practice/TENT/TENT5/Blast/Results/Cnidaria_Hydra_vulgaris/Cnidaria_TENT5A-B-C-D.txt
TENT5B_Homo_sapiens	XP_047138795.1	24.468	94	21	3.2	31.6	5-oxoprolinase [Hydra vulgaris]	Cnidaria_TENT5A-B-C-D.txt	Cnidaria_Hydra_vulgaris	/rna/liha/phylogenomics_practice/TENT/TENT5/Blast/Results/Cnidaria_Hydra_vulgaris/Cnidaria_TENT5A-B-C-D.txt
TENT5B_Homo_sapiens	XP_065676520.1	36.111	36	8	5.8	30.8	5-oxoprolinase-like isoform X4 [Hydra vulgaris]	Cnidaria_TENT5A-B-C-D.txt	Cnidaria_Hydra_vulgaris	/rna/liha/phylogenomics_practice/TENT/TENT5/Blast/Results/Cnidaria_Hydra_vulgaris/Cnidaria_TENT5A-B-C-D.txt
TENT5B_Homo_sapiens	XP_065676519.1	36.111	36	8	5.8	30.8	5-oxoprolinase-like isoform X3 [Hydra vulgaris]	Cnidaria_TENT5A-B-C-D.txt	Cnidaria_Hydra_vulgaris	/rna/liha/phylogenomics_practice/TENT/TENT5/Blast/Results/Cnidaria_Hydra_vulgaris/Cnidaria_TENT5A-B-C-D.txt
TENT5B_Homo_sapiens	XP_065676518.1	36.111	36	8	5.9	30.8	5-oxoprolinase-like isoform X2 [Hydra vulgaris]	Cnidaria_TENT5A-B-C-D.txt	Cnidaria_Hydra_vulgaris	/rna/liha/phylogenomics_practice/TENT/TENT5/Blast/Results/Cnidaria_Hydra_vulgaris/Cnidaria_TENT5A-B-C-D.txt
TENT5C_Homo_sapiens	XP_004210423.1	49.604	379	96	1.62e-124	366	terminal nucleotidyltransferase 5C [Hydra vulgaris]	Cnidaria_TENT5A-B-C-D.txt	Cnidaria_Hydra_vulgaris	/rna/liha/phylogenomics_practice/TENT/TENT5/Blast/Results/Cnidaria_Hydra_vulgaris/Cnidaria_TENT5A-B-C-D.txt
TENT5C_Homo_sapiens	XP_065648842.1	49.738	382	96	2.99e-123	362	terminal nucleotidyltransferase 5C [Hydra vulgaris]	Cnidaria_TENT5A-B-C-D.txt	Cnidaria_Hydra_vulgaris	/rna/liha/phylogenomics_practice/TENT/TENT5/Blast/Results/Cnidaria_Hydra_vulgaris/Cnidaria_TENT5A-B-C-D.txt
TENT5C_Homo_sapiens	XP_065661920.1	26.667	105	24	3.2	31.6	uncharacterized protein LOC101234390 isoform X1 [Hydra vulgaris]	Cnidaria_TENT5A-B-C-D.txt	Cnidaria_Hydra_vulgaris	/rna/liha/phylogenomics_practice/TENT/TENT5/Blast/Results/Cnidaria_Hydra_vulgaris/Cnidaria_TENT5A-B-C-D.txt
TENT5C_Homo_sapiens	XP_065661918.1	26.667	105	24	3.2	31.6	uncharacterized protein LOC101234390 isoform X6 [Hydra vulgaris]	Cnidaria_TENT5A-B-C-D.txt	Cnidaria_Hydra_vulgaris	/rna/liha/phylogenomics_practice/TENT/TENT5/Blast/Results/Cnidaria_Hydra_vulgaris/Cnidaria_TENT5A-B-C-D.txt
TENT5C_Homo_sapiens	XP_047122637.1	27.451	51	13	4.2	31.2	uncharacterized protein LOC100214450 isoform X1 [Hydra vulgaris]	Cnidaria_TENT5A-B-C-D.txt	Cnidaria_Hydra_vulgaris	/rna/liha/phylogenomics_practice/TENT/TENT5/Blast/Results/Cnidaria_Hydra_vulgaris/Cnidaria_TENT5A-B-C-D.txt
TENT5C_Homo_sapiens	XP_047122639.1	27.451	51	13	4.3	31.2	uncharacterized protein LOC100214450 isoform X2 [Hydra vulgaris]	Cnidaria_TENT5A-B-C-D.txt	Cnidaria_Hydra_vulgaris	/rna/liha/phylogenomics_practice/TENT/TENT5/Blast/Results/Cnidaria_Hydra_vulgaris/Cnidaria_TENT5A-B-C-D.txt
TENT5C_Homo_sapiens	XP_047122642.1	27.451	51	13	5.6	30.8	uncharacterized protein LOC100214450 isoform X3 [Hydra vulgaris]	Cnidaria_TENT5A-B-C-D.txt	Cnidaria_Hydra_vulgaris	/rna/liha/phylogenomics_practice/TENT/TENT5/Blast/Results/Cnidaria_Hydra_vulgaris/Cnidaria_TENT5A-B-C-D.txt
TENT5C_Homo_sapiens	XP_012558991.2	32.323	99	24	5.6	30.4	zinc finger MYM-type protein 5-like [Hydra vulgaris]	Cnidaria_TENT5A-B-C-D.txt	Cnidaria_Hydra_vulgaris	/rna/liha/phylogenomics_practice/TENT/TENT5/Blast/Results/Cnidaria_Hydra_vulgaris/Cnidaria_TENT5A-B-C-D.txt
TENT5C_Homo_sapiens	XP_065674261.1	27.451	51	13	8.3	30.0	uncharacterized protein LOC100214450 isoform X4 [Hydra vulgaris]	Cnidaria_TENT5A-B-C-D.txt	Cnidaria_Hydra_vulgaris	/rna/liha/phylogenomics_practice/TENT/TENT5/Blast/Results/Cnidaria_Hydra_vulgaris/Cnidaria_TENT5A-B-C-D.txt
TENT5D_Homo_sapiens	XP_065648842.1	49.731	372	92	2.35e-124	365	terminal nucleotidyltransferase 5C [Hydra vulgaris]	Cnidaria_TENT5A-B-C-D.txt	Cnidaria_Hydra_vulgaris	/rna/liha/phylogenomics_practice/TENT/TENT5/Blast/Results/Cnidaria_Hydra_vulgaris/Cnidaria_TENT5A-B-C-D.txt
TENT5D_Homo_sapiens	XP_004210423.1	49.731	372	92	1.36e-123	363	terminal nucleotidyltransferase 5C [Hydra vulgaris]	Cnidaria_TENT5A-B-C-D.txt	Cnidaria_Hydra_vulgaris	/rna/liha/phylogenomics_practice/TENT/TENT5/Blast/Results/Cnidaria_Hydra_vulgaris/Cnidaria_TENT5A-B-C-D.txt
TENT5D_Homo_sapiens	XP_002156851.3	19.149	235	56	0.92	32.7	probable NADH dehydrogenase isoform X1 [Hydra vulgaris]	Cnidaria_TENT5A-B-C-D.txt	Cnidaria_Hydra_vulgaris	/rna/liha/phylogenomics_practice/TENT/TENT5/Blast/Results/Cnidaria_Hydra_vulgaris/Cnidaria_TENT5A-B-C-D.txt
TENT5D_Homo_sapiens	XP_002157093.2	27.049	122	31	1.1	32.7	uncharacterized protein LOC100200850 isoform X1 [Hydra vulgaris]	Cnidaria_TENT5A-B-C-D.txt	Cnidaria_Hydra_vulgaris	/rna/liha/phylogenomics_practice/TENT/TENT5/Blast/Results/Cnidaria_Hydra_vulgaris/Cnidaria_TENT5A-B-C-D.txt
TENT5D_Homo_sapiens	XP_065647893.1	27.049	122	31	1.3	32.7	uncharacterized protein LOC100200850 isoform X2 [Hydra vulgaris]	Cnidaria_TENT5A-B-C-D.txt	Cnidaria_Hydra_vulgaris	/rna/liha/phylogenomics_practice/TENT/TENT5/Blast/Results/Cnidaria_Hydra_vulgaris/Cnidaria_TENT5A-B-C-D.txt
TENT5D_Homo_sapiens	XP_065644767.1	28.205	78	20	6.3	30.4	tubulin--tyrosine ligase-like protein 12 isoform X2 [Hydra vulgaris]	Cnidaria_TENT5A-B-C-D.txt	Cnidaria_Hydra_vulgaris	/rna/liha/phylogenomics_practice/TENT/TENT5/Blast/Results/Cnidaria_Hydra_vulgaris/Cnidaria_TENT5A-B-C-D.txt
TENT5D_Homo_sapiens	XP_047130153.1	26.923	78	20	9.4	29.6	tubulin--tyrosine ligase-like protein 12 isoform X1 [Hydra vulgaris]	Cnidaria_TENT5A-B-C-D.txt	Cnidaria_Hydra_vulgaris	/rna/liha/phylogenomics_practice/TENT/TENT5/Blast/Results/Cnidaria_Hydra_vulgaris/Cnidaria_TENT5A-B-C-D.txt
TENT5A_Homo_sapiens	XP_066914011.1	53.039	362	80	3.97e-119	353	terminal nucleotidyltransferase 5A-like [Clytia hemisphaerica]	Cnidaria_TENT5A-B-C-D.txt	Cnidaria_Clytia_hemisphaerica	/rna/liha/phylogenomics_practice/TENT/TENT5/Blast/Results/Cnidaria_Clytia_hemisphaerica/Cnidaria_TENT5A-B-C-D.txt
TENT5B_Homo_sapiens	XP_066914011.1	49.852	337	78	8.22e-109	326	terminal nucleotidyltransferase 5A-like [Clytia hemisphaerica]	Cnidaria_TENT5A-B-C-D.txt	Cnidaria_Clytia_hemisphaerica	/rna/liha/phylogenomics_practice/TENT/TENT5/Blast/Results/Cnidaria_Clytia_hemisphaerica/Cnidaria_TENT5A-B-C-D.txt
TENT5B_Homo_sapiens	XP_066936977.1	29.870	77	17	0.97	32.0	outer mitochondrial transmembrane helix translocase-like isoform X1 [Clytia hemisphaerica]	Cnidaria_TENT5A-B-C-D.txt	Cnidaria_Clytia_hemisphaerica	/rna/liha/phylogenomics_practice/TENT/TENT5/Blast/Results/Cnidaria_Clytia_hemisphaerica/Cnidaria_TENT5A-B-C-D.txt
TENT5B_Homo_sapiens	XP_066936978.1	29.870	77	17	1.3	31.2	outer mitochondrial transmembrane helix translocase-like isoform X2 [Clytia hemisphaerica]	Cnidaria_TENT5A-B-C-D.txt	Cnidaria_Clytia_hemisphaerica	/rna/liha/phylogenomics_practice/TENT/TENT5/Blast/Results/Cnidaria_Clytia_hemisphaerica/Cnidaria_TENT5A-B-C-D.txt
TENT5B_Homo_sapiens	XP_066920432.1	26.966	89	21	1.5	30.8	signal transducing adapter molecule 2-like [Clytia hemisphaerica]	Cnidaria_TENT5A-B-C-D.txt	Cnidaria_Clytia_hemisphaerica	/rna/liha/phylogenomics_practice/TENT/TENT5/Blast/Results/Cnidaria_Clytia_hemisphaerica/Cnidaria_TENT5A-B-C-D.txt
TENT5B_Homo_sapiens	XP_066931908.1	35.593	59	12	4.3	29.6	D-altritol 5-dehydrogenase-like [Clytia hemisphaerica]	Cnidaria_TENT5A-B-C-D.txt	Cnidaria_Clytia_hemisphaerica	/rna/liha/phylogenomics_practice/TENT/TENT5/Blast/Results/Cnidaria_Clytia_hemisphaerica/Cnidaria_TENT5A-B-C-D.txt
TENT5B_Homo_sapiens	XP_066935298.1	31.667	60	14	5.1	29.6	uncharacterized protein [Clytia hemisphaerica]	Cnidaria_TENT5A-B-C-D.txt	Cnidaria_Clytia_hemisphaerica	/rna/liha/phylogenomics_practice/TENT/TENT5/Blast/Results/Cnidaria_Clytia_hemisphaerica/Cnidaria_TENT5A-B-C-D.txt
TENT5B_Homo_sapiens	XP_066925037.1	28.972	107	24	6.6	29.3	histone H4 transcription factor-like [Clytia hemisphaerica]	Cnidaria_TENT5A-B-C-D.txt	Cnidaria_Clytia_hemisphaerica	/rna/liha/phylogenomics_practice/TENT/TENT5/Blast/Results/Cnidaria_Clytia_hemisphaerica/Cnidaria_TENT5A-B-C-D.txt
TENT5C_Homo_sapiens	XP_066914011.1	50.552	362	91	9.01e-112	332	terminal nucleotidyltransferase 5A-like [Clytia hemisphaerica]	Cnidaria_TENT5A-B-C-D.txt	Cnidaria_Clytia_hemisphaerica	/rna/liha/phylogenomics_practice/TENT/TENT5/Blast/Results/Cnidaria_Clytia_hemisphaerica/Cnidaria_TENT5A-B-C-D.txt
TENT5C_Homo_sapiens	XP_066925634.1	27.586	87	20	2.7	30.0	uncharacterized protein [Clytia hemisphaerica]	Cnidaria_TENT5A-B-C-D.txt	Cnidaria_Clytia_hemisphaerica	/rna/liha/phylogenomics_practice/TENT/TENT5/Blast/Results/Cnidaria_Clytia_hemisphaerica/Cnidaria_TENT5A-B-C-D.txt
TENT5C_Homo_sapiens	XP_066923765.1	60.870	23	6	3.1	30.4	nuclear pore complex protein Nup214-like [Clytia hemisphaerica]	Cnidaria_TENT5A-B-C-D.txt	Cnidaria_Clytia_hemisphaerica	/rna/liha/phylogenomics_practice/TENT/TENT5/Blast/Results/Cnidaria_Clytia_hemisphaerica/Cnidaria_TENT5A-B-C-D.txt
TENT5C_Homo_sapiens	XP_066933520.1	32.258	62	16	6.9	28.9	kelch-like protein 20 [Clytia hemisphaerica]	Cnidaria_TENT5A-B-C-D.txt	Cnidaria_Clytia_hemisphaerica	/rna/liha/phylogenomics_practice/TENT/TENT5/Blast/Results/Cnidaria_Clytia_hemisphaerica/Cnidaria_TENT5A-B-C-D.txt
TENT5C_Homo_sapiens	XP_066924874.1	31.250	64	15	7.6	28.9	uncharacterized protein [Clytia hemisphaerica]	Cnidaria_TENT5A-B-C-D.txt	Cnidaria_Clytia_hemisphaerica	/rna/liha/phylogenomics_practice/TENT/TENT5/Blast/Results/Cnidaria_Clytia_hemisphaerica/Cnidaria_TENT5A-B-C-D.txt
TENT5C_Homo_sapiens	XP_066915165.1	36.364	55	13	8.8	28.5	LIM domain and actin-binding protein 1-like isoform X2 [Clytia hemisphaerica]	Cnidaria_TENT5A-B-C-D.txt	Cnidaria_Clytia_hemisphaerica	/rna/liha/phylogenomics_practice/TENT/TENT5/Blast/Results/Cnidaria_Clytia_hemisphaerica/Cnidaria_TENT5A-B-C-D.txt
TENT5D_Homo_sapiens	XP_066914011.1	47.645	361	91	7.79e-105	315	terminal nucleotidyltransferase 5A-like [Clytia hemisphaerica]	Cnidaria_TENT5A-B-C-D.txt	Cnidaria_Clytia_hemisphaerica	/rna/liha/phylogenomics_practice/TENT/TENT5/Blast/Results/Cnidaria_Clytia_hemisphaerica/Cnidaria_TENT5A-B-C-D.txt
TENT5D_Homo_sapiens	XP_066921138.1	26.241	141	32	0.22	33.9	ATP-dependent helicase wrn-1-like [Clytia hemisphaerica]	Cnidaria_TENT5A-B-C-D.txt	Cnidaria_Clytia_hemisphaerica	/rna/liha/phylogenomics_practice/TENT/TENT5/Blast/Results/Cnidaria_Clytia_hemisphaerica/Cnidaria_TENT5A-B-C-D.txt
TENT5D_Homo_sapiens	XP_066920183.1	26.490	151	35	0.32	33.1	recQ-like DNA helicase blm-1 [Clytia hemisphaerica]	Cnidaria_TENT5A-B-C-D.txt	Cnidaria_Clytia_hemisphaerica	/rna/liha/phylogenomics_practice/TENT/TENT5/Blast/Results/Cnidaria_Clytia_hemisphaerica/Cnidaria_TENT5A-B-C-D.txt
TENT5D_Homo_sapiens	XP_066916820.1	48.276	29	7	2.5	30.8	uncharacterized protein [Clytia hemisphaerica]	Cnidaria_TENT5A-B-C-D.txt	Cnidaria_Clytia_hemisphaerica	/rna/liha/phylogenomics_practice/TENT/TENT5/Blast/Results/Cnidaria_Clytia_hemisphaerica/Cnidaria_TENT5A-B-C-D.txt
TENT5D_Homo_sapiens	XP_066928658.1	26.667	105	23	4.1	30.0	uncharacterized protein, partial [Clytia hemisphaerica]	Cnidaria_TENT5A-B-C-D.txt	Cnidaria_Clytia_hemisphaerica	/rna/liha/phylogenomics_practice/TENT/TENT5/Blast/Results/Cnidaria_Clytia_hemisphaerica/Cnidaria_TENT5A-B-C-D.txt
TENT5D_Homo_sapiens	XP_066934639.1	26.852	108	26	8.4	28.9	inositol polyphosphate-4-phosphatase type I A-like [Clytia hemisphaerica]	Cnidaria_TENT5A-B-C-D.txt	Cnidaria_Clytia_hemisphaerica	/rna/liha/phylogenomics_practice/TENT/TENT5/Blast/Results/Cnidaria_Clytia_hemisphaerica/Cnidaria_TENT5A-B-C-D.txt
TENT5A_Homo_sapiens	YP_009747478.1	39.130	23	3	8.2	17.3	cytochrome c oxidase subunit II [Aurelia coerulea]	Cnidaria_TENT5A-B-C-D.txt	Cnidaria_Aurelia_coerulea	/rna/liha/phylogenomics_practice/TENT/TENT5/Blast/Results/Cnidaria_Aurelia_coerulea/Cnidaria_TENT5A-B-C-D.txt
TENT5A_Homo_sapiens	YP_009747481.1	71.429	7	2	10.0	16.9	cytochrome c oxidase subunit III [Aurelia coerulea]	Cnidaria_TENT5A-B-C-D.txt	Cnidaria_Aurelia_coerulea	/rna/liha/phylogenomics_practice/TENT/TENT5/Blast/Results/Cnidaria_Aurelia_coerulea/Cnidaria_TENT5A-B-C-D.txt
TENT5B_Homo_sapiens	YP_009747483.1	38.889	18	4	1.4	20.0	NADH dehydrogenase subunit 5 [Aurelia coerulea]	Cnidaria_TENT5A-B-C-D.txt	Cnidaria_Aurelia_coerulea	/rna/liha/phylogenomics_practice/TENT/TENT5/Blast/Results/Cnidaria_Aurelia_coerulea/Cnidaria_TENT5A-B-C-D.txt
TENT5B_Homo_sapiens	YP_009747478.1	46.154	26	6	4.6	18.1	cytochrome c oxidase subunit II [Aurelia coerulea]	Cnidaria_TENT5A-B-C-D.txt	Cnidaria_Aurelia_coerulea	/rna/liha/phylogenomics_practice/TENT/TENT5/Blast/Results/Cnidaria_Aurelia_coerulea/Cnidaria_TENT5A-B-C-D.txt
TENT5C_Homo_sapiens	YP_009747483.1	20.438	137	34	6.2	17.7	NADH dehydrogenase subunit 5 [Aurelia coerulea]	Cnidaria_TENT5A-B-C-D.txt	Cnidaria_Aurelia_coerulea	/rna/liha/phylogenomics_practice/TENT/TENT5/Blast/Results/Cnidaria_Aurelia_coerulea/Cnidaria_TENT5A-B-C-D.txt
TENT5C_Homo_sapiens	YP_009747478.1	27.778	54	13	6.9	17.3	cytochrome c oxidase subunit II [Aurelia coerulea]	Cnidaria_TENT5A-B-C-D.txt	Cnidaria_Aurelia_coerulea	/rna/liha/phylogenomics_practice/TENT/TENT5/Blast/Results/Cnidaria_Aurelia_coerulea/Cnidaria_TENT5A-B-C-D.txt
TENT5C_Homo_sapiens	YP_009747481.1	40.000	25	6	7.0	17.3	cytochrome c oxidase subunit III [Aurelia coerulea]	Cnidaria_TENT5A-B-C-D.txt	Cnidaria_Aurelia_coerulea	/rna/liha/phylogenomics_practice/TENT/TENT5/Blast/Results/Cnidaria_Aurelia_coerulea/Cnidaria_TENT5A-B-C-D.txt
TENT5D_Homo_sapiens	YP_009747483.1	28.571	28	7	4.1	18.5	NADH dehydrogenase subunit 5 [Aurelia coerulea]	Cnidaria_TENT5A-B-C-D.txt	Cnidaria_Aurelia_coerulea	/rna/liha/phylogenomics_practice/TENT/TENT5/Blast/Results/Cnidaria_Aurelia_coerulea/Cnidaria_TENT5A-B-C-D.txt
TENT5D_Homo_sapiens	YP_009747486.1	23.256	43	11	5.3	17.3	NADH dehydrogenase subunit 4L [Aurelia coerulea]	Cnidaria_TENT5A-B-C-D.txt	Cnidaria_Aurelia_coerulea	/rna/liha/phylogenomics_practice/TENT/TENT5/Blast/Results/Cnidaria_Aurelia_coerulea/Cnidaria_TENT5A-B-C-D.txt
TENT5D_Homo_sapiens	YP_009747488.1	33.333	18	5	9.7	16.9	NADH dehydrogenase subunit 4 [Aurelia coerulea]	Cnidaria_TENT5A-B-C-D.txt	Cnidaria_Aurelia_coerulea	/rna/liha/phylogenomics_practice/TENT/TENT5/Blast/Results/Cnidaria_Aurelia_coerulea/Cnidaria_TENT5A-B-C-D.txt
TENT5A_Homo_sapiens	XP_032225299.2	61.280	328	74	2.91e-146	422	terminal nucleotidyltransferase 5C [Nematostella vectensis]	Cnidaria_TENT5A-B-C-D.txt	Cnidaria_Nematostella_vectensis	/rna/liha/phylogenomics_practice/TENT/TENT5/Blast/Results/Cnidaria_Nematostella_vectensis/Cnidaria_TENT5A-B-C-D.txt
TENT5B_Homo_sapiens	XP_032225299.2	56.250	336	79	6.60e-134	389	terminal nucleotidyltransferase 5C [Nematostella vectensis]	Cnidaria_TENT5A-B-C-D.txt	Cnidaria_Nematostella_vectensis	/rna/liha/phylogenomics_practice/TENT/TENT5/Blast/Results/Cnidaria_Nematostella_vectensis/Cnidaria_TENT5A-B-C-D.txt
TENT5B_Homo_sapiens	XP_001630467.2	23.295	176	34	0.44	33.5	LOW QUALITY PROTEIN: pantetheinase [Nematostella vectensis]	Cnidaria_TENT5A-B-C-D.txt	Cnidaria_Nematostella_vectensis	/rna/liha/phylogenomics_practice/TENT/TENT5/Blast/Results/Cnidaria_Nematostella_vectensis/Cnidaria_TENT5A-B-C-D.txt
TENT5B_Homo_sapiens	XP_032233303.2	24.460	139	33	0.48	33.5	coiled-coil domain-containing protein 186 isoform X1 [Nematostella vectensis]	Cnidaria_TENT5A-B-C-D.txt	Cnidaria_Nematostella_vectensis	/rna/liha/phylogenomics_practice/TENT/TENT5/Blast/Results/Cnidaria_Nematostella_vectensis/Cnidaria_TENT5A-B-C-D.txt
TENT5B_Homo_sapiens	XP_048581387.1	30.000	70	16	0.97	32.0	outer mitochondrial transmembrane helix translocase isoform X2 [Nematostella vectensis]	Cnidaria_TENT5A-B-C-D.txt	Cnidaria_Nematostella_vectensis	/rna/liha/phylogenomics_practice/TENT/TENT5/Blast/Results/Cnidaria_Nematostella_vectensis/Cnidaria_TENT5A-B-C-D.txt
TENT5B_Homo_sapiens	XP_032221678.2	31.034	58	12	1.9	31.6	uncharacterized protein LOC116604030 [Nematostella vectensis]	Cnidaria_TENT5A-B-C-D.txt	Cnidaria_Nematostella_vectensis	/rna/liha/phylogenomics_practice/TENT/TENT5/Blast/Results/Cnidaria_Nematostella_vectensis/Cnidaria_TENT5A-B-C-D.txt
TENT5B_Homo_sapiens	XP_001639734.3	32.787	61	14	5.1	30.0	uncharacterized protein LOC5519772 [Nematostella vectensis]	Cnidaria_TENT5A-B-C-D.txt	Cnidaria_Nematostella_vectensis	/rna/liha/phylogenomics_practice/TENT/TENT5/Blast/Results/Cnidaria_Nematostella_vectensis/Cnidaria_TENT5A-B-C-D.txt
TENT5B_Homo_sapiens	XP_032239825.2	28.409	88	21	5.4	30.0	AP-4 complex subunit beta-1-like isoform X1 [Nematostella vectensis]	Cnidaria_TENT5A-B-C-D.txt	Cnidaria_Nematostella_vectensis	/rna/liha/phylogenomics_practice/TENT/TENT5/Blast/Results/Cnidaria_Nematostella_vectensis/Cnidaria_TENT5A-B-C-D.txt
TENT5B_Homo_sapiens	XP_048580175.1	28.409	88	21	6.8	29.6	AP-4 complex subunit beta-1-like isoform X2 [Nematostella vectensis]	Cnidaria_TENT5A-B-C-D.txt	Cnidaria_Nematostella_vectensis	/rna/liha/phylogenomics_practice/TENT/TENT5/Blast/Results/Cnidaria_Nematostella_vectensis/Cnidaria_TENT5A-B-C-D.txt
TENT5C_Homo_sapiens	XP_032225299.2	55.851	376	96	2.65e-143	412	terminal nucleotidyltransferase 5C [Nematostella vectensis]	Cnidaria_TENT5A-B-C-D.txt	Cnidaria_Nematostella_vectensis	/rna/liha/phylogenomics_practice/TENT/TENT5/Blast/Results/Cnidaria_Nematostella_vectensis/Cnidaria_TENT5A-B-C-D.txt
TENT5C_Homo_sapiens	XP_048581874.1	26.812	138	29	3.2	30.4	probable ATP-dependent RNA helicase DDX43 isoform X2 [Nematostella vectensis]	Cnidaria_TENT5A-B-C-D.txt	Cnidaria_Nematostella_vectensis	/rna/liha/phylogenomics_practice/TENT/TENT5/Blast/Results/Cnidaria_Nematostella_vectensis/Cnidaria_TENT5A-B-C-D.txt
TENT5C_Homo_sapiens	XP_048581876.1	26.812	138	29	3.4	30.4	probable ATP-dependent RNA helicase DDX43 isoform X4 [Nematostella vectensis]	Cnidaria_TENT5A-B-C-D.txt	Cnidaria_Nematostella_vectensis	/rna/liha/phylogenomics_practice/TENT/TENT5/Blast/Results/Cnidaria_Nematostella_vectensis/Cnidaria_TENT5A-B-C-D.txt
TENT5C_Homo_sapiens	XP_048581873.1	26.812	138	29	6.0	29.6	probable ATP-dependent RNA helicase DDX53 isoform X1 [Nematostella vectensis]	Cnidaria_TENT5A-B-C-D.txt	Cnidaria_Nematostella_vectensis	/rna/liha/phylogenomics_practice/TENT/TENT5/Blast/Results/Cnidaria_Nematostella_vectensis/Cnidaria_TENT5A-B-C-D.txt
TENT5D_Homo_sapiens	XP_032225299.2	53.429	350	90	5.39e-133	386	terminal nucleotidyltransferase 5C [Nematostella vectensis]	Cnidaria_TENT5A-B-C-D.txt	Cnidaria_Nematostella_vectensis	/rna/liha/phylogenomics_practice/TENT/TENT5/Blast/Results/Cnidaria_Nematostella_vectensis/Cnidaria_TENT5A-B-C-D.txt
TENT5D_Homo_sapiens	XP_032232001.2	40.541	37	8	4.5	30.0	centrosomal protein of 290 kDa [Nematostella vectensis]	Cnidaria_TENT5A-B-C-D.txt	Cnidaria_Nematostella_vectensis	/rna/liha/phylogenomics_practice/TENT/TENT5/Blast/Results/Cnidaria_Nematostella_vectensis/Cnidaria_TENT5A-B-C-D.txt
TENT5A_Homo_sapiens	XP_028415047.1	52.542	354	80	1.50e-124	367	terminal nucleotidyltransferase 5C-like [Dendronephthya gigantea]	Cnidaria_TENT5A-B-C-D.txt	Cnidaria_Dendronephthya_gigantea	/rna/liha/phylogenomics_practice/TENT/TENT5/Blast/Results/Cnidaria_Dendronephthya_gigantea/Cnidaria_TENT5A-B-C-D.txt
TENT5B_Homo_sapiens	XP_028415047.1	51.818	330	77	1.49e-115	343	terminal nucleotidyltransferase 5C-like [Dendronephthya gigantea]	Cnidaria_TENT5A-B-C-D.txt	Cnidaria_Dendronephthya_gigantea	/rna/liha/phylogenomics_practice/TENT/TENT5/Blast/Results/Cnidaria_Dendronephthya_gigantea/Cnidaria_TENT5A-B-C-D.txt
TENT5B_Homo_sapiens	XP_028405366.1	36.486	74	16	0.29	33.5	protein lifeguard 2-like [Dendronephthya gigantea]	Cnidaria_TENT5A-B-C-D.txt	Cnidaria_Dendronephthya_gigantea	/rna/liha/phylogenomics_practice/TENT/TENT5/Blast/Results/Cnidaria_Dendronephthya_gigantea/Cnidaria_TENT5A-B-C-D.txt
TENT5B_Homo_sapiens	XP_028404192.1	28.767	73	17	9.9	28.9	interferon-inducible GTPase 5-like [Dendronephthya gigantea]	Cnidaria_TENT5A-B-C-D.txt	Cnidaria_Dendronephthya_gigantea	/rna/liha/phylogenomics_practice/TENT/TENT5/Blast/Results/Cnidaria_Dendronephthya_gigantea/Cnidaria_TENT5A-B-C-D.txt
TENT5C_Homo_sapiens	XP_028415047.1	55.747	348	89	5.65e-133	387	terminal nucleotidyltransferase 5C-like [Dendronephthya gigantea]	Cnidaria_TENT5A-B-C-D.txt	Cnidaria_Dendronephthya_gigantea	/rna/liha/phylogenomics_practice/TENT/TENT5/Blast/Results/Cnidaria_Dendronephthya_gigantea/Cnidaria_TENT5A-B-C-D.txt
TENT5C_Homo_sapiens	XP_028402561.1	24.490	98	23	2.9	30.4	paired amphipathic helix protein Sin3a-like [Dendronephthya gigantea]	Cnidaria_TENT5A-B-C-D.txt	Cnidaria_Dendronephthya_gigantea	/rna/liha/phylogenomics_practice/TENT/TENT5/Blast/Results/Cnidaria_Dendronephthya_gigantea/Cnidaria_TENT5A-B-C-D.txt
TENT5C_Homo_sapiens	XP_028417065.1	24.490	98	23	2.9	30.4	paired amphipathic helix protein Sin3a-like [Dendronephthya gigantea]	Cnidaria_TENT5A-B-C-D.txt	Cnidaria_Dendronephthya_gigantea	/rna/liha/phylogenomics_practice/TENT/TENT5/Blast/Results/Cnidaria_Dendronephthya_gigantea/Cnidaria_TENT5A-B-C-D.txt
TENT5C_Homo_sapiens	XP_028406889.1	25.424	59	15	3.5	30.0	uncharacterized protein LOC114529327 [Dendronephthya gigantea]	Cnidaria_TENT5A-B-C-D.txt	Cnidaria_Dendronephthya_gigantea	/rna/liha/phylogenomics_practice/TENT/TENT5/Blast/Results/Cnidaria_Dendronephthya_gigantea/Cnidaria_TENT5A-B-C-D.txt
TENT5C_Homo_sapiens	XP_028396938.1	23.358	137	34	3.9	29.6	uncharacterized protein LOC114520804 [Dendronephthya gigantea]	Cnidaria_TENT5A-B-C-D.txt	Cnidaria_Dendronephthya_gigantea	/rna/liha/phylogenomics_practice/TENT/TENT5/Blast/Results/Cnidaria_Dendronephthya_gigantea/Cnidaria_TENT5A-B-C-D.txt
TENT5D_Homo_sapiens	XP_028415047.1	46.089	358	92	5.55e-112	333	terminal nucleotidyltransferase 5C-like [Dendronephthya gigantea]	Cnidaria_TENT5A-B-C-D.txt	Cnidaria_Dendronephthya_gigantea	/rna/liha/phylogenomics_practice/TENT/TENT5/Blast/Results/Cnidaria_Dendronephthya_gigantea/Cnidaria_TENT5A-B-C-D.txt
TENT5D_Homo_sapiens	XP_028404192.1	29.032	62	16	0.15	34.3	interferon-inducible GTPase 5-like [Dendronephthya gigantea]	Cnidaria_TENT5A-B-C-D.txt	Cnidaria_Dendronephthya_gigantea	/rna/liha/phylogenomics_practice/TENT/TENT5/Blast/Results/Cnidaria_Dendronephthya_gigantea/Cnidaria_TENT5A-B-C-D.txt
TENT5D_Homo_sapiens	XP_028398860.1	36.585	41	11	0.91	31.6	LOW QUALITY PROTEIN: 5-hydroxytryptamine receptor 1E-like [Dendronephthya gigantea]	Cnidaria_TENT5A-B-C-D.txt	Cnidaria_Dendronephthya_gigantea	/rna/liha/phylogenomics_practice/TENT/TENT5/Blast/Results/Cnidaria_Dendronephthya_gigantea/Cnidaria_TENT5A-B-C-D.txt
TENT5D_Homo_sapiens	XP_028414155.1	33.871	62	15	0.99	32.0	myoferlin-like isoform X2 [Dendronephthya gigantea]	Cnidaria_TENT5A-B-C-D.txt	Cnidaria_Dendronephthya_gigantea	/rna/liha/phylogenomics_practice/TENT/TENT5/Blast/Results/Cnidaria_Dendronephthya_gigantea/Cnidaria_TENT5A-B-C-D.txt
TENT5D_Homo_sapiens	XP_028412830.1	33.871	62	15	1.0	32.0	myoferlin-like isoform X2 [Dendronephthya gigantea]	Cnidaria_TENT5A-B-C-D.txt	Cnidaria_Dendronephthya_gigantea	/rna/liha/phylogenomics_practice/TENT/TENT5/Blast/Results/Cnidaria_Dendronephthya_gigantea/Cnidaria_TENT5A-B-C-D.txt
TENT5D_Homo_sapiens	XP_028414153.1	33.871	62	15	1.0	32.0	myoferlin-like isoform X1 [Dendronephthya gigantea]	Cnidaria_TENT5A-B-C-D.txt	Cnidaria_Dendronephthya_gigantea	/rna/liha/phylogenomics_practice/TENT/TENT5/Blast/Results/Cnidaria_Dendronephthya_gigantea/Cnidaria_TENT5A-B-C-D.txt
TENT5D_Homo_sapiens	XP_028412829.1	33.871	62	15	1.1	32.0	myoferlin-like isoform X1 [Dendronephthya gigantea]	Cnidaria_TENT5A-B-C-D.txt	Cnidaria_Dendronephthya_gigantea	/rna/liha/phylogenomics_practice/TENT/TENT5/Blast/Results/Cnidaria_Dendronephthya_gigantea/Cnidaria_TENT5A-B-C-D.txt
TENT5D_Homo_sapiens	XP_028398861.1	34.694	49	11	9.1	28.5	beta-1 adrenergic receptor-like [Dendronephthya gigantea]	Cnidaria_TENT5A-B-C-D.txt	Cnidaria_Dendronephthya_gigantea	/rna/liha/phylogenomics_practice/TENT/TENT5/Blast/Results/Cnidaria_Dendronephthya_gigantea/Cnidaria_TENT5A-B-C-D.txt
TENT5A_Homo_sapiens	XP_063722115.1	43.849	317	72	9.93e-78	262	uncharacterized protein LOC134848540 [Symsagittifera roscoffensis]	Xenacoelomorpha_TENT5A-B-C-D.txt	Xenacoelomorpha_Symsagittifera_roscoffensis	/rna/liha/phylogenomics_practice/TENT/TENT5/Blast/Results/Xenacoelomorpha_Symsagittifera_roscoffensis/Xenacoelomorpha_TENT5A-B-C-D.txt
TENT5A_Homo_sapiens	XP_063722115.1	43.590	39	72	0.14	34.3	uncharacterized protein LOC134848540 [Symsagittifera roscoffensis]	Xenacoelomorpha_TENT5A-B-C-D.txt	Xenacoelomorpha_Symsagittifera_roscoffensis	/rna/liha/phylogenomics_practice/TENT/TENT5/Blast/Results/Xenacoelomorpha_Symsagittifera_roscoffensis/Xenacoelomorpha_TENT5A-B-C-D.txt
TENT5B_Homo_sapiens	XP_063722115.1	40.184	326	74	2.26e-69	238	uncharacterized protein LOC134848540 [Symsagittifera roscoffensis]	Xenacoelomorpha_TENT5A-B-C-D.txt	Xenacoelomorpha_Symsagittifera_roscoffensis	/rna/liha/phylogenomics_practice/TENT/TENT5/Blast/Results/Xenacoelomorpha_Symsagittifera_roscoffensis/Xenacoelomorpha_TENT5A-B-C-D.txt
TENT5B_Homo_sapiens	XP_063722115.1	60.000	25	74	0.076	35.0	uncharacterized protein LOC134848540 [Symsagittifera roscoffensis]	Xenacoelomorpha_TENT5A-B-C-D.txt	Xenacoelomorpha_Symsagittifera_roscoffensis	/rna/liha/phylogenomics_practice/TENT/TENT5/Blast/Results/Xenacoelomorpha_Symsagittifera_roscoffensis/Xenacoelomorpha_TENT5A-B-C-D.txt
TENT5B_Homo_sapiens	XP_063728325.1	40.816	49	12	6.1	28.9	prestin-like [Symsagittifera roscoffensis]	Xenacoelomorpha_TENT5A-B-C-D.txt	Xenacoelomorpha_Symsagittifera_roscoffensis	/rna/liha/phylogenomics_practice/TENT/TENT5/Blast/Results/Xenacoelomorpha_Symsagittifera_roscoffensis/Xenacoelomorpha_TENT5A-B-C-D.txt
TENT5C_Homo_sapiens	XP_063722115.1	43.865	326	82	2.54e-76	256	uncharacterized protein LOC134848540 [Symsagittifera roscoffensis]	Xenacoelomorpha_TENT5A-B-C-D.txt	Xenacoelomorpha_Symsagittifera_roscoffensis	/rna/liha/phylogenomics_practice/TENT/TENT5/Blast/Results/Xenacoelomorpha_Symsagittifera_roscoffensis/Xenacoelomorpha_TENT5A-B-C-D.txt
TENT5C_Homo_sapiens	XP_063722115.1	51.351	37	82	0.002	40.4	uncharacterized protein LOC134848540 [Symsagittifera roscoffensis]	Xenacoelomorpha_TENT5A-B-C-D.txt	Xenacoelomorpha_Symsagittifera_roscoffensis	/rna/liha/phylogenomics_practice/TENT/TENT5/Blast/Results/Xenacoelomorpha_Symsagittifera_roscoffensis/Xenacoelomorpha_TENT5A-B-C-D.txt
TENT5C_Homo_sapiens	XP_063711183.1	26.606	109	28	2.3	30.4	maestro heat-like repeat-containing protein family member 1 [Symsagittifera roscoffensis]	Xenacoelomorpha_TENT5A-B-C-D.txt	Xenacoelomorpha_Symsagittifera_roscoffensis	/rna/liha/phylogenomics_practice/TENT/TENT5/Blast/Results/Xenacoelomorpha_Symsagittifera_roscoffensis/Xenacoelomorpha_TENT5A-B-C-D.txt
TENT5C_Homo_sapiens	XP_063719360.1	23.944	71	18	4.9	28.9	uncharacterized protein LOC134846085 [Symsagittifera roscoffensis]	Xenacoelomorpha_TENT5A-B-C-D.txt	Xenacoelomorpha_Symsagittifera_roscoffensis	/rna/liha/phylogenomics_practice/TENT/TENT5/Blast/Results/Xenacoelomorpha_Symsagittifera_roscoffensis/Xenacoelomorpha_TENT5A-B-C-D.txt
TENT5C_Homo_sapiens	XP_063717728.1	25.773	97	21	5.1	29.3	oxysterol-binding protein 1-like [Symsagittifera roscoffensis]	Xenacoelomorpha_TENT5A-B-C-D.txt	Xenacoelomorpha_Symsagittifera_roscoffensis	/rna/liha/phylogenomics_practice/TENT/TENT5/Blast/Results/Xenacoelomorpha_Symsagittifera_roscoffensis/Xenacoelomorpha_TENT5A-B-C-D.txt
TENT5C_Homo_sapiens	XP_063717805.1	41.176	34	9	8.6	27.7	mitochondrial import receptor subunit TOM20 homolog [Symsagittifera roscoffensis]	Xenacoelomorpha_TENT5A-B-C-D.txt	Xenacoelomorpha_Symsagittifera_roscoffensis	/rna/liha/phylogenomics_practice/TENT/TENT5/Blast/Results/Xenacoelomorpha_Symsagittifera_roscoffensis/Xenacoelomorpha_TENT5A-B-C-D.txt
TENT5C_Homo_sapiens	XP_063718927.1	31.429	35	9	9.1	27.7	small ribosomal subunit protein eS6-like [Symsagittifera roscoffensis]	Xenacoelomorpha_TENT5A-B-C-D.txt	Xenacoelomorpha_Symsagittifera_roscoffensis	/rna/liha/phylogenomics_practice/TENT/TENT5/Blast/Results/Xenacoelomorpha_Symsagittifera_roscoffensis/Xenacoelomorpha_TENT5A-B-C-D.txt
TENT5C_Homo_sapiens	XP_063728307.1	30.508	118	30	9.2	28.5	dynein axonemal heavy chain 6-like isoform X3 [Symsagittifera roscoffensis]	Xenacoelomorpha_TENT5A-B-C-D.txt	Xenacoelomorpha_Symsagittifera_roscoffensis	/rna/liha/phylogenomics_practice/TENT/TENT5/Blast/Results/Xenacoelomorpha_Symsagittifera_roscoffensis/Xenacoelomorpha_TENT5A-B-C-D.txt
TENT5C_Homo_sapiens	XP_063728306.1	30.508	118	30	9.3	28.5	dynein axonemal heavy chain 6-like isoform X2 [Symsagittifera roscoffensis]	Xenacoelomorpha_TENT5A-B-C-D.txt	Xenacoelomorpha_Symsagittifera_roscoffensis	/rna/liha/phylogenomics_practice/TENT/TENT5/Blast/Results/Xenacoelomorpha_Symsagittifera_roscoffensis/Xenacoelomorpha_TENT5A-B-C-D.txt
TENT5C_Homo_sapiens	XP_063728305.1	30.508	118	30	9.4	28.5	dynein axonemal heavy chain 6-like isoform X1 [Symsagittifera roscoffensis]	Xenacoelomorpha_TENT5A-B-C-D.txt	Xenacoelomorpha_Symsagittifera_roscoffensis	/rna/liha/phylogenomics_practice/TENT/TENT5/Blast/Results/Xenacoelomorpha_Symsagittifera_roscoffensis/Xenacoelomorpha_TENT5A-B-C-D.txt
TENT5C_Homo_sapiens	XP_063728308.1	30.508	118	30	9.5	28.5	dynein axonemal heavy chain 6-like isoform X4 [Symsagittifera roscoffensis]	Xenacoelomorpha_TENT5A-B-C-D.txt	Xenacoelomorpha_Symsagittifera_roscoffensis	/rna/liha/phylogenomics_practice/TENT/TENT5/Blast/Results/Xenacoelomorpha_Symsagittifera_roscoffensis/Xenacoelomorpha_TENT5A-B-C-D.txt
TENT5D_Homo_sapiens	XP_063722115.1	42.587	317	80	2.62e-76	256	uncharacterized protein LOC134848540 [Symsagittifera roscoffensis]	Xenacoelomorpha_TENT5A-B-C-D.txt	Xenacoelomorpha_Symsagittifera_roscoffensis	/rna/liha/phylogenomics_practice/TENT/TENT5/Blast/Results/Xenacoelomorpha_Symsagittifera_roscoffensis/Xenacoelomorpha_TENT5A-B-C-D.txt
TENT5D_Homo_sapiens	XP_063722115.1	38.710	31	80	5.6	28.9	uncharacterized protein LOC134848540 [Symsagittifera roscoffensis]	Xenacoelomorpha_TENT5A-B-C-D.txt	Xenacoelomorpha_Symsagittifera_roscoffensis	/rna/liha/phylogenomics_practice/TENT/TENT5/Blast/Results/Xenacoelomorpha_Symsagittifera_roscoffensis/Xenacoelomorpha_TENT5A-B-C-D.txt
TENT5D_Homo_sapiens	XP_063721452.1	30.000	50	13	1.3	31.2	U5 small nuclear ribonucleoprotein 200 kDa helicase-like isoform X2 [Symsagittifera roscoffensis]	Xenacoelomorpha_TENT5A-B-C-D.txt	Xenacoelomorpha_Symsagittifera_roscoffensis	/rna/liha/phylogenomics_practice/TENT/TENT5/Blast/Results/Xenacoelomorpha_Symsagittifera_roscoffensis/Xenacoelomorpha_TENT5A-B-C-D.txt
TENT5D_Homo_sapiens	XP_063721451.1	30.000	50	13	1.5	30.8	U5 small nuclear ribonucleoprotein 200 kDa helicase-like isoform X1 [Symsagittifera roscoffensis]	Xenacoelomorpha_TENT5A-B-C-D.txt	Xenacoelomorpha_Symsagittifera_roscoffensis	/rna/liha/phylogenomics_practice/TENT/TENT5/Blast/Results/Xenacoelomorpha_Symsagittifera_roscoffensis/Xenacoelomorpha_TENT5A-B-C-D.txt
TENT5D_Homo_sapiens	XP_063722217.1	26.966	89	22	1.5	30.8	3'-5' RNA helicase YTHDC2-like [Symsagittifera roscoffensis]	Xenacoelomorpha_TENT5A-B-C-D.txt	Xenacoelomorpha_Symsagittifera_roscoffensis	/rna/liha/phylogenomics_practice/TENT/TENT5/Blast/Results/Xenacoelomorpha_Symsagittifera_roscoffensis/Xenacoelomorpha_TENT5A-B-C-D.txt
TENT5D_Homo_sapiens	XP_063710873.1	26.154	65	17	1.6	30.8	gamma-aminobutyric acid receptor subunit alpha-4-like [Symsagittifera roscoffensis]	Xenacoelomorpha_TENT5A-B-C-D.txt	Xenacoelomorpha_Symsagittifera_roscoffensis	/rna/liha/phylogenomics_practice/TENT/TENT5/Blast/Results/Xenacoelomorpha_Symsagittifera_roscoffensis/Xenacoelomorpha_TENT5A-B-C-D.txt
TENT5A_Homo_sapiens	XP_075266258.1	43.218	317	71	3.35e-76	257	uncharacterized protein LOC142358651 isoform X2 [Convolutriloba macropyga]	Xenacoelomorpha_TENT5A-B-C-D.txt	Xenacoelomorpha_Convolutriloba_macropyga	/rna/liha/phylogenomics_practice/TENT/TENT5/Blast/Results/Xenacoelomorpha_Convolutriloba_macropyga/Xenacoelomorpha_TENT5A-B-C-D.txt
TENT5A_Homo_sapiens	XP_075266258.1	42.857	35	71	0.33	33.5	uncharacterized protein LOC142358651 isoform X2 [Convolutriloba macropyga]	Xenacoelomorpha_TENT5A-B-C-D.txt	Xenacoelomorpha_Convolutriloba_macropyga	/rna/liha/phylogenomics_practice/TENT/TENT5/Blast/Results/Xenacoelomorpha_Convolutriloba_macropyga/Xenacoelomorpha_TENT5A-B-C-D.txt
TENT5A_Homo_sapiens	XP_075266250.1	43.218	317	71	2.32e-75	256	uncharacterized protein LOC142358651 isoform X1 [Convolutriloba macropyga]	Xenacoelomorpha_TENT5A-B-C-D.txt	Xenacoelomorpha_Convolutriloba_macropyga	/rna/liha/phylogenomics_practice/TENT/TENT5/Blast/Results/Xenacoelomorpha_Convolutriloba_macropyga/Xenacoelomorpha_TENT5A-B-C-D.txt
TENT5A_Homo_sapiens	XP_075266250.1	41.667	36	71	0.32	33.9	uncharacterized protein LOC142358651 isoform X1 [Convolutriloba macropyga]	Xenacoelomorpha_TENT5A-B-C-D.txt	Xenacoelomorpha_Convolutriloba_macropyga	/rna/liha/phylogenomics_practice/TENT/TENT5/Blast/Results/Xenacoelomorpha_Convolutriloba_macropyga/Xenacoelomorpha_TENT5A-B-C-D.txt
TENT5B_Homo_sapiens	XP_075266258.1	40.308	325	76	9.94e-73	247	uncharacterized protein LOC142358651 isoform X2 [Convolutriloba macropyga]	Xenacoelomorpha_TENT5A-B-C-D.txt	Xenacoelomorpha_Convolutriloba_macropyga	/rna/liha/phylogenomics_practice/TENT/TENT5/Blast/Results/Xenacoelomorpha_Convolutriloba_macropyga/Xenacoelomorpha_TENT5A-B-C-D.txt
TENT5B_Homo_sapiens	XP_075266258.1	40.000	40	76	0.25	33.9	uncharacterized protein LOC142358651 isoform X2 [Convolutriloba macropyga]	Xenacoelomorpha_TENT5A-B-C-D.txt	Xenacoelomorpha_Convolutriloba_macropyga	/rna/liha/phylogenomics_practice/TENT/TENT5/Blast/Results/Xenacoelomorpha_Convolutriloba_macropyga/Xenacoelomorpha_TENT5A-B-C-D.txt
TENT5B_Homo_sapiens	XP_075266250.1	40.000	325	76	4.04e-69	238	uncharacterized protein LOC142358651 isoform X1 [Convolutriloba macropyga]	Xenacoelomorpha_TENT5A-B-C-D.txt	Xenacoelomorpha_Convolutriloba_macropyga	/rna/liha/phylogenomics_practice/TENT/TENT5/Blast/Results/Xenacoelomorpha_Convolutriloba_macropyga/Xenacoelomorpha_TENT5A-B-C-D.txt
TENT5B_Homo_sapiens	XP_075266250.1	40.000	40	76	0.24	33.9	uncharacterized protein LOC142358651 isoform X1 [Convolutriloba macropyga]	Xenacoelomorpha_TENT5A-B-C-D.txt	Xenacoelomorpha_Convolutriloba_macropyga	/rna/liha/phylogenomics_practice/TENT/TENT5/Blast/Results/Xenacoelomorpha_Convolutriloba_macropyga/Xenacoelomorpha_TENT5A-B-C-D.txt
TENT5B_Homo_sapiens	XP_075263048.1	29.114	79	19	0.99	32.0	uncharacterized protein LOC142354605 isoform X1 [Convolutriloba macropyga]	Xenacoelomorpha_TENT5A-B-C-D.txt	Xenacoelomorpha_Convolutriloba_macropyga	/rna/liha/phylogenomics_practice/TENT/TENT5/Blast/Results/Xenacoelomorpha_Convolutriloba_macropyga/Xenacoelomorpha_TENT5A-B-C-D.txt
TENT5B_Homo_sapiens	XP_075263050.1	27.848	79	19	1.0	32.0	uncharacterized protein LOC142354605 isoform X2 [Convolutriloba macropyga]	Xenacoelomorpha_TENT5A-B-C-D.txt	Xenacoelomorpha_Convolutriloba_macropyga	/rna/liha/phylogenomics_practice/TENT/TENT5/Blast/Results/Xenacoelomorpha_Convolutriloba_macropyga/Xenacoelomorpha_TENT5A-B-C-D.txt
TENT5B_Homo_sapiens	XP_075256675.1	27.338	139	27	6.5	28.9	tryptase-like [Convolutriloba macropyga]	Xenacoelomorpha_TENT5A-B-C-D.txt	Xenacoelomorpha_Convolutriloba_macropyga	/rna/liha/phylogenomics_practice/TENT/TENT5/Blast/Results/Xenacoelomorpha_Convolutriloba_macropyga/Xenacoelomorpha_TENT5A-B-C-D.txt
TENT5C_Homo_sapiens	XP_075266258.1	42.249	329	82	6.31e-76	254	uncharacterized protein LOC142358651 isoform X2 [Convolutriloba macropyga]	Xenacoelomorpha_TENT5A-B-C-D.txt	Xenacoelomorpha_Convolutriloba_macropyga	/rna/liha/phylogenomics_practice/TENT/TENT5/Blast/Results/Xenacoelomorpha_Convolutriloba_macropyga/Xenacoelomorpha_TENT5A-B-C-D.txt
TENT5C_Homo_sapiens	XP_075266258.1	50.000	34	82	0.002	40.4	uncharacterized protein LOC142358651 isoform X2 [Convolutriloba macropyga]	Xenacoelomorpha_TENT5A-B-C-D.txt	Xenacoelomorpha_Convolutriloba_macropyga	/rna/liha/phylogenomics_practice/TENT/TENT5/Blast/Results/Xenacoelomorpha_Convolutriloba_macropyga/Xenacoelomorpha_TENT5A-B-C-D.txt
TENT5C_Homo_sapiens	XP_075266250.1	42.249	329	82	3.18e-75	254	uncharacterized protein LOC142358651 isoform X1 [Convolutriloba macropyga]	Xenacoelomorpha_TENT5A-B-C-D.txt	Xenacoelomorpha_Convolutriloba_macropyga	/rna/liha/phylogenomics_practice/TENT/TENT5/Blast/Results/Xenacoelomorpha_Convolutriloba_macropyga/Xenacoelomorpha_TENT5A-B-C-D.txt
TENT5C_Homo_sapiens	XP_075266250.1	50.000	34	82	0.002	40.4	uncharacterized protein LOC142358651 isoform X1 [Convolutriloba macropyga]	Xenacoelomorpha_TENT5A-B-C-D.txt	Xenacoelomorpha_Convolutriloba_macropyga	/rna/liha/phylogenomics_practice/TENT/TENT5/Blast/Results/Xenacoelomorpha_Convolutriloba_macropyga/Xenacoelomorpha_TENT5A-B-C-D.txt
TENT5C_Homo_sapiens	XP_075256959.1	25.781	128	30	7.2	29.3	uncharacterized protein LOC142349361 [Convolutriloba macropyga]	Xenacoelomorpha_TENT5A-B-C-D.txt	Xenacoelomorpha_Convolutriloba_macropyga	/rna/liha/phylogenomics_practice/TENT/TENT5/Blast/Results/Xenacoelomorpha_Convolutriloba_macropyga/Xenacoelomorpha_TENT5A-B-C-D.txt
TENT5C_Homo_sapiens	XP_075265469.1	31.579	57	15	9.5	28.5	uncharacterized protein LOC142357851 [Convolutriloba macropyga]	Xenacoelomorpha_TENT5A-B-C-D.txt	Xenacoelomorpha_Convolutriloba_macropyga	/rna/liha/phylogenomics_practice/TENT/TENT5/Blast/Results/Xenacoelomorpha_Convolutriloba_macropyga/Xenacoelomorpha_TENT5A-B-C-D.txt
TENT5D_Homo_sapiens	XP_075266250.1	43.533	317	82	8.92e-77	258	uncharacterized protein LOC142358651 isoform X1 [Convolutriloba macropyga]	Xenacoelomorpha_TENT5A-B-C-D.txt	Xenacoelomorpha_Convolutriloba_macropyga	/rna/liha/phylogenomics_practice/TENT/TENT5/Blast/Results/Xenacoelomorpha_Convolutriloba_macropyga/Xenacoelomorpha_TENT5A-B-C-D.txt
TENT5D_Homo_sapiens	XP_075266250.1	33.333	39	82	4.9	29.6	uncharacterized protein LOC142358651 isoform X1 [Convolutriloba macropyga]	Xenacoelomorpha_TENT5A-B-C-D.txt	Xenacoelomorpha_Convolutriloba_macropyga	/rna/liha/phylogenomics_practice/TENT/TENT5/Blast/Results/Xenacoelomorpha_Convolutriloba_macropyga/Xenacoelomorpha_TENT5A-B-C-D.txt
TENT5D_Homo_sapiens	XP_075266258.1	43.533	317	82	2.12e-76	256	uncharacterized protein LOC142358651 isoform X2 [Convolutriloba macropyga]	Xenacoelomorpha_TENT5A-B-C-D.txt	Xenacoelomorpha_Convolutriloba_macropyga	/rna/liha/phylogenomics_practice/TENT/TENT5/Blast/Results/Xenacoelomorpha_Convolutriloba_macropyga/Xenacoelomorpha_TENT5A-B-C-D.txt
TENT5D_Homo_sapiens	XP_075266258.1	33.333	39	82	4.8	29.6	uncharacterized protein LOC142358651 isoform X2 [Convolutriloba macropyga]	Xenacoelomorpha_TENT5A-B-C-D.txt	Xenacoelomorpha_Convolutriloba_macropyga	/rna/liha/phylogenomics_practice/TENT/TENT5/Blast/Results/Xenacoelomorpha_Convolutriloba_macropyga/Xenacoelomorpha_TENT5A-B-C-D.txt
TENT5D_Homo_sapiens	XP_075249167.1	32.000	50	13	0.60	32.7	U5 small nuclear ribonucleoprotein 200 kDa helicase-like [Convolutriloba macropyga]	Xenacoelomorpha_TENT5A-B-C-D.txt	Xenacoelomorpha_Convolutriloba_macropyga	/rna/liha/phylogenomics_practice/TENT/TENT5/Blast/Results/Xenacoelomorpha_Convolutriloba_macropyga/Xenacoelomorpha_TENT5A-B-C-D.txt
TENT5D_Homo_sapiens	XP_075258173.1	40.741	27	7	7.5	28.9	ubiquitin conjugation factor E4 B-like [Convolutriloba macropyga]	Xenacoelomorpha_TENT5A-B-C-D.txt	Xenacoelomorpha_Convolutriloba_macropyga	/rna/liha/phylogenomics_practice/TENT/TENT5/Blast/Results/Xenacoelomorpha_Convolutriloba_macropyga/Xenacoelomorpha_TENT5A-B-C-D.txt
TENT5A_Homo_sapiens	YP_001739870.1	47.826	23	3	2.5	18.9	cytochrome c oxidase subunit II [Brachionus plicatilis]	Gnathifera_TENT5A-B-C-D.txt	Gnathifera_Brachionus_plicatilis	/rna/liha/phylogenomics_practice/TENT/TENT5/Blast/Results/Gnathifera_Brachionus_plicatilis/Gnathifera_TENT5A-B-C-D.txt
TENT5A_Homo_sapiens	YP_001739868.1	37.500	24	17	5.7	18.1	NADH dehydrogenase subunit 4 [Brachionus plicatilis]	Gnathifera_TENT5A-B-C-D.txt	Gnathifera_Brachionus_plicatilis	/rna/liha/phylogenomics_practice/TENT/TENT5/Blast/Results/Gnathifera_Brachionus_plicatilis/Gnathifera_TENT5A-B-C-D.txt
TENT5A_Homo_sapiens	YP_001739868.1	19.355	62	17	8.1	17.3	NADH dehydrogenase subunit 4 [Brachionus plicatilis]	Gnathifera_TENT5A-B-C-D.txt	Gnathifera_Brachionus_plicatilis	/rna/liha/phylogenomics_practice/TENT/TENT5/Blast/Results/Gnathifera_Brachionus_plicatilis/Gnathifera_TENT5A-B-C-D.txt
TENT5C_Homo_sapiens	YP_001739868.1	38.889	18	5	3.0	18.5	NADH dehydrogenase subunit 4 [Brachionus plicatilis]	Gnathifera_TENT5A-B-C-D.txt	Gnathifera_Brachionus_plicatilis	/rna/liha/phylogenomics_practice/TENT/TENT5/Blast/Results/Gnathifera_Brachionus_plicatilis/Gnathifera_TENT5A-B-C-D.txt
TENT5C_Homo_sapiens	YP_001739872.1	37.500	24	6	8.1	16.9	NADH dehydrogenase subunit 3 [Brachionus plicatilis]	Gnathifera_TENT5A-B-C-D.txt	Gnathifera_Brachionus_plicatilis	/rna/liha/phylogenomics_practice/TENT/TENT5/Blast/Results/Gnathifera_Brachionus_plicatilis/Gnathifera_TENT5A-B-C-D.txt
TENT5C_Homo_sapiens	YP_001739865.1	33.333	21	5	9.2	16.9	cytochrome c oxidase subunit I [Brachionus plicatilis]	Gnathifera_TENT5A-B-C-D.txt	Gnathifera_Brachionus_plicatilis	/rna/liha/phylogenomics_practice/TENT/TENT5/Blast/Results/Gnathifera_Brachionus_plicatilis/Gnathifera_TENT5A-B-C-D.txt
TENT5D_Homo_sapiens	YP_001728981.1	31.250	32	8	3.1	18.5	NADH dehydrogenase subunit 2 [Brachionus plicatilis]	Gnathifera_TENT5A-B-C-D.txt	Gnathifera_Brachionus_plicatilis	/rna/liha/phylogenomics_practice/TENT/TENT5/Blast/Results/Gnathifera_Brachionus_plicatilis/Gnathifera_TENT5A-B-C-D.txt
TENT5D_Homo_sapiens	YP_001739865.1	50.000	12	3	5.7	17.7	cytochrome c oxidase subunit I [Brachionus plicatilis]	Gnathifera_TENT5A-B-C-D.txt	Gnathifera_Brachionus_plicatilis	/rna/liha/phylogenomics_practice/TENT/TENT5/Blast/Results/Gnathifera_Brachionus_plicatilis/Gnathifera_TENT5A-B-C-D.txt
TENT5D_Homo_sapiens	YP_001739868.1	42.105	19	5	5.9	17.7	NADH dehydrogenase subunit 4 [Brachionus plicatilis]	Gnathifera_TENT5A-B-C-D.txt	Gnathifera_Brachionus_plicatilis	/rna/liha/phylogenomics_practice/TENT/TENT5/Blast/Results/Gnathifera_Brachionus_plicatilis/Gnathifera_TENT5A-B-C-D.txt
TENT5A_Homo_sapiens	YP_009391116.1	45.000	20	5	0.42	21.6	cytochrome b, partial [Macrostomum lignano]	Platyhelminthes_TENT5A-B-C-D.txt	Platyhelminthes_Macrostomum_lignano	/rna/liha/phylogenomics_practice/TENT/TENT5/Blast/Results/Platyhelminthes_Macrostomum_lignano/Platyhelminthes_TENT5A-B-C-D.txt
TENT5A_Homo_sapiens	YP_009391126.1	27.273	33	6	3.0	18.9	NADH dehydrogenase subunit 5 [Macrostomum lignano]	Platyhelminthes_TENT5A-B-C-D.txt	Platyhelminthes_Macrostomum_lignano	/rna/liha/phylogenomics_practice/TENT/TENT5/Blast/Results/Platyhelminthes_Macrostomum_lignano/Platyhelminthes_TENT5A-B-C-D.txt
TENT5A_Homo_sapiens	YP_009391125.1	27.273	22	5	7.5	17.7	NADH dehydrogenase subunit 4, partial [Macrostomum lignano]	Platyhelminthes_TENT5A-B-C-D.txt	Platyhelminthes_Macrostomum_lignano	/rna/liha/phylogenomics_practice/TENT/TENT5/Blast/Results/Platyhelminthes_Macrostomum_lignano/Platyhelminthes_TENT5A-B-C-D.txt
TENT5B_Homo_sapiens	YP_009391123.1	25.000	20	5	7.4	17.3	NADH dehydrogenase subunit 2 [Macrostomum lignano]	Platyhelminthes_TENT5A-B-C-D.txt	Platyhelminthes_Macrostomum_lignano	/rna/liha/phylogenomics_practice/TENT/TENT5/Blast/Results/Platyhelminthes_Macrostomum_lignano/Platyhelminthes_TENT5A-B-C-D.txt
TENT5C_Homo_sapiens	YP_009391116.1	50.000	20	5	0.17	22.7	cytochrome b, partial [Macrostomum lignano]	Platyhelminthes_TENT5A-B-C-D.txt	Platyhelminthes_Macrostomum_lignano	/rna/liha/phylogenomics_practice/TENT/TENT5/Blast/Results/Platyhelminthes_Macrostomum_lignano/Platyhelminthes_TENT5A-B-C-D.txt
TENT5C_Homo_sapiens	YP_009391126.1	34.375	32	14	1.4	19.6	NADH dehydrogenase subunit 5 [Macrostomum lignano]	Platyhelminthes_TENT5A-B-C-D.txt	Platyhelminthes_Macrostomum_lignano	/rna/liha/phylogenomics_practice/TENT/TENT5/Blast/Results/Platyhelminthes_Macrostomum_lignano/Platyhelminthes_TENT5A-B-C-D.txt
TENT5C_Homo_sapiens	YP_009391126.1	30.303	33	14	2.4	18.9	NADH dehydrogenase subunit 5 [Macrostomum lignano]	Platyhelminthes_TENT5A-B-C-D.txt	Platyhelminthes_Macrostomum_lignano	/rna/liha/phylogenomics_practice/TENT/TENT5/Blast/Results/Platyhelminthes_Macrostomum_lignano/Platyhelminthes_TENT5A-B-C-D.txt
TENT5C_Homo_sapiens	YP_009391117.1	62.500	8	2	7.1	17.3	NADH dehydrogenase subunit 1, partial [Macrostomum lignano]	Platyhelminthes_TENT5A-B-C-D.txt	Platyhelminthes_Macrostomum_lignano	/rna/liha/phylogenomics_practice/TENT/TENT5/Blast/Results/Platyhelminthes_Macrostomum_lignano/Platyhelminthes_TENT5A-B-C-D.txt
TENT5D_Homo_sapiens	YP_009391117.1	62.500	8	2	5.3	17.7	NADH dehydrogenase subunit 1, partial [Macrostomum lignano]	Platyhelminthes_TENT5A-B-C-D.txt	Platyhelminthes_Macrostomum_lignano	/rna/liha/phylogenomics_practice/TENT/TENT5/Blast/Results/Platyhelminthes_Macrostomum_lignano/Platyhelminthes_TENT5A-B-C-D.txt
TENT5D_Homo_sapiens	YP_009391115.1	50.000	12	3	5.4	17.7	cytochrome c oxidase subunit I, partial [Macrostomum lignano]	Platyhelminthes_TENT5A-B-C-D.txt	Platyhelminthes_Macrostomum_lignano	/rna/liha/phylogenomics_practice/TENT/TENT5/Blast/Results/Platyhelminthes_Macrostomum_lignano/Platyhelminthes_TENT5A-B-C-D.txt
TENT5D_Homo_sapiens	YP_009391123.1	34.286	35	18	6.3	17.7	NADH dehydrogenase subunit 2 [Macrostomum lignano]	Platyhelminthes_TENT5A-B-C-D.txt	Platyhelminthes_Macrostomum_lignano	/rna/liha/phylogenomics_practice/TENT/TENT5/Blast/Results/Platyhelminthes_Macrostomum_lignano/Platyhelminthes_TENT5A-B-C-D.txt
TENT5D_Homo_sapiens	YP_009391123.1	23.214	56	18	7.5	17.3	NADH dehydrogenase subunit 2 [Macrostomum lignano]	Platyhelminthes_TENT5A-B-C-D.txt	Platyhelminthes_Macrostomum_lignano	/rna/liha/phylogenomics_practice/TENT/TENT5/Blast/Results/Platyhelminthes_Macrostomum_lignano/Platyhelminthes_TENT5A-B-C-D.txt
TENT5D_Homo_sapiens	YP_009391116.1	42.857	14	4	9.5	16.9	cytochrome b, partial [Macrostomum lignano]	Platyhelminthes_TENT5A-B-C-D.txt	Platyhelminthes_Macrostomum_lignano	/rna/liha/phylogenomics_practice/TENT/TENT5/Blast/Results/Platyhelminthes_Macrostomum_lignano/Platyhelminthes_TENT5A-B-C-D.txt
TENT5D_Homo_sapiens	YP_009391126.1	33.333	18	5	10.0	16.9	NADH dehydrogenase subunit 5 [Macrostomum lignano]	Platyhelminthes_TENT5A-B-C-D.txt	Platyhelminthes_Macrostomum_lignano	/rna/liha/phylogenomics_practice/TENT/TENT5/Blast/Results/Platyhelminthes_Macrostomum_lignano/Platyhelminthes_TENT5A-B-C-D.txt
TENT5A_Homo_sapiens	YP_008592428.3	24.000	25	6	2.2	19.2	cytochrome c oxidase subunit I, partial [Schmidtea mediterranea]	Platyhelminthes_TENT5A-B-C-D.txt	Platyhelminthes_Schmidtea_mediterranea	/rna/liha/phylogenomics_practice/TENT/TENT5/Blast/Results/Platyhelminthes_Schmidtea_mediterranea/Platyhelminthes_TENT5A-B-C-D.txt
TENT5A_Homo_sapiens	YP_008592433.1	26.984	63	12	3.1	18.9	NADH dehydrogenase subunit 1 [Schmidtea mediterranea]	Platyhelminthes_TENT5A-B-C-D.txt	Platyhelminthes_Schmidtea_mediterranea	/rna/liha/phylogenomics_practice/TENT/TENT5/Blast/Results/Platyhelminthes_Schmidtea_mediterranea/Platyhelminthes_TENT5A-B-C-D.txt
TENT5B_Homo_sapiens	YP_008592428.3	35.714	14	3	3.7	18.5	cytochrome c oxidase subunit I, partial [Schmidtea mediterranea]	Platyhelminthes_TENT5A-B-C-D.txt	Platyhelminthes_Schmidtea_mediterranea	/rna/liha/phylogenomics_practice/TENT/TENT5/Blast/Results/Platyhelminthes_Schmidtea_mediterranea/Platyhelminthes_TENT5A-B-C-D.txt
TENT5C_Homo_sapiens	YP_008592428.3	38.889	18	5	7.8	17.3	cytochrome c oxidase subunit I, partial [Schmidtea mediterranea]	Platyhelminthes_TENT5A-B-C-D.txt	Platyhelminthes_Schmidtea_mediterranea	/rna/liha/phylogenomics_practice/TENT/TENT5/Blast/Results/Platyhelminthes_Schmidtea_mediterranea/Platyhelminthes_TENT5A-B-C-D.txt
TENT5D_Homo_sapiens	YP_008592433.1	28.571	56	12	1.8	19.2	NADH dehydrogenase subunit 1 [Schmidtea mediterranea]	Platyhelminthes_TENT5A-B-C-D.txt	Platyhelminthes_Schmidtea_mediterranea	/rna/liha/phylogenomics_practice/TENT/TENT5/Blast/Results/Platyhelminthes_Schmidtea_mediterranea/Platyhelminthes_TENT5A-B-C-D.txt
TENT5D_Homo_sapiens	YP_008592431.1	27.451	51	13	5.7	17.7	cytochrome c oxidase subunit III, partial [Schmidtea mediterranea]	Platyhelminthes_TENT5A-B-C-D.txt	Platyhelminthes_Schmidtea_mediterranea	/rna/liha/phylogenomics_practice/TENT/TENT5/Blast/Results/Platyhelminthes_Schmidtea_mediterranea/Platyhelminthes_TENT5A-B-C-D.txt
TENT5D_Homo_sapiens	YP_008592437.2	33.333	15	4	9.9	16.9	cytochrome b, partial [Schmidtea mediterranea]	Platyhelminthes_TENT5A-B-C-D.txt	Platyhelminthes_Schmidtea_mediterranea	/rna/liha/phylogenomics_practice/TENT/TENT5/Blast/Results/Platyhelminthes_Schmidtea_mediterranea/Platyhelminthes_TENT5A-B-C-D.txt
TENT5A_Homo_sapiens	NP_066225.2	32.000	25	6	1.3	20.0	cytochrome c oxidase subunit I [Fasciola hepatica]	Platyhelminthes_TENT5A-B-C-D.txt	Platyhelminthes_Fasciola_hepatica	/rna/liha/phylogenomics_practice/TENT/TENT5/Blast/Results/Platyhelminthes_Fasciola_hepatica/Platyhelminthes_TENT5A-B-C-D.txt
TENT5A_Homo_sapiens	NP_066220.2	46.154	13	6	2.5	19.2	NADH dehydrogenase subunit 4 [Fasciola hepatica]	Platyhelminthes_TENT5A-B-C-D.txt	Platyhelminthes_Fasciola_hepatica	/rna/liha/phylogenomics_practice/TENT/TENT5/Blast/Results/Platyhelminthes_Fasciola_hepatica/Platyhelminthes_TENT5A-B-C-D.txt
TENT5A_Homo_sapiens	NP_066220.2	53.333	15	6	4.1	18.5	NADH dehydrogenase subunit 4 [Fasciola hepatica]	Platyhelminthes_TENT5A-B-C-D.txt	Platyhelminthes_Fasciola_hepatica	/rna/liha/phylogenomics_practice/TENT/TENT5/Blast/Results/Platyhelminthes_Fasciola_hepatica/Platyhelminthes_TENT5A-B-C-D.txt
TENT5A_Homo_sapiens	NP_066223.2	42.105	19	4	6.1	17.7	NADH dehydrogenase subunit 1 [Fasciola hepatica]	Platyhelminthes_TENT5A-B-C-D.txt	Platyhelminthes_Fasciola_hepatica	/rna/liha/phylogenomics_practice/TENT/TENT5/Blast/Results/Platyhelminthes_Fasciola_hepatica/Platyhelminthes_TENT5A-B-C-D.txt
TENT5A_Homo_sapiens	NP_066218.2	47.368	19	4	7.1	17.7	cytochrome b [Fasciola hepatica]	Platyhelminthes_TENT5A-B-C-D.txt	Platyhelminthes_Fasciola_hepatica	/rna/liha/phylogenomics_practice/TENT/TENT5/Blast/Results/Platyhelminthes_Fasciola_hepatica/Platyhelminthes_TENT5A-B-C-D.txt
TENT5B_Homo_sapiens	NP_066220.2	46.154	13	3	0.58	21.2	NADH dehydrogenase subunit 4 [Fasciola hepatica]	Platyhelminthes_TENT5A-B-C-D.txt	Platyhelminthes_Fasciola_hepatica	/rna/liha/phylogenomics_practice/TENT/TENT5/Blast/Results/Platyhelminthes_Fasciola_hepatica/Platyhelminthes_TENT5A-B-C-D.txt
TENT5B_Homo_sapiens	NP_066217.2	27.451	51	12	2.1	19.2	cytochrome c oxidase subunit III [Fasciola hepatica]	Platyhelminthes_TENT5A-B-C-D.txt	Platyhelminthes_Fasciola_hepatica	/rna/liha/phylogenomics_practice/TENT/TENT5/Blast/Results/Platyhelminthes_Fasciola_hepatica/Platyhelminthes_TENT5A-B-C-D.txt
TENT5B_Homo_sapiens	NP_066218.2	33.333	36	8	4.9	18.1	cytochrome b [Fasciola hepatica]	Platyhelminthes_TENT5A-B-C-D.txt	Platyhelminthes_Fasciola_hepatica	/rna/liha/phylogenomics_practice/TENT/TENT5/Blast/Results/Platyhelminthes_Fasciola_hepatica/Platyhelminthes_TENT5A-B-C-D.txt
TENT5B_Homo_sapiens	NP_066228.2	29.032	31	7	6.6	17.7	NADH dehydrogenase subunit 5 [Fasciola hepatica]	Platyhelminthes_TENT5A-B-C-D.txt	Platyhelminthes_Fasciola_hepatica	/rna/liha/phylogenomics_practice/TENT/TENT5/Blast/Results/Platyhelminthes_Fasciola_hepatica/Platyhelminthes_TENT5A-B-C-D.txt
TENT5C_Homo_sapiens	NP_066226.2	27.273	77	17	0.082	23.5	cytochrome c oxidase subunit II [Fasciola hepatica]	Platyhelminthes_TENT5A-B-C-D.txt	Platyhelminthes_Fasciola_hepatica	/rna/liha/phylogenomics_practice/TENT/TENT5/Blast/Results/Platyhelminthes_Fasciola_hepatica/Platyhelminthes_TENT5A-B-C-D.txt
TENT5C_Homo_sapiens	NP_066228.2	43.750	16	4	5.5	17.7	NADH dehydrogenase subunit 5 [Fasciola hepatica]	Platyhelminthes_TENT5A-B-C-D.txt	Platyhelminthes_Fasciola_hepatica	/rna/liha/phylogenomics_practice/TENT/TENT5/Blast/Results/Platyhelminthes_Fasciola_hepatica/Platyhelminthes_TENT5A-B-C-D.txt
TENT5D_Homo_sapiens	NP_066226.2	31.707	41	11	0.43	21.2	cytochrome c oxidase subunit II [Fasciola hepatica]	Platyhelminthes_TENT5A-B-C-D.txt	Platyhelminthes_Fasciola_hepatica	/rna/liha/phylogenomics_practice/TENT/TENT5/Blast/Results/Platyhelminthes_Fasciola_hepatica/Platyhelminthes_TENT5A-B-C-D.txt
TENT5D_Homo_sapiens	NP_066220.2	46.154	13	3	2.3	18.9	NADH dehydrogenase subunit 4 [Fasciola hepatica]	Platyhelminthes_TENT5A-B-C-D.txt	Platyhelminthes_Fasciola_hepatica	/rna/liha/phylogenomics_practice/TENT/TENT5/Blast/Results/Platyhelminthes_Fasciola_hepatica/Platyhelminthes_TENT5A-B-C-D.txt
TENT5D_Homo_sapiens	NP_066223.2	28.947	38	10	3.9	18.1	NADH dehydrogenase subunit 1 [Fasciola hepatica]	Platyhelminthes_TENT5A-B-C-D.txt	Platyhelminthes_Fasciola_hepatica	/rna/liha/phylogenomics_practice/TENT/TENT5/Blast/Results/Platyhelminthes_Fasciola_hepatica/Platyhelminthes_TENT5A-B-C-D.txt
TENT5D_Homo_sapiens	NP_066225.2	45.455	11	10	4.9	18.1	cytochrome c oxidase subunit I [Fasciola hepatica]	Platyhelminthes_TENT5A-B-C-D.txt	Platyhelminthes_Fasciola_hepatica	/rna/liha/phylogenomics_practice/TENT/TENT5/Blast/Results/Platyhelminthes_Fasciola_hepatica/Platyhelminthes_TENT5A-B-C-D.txt
TENT5D_Homo_sapiens	NP_066225.2	34.615	26	10	6.7	17.7	cytochrome c oxidase subunit I [Fasciola hepatica]	Platyhelminthes_TENT5A-B-C-D.txt	Platyhelminthes_Fasciola_hepatica	/rna/liha/phylogenomics_practice/TENT/TENT5/Blast/Results/Platyhelminthes_Fasciola_hepatica/Platyhelminthes_TENT5A-B-C-D.txt
TENT5D_Homo_sapiens	NP_066228.2	25.000	100	25	6.6	17.7	NADH dehydrogenase subunit 5 [Fasciola hepatica]	Platyhelminthes_TENT5A-B-C-D.txt	Platyhelminthes_Fasciola_hepatica	/rna/liha/phylogenomics_practice/TENT/TENT5/Blast/Results/Platyhelminthes_Fasciola_hepatica/Platyhelminthes_TENT5A-B-C-D.txt
TENT5A_Homo_sapiens	XP_051070340.1	56.039	207	70	3.24e-62	214	Terminal nucleotidyltransferase 5C [Schistosoma haematobium]	Platyhelminthes_TENT5A-B-C-D.txt	Platyhelminthes_Schistosoma_haematobium	/rna/liha/phylogenomics_practice/TENT/TENT5/Blast/Results/Platyhelminthes_Schistosoma_haematobium/Platyhelminthes_TENT5A-B-C-D.txt
TENT5A_Homo_sapiens	XP_051070340.1	40.367	109	70	1.11e-17	84.7	Terminal nucleotidyltransferase 5C [Schistosoma haematobium]	Platyhelminthes_TENT5A-B-C-D.txt	Platyhelminthes_Schistosoma_haematobium	/rna/liha/phylogenomics_practice/TENT/TENT5/Blast/Results/Platyhelminthes_Schistosoma_haematobium/Platyhelminthes_TENT5A-B-C-D.txt
TENT5A_Homo_sapiens	XP_012799174.3	25.532	94	30	4.38e-07	51.6	hypothetical protein MS3_00011051 [Schistosoma haematobium]	Platyhelminthes_TENT5A-B-C-D.txt	Platyhelminthes_Schistosoma_haematobium	/rna/liha/phylogenomics_practice/TENT/TENT5/Blast/Results/Platyhelminthes_Schistosoma_haematobium/Platyhelminthes_TENT5A-B-C-D.txt
TENT5A_Homo_sapiens	XP_012799174.3	34.146	41	30	7.26e-04	41.2	hypothetical protein MS3_00011051 [Schistosoma haematobium]	Platyhelminthes_TENT5A-B-C-D.txt	Platyhelminthes_Schistosoma_haematobium	/rna/liha/phylogenomics_practice/TENT/TENT5/Blast/Results/Platyhelminthes_Schistosoma_haematobium/Platyhelminthes_TENT5A-B-C-D.txt
TENT5A_Homo_sapiens	XP_051065502.1	52.381	42	10	1.60e-04	43.1	hypothetical protein MS3_00011050 [Schistosoma haematobium]	Platyhelminthes_TENT5A-B-C-D.txt	Platyhelminthes_Schistosoma_haematobium	/rna/liha/phylogenomics_practice/TENT/TENT5/Blast/Results/Platyhelminthes_Schistosoma_haematobium/Platyhelminthes_TENT5A-B-C-D.txt
TENT5B_Homo_sapiens	XP_051070340.1	49.038	208	80	3.51e-58	202	Terminal nucleotidyltransferase 5C [Schistosoma haematobium]	Platyhelminthes_TENT5A-B-C-D.txt	Platyhelminthes_Schistosoma_haematobium	/rna/liha/phylogenomics_practice/TENT/TENT5/Blast/Results/Platyhelminthes_Schistosoma_haematobium/Platyhelminthes_TENT5A-B-C-D.txt
TENT5B_Homo_sapiens	XP_051070340.1	35.714	140	80	3.48e-17	83.2	Terminal nucleotidyltransferase 5C [Schistosoma haematobium]	Platyhelminthes_TENT5A-B-C-D.txt	Platyhelminthes_Schistosoma_haematobium	/rna/liha/phylogenomics_practice/TENT/TENT5/Blast/Results/Platyhelminthes_Schistosoma_haematobium/Platyhelminthes_TENT5A-B-C-D.txt
TENT5B_Homo_sapiens	XP_012799174.3	24.731	93	30	1.66e-06	49.7	hypothetical protein MS3_00011051 [Schistosoma haematobium]	Platyhelminthes_TENT5A-B-C-D.txt	Platyhelminthes_Schistosoma_haematobium	/rna/liha/phylogenomics_practice/TENT/TENT5/Blast/Results/Platyhelminthes_Schistosoma_haematobium/Platyhelminthes_TENT5A-B-C-D.txt
TENT5B_Homo_sapiens	XP_012799174.3	48.649	37	30	8.58e-05	44.3	hypothetical protein MS3_00011051 [Schistosoma haematobium]	Platyhelminthes_TENT5A-B-C-D.txt	Platyhelminthes_Schistosoma_haematobium	/rna/liha/phylogenomics_practice/TENT/TENT5/Blast/Results/Platyhelminthes_Schistosoma_haematobium/Platyhelminthes_TENT5A-B-C-D.txt
TENT5B_Homo_sapiens	XP_051065502.1	52.632	38	9	0.005	38.1	hypothetical protein MS3_00011050 [Schistosoma haematobium]	Platyhelminthes_TENT5A-B-C-D.txt	Platyhelminthes_Schistosoma_haematobium	/rna/liha/phylogenomics_practice/TENT/TENT5/Blast/Results/Platyhelminthes_Schistosoma_haematobium/Platyhelminthes_TENT5A-B-C-D.txt
TENT5B_Homo_sapiens	XP_051069967.1	28.235	85	18	8.3	28.1	hypothetical protein MS3_00005855 [Schistosoma haematobium]	Platyhelminthes_TENT5A-B-C-D.txt	Platyhelminthes_Schistosoma_haematobium	/rna/liha/phylogenomics_practice/TENT/TENT5/Blast/Results/Platyhelminthes_Schistosoma_haematobium/Platyhelminthes_TENT5A-B-C-D.txt
TENT5C_Homo_sapiens	XP_051070340.1	56.311	206	79	1.27e-65	221	Terminal nucleotidyltransferase 5C [Schistosoma haematobium]	Platyhelminthes_TENT5A-B-C-D.txt	Platyhelminthes_Schistosoma_haematobium	/rna/liha/phylogenomics_practice/TENT/TENT5/Blast/Results/Platyhelminthes_Schistosoma_haematobium/Platyhelminthes_TENT5A-B-C-D.txt
TENT5C_Homo_sapiens	XP_051070340.1	37.838	111	79	4.64e-19	88.6	Terminal nucleotidyltransferase 5C [Schistosoma haematobium]	Platyhelminthes_TENT5A-B-C-D.txt	Platyhelminthes_Schistosoma_haematobium	/rna/liha/phylogenomics_practice/TENT/TENT5/Blast/Results/Platyhelminthes_Schistosoma_haematobium/Platyhelminthes_TENT5A-B-C-D.txt
TENT5C_Homo_sapiens	XP_012799174.3	27.059	85	32	2.22e-06	48.9	hypothetical protein MS3_00011051 [Schistosoma haematobium]	Platyhelminthes_TENT5A-B-C-D.txt	Platyhelminthes_Schistosoma_haematobium	/rna/liha/phylogenomics_practice/TENT/TENT5/Blast/Results/Platyhelminthes_Schistosoma_haematobium/Platyhelminthes_TENT5A-B-C-D.txt
TENT5C_Homo_sapiens	XP_012799174.3	43.902	41	32	7.08e-06	47.4	hypothetical protein MS3_00011051 [Schistosoma haematobium]	Platyhelminthes_TENT5A-B-C-D.txt	Platyhelminthes_Schistosoma_haematobium	/rna/liha/phylogenomics_practice/TENT/TENT5/Blast/Results/Platyhelminthes_Schistosoma_haematobium/Platyhelminthes_TENT5A-B-C-D.txt
TENT5C_Homo_sapiens	XP_051065502.1	50.980	51	13	3.39e-06	48.1	hypothetical protein MS3_00011050 [Schistosoma haematobium]	Platyhelminthes_TENT5A-B-C-D.txt	Platyhelminthes_Schistosoma_haematobium	/rna/liha/phylogenomics_practice/TENT/TENT5/Blast/Results/Platyhelminthes_Schistosoma_haematobium/Platyhelminthes_TENT5A-B-C-D.txt
TENT5C_Homo_sapiens	XP_051071637.1	20.968	124	30	1.2	30.8	hypothetical protein MS3_00003705 [Schistosoma haematobium]	Platyhelminthes_TENT5A-B-C-D.txt	Platyhelminthes_Schistosoma_haematobium	/rna/liha/phylogenomics_practice/TENT/TENT5/Blast/Results/Platyhelminthes_Schistosoma_haematobium/Platyhelminthes_TENT5A-B-C-D.txt
TENT5C_Homo_sapiens	XP_051067319.1	27.143	70	17	2.3	29.6	hypothetical protein MS3_00006070 [Schistosoma haematobium]	Platyhelminthes_TENT5A-B-C-D.txt	Platyhelminthes_Schistosoma_haematobium	/rna/liha/phylogenomics_practice/TENT/TENT5/Blast/Results/Platyhelminthes_Schistosoma_haematobium/Platyhelminthes_TENT5A-B-C-D.txt
TENT5C_Homo_sapiens	XP_035588139.1	37.500	40	9	2.5	29.6	Dual specificity protein kinase clk3, variant 2 [Schistosoma haematobium]	Platyhelminthes_TENT5A-B-C-D.txt	Platyhelminthes_Schistosoma_haematobium	/rna/liha/phylogenomics_practice/TENT/TENT5/Blast/Results/Platyhelminthes_Schistosoma_haematobium/Platyhelminthes_TENT5A-B-C-D.txt
TENT5C_Homo_sapiens	XP_051064447.1	37.500	40	9	3.6	29.3	Dual specificity protein kinase clk3 [Schistosoma haematobium]	Platyhelminthes_TENT5A-B-C-D.txt	Platyhelminthes_Schistosoma_haematobium	/rna/liha/phylogenomics_practice/TENT/TENT5/Blast/Results/Platyhelminthes_Schistosoma_haematobium/Platyhelminthes_TENT5A-B-C-D.txt
TENT5C_Homo_sapiens	XP_051066814.1	32.759	58	14	4.8	28.5	T-complex protein 1 subunit eta [Schistosoma haematobium]	Platyhelminthes_TENT5A-B-C-D.txt	Platyhelminthes_Schistosoma_haematobium	/rna/liha/phylogenomics_practice/TENT/TENT5/Blast/Results/Platyhelminthes_Schistosoma_haematobium/Platyhelminthes_TENT5A-B-C-D.txt
TENT5C_Homo_sapiens	XP_012796601.3	32.143	56	11	6.3	28.5	Cyclin-dependent kinase 15 [Schistosoma haematobium]	Platyhelminthes_TENT5A-B-C-D.txt	Platyhelminthes_Schistosoma_haematobium	/rna/liha/phylogenomics_practice/TENT/TENT5/Blast/Results/Platyhelminthes_Schistosoma_haematobium/Platyhelminthes_TENT5A-B-C-D.txt
TENT5D_Homo_sapiens	XP_051070340.1	51.707	205	80	9.09e-59	203	Terminal nucleotidyltransferase 5C [Schistosoma haematobium]	Platyhelminthes_TENT5A-B-C-D.txt	Platyhelminthes_Schistosoma_haematobium	/rna/liha/phylogenomics_practice/TENT/TENT5/Blast/Results/Platyhelminthes_Schistosoma_haematobium/Platyhelminthes_TENT5A-B-C-D.txt
TENT5D_Homo_sapiens	XP_051070340.1	42.478	113	80	3.99e-19	88.6	Terminal nucleotidyltransferase 5C [Schistosoma haematobium]	Platyhelminthes_TENT5A-B-C-D.txt	Platyhelminthes_Schistosoma_haematobium	/rna/liha/phylogenomics_practice/TENT/TENT5/Blast/Results/Platyhelminthes_Schistosoma_haematobium/Platyhelminthes_TENT5A-B-C-D.txt
TENT5D_Homo_sapiens	XP_012799174.3	31.868	91	31	1.17e-08	56.2	hypothetical protein MS3_00011051 [Schistosoma haematobium]	Platyhelminthes_TENT5A-B-C-D.txt	Platyhelminthes_Schistosoma_haematobium	/rna/liha/phylogenomics_practice/TENT/TENT5/Blast/Results/Platyhelminthes_Schistosoma_haematobium/Platyhelminthes_TENT5A-B-C-D.txt
TENT5D_Homo_sapiens	XP_012799174.3	35.484	31	31	0.008	37.7	hypothetical protein MS3_00011051 [Schistosoma haematobium]	Platyhelminthes_TENT5A-B-C-D.txt	Platyhelminthes_Schistosoma_haematobium	/rna/liha/phylogenomics_practice/TENT/TENT5/Blast/Results/Platyhelminthes_Schistosoma_haematobium/Platyhelminthes_TENT5A-B-C-D.txt
TENT5D_Homo_sapiens	XP_051065502.1	48.780	41	11	0.001	40.0	hypothetical protein MS3_00011050 [Schistosoma haematobium]	Platyhelminthes_TENT5A-B-C-D.txt	Platyhelminthes_Schistosoma_haematobium	/rna/liha/phylogenomics_practice/TENT/TENT5/Blast/Results/Platyhelminthes_Schistosoma_haematobium/Platyhelminthes_TENT5A-B-C-D.txt
TENT5D_Homo_sapiens	XP_051064047.1	28.090	89	20	0.32	32.3	uncharacterized protein MS3_00010536 [Schistosoma haematobium]	Platyhelminthes_TENT5A-B-C-D.txt	Platyhelminthes_Schistosoma_haematobium	/rna/liha/phylogenomics_practice/TENT/TENT5/Blast/Results/Platyhelminthes_Schistosoma_haematobium/Platyhelminthes_TENT5A-B-C-D.txt
TENT5D_Homo_sapiens	XP_051069580.1	21.642	134	33	4.3	28.9	AP-3 complex subunit mu-2 [Schistosoma haematobium]	Platyhelminthes_TENT5A-B-C-D.txt	Platyhelminthes_Schistosoma_haematobium	/rna/liha/phylogenomics_practice/TENT/TENT5/Blast/Results/Platyhelminthes_Schistosoma_haematobium/Platyhelminthes_TENT5A-B-C-D.txt
TENT5D_Homo_sapiens	XP_051073919.1	24.390	82	20	4.6	28.9	Myb-binding protein 1A [Schistosoma haematobium]	Platyhelminthes_TENT5A-B-C-D.txt	Platyhelminthes_Schistosoma_haematobium	/rna/liha/phylogenomics_practice/TENT/TENT5/Blast/Results/Platyhelminthes_Schistosoma_haematobium/Platyhelminthes_TENT5A-B-C-D.txt
TENT5D_Homo_sapiens	XP_051068224.1	29.508	61	15	5.7	28.5	hypothetical protein MS3_00006809 [Schistosoma haematobium]	Platyhelminthes_TENT5A-B-C-D.txt	Platyhelminthes_Schistosoma_haematobium	/rna/liha/phylogenomics_practice/TENT/TENT5/Blast/Results/Platyhelminthes_Schistosoma_haematobium/Platyhelminthes_TENT5A-B-C-D.txt
TENT5D_Homo_sapiens	XP_051068225.1	29.508	61	15	6.2	28.1	hypothetical protein MS3_00006809 [Schistosoma haematobium]	Platyhelminthes_TENT5A-B-C-D.txt	Platyhelminthes_Schistosoma_haematobium	/rna/liha/phylogenomics_practice/TENT/TENT5/Blast/Results/Platyhelminthes_Schistosoma_haematobium/Platyhelminthes_TENT5A-B-C-D.txt
TENT5D_Homo_sapiens	XP_035585839.2	26.230	61	16	9.0	27.7	SH3 domain-binding protein 5, variant 2 [Schistosoma haematobium]	Platyhelminthes_TENT5A-B-C-D.txt	Platyhelminthes_Schistosoma_haematobium	/rna/liha/phylogenomics_practice/TENT/TENT5/Blast/Results/Platyhelminthes_Schistosoma_haematobium/Platyhelminthes_TENT5A-B-C-D.txt
TENT5A_Homo_sapiens	YP_002640631.1	26.667	45	10	4.3	20.4	cytochrome c oxidase subunit I [Clonorchis sinensis]	Platyhelminthes_TENT5A-B-C-D.txt	Platyhelminthes_Clonorchis_sinensis	/rna/liha/phylogenomics_practice/TENT/TENT5/Blast/Results/Platyhelminthes_Clonorchis_sinensis/Platyhelminthes_TENT5A-B-C-D.txt
TENT5B_Homo_sapiens	YP_002640632.2	24.658	73	17	1.4	21.6	cytochrome c oxidase subunit II [Clonorchis sinensis]	Platyhelminthes_TENT5A-B-C-D.txt	Platyhelminthes_Clonorchis_sinensis	/rna/liha/phylogenomics_practice/TENT/TENT5/Blast/Results/Platyhelminthes_Clonorchis_sinensis/Platyhelminthes_TENT5A-B-C-D.txt
TENT5C_Homo_sapiens	YP_002640632.2	23.404	47	12	2.9	20.8	cytochrome c oxidase subunit II [Clonorchis sinensis]	Platyhelminthes_TENT5A-B-C-D.txt	Platyhelminthes_Clonorchis_sinensis	/rna/liha/phylogenomics_practice/TENT/TENT5/Blast/Results/Platyhelminthes_Clonorchis_sinensis/Platyhelminthes_TENT5A-B-C-D.txt
TENT5C_Homo_sapiens	YP_002640633.1	50.000	12	3	9.4	18.9	NADH dehydrogenase subunit 6 [Clonorchis sinensis]	Platyhelminthes_TENT5A-B-C-D.txt	Platyhelminthes_Clonorchis_sinensis	/rna/liha/phylogenomics_practice/TENT/TENT5/Blast/Results/Platyhelminthes_Clonorchis_sinensis/Platyhelminthes_TENT5A-B-C-D.txt
TENT5A_Homo_sapiens	YP_010285385.1	54.545	11	13	2.5	18.9	cytochrome c oxidase subunit I [Eudiplozoon nipponicum]	Platyhelminthes_TENT5A-B-C-D.txt	Platyhelminthes_Eudiplozoon_nipponicum	/rna/liha/phylogenomics_practice/TENT/TENT5/Blast/Results/Platyhelminthes_Eudiplozoon_nipponicum/Platyhelminthes_TENT5A-B-C-D.txt
TENT5A_Homo_sapiens	YP_010285385.1	19.565	46	13	6.1	17.7	cytochrome c oxidase subunit I [Eudiplozoon nipponicum]	Platyhelminthes_TENT5A-B-C-D.txt	Platyhelminthes_Eudiplozoon_nipponicum	/rna/liha/phylogenomics_practice/TENT/TENT5/Blast/Results/Platyhelminthes_Eudiplozoon_nipponicum/Platyhelminthes_TENT5A-B-C-D.txt
TENT5A_Homo_sapiens	YP_010285378.1	38.889	18	4	2.6	18.9	cytochrome b [Eudiplozoon nipponicum]	Platyhelminthes_TENT5A-B-C-D.txt	Platyhelminthes_Eudiplozoon_nipponicum	/rna/liha/phylogenomics_practice/TENT/TENT5/Blast/Results/Platyhelminthes_Eudiplozoon_nipponicum/Platyhelminthes_TENT5A-B-C-D.txt
TENT5A_Homo_sapiens	YP_010285387.1	22.727	44	10	5.6	17.7	cytochrome c oxidase subunit III [Eudiplozoon nipponicum]	Platyhelminthes_TENT5A-B-C-D.txt	Platyhelminthes_Eudiplozoon_nipponicum	/rna/liha/phylogenomics_practice/TENT/TENT5/Blast/Results/Platyhelminthes_Eudiplozoon_nipponicum/Platyhelminthes_TENT5A-B-C-D.txt
TENT5A_Homo_sapiens	YP_010285380.1	25.641	78	15	5.6	17.7	NADH dehydrogenase subunit 4 [Eudiplozoon nipponicum]	Platyhelminthes_TENT5A-B-C-D.txt	Platyhelminthes_Eudiplozoon_nipponicum	/rna/liha/phylogenomics_practice/TENT/TENT5/Blast/Results/Platyhelminthes_Eudiplozoon_nipponicum/Platyhelminthes_TENT5A-B-C-D.txt
TENT5A_Homo_sapiens	YP_010285381.1	16.129	31	7	9.0	16.9	ATP synthase F0 subunit 6 [Eudiplozoon nipponicum]	Platyhelminthes_TENT5A-B-C-D.txt	Platyhelminthes_Eudiplozoon_nipponicum	/rna/liha/phylogenomics_practice/TENT/TENT5/Blast/Results/Platyhelminthes_Eudiplozoon_nipponicum/Platyhelminthes_TENT5A-B-C-D.txt
TENT5B_Homo_sapiens	YP_010285387.1	28.571	14	3	1.2	19.6	cytochrome c oxidase subunit III [Eudiplozoon nipponicum]	Platyhelminthes_TENT5A-B-C-D.txt	Platyhelminthes_Eudiplozoon_nipponicum	/rna/liha/phylogenomics_practice/TENT/TENT5/Blast/Results/Platyhelminthes_Eudiplozoon_nipponicum/Platyhelminthes_TENT5A-B-C-D.txt
TENT5B_Homo_sapiens	YP_010285385.1	24.528	53	12	3.6	18.5	cytochrome c oxidase subunit I [Eudiplozoon nipponicum]	Platyhelminthes_TENT5A-B-C-D.txt	Platyhelminthes_Eudiplozoon_nipponicum	/rna/liha/phylogenomics_practice/TENT/TENT5/Blast/Results/Platyhelminthes_Eudiplozoon_nipponicum/Platyhelminthes_TENT5A-B-C-D.txt
TENT5B_Homo_sapiens	YP_010285378.1	26.316	38	9	7.6	17.3	cytochrome b [Eudiplozoon nipponicum]	Platyhelminthes_TENT5A-B-C-D.txt	Platyhelminthes_Eudiplozoon_nipponicum	/rna/liha/phylogenomics_practice/TENT/TENT5/Blast/Results/Platyhelminthes_Eudiplozoon_nipponicum/Platyhelminthes_TENT5A-B-C-D.txt
TENT5B_Homo_sapiens	YP_010285380.1	25.490	51	12	8.0	17.3	NADH dehydrogenase subunit 4 [Eudiplozoon nipponicum]	Platyhelminthes_TENT5A-B-C-D.txt	Platyhelminthes_Eudiplozoon_nipponicum	/rna/liha/phylogenomics_practice/TENT/TENT5/Blast/Results/Platyhelminthes_Eudiplozoon_nipponicum/Platyhelminthes_TENT5A-B-C-D.txt
TENT5C_Homo_sapiens	YP_010285385.1	26.923	26	7	2.7	18.5	cytochrome c oxidase subunit I [Eudiplozoon nipponicum]	Platyhelminthes_TENT5A-B-C-D.txt	Platyhelminthes_Eudiplozoon_nipponicum	/rna/liha/phylogenomics_practice/TENT/TENT5/Blast/Results/Platyhelminthes_Eudiplozoon_nipponicum/Platyhelminthes_TENT5A-B-C-D.txt
TENT5C_Homo_sapiens	YP_010285382.1	66.667	9	2	2.8	18.5	NADH dehydrogenase subunit 2 [Eudiplozoon nipponicum]	Platyhelminthes_TENT5A-B-C-D.txt	Platyhelminthes_Eudiplozoon_nipponicum	/rna/liha/phylogenomics_practice/TENT/TENT5/Blast/Results/Platyhelminthes_Eudiplozoon_nipponicum/Platyhelminthes_TENT5A-B-C-D.txt
TENT5C_Homo_sapiens	YP_010285383.1	46.667	15	8	3.4	18.1	NADH dehydrogenase subunit 1 [Eudiplozoon nipponicum]	Platyhelminthes_TENT5A-B-C-D.txt	Platyhelminthes_Eudiplozoon_nipponicum	/rna/liha/phylogenomics_practice/TENT/TENT5/Blast/Results/Platyhelminthes_Eudiplozoon_nipponicum/Platyhelminthes_TENT5A-B-C-D.txt
TENT5C_Homo_sapiens	YP_010285383.1	40.000	15	8	5.9	17.3	NADH dehydrogenase subunit 1 [Eudiplozoon nipponicum]	Platyhelminthes_TENT5A-B-C-D.txt	Platyhelminthes_Eudiplozoon_nipponicum	/rna/liha/phylogenomics_practice/TENT/TENT5/Blast/Results/Platyhelminthes_Eudiplozoon_nipponicum/Platyhelminthes_TENT5A-B-C-D.txt
TENT5C_Homo_sapiens	YP_010285378.1	35.294	17	4	3.7	18.1	cytochrome b [Eudiplozoon nipponicum]	Platyhelminthes_TENT5A-B-C-D.txt	Platyhelminthes_Eudiplozoon_nipponicum	/rna/liha/phylogenomics_practice/TENT/TENT5/Blast/Results/Platyhelminthes_Eudiplozoon_nipponicum/Platyhelminthes_TENT5A-B-C-D.txt
TENT5D_Homo_sapiens	YP_010285378.1	21.538	65	17	1.1	19.6	cytochrome b [Eudiplozoon nipponicum]	Platyhelminthes_TENT5A-B-C-D.txt	Platyhelminthes_Eudiplozoon_nipponicum	/rna/liha/phylogenomics_practice/TENT/TENT5/Blast/Results/Platyhelminthes_Eudiplozoon_nipponicum/Platyhelminthes_TENT5A-B-C-D.txt
TENT5D_Homo_sapiens	YP_010285377.1	43.333	30	11	1.5	19.2	NADH dehydrogenase subunit 5 [Eudiplozoon nipponicum]	Platyhelminthes_TENT5A-B-C-D.txt	Platyhelminthes_Eudiplozoon_nipponicum	/rna/liha/phylogenomics_practice/TENT/TENT5/Blast/Results/Platyhelminthes_Eudiplozoon_nipponicum/Platyhelminthes_TENT5A-B-C-D.txt
TENT5D_Homo_sapiens	YP_010285377.1	46.667	15	11	7.0	17.3	NADH dehydrogenase subunit 5 [Eudiplozoon nipponicum]	Platyhelminthes_TENT5A-B-C-D.txt	Platyhelminthes_Eudiplozoon_nipponicum	/rna/liha/phylogenomics_practice/TENT/TENT5/Blast/Results/Platyhelminthes_Eudiplozoon_nipponicum/Platyhelminthes_TENT5A-B-C-D.txt
TENT5D_Homo_sapiens	YP_010285385.1	45.455	11	3	5.3	17.7	cytochrome c oxidase subunit I [Eudiplozoon nipponicum]	Platyhelminthes_TENT5A-B-C-D.txt	Platyhelminthes_Eudiplozoon_nipponicum	/rna/liha/phylogenomics_practice/TENT/TENT5/Blast/Results/Platyhelminthes_Eudiplozoon_nipponicum/Platyhelminthes_TENT5A-B-C-D.txt
TENT5D_Homo_sapiens	YP_010285380.1	28.889	45	12	5.8	17.7	NADH dehydrogenase subunit 4 [Eudiplozoon nipponicum]	Platyhelminthes_TENT5A-B-C-D.txt	Platyhelminthes_Eudiplozoon_nipponicum	/rna/liha/phylogenomics_practice/TENT/TENT5/Blast/Results/Platyhelminthes_Eudiplozoon_nipponicum/Platyhelminthes_TENT5A-B-C-D.txt
TENT5A_Homo_sapiens	YP_009092417.1	22.917	48	16	0.78	20.8	NADH dehydrogenase subunit 4 [Amynthas aspergillum]	Lophotrochozoa_Annelida (Clitellata)_TENT5A-B-C-D.txt	Lophotrochozoa_Annelida (Clitellata)_Amynthas_aspergillum	/rna/liha/phylogenomics_practice/TENT/TENT5/Blast/Results/Lophotrochozoa_Annelida (Clitellata)_Amynthas_aspergillum/Lophotrochozoa_Annelida (Clitellata)_TENT5A-B-C-D.txt
TENT5A_Homo_sapiens	YP_009092417.1	30.435	23	16	1.5	19.6	NADH dehydrogenase subunit 4 [Amynthas aspergillum]	Lophotrochozoa_Annelida (Clitellata)_TENT5A-B-C-D.txt	Lophotrochozoa_Annelida (Clitellata)_Amynthas_aspergillum	/rna/liha/phylogenomics_practice/TENT/TENT5/Blast/Results/Lophotrochozoa_Annelida (Clitellata)_Amynthas_aspergillum/Lophotrochozoa_Annelida (Clitellata)_TENT5A-B-C-D.txt
TENT5A_Homo_sapiens	YP_009092408.1	24.390	41	9	2.2	19.2	cytochrome c oxidase subunit I [Amynthas aspergillum]	Lophotrochozoa_Annelida (Clitellata)_TENT5A-B-C-D.txt	Lophotrochozoa_Annelida (Clitellata)_Amynthas_aspergillum	/rna/liha/phylogenomics_practice/TENT/TENT5/Blast/Results/Lophotrochozoa_Annelida (Clitellata)_Amynthas_aspergillum/Lophotrochozoa_Annelida (Clitellata)_TENT5A-B-C-D.txt
TENT5A_Homo_sapiens	YP_009092413.1	33.333	24	5	3.7	18.5	cytochrome b [Amynthas aspergillum]	Lophotrochozoa_Annelida (Clitellata)_TENT5A-B-C-D.txt	Lophotrochozoa_Annelida (Clitellata)_Amynthas_aspergillum	/rna/liha/phylogenomics_practice/TENT/TENT5/Blast/Results/Lophotrochozoa_Annelida (Clitellata)_Amynthas_aspergillum/Lophotrochozoa_Annelida (Clitellata)_TENT5A-B-C-D.txt
TENT5A_Homo_sapiens	YP_009092415.1	50.000	10	5	5.5	18.1	NADH dehydrogenase subunit 5 [Amynthas aspergillum]	Lophotrochozoa_Annelida (Clitellata)_TENT5A-B-C-D.txt	Lophotrochozoa_Annelida (Clitellata)_Amynthas_aspergillum	/rna/liha/phylogenomics_practice/TENT/TENT5/Blast/Results/Lophotrochozoa_Annelida (Clitellata)_Amynthas_aspergillum/Lophotrochozoa_Annelida (Clitellata)_TENT5A-B-C-D.txt
TENT5A_Homo_sapiens	YP_009092415.1	60.000	10	5	6.8	17.7	NADH dehydrogenase subunit 5 [Amynthas aspergillum]	Lophotrochozoa_Annelida (Clitellata)_TENT5A-B-C-D.txt	Lophotrochozoa_Annelida (Clitellata)_Amynthas_aspergillum	/rna/liha/phylogenomics_practice/TENT/TENT5/Blast/Results/Lophotrochozoa_Annelida (Clitellata)_Amynthas_aspergillum/Lophotrochozoa_Annelida (Clitellata)_TENT5A-B-C-D.txt
TENT5B_Homo_sapiens	YP_009092417.1	37.500	24	6	0.63	20.8	NADH dehydrogenase subunit 4 [Amynthas aspergillum]	Lophotrochozoa_Annelida (Clitellata)_TENT5A-B-C-D.txt	Lophotrochozoa_Annelida (Clitellata)_Amynthas_aspergillum	/rna/liha/phylogenomics_practice/TENT/TENT5/Blast/Results/Lophotrochozoa_Annelida (Clitellata)_Amynthas_aspergillum/Lophotrochozoa_Annelida (Clitellata)_TENT5A-B-C-D.txt
TENT5B_Homo_sapiens	YP_009092418.1	22.078	77	18	2.5	18.9	NADH dehydrogenase subunit 1 [Amynthas aspergillum]	Lophotrochozoa_Annelida (Clitellata)_TENT5A-B-C-D.txt	Lophotrochozoa_Annelida (Clitellata)_Amynthas_aspergillum	/rna/liha/phylogenomics_practice/TENT/TENT5/Blast/Results/Lophotrochozoa_Annelida (Clitellata)_Amynthas_aspergillum/Lophotrochozoa_Annelida (Clitellata)_TENT5A-B-C-D.txt
TENT5B_Homo_sapiens	YP_009092410.1	71.429	7	2	4.5	16.9	ATP synthase F0 subunit 8 [Amynthas aspergillum]	Lophotrochozoa_Annelida (Clitellata)_TENT5A-B-C-D.txt	Lophotrochozoa_Annelida (Clitellata)_Amynthas_aspergillum	/rna/liha/phylogenomics_practice/TENT/TENT5/Blast/Results/Lophotrochozoa_Annelida (Clitellata)_Amynthas_aspergillum/Lophotrochozoa_Annelida (Clitellata)_TENT5A-B-C-D.txt
TENT5C_Homo_sapiens	YP_009092414.1	27.027	37	8	0.28	21.6	ATP synthase F0 subunit 6 [Amynthas aspergillum]	Lophotrochozoa_Annelida (Clitellata)_TENT5A-B-C-D.txt	Lophotrochozoa_Annelida (Clitellata)_Amynthas_aspergillum	/rna/liha/phylogenomics_practice/TENT/TENT5/Blast/Results/Lophotrochozoa_Annelida (Clitellata)_Amynthas_aspergillum/Lophotrochozoa_Annelida (Clitellata)_TENT5A-B-C-D.txt
TENT5C_Homo_sapiens	YP_009092418.1	24.211	95	22	2.4	18.9	NADH dehydrogenase subunit 1 [Amynthas aspergillum]	Lophotrochozoa_Annelida (Clitellata)_TENT5A-B-C-D.txt	Lophotrochozoa_Annelida (Clitellata)_Amynthas_aspergillum	/rna/liha/phylogenomics_practice/TENT/TENT5/Blast/Results/Lophotrochozoa_Annelida (Clitellata)_Amynthas_aspergillum/Lophotrochozoa_Annelida (Clitellata)_TENT5A-B-C-D.txt
TENT5C_Homo_sapiens	YP_009092415.1	44.444	9	2	5.6	17.7	NADH dehydrogenase subunit 5 [Amynthas aspergillum]	Lophotrochozoa_Annelida (Clitellata)_TENT5A-B-C-D.txt	Lophotrochozoa_Annelida (Clitellata)_Amynthas_aspergillum	/rna/liha/phylogenomics_practice/TENT/TENT5/Blast/Results/Lophotrochozoa_Annelida (Clitellata)_Amynthas_aspergillum/Lophotrochozoa_Annelida (Clitellata)_TENT5A-B-C-D.txt
TENT5C_Homo_sapiens	YP_009092417.1	31.818	22	6	6.7	17.3	NADH dehydrogenase subunit 4 [Amynthas aspergillum]	Lophotrochozoa_Annelida (Clitellata)_TENT5A-B-C-D.txt	Lophotrochozoa_Annelida (Clitellata)_Amynthas_aspergillum	/rna/liha/phylogenomics_practice/TENT/TENT5/Blast/Results/Lophotrochozoa_Annelida (Clitellata)_Amynthas_aspergillum/Lophotrochozoa_Annelida (Clitellata)_TENT5A-B-C-D.txt
TENT5C_Homo_sapiens	YP_009092411.1	20.000	30	8	7.2	17.3	cytochrome c oxidase subunit III [Amynthas aspergillum]	Lophotrochozoa_Annelida (Clitellata)_TENT5A-B-C-D.txt	Lophotrochozoa_Annelida (Clitellata)_Amynthas_aspergillum	/rna/liha/phylogenomics_practice/TENT/TENT5/Blast/Results/Lophotrochozoa_Annelida (Clitellata)_Amynthas_aspergillum/Lophotrochozoa_Annelida (Clitellata)_TENT5A-B-C-D.txt
TENT5D_Homo_sapiens	YP_009092417.1	50.000	18	10	1.4	19.6	NADH dehydrogenase subunit 4 [Amynthas aspergillum]	Lophotrochozoa_Annelida (Clitellata)_TENT5A-B-C-D.txt	Lophotrochozoa_Annelida (Clitellata)_Amynthas_aspergillum	/rna/liha/phylogenomics_practice/TENT/TENT5/Blast/Results/Lophotrochozoa_Annelida (Clitellata)_Amynthas_aspergillum/Lophotrochozoa_Annelida (Clitellata)_TENT5A-B-C-D.txt
TENT5D_Homo_sapiens	YP_009092417.1	34.783	23	10	1.5	19.6	NADH dehydrogenase subunit 4 [Amynthas aspergillum]	Lophotrochozoa_Annelida (Clitellata)_TENT5A-B-C-D.txt	Lophotrochozoa_Annelida (Clitellata)_Amynthas_aspergillum	/rna/liha/phylogenomics_practice/TENT/TENT5/Blast/Results/Lophotrochozoa_Annelida (Clitellata)_Amynthas_aspergillum/Lophotrochozoa_Annelida (Clitellata)_TENT5A-B-C-D.txt
TENT5D_Homo_sapiens	YP_009092408.1	50.000	12	3	5.7	17.7	cytochrome c oxidase subunit I [Amynthas aspergillum]	Lophotrochozoa_Annelida (Clitellata)_TENT5A-B-C-D.txt	Lophotrochozoa_Annelida (Clitellata)_Amynthas_aspergillum	/rna/liha/phylogenomics_practice/TENT/TENT5/Blast/Results/Lophotrochozoa_Annelida (Clitellata)_Amynthas_aspergillum/Lophotrochozoa_Annelida (Clitellata)_TENT5A-B-C-D.txt
TENT5D_Homo_sapiens	YP_009092409.1	23.944	71	22	7.1	17.3	cytochrome c oxidase subunit II [Amynthas aspergillum]	Lophotrochozoa_Annelida (Clitellata)_TENT5A-B-C-D.txt	Lophotrochozoa_Annelida (Clitellata)_Amynthas_aspergillum	/rna/liha/phylogenomics_practice/TENT/TENT5/Blast/Results/Lophotrochozoa_Annelida (Clitellata)_Amynthas_aspergillum/Lophotrochozoa_Annelida (Clitellata)_TENT5A-B-C-D.txt
TENT5D_Homo_sapiens	YP_009092409.1	43.750	16	22	7.5	17.3	cytochrome c oxidase subunit II [Amynthas aspergillum]	Lophotrochozoa_Annelida (Clitellata)_TENT5A-B-C-D.txt	Lophotrochozoa_Annelida (Clitellata)_Amynthas_aspergillum	/rna/liha/phylogenomics_practice/TENT/TENT5/Blast/Results/Lophotrochozoa_Annelida (Clitellata)_Amynthas_aspergillum/Lophotrochozoa_Annelida (Clitellata)_TENT5A-B-C-D.txt
TENT5D_Homo_sapiens	YP_009092418.1	40.909	22	5	9.2	16.9	NADH dehydrogenase subunit 1 [Amynthas aspergillum]	Lophotrochozoa_Annelida (Clitellata)_TENT5A-B-C-D.txt	Lophotrochozoa_Annelida (Clitellata)_Amynthas_aspergillum	/rna/liha/phylogenomics_practice/TENT/TENT5/Blast/Results/Lophotrochozoa_Annelida (Clitellata)_Amynthas_aspergillum/Lophotrochozoa_Annelida (Clitellata)_TENT5A-B-C-D.txt
TENT5A_Homo_sapiens	NP_114374.1	25.000	36	6	6.8	18.1	cytochrome b [Hymenolepis diminuta]	Platyhelminthes_TENT5A-B-C-D.txt	Platyhelminthes_Hymenolepis_diminuta	/rna/liha/phylogenomics_practice/TENT/TENT5/Blast/Results/Platyhelminthes_Hymenolepis_diminuta/Platyhelminthes_TENT5A-B-C-D.txt
TENT5A_Homo_sapiens	NP_114370.1	34.043	47	8	8.3	17.7	cytochrome c oxidase subunit II [Hymenolepis diminuta]	Platyhelminthes_TENT5A-B-C-D.txt	Platyhelminthes_Hymenolepis_diminuta	/rna/liha/phylogenomics_practice/TENT/TENT5/Blast/Results/Platyhelminthes_Hymenolepis_diminuta/Platyhelminthes_TENT5A-B-C-D.txt
TENT5B_Homo_sapiens	NP_114374.1	28.571	63	21	1.1	20.4	cytochrome b [Hymenolepis diminuta]	Platyhelminthes_TENT5A-B-C-D.txt	Platyhelminthes_Hymenolepis_diminuta	/rna/liha/phylogenomics_practice/TENT/TENT5/Blast/Results/Platyhelminthes_Hymenolepis_diminuta/Platyhelminthes_TENT5A-B-C-D.txt
TENT5B_Homo_sapiens	NP_114374.1	33.333	27	21	9.8	17.3	cytochrome b [Hymenolepis diminuta]	Platyhelminthes_TENT5A-B-C-D.txt	Platyhelminthes_Hymenolepis_diminuta	/rna/liha/phylogenomics_practice/TENT/TENT5/Blast/Results/Platyhelminthes_Hymenolepis_diminuta/Platyhelminthes_TENT5A-B-C-D.txt
TENT5B_Homo_sapiens	NP_114369.1	28.571	28	7	3.8	18.9	cytochrome c oxidase subunit I, partial [Hymenolepis diminuta]	Platyhelminthes_TENT5A-B-C-D.txt	Platyhelminthes_Hymenolepis_diminuta	/rna/liha/phylogenomics_practice/TENT/TENT5/Blast/Results/Platyhelminthes_Hymenolepis_diminuta/Platyhelminthes_TENT5A-B-C-D.txt
TENT5C_Homo_sapiens	NP_114373.1	22.951	61	15	2.9	18.9	cytochrome c oxidase subunit III [Hymenolepis diminuta]	Platyhelminthes_TENT5A-B-C-D.txt	Platyhelminthes_Hymenolepis_diminuta	/rna/liha/phylogenomics_practice/TENT/TENT5/Blast/Results/Platyhelminthes_Hymenolepis_diminuta/Platyhelminthes_TENT5A-B-C-D.txt
TENT5C_Homo_sapiens	NP_114373.1	25.000	52	15	6.4	17.7	cytochrome c oxidase subunit III [Hymenolepis diminuta]	Platyhelminthes_TENT5A-B-C-D.txt	Platyhelminthes_Hymenolepis_diminuta	/rna/liha/phylogenomics_practice/TENT/TENT5/Blast/Results/Platyhelminthes_Hymenolepis_diminuta/Platyhelminthes_TENT5A-B-C-D.txt
TENT5C_Homo_sapiens	NP_114376.1	46.667	15	4	6.8	17.7	NADH dehydrogenase subunit 4 [Hymenolepis diminuta]	Platyhelminthes_TENT5A-B-C-D.txt	Platyhelminthes_Hymenolepis_diminuta	/rna/liha/phylogenomics_practice/TENT/TENT5/Blast/Results/Platyhelminthes_Hymenolepis_diminuta/Platyhelminthes_TENT5A-B-C-D.txt
TENT5D_Homo_sapiens	NP_114372.1	31.915	47	12	0.12	23.5	NADH dehydrogenase subunit 5 [Hymenolepis diminuta]	Platyhelminthes_TENT5A-B-C-D.txt	Platyhelminthes_Hymenolepis_diminuta	/rna/liha/phylogenomics_practice/TENT/TENT5/Blast/Results/Platyhelminthes_Hymenolepis_diminuta/Platyhelminthes_TENT5A-B-C-D.txt
TENT5D_Homo_sapiens	NP_114369.1	45.455	11	3	6.0	18.1	cytochrome c oxidase subunit I, partial [Hymenolepis diminuta]	Platyhelminthes_TENT5A-B-C-D.txt	Platyhelminthes_Hymenolepis_diminuta	/rna/liha/phylogenomics_practice/TENT/TENT5/Blast/Results/Platyhelminthes_Hymenolepis_diminuta/Platyhelminthes_TENT5A-B-C-D.txt
TENT5A_Homo_sapiens	XP_014671930.1	54.627	335	73	1.42e-122	362	PREDICTED: protein FAM46C-like [Priapulus caudatus]	Ecdysozoa_Priapulida_TENT5A-B-C-D.txt	Ecdysozoa_Priapulida_Priapulus_caudatus	/rna/liha/phylogenomics_practice/TENT/TENT5/Blast/Results/Ecdysozoa_Priapulida_Priapulus_caudatus/Ecdysozoa_Priapulida_TENT5A-B-C-D.txt
TENT5A_Homo_sapiens	XP_014675022.1	52.199	341	73	3.06e-112	337	PREDICTED: protein FAM46C-like [Priapulus caudatus]	Ecdysozoa_Priapulida_TENT5A-B-C-D.txt	Ecdysozoa_Priapulida_Priapulus_caudatus	/rna/liha/phylogenomics_practice/TENT/TENT5/Blast/Results/Ecdysozoa_Priapulida_Priapulus_caudatus/Ecdysozoa_Priapulida_TENT5A-B-C-D.txt
TENT5B_Homo_sapiens	XP_014671930.1	54.790	334	76	2.08e-126	371	PREDICTED: protein FAM46C-like [Priapulus caudatus]	Ecdysozoa_Priapulida_TENT5A-B-C-D.txt	Ecdysozoa_Priapulida_Priapulus_caudatus	/rna/liha/phylogenomics_practice/TENT/TENT5/Blast/Results/Ecdysozoa_Priapulida_Priapulus_caudatus/Ecdysozoa_Priapulida_TENT5A-B-C-D.txt
TENT5B_Homo_sapiens	XP_014675022.1	52.312	346	77	1.56e-112	337	PREDICTED: protein FAM46C-like [Priapulus caudatus]	Ecdysozoa_Priapulida_TENT5A-B-C-D.txt	Ecdysozoa_Priapulida_Priapulus_caudatus	/rna/liha/phylogenomics_practice/TENT/TENT5/Blast/Results/Ecdysozoa_Priapulida_Priapulus_caudatus/Ecdysozoa_Priapulida_TENT5A-B-C-D.txt
TENT5B_Homo_sapiens	XP_014671433.1	24.786	117	23	0.38	32.3	PREDICTED: fidgetin-like protein 1 isoform X3 [Priapulus caudatus]	Ecdysozoa_Priapulida_TENT5A-B-C-D.txt	Ecdysozoa_Priapulida_Priapulus_caudatus	/rna/liha/phylogenomics_practice/TENT/TENT5/Blast/Results/Ecdysozoa_Priapulida_Priapulus_caudatus/Ecdysozoa_Priapulida_TENT5A-B-C-D.txt
TENT5B_Homo_sapiens	XP_014671514.1	24.786	117	23	0.40	32.3	PREDICTED: fidgetin-like protein 1 isoform X4 [Priapulus caudatus]	Ecdysozoa_Priapulida_TENT5A-B-C-D.txt	Ecdysozoa_Priapulida_Priapulus_caudatus	/rna/liha/phylogenomics_practice/TENT/TENT5/Blast/Results/Ecdysozoa_Priapulida_Priapulus_caudatus/Ecdysozoa_Priapulida_TENT5A-B-C-D.txt
TENT5B_Homo_sapiens	XP_014671284.1	24.786	117	23	0.44	32.3	PREDICTED: fidgetin-like protein 1 isoform X1 [Priapulus caudatus]	Ecdysozoa_Priapulida_TENT5A-B-C-D.txt	Ecdysozoa_Priapulida_Priapulus_caudatus	/rna/liha/phylogenomics_practice/TENT/TENT5/Blast/Results/Ecdysozoa_Priapulida_Priapulus_caudatus/Ecdysozoa_Priapulida_TENT5A-B-C-D.txt
TENT5B_Homo_sapiens	XP_014671357.1	24.786	117	23	0.44	32.3	PREDICTED: fidgetin-like protein 1 isoform X2 [Priapulus caudatus]	Ecdysozoa_Priapulida_TENT5A-B-C-D.txt	Ecdysozoa_Priapulida_Priapulus_caudatus	/rna/liha/phylogenomics_practice/TENT/TENT5/Blast/Results/Ecdysozoa_Priapulida_Priapulus_caudatus/Ecdysozoa_Priapulida_TENT5A-B-C-D.txt
TENT5B_Homo_sapiens	XP_014665528.1	35.714	56	13	1.0	31.2	PREDICTED: forkhead box protein O-like [Priapulus caudatus]	Ecdysozoa_Priapulida_TENT5A-B-C-D.txt	Ecdysozoa_Priapulida_Priapulus_caudatus	/rna/liha/phylogenomics_practice/TENT/TENT5/Blast/Results/Ecdysozoa_Priapulida_Priapulus_caudatus/Ecdysozoa_Priapulida_TENT5A-B-C-D.txt
TENT5B_Homo_sapiens	XP_014664122.1	40.476	42	10	1.8	30.4	PREDICTED: titin-like [Priapulus caudatus]	Ecdysozoa_Priapulida_TENT5A-B-C-D.txt	Ecdysozoa_Priapulida_Priapulus_caudatus	/rna/liha/phylogenomics_practice/TENT/TENT5/Blast/Results/Ecdysozoa_Priapulida_Priapulus_caudatus/Ecdysozoa_Priapulida_TENT5A-B-C-D.txt
TENT5B_Homo_sapiens	XP_014669293.1	27.273	55	13	1.9	30.0	PREDICTED: ATPase family AAA domain-containing protein 1-like isoform X1 [Priapulus caudatus]	Ecdysozoa_Priapulida_TENT5A-B-C-D.txt	Ecdysozoa_Priapulida_Priapulus_caudatus	/rna/liha/phylogenomics_practice/TENT/TENT5/Blast/Results/Ecdysozoa_Priapulida_Priapulus_caudatus/Ecdysozoa_Priapulida_TENT5A-B-C-D.txt
TENT5B_Homo_sapiens	XP_014669294.1	27.273	55	13	2.1	30.0	PREDICTED: ATPase family AAA domain-containing protein 1-like isoform X2 [Priapulus caudatus]	Ecdysozoa_Priapulida_TENT5A-B-C-D.txt	Ecdysozoa_Priapulida_Priapulus_caudatus	/rna/liha/phylogenomics_practice/TENT/TENT5/Blast/Results/Ecdysozoa_Priapulida_Priapulus_caudatus/Ecdysozoa_Priapulida_TENT5A-B-C-D.txt
TENT5C_Homo_sapiens	XP_014671930.1	57.015	335	83	2.44e-130	379	PREDICTED: protein FAM46C-like [Priapulus caudatus]	Ecdysozoa_Priapulida_TENT5A-B-C-D.txt	Ecdysozoa_Priapulida_Priapulus_caudatus	/rna/liha/phylogenomics_practice/TENT/TENT5/Blast/Results/Ecdysozoa_Priapulida_Priapulus_caudatus/Ecdysozoa_Priapulida_TENT5A-B-C-D.txt
TENT5C_Homo_sapiens	XP_014675022.1	50.716	349	84	7.99e-113	337	PREDICTED: protein FAM46C-like [Priapulus caudatus]	Ecdysozoa_Priapulida_TENT5A-B-C-D.txt	Ecdysozoa_Priapulida_Priapulus_caudatus	/rna/liha/phylogenomics_practice/TENT/TENT5/Blast/Results/Ecdysozoa_Priapulida_Priapulus_caudatus/Ecdysozoa_Priapulida_TENT5A-B-C-D.txt
TENT5C_Homo_sapiens	XP_014680613.1	39.024	41	10	2.0	28.1	PREDICTED: NAD(P) transhydrogenase subunit alpha-like, partial [Priapulus caudatus]	Ecdysozoa_Priapulida_TENT5A-B-C-D.txt	Ecdysozoa_Priapulida_Priapulus_caudatus	/rna/liha/phylogenomics_practice/TENT/TENT5/Blast/Results/Ecdysozoa_Priapulida_Priapulus_caudatus/Ecdysozoa_Priapulida_TENT5A-B-C-D.txt
TENT5C_Homo_sapiens	XP_014665528.1	46.875	32	8	3.3	29.3	PREDICTED: forkhead box protein O-like [Priapulus caudatus]	Ecdysozoa_Priapulida_TENT5A-B-C-D.txt	Ecdysozoa_Priapulida_Priapulus_caudatus	/rna/liha/phylogenomics_practice/TENT/TENT5/Blast/Results/Ecdysozoa_Priapulida_Priapulus_caudatus/Ecdysozoa_Priapulida_TENT5A-B-C-D.txt
TENT5C_Homo_sapiens	XP_014668468.1	26.230	183	45	4.7	28.9	PREDICTED: tenascin-like isoform X1 [Priapulus caudatus]	Ecdysozoa_Priapulida_TENT5A-B-C-D.txt	Ecdysozoa_Priapulida_Priapulus_caudatus	/rna/liha/phylogenomics_practice/TENT/TENT5/Blast/Results/Ecdysozoa_Priapulida_Priapulus_caudatus/Ecdysozoa_Priapulida_TENT5A-B-C-D.txt
TENT5C_Homo_sapiens	XP_014668469.1	26.230	183	45	5.5	28.9	PREDICTED: tenascin-like isoform X2 [Priapulus caudatus]	Ecdysozoa_Priapulida_TENT5A-B-C-D.txt	Ecdysozoa_Priapulida_Priapulus_caudatus	/rna/liha/phylogenomics_practice/TENT/TENT5/Blast/Results/Ecdysozoa_Priapulida_Priapulus_caudatus/Ecdysozoa_Priapulida_TENT5A-B-C-D.txt
TENT5C_Homo_sapiens	XP_014670872.1	29.167	72	18	7.2	28.1	PREDICTED: electron transfer flavoprotein-ubiquinone oxidoreductase, mitochondrial-like isoform X1 [Priapulus caudatus]	Ecdysozoa_Priapulida_TENT5A-B-C-D.txt	Ecdysozoa_Priapulida_Priapulus_caudatus	/rna/liha/phylogenomics_practice/TENT/TENT5/Blast/Results/Ecdysozoa_Priapulida_Priapulus_caudatus/Ecdysozoa_Priapulida_TENT5A-B-C-D.txt
TENT5C_Homo_sapiens	XP_014670873.1	29.167	72	18	7.4	28.1	PREDICTED: electron transfer flavoprotein-ubiquinone oxidoreductase, mitochondrial-like isoform X2 [Priapulus caudatus]	Ecdysozoa_Priapulida_TENT5A-B-C-D.txt	Ecdysozoa_Priapulida_Priapulus_caudatus	/rna/liha/phylogenomics_practice/TENT/TENT5/Blast/Results/Ecdysozoa_Priapulida_Priapulus_caudatus/Ecdysozoa_Priapulida_TENT5A-B-C-D.txt
TENT5C_Homo_sapiens	XP_014677300.1	32.308	65	16	8.5	28.1	PREDICTED: membrane metallo-endopeptidase-like 1 [Priapulus caudatus]	Ecdysozoa_Priapulida_TENT5A-B-C-D.txt	Ecdysozoa_Priapulida_Priapulus_caudatus	/rna/liha/phylogenomics_practice/TENT/TENT5/Blast/Results/Ecdysozoa_Priapulida_Priapulus_caudatus/Ecdysozoa_Priapulida_TENT5A-B-C-D.txt
TENT5D_Homo_sapiens	XP_014671930.1	47.568	370	93	3.06e-117	346	PREDICTED: protein FAM46C-like [Priapulus caudatus]	Ecdysozoa_Priapulida_TENT5A-B-C-D.txt	Ecdysozoa_Priapulida_Priapulus_caudatus	/rna/liha/phylogenomics_practice/TENT/TENT5/Blast/Results/Ecdysozoa_Priapulida_Priapulus_caudatus/Ecdysozoa_Priapulida_TENT5A-B-C-D.txt
TENT5D_Homo_sapiens	XP_014675022.1	49.143	350	85	4.36e-112	335	PREDICTED: protein FAM46C-like [Priapulus caudatus]	Ecdysozoa_Priapulida_TENT5A-B-C-D.txt	Ecdysozoa_Priapulida_Priapulus_caudatus	/rna/liha/phylogenomics_practice/TENT/TENT5/Blast/Results/Ecdysozoa_Priapulida_Priapulus_caudatus/Ecdysozoa_Priapulida_TENT5A-B-C-D.txt
TENT5D_Homo_sapiens	XP_014678164.1	24.752	101	25	2.2	29.6	PREDICTED: CCA tRNA nucleotidyltransferase 1, mitochondrial-like [Priapulus caudatus]	Ecdysozoa_Priapulida_TENT5A-B-C-D.txt	Ecdysozoa_Priapulida_Priapulus_caudatus	/rna/liha/phylogenomics_practice/TENT/TENT5/Blast/Results/Ecdysozoa_Priapulida_Priapulus_caudatus/Ecdysozoa_Priapulida_TENT5A-B-C-D.txt
TENT5D_Homo_sapiens	XP_014669850.1	24.194	62	16	3.8	29.3	PREDICTED: probable ATP-dependent DNA helicase HFM1 [Priapulus caudatus]	Ecdysozoa_Priapulida_TENT5A-B-C-D.txt	Ecdysozoa_Priapulida_Priapulus_caudatus	/rna/liha/phylogenomics_practice/TENT/TENT5/Blast/Results/Ecdysozoa_Priapulida_Priapulus_caudatus/Ecdysozoa_Priapulida_TENT5A-B-C-D.txt
TENT5D_Homo_sapiens	XP_014676952.1	30.909	55	14	4.5	28.1	PREDICTED: uncharacterized protein LOC106816831 [Priapulus caudatus]	Ecdysozoa_Priapulida_TENT5A-B-C-D.txt	Ecdysozoa_Priapulida_Priapulus_caudatus	/rna/liha/phylogenomics_practice/TENT/TENT5/Blast/Results/Ecdysozoa_Priapulida_Priapulus_caudatus/Ecdysozoa_Priapulida_TENT5A-B-C-D.txt
TENT5D_Homo_sapiens	XP_014675920.1	22.556	133	33	8.0	28.1	PREDICTED: E3 ubiquitin-protein ligase UBR5-like [Priapulus caudatus]	Ecdysozoa_Priapulida_TENT5A-B-C-D.txt	Ecdysozoa_Priapulida_Priapulus_caudatus	/rna/liha/phylogenomics_practice/TENT/TENT5/Blast/Results/Ecdysozoa_Priapulida_Priapulus_caudatus/Ecdysozoa_Priapulida_TENT5A-B-C-D.txt
TENT5D_Homo_sapiens	XP_014666583.1	27.941	68	16	9.2	27.7	PREDICTED: glutamate-gated chloride channel-like isoform X1 [Priapulus caudatus]	Ecdysozoa_Priapulida_TENT5A-B-C-D.txt	Ecdysozoa_Priapulida_Priapulus_caudatus	/rna/liha/phylogenomics_practice/TENT/TENT5/Blast/Results/Ecdysozoa_Priapulida_Priapulus_caudatus/Ecdysozoa_Priapulida_TENT5A-B-C-D.txt
TENT5D_Homo_sapiens	XP_014666584.1	27.941	68	16	9.3	27.7	PREDICTED: glutamate-gated chloride channel-like isoform X2 [Priapulus caudatus]	Ecdysozoa_Priapulida_TENT5A-B-C-D.txt	Ecdysozoa_Priapulida_Priapulus_caudatus	/rna/liha/phylogenomics_practice/TENT/TENT5/Blast/Results/Ecdysozoa_Priapulida_Priapulus_caudatus/Ecdysozoa_Priapulida_TENT5A-B-C-D.txt
TENT5D_Homo_sapiens	XP_014666585.1	27.941	68	16	9.7	27.7	PREDICTED: glutamate-gated chloride channel-like isoform X3 [Priapulus caudatus]	Ecdysozoa_Priapulida_TENT5A-B-C-D.txt	Ecdysozoa_Priapulida_Priapulus_caudatus	/rna/liha/phylogenomics_practice/TENT/TENT5/Blast/Results/Ecdysozoa_Priapulida_Priapulus_caudatus/Ecdysozoa_Priapulida_TENT5A-B-C-D.txt
TENT5A_Homo_sapiens	XP_013392374.1	62.388	335	74	5.63e-146	422	putative nucleotidyltransferase FAM46C isoform X2 [Lingula anatina]	Lophotrochozoa_Brachiopoda_TENT5A-B-C-D.txt	Lophotrochozoa_Brachiopoda_Lingula_anatina	/rna/liha/phylogenomics_practice/TENT/TENT5/Blast/Results/Lophotrochozoa_Brachiopoda_Lingula_anatina/Lophotrochozoa_Brachiopoda_TENT5A-B-C-D.txt
TENT5A_Homo_sapiens	XP_013392373.1	62.388	335	74	7.59e-146	422	putative nucleotidyltransferase FAM46C isoform X1 [Lingula anatina]	Lophotrochozoa_Brachiopoda_TENT5A-B-C-D.txt	Lophotrochozoa_Brachiopoda_Lingula_anatina	/rna/liha/phylogenomics_practice/TENT/TENT5/Blast/Results/Lophotrochozoa_Brachiopoda_Lingula_anatina/Lophotrochozoa_Brachiopoda_TENT5A-B-C-D.txt
TENT5B_Homo_sapiens	XP_013392374.1	56.047	339	78	3.50e-138	402	putative nucleotidyltransferase FAM46C isoform X2 [Lingula anatina]	Lophotrochozoa_Brachiopoda_TENT5A-B-C-D.txt	Lophotrochozoa_Brachiopoda_Lingula_anatina	/rna/liha/phylogenomics_practice/TENT/TENT5/Blast/Results/Lophotrochozoa_Brachiopoda_Lingula_anatina/Lophotrochozoa_Brachiopoda_TENT5A-B-C-D.txt
TENT5B_Homo_sapiens	XP_013392373.1	56.047	339	78	6.24e-138	401	putative nucleotidyltransferase FAM46C isoform X1 [Lingula anatina]	Lophotrochozoa_Brachiopoda_TENT5A-B-C-D.txt	Lophotrochozoa_Brachiopoda_Lingula_anatina	/rna/liha/phylogenomics_practice/TENT/TENT5/Blast/Results/Lophotrochozoa_Brachiopoda_Lingula_anatina/Lophotrochozoa_Brachiopoda_TENT5A-B-C-D.txt
TENT5B_Homo_sapiens	XP_013418238.1	32.143	56	13	5.6	30.0	5-oxoprolinase [Lingula anatina]	Lophotrochozoa_Brachiopoda_TENT5A-B-C-D.txt	Lophotrochozoa_Brachiopoda_Lingula_anatina	/rna/liha/phylogenomics_practice/TENT/TENT5/Blast/Results/Lophotrochozoa_Brachiopoda_Lingula_anatina/Lophotrochozoa_Brachiopoda_TENT5A-B-C-D.txt
TENT5B_Homo_sapiens	XP_013384749.1	30.645	62	14	5.7	29.6	cleavage and polyadenylation specificity factor subunit 4 [Lingula anatina]	Lophotrochozoa_Brachiopoda_TENT5A-B-C-D.txt	Lophotrochozoa_Brachiopoda_Lingula_anatina	/rna/liha/phylogenomics_practice/TENT/TENT5/Blast/Results/Lophotrochozoa_Brachiopoda_Lingula_anatina/Lophotrochozoa_Brachiopoda_TENT5A-B-C-D.txt
TENT5B_Homo_sapiens	XP_013395362.1	25.225	111	24	6.1	29.6	methionine synthase reductase [Lingula anatina]	Lophotrochozoa_Brachiopoda_TENT5A-B-C-D.txt	Lophotrochozoa_Brachiopoda_Lingula_anatina	/rna/liha/phylogenomics_practice/TENT/TENT5/Blast/Results/Lophotrochozoa_Brachiopoda_Lingula_anatina/Lophotrochozoa_Brachiopoda_TENT5A-B-C-D.txt
TENT5B_Homo_sapiens	XP_013419833.1	32.143	56	13	6.2	29.6	5-oxoprolinase-like [Lingula anatina]	Lophotrochozoa_Brachiopoda_TENT5A-B-C-D.txt	Lophotrochozoa_Brachiopoda_Lingula_anatina	/rna/liha/phylogenomics_practice/TENT/TENT5/Blast/Results/Lophotrochozoa_Brachiopoda_Lingula_anatina/Lophotrochozoa_Brachiopoda_TENT5A-B-C-D.txt
TENT5B_Homo_sapiens	XP_013390011.1	22.837	289	58	7.3	29.6	AP-3 complex subunit delta-1-like isoform X2 [Lingula anatina]	Lophotrochozoa_Brachiopoda_TENT5A-B-C-D.txt	Lophotrochozoa_Brachiopoda_Lingula_anatina	/rna/liha/phylogenomics_practice/TENT/TENT5/Blast/Results/Lophotrochozoa_Brachiopoda_Lingula_anatina/Lophotrochozoa_Brachiopoda_TENT5A-B-C-D.txt
TENT5B_Homo_sapiens	XP_013390010.1	22.837	289	58	7.3	29.6	AP-3 complex subunit delta-1-like isoform X1 [Lingula anatina]	Lophotrochozoa_Brachiopoda_TENT5A-B-C-D.txt	Lophotrochozoa_Brachiopoda_Lingula_anatina	/rna/liha/phylogenomics_practice/TENT/TENT5/Blast/Results/Lophotrochozoa_Brachiopoda_Lingula_anatina/Lophotrochozoa_Brachiopoda_TENT5A-B-C-D.txt
TENT5B_Homo_sapiens	XP_013395681.1	36.000	50	12	7.4	29.6	uncharacterized protein LOC106162802 [Lingula anatina]	Lophotrochozoa_Brachiopoda_TENT5A-B-C-D.txt	Lophotrochozoa_Brachiopoda_Lingula_anatina	/rna/liha/phylogenomics_practice/TENT/TENT5/Blast/Results/Lophotrochozoa_Brachiopoda_Lingula_anatina/Lophotrochozoa_Brachiopoda_TENT5A-B-C-D.txt
TENT5B_Homo_sapiens	XP_013416471.2	36.000	50	12	7.7	29.6	uncharacterized protein LOC106178022 [Lingula anatina]	Lophotrochozoa_Brachiopoda_TENT5A-B-C-D.txt	Lophotrochozoa_Brachiopoda_Lingula_anatina	/rna/liha/phylogenomics_practice/TENT/TENT5/Blast/Results/Lophotrochozoa_Brachiopoda_Lingula_anatina/Lophotrochozoa_Brachiopoda_TENT5A-B-C-D.txt
TENT5C_Homo_sapiens	XP_013392374.1	57.143	350	88	1.33e-138	401	putative nucleotidyltransferase FAM46C isoform X2 [Lingula anatina]	Lophotrochozoa_Brachiopoda_TENT5A-B-C-D.txt	Lophotrochozoa_Brachiopoda_Lingula_anatina	/rna/liha/phylogenomics_practice/TENT/TENT5/Blast/Results/Lophotrochozoa_Brachiopoda_Lingula_anatina/Lophotrochozoa_Brachiopoda_TENT5A-B-C-D.txt
TENT5C_Homo_sapiens	XP_013392373.1	57.143	350	88	2.04e-138	401	putative nucleotidyltransferase FAM46C isoform X1 [Lingula anatina]	Lophotrochozoa_Brachiopoda_TENT5A-B-C-D.txt	Lophotrochozoa_Brachiopoda_Lingula_anatina	/rna/liha/phylogenomics_practice/TENT/TENT5/Blast/Results/Lophotrochozoa_Brachiopoda_Lingula_anatina/Lophotrochozoa_Brachiopoda_TENT5A-B-C-D.txt
TENT5C_Homo_sapiens	XP_013415115.1	25.000	76	19	5.9	29.6	echinoderm microtubule-associated protein-like 4 isoform X2 [Lingula anatina]	Lophotrochozoa_Brachiopoda_TENT5A-B-C-D.txt	Lophotrochozoa_Brachiopoda_Lingula_anatina	/rna/liha/phylogenomics_practice/TENT/TENT5/Blast/Results/Lophotrochozoa_Brachiopoda_Lingula_anatina/Lophotrochozoa_Brachiopoda_TENT5A-B-C-D.txt
TENT5C_Homo_sapiens	XP_013415114.1	25.000	76	19	6.3	29.6	echinoderm microtubule-associated protein-like 4 isoform X1 [Lingula anatina]	Lophotrochozoa_Brachiopoda_TENT5A-B-C-D.txt	Lophotrochozoa_Brachiopoda_Lingula_anatina	/rna/liha/phylogenomics_practice/TENT/TENT5/Blast/Results/Lophotrochozoa_Brachiopoda_Lingula_anatina/Lophotrochozoa_Brachiopoda_TENT5A-B-C-D.txt
TENT5C_Homo_sapiens	XP_013406957.1	34.848	66	17	6.9	29.6	xanthine dehydrogenase isoform X2 [Lingula anatina]	Lophotrochozoa_Brachiopoda_TENT5A-B-C-D.txt	Lophotrochozoa_Brachiopoda_Lingula_anatina	/rna/liha/phylogenomics_practice/TENT/TENT5/Blast/Results/Lophotrochozoa_Brachiopoda_Lingula_anatina/Lophotrochozoa_Brachiopoda_TENT5A-B-C-D.txt
TENT5C_Homo_sapiens	XP_013406955.1	34.848	66	17	6.9	29.6	xanthine dehydrogenase isoform X1 [Lingula anatina]	Lophotrochozoa_Brachiopoda_TENT5A-B-C-D.txt	Lophotrochozoa_Brachiopoda_Lingula_anatina	/rna/liha/phylogenomics_practice/TENT/TENT5/Blast/Results/Lophotrochozoa_Brachiopoda_Lingula_anatina/Lophotrochozoa_Brachiopoda_TENT5A-B-C-D.txt
TENT5C_Homo_sapiens	XP_013399861.1	25.620	121	29	7.4	29.6	probable ATP-dependent RNA helicase DHX58 [Lingula anatina]	Lophotrochozoa_Brachiopoda_TENT5A-B-C-D.txt	Lophotrochozoa_Brachiopoda_Lingula_anatina	/rna/liha/phylogenomics_practice/TENT/TENT5/Blast/Results/Lophotrochozoa_Brachiopoda_Lingula_anatina/Lophotrochozoa_Brachiopoda_TENT5A-B-C-D.txt
TENT5D_Homo_sapiens	XP_013392374.1	55.287	331	84	1.10e-132	386	putative nucleotidyltransferase FAM46C isoform X2 [Lingula anatina]	Lophotrochozoa_Brachiopoda_TENT5A-B-C-D.txt	Lophotrochozoa_Brachiopoda_Lingula_anatina	/rna/liha/phylogenomics_practice/TENT/TENT5/Blast/Results/Lophotrochozoa_Brachiopoda_Lingula_anatina/Lophotrochozoa_Brachiopoda_TENT5A-B-C-D.txt
TENT5D_Homo_sapiens	XP_013392373.1	55.287	331	84	1.44e-132	386	putative nucleotidyltransferase FAM46C isoform X1 [Lingula anatina]	Lophotrochozoa_Brachiopoda_TENT5A-B-C-D.txt	Lophotrochozoa_Brachiopoda_Lingula_anatina	/rna/liha/phylogenomics_practice/TENT/TENT5/Blast/Results/Lophotrochozoa_Brachiopoda_Lingula_anatina/Lophotrochozoa_Brachiopoda_TENT5A-B-C-D.txt
TENT5D_Homo_sapiens	XP_013403046.1	39.130	46	12	0.45	33.1	uncharacterized protein LOC106168506 [Lingula anatina]	Lophotrochozoa_Brachiopoda_TENT5A-B-C-D.txt	Lophotrochozoa_Brachiopoda_Lingula_anatina	/rna/liha/phylogenomics_practice/TENT/TENT5/Blast/Results/Lophotrochozoa_Brachiopoda_Lingula_anatina/Lophotrochozoa_Brachiopoda_TENT5A-B-C-D.txt
TENT5D_Homo_sapiens	XP_013400586.1	30.435	69	15	1.4	31.2	uncharacterized protein LOC106166533 [Lingula anatina]	Lophotrochozoa_Brachiopoda_TENT5A-B-C-D.txt	Lophotrochozoa_Brachiopoda_Lingula_anatina	/rna/liha/phylogenomics_practice/TENT/TENT5/Blast/Results/Lophotrochozoa_Brachiopoda_Lingula_anatina/Lophotrochozoa_Brachiopoda_TENT5A-B-C-D.txt
TENT5D_Homo_sapiens	XP_013397357.1	30.435	69	15	1.6	31.6	uncharacterized protein LOC106164103 [Lingula anatina]	Lophotrochozoa_Brachiopoda_TENT5A-B-C-D.txt	Lophotrochozoa_Brachiopoda_Lingula_anatina	/rna/liha/phylogenomics_practice/TENT/TENT5/Blast/Results/Lophotrochozoa_Brachiopoda_Lingula_anatina/Lophotrochozoa_Brachiopoda_TENT5A-B-C-D.txt
TENT5D_Homo_sapiens	XP_013419440.1	30.435	69	15	1.7	31.6	uncharacterized protein LOC106180094 [Lingula anatina]	Lophotrochozoa_Brachiopoda_TENT5A-B-C-D.txt	Lophotrochozoa_Brachiopoda_Lingula_anatina	/rna/liha/phylogenomics_practice/TENT/TENT5/Blast/Results/Lophotrochozoa_Brachiopoda_Lingula_anatina/Lophotrochozoa_Brachiopoda_TENT5A-B-C-D.txt
TENT5D_Homo_sapiens	XP_013393602.1	29.091	55	14	7.2	28.5	myohemerythrin-like [Lingula anatina]	Lophotrochozoa_Brachiopoda_TENT5A-B-C-D.txt	Lophotrochozoa_Brachiopoda_Lingula_anatina	/rna/liha/phylogenomics_practice/TENT/TENT5/Blast/Results/Lophotrochozoa_Brachiopoda_Lingula_anatina/Lophotrochozoa_Brachiopoda_TENT5A-B-C-D.txt
TENT5A_Homo_sapiens	YP_007026052.1	42.857	14	3	2.2	18.9	NADH dehydrogenase subunit 3 [Carcinoscorpius rotundicauda]	Ecdysozoa_Arthropoda (Xiphosura)_TENT5A-B-C-D.txt	Ecdysozoa_Arthropoda (Xiphosura)_Carcinoscorpius_rotundicauda	/rna/liha/phylogenomics_practice/TENT/TENT5/Blast/Results/Ecdysozoa_Arthropoda (Xiphosura)_Carcinoscorpius_rotundicauda/Ecdysozoa_Arthropoda (Xiphosura)_TENT5A-B-C-D.txt
TENT5A_Homo_sapiens	YP_007026054.1	29.032	31	7	2.4	19.2	NADH dehydrogenase subunit 4 [Carcinoscorpius rotundicauda]	Ecdysozoa_Arthropoda (Xiphosura)_TENT5A-B-C-D.txt	Ecdysozoa_Arthropoda (Xiphosura)_Carcinoscorpius_rotundicauda	/rna/liha/phylogenomics_practice/TENT/TENT5/Blast/Results/Ecdysozoa_Arthropoda (Xiphosura)_Carcinoscorpius_rotundicauda/Ecdysozoa_Arthropoda (Xiphosura)_TENT5A-B-C-D.txt
TENT5A_Homo_sapiens	YP_007026048.1	50.000	12	3	3.6	18.5	cytochrome c oxidase subunit II [Carcinoscorpius rotundicauda]	Ecdysozoa_Arthropoda (Xiphosura)_TENT5A-B-C-D.txt	Ecdysozoa_Arthropoda (Xiphosura)_Carcinoscorpius_rotundicauda	/rna/liha/phylogenomics_practice/TENT/TENT5/Blast/Results/Ecdysozoa_Arthropoda (Xiphosura)_Carcinoscorpius_rotundicauda/Ecdysozoa_Arthropoda (Xiphosura)_TENT5A-B-C-D.txt
TENT5A_Homo_sapiens	YP_007026053.1	23.596	89	36	5.7	17.7	NADH dehydrogenase subunit 5 [Carcinoscorpius rotundicauda]	Ecdysozoa_Arthropoda (Xiphosura)_TENT5A-B-C-D.txt	Ecdysozoa_Arthropoda (Xiphosura)_Carcinoscorpius_rotundicauda	/rna/liha/phylogenomics_practice/TENT/TENT5/Blast/Results/Ecdysozoa_Arthropoda (Xiphosura)_Carcinoscorpius_rotundicauda/Ecdysozoa_Arthropoda (Xiphosura)_TENT5A-B-C-D.txt
TENT5A_Homo_sapiens	YP_007026053.1	23.377	77	36	8.5	17.3	NADH dehydrogenase subunit 5 [Carcinoscorpius rotundicauda]	Ecdysozoa_Arthropoda (Xiphosura)_TENT5A-B-C-D.txt	Ecdysozoa_Arthropoda (Xiphosura)_Carcinoscorpius_rotundicauda	/rna/liha/phylogenomics_practice/TENT/TENT5/Blast/Results/Ecdysozoa_Arthropoda (Xiphosura)_Carcinoscorpius_rotundicauda/Ecdysozoa_Arthropoda (Xiphosura)_TENT5A-B-C-D.txt
TENT5A_Homo_sapiens	YP_007026058.1	33.333	24	5	8.4	17.3	NADH dehydrogenase subunit 1 [Carcinoscorpius rotundicauda]	Ecdysozoa_Arthropoda (Xiphosura)_TENT5A-B-C-D.txt	Ecdysozoa_Arthropoda (Xiphosura)_Carcinoscorpius_rotundicauda	/rna/liha/phylogenomics_practice/TENT/TENT5/Blast/Results/Ecdysozoa_Arthropoda (Xiphosura)_Carcinoscorpius_rotundicauda/Ecdysozoa_Arthropoda (Xiphosura)_TENT5A-B-C-D.txt
TENT5A_Homo_sapiens	YP_007026047.1	31.579	19	4	9.6	17.3	cytochrome c oxidase subunit I, partial [Carcinoscorpius rotundicauda]	Ecdysozoa_Arthropoda (Xiphosura)_TENT5A-B-C-D.txt	Ecdysozoa_Arthropoda (Xiphosura)_Carcinoscorpius_rotundicauda	/rna/liha/phylogenomics_practice/TENT/TENT5/Blast/Results/Ecdysozoa_Arthropoda (Xiphosura)_Carcinoscorpius_rotundicauda/Ecdysozoa_Arthropoda (Xiphosura)_TENT5A-B-C-D.txt
TENT5B_Homo_sapiens	YP_007026048.1	85.714	7	6	2.0	19.2	cytochrome c oxidase subunit II [Carcinoscorpius rotundicauda]	Ecdysozoa_Arthropoda (Xiphosura)_TENT5A-B-C-D.txt	Ecdysozoa_Arthropoda (Xiphosura)_Carcinoscorpius_rotundicauda	/rna/liha/phylogenomics_practice/TENT/TENT5/Blast/Results/Ecdysozoa_Arthropoda (Xiphosura)_Carcinoscorpius_rotundicauda/Ecdysozoa_Arthropoda (Xiphosura)_TENT5A-B-C-D.txt
TENT5B_Homo_sapiens	YP_007026048.1	32.143	28	6	8.8	16.9	cytochrome c oxidase subunit II [Carcinoscorpius rotundicauda]	Ecdysozoa_Arthropoda (Xiphosura)_TENT5A-B-C-D.txt	Ecdysozoa_Arthropoda (Xiphosura)_Carcinoscorpius_rotundicauda	/rna/liha/phylogenomics_practice/TENT/TENT5/Blast/Results/Ecdysozoa_Arthropoda (Xiphosura)_Carcinoscorpius_rotundicauda/Ecdysozoa_Arthropoda (Xiphosura)_TENT5A-B-C-D.txt
TENT5B_Homo_sapiens	YP_007026053.1	25.333	75	18	2.6	18.9	NADH dehydrogenase subunit 5 [Carcinoscorpius rotundicauda]	Ecdysozoa_Arthropoda (Xiphosura)_TENT5A-B-C-D.txt	Ecdysozoa_Arthropoda (Xiphosura)_Carcinoscorpius_rotundicauda	/rna/liha/phylogenomics_practice/TENT/TENT5/Blast/Results/Ecdysozoa_Arthropoda (Xiphosura)_Carcinoscorpius_rotundicauda/Ecdysozoa_Arthropoda (Xiphosura)_TENT5A-B-C-D.txt
TENT5B_Homo_sapiens	YP_007026057.1	41.667	12	3	3.6	18.5	cytochrome b [Carcinoscorpius rotundicauda]	Ecdysozoa_Arthropoda (Xiphosura)_TENT5A-B-C-D.txt	Ecdysozoa_Arthropoda (Xiphosura)_Carcinoscorpius_rotundicauda	/rna/liha/phylogenomics_practice/TENT/TENT5/Blast/Results/Ecdysozoa_Arthropoda (Xiphosura)_Carcinoscorpius_rotundicauda/Ecdysozoa_Arthropoda (Xiphosura)_TENT5A-B-C-D.txt
TENT5C_Homo_sapiens	YP_007026046.1	31.707	41	13	0.47	21.2	NADH dehydrogenase subunit 2 [Carcinoscorpius rotundicauda]	Ecdysozoa_Arthropoda (Xiphosura)_TENT5A-B-C-D.txt	Ecdysozoa_Arthropoda (Xiphosura)_Carcinoscorpius_rotundicauda	/rna/liha/phylogenomics_practice/TENT/TENT5/Blast/Results/Ecdysozoa_Arthropoda (Xiphosura)_Carcinoscorpius_rotundicauda/Ecdysozoa_Arthropoda (Xiphosura)_TENT5A-B-C-D.txt
TENT5C_Homo_sapiens	YP_007026046.1	60.000	10	13	2.1	18.9	NADH dehydrogenase subunit 2 [Carcinoscorpius rotundicauda]	Ecdysozoa_Arthropoda (Xiphosura)_TENT5A-B-C-D.txt	Ecdysozoa_Arthropoda (Xiphosura)_Carcinoscorpius_rotundicauda	/rna/liha/phylogenomics_practice/TENT/TENT5/Blast/Results/Ecdysozoa_Arthropoda (Xiphosura)_Carcinoscorpius_rotundicauda/Ecdysozoa_Arthropoda (Xiphosura)_TENT5A-B-C-D.txt
TENT5C_Homo_sapiens	YP_007026058.1	34.483	29	7	4.5	18.1	NADH dehydrogenase subunit 1 [Carcinoscorpius rotundicauda]	Ecdysozoa_Arthropoda (Xiphosura)_TENT5A-B-C-D.txt	Ecdysozoa_Arthropoda (Xiphosura)_Carcinoscorpius_rotundicauda	/rna/liha/phylogenomics_practice/TENT/TENT5/Blast/Results/Ecdysozoa_Arthropoda (Xiphosura)_Carcinoscorpius_rotundicauda/Ecdysozoa_Arthropoda (Xiphosura)_TENT5A-B-C-D.txt
TENT5C_Homo_sapiens	YP_007026052.1	35.294	17	8	4.8	17.7	NADH dehydrogenase subunit 3 [Carcinoscorpius rotundicauda]	Ecdysozoa_Arthropoda (Xiphosura)_TENT5A-B-C-D.txt	Ecdysozoa_Arthropoda (Xiphosura)_Carcinoscorpius_rotundicauda	/rna/liha/phylogenomics_practice/TENT/TENT5/Blast/Results/Ecdysozoa_Arthropoda (Xiphosura)_Carcinoscorpius_rotundicauda/Ecdysozoa_Arthropoda (Xiphosura)_TENT5A-B-C-D.txt
TENT5C_Homo_sapiens	YP_007026052.1	42.857	14	8	6.8	16.9	NADH dehydrogenase subunit 3 [Carcinoscorpius rotundicauda]	Ecdysozoa_Arthropoda (Xiphosura)_TENT5A-B-C-D.txt	Ecdysozoa_Arthropoda (Xiphosura)_Carcinoscorpius_rotundicauda	/rna/liha/phylogenomics_practice/TENT/TENT5/Blast/Results/Ecdysozoa_Arthropoda (Xiphosura)_Carcinoscorpius_rotundicauda/Ecdysozoa_Arthropoda (Xiphosura)_TENT5A-B-C-D.txt
TENT5C_Homo_sapiens	YP_007026047.1	50.000	14	4	5.7	17.7	cytochrome c oxidase subunit I, partial [Carcinoscorpius rotundicauda]	Ecdysozoa_Arthropoda (Xiphosura)_TENT5A-B-C-D.txt	Ecdysozoa_Arthropoda (Xiphosura)_Carcinoscorpius_rotundicauda	/rna/liha/phylogenomics_practice/TENT/TENT5/Blast/Results/Ecdysozoa_Arthropoda (Xiphosura)_Carcinoscorpius_rotundicauda/Ecdysozoa_Arthropoda (Xiphosura)_TENT5A-B-C-D.txt
TENT5C_Homo_sapiens	YP_007026048.1	47.619	21	5	9.3	16.9	cytochrome c oxidase subunit II [Carcinoscorpius rotundicauda]	Ecdysozoa_Arthropoda (Xiphosura)_TENT5A-B-C-D.txt	Ecdysozoa_Arthropoda (Xiphosura)_Carcinoscorpius_rotundicauda	/rna/liha/phylogenomics_practice/TENT/TENT5/Blast/Results/Ecdysozoa_Arthropoda (Xiphosura)_Carcinoscorpius_rotundicauda/Ecdysozoa_Arthropoda (Xiphosura)_TENT5A-B-C-D.txt
TENT5D_Homo_sapiens	YP_007026058.1	44.444	27	7	0.021	25.4	NADH dehydrogenase subunit 1 [Carcinoscorpius rotundicauda]	Ecdysozoa_Arthropoda (Xiphosura)_TENT5A-B-C-D.txt	Ecdysozoa_Arthropoda (Xiphosura)_Carcinoscorpius_rotundicauda	/rna/liha/phylogenomics_practice/TENT/TENT5/Blast/Results/Ecdysozoa_Arthropoda (Xiphosura)_Carcinoscorpius_rotundicauda/Ecdysozoa_Arthropoda (Xiphosura)_TENT5A-B-C-D.txt
TENT5D_Homo_sapiens	YP_007026054.1	40.909	22	5	0.69	20.8	NADH dehydrogenase subunit 4 [Carcinoscorpius rotundicauda]	Ecdysozoa_Arthropoda (Xiphosura)_TENT5A-B-C-D.txt	Ecdysozoa_Arthropoda (Xiphosura)_Carcinoscorpius_rotundicauda	/rna/liha/phylogenomics_practice/TENT/TENT5/Blast/Results/Ecdysozoa_Arthropoda (Xiphosura)_Carcinoscorpius_rotundicauda/Ecdysozoa_Arthropoda (Xiphosura)_TENT5A-B-C-D.txt
TENT5D_Homo_sapiens	YP_007026048.1	29.630	27	7	4.2	18.1	cytochrome c oxidase subunit II [Carcinoscorpius rotundicauda]	Ecdysozoa_Arthropoda (Xiphosura)_TENT5A-B-C-D.txt	Ecdysozoa_Arthropoda (Xiphosura)_Carcinoscorpius_rotundicauda	/rna/liha/phylogenomics_practice/TENT/TENT5/Blast/Results/Ecdysozoa_Arthropoda (Xiphosura)_Carcinoscorpius_rotundicauda/Ecdysozoa_Arthropoda (Xiphosura)_TENT5A-B-C-D.txt
TENT5D_Homo_sapiens	YP_007026047.1	50.000	12	7	6.1	17.7	cytochrome c oxidase subunit I, partial [Carcinoscorpius rotundicauda]	Ecdysozoa_Arthropoda (Xiphosura)_TENT5A-B-C-D.txt	Ecdysozoa_Arthropoda (Xiphosura)_Carcinoscorpius_rotundicauda	/rna/liha/phylogenomics_practice/TENT/TENT5/Blast/Results/Ecdysozoa_Arthropoda (Xiphosura)_Carcinoscorpius_rotundicauda/Ecdysozoa_Arthropoda (Xiphosura)_TENT5A-B-C-D.txt
TENT5D_Homo_sapiens	YP_007026047.1	42.857	14	7	7.2	17.3	cytochrome c oxidase subunit I, partial [Carcinoscorpius rotundicauda]	Ecdysozoa_Arthropoda (Xiphosura)_TENT5A-B-C-D.txt	Ecdysozoa_Arthropoda (Xiphosura)_Carcinoscorpius_rotundicauda	/rna/liha/phylogenomics_practice/TENT/TENT5/Blast/Results/Ecdysozoa_Arthropoda (Xiphosura)_Carcinoscorpius_rotundicauda/Ecdysozoa_Arthropoda (Xiphosura)_TENT5A-B-C-D.txt
TENT5A_Homo_sapiens	XP_064628773.1	62.236	331	74	3.45e-147	425	terminal nucleotidyltransferase 5C-like isoform X2 [Lineus longissimus]	Lophotrochozoa_Nemertea_TENT5A-B-C-D.txt	Lophotrochozoa_Nemertea_Lineus_longissimus	/rna/liha/phylogenomics_practice/TENT/TENT5/Blast/Results/Lophotrochozoa_Nemertea_Lineus_longissimus/Lophotrochozoa_Nemertea_TENT5A-B-C-D.txt
TENT5A_Homo_sapiens	XP_064628772.1	62.236	331	74	9.61e-147	426	terminal nucleotidyltransferase 5C-like isoform X1 [Lineus longissimus]	Lophotrochozoa_Nemertea_TENT5A-B-C-D.txt	Lophotrochozoa_Nemertea_Lineus_longissimus	/rna/liha/phylogenomics_practice/TENT/TENT5/Blast/Results/Lophotrochozoa_Nemertea_Lineus_longissimus/Lophotrochozoa_Nemertea_TENT5A-B-C-D.txt
TENT5B_Homo_sapiens	XP_064628773.1	56.069	346	81	6.84e-143	414	terminal nucleotidyltransferase 5C-like isoform X2 [Lineus longissimus]	Lophotrochozoa_Nemertea_TENT5A-B-C-D.txt	Lophotrochozoa_Nemertea_Lineus_longissimus	/rna/liha/phylogenomics_practice/TENT/TENT5/Blast/Results/Lophotrochozoa_Nemertea_Lineus_longissimus/Lophotrochozoa_Nemertea_TENT5A-B-C-D.txt
TENT5B_Homo_sapiens	XP_064628772.1	56.069	346	81	4.37e-142	413	terminal nucleotidyltransferase 5C-like isoform X1 [Lineus longissimus]	Lophotrochozoa_Nemertea_TENT5A-B-C-D.txt	Lophotrochozoa_Nemertea_Lineus_longissimus	/rna/liha/phylogenomics_practice/TENT/TENT5/Blast/Results/Lophotrochozoa_Nemertea_Lineus_longissimus/Lophotrochozoa_Nemertea_TENT5A-B-C-D.txt
TENT5B_Homo_sapiens	XP_064646234.1	44.737	38	9	1.2	32.3	titin-like [Lineus longissimus]	Lophotrochozoa_Nemertea_TENT5A-B-C-D.txt	Lophotrochozoa_Nemertea_Lineus_longissimus	/rna/liha/phylogenomics_practice/TENT/TENT5/Blast/Results/Lophotrochozoa_Nemertea_Lineus_longissimus/Lophotrochozoa_Nemertea_TENT5A-B-C-D.txt
TENT5B_Homo_sapiens	XP_064649530.1	26.923	78	18	1.5	32.0	uncharacterized protein LOC135501378 [Lineus longissimus]	Lophotrochozoa_Nemertea_TENT5A-B-C-D.txt	Lophotrochozoa_Nemertea_Lineus_longissimus	/rna/liha/phylogenomics_practice/TENT/TENT5/Blast/Results/Lophotrochozoa_Nemertea_Lineus_longissimus/Lophotrochozoa_Nemertea_TENT5A-B-C-D.txt
TENT5B_Homo_sapiens	XP_064646232.1	42.105	38	9	8.0	29.6	titin-like, partial [Lineus longissimus]	Lophotrochozoa_Nemertea_TENT5A-B-C-D.txt	Lophotrochozoa_Nemertea_Lineus_longissimus	/rna/liha/phylogenomics_practice/TENT/TENT5/Blast/Results/Lophotrochozoa_Nemertea_Lineus_longissimus/Lophotrochozoa_Nemertea_TENT5A-B-C-D.txt
TENT5C_Homo_sapiens	XP_064628773.1	58.438	397	97	1.07e-156	447	terminal nucleotidyltransferase 5C-like isoform X2 [Lineus longissimus]	Lophotrochozoa_Nemertea_TENT5A-B-C-D.txt	Lophotrochozoa_Nemertea_Lineus_longissimus	/rna/liha/phylogenomics_practice/TENT/TENT5/Blast/Results/Lophotrochozoa_Nemertea_Lineus_longissimus/Lophotrochozoa_Nemertea_TENT5A-B-C-D.txt
TENT5C_Homo_sapiens	XP_064628772.1	58.690	397	97	4.01e-156	447	terminal nucleotidyltransferase 5C-like isoform X1 [Lineus longissimus]	Lophotrochozoa_Nemertea_TENT5A-B-C-D.txt	Lophotrochozoa_Nemertea_Lineus_longissimus	/rna/liha/phylogenomics_practice/TENT/TENT5/Blast/Results/Lophotrochozoa_Nemertea_Lineus_longissimus/Lophotrochozoa_Nemertea_TENT5A-B-C-D.txt
TENT5C_Homo_sapiens	XP_064650740.1	29.545	88	22	0.24	34.3	deleted in malignant brain tumors 1 protein-like isoform X1 [Lineus longissimus]	Lophotrochozoa_Nemertea_TENT5A-B-C-D.txt	Lophotrochozoa_Nemertea_Lineus_longissimus	/rna/liha/phylogenomics_practice/TENT/TENT5/Blast/Results/Lophotrochozoa_Nemertea_Lineus_longissimus/Lophotrochozoa_Nemertea_TENT5A-B-C-D.txt
TENT5C_Homo_sapiens	XP_064650741.1	29.545	88	22	0.27	34.3	deleted in malignant brain tumors 1 protein-like isoform X2 [Lineus longissimus]	Lophotrochozoa_Nemertea_TENT5A-B-C-D.txt	Lophotrochozoa_Nemertea_Lineus_longissimus	/rna/liha/phylogenomics_practice/TENT/TENT5/Blast/Results/Lophotrochozoa_Nemertea_Lineus_longissimus/Lophotrochozoa_Nemertea_TENT5A-B-C-D.txt
TENT5D_Homo_sapiens	XP_064628773.1	55.821	335	86	3.63e-131	382	terminal nucleotidyltransferase 5C-like isoform X2 [Lineus longissimus]	Lophotrochozoa_Nemertea_TENT5A-B-C-D.txt	Lophotrochozoa_Nemertea_Lineus_longissimus	/rna/liha/phylogenomics_practice/TENT/TENT5/Blast/Results/Lophotrochozoa_Nemertea_Lineus_longissimus/Lophotrochozoa_Nemertea_TENT5A-B-C-D.txt
TENT5D_Homo_sapiens	XP_064628772.1	55.821	335	86	5.43e-131	383	terminal nucleotidyltransferase 5C-like isoform X1 [Lineus longissimus]	Lophotrochozoa_Nemertea_TENT5A-B-C-D.txt	Lophotrochozoa_Nemertea_Lineus_longissimus	/rna/liha/phylogenomics_practice/TENT/TENT5/Blast/Results/Lophotrochozoa_Nemertea_Lineus_longissimus/Lophotrochozoa_Nemertea_TENT5A-B-C-D.txt
TENT5D_Homo_sapiens	XP_064625551.1	34.286	35	9	2.5	31.2	uncharacterized protein LOC135486484 isoform X23 [Lineus longissimus]	Lophotrochozoa_Nemertea_TENT5A-B-C-D.txt	Lophotrochozoa_Nemertea_Lineus_longissimus	/rna/liha/phylogenomics_practice/TENT/TENT5/Blast/Results/Lophotrochozoa_Nemertea_Lineus_longissimus/Lophotrochozoa_Nemertea_TENT5A-B-C-D.txt
TENT5D_Homo_sapiens	XP_064625540.1	34.286	35	9	2.5	31.2	uncharacterized protein LOC135486484 isoform X22 [Lineus longissimus]	Lophotrochozoa_Nemertea_TENT5A-B-C-D.txt	Lophotrochozoa_Nemertea_Lineus_longissimus	/rna/liha/phylogenomics_practice/TENT/TENT5/Blast/Results/Lophotrochozoa_Nemertea_Lineus_longissimus/Lophotrochozoa_Nemertea_TENT5A-B-C-D.txt
TENT5D_Homo_sapiens	XP_064625521.1	34.286	35	9	2.5	31.2	uncharacterized protein LOC135486484 isoform X20 [Lineus longissimus]	Lophotrochozoa_Nemertea_TENT5A-B-C-D.txt	Lophotrochozoa_Nemertea_Lineus_longissimus	/rna/liha/phylogenomics_practice/TENT/TENT5/Blast/Results/Lophotrochozoa_Nemertea_Lineus_longissimus/Lophotrochozoa_Nemertea_TENT5A-B-C-D.txt
TENT5D_Homo_sapiens	XP_064625651.1	34.286	35	9	2.6	31.2	protein piccolo-like isoform X33 [Lineus longissimus]	Lophotrochozoa_Nemertea_TENT5A-B-C-D.txt	Lophotrochozoa_Nemertea_Lineus_longissimus	/rna/liha/phylogenomics_practice/TENT/TENT5/Blast/Results/Lophotrochozoa_Nemertea_Lineus_longissimus/Lophotrochozoa_Nemertea_TENT5A-B-C-D.txt
TENT5D_Homo_sapiens	XP_064625644.1	34.286	35	9	2.6	31.2	serine/arginine repetitive matrix protein 2-like isoform X32 [Lineus longissimus]	Lophotrochozoa_Nemertea_TENT5A-B-C-D.txt	Lophotrochozoa_Nemertea_Lineus_longissimus	/rna/liha/phylogenomics_practice/TENT/TENT5/Blast/Results/Lophotrochozoa_Nemertea_Lineus_longissimus/Lophotrochozoa_Nemertea_TENT5A-B-C-D.txt
TENT5D_Homo_sapiens	XP_064625586.1	34.286	35	9	2.6	31.2	uncharacterized protein LOC135486484 isoform X27 [Lineus longissimus]	Lophotrochozoa_Nemertea_TENT5A-B-C-D.txt	Lophotrochozoa_Nemertea_Lineus_longissimus	/rna/liha/phylogenomics_practice/TENT/TENT5/Blast/Results/Lophotrochozoa_Nemertea_Lineus_longissimus/Lophotrochozoa_Nemertea_TENT5A-B-C-D.txt
TENT5D_Homo_sapiens	XP_064625569.1	34.286	35	9	2.6	31.2	uncharacterized protein LOC135486484 isoform X25 [Lineus longissimus]	Lophotrochozoa_Nemertea_TENT5A-B-C-D.txt	Lophotrochozoa_Nemertea_Lineus_longissimus	/rna/liha/phylogenomics_practice/TENT/TENT5/Blast/Results/Lophotrochozoa_Nemertea_Lineus_longissimus/Lophotrochozoa_Nemertea_TENT5A-B-C-D.txt
TENT5D_Homo_sapiens	XP_064625512.1	34.286	35	9	2.6	31.2	uncharacterized protein LOC135486484 isoform X19 [Lineus longissimus]	Lophotrochozoa_Nemertea_TENT5A-B-C-D.txt	Lophotrochozoa_Nemertea_Lineus_longissimus	/rna/liha/phylogenomics_practice/TENT/TENT5/Blast/Results/Lophotrochozoa_Nemertea_Lineus_longissimus/Lophotrochozoa_Nemertea_TENT5A-B-C-D.txt
TENT5A_Homo_sapiens	YP_009136576.1	25.581	43	10	4.2	18.1	cytochrome c oxidase subunit 2 [Lepidodermella squamata]	Lophotrochozoa_Gastrotricha_TENT5A-B-C-D.txt	Lophotrochozoa_Gastrotricha_Lepidodermella_squamata	/rna/liha/phylogenomics_practice/TENT/TENT5/Blast/Results/Lophotrochozoa_Gastrotricha_Lepidodermella_squamata/Lophotrochozoa_Gastrotricha_TENT5A-B-C-D.txt
TENT5A_Homo_sapiens	YP_009136580.1	21.951	41	9	4.3	18.1	cytochrome c oxidase subunit 1 [Lepidodermella squamata]	Lophotrochozoa_Gastrotricha_TENT5A-B-C-D.txt	Lophotrochozoa_Gastrotricha_Lepidodermella_squamata	/rna/liha/phylogenomics_practice/TENT/TENT5/Blast/Results/Lophotrochozoa_Gastrotricha_Lepidodermella_squamata/Lophotrochozoa_Gastrotricha_TENT5A-B-C-D.txt
TENT5A_Homo_sapiens	YP_009136573.1	45.455	11	2	7.3	17.3	NADH dehydrogenase subunit 5 [Lepidodermella squamata]	Lophotrochozoa_Gastrotricha_TENT5A-B-C-D.txt	Lophotrochozoa_Gastrotricha_Lepidodermella_squamata	/rna/liha/phylogenomics_practice/TENT/TENT5/Blast/Results/Lophotrochozoa_Gastrotricha_Lepidodermella_squamata/Lophotrochozoa_Gastrotricha_TENT5A-B-C-D.txt
TENT5A_Homo_sapiens	YP_009136577.1	38.462	13	3	9.7	16.9	cytochrome c oxidase subunit 3 [Lepidodermella squamata]	Lophotrochozoa_Gastrotricha_TENT5A-B-C-D.txt	Lophotrochozoa_Gastrotricha_Lepidodermella_squamata	/rna/liha/phylogenomics_practice/TENT/TENT5/Blast/Results/Lophotrochozoa_Gastrotricha_Lepidodermella_squamata/Lophotrochozoa_Gastrotricha_TENT5A-B-C-D.txt
TENT5B_Homo_sapiens	YP_009136577.1	33.333	21	5	5.9	17.7	cytochrome c oxidase subunit 3 [Lepidodermella squamata]	Lophotrochozoa_Gastrotricha_TENT5A-B-C-D.txt	Lophotrochozoa_Gastrotricha_Lepidodermella_squamata	/rna/liha/phylogenomics_practice/TENT/TENT5/Blast/Results/Lophotrochozoa_Gastrotricha_Lepidodermella_squamata/Lophotrochozoa_Gastrotricha_TENT5A-B-C-D.txt
TENT5C_Homo_sapiens	YP_009136577.1	36.000	25	6	1.2	19.6	cytochrome c oxidase subunit 3 [Lepidodermella squamata]	Lophotrochozoa_Gastrotricha_TENT5A-B-C-D.txt	Lophotrochozoa_Gastrotricha_Lepidodermella_squamata	/rna/liha/phylogenomics_practice/TENT/TENT5/Blast/Results/Lophotrochozoa_Gastrotricha_Lepidodermella_squamata/Lophotrochozoa_Gastrotricha_TENT5A-B-C-D.txt
TENT5C_Homo_sapiens	YP_009136568.1	35.897	39	9	4.0	18.1	NADH dehydrogenase subunit 1 [Lepidodermella squamata]	Lophotrochozoa_Gastrotricha_TENT5A-B-C-D.txt	Lophotrochozoa_Gastrotricha_Lepidodermella_squamata	/rna/liha/phylogenomics_practice/TENT/TENT5/Blast/Results/Lophotrochozoa_Gastrotricha_Lepidodermella_squamata/Lophotrochozoa_Gastrotricha_TENT5A-B-C-D.txt
TENT5C_Homo_sapiens	YP_009136575.1	27.778	54	14	4.8	17.7	ATP synthase F0 subunit 6 [Lepidodermella squamata]	Lophotrochozoa_Gastrotricha_TENT5A-B-C-D.txt	Lophotrochozoa_Gastrotricha_Lepidodermella_squamata	/rna/liha/phylogenomics_practice/TENT/TENT5/Blast/Results/Lophotrochozoa_Gastrotricha_Lepidodermella_squamata/Lophotrochozoa_Gastrotricha_TENT5A-B-C-D.txt
TENT5C_Homo_sapiens	YP_009136572.1	77.778	9	2	6.8	17.3	NADH dehydrogenase subunit 4 [Lepidodermella squamata]	Lophotrochozoa_Gastrotricha_TENT5A-B-C-D.txt	Lophotrochozoa_Gastrotricha_Lepidodermella_squamata	/rna/liha/phylogenomics_practice/TENT/TENT5/Blast/Results/Lophotrochozoa_Gastrotricha_Lepidodermella_squamata/Lophotrochozoa_Gastrotricha_TENT5A-B-C-D.txt
TENT5D_Homo_sapiens	YP_009136576.1	21.569	51	13	2.3	18.9	cytochrome c oxidase subunit 2 [Lepidodermella squamata]	Lophotrochozoa_Gastrotricha_TENT5A-B-C-D.txt	Lophotrochozoa_Gastrotricha_Lepidodermella_squamata	/rna/liha/phylogenomics_practice/TENT/TENT5/Blast/Results/Lophotrochozoa_Gastrotricha_Lepidodermella_squamata/Lophotrochozoa_Gastrotricha_TENT5A-B-C-D.txt
TENT5D_Homo_sapiens	YP_009136579.1	26.316	19	5	2.9	18.5	NADH dehydrogenase subunit 2 [Lepidodermella squamata]	Lophotrochozoa_Gastrotricha_TENT5A-B-C-D.txt	Lophotrochozoa_Gastrotricha_Lepidodermella_squamata	/rna/liha/phylogenomics_practice/TENT/TENT5/Blast/Results/Lophotrochozoa_Gastrotricha_Lepidodermella_squamata/Lophotrochozoa_Gastrotricha_TENT5A-B-C-D.txt
TENT5A_Homo_sapiens	YP_009443434.1	26.829	41	9	7.8	19.2	cytochrome c oxidase subunit I [Argonauta hians]	Lophotrochozoa_Mollusca (Cephalopoda)_TENT5A-B-C-D.txt	Lophotrochozoa_Mollusca (Cephalopoda)_Argonauta_hians	/rna/liha/phylogenomics_practice/TENT/TENT5/Blast/Results/Lophotrochozoa_Mollusca (Cephalopoda)_Argonauta_hians/Lophotrochozoa_Mollusca (Cephalopoda)_TENT5A-B-C-D.txt
TENT5A_Homo_sapiens	YP_009443429.1	23.913	46	10	9.4	19.2	NADH dehydrogenase subunit 4 [Argonauta hians]	Lophotrochozoa_Mollusca (Cephalopoda)_TENT5A-B-C-D.txt	Lophotrochozoa_Mollusca (Cephalopoda)_Argonauta_hians	/rna/liha/phylogenomics_practice/TENT/TENT5/Blast/Results/Lophotrochozoa_Mollusca (Cephalopoda)_Argonauta_hians/Lophotrochozoa_Mollusca (Cephalopoda)_TENT5A-B-C-D.txt
TENT5B_Homo_sapiens	YP_009443426.1	25.000	40	9	3.3	20.4	NADH dehydrogenase subunit 6 [Argonauta hians]	Lophotrochozoa_Mollusca (Cephalopoda)_TENT5A-B-C-D.txt	Lophotrochozoa_Mollusca (Cephalopoda)_Argonauta_hians	/rna/liha/phylogenomics_practice/TENT/TENT5/Blast/Results/Lophotrochozoa_Mollusca (Cephalopoda)_Argonauta_hians/Lophotrochozoa_Mollusca (Cephalopoda)_TENT5A-B-C-D.txt
TENT5C_Homo_sapiens	YP_009443425.1	20.513	39	10	7.8	19.2	NADH dehydrogenase subunit 1 [Argonauta hians]	Lophotrochozoa_Mollusca (Cephalopoda)_TENT5A-B-C-D.txt	Lophotrochozoa_Mollusca (Cephalopoda)_Argonauta_hians	/rna/liha/phylogenomics_practice/TENT/TENT5/Blast/Results/Lophotrochozoa_Mollusca (Cephalopoda)_Argonauta_hians/Lophotrochozoa_Mollusca (Cephalopoda)_TENT5A-B-C-D.txt
TENT5C_Homo_sapiens	YP_009443430.1	21.591	88	19	9.2	18.9	NADH dehydrogenase subunit 5 [Argonauta hians]	Lophotrochozoa_Mollusca (Cephalopoda)_TENT5A-B-C-D.txt	Lophotrochozoa_Mollusca (Cephalopoda)_Argonauta_hians	/rna/liha/phylogenomics_practice/TENT/TENT5/Blast/Results/Lophotrochozoa_Mollusca (Cephalopoda)_Argonauta_hians/Lophotrochozoa_Mollusca (Cephalopoda)_TENT5A-B-C-D.txt
