NP_001006550.1	NP_853551.1	0.0	614	83.149	362	100	replication factor C subunit 4 [Homo sapiens]
NP_001006903.1	NP_001309408.1	0.0	852	61.070	673	100	BLOC-3 complex member HPS1 isoform f [Homo sapiens]
NP_001007906.1	NP_002784.1	8.92e-151	421	84.810	237	100	proteasome subunit beta type-1 [Homo sapiens]
NP_001007973.1	NP_060179.2	0.0	723	89.258	391	100	terminal nucleotidyltransferase 5C [Homo sapiens]
NP_001017206.1	NP_060103.2	0.0	588	72.280	386	97	terminal nucleotidyltransferase 5A [Homo sapiens]
NP_001017346.1	NP_001713.2	6.33e-159	454	62.500	400	99	DNA-directed RNA polymerase III subunit RPC4 [Homo sapiens]
NP_001026256.1	NP_060103.2	0.0	750	93.557	388	97	terminal nucleotidyltransferase 5A [Homo sapiens]
NP_001123382.1	NP_665873.1	0.0	1266	89.894	663	99	frizzled-3 isoform 1 precursor [Homo sapiens]
NP_001135552.1	NP_056163.1	0.0	2513	71.698	1855	98	transmembrane protein 131 precursor [Homo sapiens]
NP_001136424.1	NP_060179.2	0.0	783	95.908	391	100	terminal nucleotidyltransferase 5C [Homo sapiens]
NP_001153850.1	NP_060103.2	0.0	847	93.665	442	96	terminal nucleotidyltransferase 5A [Homo sapiens]
NP_001153851.1	NP_060103.2	0.0	848	93.665	442	100	terminal nucleotidyltransferase 5A [Homo sapiens]
NP_001156576.1	NP_689843.1	0.0	625	77.121	389	99	terminal nucleotidyltransferase 5D [Homo sapiens]
NP_001164045.1	NP_689843.1	0.0	808	100.000	389	100	terminal nucleotidyltransferase 5D [Homo sapiens]
NP_001279528.1	NP_005678.3	0.0	1010	81.017	590	100	phenylalanine--tRNA ligase beta subunit [Homo sapiens]
NP_001404551.1	NP_005426.2	0.0	1804	64.378	1617	100	rho guanine nucleotide exchange factor 5 [Homo sapiens]
NP_060103.2	NP_060103.2	0.0	918	100.000	442	100	terminal nucleotidyltransferase 5A [Homo sapiens]
NP_060179.2	NP_060179.2	0.0	812	100.000	391	100	terminal nucleotidyltransferase 5C [Homo sapiens]
NP_066217.2	YP_003024032.1	3.10e-16	77.0	36.232	138	61	cytochrome c oxidase subunit III (mitochondrion) [Homo sapiens]
NP_066218.2	YP_003024038.1	8.11e-75	238	36.963	349	93	cytochrome b (mitochondrion) [Homo sapiens]
NP_066220.2	YP_003024035.1	4.86e-16	82.4	26.316	304	69	NADH dehydrogenase subunit 4 (mitochondrion) [Homo sapiens]
NP_066223.2	YP_003024026.1	6.02e-43	151	33.214	280	87	NADH dehydrogenase subunit 1 (mitochondrion) [Homo sapiens]
NP_066225.2	YP_003024028.1	3.65e-149	439	49.503	503	98	cytochrome c oxidase subunit I (mitochondrion) [Homo sapiens]
NP_066226.2	YP_003024029.1	1.03e-29	111	33.533	167	74	cytochrome c oxidase subunit II (mitochondrion) [Homo sapiens]
NP_066228.2	YP_003024036.1	1.90e-24	109	31.210	314	56	NADH dehydrogenase subunit 5 (mitochondrion) [Homo sapiens]
NP_067433.1	NP_665873.1	0.0	1368	98.198	666	100	frizzled-3 isoform 1 precursor [Homo sapiens]
NP_114369.1	YP_003024028.1	6.68e-145	428	49.266	477	92	cytochrome c oxidase subunit I (mitochondrion) [Homo sapiens]
NP_114370.1	YP_003024029.1	2.29e-33	120	40.000	160	76	cytochrome c oxidase subunit II (mitochondrion) [Homo sapiens]
NP_114372.1	YP_003024036.1	2.56e-19	94.0	27.019	322	58	NADH dehydrogenase subunit 5 (mitochondrion) [Homo sapiens]
NP_114373.1	YP_003024032.1	2.18e-10	61.2	33.088	136	58	cytochrome c oxidase subunit III (mitochondrion) [Homo sapiens]
NP_114374.1	YP_003024038.1	3.12e-76	242	36.963	349	94	cytochrome b (mitochondrion) [Homo sapiens]
NP_114376.1	YP_003024035.1	1.27e-20	95.9	27.974	311	69	NADH dehydrogenase subunit 4 (mitochondrion) [Homo sapiens]
NP_127465.1	YP_003024027.1	4.12e-67	216	42.173	313	90	NADH dehydrogenase subunit 2 (mitochondrion) [Homo sapiens]
NP_127466.1	YP_003024028.1	0.0	821	81.836	512	99	cytochrome c oxidase subunit I (mitochondrion) [Homo sapiens]
NP_127467.1	YP_003024029.1	7.92e-93	273	57.014	221	97	cytochrome c oxidase subunit II (mitochondrion) [Homo sapiens]
NP_127475.1	YP_003024037.1	1.09e-17	77.8	35.928	167	91	NADH dehydrogenase subunit 6 (mitochondrion) [Homo sapiens]
NP_127476.1	YP_003024038.1	1.56e-146	422	56.000	375	97	cytochrome b (mitochondrion) [Homo sapiens]
NP_443175.2	NP_443175.2	0.0	869	100.000	425	100	terminal nucleotidyltransferase 5B [Homo sapiens]
NP_780516.1	NP_443175.2	0.0	726	91.335	427	100	terminal nucleotidyltransferase 5B [Homo sapiens]
XP_001630467.2	NP_004657.2	2.11e-113	346	41.458	480	96	pantetheinase precursor [Homo sapiens]
XP_001639734.3	NP_004970.3	4.28e-98	330	43.085	376	27	A-type voltage-gated potassium channel KCND1 [Homo sapiens]
XP_001742093.1	NP_001278795.1	1.54e-105	328	46.089	358	65	polypeptide N-acetylgalactosaminyltransferase 2 isoform 2 [Homo sapiens]
XP_001742404.1	NP_001335678.1	3.02e-84	304	32.971	552	35	DENN domain-containing protein 5A isoform 3 [Homo sapiens]
XP_001742462.1	NP_004312.2	0.0	983	41.971	1451	99	kinesin-like protein KIF1A isoform 2 [Homo sapiens]
XP_001742680.1	NP_001170785.1	1.25e-23	93.6	33.793	145	81	ras-related protein R-Ras2 isoform c [Homo sapiens]
XP_001742740.1	NP_861524.2	5.91e-19	94.0	38.971	136	21	DNA polymerase nu [Homo sapiens]
XP_001742913.1	NP_000349.1	0.030	40.4	23.636	165	22	transforming growth factor-beta-induced protein ig-h3 precursor [Homo sapiens]
XP_001742946.1	NP_001080.2	5.66e-157	496	40.937	662	96	phospholipid-transporting ATPase ABCA3 [Homo sapiens]
XP_001745381.1	NP_689730.2	0.0	848	63.134	651	99	intraflagellar transport protein 70B [Homo sapiens]
XP_001745597.1	NP_000185.1	1.32e-84	254	51.046	239	88	hypoxanthine-guanine phosphoribosyltransferase [Homo sapiens]
XP_001745658.1	XP_047302402.1	1.11e-40	162	27.345	501	40	prolyl endopeptidase-like isoform X4 [Homo sapiens]
XP_001745729.1	NP_001752.2	1.98e-50	192	30.427	539	65	cyclin-F isoform 1 [Homo sapiens]
XP_001746295.1	XP_047292083.1	1.01e-04	49.3	27.119	177	18	myosin-3 isoform X1 [Homo sapiens]
XP_001746301.1	NP_001365544.1	3.67e-75	281	23.254	1518	69	coiled-coil and C2 domain-containing protein 2A isoform a [Homo sapiens]
XP_001747116.1	NP_006848.1	5.71e-09	57.0	48.485	66	16	U4/U6.U5 small nuclear ribonucleoprotein 27 kDa protein [Homo sapiens]
XP_001747266.1	XP_047300793.1	4.06e-93	283	49.502	301	80	protein phosphatase 1B isoform X4 [Homo sapiens]
XP_001747822.1	XP_006713947.1	9.62e-90	306	42.488	426	41	mitochondrial proton/calcium exchanger protein isoform X1 [Homo sapiens]
XP_001747913.1	NP_001005239.2	0.22	36.2	22.034	177	40	olfactory receptor 11H1 [Homo sapiens]
XP_001748587.1	NP_110417.2	2.08e-04	46.2	25.106	235	50	T-cell immunomodulatory protein isoform 1 precursor [Homo sapiens]
XP_001748633.1	XP_047286970.1	3.61e-16	82.0	29.231	195	29	leucine-rich repeat-containing protein 74A isoform X4 [Homo sapiens]
XP_001750435.1	XP_011529571.1	4.2	33.5	25.595	168	23	adhesion G-protein coupled receptor G4 isoform X1 [Homo sapiens]
XP_001750467.1	NP_001289875.2	1.61e-58	192	47.788	226	83	CCA tRNA nucleotidyltransferase 1, mitochondrial isoform 2 [Homo sapiens]
XP_001750770.1	NP_689843.1	1.43e-19	93.2	25.979	281	53	terminal nucleotidyltransferase 5D [Homo sapiens]
XP_001750836.1	XP_047305532.1	4.70e-47	187	31.043	422	27	arf-GAP with Rho-GAP domain, ANK repeat and PH domain-containing protein 2 isoform X5 [Homo sapiens]
XP_002107644.1	NP_001354333.1	1.71e-36	154	34.783	276	16	WASH complex subunit 2C isoform 15 [Homo sapiens]
XP_002108021.1	XP_047296546.1	0.0	788	55.556	756	99	kinesin-like protein KIF3B isoform X1 [Homo sapiens]
XP_002108199.1	NP_066951.1	7.69e-42	132	91.045	67	100	DNA-directed RNA polymerases I, II, and III subunit RPABC5 [Homo sapiens]
XP_002109017.1	NP_056201.2	0.0	580	44.011	743	100	conserved oligomeric Golgi complex subunit 4 isoform 1 [Homo sapiens]
XP_002109189.1	NP_000294.1	3.49e-97	286	57.384	237	95	phosphomannomutase 2 [Homo sapiens]
XP_002110236.1	XP_016878921.1	1.81e-102	375	22.816	1889	40	dynein axonemal heavy chain 3 isoform X13 [Homo sapiens]
XP_002111320.1	NP_116045.2	0.0	986	54.636	906	99	probable ATP-dependent RNA helicase DHX37 [Homo sapiens]
XP_002111339.1	NP_060179.2	7.70e-98	297	44.699	349	99	terminal nucleotidyltransferase 5C [Homo sapiens]
XP_002111733.1	NP_694972.3	1.86e-26	120	24.363	353	29	nephrocystin-3 [Homo sapiens]
XP_002112051.1	NP_036223.2	2.73e-101	315	37.115	520	95	tRNA-specific adenosine deaminase 1 isoform a [Homo sapiens]
XP_002112231.1	NP_001137153.1	2.75e-08	55.8	22.485	169	41	glutathione S-transferase kappa 1 isoform d [Homo sapiens]
XP_002112434.1	NP_060103.2	7.01e-120	354	54.242	330	100	terminal nucleotidyltransferase 5A [Homo sapiens]
XP_002113028.1	NP_001400153.1	3.63e-54	186	37.548	261	69	calcium uptake protein 3, mitochondrial isoform 9 [Homo sapiens]
XP_002113089.1	XP_005265059.2	6.10e-81	263	33.032	442	94	kelch-like protein 18 isoform X2 [Homo sapiens]
XP_002113106.1	NP_001350677.1	7.78e-22	102	23.896	498	82	ephrin type-A receptor 4 isoform c precursor [Homo sapiens]
XP_002113523.1	NP_001128347.1	3.59e-14	76.6	30.612	245	49	tubulin epsilon and delta complex protein 1 isoform 1 [Homo sapiens]
XP_002113948.1	NP_001243367.1	1.03e-62	204	41.608	286	72	CDK5 and ABL1 enzyme substrate 1 isoform 3 [Homo sapiens]
XP_002114007.1	NP_000365.3	1.05e-163	464	60.452	354	96	uroporphyrinogen decarboxylase [Homo sapiens]
XP_002115805.1	NP_001257903.1	0.0	3875	40.192	5215	99	hydrocephalus-inducing protein homolog isoform a [Homo sapiens]
XP_002117292.1	NP_060247.2	1.55e-114	352	35.993	539	97	tectonic-like complex member MKS1 isoform 1 [Homo sapiens]
XP_002117682.1	NP_001609.2	5.07e-26	112	29.293	297	81	poly [ADP-ribose] polymerase 1 [Homo sapiens]
XP_002118155.1	NP_001303701.1	0.0	825	55.721	673	99	glycine--tRNA ligase isoform 2 [Homo sapiens]
XP_002119870.2	XP_005264802.1	5.76e-34	128	31.597	288	93	uncharacterized protein C3orf38 isoform X1 [Homo sapiens]
XP_002123788.2	XP_047298184.1	1.91e-47	190	39.024	287	15	BCL-6 corepressor isoform X4 [Homo sapiens]
XP_002156851.3	NP_116186.1	1.88e-04	46.2	26.087	115	24	ferroptosis suppressor protein 1 [Homo sapiens]
XP_002157093.2	NP_001336206.1	2.02e-13	77.0	38.971	136	17	serine/threonine-protein phosphatase 6 regulatory ankyrin repeat subunit A isoform c [Homo sapiens]
XP_002732152.1	XP_024303707.1	0.0	697	76.555	418	100	AP-3 complex subunit mu-1 isoform X1 [Homo sapiens]
XP_002735598.1	NP_002887.2	1.44e-32	123	47.619	105	44	RNA-binding protein 4 isoform 1 [Homo sapiens]
XP_002735599.1	NP_002887.2	1.83e-32	123	47.619	105	44	RNA-binding protein 4 isoform 1 [Homo sapiens]
XP_002735665.1	NP_689730.2	1.02e-177	515	82.414	290	61	intraflagellar transport protein 70B [Homo sapiens]
XP_002737251.1	XP_016860165.1	1.84e-137	404	49.871	389	82	tRNA N6-adenosine threonylcarbamoyltransferase, mitochondrial isoform X2 [Homo sapiens]
XP_002738356.1	NP_001358013.1	0.0	895	51.329	865	92	metabotropic glutamate receptor 8 isoform a precursor [Homo sapiens]
XP_002938504.1	NP_060103.2	0.0	745	91.327	392	97	terminal nucleotidyltransferase 5A [Homo sapiens]
XP_002940481.1	NP_689843.1	0.0	553	69.531	384	98	terminal nucleotidyltransferase 5D [Homo sapiens]
XP_002943490.1	NP_060179.2	0.0	678	82.952	393	100	terminal nucleotidyltransferase 5C [Homo sapiens]
XP_003218295.2	NP_001238774.1	0.0	1491	90.783	792	93	short transient receptor potential channel 1 isoform 1 [Homo sapiens]
XP_003386242.1	NP_060179.2	2.60e-94	292	45.758	330	70	terminal nucleotidyltransferase 5C [Homo sapiens]
XP_003387151.1	NP_001309180.1	8.58e-54	181	43.673	245	59	RNA-binding protein Musashi homolog 2 isoform d [Homo sapiens]
XP_003390548.2	XP_047274523.1	9.70e-89	286	38.479	447	74	tyrosine-protein kinase Fyn isoform X1 [Homo sapiens]
XP_003724224.2	NP_060179.2	3.58e-138	404	59.412	340	72	terminal nucleotidyltransferase 5C [Homo sapiens]
XP_004210423.1	NP_060103.2	8.12e-129	380	52.273	352	87	terminal nucleotidyltransferase 5A [Homo sapiens]
XP_004988412.1	NP_078872.3	1.90e-27	121	35.417	192	26	microcephalin isoform 1 [Homo sapiens]
XP_004989924.1	NP_002430.3	0.0	631	37.526	954	78	DNA mismatch repair protein Msh3 [Homo sapiens]
XP_004990263.1	NP_060103.2	1.19e-09	65.9	25.698	179	7	terminal nucleotidyltransferase 5A [Homo sapiens]
XP_004990280.1	XP_047289725.1	1.71e-29	126	31.915	376	63	NLR family CARD domain-containing protein 3 isoform X1 [Homo sapiens]
XP_004991275.1	NP_060179.2	0.43	33.1	27.273	55	35	terminal nucleotidyltransferase 5C [Homo sapiens]
XP_004991945.1	NP_001353142.1	1.05e-16	87.8	30.488	246	25	disks large homolog 1 isoform 3 [Homo sapiens]
XP_004993240.1	NP_001367.2	0.0	4857	52.163	4624	99	cytoplasmic dynein 1 heavy chain 1 [Homo sapiens]
XP_004993282.1	NP_006420.1	0.0	850	75.712	527	93	T-complex protein 1 subunit eta isoform a [Homo sapiens]
XP_004993597.1	NP_001333696.1	0.020	43.1	25.514	243	9	unconventional myosin-XVIIIa isoform e [Homo sapiens]
XP_004995404.1	NP_443175.2	2.61e-07	55.5	27.344	256	52	terminal nucleotidyltransferase 5B [Homo sapiens]
XP_004996254.1	XP_054189276.1	8.24e-32	136	35.514	214	20	ubiquitin carboxyl-terminal hydrolase 16 isoform X1 [Homo sapiens]
XP_004996653.1	XP_006711979.1	1.40e-06	54.7	24.648	142	20	leucine-rich PPR motif-containing protein, mitochondrial isoform X3 [Homo sapiens]
XP_004996675.1	XP_016873276.1	1.54e-171	567	36.551	922	40	unconventional myosin-VIIa isoform X18 [Homo sapiens]
XP_005991079.1	NP_060103.2	0.0	644	80.526	380	96	terminal nucleotidyltransferase 5A [Homo sapiens]
XP_005991080.1	NP_060103.2	0.0	581	81.232	341	99	terminal nucleotidyltransferase 5A [Homo sapiens]
XP_005996592.1	XP_024308809.1	5.32e-179	508	65.104	384	89	tRNA N6-adenosine threonylcarbamoyltransferase, mitochondrial isoform X1 [Homo sapiens]
XP_006002842.1	NP_001238774.1	0.0	1441	87.768	793	98	short transient receptor potential channel 1 isoform 1 [Homo sapiens]
XP_006003359.1	NP_060103.2	0.0	736	91.451	386	96	terminal nucleotidyltransferase 5A [Homo sapiens]
XP_006006950.1	NP_060179.2	0.0	647	78.680	394	100	terminal nucleotidyltransferase 5C [Homo sapiens]
XP_006011560.1	NP_000024.2	0.0	1111	74.064	721	96	ATP-binding cassette sub-family D member 1 isoform 1 [Homo sapiens]
XP_006525004.1	XP_047301783.1	1.55e-159	456	86.777	242	85	polypeptide N-acetylgalactosaminyltransferase 14 isoform X1 [Homo sapiens]
XP_006625737.1	NP_000118.2	0.0	1148	73.404	752	100	exostosin-1 [Homo sapiens]
XP_006626328.1	NP_060103.2	0.0	740	91.495	388	96	terminal nucleotidyltransferase 5A [Homo sapiens]
XP_006631331.1	NP_060103.2	0.0	625	78.158	380	97	terminal nucleotidyltransferase 5A [Homo sapiens]
XP_006635074.2	NP_777596.2	0.0	747	59.105	648	95	proprotein convertase subtilisin/kexin type 9 isoform 1 preproprotein [Homo sapiens]
XP_006639425.1	NP_060179.2	0.0	634	78.772	391	100	terminal nucleotidyltransferase 5C [Homo sapiens]
XP_006812487.1	XP_047296699.1	9.3	29.6	29.412	51	28	trifunctional purine biosynthetic protein adenosine-3 isoform X1 [Homo sapiens]
XP_006817575.1	NP_002887.2	4.85e-32	122	47.115	104	44	RNA-binding protein 4 isoform 1 [Homo sapiens]
XP_006817576.1	NP_002887.2	6.44e-32	121	47.115	104	44	RNA-binding protein 4 isoform 1 [Homo sapiens]
XP_006819549.2	XP_047276649.1	0.0	543	69.251	387	55	fidgetin-like protein 1 isoform X1 [Homo sapiens]
XP_006822141.2	NP_057436.2	2.92e-100	307	40.573	419	97	carboxypeptidase A4 isoform 1 preproprotein [Homo sapiens]
XP_006825326.1	NP_060103.2	3.04e-161	462	61.697	389	97	terminal nucleotidyltransferase 5A [Homo sapiens]
XP_007887737.2	XP_047288266.1	0.0	885	38.330	1641	47	MAX gene-associated protein isoform X29 [Homo sapiens]
XP_007890286.2	NP_060103.2	0.0	570	73.475	377	94	terminal nucleotidyltransferase 5A [Homo sapiens]
XP_007890880.2	NP_001238774.1	0.0	1390	85.120	793	100	short transient receptor potential channel 1 isoform 1 [Homo sapiens]
XP_007894052.1	NP_060179.2	0.0	640	81.432	377	98	terminal nucleotidyltransferase 5C [Homo sapiens]
XP_007902675.2	NP_000118.2	0.0	1170	73.107	766	100	exostosin-1 [Homo sapiens]
XP_007903243.1	NP_060103.2	0.0	699	87.895	380	97	terminal nucleotidyltransferase 5A [Homo sapiens]
XP_007904060.1	XP_047302436.1	0.0	1647	80.056	1073	98	histone deacetylase 4 isoform X10 [Homo sapiens]
XP_008101997.2	NP_006693.3	0.0	2164	78.182	1375	98	patatin-like phospholipase domain-containing protein 6 isoform b [Homo sapiens]
XP_008104411.1	NP_001238774.1	0.0	1484	90.554	794	93	short transient receptor potential channel 1 isoform 1 [Homo sapiens]
XP_008117859.3	XP_011508062.1	0.0	1349	43.436	1653	99	adenylate cyclase type 10 isoform X1 [Homo sapiens]
XP_008118874.1	NP_060103.2	0.0	619	77.023	383	91	terminal nucleotidyltransferase 5A [Homo sapiens]
XP_008120091.2	NP_060103.2	0.0	727	91.601	381	89	terminal nucleotidyltransferase 5A [Homo sapiens]
XP_011403057.1	NP_001424920.1	4.41e-80	260	44.807	337	66	membrane-associated tyrosine- and threonine-specific cdc2-inhibitory kinase isoform 4 [Homo sapiens]
XP_011403505.2	NP_057436.2	3.41e-70	237	31.871	433	61	carboxypeptidase A4 isoform 1 preproprotein [Homo sapiens]
XP_011406219.1	XP_005251634.1	2.59e-24	108	39.645	169	36	DDB1- and CUL4-associated factor 10 isoform X1 [Homo sapiens]
XP_012558991.2	XP_047286725.1	3.93e-29	121	32.549	255	58	zinc finger MYM-type protein 5 isoform X4 [Homo sapiens]
XP_012796601.3	NP_001274065.1	1.10e-126	406	55.769	364	20	cyclin-dependent kinase 14 isoform c [Homo sapiens]
XP_012799174.3	NP_689843.1	3.02e-07	56.2	31.868	91	12	terminal nucleotidyltransferase 5D [Homo sapiens]
XP_012821406.1	NP_060817.1	8.03e-46	152	45.588	204	91	AP-5 complex subunit sigma-1 [Homo sapiens]
XP_012825008.2	XP_016866218.1	3.2	32.7	28.788	66	12	protein FAM50B isoform X1 [Homo sapiens]
XP_013384749.1	NP_006684.1	8.54e-115	333	55.862	290	99	cleavage and polyadenylation specificity factor subunit 4 isoform 1 [Homo sapiens]
XP_013390010.1	NP_003929.4	0.0	1209	70.546	842	67	AP-3 complex subunit delta-1 isoform 2 [Homo sapiens]
XP_013390011.1	NP_001361728.1	0.0	1214	70.630	841	67	AP-3 complex subunit delta-1 isoform 4 [Homo sapiens]
XP_013392373.1	NP_060103.2	3.83e-146	424	62.388	335	81	terminal nucleotidyltransferase 5A [Homo sapiens]
XP_013392374.1	NP_060103.2	2.96e-146	424	62.388	335	83	terminal nucleotidyltransferase 5A [Homo sapiens]
XP_013393602.1	NP_006355.2	0.034	36.2	26.923	78	54	protein transport protein Sec23A [Homo sapiens]
XP_013395362.1	XP_047273190.1	5.41e-65	226	48.163	245	45	methionine synthase reductase isoform X1 [Homo sapiens]
XP_013395681.1	NP_001374470.1	2.58e-15	84.0	26.829	246	23	adhesion G protein-coupled receptor L3 isoform 16 [Homo sapiens]
XP_013397357.1	NP_000392.3	3.9	33.1	30.851	94	16	exostosin-2 isoform 1 [Homo sapiens]
XP_013399861.1	NP_001372841.1	2.57e-77	270	33.554	605	58	antiviral innate immune response receptor RIG-I isoform 5 [Homo sapiens]
XP_013400586.1	NP_689843.1	4.2	31.2	30.435	69	27	terminal nucleotidyltransferase 5D [Homo sapiens]
XP_013403046.1	XP_011507422.1	3.23e-33	132	41.463	164	25	peptidoglycan recognition protein 3 isoform X2 [Homo sapiens]
XP_013406955.1	XP_011531397.1	0.0	620	32.632	1330	95	xanthine dehydrogenase/oxidase isoform X1 [Homo sapiens]
XP_013406957.1	XP_011531397.1	0.0	624	32.656	1329	95	xanthine dehydrogenase/oxidase isoform X1 [Homo sapiens]
XP_013415114.1	NP_004425.2	6.76e-122	403	35.131	686	45	echinoderm microtubule-associated protein-like 1 isoform b [Homo sapiens]
XP_013415115.1	NP_001427304.1	4.52e-122	404	35.131	686	46	echinoderm microtubule-associated protein-like 1 isoform 5 [Homo sapiens]
XP_013416471.2	NP_001374470.1	4.95e-15	82.8	26.829	246	23	adhesion G protein-coupled receptor L3 isoform 16 [Homo sapiens]
XP_013418238.1	XP_011515262.1	0.0	1697	66.180	1301	99	5-oxoprolinase isoform X3 [Homo sapiens]
XP_013419440.1	XP_011518252.1	3.8	33.1	30.851	94	16	exostosin-2 isoform X1 [Homo sapiens]
XP_013419833.1	XP_047277649.1	1.25e-132	410	57.330	382	82	5-oxoprolinase isoform X6 [Homo sapiens]
XP_014347599.1	NP_060179.2	0.0	555	69.565	391	97	terminal nucleotidyltransferase 5C [Homo sapiens]
XP_014664122.1	XP_047301616.1	0.0	663	31.143	1522	10	titin isoform X2 [Homo sapiens]
XP_014665528.1	NP_963853.1	5.67e-72	243	37.586	580	94	forkhead box protein O3 isoform 1 [Homo sapiens]
XP_014666583.1	XP_047272153.1	1.36e-107	328	40.723	415	83	glycine receptor subunit alpha-3 isoform X3 [Homo sapiens]
XP_014666584.1	XP_006724550.1	1.53e-108	331	39.573	422	84	glycine receptor subunit alpha-2 isoform X3 [Homo sapiens]
XP_014666585.1	XP_047272153.1	2.61e-103	313	41.237	388	96	glycine receptor subunit alpha-3 isoform X3 [Homo sapiens]
XP_014668468.1	XP_011516694.1	5.90e-51	184	46.196	184	18	ficolin-2 isoform X1 [Homo sapiens]
XP_014668469.1	NP_001994.2	3.54e-50	181	47.568	185	22	ficolin-1 precursor [Homo sapiens]
XP_014669293.1	XP_047281864.1	1.83e-176	496	68.622	341	95	outer mitochondrial transmembrane helix translocase isoform X1 [Homo sapiens]
XP_014669294.1	XP_011538604.1	1.84e-148	421	68.259	293	96	outer mitochondrial transmembrane helix translocase isoform X2 [Homo sapiens]
XP_014669850.1	XP_024309476.1	3.41e-115	364	60.345	290	47	putative ATP-dependent DNA helicase HFM1 isoform X15 [Homo sapiens]
XP_014670872.1	NP_004444.2	0.0	897	70.478	586	96	electron transfer flavoprotein-ubiquinone oxidoreductase, mitochondrial isoform 1 precursor [Homo sapiens]
XP_014670873.1	NP_004444.2	0.0	895	71.231	577	99	electron transfer flavoprotein-ubiquinone oxidoreductase, mitochondrial isoform 1 precursor [Homo sapiens]
XP_014671284.1	NP_001333488.1	2.33e-170	497	64.031	392	67	fidgetin-like protein 1 isoform 2 [Homo sapiens]
XP_014671357.1	NP_001333488.1	2.53e-170	497	64.031	392	67	fidgetin-like protein 1 isoform 2 [Homo sapiens]
XP_014671433.1	NP_001333488.1	1.93e-170	497	64.031	392	68	fidgetin-like protein 1 isoform 2 [Homo sapiens]
XP_014671514.1	NP_001333488.1	2.44e-170	497	64.031	392	68	fidgetin-like protein 1 isoform 2 [Homo sapiens]
XP_014671930.1	NP_060179.2	2.80e-130	382	57.313	335	82	terminal nucleotidyltransferase 5C [Homo sapiens]
XP_014675022.1	NP_060103.2	4.89e-118	354	47.700	413	90	terminal nucleotidyltransferase 5A [Homo sapiens]
XP_014675920.1	XP_047277805.1	0.0	933	43.508	1317	42	E3 ubiquitin-protein ligase UBR5 isoform X5 [Homo sapiens]
XP_014676952.1	NP_006798.1	7.19e-11	60.1	81.250	32	19	chromobox protein homolog 1 [Homo sapiens]
XP_014677300.1	NP_258428.2	4.76e-149	453	37.654	648	95	membrane metallo-endopeptidase-like 1 [Homo sapiens]
XP_014678164.1	NP_001289875.2	1.17e-98	306	41.009	456	85	CCA tRNA nucleotidyltransferase 1, mitochondrial isoform 2 [Homo sapiens]
XP_014680613.1	XP_016864782.1	1.30e-09	55.5	40.000	75	78	NAD(P) transhydrogenase, mitochondrial isoform X1 [Homo sapiens]
XP_015140113.2	NP_060103.2	0.0	752	93.814	388	91	terminal nucleotidyltransferase 5A [Homo sapiens]
XP_015140115.2	NP_060103.2	0.0	751	93.814	388	97	terminal nucleotidyltransferase 5A [Homo sapiens]
XP_015144185.2	XP_047281103.1	0.0	873	61.851	713	100	BLOC-3 complex member HPS1 isoform X1 [Homo sapiens]
XP_015198866.2	NP_001161413.1	3.88e-141	422	46.531	490	83	WD repeat-containing protein 76 isoform 2 [Homo sapiens]
XP_015198867.2	NP_001161413.1	5.38e-142	422	46.531	490	91	WD repeat-containing protein 76 isoform 2 [Homo sapiens]
XP_015198868.2	NP_001161413.1	5.98e-142	422	46.531	490	93	WD repeat-containing protein 76 isoform 2 [Homo sapiens]
XP_015198869.2	NP_001161413.1	3.11e-97	306	44.444	405	80	WD repeat-containing protein 76 isoform 2 [Homo sapiens]
XP_015206985.2	NP_060179.2	2.36e-96	307	78.090	178	23	terminal nucleotidyltransferase 5C [Homo sapiens]
XP_017947874.2	NP_001185971.1	2.44e-13	75.9	21.080	389	54	receptor for retinol uptake STRA6 isoform f [Homo sapiens]
XP_018670981.2	NP_060103.2	2.80e-88	285	50.161	311	44	terminal nucleotidyltransferase 5A [Homo sapiens]
XP_019614296.1	NP_056518.2	4.33e-74	230	49.618	262	91	ribosomal RNA-processing protein 7 homolog A [Homo sapiens]
XP_019620205.1	NP_002429.1	3.26e-164	553	32.556	1029	34	macrophage mannose receptor 1 precursor [Homo sapiens]
XP_019621861.1	NP_000578.2	0.002	45.4	24.706	170	12	complement component C7 precursor [Homo sapiens]
XP_019624673.1	XP_047282814.1	0.90	35.0	27.820	133	26	transient receptor potential cation channel subfamily M member 5 isoform X3 [Homo sapiens]
XP_019624675.1	XP_047282814.1	0.78	35.0	27.820	133	27	transient receptor potential cation channel subfamily M member 5 isoform X3 [Homo sapiens]
XP_019625308.1	NP_001229783.1	6.25e-131	383	51.074	419	100	arfaptin-2 isoform 1 [Homo sapiens]
XP_019625311.1	NP_001229783.1	1.68e-135	394	53.234	402	100	arfaptin-2 isoform 1 [Homo sapiens]
XP_019625416.1	NP_060103.2	2.12e-155	447	57.286	398	97	terminal nucleotidyltransferase 5A [Homo sapiens]
XP_019630409.1	XP_047300732.1	7.61e-120	389	51.632	337	31	PMS1 protein homolog 1 isoform X3 [Homo sapiens]
XP_019638339.1	NP_001009894.2	4.59e-100	300	44.000	325	97	RNA ligase 1 [Homo sapiens]
XP_019640561.1	XP_047275484.1	2.28e-120	400	34.463	885	81	coiled-coil domain-containing protein 18 isoform X24 [Homo sapiens]
XP_019642228.1	XP_011516771.1	1.92e-16	85.5	29.630	243	48	hemicentin-2 isoform X6 [Homo sapiens]
XP_019645899.1	NP_060024.2	9.62e-101	364	30.585	837	33	protein mono-ADP-ribosyltransferase PARP14 [Homo sapiens]
XP_019848826.1	NP_115883.2	1.05e-26	114	50.000	88	6	zinc finger CCCH domain-containing protein 8 [Homo sapiens]
XP_019850310.1	NP_001401103.1	3.50e-35	151	20.466	987	36	inositol 1,4,5-trisphosphate-gated calcium channel ITPR2 isoform 2 [Homo sapiens]
XP_019853923.1	XP_047299990.1	0.15	36.2	30.233	86	12	glycophorin-C isoform X1 [Homo sapiens]
XP_019854349.1	XP_016883212.1	7.5	33.9	35.000	60	3	5'-3' exoribonuclease 2 isoform X2 [Homo sapiens]
XP_019854350.1	XP_016883212.1	7.5	33.9	35.000	60	3	5'-3' exoribonuclease 2 isoform X2 [Homo sapiens]
XP_019854351.1	XP_016883212.1	7.4	33.9	35.000	60	3	5'-3' exoribonuclease 2 isoform X2 [Homo sapiens]
XP_019856491.1	XP_047293180.1	5.65e-49	196	28.280	686	22	putative helicase with zinc finger domain isoform X3 [Homo sapiens]
XP_019857282.1	NP_291025.3	1.08e-12	69.7	33.036	112	44	integrator complex subunit 4 [Homo sapiens]
XP_019858667.1	XP_047274523.1	5.14e-97	305	39.556	450	89	tyrosine-protein kinase Fyn isoform X1 [Homo sapiens]
XP_019858720.1	XP_011518346.1	2.42e-13	77.4	21.513	595	47	NACHT, LRR and PYD domains-containing protein 14 isoform X1 [Homo sapiens]
XP_019859580.1	XP_047274523.1	6.67e-89	286	38.479	447	77	tyrosine-protein kinase Fyn isoform X1 [Homo sapiens]
XP_019859581.1	XP_024307014.1	7.32e-37	144	48.447	161	36	tyrosine-protein kinase Yes isoform X1 [Homo sapiens]
XP_019859582.1	XP_024307014.1	4.67e-37	144	48.447	161	38	tyrosine-protein kinase Yes isoform X1 [Homo sapiens]
XP_019863077.1	NP_733839.1	3.42e-27	107	43.662	142	56	RNA-binding protein Musashi homolog 2 isoform b [Homo sapiens]
XP_019939486.2	NP_848652.2	1.32e-66	210	50.446	224	88	N-acetylaspartate synthetase [Homo sapiens]
XP_019940905.1	NP_060179.2	4.90e-83	271	70.000	180	23	terminal nucleotidyltransferase 5C [Homo sapiens]
XP_019944740.2	NP_001258357.1	0.0	1383	65.962	993	98	ER membrane protein complex subunit 1 isoform 3 precursor [Homo sapiens]
XP_019946020.1	NP_060103.2	0.0	595	72.895	380	97	terminal nucleotidyltransferase 5A [Homo sapiens]
XP_019946612.1	NP_060103.2	0.0	702	86.047	387	97	terminal nucleotidyltransferase 5A [Homo sapiens]
XP_019947548.1	NP_060103.2	0.0	634	77.551	392	96	terminal nucleotidyltransferase 5A [Homo sapiens]
XP_019947772.1	XP_047280934.1	0.0	571	65.228	417	100	phosphatidylcholine:ceramide cholinephosphotransferase 1 isoform X1 [Homo sapiens]
XP_019953958.2	NP_061943.2	0.0	783	77.922	462	97	probable ATP-dependent RNA helicase DDX49 [Homo sapiens]
XP_019963397.1	NP_060103.2	0.0	610	76.640	381	96	terminal nucleotidyltransferase 5A [Homo sapiens]
XP_019965638.1	NP_060179.2	0.0	587	74.934	379	97	terminal nucleotidyltransferase 5C [Homo sapiens]
XP_028398860.1	NP_778237.1	3.70e-17	81.3	30.622	209	87	trace amine-associated receptor 6 [Homo sapiens]
XP_028398861.1	XP_006716356.1	1.19e-27	114	28.446	341	90	alpha-1A adrenergic receptor isoform X2 [Homo sapiens]
XP_028402561.1	XP_047288318.1	0.0	1171	50.768	1302	97	paired amphipathic helix protein Sin3a isoform X1 [Homo sapiens]
XP_028404192.1	XP_005259115.1	2.62e-32	133	26.730	318	48	interferon-inducible GTPase 5 isoform X1 [Homo sapiens]
XP_028405366.1	NP_001009184.1	3.71e-50	172	35.494	324	97	protein lifeguard 1 [Homo sapiens]
XP_028406889.1	NP_115674.1	1.29e-16	84.0	30.319	188	49	synaptotagmin-3 [Homo sapiens]
XP_028412829.1	NP_001124458.1	0.0	1810	45.968	2071	98	dysferlin isoform 3 [Homo sapiens]
XP_028412830.1	NP_001124458.1	0.0	1818	46.017	2084	99	dysferlin isoform 3 [Homo sapiens]
XP_028414153.1	NP_001124458.1	0.0	1806	45.920	2071	98	dysferlin isoform 3 [Homo sapiens]
XP_028414155.1	NP_001124458.1	0.0	1814	45.969	2084	99	dysferlin isoform 3 [Homo sapiens]
XP_028415047.1	NP_060179.2	3.27e-132	387	53.514	370	91	terminal nucleotidyltransferase 5C [Homo sapiens]
XP_028417065.1	XP_047288318.1	0.0	1174	50.494	1317	98	paired amphipathic helix protein Sin3a isoform X1 [Homo sapiens]
XP_030830392.1	XP_016860308.1	0.0	3151	30.764	8224	33	titin isoform X1 [Homo sapiens]
XP_030835141.1	XP_047281864.1	1.73e-158	451	60.231	347	93	outer mitochondrial transmembrane helix translocase isoform X1 [Homo sapiens]
XP_030845080.1	NP_149093.1	3.66e-79	260	32.747	455	86	solute carrier family 45 member 3 [Homo sapiens]
XP_030845895.1	XP_016860165.1	3.18e-131	386	49.737	380	90	tRNA N6-adenosine threonylcarbamoyltransferase, mitochondrial isoform X2 [Homo sapiens]
XP_030845902.1	XP_016860165.1	2.42e-131	386	49.868	379	89	tRNA N6-adenosine threonylcarbamoyltransferase, mitochondrial isoform X2 [Homo sapiens]
XP_030851220.1	NP_060179.2	4.70e-138	404	59.412	340	72	terminal nucleotidyltransferase 5C [Homo sapiens]
XP_031751604.1	NP_056163.1	0.0	2503	71.429	1862	98	transmembrane protein 131 precursor [Homo sapiens]
XP_031751605.1	NP_056163.1	0.0	2499	71.429	1862	98	transmembrane protein 131 precursor [Homo sapiens]
XP_031751606.1	NP_056163.1	0.0	2508	71.698	1855	98	transmembrane protein 131 precursor [Homo sapiens]
XP_032221678.2	XP_047284010.1	2.54e-04	46.2	24.405	168	14	E3 ubiquitin-protein ligase NRDP1 isoform X1 [Homo sapiens]
XP_032225299.2	NP_060103.2	1.07e-145	422	62.037	324	86	terminal nucleotidyltransferase 5A [Homo sapiens]
XP_032232001.2	XP_047287407.1	0.082	42.0	24.816	544	13	ninein isoform X24 [Homo sapiens]
XP_032233303.2	XP_047282986.1	1.39e-22	107	25.389	386	38	coiled-coil domain-containing protein 73 isoform X1 [Homo sapiens]
XP_032239825.2	NP_006585.2	9.82e-156	473	37.517	733	95	AP-4 complex subunit beta-1 isoform 1 [Homo sapiens]
XP_032809089.2	NP_061943.2	0.0	734	76.211	454	89	probable ATP-dependent RNA helicase DDX49 [Homo sapiens]
XP_032810560.2	NP_000118.2	0.0	1132	69.288	801	100	exostosin-1 [Homo sapiens]
XP_032829540.1	NP_060103.2	0.0	588	70.874	412	99	terminal nucleotidyltransferase 5A [Homo sapiens]
XP_033630741.1	XP_047287517.1	0.0	1007	61.406	811	97	serine/threonine-protein phosphatase 4 regulatory subunit 3A isoform X2 [Homo sapiens]
XP_033631559.1	NP_079408.3	0.0	1966	67.608	1346	92	WD repeat-containing protein 19 isoform 1 [Homo sapiens]
XP_033631560.1	NP_079408.3	0.0	1970	67.833	1343	92	WD repeat-containing protein 19 isoform 1 [Homo sapiens]
XP_033631561.1	NP_079408.3	0.0	1966	67.682	1346	99	WD repeat-containing protein 19 isoform 1 [Homo sapiens]
XP_033635257.1	XP_047283625.1	2.25e-159	475	63.824	340	41	phosphatidylinositol-binding clathrin assembly protein isoform X26 [Homo sapiens]
XP_033635424.1	NP_060103.2	1.93e-144	421	62.388	335	75	terminal nucleotidyltransferase 5A [Homo sapiens]
XP_033864625.1	NP_060179.2	0.0	626	78.272	382	98	terminal nucleotidyltransferase 5C [Homo sapiens]
XP_033866648.1	NP_060179.2	0.0	626	78.534	382	98	terminal nucleotidyltransferase 5C [Homo sapiens]
XP_033872791.3	NP_060103.2	0.0	723	88.860	386	96	terminal nucleotidyltransferase 5A [Homo sapiens]
XP_033875662.3	XP_011532462.1	0.0	716	63.864	559	100	vacuolar fusion protein MON1 homolog A isoform X1 [Homo sapiens]
XP_033896323.3	NP_003826.2	0.0	858	62.267	697	99	regulator of G-protein signaling 9 isoform 1 [Homo sapiens]
XP_033911349.2	XP_054185710.1	3.02e-31	133	24.679	624	94	SCAN domain-containing protein 3 isoform X2 [Homo sapiens]
XP_035585839.2	NP_085148.1	4.39e-25	108	32.407	216	45	SH3 domain-binding protein 5-like isoform 1 [Homo sapiens]
XP_035588139.1	NP_001350633.1	9.41e-154	489	65.103	341	13	dual specificity protein kinase CLK2 isoform 4 [Homo sapiens]
XP_035678933.1	NP_006062.1	1.81e-31	131	24.846	487	94	polycystin family receptor for egg jelly precursor [Homo sapiens]
XP_035682057.1	NP_001229783.1	3.45e-130	381	51.074	419	100	arfaptin-2 isoform 1 [Homo sapiens]
XP_035682060.1	NP_001229783.1	1.23e-134	392	53.234	402	100	arfaptin-2 isoform 1 [Homo sapiens]
XP_035686171.1	NP_060103.2	5.73e-156	449	58.040	398	97	terminal nucleotidyltransferase 5A [Homo sapiens]
XP_035689756.1	XP_047300732.1	3.59e-119	385	48.501	367	37	PMS1 protein homolog 1 isoform X3 [Homo sapiens]
XP_035691003.1	XP_047283737.1	4.17e-57	200	34.146	369	54	carbohydrate sulfotransferase 1 isoform X2 [Homo sapiens]
XP_035693615.1	NP_001425319.1	0.0	962	43.647	1212	92	guanine nucleotide exchange factor DBS isoform j [Homo sapiens]
XP_035693616.1	XP_011535786.1	0.0	952	43.594	1202	92	guanine nucleotide exchange factor DBS isoform X5 [Homo sapiens]
XP_035693617.1	NP_001425319.1	0.0	967	44.194	1197	92	guanine nucleotide exchange factor DBS isoform j [Homo sapiens]
XP_035693618.1	XP_011535786.1	0.0	969	43.708	1192	91	guanine nucleotide exchange factor DBS isoform X5 [Homo sapiens]
XP_035693619.1	XP_011535786.1	0.0	974	44.539	1181	91	guanine nucleotide exchange factor DBS isoform X5 [Homo sapiens]
XP_035693620.1	XP_011535785.1	0.0	960	43.880	1201	95	guanine nucleotide exchange factor DBS isoform X2 [Homo sapiens]
XP_035693621.1	NP_001425688.1	0.0	973	45.321	1154	92	guanine nucleotide exchange factor DBS isoform n [Homo sapiens]
XP_038045881.1	XP_016862693.1	1.83e-25	114	24.249	433	30	leucine-rich repeat-containing protein 31 isoform X3 [Homo sapiens]
XP_038047903.1	NP_919445.1	5.8	28.9	35.000	40	34	E3 ubiquitin-protein ligase RNF128 isoform 1 precursor [Homo sapiens]
XP_038063811.1	NP_001186021.1	4.71e-27	119	30.841	214	20	tudor domain-containing protein 5 isoform 3 [Homo sapiens]
XP_038063812.1	NP_001186021.1	4.66e-27	119	30.841	214	20	tudor domain-containing protein 5 isoform 3 [Homo sapiens]
XP_038066326.1	NP_009135.4	1.01e-171	526	63.750	400	38	probable ATP-dependent RNA helicase DDX20 [Homo sapiens]
XP_038066327.1	NP_009135.4	1.52e-145	456	62.791	344	35	probable ATP-dependent RNA helicase DDX20 [Homo sapiens]
XP_038066653.1	NP_001380954.1	4.63e-153	504	39.148	728	49	receptor-type tyrosine-protein phosphatase T isoform 4 precursor [Homo sapiens]
XP_038069690.1	XP_011524242.1	5.56e-164	488	41.414	693	92	CXXC-type zinc finger protein 1 isoform X1 [Homo sapiens]
XP_038070792.1	XP_047281244.1	0.0	929	35.382	1871	48	1-phosphatidylinositol 4,5-bisphosphate phosphodiesterase epsilon-1 isoform X2 [Homo sapiens]
XP_038070793.1	XP_047281244.1	0.0	936	35.461	1864	48	1-phosphatidylinositol 4,5-bisphosphate phosphodiesterase epsilon-1 isoform X2 [Homo sapiens]
XP_038070794.1	XP_047281244.1	0.0	946	36.120	1830	48	1-phosphatidylinositol 4,5-bisphosphate phosphodiesterase epsilon-1 isoform X2 [Homo sapiens]
XP_038074550.1	XP_047287517.1	0.0	998	61.481	810	97	serine/threonine-protein phosphatase 4 regulatory subunit 3A isoform X2 [Homo sapiens]
XP_038079036.1	NP_060179.2	1.71e-147	427	61.765	340	78	terminal nucleotidyltransferase 5C [Homo sapiens]
XP_039250550.2	NP_689848.1	9.36e-16	84.0	23.692	325	36	oncoprotein-induced transcript 3 protein precursor [Homo sapiens]
XP_039254698.2	XP_047292110.1	0.0	750	51.084	738	98	mitofusin-2 isoform X1 [Homo sapiens]
XP_039256471.2	NP_003059.1	3.11e-61	206	65.942	138	24	zinc finger protein SNAI2 [Homo sapiens]
XP_039260901.2	NP_060179.2	1.67e-74	251	47.350	283	33	terminal nucleotidyltransferase 5C [Homo sapiens]
XP_039270568.2	NP_660187.1	0.26	38.1	22.754	167	15	ATP-binding cassette sub-family C member 11 isoform b [Homo sapiens]
XP_039595420.1	XP_011540047.1	1.70e-88	267	61.194	201	68	peflin isoform X1 [Homo sapiens]
XP_039595688.1	NP_060103.2	0.0	628	78.684	380	97	terminal nucleotidyltransferase 5A [Homo sapiens]
XP_039598320.1	XP_016860308.1	0.0	33921	74.821	21427	99	titin isoform X1 [Homo sapiens]
XP_039598321.1	XP_016860308.1	0.0	31274	74.840	19789	99	titin isoform X1 [Homo sapiens]
XP_039599665.1	NP_060179.2	0.0	619	76.215	391	100	terminal nucleotidyltransferase 5C [Homo sapiens]
XP_039603765.1	NP_060103.2	0.0	724	90.789	380	95	terminal nucleotidyltransferase 5A [Homo sapiens]
XP_039616356.1	NP_001238774.1	0.0	1438	86.633	793	98	short transient receptor potential channel 1 isoform 1 [Homo sapiens]
XP_039616364.1	NP_001400292.1	0.0	1015	69.761	754	98	short transient receptor potential channel 1 isoform 5 [Homo sapiens]
XP_039621785.1	NP_612453.1	8.48e-133	381	67.119	295	94	BTB/POZ domain-containing protein KCTD12 [Homo sapiens]
XP_039621896.1	NP_060179.2	6.92e-99	316	75.532	188	21	terminal nucleotidyltransferase 5C [Homo sapiens]
XP_039632385.1	NP_055228.2	1.15e-140	426	43.760	617	93	eukaryotic translation initiation factor 2-alpha kinase 1 isoform a [Homo sapiens]
XP_039632386.1	NP_055228.2	1.42e-139	422	45.189	582	91	eukaryotic translation initiation factor 2-alpha kinase 1 isoform a [Homo sapiens]
XP_040526195.1	NP_689843.1	0.0	554	69.010	384	98	terminal nucleotidyltransferase 5D [Homo sapiens]
XP_040546047.1	NP_060103.2	0.0	627	78.421	380	95	terminal nucleotidyltransferase 5A [Homo sapiens]
XP_041452569.1	NP_001009944.3	2.65e-04	49.3	28.627	255	10	polycystin-1 isoform 1 precursor [Homo sapiens]
XP_041452842.1	NP_060530.3	0.0	954	49.315	949	96	isoleucine--tRNA ligase, mitochondrial precursor [Homo sapiens]
XP_041457855.1	NP_066015.2	0.0	1203	32.494	2462	86	ectopic P granules protein 5 homolog isoform 1 [Homo sapiens]
XP_041457856.1	NP_001397787.1	0.0	1160	32.497	2351	84	ectopic P granules protein 5 homolog isoform 3 [Homo sapiens]
XP_041460588.1	XP_054188132.1	1.1	34.3	33.846	65	7	gamma-crystallin C isoform X1 [Homo sapiens]
XP_041462475.1	NP_060179.2	1.04e-137	403	59.412	340	71	terminal nucleotidyltransferase 5C [Homo sapiens]
XP_041462532.1	NP_060179.2	1.23e-137	403	59.412	340	71	terminal nucleotidyltransferase 5C [Homo sapiens]
XP_041462597.1	NP_055640.2	5.70e-113	403	30.762	1024	50	nucleolar pre-ribosomal-associated protein 1 [Homo sapiens]
XP_041463142.1	NP_055640.2	2.42e-113	404	31.072	1017	50	nucleolar pre-ribosomal-associated protein 1 [Homo sapiens]
XP_041463360.1	XP_047274827.1	0.010	39.7	31.683	101	30	ubiquinone biosynthesis O-methyltransferase, mitochondrial isoform X4 [Homo sapiens]
XP_041464730.1	NP_057602.2	3.37e-07	54.7	21.772	395	93	peroxisomal sarcosine oxidase [Homo sapiens]
XP_041464731.1	NP_057602.2	3.81e-07	54.3	21.772	395	95	peroxisomal sarcosine oxidase [Homo sapiens]
XP_041483251.1	XP_047286870.1	0.019	40.4	21.053	152	27	E3 ubiquitin-protein ligase TRIM45 isoform X1 [Homo sapiens]
XP_042189427.1	XP_005264507.2	0.0	8029	83.603	4818	99	dual E2 ubiquitin-conjugating enzyme/E3 ubiquitin-protein ligase BIRC6 isoform X1 [Homo sapiens]
XP_042189535.1	XP_047289740.1	4.51e-172	495	61.702	423	73	protein angel homolog 2 isoform X3 [Homo sapiens]
XP_042191029.1	NP_065979.1	0.0	1996	93.984	1014	91	zinc finger SWIM domain-containing protein 6 [Homo sapiens]
XP_042192245.1	NP_000364.1	0.0	662	66.598	485	99	uridine 5'-monophosphate synthase [Homo sapiens]
XP_042194712.1	NP_006452.3	0.010	43.5	21.986	564	34	sperm-associated antigen 5 [Homo sapiens]
XP_042194743.1	NP_005848.2	0.0	781	81.585	467	99	CAAX prenyl protease 1 homolog [Homo sapiens]
XP_042195621.1	XP_016861478.1	0.0	1267	65.891	1032	93	FERM domain-containing protein 4B isoform X1 [Homo sapiens]
XP_042199380.1	NP_001124457.1	0.0	1521	68.744	1043	57	dysferlin isoform 4 [Homo sapiens]
XP_042199975.1	NP_057278.2	0.0	710	94.901	353	100	guanine nucleotide-binding protein subunit beta-5 isoform b [Homo sapiens]
XP_046754381.1	NP_853551.1	0.0	621	83.516	364	99	replication factor C subunit 4 [Homo sapiens]
XP_046776355.1	XP_047281103.1	0.0	866	61.538	715	100	BLOC-3 complex member HPS1 isoform X1 [Homo sapiens]
XP_046776356.1	XP_047281103.1	0.0	870	61.711	713	100	BLOC-3 complex member HPS1 isoform X1 [Homo sapiens]
XP_047122637.1	XP_054188799.1	1.30e-20	105	25.088	857	9	rootletin isoform X6 [Homo sapiens]
XP_047122639.1	XP_054188797.1	1.32e-20	105	25.088	857	9	rootletin isoform X8 [Homo sapiens]
XP_047122642.1	XP_054188793.1	1.86e-17	94.4	24.416	856	11	rootletin isoform X2 [Homo sapiens]
XP_047124396.1	NP_775831.2	3.72e-159	486	45.902	549	73	DNA-binding protein RFX6 [Homo sapiens]
XP_047130153.1	NP_055955.1	1.42e-131	404	37.369	669	96	tubulin--tyrosine ligase-like protein 12 [Homo sapiens]
XP_047138795.1	XP_047277648.1	0.0	1510	59.969	1294	99	5-oxoprolinase isoform X5 [Homo sapiens]
XP_048387395.1	NP_060103.2	0.0	702	88.684	380	97	terminal nucleotidyltransferase 5A [Homo sapiens]
XP_048391386.1	NP_002784.1	8.14e-147	411	84.444	225	96	proteasome subunit beta type-1 [Homo sapiens]
XP_048396520.1	NP_001399993.1	7.68e-154	437	63.692	325	91	PI-PLC X domain-containing protein 2 [Homo sapiens]
XP_048396521.1	NP_001399993.1	2.66e-126	366	62.094	277	89	PI-PLC X domain-containing protein 2 [Homo sapiens]
XP_048397321.1	NP_060179.2	0.0	644	81.963	377	98	terminal nucleotidyltransferase 5C [Homo sapiens]
XP_048400966.1	NP_060179.2	0.0	563	72.487	378	93	terminal nucleotidyltransferase 5C [Homo sapiens]
XP_048400967.1	NP_060179.2	0.0	564	72.487	378	93	terminal nucleotidyltransferase 5C [Homo sapiens]
XP_048400968.1	NP_060179.2	0.0	564	72.487	378	93	terminal nucleotidyltransferase 5C [Homo sapiens]
XP_048400969.1	NP_060179.2	0.0	564	72.487	378	93	terminal nucleotidyltransferase 5C [Homo sapiens]
XP_048400971.1	NP_060179.2	0.0	563	72.487	378	94	terminal nucleotidyltransferase 5C [Homo sapiens]
XP_048401675.2	NP_000247.2	0.0	1567	59.296	1307	97	myosin-binding protein C, cardiac-type [Homo sapiens]
XP_048411958.1	NP_001373352.1	0.0	1021	41.096	1533	99	FYVE and coiled-coil domain-containing protein 1 isoform 2 [Homo sapiens]
XP_048411978.1	NP_001373358.1	0.0	847	39.852	1355	98	FYVE and coiled-coil domain-containing protein 1 isoform 8 [Homo sapiens]
XP_048411986.1	XP_047304858.1	0.0	742	39.300	1257	98	FYVE and coiled-coil domain-containing protein 1 isoform X1 [Homo sapiens]
XP_048580175.1	NP_006585.2	8.16e-153	462	38.782	673	98	AP-4 complex subunit beta-1 isoform 1 [Homo sapiens]
XP_048581387.1	XP_047281864.1	7.59e-138	395	69.202	263	88	outer mitochondrial transmembrane helix translocase isoform X1 [Homo sapiens]
XP_048581873.1	NP_061135.2	0.0	540	48.845	563	70	probable ATP-dependent RNA helicase DDX43 [Homo sapiens]
XP_048581874.1	NP_061135.2	0.0	542	48.673	565	87	probable ATP-dependent RNA helicase DDX43 [Homo sapiens]
XP_048581876.1	NP_061135.2	0.0	541	48.496	565	87	probable ATP-dependent RNA helicase DDX43 [Homo sapiens]
XP_051064047.1	XP_047299574.1	4.27e-06	52.4	20.977	348	51	cilia- and flagella-associated protein 221 isoform X3 [Homo sapiens]
XP_051064447.1	NP_001350633.1	1.82e-155	489	65.103	341	18	dual specificity protein kinase CLK2 isoform 4 [Homo sapiens]
XP_051065502.1	NP_060179.2	3.82e-05	48.5	50.000	54	10	terminal nucleotidyltransferase 5C [Homo sapiens]
XP_051066814.1	NP_006420.1	0.0	797	70.476	525	97	T-complex protein 1 subunit eta isoform a [Homo sapiens]
XP_051069580.1	XP_024303707.1	6.07e-158	454	52.143	420	99	AP-3 complex subunit mu-1 isoform X1 [Homo sapiens]
XP_051069967.1	NP_000349.1	1.00e-18	93.6	25.341	367	44	transforming growth factor-beta-induced protein ig-h3 precursor [Homo sapiens]
XP_051070340.1	NP_060179.2	9.50e-65	223	56.075	214	28	terminal nucleotidyltransferase 5C [Homo sapiens]
XP_051071637.1	NP_001158136.1	0.0	661	54.439	597	23	microtubule-associated serine/threonine-protein kinase 4 isoform 3 [Homo sapiens]
XP_051073919.1	NP_055335.2	0.002	45.4	29.487	78	6	myb-binding protein 1A isoform 2 [Homo sapiens]
XP_053172108.1	NP_000952.1	1.18e-151	444	50.311	483	94	prostacyclin synthase [Homo sapiens]
XP_053178041.1	NP_061943.2	0.0	788	78.355	462	96	probable ATP-dependent RNA helicase DDX49 [Homo sapiens]
XP_053179509.1	NP_060179.2	1.33e-174	498	62.821	390	78	terminal nucleotidyltransferase 5C [Homo sapiens]
XP_053182883.1	NP_060103.2	0.0	614	75.127	394	98	terminal nucleotidyltransferase 5A [Homo sapiens]
XP_053183877.1	NP_060103.2	0.0	705	86.563	387	97	terminal nucleotidyltransferase 5A [Homo sapiens]
XP_053184462.1	NP_060179.2	0.0	599	75.578	389	99	terminal nucleotidyltransferase 5C [Homo sapiens]
XP_053185050.1	XP_047301616.1	0.0	29411	64.832	21281	65	titin isoform X2 [Homo sapiens]
XP_053186533.1	NP_001032238.1	1.42e-124	369	43.765	409	96	acyl-coenzyme A thioesterase 1 [Homo sapiens]
XP_053187094.1	NP_060179.2	3.88e-172	488	63.467	375	95	terminal nucleotidyltransferase 5C [Homo sapiens]
XP_053188996.1	NP_001309408.1	0.0	769	54.839	682	100	BLOC-3 complex member HPS1 isoform f [Homo sapiens]
XP_053190155.1	NP_060103.2	0.0	587	72.966	381	97	terminal nucleotidyltransferase 5A [Homo sapiens]
XP_053192235.1	XP_011507931.1	0.002	41.2	25.610	164	68	polymeric immunoglobulin receptor isoform X1 [Homo sapiens]
XP_053193485.1	NP_060103.2	0.0	637	76.427	403	98	terminal nucleotidyltransferase 5A [Homo sapiens]
XP_053196636.1	XP_011512464.1	0.0	1082	78.014	705	100	G-protein coupled receptor-associated protein LMBRD2 isoform X1 [Homo sapiens]
XP_053196637.1	XP_011512464.1	0.0	1084	78.014	705	100	G-protein coupled receptor-associated protein LMBRD2 isoform X1 [Homo sapiens]
XP_054753321.1	NP_060179.2	1.08e-138	405	55.164	397	84	terminal nucleotidyltransferase 5C [Homo sapiens]
XP_054756180.2	NP_057602.2	1.43e-07	55.8	22.000	400	96	peroxisomal sarcosine oxidase [Homo sapiens]
XP_054772396.2	XP_047297786.1	3.05e-30	131	31.280	211	28	adhesion G-protein coupled receptor G4 isoform X2 [Homo sapiens]
XP_055490573.1	NP_000118.2	0.0	1247	80.820	756	100	exostosin-1 [Homo sapiens]
XP_055491462.1	NP_000118.2	0.0	1142	72.464	759	100	exostosin-1 [Homo sapiens]
XP_055492050.1	NP_060103.2	0.0	685	86.579	380	97	terminal nucleotidyltransferase 5A [Homo sapiens]
XP_055499361.1	NP_060103.2	0.0	563	71.543	376	96	terminal nucleotidyltransferase 5A [Homo sapiens]
XP_055500210.1	NP_060179.2	0.0	641	80.890	382	97	terminal nucleotidyltransferase 5C [Homo sapiens]
XP_055500211.1	NP_060179.2	0.0	641	80.890	382	97	terminal nucleotidyltransferase 5C [Homo sapiens]
XP_055500212.1	NP_060179.2	0.0	640	80.890	382	99	terminal nucleotidyltransferase 5C [Homo sapiens]
XP_055502778.1	XP_047280410.1	0.0	716	55.052	772	18	transforming acidic coiled-coil-containing protein 2 isoform X22 [Homo sapiens]
XP_055509815.1	NP_065965.5	0.0	4490	46.973	5120	97	protein ALO17 isoform 1 [Homo sapiens]
XP_055509816.1	NP_065965.5	0.0	4490	46.973	5120	97	protein ALO17 isoform 1 [Homo sapiens]
XP_055512562.1	NP_005848.2	0.0	763	78.556	471	99	CAAX prenyl protease 1 homolog [Homo sapiens]
XP_058845265.1	NP_060179.2	8.99e-96	305	76.536	179	24	terminal nucleotidyltransferase 5C [Homo sapiens]
XP_058853527.1	NP_060103.2	0.0	610	76.579	380	97	terminal nucleotidyltransferase 5A [Homo sapiens]
XP_058855628.1	NP_060103.2	0.0	610	76.579	380	97	terminal nucleotidyltransferase 5A [Homo sapiens]
XP_058857546.1	NP_060179.2	1.63e-97	309	77.654	179	24	terminal nucleotidyltransferase 5C [Homo sapiens]
XP_058880590.1	NP_060103.2	0.0	718	88.312	385	96	terminal nucleotidyltransferase 5A [Homo sapiens]
XP_058885092.1	NP_060179.2	0.0	627	78.534	382	95	terminal nucleotidyltransferase 5C [Homo sapiens]
XP_059508768.1	XP_047295900.1	6.40e-167	549	52.739	639	38	polycomb group protein ASXL1 isoform X6 [Homo sapiens]
XP_059508769.1	XP_047295900.1	1.24e-168	553	52.821	638	38	polycomb group protein ASXL1 isoform X6 [Homo sapiens]
XP_059511163.1	NP_006178.2	2.67e-95	338	48.819	381	16	2'-5'-oligoadenylate synthase 3 isoform 1 [Homo sapiens]
XP_061409774.1	NP_061943.2	0.0	736	76.211	454	98	probable ATP-dependent RNA helicase DDX49 [Homo sapiens]
XP_061411961.1	NP_001369224.1	0.0	834	38.940	1302	100	ubiquitin carboxyl-terminal hydrolase 40 isoform 1 [Homo sapiens]
XP_061420772.1	XP_011544431.1	1.66e-123	427	39.179	633	34	chromatin remodeling regulator CECR2 isoform X3 [Homo sapiens]
XP_061420773.1	XP_011544431.1	1.17e-123	427	39.241	632	34	chromatin remodeling regulator CECR2 isoform X3 [Homo sapiens]
XP_061420774.1	XP_011544431.1	1.58e-123	427	39.179	633	34	chromatin remodeling regulator CECR2 isoform X3 [Homo sapiens]
XP_061420775.1	XP_011544431.1	1.71e-123	427	39.179	633	34	chromatin remodeling regulator CECR2 isoform X3 [Homo sapiens]
XP_061420776.1	XP_011544431.1	1.60e-123	427	39.179	633	34	chromatin remodeling regulator CECR2 isoform X3 [Homo sapiens]
XP_061422765.1	NP_060103.2	0.0	589	71.569	408	99	terminal nucleotidyltransferase 5A [Homo sapiens]
XP_061423707.1	NP_001339683.2	0.0	846	54.773	838	89	lisH domain-containing protein ARMC9 isoform 1 [Homo sapiens]
XP_061423708.1	NP_001339683.2	0.0	850	54.839	837	89	lisH domain-containing protein ARMC9 isoform 1 [Homo sapiens]
XP_061430981.1	NP_001287880.1	2.69e-157	504	37.632	946	71	zinc finger protein 91 isoform 2 [Homo sapiens]
XP_061431299.1	NP_001238774.1	0.0	1232	73.140	793	98	short transient receptor potential channel 1 isoform 1 [Homo sapiens]
XP_061431300.1	NP_001238774.1	0.0	1237	73.232	792	98	short transient receptor potential channel 1 isoform 1 [Homo sapiens]
XP_061431301.1	NP_001238774.1	0.0	1231	73.140	793	100	short transient receptor potential channel 1 isoform 1 [Homo sapiens]
XP_062819994.1	NP_689843.1	0.0	550	67.700	387	98	terminal nucleotidyltransferase 5D [Homo sapiens]
XP_062832440.1	XP_047281103.1	0.0	869	59.524	714	100	BLOC-3 complex member HPS1 isoform X1 [Homo sapiens]
XP_062833884.1	XP_011508062.1	0.0	1323	42.831	1653	99	adenylate cyclase type 10 isoform X1 [Homo sapiens]
XP_062891113.1	NP_005848.2	0.0	763	79.149	470	99	CAAX prenyl protease 1 homolog [Homo sapiens]
XP_062891964.1	NP_000118.2	0.0	1154	72.405	761	100	exostosin-1 [Homo sapiens]
XP_062896412.1	NP_060103.2	0.0	689	86.842	380	97	terminal nucleotidyltransferase 5A [Homo sapiens]
XP_062900978.1	NP_005678.3	0.0	983	78.305	590	100	phenylalanine--tRNA ligase beta subunit [Homo sapiens]
XP_062900980.1	NP_005678.3	0.0	814	77.938	485	100	phenylalanine--tRNA ligase beta subunit [Homo sapiens]
XP_062906785.1	NP_060179.2	0.0	642	81.432	377	98	terminal nucleotidyltransferase 5C [Homo sapiens]
XP_062917399.1	NP_060179.2	0.0	562	71.314	373	92	terminal nucleotidyltransferase 5C [Homo sapiens]
XP_063674572.1	NP_001302458.1	1.32e-10	70.1	40.860	93	4	pericentrin isoform 2 [Homo sapiens]
XP_063674573.1	NP_006022.3	1.35e-10	70.1	40.860	93	4	pericentrin isoform 1 [Homo sapiens]
XP_063674576.1	NP_001302458.1	1.32e-10	70.1	40.860	93	4	pericentrin isoform 2 [Homo sapiens]
XP_063674579.1	NP_006022.3	1.26e-10	70.1	40.860	93	4	pericentrin isoform 1 [Homo sapiens]
XP_063674581.1	NP_001302458.1	1.18e-10	70.5	40.860	93	4	pericentrin isoform 2 [Homo sapiens]
XP_063674583.1	NP_001302458.1	1.28e-10	70.1	40.860	93	4	pericentrin isoform 2 [Homo sapiens]
XP_063676130.1	XP_016885263.1	3.90e-24	111	25.497	553	64	short transient receptor potential channel 5 isoform X1 [Homo sapiens]
XP_063676285.1	NP_001349792.1	0.0	1102	37.756	1711	83	phosphatidylinositol 4-kinase alpha isoform 3 [Homo sapiens]
XP_063676286.1	NP_001349792.1	0.0	1100	37.838	1702	83	phosphatidylinositol 4-kinase alpha isoform 3 [Homo sapiens]
XP_063676289.1	NP_001349792.1	0.0	1101	37.581	1695	83	phosphatidylinositol 4-kinase alpha isoform 3 [Homo sapiens]
XP_063676290.1	NP_001349792.1	0.0	1102	38.002	1692	83	phosphatidylinositol 4-kinase alpha isoform 3 [Homo sapiens]
XP_063676291.1	NP_477352.3	0.0	1101	37.923	1685	83	phosphatidylinositol 4-kinase alpha isoform 1 [Homo sapiens]
XP_063676293.1	NP_001349792.1	0.0	1114	38.425	1663	83	phosphatidylinositol 4-kinase alpha isoform 3 [Homo sapiens]
XP_063676437.1	NP_060179.2	1.16e-113	340	51.754	342	83	terminal nucleotidyltransferase 5C [Homo sapiens]
XP_063676905.1	NP_055426.1	0.0	1047	43.387	1376	35	midasin [Homo sapiens]
XP_063679253.1	NP_003891.1	6.09e-14	76.3	35.714	126	27	sequestosome-1 isoform 1 [Homo sapiens]
XP_063681458.1	NP_001354587.1	1.21e-49	187	44.898	196	21	SUN domain-containing protein 1 isoform x [Homo sapiens]
XP_063687101.1	XP_047301624.1	1.96e-35	154	20.774	3904	64	titin isoform X9 [Homo sapiens]
XP_063687102.1	XP_024308865.1	2.76e-35	153	20.759	3902	64	titin isoform X11 [Homo sapiens]
XP_063692118.1	NP_001124456.1	0.0	1594	41.893	2134	99	dysferlin isoform 5 [Homo sapiens]
XP_063692128.1	NP_001124456.1	0.0	1594	42.019	2130	99	dysferlin isoform 5 [Homo sapiens]
XP_063692138.1	NP_001124456.1	0.0	1599	41.952	2131	99	dysferlin isoform 5 [Homo sapiens]
XP_063692147.1	NP_001124456.1	0.0	1592	41.893	2134	99	dysferlin isoform 5 [Homo sapiens]
XP_063692156.1	NP_001124456.1	0.0	1600	42.078	2127	99	dysferlin isoform 5 [Homo sapiens]
XP_063692164.1	NP_001124456.1	0.0	1597	42.014	2135	99	dysferlin isoform 5 [Homo sapiens]
XP_063692173.1	NP_001124456.1	0.0	1598	42.078	2127	99	dysferlin isoform 5 [Homo sapiens]
XP_063692241.1	XP_005269751.1	0.0	1545	43.908	1904	98	myoferlin isoform X2 [Homo sapiens]
XP_063693315.1	NP_001240795.1	5.10e-119	377	41.344	491	59	ATP-dependent zinc metalloprotease YME1L1 isoform 4 [Homo sapiens]
XP_063710873.1	XP_011534019.1	2.04e-35	139	31.227	269	43	gamma-aminobutyric acid receptor subunit rho-2 isoform X2 [Homo sapiens]
XP_063711183.1	XP_047278141.1	1.30e-159	531	25.824	1700	99	maestro heat-like repeat-containing protein family member 1 isoform X6 [Homo sapiens]
XP_063717728.1	NP_110385.1	1.64e-153	478	35.613	848	86	oxysterol-binding protein 2 isoform a [Homo sapiens]
XP_063717805.1	NP_055580.1	5.45e-35	121	45.985	137	81	mitochondrial import receptor subunit TOM20 homolog [Homo sapiens]
XP_063718927.1	NP_001001.2	8.07e-78	237	54.113	231	94	small ribosomal subunit protein eS6 [Homo sapiens]
XP_063719360.1	XP_016875575.1	1.6	33.5	27.551	98	27	liprin-alpha-2 isoform X7 [Homo sapiens]
XP_063721451.1	NP_054733.2	0.0	3072	66.427	2225	100	U5 small nuclear ribonucleoprotein 200 kDa helicase [Homo sapiens]
XP_063721452.1	NP_054733.2	0.0	2702	71.234	1759	96	U5 small nuclear ribonucleoprotein 200 kDa helicase [Homo sapiens]
XP_063722115.1	NP_060103.2	2.20e-76	263	43.849	317	24	terminal nucleotidyltransferase 5A [Homo sapiens]
XP_063722217.1	XP_011541884.1	4.90e-43	170	25.147	680	94	3'-5' RNA helicase YTHDC2 isoform X3 [Homo sapiens]
XP_063728305.1	XP_011542360.1	0.0	2935	37.314	4430	99	dynein axonemal heavy chain 14 isoform X1 [Homo sapiens]
XP_063728306.1	XP_011542360.1	0.0	2938	37.381	4422	99	dynein axonemal heavy chain 14 isoform X1 [Homo sapiens]
XP_063728307.1	XP_011542373.1	0.0	2939	37.390	4421	99	dynein axonemal heavy chain 14 isoform X17 [Homo sapiens]
XP_063728308.1	XP_011542360.1	0.0	2942	37.435	4413	99	dynein axonemal heavy chain 14 isoform X1 [Homo sapiens]
XP_063728325.1	XP_011514472.1	1.15e-50	192	25.037	679	84	prestin isoform X2 [Homo sapiens]
XP_063954435.1	NP_055640.2	5.85e-114	406	32.240	915	45	nucleolar pre-ribosomal-associated protein 1 [Homo sapiens]
XP_063957098.1	XP_011525618.1	2.31e-57	206	38.577	267	37	zinc finger protein 329 isoform X2 [Homo sapiens]
XP_063958043.1	NP_001354408.1	0.0	3632	40.583	4800	93	dynein axonemal heavy chain 14 isoform 7 [Homo sapiens]
XP_063958044.1	XP_011542360.1	0.0	3637	40.626	4790	93	dynein axonemal heavy chain 14 isoform X1 [Homo sapiens]
XP_063958045.1	XP_011542360.1	0.0	3636	40.635	4789	93	dynein axonemal heavy chain 14 isoform X1 [Homo sapiens]
XP_063962241.1	XP_047272028.1	6.8	31.6	27.703	148	35	condensin complex subunit 3 isoform X2 [Homo sapiens]
XP_063965704.1	NP_115655.2	3.3	32.3	29.670	91	30	probable cation-transporting ATPase 13A4 [Homo sapiens]
XP_063966074.1	XP_047293567.1	1.08e-04	48.5	23.377	154	21	mitochondrial enolase superfamily member 1 isoform X1 [Homo sapiens]
XP_063968247.1	XP_011518010.1	2.23e-44	180	24.253	837	57	cubilin isoform X4 [Homo sapiens]
XP_064409769.1	XP_005251373.1	0.0	667	63.538	554	99	tripartite motif-containing protein 55 isoform X1 [Homo sapiens]
XP_064411526.1	NP_000118.2	0.0	1152	73.067	750	100	exostosin-1 [Homo sapiens]
XP_064420895.1	NP_001367.2	0.0	9067	94.368	4634	99	cytoplasmic dynein 1 heavy chain 1 [Homo sapiens]
XP_064423768.1	XP_011539763.1	3.15e-126	374	50.656	381	88	SH2 domain-containing protein 5 isoform X1 [Homo sapiens]
XP_064625512.1	NP_001277224.2	1.06e-35	150	32.743	339	11	sorbin and SH3 domain-containing protein 1 isoform 9 [Homo sapiens]
XP_064625521.1	NP_001371378.1	1.21e-35	152	35.612	278	9	sorbin and SH3 domain-containing protein 1 isoform 28 [Homo sapiens]
XP_064625540.1	NP_079267.2	1.22e-35	150	32.743	339	11	sorbin and SH3 domain-containing protein 1 isoform 6 [Homo sapiens]
XP_064625551.1	NP_079267.2	1.23e-35	150	32.743	339	11	sorbin and SH3 domain-containing protein 1 isoform 6 [Homo sapiens]
XP_064625569.1	NP_001364131.1	1.12e-35	151	32.743	339	11	sorbin and SH3 domain-containing protein 1 isoform 18 [Homo sapiens]
XP_064625586.1	NP_001277224.2	1.19e-35	150	32.743	339	11	sorbin and SH3 domain-containing protein 1 isoform 9 [Homo sapiens]
XP_064625644.1	XP_016870994.1	4.59e-36	152	32.743	339	17	sorbin and SH3 domain-containing protein 1 isoform X5 [Homo sapiens]
XP_064625651.1	NP_001277227.2	5.66e-53	204	30.144	627	32	sorbin and SH3 domain-containing protein 1 isoform 12 [Homo sapiens]
XP_064628772.1	NP_060179.2	1.78e-155	447	58.690	397	89	terminal nucleotidyltransferase 5C [Homo sapiens]
XP_064628773.1	NP_060179.2	4.36e-156	447	58.438	397	97	terminal nucleotidyltransferase 5C [Homo sapiens]
XP_064646232.1	XP_024308868.1	0.0	704	27.871	2447	69	titin isoform X15 [Homo sapiens]
XP_064646234.1	XP_024308868.1	0.0	790	27.182	2910	48	titin isoform X15 [Homo sapiens]
XP_064649530.1	XP_047301844.1	1.4	33.5	19.139	209	49	protein FAM124B isoform X1 [Homo sapiens]
XP_064650740.1	NP_001334627.1	1.75e-27	116	30.769	325	48	CD5 antigen-like isoform 2 precursor [Homo sapiens]
XP_064650741.1	NP_005885.1	7.85e-28	117	30.769	325	51	CD5 antigen-like isoform 1 precursor [Homo sapiens]
XP_065178722.1	XP_011513562.1	0.0	707	36.233	1391	56	integrator complex subunit 1 isoform X1 [Homo sapiens]
XP_065181808.1	XP_006723661.1	0.0	761	29.600	2125	95	ral GTPase-activating protein subunit alpha-2 isoform X1 [Homo sapiens]
XP_065181814.1	XP_006723661.1	0.0	768	29.796	2111	95	ral GTPase-activating protein subunit alpha-2 isoform X1 [Homo sapiens]
XP_065181837.1	XP_047291779.1	6.5	32.7	31.250	80	7	NF-kappa-B inhibitor-interacting Ras-like protein 2 isoform X1 [Homo sapiens]
XP_065181838.1	XP_047291779.1	6.2	32.7	31.250	80	7	NF-kappa-B inhibitor-interacting Ras-like protein 2 isoform X1 [Homo sapiens]
XP_065184339.1	NP_055580.1	5.84e-21	85.5	39.024	123	70	mitochondrial import receptor subunit TOM20 homolog [Homo sapiens]
XP_065184646.1	NP_689843.1	3.50e-66	217	37.462	331	82	terminal nucleotidyltransferase 5D [Homo sapiens]
XP_065197531.1	NP_443175.2	3.30e-74	239	43.363	339	83	terminal nucleotidyltransferase 5B [Homo sapiens]
XP_065644767.1	NP_055955.1	4.58e-135	412	37.631	667	98	tubulin--tyrosine ligase-like protein 12 [Homo sapiens]
XP_065647893.1	XP_047303761.1	6.01e-13	75.5	38.235	136	17	serine/threonine-protein phosphatase 6 regulatory ankyrin repeat subunit A isoform X8 [Homo sapiens]
XP_065648842.1	NP_060103.2	5.55e-129	380	51.226	367	91	terminal nucleotidyltransferase 5A [Homo sapiens]
XP_065654001.1	NP_775831.2	3.53e-157	481	45.355	549	73	DNA-binding protein RFX6 [Homo sapiens]
XP_065654002.1	NP_775831.2	9.00e-158	483	44.640	569	76	DNA-binding protein RFX6 [Homo sapiens]
XP_065674261.1	XP_047291092.1	1.77e-16	91.7	23.826	873	9	rootletin isoform X6 [Homo sapiens]
XP_065676518.1	XP_011515262.1	0.0	1516	60.046	1294	99	5-oxoprolinase isoform X3 [Homo sapiens]
XP_065676519.1	XP_011515262.1	0.0	1511	59.495	1306	99	5-oxoprolinase isoform X3 [Homo sapiens]
XP_065676520.1	XP_011515262.1	0.0	1516	60.046	1294	99	5-oxoprolinase isoform X3 [Homo sapiens]
XP_065678846.1	NP_775831.2	2.26e-140	437	43.920	551	72	DNA-binding protein RFX6 [Homo sapiens]
XP_065827654.1	NP_054733.2	0.0	3164	69.575	2166	100	U5 small nuclear ribonucleoprotein 200 kDa helicase [Homo sapiens]
XP_065831508.1	XP_016863501.1	7.68e-93	337	32.118	850	47	ankyrin repeat domain-containing protein 17 isoform X7 [Homo sapiens]
XP_065831509.1	NP_942592.1	1.14e-87	321	31.763	828	45	ankyrin repeat domain-containing protein 17 isoform b [Homo sapiens]
XP_065831510.1	XP_016863502.1	1.97e-90	330	31.331	849	47	ankyrin repeat domain-containing protein 17 isoform X8 [Homo sapiens]
XP_065831511.1	XP_016863502.1	1.11e-85	314	32.960	804	46	ankyrin repeat domain-containing protein 17 isoform X8 [Homo sapiens]
XP_065831512.1	XP_016863501.1	5.66e-93	338	32.118	850	48	ankyrin repeat domain-containing protein 17 isoform X7 [Homo sapiens]
XP_065832207.1	XP_047282286.1	2.38e-42	167	29.427	384	31	BLOC-2 complex member HPS5 isoform X11 [Homo sapiens]
XP_065833334.1	NP_006730.2	0.0	1093	70.421	737	99	DNA replication licensing factor MCM5 [Homo sapiens]
XP_065834469.1	NP_001158136.1	0.0	618	46.814	769	53	microtubule-associated serine/threonine-protein kinase 4 isoform 3 [Homo sapiens]
XP_065834470.1	XP_047273118.1	0.0	614	47.684	734	58	microtubule-associated serine/threonine-protein kinase 4 isoform X13 [Homo sapiens]
XP_065834863.1	NP_077005.2	8.15e-71	232	31.971	416	91	WD repeat-containing protein 18 isoform 1 [Homo sapiens]
XP_065835214.1	XP_047282286.1	3.61e-43	169	29.177	401	31	BLOC-2 complex member HPS5 isoform X11 [Homo sapiens]
XP_065837316.1	NP_443175.2	9.3	33.1	61.538	26	2	terminal nucleotidyltransferase 5B [Homo sapiens]
XP_065837317.1	NP_443175.2	9.2	33.1	61.538	26	2	terminal nucleotidyltransferase 5B [Homo sapiens]
XP_065837872.1	NP_060103.2	2.01e-105	322	50.000	336	74	terminal nucleotidyltransferase 5A [Homo sapiens]
XP_065839098.1	XP_047303759.1	2.29e-16	87.4	28.808	302	25	serine/threonine-protein phosphatase 6 regulatory ankyrin repeat subunit A isoform X7 [Homo sapiens]
XP_065839205.1	NP_710181.2	1.04e-16	85.9	26.974	304	26	serine/threonine-protein phosphatase 6 regulatory ankyrin repeat subunit B isoform B [Homo sapiens]
XP_065839441.1	NP_001278357.1	1.42e-10	61.2	31.298	131	58	apoptosis regulator BAX isoform 1 [Homo sapiens]
XP_065843765.1	NP_001373080.1	9.02e-36	150	29.907	428	34	ankyrin-2 isoform 58 [Homo sapiens]
XP_065845575.1	NP_001427534.1	2.19e-10	67.0	25.703	249	24	coagulation factor XI isoform 7 precursor [Homo sapiens]
XP_066265811.1	NP_060103.2	7.53e-153	442	58.701	385	89	terminal nucleotidyltransferase 5A [Homo sapiens]
XP_066265819.1	NP_060103.2	3.24e-153	442	57.506	393	96	terminal nucleotidyltransferase 5A [Homo sapiens]
XP_066267950.1	XP_047283737.1	9.78e-56	196	34.066	364	53	carbohydrate sulfotransferase 1 isoform X2 [Homo sapiens]
XP_066267987.1	NP_001425688.1	0.0	941	49.055	952	54	guanine nucleotide exchange factor DBS isoform n [Homo sapiens]
XP_066267989.1	NP_001425688.1	0.0	931	48.845	952	54	guanine nucleotide exchange factor DBS isoform n [Homo sapiens]
XP_066267990.1	NP_001425319.1	0.0	946	49.840	937	53	guanine nucleotide exchange factor DBS isoform j [Homo sapiens]
XP_066267992.1	NP_001425319.1	0.0	961	44.135	1185	68	guanine nucleotide exchange factor DBS isoform j [Homo sapiens]
XP_066267995.1	XP_016875983.1	0.0	940	48.110	979	60	guanine nucleotide exchange factor DBS isoform X4 [Homo sapiens]
XP_066267996.1	NP_001425692.1	0.0	939	48.745	956	59	guanine nucleotide exchange factor DBS isoform r [Homo sapiens]
XP_066267997.1	NP_001425689.1	0.0	941	49.055	952	60	guanine nucleotide exchange factor DBS isoform o [Homo sapiens]
XP_066273166.1	NP_078857.5	0.0	577	34.286	1120	99	protein FAM184A isoform 1 [Homo sapiens]
XP_066914011.1	NP_060103.2	2.44e-125	371	53.039	362	90	terminal nucleotidyltransferase 5A [Homo sapiens]
XP_066915165.1	XP_047292809.1	1.58e-32	118	53.922	102	33	LIM domain-containing protein 2 isoform X1 [Homo sapiens]
XP_066916820.1	XP_011534367.1	2.14e-10	67.4	41.026	78	6	SPARC-related modular calcium-binding protein 2 isoform X1 [Homo sapiens]
XP_066920183.1	NP_000544.2	9.13e-29	120	28.530	347	82	bifunctional 3'-5' exonuclease/ATP-dependent helicase WRN [Homo sapiens]
XP_066920432.1	NP_005834.4	2.95e-09	59.3	35.385	65	25	signal transducing adapter molecule 2 [Homo sapiens]
XP_066921138.1	XP_011542941.1	1.65e-29	123	27.968	379	84	bifunctional 3'-5' exonuclease/ATP-dependent helicase WRN isoform X1 [Homo sapiens]
XP_066923765.1	NP_001305253.1	1.77e-54	214	29.496	417	19	nuclear pore complex protein Nup214 isoform 3 [Homo sapiens]
XP_066924874.1	XP_047290026.1	1.8	33.9	26.667	135	23	influenza virus NS1A-binding protein isoform X1 [Homo sapiens]
XP_066925037.1	NP_945322.1	2.80e-101	325	41.363	411	51	histone H4 transcription factor isoform 1 [Homo sapiens]
XP_066925634.1	XP_011544418.1	2.46e-05	47.8	29.412	136	40	GRB2-associated-binding protein 4 isoform X4 [Homo sapiens]
XP_066928658.1	NP_001412214.1	0.048	40.8	23.846	130	10	retrotransposon-like protein 1 [Homo sapiens]
XP_066931908.1	NP_003095.2	1.68e-29	118	27.874	348	96	sorbitol dehydrogenase [Homo sapiens]
XP_066933520.1	XP_047305518.1	6.19e-08	56.2	28.972	214	58	kelch-like protein 2 isoform X7 [Homo sapiens]
XP_066934639.1	XP_016859489.1	1.55e-131	422	32.508	889	83	inositol polyphosphate-4-phosphatase type I A isoform X21 [Homo sapiens]
XP_066936977.1	XP_047281864.1	2.94e-144	414	57.771	341	94	outer mitochondrial transmembrane helix translocase isoform X1 [Homo sapiens]
XP_066936978.1	XP_047281864.1	6.53e-121	353	51.613	341	93	outer mitochondrial transmembrane helix translocase isoform X1 [Homo sapiens]
XP_067825508.1	NP_001001710.1	4.98e-25	103	27.742	310	97	ciliary microtubule inner protein 2A [Homo sapiens]
XP_067841022.1	NP_060103.2	0.0	699	88.158	380	97	terminal nucleotidyltransferase 5A [Homo sapiens]
XP_067844040.1	XP_011510526.1	0.0	1655	79.889	1079	98	histone deacetylase 4 isoform X11 [Homo sapiens]
XP_067844044.1	XP_047302436.1	0.0	1645	79.944	1072	98	histone deacetylase 4 isoform X10 [Homo sapiens]
XP_067844045.1	XP_047302432.1	0.0	1667	80.074	1084	99	histone deacetylase 4 isoform X6 [Homo sapiens]
XP_067844046.1	XP_047302437.1	0.0	1632	79.850	1067	98	histone deacetylase 4 isoform X12 [Homo sapiens]
XP_067844048.1	XP_011510522.1	0.0	1619	79.943	1057	99	histone deacetylase 4 isoform X5 [Homo sapiens]
XP_067844049.1	XP_047302432.1	0.0	1611	79.659	1057	99	histone deacetylase 4 isoform X6 [Homo sapiens]
XP_067844051.1	XP_047302442.1	0.0	1594	80.116	1036	99	histone deacetylase 4 isoform X17 [Homo sapiens]
XP_067849052.1	NP_060179.2	0.0	648	82.228	377	98	terminal nucleotidyltransferase 5C [Homo sapiens]
XP_067852738.1	NP_060103.2	0.0	571	74.394	371	95	terminal nucleotidyltransferase 5A [Homo sapiens]
XP_067858899.1	NP_001166988.1	4.11e-07	56.6	26.087	230	23	MAP7 domain-containing protein 3 isoform 3 [Homo sapiens]
XP_067858900.1	NP_001166988.1	1.98e-06	53.9	24.352	193	25	MAP7 domain-containing protein 3 isoform 3 [Homo sapiens]
XP_067862856.1	NP_005848.2	0.0	781	80.508	472	99	CAAX prenyl protease 1 homolog [Homo sapiens]
XP_067868071.1	NP_001001710.1	1.65e-13	71.6	37.624	101	36	ciliary microtubule inner protein 2A [Homo sapiens]
XP_067880175.1	NP_000118.2	0.0	1158	72.991	759	100	exostosin-1 [Homo sapiens]
XP_067882795.1	NP_060103.2	0.0	702	88.684	380	97	terminal nucleotidyltransferase 5A [Homo sapiens]
XP_067896845.1	NP_060179.2	0.0	648	82.228	377	98	terminal nucleotidyltransferase 5C [Homo sapiens]
XP_067901549.1	NP_002784.1	2.75e-148	414	84.889	225	96	proteasome subunit beta type-1 [Homo sapiens]
XP_067901974.1	XP_047282987.1	3.07e-10	67.0	43.434	99	10	coiled-coil domain-containing protein 73 isoform X2 [Homo sapiens]
XP_067904101.1	NP_060103.2	0.0	563	73.713	369	94	terminal nucleotidyltransferase 5A [Homo sapiens]
XP_067904465.1	NP_056153.2	2.15e-166	548	53.208	639	37	polycomb group protein ASXL1 isoform 1 [Homo sapiens]
XP_067904466.1	XP_006723791.1	4.42e-168	552	53.292	638	37	polycomb group protein ASXL1 isoform X4 [Homo sapiens]
XP_067904467.1	XP_047295900.1	5.80e-151	504	52.692	613	36	polycomb group protein ASXL1 isoform X6 [Homo sapiens]
XP_067904468.1	NP_056153.2	0.0	643	56.528	697	39	polycomb group protein ASXL1 isoform 1 [Homo sapiens]
XP_067962383.2	NP_060179.2	1.48e-44	166	44.498	209	30	terminal nucleotidyltransferase 5C [Homo sapiens]
XP_067966876.1	NP_060103.2	0.0	599	76.316	380	88	terminal nucleotidyltransferase 5A [Homo sapiens]
XP_067966877.1	NP_060103.2	0.0	599	76.316	380	93	terminal nucleotidyltransferase 5A [Homo sapiens]
XP_067976152.2	NP_001119808.1	5.63e-126	416	64.706	272	8	versican core protein isoform 2 precursor [Homo sapiens]
XP_067977071.1	NP_066576.1	0.0	892	63.142	681	56	phosphatidylinositol-3,5-bisphosphate 3-phosphatase MTMR3 isoform c [Homo sapiens]
XP_067977072.1	NP_694691.1	0.0	890	63.142	681	57	phosphatidylinositol-3,5-bisphosphate 3-phosphatase MTMR3 isoform b [Homo sapiens]
XP_067979771.2	NP_001350804.1	1.22e-178	514	58.155	466	98	spastin isoform 4 [Homo sapiens]
XP_067980985.2	XP_011508340.1	0.0	5282	48.090	5394	99	hemicentin-1 isoform X1 [Homo sapiens]
XP_067981817.2	NP_115791.3	0.0	780	40.132	1216	98	caspase recruitment domain-containing protein 11 [Homo sapiens]
XP_069040651.1	NP_001295.2	0.0	1744	63.616	1355	96	carboxypeptidase D isoform 1 precursor [Homo sapiens]
XP_069047383.1	NP_542389.1	4.32e-102	303	50.333	300	95	N-acyl-aromatic-L-amino acid amidohydrolase (carboxylate-forming) [Homo sapiens]
XP_069387702.1	NP_060179.2	5.74e-79	267	72.455	167	14	terminal nucleotidyltransferase 5C [Homo sapiens]
XP_070535315.1	NP_001379.1	0.87	33.9	29.670	91	25	developmentally-regulated GTP-binding protein 2 isoform 1 [Homo sapiens]
XP_070537657.1	NP_085154.3	0.006	37.4	45.161	31	27	proline-rich transmembrane protein 1 isoform 1 [Homo sapiens]
XP_070545407.1	XP_047281864.1	1.28e-169	479	62.983	362	99	outer mitochondrial transmembrane helix translocase isoform X1 [Homo sapiens]
XP_070553624.1	NP_006811.2	3.08e-08	57.8	27.203	261	60	interferon-induced protein 44-like isoform 1 [Homo sapiens]
XP_070554596.1	NP_060015.1	8.47e-31	120	47.368	114	41	2-Hydroxyacid oxidase 1 [Homo sapiens]
XP_070554747.1	XP_016879662.1	8.42e-74	243	34.253	435	82	beta-1,4 N-acetylgalactosaminyltransferase 2 isoform X1 [Homo sapiens]
XP_070567423.1	NP_060103.2	3.24e-161	462	63.089	382	97	terminal nucleotidyltransferase 5A [Homo sapiens]
XP_070579983.1	NP_079534.2	8.19e-06	51.2	34.737	95	21	von Willebrand factor A domain-containing protein 7 precursor [Homo sapiens]
XP_070581653.1	XP_047272110.1	3.91e-96	303	36.308	493	95	arylsulfatase J isoform X2 [Homo sapiens]
XP_070716148.1	XP_047279639.1	1.35e-52	206	29.352	494	26	zinc finger protein 462 isoform X5 [Homo sapiens]
XP_070716150.1	XP_047279637.1	1.36e-52	206	29.352	494	26	zinc finger protein 462 isoform X4 [Homo sapiens]
XP_070716151.1	XP_047279639.1	1.79e-52	206	29.352	494	26	zinc finger protein 462 isoform X5 [Homo sapiens]
XP_070716152.1	XP_047279637.1	1.41e-52	206	29.352	494	28	zinc finger protein 462 isoform X4 [Homo sapiens]
XP_070716154.1	XP_047279637.1	1.10e-59	229	27.169	703	47	zinc finger protein 462 isoform X4 [Homo sapiens]
XP_070725907.1	NP_002784.1	3.30e-123	351	74.222	225	96	proteasome subunit beta type-1 [Homo sapiens]
XP_070726538.1	XP_047295256.1	7.45e-75	238	38.953	344	94	C5a anaphylatoxin chemotactic receptor 1 isoform X1 [Homo sapiens]
XP_070727581.1	NP_001424585.1	1.65e-132	402	66.187	278	91	mineralocorticoid receptor isoform 1 [Homo sapiens]
XP_070731914.1	NP_001382192.1	0.0	682	77.197	421	76	dual specificity calcium/calmodulin-dependent 3',5'-cyclic nucleotide phosphodiesterase 1A isoform 2 [Homo sapiens]
XP_070733032.1	NP_001271188.1	0.0	1040	39.448	1919	97	kinesin-like protein KIF20B isoform 1 [Homo sapiens]
XP_070738233.1	NP_060179.2	0.0	570	73.545	378	96	terminal nucleotidyltransferase 5C [Homo sapiens]
XP_070740293.1	NP_000118.2	0.0	709	78.873	426	96	exostosin-1 [Homo sapiens]
XP_070741175.1	NP_000375.3	0.0	2987	36.124	4706	98	apolipoprotein B-100 precursor [Homo sapiens]
XP_070741672.1	NP_060103.2	0.0	702	88.684	380	96	terminal nucleotidyltransferase 5A [Homo sapiens]
XP_070745261.1	NP_002784.1	5.14e-148	414	84.889	225	96	proteasome subunit beta type-1 [Homo sapiens]
XP_070749601.1	NP_060179.2	0.0	642	81.963	377	98	terminal nucleotidyltransferase 5C [Homo sapiens]
XP_070752297.1	XP_006723791.1	1.23e-162	538	51.719	640	37	polycomb group protein ASXL1 isoform X4 [Homo sapiens]
XP_070752298.1	XP_006723791.1	2.79e-164	542	51.800	639	37	polycomb group protein ASXL1 isoform X4 [Homo sapiens]
XP_070752299.1	XP_006723796.1	2.89e-115	399	54.442	439	26	polycomb group protein ASXL1 isoform X8 [Homo sapiens]
XP_070752300.1	XP_006723796.1	1.63e-76	281	48.413	378	26	polycomb group protein ASXL1 isoform X8 [Homo sapiens]
XP_070752301.1	NP_056153.2	0.0	633	55.158	698	40	polycomb group protein ASXL1 isoform 1 [Homo sapiens]
XP_070754922.1	NP_005848.2	0.0	760	80.000	470	99	CAAX prenyl protease 1 homolog [Homo sapiens]
XP_071811024.1	NP_874365.3	3.90e-175	572	51.376	654	41	protein scribble homolog isoform a [Homo sapiens]
XP_071820039.1	NP_060179.2	2.37e-143	416	56.693	381	90	terminal nucleotidyltransferase 5C [Homo sapiens]
XP_071822417.1	NP_443175.2	5.6	31.6	66.667	18	5	terminal nucleotidyltransferase 5B [Homo sapiens]
XP_071841931.1	NP_001373096.1	4.42e-05	52.0	34.247	73	2	ankyrin-2 isoform 66 [Homo sapiens]
XP_071854729.1	NP_003053.2	2.59e-20	98.6	24.368	435	65	slit homolog 3 protein isoform 2 precursor [Homo sapiens]
XP_071942189.1	NP_596869.4	0.0	1234	31.111	2745	55	titin isoform N2-A [Homo sapiens]
XP_071942196.1	XP_047301616.1	0.0	1235	31.111	2745	55	titin isoform X2 [Homo sapiens]
XP_071942205.1	XP_016860310.1	0.0	1234	31.111	2745	55	titin isoform X6 [Homo sapiens]
XP_071942214.1	XP_016860310.1	0.0	1238	31.278	2724	55	titin isoform X6 [Homo sapiens]
XP_071942223.1	XP_016860310.1	0.0	1234	31.111	2745	55	titin isoform X6 [Homo sapiens]
XP_071942241.1	XP_016860310.1	0.0	1234	31.111	2745	56	titin isoform X6 [Homo sapiens]
XP_071942251.1	XP_016860310.1	0.0	1219	31.621	2609	54	titin isoform X6 [Homo sapiens]
XP_071947460.1	XP_047302116.1	9.39e-47	170	34.799	273	43	beta-1,3-galactosyltransferase 1 isoform X1 [Homo sapiens]
XP_071949265.1	NP_063938.1	9.54e-117	355	39.723	506	99	cytochrome P450 26B1 isoform 1 [Homo sapiens]
XP_071951467.1	NP_001333342.1	4.08e-45	183	34.954	329	15	pre-mRNA cleavage complex 2 protein Pcf11 isoform 1 [Homo sapiens]
XP_071951468.1	NP_001333342.1	4.25e-45	183	34.954	329	15	pre-mRNA cleavage complex 2 protein Pcf11 isoform 1 [Homo sapiens]
XP_071952077.1	NP_001265338.1	3.76e-126	387	52.128	376	49	annexin A11 isoform 2 [Homo sapiens]
XP_071952079.1	NP_001265338.1	3.42e-126	387	52.128	376	49	annexin A11 isoform 2 [Homo sapiens]
XP_071952081.1	NP_001265338.1	2.17e-129	388	52.419	372	68	annexin A11 isoform 2 [Homo sapiens]
XP_071952794.1	XP_047275625.1	3.99e-12	70.5	24.000	200	46	interleukin-12 receptor subunit beta-2 isoform X5 [Homo sapiens]
XP_071953841.1	NP_775931.3	3.65e-25	113	31.551	187	16	protein Dok-7 isoform 1 [Homo sapiens]
XP_071955683.1	NP_060179.2	9.69e-134	390	58.516	364	90	terminal nucleotidyltransferase 5C [Homo sapiens]
XP_071957041.1	NP_001375340.1	0.002	46.2	42.373	59	1	sialate:O-sulfotransferase 1 isoform 3 [Homo sapiens]
XP_071962624.1	NP_001166117.1	0.0	1426	57.415	1207	100	1-phosphatidylinositol 4,5-bisphosphate phosphodiesterase beta-4 isoform c [Homo sapiens]
XP_071962625.1	NP_001166117.1	0.0	1424	57.309	1204	100	1-phosphatidylinositol 4,5-bisphosphate phosphodiesterase beta-4 isoform c [Homo sapiens]
XP_071963522.1	NP_001367.2	0.0	7272	74.183	4652	99	cytoplasmic dynein 1 heavy chain 1 [Homo sapiens]
XP_071965379.1	NP_705691.1	6.58e-06	50.4	26.437	174	48	MAM domain-containing glycosylphosphatidylinositol anchor protein 1 preproprotein [Homo sapiens]
XP_072015441.1	NP_569713.2	5.40e-38	151	26.134	463	74	kelch-like protein 6 [Homo sapiens]
XP_072015646.1	XP_047301312.1	4.44e-21	102	28.684	380	37	NLR family CARD domain-containing protein 4 isoform X1 [Homo sapiens]
XP_072017159.1	NP_001375422.1	8.95e-18	93.2	27.920	351	8	deleted in azoospermia protein 2 isoform 4 [Homo sapiens]
XP_072024114.1	NP_219489.1	1.12e-45	161	37.456	283	84	sorting nexin-21 isoform a [Homo sapiens]
XP_072024404.1	XP_047299743.1	0.0	1255	47.490	1554	98	CLIP-associating protein 1 isoform X16 [Homo sapiens]
XP_072026520.1	NP_001193768.1	0.0	570	44.395	669	64	receptor-type tyrosine-protein phosphatase zeta isoform 3 precursor [Homo sapiens]
XP_072032500.1	NP_001345459.1	0.0	686	54.849	598	90	molybdenum cofactor biosynthesis protein 1 isoform 7 [Homo sapiens]
XP_072032501.1	NP_001068566.1	6.30e-180	508	65.497	342	85	molybdenum cofactor biosynthesis protein 1 isoform 4 [Homo sapiens]
XP_072033354.1	XP_047286139.1	0.0	851	39.088	1228	51	unconventional myosin-XVI isoform X3 [Homo sapiens]
XP_072034413.1	NP_859059.1	2.61e-51	173	35.154	293	92	RNA 5'-monophosphate methyltransferase [Homo sapiens]
XP_072036191.1	NP_002525.2	3.93e-36	136	32.372	312	84	2'-5'-oligoadenylate synthase 1 isoform 2 [Homo sapiens]
XP_072036890.1	NP_060179.2	2.22e-143	415	60.000	340	83	terminal nucleotidyltransferase 5C [Homo sapiens]
XP_072040473.1	NP_009040.2	0.048	40.0	28.000	75	7	transcription factor 19 isoform 1 [Homo sapiens]
XP_072043661.1	XP_047297655.1	4.5	33.1	22.772	202	38	uncharacterized protein LOC124905153 [Homo sapiens]
XP_072046237.1	NP_066289.3	0.0	687	56.484	694	43	polyubiquitin-C [Homo sapiens]
XP_072095789.1	NP_001394401.1	3.4	31.6	29.231	65	27	adenomatous polyposis coli protein isoform s [Homo sapiens]
XP_072098281.1	NP_001159405.1	0.0	733	71.811	486	99	regulator of G-protein signaling 9 isoform 3 [Homo sapiens]
XP_072102470.1	NP_005848.2	0.0	763	79.149	470	99	CAAX prenyl protease 1 homolog [Homo sapiens]
XP_072106204.1	NP_060103.2	0.0	689	86.842	380	97	terminal nucleotidyltransferase 5A [Homo sapiens]
XP_072107504.1	NP_000118.2	0.0	1152	72.142	761	100	exostosin-1 [Homo sapiens]
XP_072107788.1	XP_047272972.1	1.84e-51	202	43.478	506	33	collagen alpha-1(XXIV) chain isoform X6 [Homo sapiens]
XP_072116458.1	NP_060179.2	0.0	645	82.228	377	98	terminal nucleotidyltransferase 5C [Homo sapiens]
XP_072127328.1	NP_060103.2	0.0	556	72.087	369	94	terminal nucleotidyltransferase 5A [Homo sapiens]
XP_072330000.1	NP_001238774.1	0.0	1405	83.867	812	100	short transient receptor potential channel 1 isoform 1 [Homo sapiens]
XP_072330001.1	NP_001238774.1	0.0	1414	85.985	792	100	short transient receptor potential channel 1 isoform 1 [Homo sapiens]
XP_072330002.1	NP_001238774.1	0.0	1216	87.126	668	100	short transient receptor potential channel 1 isoform 1 [Homo sapiens]
XP_072330636.1	NP_005678.3	0.0	993	79.492	590	100	phenylalanine--tRNA ligase beta subunit [Homo sapiens]
XP_072337083.1	NP_612454.1	4.71e-126	366	56.364	330	98	G-protein coupled receptor 146 [Homo sapiens]
XP_072339706.1	NP_065965.5	0.0	4653	48.160	5191	89	protein ALO17 isoform 1 [Homo sapiens]
XP_072339707.1	NP_065965.5	0.0	4663	47.147	5398	99	protein ALO17 isoform 1 [Homo sapiens]
XP_072348777.1	NP_695003.1	0.0	808	69.483	580	99	sorting nexin-33 isoform 1 [Homo sapiens]
XP_072352187.1	NP_001424585.1	0.0	750	45.376	1038	97	mineralocorticoid receptor isoform 1 [Homo sapiens]
XP_072352188.1	NP_001424585.1	0.0	749	45.376	1038	100	mineralocorticoid receptor isoform 1 [Homo sapiens]
XP_072355104.1	NP_000118.2	0.0	1157	72.237	760	100	exostosin-1 [Homo sapiens]
XP_072355906.1	NP_060103.2	0.0	699	88.421	380	96	terminal nucleotidyltransferase 5A [Homo sapiens]
XP_072356139.1	NP_001273361.1	0.0	2001	60.427	1731	52	DNA polymerase zeta catalytic subunit isoform b [Homo sapiens]
XP_072361243.1	NP_060179.2	0.0	563	71.693	378	92	terminal nucleotidyltransferase 5C [Homo sapiens]
XP_072361244.1	NP_060179.2	0.0	562	71.693	378	96	terminal nucleotidyltransferase 5C [Homo sapiens]
XP_072368319.1	XP_005264507.2	0.0	7962	82.790	4846	99	dual E2 ubiquitin-conjugating enzyme/E3 ubiquitin-protein ligase BIRC6 isoform X1 [Homo sapiens]
XP_072368323.1	XP_005264507.2	0.0	7917	82.357	4846	99	dual E2 ubiquitin-conjugating enzyme/E3 ubiquitin-protein ligase BIRC6 isoform X1 [Homo sapiens]
XP_072369134.1	NP_002784.1	1.02e-146	410	83.784	222	99	proteasome subunit beta type-1 [Homo sapiens]
XP_072369869.1	NP_060179.2	0.0	640	81.963	377	98	terminal nucleotidyltransferase 5C [Homo sapiens]
XP_075249167.1	NP_054733.2	0.0	3081	66.592	2218	99	U5 small nuclear ribonucleoprotein 200 kDa helicase [Homo sapiens]
XP_075256675.1	NP_000119.1	1.26e-05	48.5	31.200	125	50	coagulation factor XI isoform 1 preproprotein [Homo sapiens]
XP_075256959.1	NP_001304092.1	5.0	34.3	31.481	54	4	complement C5 isoform 2 [Homo sapiens]
XP_075258173.1	XP_047283974.1	0.0	569	38.025	810	73	ubiquitin conjugation factor E4 B isoform X1 [Homo sapiens]
XP_075263048.1	NP_006092.1	0.97	35.4	23.656	93	12	kinetochore protein NDC80 homolog [Homo sapiens]
XP_075263050.1	NP_006092.1	0.76	35.4	23.656	93	14	kinetochore protein NDC80 homolog [Homo sapiens]
XP_075266250.1	NP_689843.1	6.89e-76	259	43.533	317	22	terminal nucleotidyltransferase 5D [Homo sapiens]
XP_075266258.1	NP_689843.1	1.87e-75	256	43.533	317	28	terminal nucleotidyltransferase 5D [Homo sapiens]
XP_075911057.1	NP_742013.1	1.18e-38	150	25.095	526	95	E3 ubiquitin-protein ligase TRIM39 isoform 2 [Homo sapiens]
XP_075911993.1	NP_060103.2	2.26e-54	197	51.832	191	22	terminal nucleotidyltransferase 5A [Homo sapiens]
XP_075921597.1	XP_011544434.1	2.62e-119	414	38.827	631	34	chromatin remodeling regulator CECR2 isoform X5 [Homo sapiens]
XP_075921598.1	XP_011544434.1	2.06e-119	415	38.730	630	34	chromatin remodeling regulator CECR2 isoform X5 [Homo sapiens]
XP_075921599.1	XP_011544434.1	3.13e-119	414	38.827	631	34	chromatin remodeling regulator CECR2 isoform X5 [Homo sapiens]
XP_075921600.1	XP_011544434.1	2.67e-119	414	38.827	631	34	chromatin remodeling regulator CECR2 isoform X5 [Homo sapiens]
XP_075921601.1	XP_016884274.1	7.32e-120	417	39.137	626	34	chromatin remodeling regulator CECR2 isoform X1 [Homo sapiens]
XP_075921603.1	XP_016884274.1	5.03e-120	417	39.040	625	34	chromatin remodeling regulator CECR2 isoform X1 [Homo sapiens]
XP_075922923.1	NP_061943.2	0.0	686	77.804	419	81	probable ATP-dependent RNA helicase DDX49 [Homo sapiens]
XP_075923332.1	NP_000118.2	0.0	1053	65.918	801	100	exostosin-1 [Homo sapiens]
XP_076804609.1	XP_047300390.1	3.34e-08	58.5	37.755	98	19	N-myc proto-oncogene protein isoform X1 [Homo sapiens]
XP_076806705.1	NP_700356.2	3.24e-24	112	24.411	467	47	leucine-rich repeats and immunoglobulin-like domains protein 3 isoform 2 precursor [Homo sapiens]
XP_076808314.1	NP_001280235.2	0.0	958	40.906	1303	52	sodium channel protein type 10 subunit alpha isoform 2 [Homo sapiens]
XP_076808315.1	XP_011532295.1	0.0	663	38.462	975	44	sodium channel protein type 10 subunit alpha isoform X2 [Homo sapiens]
XP_076816970.1	XP_047300390.1	2.71e-08	58.9	37.864	103	20	N-myc proto-oncogene protein isoform X1 [Homo sapiens]
XP_076817101.1	NP_060740.1	5.12e-35	122	40.113	177	95	MRG/MORF4L-binding protein [Homo sapiens]
XP_076818065.1	XP_016864728.1	2.38e-21	100	39.568	139	22	RNA polymerase II elongation factor ELL2 isoform X1 [Homo sapiens]
XP_076819008.1	NP_060103.2	2.52e-84	276	52.574	272	38	terminal nucleotidyltransferase 5A [Homo sapiens]
XP_076820004.1	XP_047283649.1	1.13e-34	134	24.611	386	90	gamma-butyrobetaine dioxygenase isoform X1 [Homo sapiens]
XP_076820005.1	XP_047283649.1	1.23e-34	134	24.611	386	91	gamma-butyrobetaine dioxygenase isoform X1 [Homo sapiens]
XP_076820006.1	XP_047283649.1	8.94e-35	134	24.611	386	95	gamma-butyrobetaine dioxygenase isoform X1 [Homo sapiens]
XP_077862516.1	XP_047303740.1	1.09e-173	545	43.644	708	52	phospholipid-transporting ATPase IF isoform X1 [Homo sapiens]
XP_077865910.1	NP_001311061.1	3.41e-159	476	42.205	635	87	xaa-Pro aminopeptidase 1 isoform 5 [Homo sapiens]
XP_077866333.1	NP_112235.2	5.10e-62	227	50.222	225	23	mediator of RNA polymerase II transcription subunit 25 isoform 1 [Homo sapiens]
XP_077866831.1	NP_000534.3	9.51e-164	482	46.780	528	94	sphingomyelin phosphodiesterase isoform 1 precursor [Homo sapiens]
XP_077869565.1	XP_047279177.1	0.0	612	38.470	941	98	F-box only protein 10 isoform X2 [Homo sapiens]
XP_077870006.1	NP_000897.3	0.0	844	44.795	1047	94	atrial natriuretic peptide receptor 1 precursor [Homo sapiens]
XP_077870453.1	XP_047279185.1	1.67e-72	237	33.911	404	84	beta-1,3-galactosyl-O-glycosyl-glycoprotein beta-1,6-N-acetylglucosaminyltransferase isoform X1 [Homo sapiens]
XP_077969336.1	NP_660187.1	0.25	38.1	22.754	167	15	ATP-binding cassette sub-family C member 11 isoform b [Homo sapiens]
XP_077969337.1	NP_660187.1	0.23	38.5	22.754	167	15	ATP-binding cassette sub-family C member 11 isoform b [Homo sapiens]
XP_077969338.1	NP_660187.1	0.18	38.5	22.754	167	18	ATP-binding cassette sub-family C member 11 isoform b [Homo sapiens]
XP_077971021.1	XP_006717081.1	2.11e-05	49.3	24.405	168	45	FK506-binding protein 15 isoform X1 [Homo sapiens]
XP_077971022.1	NP_056073.1	0.040	38.5	25.410	122	35	FK506-binding protein 15 [Homo sapiens]
XP_077971528.1	NP_001123620.1	2.71e-133	394	48.261	460	97	coiled-coil domain-containing protein 77 isoform b [Homo sapiens]
XP_077971534.1	NP_001367.2	0.0	6967	71.066	4690	99	cytoplasmic dynein 1 heavy chain 1 [Homo sapiens]
XP_077971535.1	NP_001367.2	0.0	6970	71.233	4679	99	cytoplasmic dynein 1 heavy chain 1 [Homo sapiens]
XP_077975832.1	XP_006711873.1	0.0	4602	51.553	4572	89	ryanodine receptor 2 isoform X15 [Homo sapiens]
XP_077975834.1	XP_006711873.1	0.0	4611	51.619	4572	89	ryanodine receptor 2 isoform X15 [Homo sapiens]
XP_077975839.1	XP_006711873.1	0.0	4610	51.689	4558	89	ryanodine receptor 2 isoform X15 [Homo sapiens]
XP_077975844.1	XP_006711873.1	0.0	4615	51.779	4552	89	ryanodine receptor 2 isoform X15 [Homo sapiens]
XP_077975845.1	XP_006711873.1	0.0	4623	51.939	4538	89	ryanodine receptor 2 isoform X15 [Homo sapiens]
XP_077976852.1	NP_060103.2	9.95e-159	456	69.394	330	83	terminal nucleotidyltransferase 5A [Homo sapiens]
XP_077977414.1	XP_047286868.1	4.0	32.7	32.000	50	11	ATP-dependent RNA helicase TDRD9 isoform X10 [Homo sapiens]
XP_077979355.1	NP_001185708.1	0.0	1057	68.097	746	100	cullin-2 isoform b [Homo sapiens]
XP_077986693.1	NP_766638.2	1.8	30.8	35.000	40	29	signal peptide, CUB and EGF-like domain-containing protein 1 precursor [Homo sapiens]
XP_077987019.1	NP_002282.2	5.47e-120	424	31.337	1002	44	laminin subunit beta-1 precursor [Homo sapiens]
XP_077990780.1	XP_047279175.1	0.0	648	39.802	1010	98	F-box only protein 10 isoform X1 [Homo sapiens]
XP_077991035.1	NP_079425.3	8.99e-47	176	25.954	524	84	medium-chain acyl-CoA ligase ACSF2, mitochondrial isoform 2 precursor [Homo sapiens]
XP_077992201.1	XP_047276649.1	0.0	548	65.721	423	58	fidgetin-like protein 1 isoform X1 [Homo sapiens]
XP_077992876.1	NP_000735.1	1.54e-69	244	40.061	327	39	neuronal acetylcholine receptor subunit alpha-4 isoform 1 precursor [Homo sapiens]
XP_077994370.1	NP_000315.2	0.10	37.7	28.421	190	33	ammonium transporter Rh type A [Homo sapiens]
XP_077998830.1	NP_002727.2	3.09e-05	49.7	21.118	161	21	cAMP-dependent protein kinase type II-beta regulatory subunit [Homo sapiens]
XP_078000343.1	NP_065690.2	2.28e-55	202	39.338	272	47	receptor-interacting serine/threonine-protein kinase 4 [Homo sapiens]
XP_078000347.1	NP_065690.2	1.82e-43	167	42.647	204	39	receptor-interacting serine/threonine-protein kinase 4 [Homo sapiens]
XP_078456258.1	NP_061943.2	0.0	736	76.211	454	98	probable ATP-dependent RNA helicase DDX49 [Homo sapiens]
XP_078457906.1	XP_047299412.1	3.35e-13	74.7	26.400	375	75	ankyrin and armadillo repeat-containing protein isoform X15 [Homo sapiens]
XP_078461899.1	NP_001339683.2	0.0	842	54.545	847	97	lisH domain-containing protein ARMC9 isoform 1 [Homo sapiens]
XP_078461900.1	NP_001339683.2	0.0	852	55.131	838	96	lisH domain-containing protein ARMC9 isoform 1 [Homo sapiens]
XP_078461901.1	NP_001339683.2	0.0	856	55.197	837	96	lisH domain-containing protein ARMC9 isoform 1 [Homo sapiens]
XP_078471579.1	NP_060103.2	0.0	588	77.322	366	88	terminal nucleotidyltransferase 5A [Homo sapiens]
XP_078471605.1	XP_006724536.1	0.0	988	46.620	1154	36	dystrophin isoform X6 [Homo sapiens]
XP_078471607.1	XP_006724532.1	0.0	988	46.574	1153	36	dystrophin isoform X2 [Homo sapiens]
XP_078471608.1	NP_004001.1	0.0	978	46.579	1140	35	dystrophin isoform Dp427p2 [Homo sapiens]
XP_078471609.1	NP_004003.2	0.0	977	46.532	1139	35	dystrophin isoform Dp260-2 [Homo sapiens]
XP_078471610.1	XP_006724532.1	0.0	988	46.620	1154	36	dystrophin isoform X2 [Homo sapiens]
XP_078471611.1	NP_004003.2	0.0	709	45.673	832	28	dystrophin isoform Dp260-2 [Homo sapiens]
XP_078474166.1	NP_003421.2	3.28e-160	515	37.436	975	70	zinc finger protein 91 isoform 1 [Homo sapiens]
XP_078482186.1	NP_787103.1	5.28e-126	369	52.394	355	99	prostaglandin reductase 3 isoform 1 [Homo sapiens]
XP_078484148.1	NP_002299.2	5.89e-46	159	31.132	318	99	galectin-9 isoform short [Homo sapiens]
XP_078484599.1	XP_047278830.1	1.89e-46	167	49.080	163	47	zinc finger protein 782 isoform X3 [Homo sapiens]
XP_078484955.1	XP_047304706.1	5.74e-10	64.3	29.524	210	37	coiled-coil domain-containing protein 14 isoform X13 [Homo sapiens]
XP_078485326.1	XP_047283898.1	1.4	34.3	26.613	124	25	tripartite motif-containing protein 66 isoform X5 [Homo sapiens]
XP_078485560.1	NP_005633.2	7.59e-65	210	43.168	322	92	transcription initiation factor TFIID subunit 7 [Homo sapiens]
XP_078485959.1	NP_079431.1	4.58e-89	276	40.534	412	97	proteasomal ATPase-associated factor 1 isoform 2 [Homo sapiens]
XP_078486770.1	XP_016878694.1	1.6	33.1	29.730	111	34	acyl-coenzyme A synthetase ACSM2B, mitochondrial isoform X1 [Homo sapiens]
XP_078487161.1	NP_056009.1	0.0	1210	59.394	990	97	unconventional myosin-Id isoform 1 [Homo sapiens]
XP_078487162.1	NP_056009.1	0.0	1215	60.020	978	97	unconventional myosin-Id isoform 1 [Homo sapiens]
XP_078489872.1	NP_001395441.1	3.03e-29	124	32.093	215	39	breast cancer type 1 susceptibility protein isoform 145 [Homo sapiens]
XP_078490660.1	XP_047289311.1	8.78e-83	258	40.688	349	97	homer protein homolog 2 isoform X4 [Homo sapiens]
XP_078493882.1	NP_037530.2	4.0	30.8	23.881	134	59	zinc finger protein 224 [Homo sapiens]
XP_078495208.1	NP_060103.2	4.76e-88	284	49.839	311	44	terminal nucleotidyltransferase 5A [Homo sapiens]
XP_078549977.1	NP_063938.1	5.97e-119	361	40.434	507	98	cytochrome P450 26B1 isoform 1 [Homo sapiens]
XP_078550880.1	XP_024308866.1	0.0	1223	31.052	2747	55	titin isoform X12 [Homo sapiens]
XP_078550881.1	XP_047301619.1	0.0	1231	31.319	2730	55	titin isoform X7 [Homo sapiens]
XP_078550882.1	XP_024308866.1	0.0	1231	31.280	2727	54	titin isoform X12 [Homo sapiens]
XP_078550883.1	XP_047301621.1	0.0	1214	31.585	2612	53	titin isoform X8 [Homo sapiens]
XP_078550884.1	XP_047301621.1	0.0	1214	31.585	2612	53	titin isoform X8 [Homo sapiens]
XP_078552489.1	NP_689848.1	9.07e-07	55.5	31.008	129	13	oncoprotein-induced transcript 3 protein precursor [Homo sapiens]
XP_078555909.1	NP_001333342.1	4.35e-45	182	34.242	330	15	pre-mRNA cleavage complex 2 protein Pcf11 isoform 1 [Homo sapiens]
XP_078555911.1	NP_001333342.1	4.69e-45	182	34.242	330	15	pre-mRNA cleavage complex 2 protein Pcf11 isoform 1 [Homo sapiens]
XP_078557659.1	XP_047275623.1	2.10e-13	74.7	22.896	297	66	interleukin-12 receptor subunit beta-2 isoform X3 [Homo sapiens]
XP_078558120.1	NP_001265338.1	3.13e-126	387	52.128	376	48	annexin A11 isoform 2 [Homo sapiens]
XP_078558121.1	NP_001265338.1	1.77e-126	387	52.128	376	50	annexin A11 isoform 2 [Homo sapiens]
XP_078558122.1	NP_001265338.1	6.43e-130	389	52.419	372	69	annexin A11 isoform 2 [Homo sapiens]
XP_078558672.1	NP_775931.3	3.18e-25	114	31.551	187	16	protein Dok-7 isoform 1 [Homo sapiens]
XP_078561845.1	NP_060179.2	7.33e-134	391	58.516	364	90	terminal nucleotidyltransferase 5C [Homo sapiens]
XP_078561997.1	NP_001008701.1	5.63e-50	197	34.416	308	21	adhesion G protein-coupled receptor L1 isoform 1 precursor [Homo sapiens]
XP_078563944.1	NP_061947.1	0.002	46.6	28.105	153	4	delta-like protein 4 precursor [Homo sapiens]
XP_078565881.1	NP_001367.2	0.0	7275	74.205	4652	99	cytoplasmic dynein 1 heavy chain 1 [Homo sapiens]
XP_078565882.1	NP_001367.2	0.0	6323	75.947	3958	99	cytoplasmic dynein 1 heavy chain 1 [Homo sapiens]
XP_078566349.1	NP_001166117.1	0.0	1424	57.332	1207	100	1-phosphatidylinositol 4,5-bisphosphate phosphodiesterase beta-4 isoform c [Homo sapiens]
XP_078566350.1	NP_001166117.1	0.0	1422	57.226	1204	100	1-phosphatidylinositol 4,5-bisphosphate phosphodiesterase beta-4 isoform c [Homo sapiens]
XP_078567649.1	NP_705691.1	2.29e-05	48.9	24.855	173	48	MAM domain-containing glycosylphosphatidylinositol anchor protein 1 preproprotein [Homo sapiens]
XP_078629147.1	XP_011516950.1	3.52e-05	49.7	30.337	89	15	DNA excision repair protein ERCC-6-like 2 isoform X2 [Homo sapiens]
XP_078629693.1	NP_064716.2	0.0	558	50.000	596	100	probable arginine--tRNA ligase, mitochondrial isoform 1 precursor [Homo sapiens]
XP_078630242.1	NP_060103.2	0.0	599	76.316	380	91	terminal nucleotidyltransferase 5A [Homo sapiens]
XP_078636573.1	NP_066576.1	0.0	899	63.798	674	55	phosphatidylinositol-3,5-bisphosphate 3-phosphatase MTMR3 isoform c [Homo sapiens]
XP_078636577.1	NP_694691.1	0.0	907	64.857	663	56	phosphatidylinositol-3,5-bisphosphate 3-phosphatase MTMR3 isoform b [Homo sapiens]
XP_078639679.1	XP_011508340.1	0.0	5199	47.590	5394	99	hemicentin-1 isoform X1 [Homo sapiens]
XP_078639680.1	XP_011508340.1	0.0	5213	47.720	5394	99	hemicentin-1 isoform X1 [Homo sapiens]
XP_078640091.1	XP_047274173.1	1.24e-51	183	39.298	285	91	CD109 antigen isoform X3 [Homo sapiens]
XP_080078223.1	NP_000118.2	0.0	1242	80.132	760	100	exostosin-1 [Homo sapiens]
XP_080079901.1	NP_060103.2	0.0	682	86.053	380	97	terminal nucleotidyltransferase 5A [Homo sapiens]
XP_080080661.1	NP_000118.2	0.0	1142	72.354	756	100	exostosin-1 [Homo sapiens]
XP_080086314.1	NP_689542.2	0.0	543	66.829	410	93	leucine-rich repeat protein 1 isoform 1 [Homo sapiens]
XP_080086315.1	NP_689542.2	0.0	542	66.829	410	97	leucine-rich repeat protein 1 isoform 1 [Homo sapiens]
XP_080089636.1	NP_060179.2	0.0	639	80.890	382	99	terminal nucleotidyltransferase 5C [Homo sapiens]
XP_080089638.1	NP_060179.2	0.0	640	80.890	382	97	terminal nucleotidyltransferase 5C [Homo sapiens]
XP_080089673.1	XP_016884941.1	0.0	851	34.026	1587	39	cilia- and flagella-associated protein 47 isoform X1 [Homo sapiens]
XP_080089732.1	NP_060103.2	0.0	559	71.277	376	96	terminal nucleotidyltransferase 5A [Homo sapiens]
XP_080090783.1	NP_004357.3	0.0	1276	71.942	891	99	chloride channel protein 2 isoform 1 [Homo sapiens]
XP_080091376.1	NP_001424585.1	0.0	741	45.983	1033	99	mineralocorticoid receptor isoform 1 [Homo sapiens]
XP_080091383.1	NP_001424585.1	0.0	741	45.983	1033	100	mineralocorticoid receptor isoform 1 [Homo sapiens]
XP_080091408.1	NP_001424585.1	0.0	545	67.595	395	99	mineralocorticoid receptor isoform 1 [Homo sapiens]
XP_080103756.1	NP_005848.2	0.0	761	79.657	467	97	CAAX prenyl protease 1 homolog [Homo sapiens]
XP_080166305.1	NP_001258766.1	1.3	32.3	25.373	134	55	reticulocalbin-2 isoform b precursor [Homo sapiens]
XP_080166862.1	NP_001371897.1	4.74e-16	86.7	22.680	388	33	protein NLRC5 isoform 16 [Homo sapiens]
XP_080168845.1	NP_077719.2	0.0	1738	42.448	2377	97	neurogenic locus notch homolog protein 2 isoform 1 preproprotein [Homo sapiens]
XP_080168846.1	NP_077719.2	0.0	1730	42.406	2377	97	neurogenic locus notch homolog protein 2 isoform 1 preproprotein [Homo sapiens]
XP_080168847.1	NP_077719.2	0.0	1681	41.691	2377	97	neurogenic locus notch homolog protein 2 isoform 1 preproprotein [Homo sapiens]
XP_080170274.1	NP_113623.1	1.33e-13	72.8	32.484	157	32	THAP domain-containing protein 2 [Homo sapiens]
XP_080170390.1	NP_853513.2	7.4	29.3	23.810	63	41	keratin, type I cytoskeletal 28 [Homo sapiens]
XP_080170391.1	NP_443175.2	6.2	29.3	36.585	41	29	terminal nucleotidyltransferase 5B [Homo sapiens]
XP_080173279.1	NP_067009.1	8.7	30.4	25.000	64	26	zona pellucida sperm-binding protein 4 preproprotein [Homo sapiens]
XP_080173280.1	NP_001258766.1	0.79	33.1	24.242	132	55	reticulocalbin-2 isoform b precursor [Homo sapiens]
XP_080174064.1	NP_001310993.1	8.78e-25	116	23.309	828	31	transport and Golgi organization protein 1 homolog isoform 5 [Homo sapiens]
XP_080174065.1	NP_001310993.1	8.76e-25	116	23.309	828	31	transport and Golgi organization protein 1 homolog isoform 5 [Homo sapiens]
XP_080174066.1	NP_001310993.1	8.59e-25	116	23.309	828	31	transport and Golgi organization protein 1 homolog isoform 5 [Homo sapiens]
XP_080174067.1	NP_001310993.1	9.22e-25	116	23.309	828	31	transport and Golgi organization protein 1 homolog isoform 5 [Homo sapiens]
XP_080174068.1	NP_001310993.1	1.16e-24	116	23.309	828	32	transport and Golgi organization protein 1 homolog isoform 5 [Homo sapiens]
XP_080174069.1	NP_001310993.1	1.24e-24	116	23.309	828	32	transport and Golgi organization protein 1 homolog isoform 5 [Homo sapiens]
XP_080179282.1	XP_024304736.1	4.53e-36	151	27.323	538	42	ovochymase-1 isoform X1 [Homo sapiens]
XP_080182310.1	NP_060123.3	0.0	603	46.991	698	99	dymeclin isoform 1 [Homo sapiens]
XP_080182598.1	NP_004906.3	2.97e-71	247	30.369	596	83	ATP-binding cassette sub-family G member 1 isoform 4 [Homo sapiens]
XP_080183088.1	NP_060103.2	6.5	29.3	23.958	96	60	terminal nucleotidyltransferase 5A [Homo sapiens]
XP_080187162.1	NP_689843.1	1.50e-75	250	42.368	321	46	terminal nucleotidyltransferase 5D [Homo sapiens]
XP_080188025.1	NP_057436.2	2.61e-86	271	34.192	427	96	carboxypeptidase A4 isoform 1 preproprotein [Homo sapiens]
XP_081629612.1	NP_001229658.1	2.83e-31	134	23.764	728	65	rho guanine nucleotide exchange factor 38 isoform 1 [Homo sapiens]
XP_081629613.1	NP_001229658.1	1.08e-31	134	23.666	731	81	rho guanine nucleotide exchange factor 38 isoform 1 [Homo sapiens]
XP_081630640.1	NP_001365389.1	1.49e-18	92.0	25.468	267	54	dmX-like protein 2 isoform 7 [Homo sapiens]
XP_081630641.1	NP_001365389.1	1.43e-18	92.0	25.468	267	55	dmX-like protein 2 isoform 7 [Homo sapiens]
XP_081632164.1	NP_060103.2	4.23e-104	320	44.818	357	71	terminal nucleotidyltransferase 5A [Homo sapiens]
XP_081632415.1	NP_060179.2	0.99	32.3	29.167	96	51	terminal nucleotidyltransferase 5C [Homo sapiens]
XP_081633646.1	NP_004238.3	0.0	1310	64.615	975	99	116 kDa U5 small nuclear ribonucleoprotein component isoform a [Homo sapiens]
XP_081634814.1	NP_066951.1	1.29e-40	129	89.552	67	99	DNA-directed RNA polymerases I, II, and III subunit RPABC5 [Homo sapiens]
XP_081635204.1	XP_006718966.1	0.0	1936	34.077	3542	90	cytoplasmic dynein 2 heavy chain 1 isoform X1 [Homo sapiens]
XP_081635948.1	XP_047288433.1	0.18	36.6	25.668	187	58	kinesin-like protein KIF7 isoform X2 [Homo sapiens]
XP_081636057.1	XP_047305187.1	7.13e-08	56.6	22.951	366	86	2-phosphoxylose phosphatase 1 isoform X4 [Homo sapiens]
XP_081636652.1	NP_001367.2	0.0	5621	58.450	4657	99	cytoplasmic dynein 1 heavy chain 1 [Homo sapiens]
XP_081639594.1	NP_803237.3	0.089	37.7	26.718	131	33	protein FAM171B precursor [Homo sapiens]
XP_081639642.1	NP_002256.2	0.0	798	47.475	891	99	importin subunit beta-1 isoform 1 [Homo sapiens]
XP_081643509.1	XP_005258342.1	2.1	33.1	32.500	40	7	E3 ubiquitin-protein ligase RNF138 isoform X2 [Homo sapiens]
XP_081645810.1	XP_011541888.1	3.10e-140	456	31.455	1100	89	3'-5' RNA helicase YTHDC2 isoform X5 [Homo sapiens]
XP_082416197.1	NP_001273428.1	4.62e-28	124	26.862	443	19	ATP-dependent DNA helicase PIF1 isoform c [Homo sapiens]
XP_082416368.1	NP_001273428.1	1.69e-24	112	25.556	450	33	ATP-dependent DNA helicase PIF1 isoform c [Homo sapiens]
XP_082416369.1	NP_001273428.1	1.98e-28	125	26.862	443	19	ATP-dependent DNA helicase PIF1 isoform c [Homo sapiens]
XP_082417122.1	NP_001382234.1	3.12e-27	124	26.667	555	26	myomegalin isoform 24 [Homo sapiens]
XP_082419163.1	NP_001860.2	4.67e-88	276	34.988	423	97	carboxypeptidase A2 precursor [Homo sapiens]
XP_082419481.1	NP_004514.2	2.00e-172	533	35.267	1069	99	kinesin-like protein KIF11 [Homo sapiens]
XP_082420271.1	XP_047272540.1	1.10e-06	51.6	24.167	240	81	coiled-coil domain-containing protein 152 isoform X1 [Homo sapiens]
XP_082421825.1	NP_066951.1	3.93e-42	132	91.045	67	100	DNA-directed RNA polymerases I, II, and III subunit RPABC5 [Homo sapiens]
XP_082421882.1	NP_002622.2	0.0	742	75.208	480	99	6-phosphogluconate dehydrogenase, decarboxylating isoform 1 [Homo sapiens]
XP_082425530.1	NP_001367.2	0.0	6826	69.876	4694	99	cytoplasmic dynein 1 heavy chain 1 [Homo sapiens]
XP_082425531.1	NP_001367.2	0.0	6824	70.062	4683	99	cytoplasmic dynein 1 heavy chain 1 [Homo sapiens]
XP_082425532.1	NP_001367.2	0.0	6824	70.070	4681	99	cytoplasmic dynein 1 heavy chain 1 [Homo sapiens]
XP_082428174.1	NP_001273428.1	7.15e-28	124	26.862	443	20	ATP-dependent DNA helicase PIF1 isoform c [Homo sapiens]
XP_082428778.1	NP_001333488.1	1.20e-176	514	65.969	382	61	fidgetin-like protein 1 isoform 2 [Homo sapiens]
XP_082428976.1	XP_054187796.1	0.003	44.7	33.333	81	7	tight junction protein 1 isoform X5 [Homo sapiens]
XP_082429444.1	NP_001007594.2	1.99e-134	408	40.116	516	87	sphingomyelin phosphodiesterase isoform 2 precursor [Homo sapiens]
XP_082430260.1	XP_011520386.1	6.86e-32	136	28.508	449	23	ATP-dependent DNA helicase PIF1 isoform X1 [Homo sapiens]
XP_082431363.1	NP_060103.2	2.41e-83	272	50.896	279	41	terminal nucleotidyltransferase 5A [Homo sapiens]
XP_082432759.1	NP_001276101.1	5.40e-67	229	31.320	447	98	zinc finger protein 227 isoform d [Homo sapiens]
XP_082432760.1	NP_001356691.1	2.94e-62	215	36.667	360	79	zinc finger protein 28 isoform 3 [Homo sapiens]
XP_082434202.1	NP_065991.3	0.0	578	43.179	799	99	FHF complex subunit HOOK interacting protein 2A isoform a [Homo sapiens]
XP_082437747.1	NP_443175.2	0.39	35.8	29.897	97	19	terminal nucleotidyltransferase 5B [Homo sapiens]
XP_082439748.1	XP_047298595.1	0.0	704	38.706	943	69	mediator of RNA polymerase II transcription subunit 14 isoform X4 [Homo sapiens]
XP_082440420.1	NP_001276.3	1.09e-159	494	35.769	917	96	calcium-activated chloride channel regulator 1 precursor [Homo sapiens]
XP_082440991.1	XP_011536913.1	0.032	41.6	30.986	71	4	nck-associated protein 5-like isoform X1 [Homo sapiens]
XP_082441876.1	XP_047281524.1	0.094	40.0	27.103	107	6	scm-like with four MBT domains protein 2 isoform X1 [Homo sapiens]
XP_082442447.1	XP_006711873.1	0.0	4451	50.077	4559	88	ryanodine receptor 2 isoform X15 [Homo sapiens]
XP_082443094.1	NP_001278562.1	9.58e-38	152	35.556	270	34	zinc finger protein 180 isoform 3 [Homo sapiens]
XP_082444555.1	NP_060103.2	7.18e-86	279	54.511	266	38	terminal nucleotidyltransferase 5A [Homo sapiens]
XP_082445925.1	XP_047288989.1	2.31e-11	70.9	24.176	364	33	little elongation complex subunit 2 isoform X5 [Homo sapiens]
XP_082448060.1	NP_775808.4	3.03e-23	97.8	41.732	127	72	general transcription factor II-I repeat domain-containing protein 2A isoform 1 [Homo sapiens]
XP_082454558.1	NP_068593.2	2.02e-72	230	45.091	275	71	small ribosomal subunit protein mS35 isoform 1 precursor [Homo sapiens]
XP_082454559.1	NP_068593.2	1.62e-72	230	45.091	275	72	small ribosomal subunit protein mS35 isoform 1 precursor [Homo sapiens]
XP_082454942.1	NP_060103.2	9.53e-88	284	52.518	278	39	terminal nucleotidyltransferase 5A [Homo sapiens]
XP_082456181.1	NP_001265354.2	2.84e-43	177	26.546	388	14	polycystin-1-like protein 2 isoform d [Homo sapiens]
XP_082792341.1	NP_001295100.1	2.52e-37	151	37.450	251	34	meprin A subunit beta isoform 2 precursor [Homo sapiens]
XP_082793297.1	NP_004238.3	0.0	1516	74.516	981	100	116 kDa U5 small nuclear ribonucleoprotein component isoform a [Homo sapiens]
XP_082793298.1	NP_004238.3	0.0	1523	75.128	973	100	116 kDa U5 small nuclear ribonucleoprotein component isoform a [Homo sapiens]
XP_082793583.1	NP_055138.2	6.7	32.0	36.842	38	8	POZ-, AT hook-, and zinc finger-containing protein 1 isoform long C [Homo sapiens]
XP_082794170.1	NP_060103.2	2.34e-73	244	51.779	253	39	terminal nucleotidyltransferase 5A [Homo sapiens]
XP_082796803.1	NP_001365546.1	0.0	910	34.944	1614	94	coiled-coil and C2 domain-containing protein 2A isoform d [Homo sapiens]
XP_082797706.1	NP_001333488.1	1.27e-170	496	64.450	391	68	fidgetin-like protein 1 isoform 2 [Homo sapiens]
XP_082797707.1	NP_001333488.1	2.49e-172	496	64.232	397	86	fidgetin-like protein 1 isoform 2 [Homo sapiens]
XP_082798699.1	NP_001358000.1	2.06e-04	41.6	33.010	103	84	reelin domain-containing protein 1 precursor [Homo sapiens]
XP_082800341.1	NP_006030.2	1.18e-04	48.1	23.984	246	41	C-type mannose receptor 2 precursor [Homo sapiens]
XP_082804110.1	NP_001113.2	1.94e-07	55.5	31.522	92	21	perilipin-2 [Homo sapiens]
XP_082804111.1	XP_016869748.1	1.86e-07	55.5	31.522	92	21	perilipin-2 isoform X1 [Homo sapiens]
XP_082805681.1	NP_066951.1	3.26e-37	120	82.090	67	100	DNA-directed RNA polymerases I, II, and III subunit RPABC5 [Homo sapiens]
XP_082806863.1	XP_006712863.2	2.09e-51	192	26.433	628	88	cullin-3 isoform X1 [Homo sapiens]
XP_082811150.1	NP_066951.1	3.60e-33	110	77.612	67	97	DNA-directed RNA polymerases I, II, and III subunit RPABC5 [Homo sapiens]
XP_082811298.1	NP_066951.1	3.15e-33	110	77.612	67	97	DNA-directed RNA polymerases I, II, and III subunit RPABC5 [Homo sapiens]
XP_082836618.1	XP_011530712.1	1.47e-31	126	36.735	196	53	H/ACA ribonucleoprotein complex non-core subunit NAF1 isoform X1 [Homo sapiens]
XP_082838426.1	NP_060103.2	2.74e-75	251	49.248	266	37	terminal nucleotidyltransferase 5A [Homo sapiens]
XP_082839432.1	XP_006713564.1	0.014	41.2	25.595	168	22	ceruloplasmin isoform X5 [Homo sapiens]
XP_082844942.1	NP_001367.2	0.0	6821	69.951	4679	99	cytoplasmic dynein 1 heavy chain 1 [Homo sapiens]
XP_082848767.1	NP_001193856.1	0.0	6258	64.501	4617	99	dynein axonemal heavy chain 8 isoform 1 [Homo sapiens]
XP_082849339.1	NP_112584.3	0.0	550	54.023	522	98	dynein regulatory complex subunit 3 isoform a [Homo sapiens]
XP_082849340.1	NP_112584.3	0.0	550	54.023	522	99	dynein regulatory complex subunit 3 isoform a [Homo sapiens]
XP_082849742.1	NP_001008495.2	3.25e-55	189	41.379	232	55	transmembrane protein 64 isoform 1 [Homo sapiens]
XP_082851642.1	NP_001371902.1	6.81e-15	81.6	22.105	570	78	protein NLRC5 isoform 21 [Homo sapiens]
XP_082852018.1	XP_011542375.1	1.4	35.4	22.594	239	26	dynein axonemal heavy chain 14 isoform X19 [Homo sapiens]
XP_082853000.1	NP_054784.2	3.58e-26	118	22.155	659	48	single-strand DNA endonuclease ASTE1 isoform 2 [Homo sapiens]
XP_082854160.1	XP_011533689.2	0.0	630	42.992	742	87	cAMP and cAMP-inhibited cGMP 3',5'-cyclic phosphodiesterase 10A isoform X1 [Homo sapiens]
XP_082858151.1	XP_047303776.1	0.0	2546	55.391	2235	99	dnaJ homolog subfamily C member 13 isoform X2 [Homo sapiens]
XP_799974.2	NP_057602.2	3.62e-04	45.1	19.849	398	96	peroxisomal sarcosine oxidase [Homo sapiens]
YP_001481144.1	YP_003024038.1	3.29e-121	357	51.093	366	99	cytochrome b (mitochondrion) [Homo sapiens]
YP_001481148.1	YP_003024027.1	0.003	41.6	23.810	168	47	NADH dehydrogenase subunit 2 (mitochondrion) [Homo sapiens]
YP_001481149.1	NP_003039.2	3.2	28.9	32.500	80	65	sodium/hydrogen exchanger 2 precursor [Homo sapiens]
YP_001481150.1	YP_003024032.1	2.87e-83	252	53.125	256	97	cytochrome c oxidase subunit III (mitochondrion) [Homo sapiens]
YP_001481154.1	YP_003024035.1	1.77e-50	180	35.473	296	63	NADH dehydrogenase subunit 4 (mitochondrion) [Homo sapiens]
YP_001481155.1	YP_003024036.1	3.19e-93	299	43.603	383	68	NADH dehydrogenase subunit 5 (mitochondrion) [Homo sapiens]
YP_001648463.1	YP_003024029.1	2.49e-83	251	55.556	216	84	cytochrome c oxidase subunit II (mitochondrion) [Homo sapiens]
YP_001648464.1	XP_016867225.1	4.8	28.1	41.667	24	29	pituitary adenylate cyclase-activating polypeptide type I receptor isoform X2 [Homo sapiens]
YP_001648465.1	YP_003024031.1	3.41e-23	95.9	36.646	161	66	ATP synthase F0 subunit 6 (mitochondrion) [Homo sapiens]
YP_001648466.1	YP_003024032.1	9.65e-102	299	59.387	261	99	cytochrome c oxidase subunit III (mitochondrion) [Homo sapiens]
YP_001648467.1	YP_003024038.1	9.92e-165	468	60.000	375	98	cytochrome b (mitochondrion) [Homo sapiens]
YP_001648469.1	YP_003024035.1	2.44e-64	217	36.639	363	75	NADH dehydrogenase subunit 4 (mitochondrion) [Homo sapiens]
YP_001648473.1	YP_003024028.1	0.0	691	70.155	516	98	cytochrome c oxidase subunit I (mitochondrion) [Homo sapiens]
YP_001648474.1	YP_003024026.1	2.51e-97	292	50.000	310	95	NADH dehydrogenase subunit 1 (mitochondrion) [Homo sapiens]
YP_001648476.1	YP_003024036.1	3.32e-106	335	43.902	410	67	NADH dehydrogenase subunit 5 (mitochondrion) [Homo sapiens]
YP_001728981.1	YP_003024027.1	0.003	41.2	29.000	100	28	NADH dehydrogenase subunit 2 (mitochondrion) [Homo sapiens]
YP_001739865.1	YP_003024028.1	0.0	674	67.850	507	98	cytochrome c oxidase subunit I (mitochondrion) [Homo sapiens]
YP_001739868.1	YP_003024035.1	3.52e-44	162	35.099	302	68	NADH dehydrogenase subunit 4 (mitochondrion) [Homo sapiens]
YP_001739870.1	YP_003024029.1	7.75e-69	213	48.416	221	94	cytochrome c oxidase subunit II (mitochondrion) [Homo sapiens]
YP_001739872.1	YP_003024033.1	3.12e-10	55.5	36.275	102	87	NADH dehydrogenase subunit 3 (mitochondrion) [Homo sapiens]
YP_002640631.1	YP_003024028.1	1.98e-150	442	49.583	480	92	cytochrome c oxidase subunit I (mitochondrion) [Homo sapiens]
YP_002640632.2	YP_003024029.1	6.26e-26	102	37.500	160	71	cytochrome c oxidase subunit II (mitochondrion) [Homo sapiens]
YP_003457187.1	YP_003024038.1	5.79e-173	489	63.564	376	99	cytochrome b (mitochondrion) [Homo sapiens]
YP_003457188.1	YP_003024027.1	1.25e-37	140	29.861	288	81	NADH dehydrogenase subunit 2 (mitochondrion) [Homo sapiens]
YP_003457189.1	YP_003024026.1	5.89e-94	284	48.454	291	88	NADH dehydrogenase subunit 1 (mitochondrion) [Homo sapiens]
YP_003457190.1	YP_003024028.1	0.0	701	72.157	510	96	cytochrome c oxidase subunit I (mitochondrion) [Homo sapiens]
YP_003457192.1	YP_003024029.1	2.30e-69	214	47.442	215	94	cytochrome c oxidase subunit II (mitochondrion) [Homo sapiens]
YP_003457194.1	YP_003024031.1	1.25e-35	127	38.667	225	96	ATP synthase F0 subunit 6 (mitochondrion) [Homo sapiens]
YP_003457195.1	YP_003024032.1	8.87e-100	294	58.301	259	98	cytochrome c oxidase subunit III (mitochondrion) [Homo sapiens]
YP_003457197.1	YP_003024035.1	2.40e-95	297	40.998	461	99	NADH dehydrogenase subunit 4 (mitochondrion) [Homo sapiens]
YP_003457198.1	YP_003024036.1	4.23e-144	432	47.426	544	92	NADH dehydrogenase subunit 5 (mitochondrion) [Homo sapiens]
YP_004927434.1	YP_003024032.1	5.09e-15	74.7	37.121	132	51	cytochrome c oxidase subunit III (mitochondrion) [Homo sapiens]
YP_004927440.1	YP_003024036.1	1.96e-30	126	32.492	317	64	NADH dehydrogenase subunit 5 (mitochondrion) [Homo sapiens]
YP_004927442.1	YP_003024038.1	3.80e-43	155	31.503	346	93	cytochrome b (mitochondrion) [Homo sapiens]
YP_005351087.1	YP_003024035.1	2.36e-61	210	34.890	364	70	NADH dehydrogenase subunit 4 (mitochondrion) [Homo sapiens]
YP_005351089.1	YP_003024038.1	9.75e-169	478	61.376	378	99	cytochrome b (mitochondrion) [Homo sapiens]
YP_005351090.1	YP_003024026.1	6.89e-98	293	51.475	305	94	NADH dehydrogenase subunit 1 (mitochondrion) [Homo sapiens]
YP_005351091.1	YP_003024028.1	0.0	696	69.804	510	97	cytochrome c oxidase subunit I (mitochondrion) [Homo sapiens]
YP_005351092.1	YP_003024029.1	4.06e-85	254	56.019	216	89	cytochrome c oxidase subunit II (mitochondrion) [Homo sapiens]
YP_005351094.1	YP_003024031.1	7.23e-24	97.8	38.509	161	66	ATP synthase F0 subunit 6 (mitochondrion) [Homo sapiens]
YP_005351096.1	YP_003024027.1	5.72e-21	96.3	26.415	318	66	NADH dehydrogenase subunit 2 (mitochondrion) [Homo sapiens]
YP_005351097.1	YP_003024036.1	1.03e-111	349	43.653	449	72	NADH dehydrogenase subunit 5 (mitochondrion) [Homo sapiens]
YP_007026046.1	YP_003024027.1	1.80e-47	165	36.859	312	86	NADH dehydrogenase subunit 2 (mitochondrion) [Homo sapiens]
YP_007026047.1	YP_003024028.1	0.0	749	75.944	503	98	cytochrome c oxidase subunit I (mitochondrion) [Homo sapiens]
YP_007026048.1	YP_003024029.1	6.54e-88	261	53.425	219	96	cytochrome c oxidase subunit II (mitochondrion) [Homo sapiens]
YP_007026052.1	YP_003024033.1	5.10e-13	62.4	63.158	38	33	NADH dehydrogenase subunit 3 (mitochondrion) [Homo sapiens]
YP_007026053.1	YP_003024036.1	6.91e-68	233	32.385	457	79	NADH dehydrogenase subunit 5 (mitochondrion) [Homo sapiens]
YP_007026054.1	YP_003024035.1	2.18e-94	294	42.740	365	80	NADH dehydrogenase subunit 4 (mitochondrion) [Homo sapiens]
YP_007026057.1	YP_003024038.1	5.08e-162	461	64.286	364	97	cytochrome b (mitochondrion) [Homo sapiens]
YP_007026058.1	YP_003024026.1	6.89e-94	283	51.916	287	89	NADH dehydrogenase subunit 1 (mitochondrion) [Homo sapiens]
YP_007517131.1	YP_003024035.1	2.63e-152	442	54.902	459	99	NADH dehydrogenase subunit 4 (mitochondrion) [Homo sapiens]
YP_007517132.1	YP_003024036.1	0.0	577	56.134	538	89	NADH dehydrogenase subunit 5 (mitochondrion) [Homo sapiens]
YP_008592428.3	YP_003024028.1	0.0	601	61.209	513	99	cytochrome c oxidase subunit I (mitochondrion) [Homo sapiens]
YP_008592431.1	YP_003024032.1	3.47e-50	168	39.474	266	96	cytochrome c oxidase subunit III (mitochondrion) [Homo sapiens]
YP_008592433.1	YP_003024026.1	2.86e-54	181	39.130	276	90	NADH dehydrogenase subunit 1 (mitochondrion) [Homo sapiens]
YP_008592437.2	YP_003024038.1	2.34e-101	306	46.154	351	95	cytochrome b (mitochondrion) [Homo sapiens]
YP_009019301.1	YP_003024029.1	1.03e-100	293	62.273	220	96	cytochrome c oxidase subunit II (mitochondrion) [Homo sapiens]
YP_009019303.1	YP_003024031.1	6.12e-37	131	45.087	173	74	ATP synthase F0 subunit 6 (mitochondrion) [Homo sapiens]
YP_009019306.1	YP_003024035.1	4.23e-111	337	44.858	457	98	NADH dehydrogenase subunit 4 (mitochondrion) [Homo sapiens]
YP_009019307.1	YP_003024036.1	4.70e-151	451	50.095	529	82	NADH dehydrogenase subunit 5 (mitochondrion) [Homo sapiens]
YP_009019308.1	YP_003024037.1	1.31e-09	56.6	31.126	151	80	NADH dehydrogenase subunit 6 (mitochondrion) [Homo sapiens]
YP_009034248.1	YP_003024029.1	1.55e-101	295	63.182	220	96	cytochrome c oxidase subunit II (mitochondrion) [Homo sapiens]
YP_009034250.1	YP_003024031.1	7.19e-37	131	45.882	170	74	ATP synthase F0 subunit 6 (mitochondrion) [Homo sapiens]
YP_009034251.1	YP_003024032.1	2.50e-119	343	68.966	261	100	cytochrome c oxidase subunit III (mitochondrion) [Homo sapiens]
YP_009034253.1	YP_003024035.1	3.19e-113	343	44.298	456	98	NADH dehydrogenase subunit 4 (mitochondrion) [Homo sapiens]
YP_009034254.1	YP_003024036.1	2.50e-151	451	48.960	529	81	NADH dehydrogenase subunit 5 (mitochondrion) [Homo sapiens]
YP_009034255.1	YP_003024037.1	3.99e-09	55.1	29.801	151	81	NADH dehydrogenase subunit 6 (mitochondrion) [Homo sapiens]
YP_009092408.1	YP_003024028.1	0.0	710	72.421	504	98	cytochrome c oxidase subunit I (mitochondrion) [Homo sapiens]
YP_009092409.1	YP_003024029.1	3.77e-95	279	60.274	219	96	cytochrome c oxidase subunit II (mitochondrion) [Homo sapiens]
YP_009092410.1	XP_006719763.1	0.22	30.4	30.952	42	75	electroneutral sodium bicarbonate exchanger 1 isoform X4 [Homo sapiens]
YP_009092411.1	YP_003024032.1	3.59e-116	335	67.323	254	98	cytochrome c oxidase subunit III (mitochondrion) [Homo sapiens]
YP_009092413.1	YP_003024038.1	2.36e-163	464	63.585	357	94	cytochrome b (mitochondrion) [Homo sapiens]
YP_009092414.1	YP_003024031.1	3.87e-25	100	31.980	197	85	ATP synthase F0 subunit 6 (mitochondrion) [Homo sapiens]
YP_009092415.1	YP_003024036.1	6.56e-82	270	35.282	479	82	NADH dehydrogenase subunit 5 (mitochondrion) [Homo sapiens]
YP_009092417.1	YP_003024035.1	7.38e-93	290	40.215	465	99	NADH dehydrogenase subunit 4 (mitochondrion) [Homo sapiens]
YP_009092418.1	YP_003024026.1	1.99e-86	264	51.211	289	91	NADH dehydrogenase subunit 1 (mitochondrion) [Homo sapiens]
YP_009107400.1	YP_003024029.1	6.03e-108	312	65.455	220	95	cytochrome c oxidase subunit II (mitochondrion) [Homo sapiens]
YP_009107401.1	NP_001365069.1	3.3	27.3	34.783	23	42	cysteine--tRNA ligase, cytoplasmic isoform i [Homo sapiens]
YP_009107406.1	YP_003024035.1	7.31e-154	446	56.236	457	99	NADH dehydrogenase subunit 4 (mitochondrion) [Homo sapiens]
YP_009107407.1	YP_003024036.1	0.0	580	56.320	538	89	NADH dehydrogenase subunit 5 (mitochondrion) [Homo sapiens]
YP_009107408.1	YP_003024037.1	2.26e-11	61.2	31.429	175	90	NADH dehydrogenase subunit 6 (mitochondrion) [Homo sapiens]
YP_009114973.1	NP_001092875.1	2.0	33.1	19.173	266	81	sodium channel protein type 5 subunit alpha isoform d [Homo sapiens]
YP_009114974.1	YP_003024036.1	3.80e-70	237	38.000	350	65	NADH dehydrogenase subunit 5 (mitochondrion) [Homo sapiens]
YP_009114975.1	YP_003024038.1	1.06e-109	327	46.832	363	99	cytochrome b (mitochondrion) [Homo sapiens]
YP_009114976.1	YP_003024031.1	9.15e-26	100	37.288	177	84	ATP synthase F0 subunit 6 (mitochondrion) [Homo sapiens]
YP_009114977.1	YP_003024029.1	6.52e-53	172	41.818	220	96	cytochrome c oxidase subunit II (mitochondrion) [Homo sapiens]
YP_009114979.1	YP_003024035.1	9.57e-34	133	32.589	224	53	NADH dehydrogenase subunit 4 (mitochondrion) [Homo sapiens]
YP_009114980.1	YP_003024028.1	0.0	645	65.286	507	98	cytochrome c oxidase subunit I (mitochondrion) [Homo sapiens]
YP_009136568.1	YP_003024026.1	2.12e-71	225	44.599	287	93	NADH dehydrogenase subunit 1 (mitochondrion) [Homo sapiens]
YP_009136572.1	YP_003024035.1	5.74e-63	213	39.077	325	72	NADH dehydrogenase subunit 4 (mitochondrion) [Homo sapiens]
YP_009136573.1	YP_003024036.1	3.85e-71	240	35.022	454	81	NADH dehydrogenase subunit 5 (mitochondrion) [Homo sapiens]
YP_009136575.1	YP_003024031.1	5.76e-19	82.0	30.263	152	95	ATP synthase F0 subunit 6 (mitochondrion) [Homo sapiens]
YP_009136576.1	YP_003024029.1	2.41e-66	206	49.091	220	96	cytochrome c oxidase subunit II (mitochondrion) [Homo sapiens]
YP_009136577.1	YP_003024032.1	1.14e-94	281	57.422	256	98	cytochrome c oxidase subunit III (mitochondrion) [Homo sapiens]
YP_009136579.1	YP_003024027.1	6.05e-15	77.0	30.348	201	59	NADH dehydrogenase subunit 2 (mitochondrion) [Homo sapiens]
YP_009136580.1	YP_003024028.1	0.0	673	69.048	504	98	cytochrome c oxidase subunit I (mitochondrion) [Homo sapiens]
YP_009233349.1	YP_003024029.1	1.63e-109	316	68.182	220	96	cytochrome c oxidase subunit II (mitochondrion) [Homo sapiens]
YP_009233350.1	NP_570602.2	6.5	26.2	52.941	17	31	alpha-1B-glycoprotein precursor [Homo sapiens]
YP_009233351.1	YP_003024031.1	3.90e-60	191	50.661	227	95	ATP synthase F0 subunit 6 (mitochondrion) [Homo sapiens]
YP_009233352.1	YP_003024032.1	2.84e-135	384	75.479	261	100	cytochrome c oxidase subunit III (mitochondrion) [Homo sapiens]
YP_009233355.1	YP_003024035.1	3.50e-148	432	54.585	458	99	NADH dehydrogenase subunit 4 (mitochondrion) [Homo sapiens]
YP_009233356.1	YP_003024036.1	0.0	570	56.030	539	89	NADH dehydrogenase subunit 5 (mitochondrion) [Homo sapiens]
YP_009233357.1	YP_003024037.1	5.63e-14	68.2	31.579	171	90	NADH dehydrogenase subunit 6 (mitochondrion) [Homo sapiens]
YP_009233358.1	YP_003024038.1	9.11e-176	496	63.200	375	96	cytochrome b (mitochondrion) [Homo sapiens]
YP_009239165.1	YP_003024028.1	0.0	760	77.030	505	98	cytochrome c oxidase subunit I (mitochondrion) [Homo sapiens]
YP_009239167.1	YP_003024029.1	2.19e-98	288	62.727	220	96	cytochrome c oxidase subunit II (mitochondrion) [Homo sapiens]
YP_009239169.1	YP_003024031.1	1.98e-36	129	38.696	230	99	ATP synthase F0 subunit 6 (mitochondrion) [Homo sapiens]
YP_009239170.1	YP_003024032.1	1.42e-120	346	69.349	261	100	cytochrome c oxidase subunit III (mitochondrion) [Homo sapiens]
YP_009239172.1	YP_003024035.1	5.45e-96	298	43.085	376	82	NADH dehydrogenase subunit 4 (mitochondrion) [Homo sapiens]
YP_009239173.1	YP_003024036.1	5.29e-142	427	52.570	428	70	NADH dehydrogenase subunit 5 (mitochondrion) [Homo sapiens]
YP_009239174.1	YP_003024037.1	5.82e-10	57.4	37.500	72	45	NADH dehydrogenase subunit 6 (mitochondrion) [Homo sapiens]
YP_009239176.1	YP_003024026.1	3.08e-116	340	58.940	302	93	NADH dehydrogenase subunit 1 (mitochondrion) [Homo sapiens]
YP_009305212.1	YP_003024035.1	6.13e-180	513	61.438	459	99	NADH dehydrogenase subunit 4 (mitochondrion) [Homo sapiens]
YP_009305213.1	YP_003024036.1	0.0	676	62.759	580	95	NADH dehydrogenase subunit 5 (mitochondrion) [Homo sapiens]
YP_009369631.1	YP_003024029.1	3.68e-101	295	62.727	220	96	cytochrome c oxidase subunit II (mitochondrion) [Homo sapiens]
YP_009369633.1	YP_003024031.1	2.76e-37	132	44.262	183	78	ATP synthase F0 subunit 6 (mitochondrion) [Homo sapiens]
YP_009369636.1	YP_003024035.1	4.87e-112	340	45.534	459	98	NADH dehydrogenase subunit 4 (mitochondrion) [Homo sapiens]
YP_009369637.1	YP_003024036.1	3.89e-148	444	48.308	532	82	NADH dehydrogenase subunit 5 (mitochondrion) [Homo sapiens]
YP_009369638.1	YP_003024037.1	5.05e-10	57.4	31.126	151	81	NADH dehydrogenase subunit 6 (mitochondrion) [Homo sapiens]
YP_009391115.1	YP_003024028.1	0.0	611	63.708	507	98	cytochrome c oxidase subunit I (mitochondrion) [Homo sapiens]
YP_009391116.1	YP_003024038.1	1.92e-99	301	45.777	367	99	cytochrome b (mitochondrion) [Homo sapiens]
YP_009391117.1	YP_003024026.1	1.95e-63	204	40.418	287	94	NADH dehydrogenase subunit 1 (mitochondrion) [Homo sapiens]
YP_009391125.1	YP_003024035.1	5.66e-35	136	31.940	335	76	NADH dehydrogenase subunit 4 (mitochondrion) [Homo sapiens]
YP_009391126.1	YP_003024036.1	1.56e-40	156	32.964	361	65	NADH dehydrogenase subunit 5 (mitochondrion) [Homo sapiens]
YP_009443425.1	YP_003024026.1	1.73e-82	254	46.048	291	92	NADH dehydrogenase subunit 1 (mitochondrion) [Homo sapiens]
YP_009443429.1	YP_003024035.1	9.61e-76	246	37.533	381	84	NADH dehydrogenase subunit 4 (mitochondrion) [Homo sapiens]
YP_009443430.1	YP_003024036.1	4.46e-78	259	35.539	408	75	NADH dehydrogenase subunit 5 (mitochondrion) [Homo sapiens]
YP_009443434.1	YP_003024028.1	0.0	735	75.547	503	99	cytochrome c oxidase subunit I (mitochondrion) [Homo sapiens]
YP_009498497.1	YP_003024028.1	9.06e-137	407	47.817	481	94	cytochrome c oxidase subunit I (mitochondrion) [Homo sapiens]
YP_009498507.1	YP_003024038.1	4.62e-47	166	32.194	351	97	cytochrome b (mitochondrion) [Homo sapiens]
YP_009726859.1	YP_003024028.1	1.66e-133	399	50.328	457	89	cytochrome c oxidase subunit I (mitochondrion) [Homo sapiens]
YP_009726861.1	YP_003024029.1	9.06e-14	69.3	26.974	152	76	cytochrome c oxidase subunit II (mitochondrion) [Homo sapiens]
YP_009726862.1	XP_011525507.1	0.79	35.0	34.091	44	10	ryanodine receptor 1 isoform X3 [Homo sapiens]
YP_009726863.1	NP_001362787.1	5.7	26.2	40.000	30	64	SWI/SNF-related matrix-associated actin-dependent regulator of chromatin subfamily A containing DEAD/H box 1 isoform e [Homo sapiens]
YP_009726868.1	YP_003024038.1	1.02e-40	149	34.769	325	86	cytochrome b (mitochondrion) [Homo sapiens]
YP_009726869.1	YP_003024036.1	5.01e-23	105	34.498	229	43	NADH dehydrogenase subunit 5 (mitochondrion) [Homo sapiens]
YP_009726870.1	YP_003024026.1	2.30e-15	77.0	28.763	299	91	NADH dehydrogenase subunit 1 (mitochondrion) [Homo sapiens]
YP_009747478.1	YP_003024029.1	4.78e-79	239	50.926	216	87	cytochrome c oxidase subunit II (mitochondrion) [Homo sapiens]
YP_009747481.1	YP_003024032.1	4.84e-101	297	57.471	261	100	cytochrome c oxidase subunit III (mitochondrion) [Homo sapiens]
YP_009747483.1	YP_003024036.1	7.71e-105	331	42.489	466	75	NADH dehydrogenase subunit 5 (mitochondrion) [Homo sapiens]
YP_009747486.1	YP_003024034.1	0.26	31.2	28.889	90	86	NADH dehydrogenase subunit 4L (mitochondrion) [Homo sapiens]
YP_009747488.1	YP_003024035.1	6.09e-58	200	36.812	345	71	NADH dehydrogenase subunit 4 (mitochondrion) [Homo sapiens]
YP_009751170.1	YP_003024034.1	1.01e-11	58.2	40.698	86	88	NADH dehydrogenase subunit 4L (mitochondrion) [Homo sapiens]
YP_009751171.1	YP_003024029.1	1.47e-97	285	60.909	220	96	cytochrome c oxidase subunit II (mitochondrion) [Homo sapiens]
YP_009751173.1	YP_003024031.1	2.26e-35	127	43.258	178	78	ATP synthase F0 subunit 6 (mitochondrion) [Homo sapiens]
YP_009751176.1	YP_003024035.1	6.04e-98	303	45.833	384	82	NADH dehydrogenase subunit 4 (mitochondrion) [Homo sapiens]
YP_009751177.1	YP_003024036.1	1.75e-141	426	47.290	535	85	NADH dehydrogenase subunit 5 (mitochondrion) [Homo sapiens]
YP_009751178.1	YP_003024037.1	2.73e-09	55.5	39.241	79	48	NADH dehydrogenase subunit 6 (mitochondrion) [Homo sapiens]
YP_009751181.1	YP_003024027.1	1.51e-52	179	35.714	322	89	NADH dehydrogenase subunit 2 (mitochondrion) [Homo sapiens]
YP_010043444.1	YP_003024029.1	6.51e-97	284	61.364	220	96	cytochrome c oxidase subunit II (mitochondrion) [Homo sapiens]
YP_010043446.1	YP_003024031.1	1.11e-35	127	44.318	176	77	ATP synthase F0 subunit 6 (mitochondrion) [Homo sapiens]
YP_010043448.1	YP_003024033.1	6.71e-22	85.1	50.926	108	94	NADH dehydrogenase subunit 3 (mitochondrion) [Homo sapiens]
YP_010043449.1	YP_003024035.1	1.01e-91	288	45.355	366	76	NADH dehydrogenase subunit 4 (mitochondrion) [Homo sapiens]
YP_010043450.1	YP_003024036.1	1.18e-123	379	44.925	532	87	NADH dehydrogenase subunit 5 (mitochondrion) [Homo sapiens]
YP_010043451.1	YP_003024037.1	2.58e-07	50.1	36.250	80	48	NADH dehydrogenase subunit 6 (mitochondrion) [Homo sapiens]
YP_010043452.1	YP_003024038.1	1.29e-172	488	63.926	377	99	cytochrome b (mitochondrion) [Homo sapiens]
YP_010043454.1	YP_003024027.1	2.30e-58	194	41.137	299	86	NADH dehydrogenase subunit 2 (mitochondrion) [Homo sapiens]
YP_010118230.1	YP_003024028.1	0.0	756	77.030	505	98	cytochrome c oxidase subunit I (mitochondrion) [Homo sapiens]
YP_010118232.1	YP_003024029.1	2.34e-98	287	62.273	220	96	cytochrome c oxidase subunit II (mitochondrion) [Homo sapiens]
YP_010118234.1	YP_003024031.1	1.55e-33	122	45.833	168	74	ATP synthase F0 subunit 6 (mitochondrion) [Homo sapiens]
YP_010118237.1	YP_003024035.1	1.11e-102	315	47.733	375	81	NADH dehydrogenase subunit 4 (mitochondrion) [Homo sapiens]
YP_010118238.1	YP_003024036.1	7.19e-137	414	53.102	403	66	NADH dehydrogenase subunit 5 (mitochondrion) [Homo sapiens]
YP_010118239.1	YP_003024037.1	7.45e-11	59.7	38.889	72	44	NADH dehydrogenase subunit 6 (mitochondrion) [Homo sapiens]
YP_010118242.1	YP_003024027.1	1.63e-51	176	36.688	308	86	NADH dehydrogenase subunit 2 (mitochondrion) [Homo sapiens]
YP_010242271.1	YP_003024031.1	7.08e-65	202	51.770	226	99	ATP synthase F0 subunit 6 (mitochondrion) [Homo sapiens]
YP_010242275.1	YP_003024035.1	6.70e-174	498	59.355	465	99	NADH dehydrogenase subunit 4 (mitochondrion) [Homo sapiens]
YP_010242276.1	YP_003024036.1	0.0	681	62.069	580	95	NADH dehydrogenase subunit 5 (mitochondrion) [Homo sapiens]
YP_010242277.1	YP_003024037.1	3.82e-24	94.7	35.838	173	95	NADH dehydrogenase subunit 6 (mitochondrion) [Homo sapiens]
YP_010283686.1	YP_003024035.1	1.79e-96	300	45.383	379	82	NADH dehydrogenase subunit 4 (mitochondrion) [Homo sapiens]
YP_010283687.1	YP_003024036.1	4.31e-139	420	48.322	447	71	NADH dehydrogenase subunit 5 (mitochondrion) [Homo sapiens]
YP_010283688.1	YP_003024037.1	2.86e-09	55.5	25.000	152	82	NADH dehydrogenase subunit 6 (mitochondrion) [Homo sapiens]
YP_010283690.1	YP_003024027.1	1.91e-58	194	40.461	304	86	NADH dehydrogenase subunit 2 (mitochondrion) [Homo sapiens]
YP_010283694.1	YP_003024029.1	6.69e-96	281	60.455	220	96	cytochrome c oxidase subunit II (mitochondrion) [Homo sapiens]
YP_010283696.1	YP_003024031.1	2.53e-42	145	41.126	231	99	ATP synthase F0 subunit 6 (mitochondrion) [Homo sapiens]
YP_010283698.1	YP_003024033.1	2.72e-18	76.3	44.348	115	98	NADH dehydrogenase subunit 3 (mitochondrion) [Homo sapiens]
YP_010285377.1	YP_003024036.1	3.88e-21	99.4	26.722	363	62	NADH dehydrogenase subunit 5 (mitochondrion) [Homo sapiens]
YP_010285378.1	YP_003024038.1	3.48e-48	169	33.333	354	92	cytochrome b (mitochondrion) [Homo sapiens]
YP_010285380.1	YP_003024035.1	8.28e-12	69.3	26.068	234	52	NADH dehydrogenase subunit 4 (mitochondrion) [Homo sapiens]
YP_010285381.1	YP_003024031.1	0.32	33.5	27.500	80	43	ATP synthase F0 subunit 6 (mitochondrion) [Homo sapiens]
YP_010285383.1	YP_003024026.1	2.12e-34	129	33.101	287	87	NADH dehydrogenase subunit 1 (mitochondrion) [Homo sapiens]
YP_010285385.1	YP_003024028.1	2.21e-142	422	47.835	485	92	cytochrome c oxidase subunit I (mitochondrion) [Homo sapiens]
YP_010285387.1	YP_003024032.1	5.59e-08	54.7	25.556	180	69	cytochrome c oxidase subunit III (mitochondrion) [Homo sapiens]
YP_010500847.1	YP_003024029.1	8.87e-108	311	65.909	220	97	cytochrome c oxidase subunit II (mitochondrion) [Homo sapiens]
YP_010500848.1	NP_570602.2	3.8	26.9	58.824	17	31	alpha-1B-glycoprotein precursor [Homo sapiens]
YP_010500853.1	YP_003024035.1	5.89e-157	454	56.893	457	99	NADH dehydrogenase subunit 4 (mitochondrion) [Homo sapiens]
YP_010500854.1	YP_003024036.1	0.0	578	55.823	541	89	NADH dehydrogenase subunit 5 (mitochondrion) [Homo sapiens]
YP_010500855.1	YP_003024037.1	5.72e-11	60.5	30.114	176	90	NADH dehydrogenase subunit 6 (mitochondrion) [Homo sapiens]
YP_010587533.1	YP_003024038.1	1.24e-173	491	63.102	374	92	cytochrome b (mitochondrion) [Homo sapiens]
YP_010587534.1	YP_003024026.1	1.16e-118	346	64.333	300	93	NADH dehydrogenase subunit 1 (mitochondrion) [Homo sapiens]
YP_010587535.1	YP_003024027.1	1.99e-63	207	43.519	324	92	NADH dehydrogenase subunit 2 (mitochondrion) [Homo sapiens]
YP_010587543.1	YP_003024035.1	2.11e-151	440	55.142	457	99	NADH dehydrogenase subunit 4 (mitochondrion) [Homo sapiens]
YP_010587544.1	YP_003024036.1	0.0	562	55.759	547	90	NADH dehydrogenase subunit 5 (mitochondrion) [Homo sapiens]
YP_010587545.1	YP_003024037.1	3.35e-14	68.9	32.237	152	83	NADH dehydrogenase subunit 6 (mitochondrion) [Homo sapiens]
YP_187590.1	YP_003024028.1	0.0	756	75.644	505	98	cytochrome c oxidase subunit I (mitochondrion) [Homo sapiens]
YP_187592.1	YP_003024029.1	8.15e-98	286	62.273	220	96	cytochrome c oxidase subunit II (mitochondrion) [Homo sapiens]
YP_187594.1	YP_003024031.1	1.58e-37	132	45.349	172	74	ATP synthase F0 subunit 6 (mitochondrion) [Homo sapiens]
YP_187597.1	YP_003024035.1	3.56e-109	332	44.018	443	97	NADH dehydrogenase subunit 4 (mitochondrion) [Homo sapiens]
YP_187598.1	YP_003024036.1	1.24e-147	442	48.485	561	88	NADH dehydrogenase subunit 5 (mitochondrion) [Homo sapiens]
YP_187599.1	YP_003024037.1	1.32e-09	56.6	28.846	156	82	NADH dehydrogenase subunit 6 (mitochondrion) [Homo sapiens]
YP_187600.1	YP_003024038.1	3.18e-177	499	65.867	375	99	cytochrome b (mitochondrion) [Homo sapiens]
YP_254623.1	YP_003024026.1	2.57e-141	404	69.637	303	94	NADH dehydrogenase subunit 1 (mitochondrion) [Homo sapiens]
YP_254625.1	YP_003024028.1	0.0	832	83.594	512	99	cytochrome c oxidase subunit I (mitochondrion) [Homo sapiens]
YP_254626.1	YP_003024029.1	2.40e-107	310	66.364	220	95	cytochrome c oxidase subunit II (mitochondrion) [Homo sapiens]
YP_254628.1	YP_003024031.1	2.46e-65	204	51.339	224	98	ATP synthase F0 subunit 6 (mitochondrion) [Homo sapiens]
YP_254632.1	YP_003024035.1	7.29e-177	505	60.784	459	99	NADH dehydrogenase subunit 4 (mitochondrion) [Homo sapiens]
YP_254633.1	YP_003024036.1	0.0	674	62.779	583	95	NADH dehydrogenase subunit 5 (mitochondrion) [Homo sapiens]
YP_254634.1	YP_003024037.1	2.45e-30	110	38.068	176	95	NADH dehydrogenase subunit 6 (mitochondrion) [Homo sapiens]
