qseqid	saccver	staxids	sscinames	pident	length	qcovs	evalue	bitscore	stitle	Taxonomy	requested_species	selected_taxon	taxid	in_refseq_protein	total	NP_	XP_	WP_	YP_	OTHER	XP_ratio	Isoform_resolved
TENT2_Homo_sapiens	XP_642359.1	352472	Dictyostelium discoideum AX4	26.667	345	67	3.07e-34	136	hypothetical protein DDB_G0278425 [Dictyostelium discoideum AX4]	Amoebozoa-Evosea	Dictyostelium discoideum	Dictyostelium discoideum AX4	352472	YES	13266	0	13266	0	0	0	1	TRUE
TENT2_Homo_sapiens	XP_647058.1	352472	Dictyostelium discoideum AX4	30.573	314	61	2.61e-31	127	hypothetical protein DDB_G0268914 [Dictyostelium discoideum AX4]	Amoebozoa-Evosea	Dictyostelium discoideum	Dictyostelium discoideum AX4	352472	YES	13266	0	13266	0	0	0	1	TRUE
TENT2_Homo_sapiens	XP_640670.1	352472	Dictyostelium discoideum AX4	29.268	246	46	1.61e-26	112	hypothetical protein DDB_G0281431 [Dictyostelium discoideum AX4]	Amoebozoa-Evosea	Dictyostelium discoideum	Dictyostelium discoideum AX4	352472	YES	13266	0	13266	0	0	0	1	TRUE
TENT2_Homo_sapiens	XP_636183.1	352472	Dictyostelium discoideum AX4	30.108	279	55	7.04e-24	104	hypothetical protein DDB_G0289529 [Dictyostelium discoideum AX4]	Amoebozoa-Evosea	Dictyostelium discoideum	Dictyostelium discoideum AX4	352472	YES	13266	0	13266	0	0	0	1	TRUE
TENT2_Homo_sapiens	XP_646848.1	352472	Dictyostelium discoideum AX4	35.979	189	37	6.42e-23	102	DNA2/NAM7 helicase family protein [Dictyostelium discoideum AX4]	Amoebozoa-Evosea	Dictyostelium discoideum	Dictyostelium discoideum AX4	352472	YES	13266	0	13266	0	0	0	1	TRUE
TENT2_Homo_sapiens	XP_646847.2	352472	Dictyostelium discoideum AX4	32.394	213	44	3.25e-22	99.8	DNA2/NAM7 helicase family protein [Dictyostelium discoideum AX4]	Amoebozoa-Evosea	Dictyostelium discoideum	Dictyostelium discoideum AX4	352472	YES	13266	0	13266	0	0	0	1	TRUE
TENT2_Homo_sapiens	XP_646845.1	352472	Dictyostelium discoideum AX4	40.659	91	19	2.5e-19	82.4	hypothetical protein DDB_G0268926 [Dictyostelium discoideum AX4]	Amoebozoa-Evosea	Dictyostelium discoideum	Dictyostelium discoideum AX4	352472	YES	13266	0	13266	0	0	0	1	TRUE
TENT2_Homo_sapiens	XP_645343.1	352472	Dictyostelium discoideum AX4	30.342	234	47	5.39e-16	79.3	hypothetical protein DDB_G0271962 [Dictyostelium discoideum AX4]	Amoebozoa-Evosea	Dictyostelium discoideum	Dictyostelium discoideum AX4	352472	YES	13266	0	13266	0	0	0	1	TRUE
TENT2_Homo_sapiens	XP_636185.1	352472	Dictyostelium discoideum AX4	30.986	142	29	5.28e-08	54.3	hypothetical protein DDB_G0289531 [Dictyostelium discoideum AX4]	Amoebozoa-Evosea	Dictyostelium discoideum	Dictyostelium discoideum AX4	352472	YES	13266	0	13266	0	0	0	1	TRUE
TENT2_Homo_sapiens	XP_002649102.1	352472	Dictyostelium discoideum AX4	22.078	231	46	7.67e-08	53.9	PAP/25A-associated domain-containing protein [Dictyostelium discoideum AX4]	Amoebozoa-Evosea	Dictyostelium discoideum	Dictyostelium discoideum AX4	352472	YES	13266	0	13266	0	0	0	1	TRUE
TENT2_Homo_sapiens	XP_644037.1	352472	Dictyostelium discoideum AX4	24.473	237	43	6.89e-06	47.8	hypothetical protein DDB_G0274847 [Dictyostelium discoideum AX4]	Amoebozoa-Evosea	Dictyostelium discoideum	Dictyostelium discoideum AX4	352472	YES	13266	0	13266	0	0	0	1	TRUE
NA	NA	NA	NA	NA	NA	NA	NA	NA	NA	Amoebozoa-Evosea	Physarum polycephalum	Badhamia polycephala	5791	YES	20	20	0	0	0	0	0	FALSE
NA	NA	NA	NA	NA	NA	NA	NA	NA	NA	Amoebozoa-Evosea	Protostelium aurantium	NA	NA	NO	0	0	0	0	0	0	NA	FALSE
TENT2_Homo_sapiens	XP_655604.2	294381	Entamoeba histolytica HM-1:IMSS	21.493	335	68	1.18e-12	67	poly(A) polymerase, putative [Entamoeba histolytica HM-1:IMSS]	Amoebozoa-Evosea	Entamoeba histolytica	Entamoeba histolytica HM-1:IMSS	294381	YES	8151	0	8151	0	0	0	1	TRUE
TENT2_Homo_sapiens	XP_653361.1	294381	Entamoeba histolytica HM-1:IMSS	25.203	246	44	1.6e-10	61.2	uncharacterized protein EHI_103770 [Entamoeba histolytica HM-1:IMSS]	Amoebozoa-Evosea	Entamoeba histolytica	Entamoeba histolytica HM-1:IMSS	294381	YES	8151	0	8151	0	0	0	1	TRUE
TENT2_Homo_sapiens	XP_648697.1	294381	Entamoeba histolytica HM-1:IMSS	23.834	193	39	1.82e-10	60.8	topoisomerase, putative [Entamoeba histolytica HM-1:IMSS]	Amoebozoa-Evosea	Entamoeba histolytica	Entamoeba histolytica HM-1:IMSS	294381	YES	8151	0	8151	0	0	0	1	TRUE
TENT2_Homo_sapiens	XP_651039.2	294381	Entamoeba histolytica HM-1:IMSS	24.413	213	43	3.77e-09	56.2	uncharacterized protein EHI_170350 [Entamoeba histolytica HM-1:IMSS]	Amoebozoa-Evosea	Entamoeba histolytica	Entamoeba histolytica HM-1:IMSS	294381	YES	8151	0	8151	0	0	0	1	TRUE
TENT2_Homo_sapiens	XP_648914.1	294381	Entamoeba histolytica HM-1:IMSS	27.368	190	38	1.04e-06	48.5	uncharacterized protein EHI_003910 [Entamoeba histolytica HM-1:IMSS]	Amoebozoa-Evosea	Entamoeba histolytica	Entamoeba histolytica HM-1:IMSS	294381	YES	8151	0	8151	0	0	0	1	TRUE
TENT2_Homo_sapiens	XP_004346582.1	1257118	Acanthamoeba castellanii str. Neff	28.286	350	69	1.52e-37	145	nucleotidyltransferase domain containing protein [Acanthamoeba castellanii str. Neff]	Amoebozoa-Discosea	Acanthamoeba castellanii	Acanthamoeba castellanii str. Neff	1257118	YES	14969	0	14969	0	0	0	1	TRUE
TENT2_Homo_sapiens	XP_004339627.1	1257118	Acanthamoeba castellanii str. Neff	23.256	301	60	2.57e-14	74.7	nucleotidyltransferase domain containing protein [Acanthamoeba castellanii str. Neff]	Amoebozoa-Discosea	Acanthamoeba castellanii	Acanthamoeba castellanii str. Neff	1257118	YES	14969	0	14969	0	0	0	1	TRUE
TENT2_Homo_sapiens	XP_004338200.1	1257118	Acanthamoeba castellanii str. Neff	27.568	185	38	1.29e-11	65.5	PAP/25A associated domain containing protein [Acanthamoeba castellanii str. Neff]	Amoebozoa-Discosea	Acanthamoeba castellanii	Acanthamoeba castellanii str. Neff	1257118	YES	14969	0	14969	0	0	0	1	TRUE
TENT2_Homo_sapiens	XP_004353585.1	1257118	Acanthamoeba castellanii str. Neff	32	125	26	2e-09	59.3	nucleotidyltransferase domain containing protein [Acanthamoeba castellanii str. Neff]	Amoebozoa-Discosea	Acanthamoeba castellanii	Acanthamoeba castellanii str. Neff	1257118	YES	14969	0	14969	0	0	0	1	TRUE
TENT2_Homo_sapiens	XP_004334964.1	1257118	Acanthamoeba castellanii str. Neff	23.697	211	39	0.000722	41.2	polynucleotide adenylyltransferase [Acanthamoeba castellanii str. Neff]	Amoebozoa-Discosea	Acanthamoeba castellanii	Acanthamoeba castellanii str. Neff	1257118	YES	14969	0	14969	0	0	0	1	TRUE
NA	NA	NA	NA	NA	NA	NA	NA	NA	NA	Amoebozoa-Discosea	Vermamoeba vermiformis	Vermamoeba vermiformis	5778	YES	46	0	0	0	46	0	0	FALSE
TENT2_Homo_sapiens	XP_013760484.1	461836	Thecamonas trahens ATCC 50062	30.594	219	64	1.38e-23	103	uncharacterized protein AMSG_11735 [Thecamonas trahens ATCC 50062]	Obazoa-Apusomonadida	Thecamonas trahens	Thecamonas trahens ATCC 50062	461836	YES	10598	0	10598	0	0	0	1	TRUE
TENT2_Homo_sapiens	XP_013754263.1	461836	Thecamonas trahens ATCC 50062	27.129	317	60	2.01e-20	93.6	caffeine-induced death protein [Thecamonas trahens ATCC 50062]	Obazoa-Apusomonadida	Thecamonas trahens	Thecamonas trahens ATCC 50062	461836	YES	10598	0	10598	0	0	0	1	TRUE
TENT2_Homo_sapiens	XP_013754380.1	461836	Thecamonas trahens ATCC 50062	26.316	228	44	8.4e-12	66.6	uncharacterized protein AMSG_12267 [Thecamonas trahens ATCC 50062]	Obazoa-Apusomonadida	Thecamonas trahens	Thecamonas trahens ATCC 50062	461836	YES	10598	0	10598	0	0	0	1	TRUE
TENT2_Homo_sapiens	XP_013761651.1	461836	Thecamonas trahens ATCC 50062	24.169	331	65	6.94e-10	60.5	PAP/25A associated domain-containing protein [Thecamonas trahens ATCC 50062]	Obazoa-Apusomonadida	Thecamonas trahens	Thecamonas trahens ATCC 50062	461836	YES	10598	0	10598	0	0	0	1	TRUE
TENT2_Homo_sapiens	XP_013763083.1	461836	Thecamonas trahens ATCC 50062	22.269	238	47	6.97e-08	53.5	uncharacterized protein AMSG_00222 [Thecamonas trahens ATCC 50062]	Obazoa-Apusomonadida	Thecamonas trahens	Thecamonas trahens ATCC 50062	461836	YES	10598	0	10598	0	0	0	1	TRUE
TENT2_Homo_sapiens	XP_013759083.1	461836	Thecamonas trahens ATCC 50062	21.908	283	57	1.04e-07	53.5	PAP associated domain containing 5 isoform a [Thecamonas trahens ATCC 50062]	Obazoa-Apusomonadida	Thecamonas trahens	Thecamonas trahens ATCC 50062	461836	YES	10598	0	10598	0	0	0	1	TRUE
TENT2_Homo_sapiens	XP_013762078.1	461836	Thecamonas trahens ATCC 50062	24.084	191	39	5.39e-05	45.1	PAP-associated domain-containing protein 5 [Thecamonas trahens ATCC 50062]	Obazoa-Apusomonadida	Thecamonas trahens	Thecamonas trahens ATCC 50062	461836	YES	10598	0	10598	0	0	0	1	TRUE
TENT2_Homo_sapiens	XP_009494941.1	691883	Fonticula alba	25.697	323	64	5.22e-17	82.8	hypothetical protein H696_02767 [Fonticula alba]	Obazoa-Holomycota-Nucleariida	Fonticula alba	Fonticula alba	691883	YES	6309	0	6309	0	0	0	1	TRUE
TENT2_Homo_sapiens	XP_009493312.1	691883	Fonticula alba	23.967	242	41	9.55e-07	49.7	hypothetical protein H696_01155 [Fonticula alba]	Obazoa-Holomycota-Nucleariida	Fonticula alba	Fonticula alba	691883	YES	6309	0	6309	0	0	0	1	TRUE
TENT2_Homo_sapiens	XP_009496625.1	691883	Fonticula alba	30.864	81	17	0.004	38.1	hypothetical protein H696_04472 [Fonticula alba]	Obazoa-Holomycota-Nucleariida	Fonticula alba	Fonticula alba	691883	YES	6309	0	6309	0	0	0	1	TRUE
TENT2_Homo_sapiens	XP_009494820.1	691883	Fonticula alba	29.333	75	14	0.079	33.9	hypothetical protein H696_02633 [Fonticula alba]	Obazoa-Holomycota-Nucleariida	Fonticula alba	Fonticula alba	691883	YES	6309	0	6309	0	0	0	1	TRUE
TENT2_Homo_sapiens	NP_585909.2	284813	Encephalitozoon cuniculi GB-M1	20.748	294	58	9.25e-08	50.1	topoisomerase 1 [Encephalitozoon cuniculi GB-M1]	Obazoa-Holomycota-Microsporidia	Encephalitozoon cuniculi	Encephalitozoon cuniculi GB-M1	284813	YES	2122	2122	0	0	0	0	0	TRUE
TENT2_Homo_sapiens	XP_006680218.1	684364	Batrachochytrium dendrobatidis JAM81	36.585	164	34	7.25e-23	100	uncharacterized protein BATDEDRAFT_89693 [Batrachochytrium dendrobatidis JAM81]	Obazoa-Holomycota-Chytridiomycota	Batrachochytrium dendrobatidis	Batrachochytrium dendrobatidis JAM81	684364	YES	8386	0	8386	0	0	0	1	TRUE
TENT2_Homo_sapiens	XP_006678984.1	684364	Batrachochytrium dendrobatidis JAM81	22.156	167	31	0.000179	42.4	uncharacterized protein BATDEDRAFT_25005 [Batrachochytrium dendrobatidis JAM81]	Obazoa-Holomycota-Chytridiomycota	Batrachochytrium dendrobatidis	Batrachochytrium dendrobatidis JAM81	684364	YES	8386	0	8386	0	0	0	1	TRUE
TENT2_Homo_sapiens	XP_006677318.1	684364	Batrachochytrium dendrobatidis JAM81	21.622	259	51	0.004	38.1	uncharacterized protein BATDEDRAFT_23561 [Batrachochytrium dendrobatidis JAM81]	Obazoa-Holomycota-Chytridiomycota	Batrachochytrium dendrobatidis	Batrachochytrium dendrobatidis JAM81	684364	YES	8386	0	8386	0	0	0	1	TRUE
TENT2_Homo_sapiens	XP_067511661.1	246409	Rhizopus delemar RA 99-880	37.912	182	37	4.8e-30	121	uncharacterized protein RO3G_00969 [Rhizopus delemar RA 99-880]	Obazoa-Holomycota-Mucoromycota	Rhizopus delemar	Rhizopus delemar RA 99-880	246409	YES	17459	0	17459	0	0	0	1	TRUE
TENT2_Homo_sapiens	XP_067526879.1	246409	Rhizopus delemar RA 99-880	33.878	245	49	5e-26	110	uncharacterized protein RO3G_16194 [Rhizopus delemar RA 99-880]	Obazoa-Holomycota-Mucoromycota	Rhizopus delemar	Rhizopus delemar RA 99-880	246409	YES	17459	0	17459	0	0	0	1	TRUE
TENT2_Homo_sapiens	XP_067526706.1	246409	Rhizopus delemar RA 99-880	35.028	177	34	6.16e-25	102	uncharacterized protein RO3G_16021 [Rhizopus delemar RA 99-880]	Obazoa-Holomycota-Mucoromycota	Rhizopus delemar	Rhizopus delemar RA 99-880	246409	YES	17459	0	17459	0	0	0	1	TRUE
TENT2_Homo_sapiens	XP_067523248.1	246409	Rhizopus delemar RA 99-880	27.619	105	21	0.000594	41.2	uncharacterized protein RO3G_12563 [Rhizopus delemar RA 99-880]	Obazoa-Holomycota-Mucoromycota	Rhizopus delemar	Rhizopus delemar RA 99-880	246409	YES	17459	0	17459	0	0	0	1	TRUE
TENT2_Homo_sapiens	XP_067519529.1	246409	Rhizopus delemar RA 99-880	31.081	74	14	0.038	34.7	uncharacterized protein RO3G_08843 [Rhizopus delemar RA 99-880]	Obazoa-Holomycota-Mucoromycota	Rhizopus delemar	Rhizopus delemar RA 99-880	246409	YES	17459	0	17459	0	0	0	1	TRUE
TENT2_Homo_sapiens	XP_067515893.1	246409	Rhizopus delemar RA 99-880	22.951	122	25	0.081	34.3	uncharacterized protein RO3G_05202 [Rhizopus delemar RA 99-880]	Obazoa-Holomycota-Mucoromycota	Rhizopus delemar	Rhizopus delemar RA 99-880	246409	YES	17459	0	17459	0	0	0	1	TRUE
TENT2_Homo_sapiens	XP_025171211.1	588596	Rhizophagus irregularis	31.449	283	56	4.61e-32	130	uncharacterized protein OCT59_015052 [Rhizophagus irregularis]	Obazoa-Holomycota-Glomeromycota	Rhizophagus irregularis	Rhizophagus irregularis	588596	YES	31183	0	31153	0	30	0	0.999	TRUE
TENT2_Homo_sapiens	XP_025174358.2	588596	Rhizophagus irregularis	24.221	289	58	1.25e-15	79	uncharacterized protein OCT59_008116 [Rhizophagus irregularis]	Obazoa-Holomycota-Glomeromycota	Rhizophagus irregularis	Rhizophagus irregularis	588596	YES	31183	0	31153	0	30	0	0.999	TRUE
TENT2_Homo_sapiens	NP_014100.2	559292	Saccharomyces cerevisiae S288C	22.121	330	65	1.63e-09	58.2	non-canonical poly(A) polymerase TRF5 [Saccharomyces cerevisiae S288C]	Obazoa-Holomycota-Ascomycota	Saccharomyces cerevisiae	Saccharomyces cerevisiae S288C	559292	YES	6021	6021	0	0	0	0	0	TRUE
TENT2_Homo_sapiens	NP_014526.1	559292	Saccharomyces cerevisiae S288C	20.401	299	60	2.21e-08	54.3	non-canonical poly(A) polymerase PAP2 [Saccharomyces cerevisiae S288C]	Obazoa-Holomycota-Ascomycota	Saccharomyces cerevisiae	Saccharomyces cerevisiae S288C	559292	YES	6021	6021	0	0	0	0	0	TRUE
TENT2_Homo_sapiens	NP_593157.1	4896	Schizosaccharomyces pombe	29.87	308	61	9.29e-32	125	cytoplasmic poly(A) polymerase Cid13 [Schizosaccharomyces pombe]	Obazoa-Holomycota-Ascomycota	Schizosaccharomyces pombe	Schizosaccharomyces pombe	4896	YES	5134	5123	0	0	11	0	0	TRUE
TENT2_Homo_sapiens	NP_594901.1	4896	Schizosaccharomyces pombe	28.291	357	66	1.01e-29	118	terminal uridylyltransferase Cid1 [Schizosaccharomyces pombe]	Obazoa-Holomycota-Ascomycota	Schizosaccharomyces pombe	Schizosaccharomyces pombe	4896	YES	5134	5123	0	0	11	0	0	TRUE
TENT2_Homo_sapiens	NP_595210.1	4896	Schizosaccharomyces pombe	31.461	267	54	2.61e-28	115	poly(A) polymerase Cid11 [Schizosaccharomyces pombe]	Obazoa-Holomycota-Ascomycota	Schizosaccharomyces pombe	Schizosaccharomyces pombe	4896	YES	5134	5123	0	0	11	0	0	TRUE
TENT2_Homo_sapiens	NP_593571.1	4896	Schizosaccharomyces pombe	27.586	261	51	6.85e-21	94	poly(A) polymerase Cid16 [Schizosaccharomyces pombe]	Obazoa-Holomycota-Ascomycota	Schizosaccharomyces pombe	Schizosaccharomyces pombe	4896	YES	5134	5123	0	0	11	0	0	TRUE
TENT2_Homo_sapiens	NP_001018181.1	4896	Schizosaccharomyces pombe	24.091	220	45	3.97e-12	66.2	TRAMP complex poly(A) polymerase subunit Cid14 [Schizosaccharomyces pombe]	Obazoa-Holomycota-Ascomycota	Schizosaccharomyces pombe	Schizosaccharomyces pombe	4896	YES	5134	5123	0	0	11	0	0	TRUE
TENT2_Homo_sapiens	XP_964090.3	367110	Neurospora crassa OR74A	29.107	347	65	4.84e-30	123	PAP/25A associated domain family protein [Neurospora crassa OR74A]	Obazoa-Holomycota-Ascomycota	Neurospora crassa	Neurospora crassa OR74A	367110	YES	10812	0	10784	0	28	0	0.9974	TRUE
TENT2_Homo_sapiens	XP_011394085.1	367110	Neurospora crassa OR74A	31.313	198	34	7.37e-20	92	hypothetical protein NCU04364 [Neurospora crassa OR74A]	Obazoa-Holomycota-Ascomycota	Neurospora crassa	Neurospora crassa OR74A	367110	YES	10812	0	10784	0	28	0	0.9974	TRUE
TENT2_Homo_sapiens	XP_960550.2	367110	Neurospora crassa OR74A	20	270	55	7.75e-08	53.5	topoisomerase TRF4 [Neurospora crassa OR74A]	Obazoa-Holomycota-Ascomycota	Neurospora crassa	Neurospora crassa OR74A	367110	YES	10812	0	10784	0	28	0	0.9974	TRUE
TENT2_Homo_sapiens	XP_011391307.1	5270	Mycosarcoma maydis	29.87	308	61	5.53e-33	131	uncharacterized protein UMAG_05013 [Mycosarcoma maydis]	Obazoa-Holomycota-Basidiomycota	Ustilago maydis	Mycosarcoma maydis	5270	YES	6806	0	6780	0	26	0	0.9962	TRUE
TENT2_Homo_sapiens	XP_011386925.1	5270	Mycosarcoma maydis	30.137	219	41	3e-14	73.9	uncharacterized protein UMAG_00916 [Mycosarcoma maydis]	Obazoa-Holomycota-Basidiomycota	Ustilago maydis	Mycosarcoma maydis	5270	YES	6806	0	6780	0	26	0	0.9962	TRUE
TENT2_Homo_sapiens	XP_011387117.1	5270	Mycosarcoma maydis	24.194	186	38	1.93e-11	64.7	uncharacterized protein UMAG_01175 [Mycosarcoma maydis]	Obazoa-Holomycota-Basidiomycota	Ustilago maydis	Mycosarcoma maydis	5270	YES	6806	0	6780	0	26	0	0.9962	TRUE
TENT2_Homo_sapiens	XP_014160402.1	667725	Sphaeroforma arctica JP610	34.737	190	37	3.39e-24	105	hypothetical protein SARC_01371 [Sphaeroforma arctica JP610]	Obazoa-Holozoa-Ichthyosporea	Sphaeroforma arctica	Sphaeroforma arctica JP610	667725	YES	18730	0	18730	0	0	0	1	TRUE
TENT2_Homo_sapiens	XP_014151004.1	667725	Sphaeroforma arctica JP610	28.522	291	74	4.17e-21	95.9	hypothetical protein SARC_10426 [Sphaeroforma arctica JP610]	Obazoa-Holozoa-Ichthyosporea	Sphaeroforma arctica	Sphaeroforma arctica JP610	667725	YES	18730	0	18730	0	0	0	1	TRUE
TENT2_Homo_sapiens	XP_014149212.1	667725	Sphaeroforma arctica JP610	27.586	261	54	1.11e-20	94	hypothetical protein SARC_12162, partial [Sphaeroforma arctica JP610]	Obazoa-Holozoa-Ichthyosporea	Sphaeroforma arctica	Sphaeroforma arctica JP610	667725	YES	18730	0	18730	0	0	0	1	TRUE
TENT2_Homo_sapiens	XP_014155214.1	667725	Sphaeroforma arctica JP610	21.306	291	56	1.27e-12	68.9	hypothetical protein SARC_06362 [Sphaeroforma arctica JP610]	Obazoa-Holozoa-Ichthyosporea	Sphaeroforma arctica	Sphaeroforma arctica JP610	667725	YES	18730	0	18730	0	0	0	1	TRUE
TENT2_Homo_sapiens	XP_004349811.2	595528	Capsaspora owczarzaki ATCC 30864	30.233	301	58	1.77e-35	139	PAP/25A associated domain-containing protein [Capsaspora owczarzaki ATCC 30864]	Obazoa-Holozoa-Filasterea	Capsaspora owczarzaki	Capsaspora owczarzaki ATCC 30864	595528	YES	8792	0	8792	0	0	0	1	TRUE
TENT2_Homo_sapiens	XP_011270604.1	595528	Capsaspora owczarzaki ATCC 30864	25.153	163	33	2.79e-08	55.1	hypothetical protein CAOG_08933 [Capsaspora owczarzaki ATCC 30864]	Obazoa-Holozoa-Filasterea	Capsaspora owczarzaki	Capsaspora owczarzaki ATCC 30864	595528	YES	8792	0	8792	0	0	0	1	TRUE
TENT2_Homo_sapiens	XP_004347522.1	595528	Capsaspora owczarzaki ATCC 30864	24.257	202	39	7.74e-06	47.4	hypothetical protein CAOG_04771 [Capsaspora owczarzaki ATCC 30864]	Obazoa-Holozoa-Filasterea	Capsaspora owczarzaki	Capsaspora owczarzaki ATCC 30864	595528	YES	8792	0	8792	0	0	0	1	TRUE
TENT2_Homo_sapiens	XP_004346269.1	595528	Capsaspora owczarzaki ATCC 30864	21.25	80	17	0.004	38.5	hypothetical protein CAOG_05596 [Capsaspora owczarzaki ATCC 30864]	Obazoa-Holozoa-Filasterea	Capsaspora owczarzaki	Capsaspora owczarzaki ATCC 30864	595528	YES	8792	0	8792	0	0	0	1	TRUE
TENT2_Homo_sapiens	XP_001749366.1	431895	Monosiga brevicollis MX1	37.264	212	41	1.3e-27	112	uncharacterized protein MONBRDRAFT_28850 [Monosiga brevicollis MX1]	Obazoa-Holozoa-Choanoflagellatea	Monosiga brevicollis	Monosiga brevicollis MX1	431895	YES	9170	0	9170	0	0	0	1	TRUE
TENT2_Homo_sapiens	XP_004987785.1	946362	Salpingoeca rosetta	34.574	188	37	4.46e-29	114	uncharacterized protein PTSG_11137 [Salpingoeca rosetta]	Obazoa-Holozoa-Choanoflagellatea	Salpingoeca rosetta	Salpingoeca rosetta	946362	YES	11725	0	11725	0	0	0	1	TRUE
TENT2_Homo_sapiens	XP_004998234.1	946362	Salpingoeca rosetta	25.824	182	37	1.17e-10	62.4	uncharacterized protein PTSG_00768 [Salpingoeca rosetta]	Obazoa-Holozoa-Choanoflagellatea	Salpingoeca rosetta	Salpingoeca rosetta	946362	YES	11725	0	11725	0	0	0	1	TRUE
TENT2_Homo_sapiens	XP_004990472.1	946362	Salpingoeca rosetta	27.044	159	32	0.002	39.7	uncharacterized protein PTSG_08681 [Salpingoeca rosetta]	Obazoa-Holozoa-Choanoflagellatea	Salpingoeca rosetta	Salpingoeca rosetta	946362	YES	11725	0	11725	0	0	0	1	TRUE
TENT2_Homo_sapiens	XP_004997314.1	946362	Salpingoeca rosetta	28.155	103	21	0.037	35.8	uncharacterized protein PTSG_01341 [Salpingoeca rosetta]	Obazoa-Holozoa-Choanoflagellatea	Salpingoeca rosetta	Salpingoeca rosetta	946362	YES	11725	0	11725	0	0	0	1	TRUE
TENT2_Homo_sapiens	XP_019857828.1	400682	Amphimedon queenslandica	28.179	291	58	3.44e-35	137	terminal uridylyltransferase 4-like [Amphimedon queenslandica]	Obazoa-Holozoa-Metazoa	Amphimedon queenslandica	Amphimedon queenslandica	400682	YES	23523	46	23464	0	13	0	0.9975	TRUE
TENT2_Homo_sapiens	XP_019853366.1	400682	Amphimedon queenslandica	25.714	210	36	3.19e-12	68.2	speckle targeted PIP5K1A-regulated poly(A) polymerase-like [Amphimedon queenslandica]	Obazoa-Holozoa-Metazoa	Amphimedon queenslandica	Amphimedon queenslandica	400682	YES	23523	46	23464	0	13	0	0.9975	TRUE
TENT2_Homo_sapiens	XP_019863494.1	400682	Amphimedon queenslandica	30.189	159	29	5.63e-11	62	speckle targeted PIP5K1A-regulated poly(A) polymerase-like, partial [Amphimedon queenslandica]	Obazoa-Holozoa-Metazoa	Amphimedon queenslandica	Amphimedon queenslandica	400682	YES	23523	46	23464	0	13	0	0.9975	TRUE
TENT2_Homo_sapiens	XP_003384352.1	400682	Amphimedon queenslandica	24.044	183	37	4.22e-09	58.2	non-canonical poly(A) RNA polymerase PAPD5 [Amphimedon queenslandica]	Obazoa-Holozoa-Metazoa	Amphimedon queenslandica	Amphimedon queenslandica	400682	YES	23523	46	23464	0	13	0	0.9975	TRUE
TENT2_Homo_sapiens	XP_019863359.1	400682	Amphimedon queenslandica	28.571	70	14	6.67e-06	47.8	terminal uridylyltransferase 7-like [Amphimedon queenslandica]	Obazoa-Holozoa-Metazoa	Amphimedon queenslandica	Amphimedon queenslandica	400682	YES	23523	46	23464	0	13	0	0.9975	TRUE
TENT2_Homo_sapiens	XP_063675007.1	2820187	Bolinopsis microptera	34.564	298	61	2.21e-46	169	poly(A) RNA polymerase GLD2-like [Bolinopsis microptera]	Obazoa-Holozoa-Metazoa	Bolinopsis microptera	Bolinopsis microptera	2820187	YES	21734	0	21734	0	0	0	1	TRUE
TENT2_Homo_sapiens	XP_063681749.1	2820187	Bolinopsis microptera	29.006	362	73	1.51e-26	114	uncharacterized protein LOC134816713 isoform X2 [Bolinopsis microptera]	Obazoa-Holozoa-Metazoa	Bolinopsis microptera	Bolinopsis microptera	2820187	YES	21734	0	21734	0	0	0	1	TRUE
TENT2_Homo_sapiens	XP_063676426.1	2820187	Bolinopsis microptera	27.419	248	49	8.13e-13	70.5	speckle targeted PIP5K1A-regulated poly(A) polymerase-like [Bolinopsis microptera]	Obazoa-Holozoa-Metazoa	Bolinopsis microptera	Bolinopsis microptera	2820187	YES	21734	0	21734	0	0	0	1	TRUE
TENT2_Homo_sapiens	XP_063677412.1	2820187	Bolinopsis microptera	24.483	290	59	4.73e-12	67.8	terminal nucleotidyltransferase 4A-like [Bolinopsis microptera]	Obazoa-Holozoa-Metazoa	Bolinopsis microptera	Bolinopsis microptera	2820187	YES	21734	0	21734	0	0	0	1	TRUE
TENT2_Homo_sapiens	XP_063689072.1	2820187	Bolinopsis microptera	25.751	233	46	6.45e-10	61.6	uncharacterized protein LOC134822108 [Bolinopsis microptera]	Obazoa-Holozoa-Metazoa	Bolinopsis microptera	Bolinopsis microptera	2820187	YES	21734	0	21734	0	0	0	1	TRUE
TENT2_Homo_sapiens	XP_063681540.1	2820187	Bolinopsis microptera	20.82	317	63	3.83e-07	52.4	uncharacterized protein LOC134816567 isoform X1 [Bolinopsis microptera]	Obazoa-Holozoa-Metazoa	Bolinopsis microptera	Bolinopsis microptera	2820187	YES	21734	0	21734	0	0	0	1	TRUE
TENT2_Homo_sapiens	NP_001107865.1	9606	Homo sapiens	100	484	100	0	1000	poly(A) RNA polymerase GLD2 isoform 1 [Homo sapiens]	Obazoa-Holozoa-Metazoa	Homo sapiens	Homo sapiens	9606	YES	197865	70913	126939	0	13	0	0.6415	TRUE
TENT2_Homo_sapiens	XP_054219782.1	9606	Homo sapiens	30.402	398	79	8.81e-40	155	terminal uridylyltransferase 7 isoform X9 [Homo sapiens]	Obazoa-Holozoa-Metazoa	Homo sapiens	Homo sapiens	9606	YES	197865	70913	126939	0	13	0	0.6415	TRUE
TENT2_Homo_sapiens	XP_047272350.1	9606	Homo sapiens	34.058	276	63	5.41e-37	147	terminal uridylyltransferase 4 isoform X34 [Homo sapiens]	Obazoa-Holozoa-Metazoa	Homo sapiens	Homo sapiens	9606	YES	197865	70913	126939	0	13	0	0.6415	TRUE
TENT2_Homo_sapiens	NP_060579.3	9606	Homo sapiens	26.241	282	53	3.3e-18	89.7	poly(A) RNA polymerase, mitochondrial precursor [Homo sapiens]	Obazoa-Holozoa-Metazoa	Homo sapiens	Homo sapiens	9606	YES	197865	70913	126939	0	13	0	0.6415	TRUE
TENT2_Homo_sapiens	NP_073741.3	9606	Homo sapiens	27.397	219	43	3.62e-14	77.4	speckle targeted PIP5K1A-regulated poly(A) polymerase isoform 1 [Homo sapiens]	Obazoa-Holozoa-Metazoa	Homo sapiens	Homo sapiens	9606	YES	197865	70913	126939	0	13	0	0.6415	TRUE
TENT2_Homo_sapiens	XP_047272620.1	9606	Homo sapiens	23.843	281	56	4.27e-12	70.5	terminal nucleotidyltransferase 4A isoform X1 [Homo sapiens]	Obazoa-Holozoa-Metazoa	Homo sapiens	Homo sapiens	9606	YES	197865	70913	126939	0	13	0	0.6415	TRUE
TENT2_Homo_sapiens	XP_047290433.1	9606	Homo sapiens	21.429	308	61	9.08e-10	63.2	terminal nucleotidyltransferase 4B isoform X6 [Homo sapiens]	Obazoa-Holozoa-Metazoa	Homo sapiens	Homo sapiens	9606	YES	197865	70913	126939	0	13	0	0.6415	TRUE
TENT2_Homo_sapiens	XP_030833126.1	7668	Strongylocentrotus purpuratus	38.757	338	66	4.72e-59	204	poly(A) RNA polymerase GLD2 [Strongylocentrotus purpuratus]	Obazoa-Holozoa-Metazoa-Echinodermata	Strongylocentrotus purpuratus	Strongylocentrotus purpuratus	7668	YES	38469	441	38028	0	0	0	0.9885	TRUE
TENT2_Homo_sapiens	XP_030852755.1	7668	Strongylocentrotus purpuratus	31.613	310	63	1.29e-30	127	terminal uridylyltransferase 7 isoform X2 [Strongylocentrotus purpuratus]	Obazoa-Holozoa-Metazoa-Echinodermata	Strongylocentrotus purpuratus	Strongylocentrotus purpuratus	7668	YES	38469	441	38028	0	0	0	0.9885	TRUE
TENT2_Homo_sapiens	XP_030827966.1	7668	Strongylocentrotus purpuratus	29.508	244	43	1.52e-21	99.4	uncharacterized protein LOC105437981 [Strongylocentrotus purpuratus]	Obazoa-Holozoa-Metazoa-Echinodermata	Strongylocentrotus purpuratus	Strongylocentrotus purpuratus	7668	YES	38469	441	38028	0	0	0	0.9885	TRUE
TENT2_Homo_sapiens	XP_792619.4	7668	Strongylocentrotus purpuratus	26.452	310	58	2.86e-21	97.8	poly(A) RNA polymerase, mitochondrial [Strongylocentrotus purpuratus]	Obazoa-Holozoa-Metazoa-Echinodermata	Strongylocentrotus purpuratus	Strongylocentrotus purpuratus	7668	YES	38469	441	38028	0	0	0	0.9885	TRUE
TENT2_Homo_sapiens	XP_030831737.1	7668	Strongylocentrotus purpuratus	25.095	263	53	1.07e-10	64.7	terminal nucleotidyltransferase 4B [Strongylocentrotus purpuratus]	Obazoa-Holozoa-Metazoa-Echinodermata	Strongylocentrotus purpuratus	Strongylocentrotus purpuratus	7668	YES	38469	441	38028	0	0	0	0.9885	TRUE
TENT2_Homo_sapiens	XP_002732726.1	10224	Saccoglossus kowalevskii	38.244	353	68	7.4e-60	206	poly(A) RNA polymerase GLD2-like [Saccoglossus kowalevskii]	Obazoa-Holozoa-Metazoa-Hemichordata	Saccoglossus kowalevskii	Saccoglossus kowalevskii	10224	YES	23497	474	23010	0	13	0	0.9793	TRUE
TENT2_Homo_sapiens	XP_006824330.1	10224	Saccoglossus kowalevskii	29.836	305	64	2.88e-32	130	terminal uridylyltransferase 4-like [Saccoglossus kowalevskii]	Obazoa-Holozoa-Metazoa-Hemichordata	Saccoglossus kowalevskii	Saccoglossus kowalevskii	10224	YES	23497	474	23010	0	13	0	0.9793	TRUE
TENT2_Homo_sapiens	XP_002742099.2	10224	Saccoglossus kowalevskii	24.586	362	69	2.21e-24	106	poly(A) RNA polymerase, mitochondrial-like [Saccoglossus kowalevskii]	Obazoa-Holozoa-Metazoa-Hemichordata	Saccoglossus kowalevskii	Saccoglossus kowalevskii	10224	YES	23497	474	23010	0	13	0	0.9793	TRUE
TENT2_Homo_sapiens	XP_006825661.1	10224	Saccoglossus kowalevskii	24.251	367	62	9.84e-19	89	speckle targeted PIP5K1A-regulated poly(A) polymerase-like [Saccoglossus kowalevskii]	Obazoa-Holozoa-Metazoa-Hemichordata	Saccoglossus kowalevskii	Saccoglossus kowalevskii	10224	YES	23497	474	23010	0	13	0	0.9793	TRUE
TENT2_Homo_sapiens	XP_077863534.1	10224	Saccoglossus kowalevskii	24.272	206	40	4.27e-10	61.6	terminal nucleotidyltransferase 4B-like [Saccoglossus kowalevskii]	Obazoa-Holozoa-Metazoa-Hemichordata	Saccoglossus kowalevskii	Saccoglossus kowalevskii	10224	YES	23497	474	23010	0	13	0	0.9793	FALSE
TENT2_Homo_sapiens	XP_035667157.1	7739	Branchiostoma floridae	46.012	326	67	1.54e-89	284	poly(A) RNA polymerase GLD2-like [Branchiostoma floridae]	Obazoa-Holozoa-Metazoa-Chordata-Cephalochordata	Branchiostoma floridae	Branchiostoma floridae	7739	YES	43041	13	43028	0	0	0	0.9997	TRUE
TENT2_Homo_sapiens	XP_035699267.1	7739	Branchiostoma floridae	30.275	327	66	1.79e-37	147	terminal uridylyltransferase 7-like [Branchiostoma floridae]	Obazoa-Holozoa-Metazoa-Chordata-Cephalochordata	Branchiostoma floridae	Branchiostoma floridae	7739	YES	43041	13	43028	0	0	0	0.9997	TRUE
TENT2_Homo_sapiens	XP_035657908.1	7739	Branchiostoma floridae	23.158	285	55	5.84e-19	90.5	LOW QUALITY PROTEIN: poly(A) RNA polymerase, mitochondrial-like [Branchiostoma floridae]	Obazoa-Holozoa-Metazoa-Chordata-Cephalochordata	Branchiostoma floridae	Branchiostoma floridae	7739	YES	43041	13	43028	0	0	0	0.9997	TRUE
TENT2_Homo_sapiens	XP_035678443.1	7739	Branchiostoma floridae	22.801	307	61	3.21e-14	76.3	terminal nucleotidyltransferase 4B-like isoform X2 [Branchiostoma floridae]	Obazoa-Holozoa-Metazoa-Chordata-Cephalochordata	Branchiostoma floridae	Branchiostoma floridae	7739	YES	43041	13	43028	0	0	0	0.9997	TRUE
TENT2_Homo_sapiens	XP_035658119.1	7739	Branchiostoma floridae	36.082	97	19	8e-10	62.4	uncharacterized protein LOC118403501 [Branchiostoma floridae]	Obazoa-Holozoa-Metazoa-Chordata-Cephalochordata	Branchiostoma floridae	Branchiostoma floridae	7739	YES	43041	13	43028	0	0	0	0.9997	TRUE
TENT2_Homo_sapiens	XP_078481455.1	7719	Ciona intestinalis	41.143	350	71	7.55e-68	229	uncharacterized protein LOC100181643 isoform X2 [Ciona intestinalis]	Obazoa-Holozoa-Metazoa-Chordata-Tunicata	Ciona intestinalis	Ciona intestinalis	7719	YES	20522	932	19590	0	0	0	0.9546	TRUE
TENT2_Homo_sapiens	XP_078484802.1	7719	Ciona intestinalis	29.97	337	68	6.67e-35	139	LOW QUALITY PROTEIN: terminal uridylyltransferase 4 [Ciona intestinalis]	Obazoa-Holozoa-Metazoa-Chordata-Tunicata	Ciona intestinalis	Ciona intestinalis	7719	YES	20522	932	19590	0	0	0	0.9546	TRUE
TENT2_Homo_sapiens	XP_018667665.2	7719	Ciona intestinalis	26.1	341	62	7.52e-22	97.1	terminal uridylyltransferase 7-like [Ciona intestinalis]	Obazoa-Holozoa-Metazoa-Chordata-Tunicata	Ciona intestinalis	Ciona intestinalis	7719	YES	20522	932	19590	0	0	0	0.9546	TRUE
TENT2_Homo_sapiens	XP_078488327.1	7719	Ciona intestinalis	25.271	277	50	2.38e-15	78.2	poly(A) RNA polymerase, mitochondrial [Ciona intestinalis]	Obazoa-Holozoa-Metazoa-Chordata-Tunicata	Ciona intestinalis	Ciona intestinalis	7719	YES	20522	932	19590	0	0	0	0.9546	TRUE
TENT2_Homo_sapiens	XP_078482722.1	7719	Ciona intestinalis	24.621	264	55	2.45e-11	65.9	uncharacterized protein LOC101243288 isoform X3 [Ciona intestinalis]	Obazoa-Holozoa-Metazoa-Chordata-Tunicata	Ciona intestinalis	Ciona intestinalis	7719	YES	20522	932	19590	0	0	0	0.9546	TRUE
TENT2_Homo_sapiens	XP_002130666.2	7719	Ciona intestinalis	27.746	173	34	1.05e-08	57.4	speckle targeted PIP5K1A-regulated poly(A) polymerase [Ciona intestinalis]	Obazoa-Holozoa-Metazoa-Chordata-Tunicata	Ciona intestinalis	Ciona intestinalis	7719	YES	20522	932	19590	0	0	0	0.9546	TRUE
TENT2_Homo_sapiens	XP_081628929.1	34765	Oikopleura dioica	37.705	305	60	8.09e-47	171	uncharacterized protein LOC145695782 isoform X2 [Oikopleura dioica]	Obazoa-Holozoa-Metazoa-Chordata-Tunicata	Oikopleura dioica	Oikopleura dioica	34765	YES	17869	0	17869	0	0	0	1	TRUE
TENT2_Homo_sapiens	XP_081629028.1	34765	Oikopleura dioica	31.923	260	62	7.38e-27	114	terminal uridylyltransferase 4-like [Oikopleura dioica]	Obazoa-Holozoa-Metazoa-Chordata-Tunicata	Oikopleura dioica	Oikopleura dioica	34765	YES	17869	0	17869	0	0	0	1	TRUE
TENT2_Homo_sapiens	XP_081636965.1	34765	Oikopleura dioica	25.559	313	62	2.64e-14	74.7	LOW QUALITY PROTEIN: terminal nucleotidyltransferase 4A-like [Oikopleura dioica]	Obazoa-Holozoa-Metazoa-Chordata-Tunicata	Oikopleura dioica	Oikopleura dioica	34765	YES	17869	0	17869	0	0	0	1	TRUE
TENT2_Homo_sapiens	XP_081646052.1	34765	Oikopleura dioica	22.754	334	65	6.48e-14	73.9	uncharacterized protein LOC145712239 [Oikopleura dioica]	Obazoa-Holozoa-Metazoa-Chordata-Tunicata	Oikopleura dioica	Oikopleura dioica	34765	YES	17869	0	17869	0	0	0	1	TRUE
TENT2_Homo_sapiens	XP_081629075.1	34765	Oikopleura dioica	23.49	298	59	1.96e-11	65.1	terminal nucleotidyltransferase 4B-like [Oikopleura dioica]	Obazoa-Holozoa-Metazoa-Chordata-Tunicata	Oikopleura dioica	Oikopleura dioica	34765	YES	17869	0	17869	0	0	0	1	TRUE
TENT2_Homo_sapiens	XP_081631699.1	34765	Oikopleura dioica	28.125	96	17	0.072	33.9	uncharacterized protein LOC145698374 [Oikopleura dioica]	Obazoa-Holozoa-Metazoa-Chordata-Tunicata	Oikopleura dioica	Oikopleura dioica	34765	YES	17869	0	17869	0	0	0	1	TRUE
TENT2_Homo_sapiens	XP_032824562.2	7757	Petromyzon marinus	56.061	330	68	1.04e-121	366	poly(A) RNA polymerase GLD2 [Petromyzon marinus]	Obazoa-Holozoa-Metazoa-Chordata-Cyclostomata	Petromyzon marinus	Petromyzon marinus	7757	YES	48284	13	48271	0	0	0	0.9997	TRUE
TENT2_Homo_sapiens	XP_075919695.1	7757	Petromyzon marinus	34.375	256	61	5.07e-35	140	uncharacterized protein LOC116937900 [Petromyzon marinus]	Obazoa-Holozoa-Metazoa-Chordata-Cyclostomata	Petromyzon marinus	Petromyzon marinus	7757	YES	48284	13	48271	0	0	0	0.9997	TRUE
TENT2_Homo_sapiens	XP_075919662.1	7757	Petromyzon marinus	34.375	256	50	8.3e-35	140	uncharacterized protein LOC142905343 [Petromyzon marinus]	Obazoa-Holozoa-Metazoa-Chordata-Cyclostomata	Petromyzon marinus	Petromyzon marinus	7757	YES	48284	13	48271	0	0	0	0.9997	TRUE
TENT2_Homo_sapiens	XP_032807421.2	7757	Petromyzon marinus	32.738	168	32	3.77e-20	95.1	speckle targeted PIP5K1A-regulated poly(A) polymerase [Petromyzon marinus]	Obazoa-Holozoa-Metazoa-Chordata-Cyclostomata	Petromyzon marinus	Petromyzon marinus	7757	YES	48284	13	48271	0	0	0	0.9997	TRUE
TENT2_Homo_sapiens	XP_032814652.2	7757	Petromyzon marinus	23.345	287	55	3.93e-17	85.1	poly(A) RNA polymerase, mitochondrial [Petromyzon marinus]	Obazoa-Holozoa-Metazoa-Chordata-Cyclostomata	Petromyzon marinus	Petromyzon marinus	7757	YES	48284	13	48271	0	0	0	0.9997	TRUE
TENT2_Homo_sapiens	XP_075911159.1	7757	Petromyzon marinus	25	256	53	1.29e-12	71.2	uncharacterized protein LOC142906699 [Petromyzon marinus]	Obazoa-Holozoa-Metazoa-Chordata-Cyclostomata	Petromyzon marinus	Petromyzon marinus	7757	YES	48284	13	48271	0	0	0	0.9997	TRUE
TENT2_Homo_sapiens	XP_075911206.1	7757	Petromyzon marinus	25	256	53	2.24e-12	70.5	uncharacterized protein LOC116957032 [Petromyzon marinus]	Obazoa-Holozoa-Metazoa-Chordata-Cyclostomata	Petromyzon marinus	Petromyzon marinus	7757	YES	48284	13	48271	0	0	0	0.9997	TRUE
TENT2_Homo_sapiens	XP_032813420.2	7757	Petromyzon marinus	20.513	312	61	8.12e-06	49.7	terminal nucleotidyltransferase 4A isoform X2 [Petromyzon marinus]	Obazoa-Holozoa-Metazoa-Chordata-Cyclostomata	Petromyzon marinus	Petromyzon marinus	7757	YES	48284	13	48271	0	0	0	0.9997	TRUE
TENT2_Homo_sapiens	XP_007890275.1	7868	Callorhinchus milii	59.432	493	100	0	539	poly(A) RNA polymerase GLD2 isoform X1 [Callorhinchus milii]	Obazoa-Holozoa-Metazoa-Chordata-Chondrichthyes	Callorhinchus milii	Callorhinchus milii	7868	YES	30439	991	29435	0	13	0	0.967	TRUE
TENT2_Homo_sapiens	XP_042191906.1	7868	Callorhinchus milii	32.749	342	68	1.91e-37	147	terminal uridylyltransferase 4 [Callorhinchus milii]	Obazoa-Holozoa-Metazoa-Chordata-Chondrichthyes	Callorhinchus milii	Callorhinchus milii	7868	YES	30439	991	29435	0	13	0	0.967	TRUE
TENT2_Homo_sapiens	XP_007906237.2	7868	Callorhinchus milii	34.783	253	62	3.54e-33	134	terminal uridylyltransferase 7 [Callorhinchus milii]	Obazoa-Holozoa-Metazoa-Chordata-Chondrichthyes	Callorhinchus milii	Callorhinchus milii	7868	YES	30439	991	29435	0	13	0	0.967	TRUE
TENT2_Homo_sapiens	XP_042199285.1	7868	Callorhinchus milii	27.035	344	61	2.53e-21	97.8	speckle targeted PIP5K1A-regulated poly(A) polymerase isoform X1 [Callorhinchus milii]	Obazoa-Holozoa-Metazoa-Chordata-Chondrichthyes	Callorhinchus milii	Callorhinchus milii	7868	YES	30439	991	29435	0	13	0	0.967	TRUE
TENT2_Homo_sapiens	XP_042188530.1	7868	Callorhinchus milii	25.85	294	56	5.94e-18	87	poly(A) RNA polymerase, mitochondrial [Callorhinchus milii]	Obazoa-Holozoa-Metazoa-Chordata-Chondrichthyes	Callorhinchus milii	Callorhinchus milii	7868	YES	30439	991	29435	0	13	0	0.967	TRUE
TENT2_Homo_sapiens	XP_042188647.1	7868	Callorhinchus milii	22.436	312	62	1.1e-12	70.5	terminal nucleotidyltransferase 4B-like [Callorhinchus milii]	Obazoa-Holozoa-Metazoa-Chordata-Chondrichthyes	Callorhinchus milii	Callorhinchus milii	7868	YES	30439	991	29435	0	13	0	0.967	TRUE
TENT2_Homo_sapiens	XP_042187856.1	7868	Callorhinchus milii	24.055	291	57	3.97e-11	65.5	terminal nucleotidyltransferase 4A isoform X5 [Callorhinchus milii]	Obazoa-Holozoa-Metazoa-Chordata-Chondrichthyes	Callorhinchus milii	Callorhinchus milii	7868	YES	30439	991	29435	0	13	0	0.967	TRUE
TENT2_Homo_sapiens	XP_007887630.1	7868	Callorhinchus milii	22.078	308	61	5.23e-09	58.9	terminal nucleotidyltransferase 4B isoform X2 [Callorhinchus milii]	Obazoa-Holozoa-Metazoa-Chordata-Chondrichthyes	Callorhinchus milii	Callorhinchus milii	7868	YES	30439	991	29435	0	13	0	0.967	TRUE
TENT2_Homo_sapiens	XP_005997658.1	7897	Latimeria chalumnae	65.805	503	100	0	634	poly(A) RNA polymerase GLD2 isoform X2 [Latimeria chalumnae]	Obazoa-Holozoa-Metazoa-Chordata-Sarcopterygii	Latimeria chalumnae	Latimeria chalumnae	7897	YES	33756	35	33721	0	0	0	0.999	TRUE
TENT2_Homo_sapiens	XP_006006036.1	7897	Latimeria chalumnae	31.378	341	68	6.04e-38	149	terminal uridylyltransferase 4 isoform X3 [Latimeria chalumnae]	Obazoa-Holozoa-Metazoa-Chordata-Sarcopterygii	Latimeria chalumnae	Latimeria chalumnae	7897	YES	33756	35	33721	0	0	0	0.999	TRUE
TENT2_Homo_sapiens	XP_006013296.1	7897	Latimeria chalumnae	34.686	271	58	6.52e-36	142	terminal uridylyltransferase 7 isoform X1 [Latimeria chalumnae]	Obazoa-Holozoa-Metazoa-Chordata-Sarcopterygii	Latimeria chalumnae	Latimeria chalumnae	7897	YES	33756	35	33721	0	0	0	0.999	TRUE
TENT2_Homo_sapiens	XP_014346366.1	7897	Latimeria chalumnae	28.863	343	62	9.09e-27	114	speckle targeted PIP5K1A-regulated poly(A) polymerase isoform X2 [Latimeria chalumnae]	Obazoa-Holozoa-Metazoa-Chordata-Sarcopterygii	Latimeria chalumnae	Latimeria chalumnae	7897	YES	33756	35	33721	0	0	0	0.999	TRUE
TENT2_Homo_sapiens	XP_064410755.1	7897	Latimeria chalumnae	25.705	319	61	2.74e-20	94.4	poly(A) RNA polymerase, mitochondrial isoform X1 [Latimeria chalumnae]	Obazoa-Holozoa-Metazoa-Chordata-Sarcopterygii	Latimeria chalumnae	Latimeria chalumnae	7897	YES	33756	35	33721	0	0	0	0.999	TRUE
TENT2_Homo_sapiens	XP_005996422.1	7897	Latimeria chalumnae	21.104	308	61	2.8e-09	60.1	terminal nucleotidyltransferase 4B isoform X2 [Latimeria chalumnae]	Obazoa-Holozoa-Metazoa-Chordata-Sarcopterygii	Latimeria chalumnae	Latimeria chalumnae	7897	YES	33756	35	33721	0	0	0	0.999	TRUE
TENT2_Homo_sapiens	XP_046448491.1	6669	Daphnia pulex	41.194	335	67	1.78e-68	228	poly(A) RNA polymerase gld-2 homolog A-like isoform X5 [Daphnia pulex]	Obazoa-Holozoa-Metazoa-Protostomia-Ecdysozoa-Arthropoda-Crustacea	Daphnia pulex	Daphnia pulex	6669	YES	27978	13	27965	0	0	0	0.9995	TRUE
TENT2_Homo_sapiens	XP_046449361.1	6669	Daphnia pulex	33.449	287	66	1.23e-36	144	terminal uridylyltransferase 4-like [Daphnia pulex]	Obazoa-Holozoa-Metazoa-Protostomia-Ecdysozoa-Arthropoda-Crustacea	Daphnia pulex	Daphnia pulex	6669	YES	27978	13	27965	0	0	0	0.9995	TRUE
TENT2_Homo_sapiens	XP_046455837.1	6669	Daphnia pulex	25.347	288	54	6.07e-20	93.2	poly(A) RNA polymerase, mitochondrial-like [Daphnia pulex]	Obazoa-Holozoa-Metazoa-Protostomia-Ecdysozoa-Arthropoda-Crustacea	Daphnia pulex	Daphnia pulex	6669	YES	27978	13	27965	0	0	0	0.9995	TRUE
TENT2_Homo_sapiens	XP_046462442.1	6669	Daphnia pulex	26.667	300	56	8.79e-19	89.7	speckle targeted PIP5K1A-regulated poly(A) polymerase-like [Daphnia pulex]	Obazoa-Holozoa-Metazoa-Protostomia-Ecdysozoa-Arthropoda-Crustacea	Daphnia pulex	Daphnia pulex	6669	YES	27978	13	27965	0	0	0	0.9995	TRUE
TENT2_Homo_sapiens	XP_046448904.1	6669	Daphnia pulex	24.675	308	61	2.05e-16	81.6	terminal nucleotidyltransferase 4B-like [Daphnia pulex]	Obazoa-Holozoa-Metazoa-Protostomia-Ecdysozoa-Arthropoda-Crustacea	Daphnia pulex	Daphnia pulex	6669	YES	27978	13	27965	0	0	0	0.9995	TRUE
TENT2_Homo_sapiens	XP_016770423.1	7460	Apis mellifera	42.56	336	67	4.81e-71	238	poly(A) RNA polymerase gld-2 homolog A isoform X2 [Apis mellifera]	Obazoa-Holozoa-Metazoa-Protostomia-Ecdysozoa-Arthropoda-Insecta	Apis mellifera	Apis mellifera	7460	YES	23506	598	22895	0	13	0	0.974	TRUE
TENT2_Homo_sapiens	XP_026300859.1	7460	Apis mellifera	27.526	287	56	1.26e-22	100	poly(A) RNA polymerase, mitochondrial isoform X2 [Apis mellifera]	Obazoa-Holozoa-Metazoa-Protostomia-Ecdysozoa-Arthropoda-Insecta	Apis mellifera	Apis mellifera	7460	YES	23506	598	22895	0	13	0	0.974	TRUE
TENT2_Homo_sapiens	XP_026294736.1	7460	Apis mellifera	30.588	255	50	1.14e-21	98.6	speckle targeted PIP5K1A-regulated poly(A) polymerase isoform X2 [Apis mellifera]	Obazoa-Holozoa-Metazoa-Protostomia-Ecdysozoa-Arthropoda-Insecta	Apis mellifera	Apis mellifera	7460	YES	23506	598	22895	0	13	0	0.974	TRUE
TENT2_Homo_sapiens	XP_016772964.1	7460	Apis mellifera	23.86	285	56	1.41e-11	66.6	non-canonical poly(A) RNA polymerase PAPD5-like [Apis mellifera]	Obazoa-Holozoa-Metazoa-Protostomia-Ecdysozoa-Arthropoda-Insecta	Apis mellifera	Apis mellifera	7460	YES	23506	598	22895	0	13	0	0.974	TRUE
TENT2_Homo_sapiens	XP_004925449.2	7091	Bombyx mori	38.596	342	67	7.56e-54	187	poly(A) RNA polymerase gld-2 homolog A isoform X1 [Bombyx mori]	Obazoa-Holozoa-Metazoa-Protostomia-Ecdysozoa-Arthropoda-Insecta	Bombyx mori	Bombyx mori	7091	YES	28376	2402	25974	0	0	0	0.9154	TRUE
TENT2_Homo_sapiens	XP_037873064.1	7091	Bombyx mori	28.912	294	56	1.83e-23	103	poly(A) RNA polymerase, mitochondrial [Bombyx mori]	Obazoa-Holozoa-Metazoa-Protostomia-Ecdysozoa-Arthropoda-Insecta	Bombyx mori	Bombyx mori	7091	YES	28376	2402	25974	0	0	0	0.9154	TRUE
TENT2_Homo_sapiens	XP_004928356.1	7091	Bombyx mori	27.178	287	57	9.2e-18	86.7	speckle targeted PIP5K1A-regulated poly(A) polymerase [Bombyx mori]	Obazoa-Holozoa-Metazoa-Protostomia-Ecdysozoa-Arthropoda-Insecta	Bombyx mori	Bombyx mori	7091	YES	28376	2402	25974	0	0	0	0.9154	TRUE
TENT2_Homo_sapiens	XP_037873951.1	7091	Bombyx mori	24.823	282	56	1.95e-14	75.9	non-canonical poly(A) RNA polymerase protein Trf4-1 isoform X1 [Bombyx mori]	Obazoa-Holozoa-Metazoa-Protostomia-Ecdysozoa-Arthropoda-Insecta	Bombyx mori	Bombyx mori	7091	YES	28376	2402	25974	0	0	0	0.9154	TRUE
TENT2_Homo_sapiens	XP_004928359.1	7091	Bombyx mori	24.354	271	55	1.57e-09	60.1	terminal uridylyltransferase Tailor [Bombyx mori]	Obazoa-Holozoa-Metazoa-Protostomia-Ecdysozoa-Arthropoda-Insecta	Bombyx mori	Bombyx mori	7091	YES	28376	2402	25974	0	0	0	0.9154	TRUE
TENT2_Homo_sapiens	XP_029838900.2	6945	Ixodes scapularis	42.899	338	68	5.03e-76	247	poly(A) RNA polymerase gld-2 homolog A [Ixodes scapularis]	Obazoa-Holozoa-Metazoa-Protostomia-Ecdysozoa-Arthropoda-Chelicerata	Ixodes scapularis	Ixodes scapularis	6945	YES	34248	0	34235	0	13	0	0.9996	TRUE
TENT2_Homo_sapiens	XP_029828615.2	6945	Ixodes scapularis	32.107	299	58	2.33e-36	143	LOW QUALITY PROTEIN: terminal uridylyltransferase 7-like [Ixodes scapularis]	Obazoa-Holozoa-Metazoa-Protostomia-Ecdysozoa-Arthropoda-Chelicerata	Ixodes scapularis	Ixodes scapularis	6945	YES	34248	0	34235	0	13	0	0.9996	TRUE
TENT2_Homo_sapiens	XP_029826437.2	6945	Ixodes scapularis	31.269	323	63	5.26e-36	142	terminal uridylyltransferase 7 isoform X2 [Ixodes scapularis]	Obazoa-Holozoa-Metazoa-Protostomia-Ecdysozoa-Arthropoda-Chelicerata	Ixodes scapularis	Ixodes scapularis	6945	YES	34248	0	34235	0	13	0	0.9996	TRUE
TENT2_Homo_sapiens	XP_029826987.2	6945	Ixodes scapularis	26.974	304	58	1.55e-22	101	speckle targeted PIP5K1A-regulated poly(A) polymerase isoform X3 [Ixodes scapularis]	Obazoa-Holozoa-Metazoa-Protostomia-Ecdysozoa-Arthropoda-Chelicerata	Ixodes scapularis	Ixodes scapularis	6945	YES	34248	0	34235	0	13	0	0.9996	TRUE
TENT2_Homo_sapiens	XP_042148452.1	6945	Ixodes scapularis	29.787	188	37	1.63e-16	78.6	poly(A) RNA polymerase, mitochondrial [Ixodes scapularis]	Obazoa-Holozoa-Metazoa-Protostomia-Ecdysozoa-Arthropoda-Chelicerata	Ixodes scapularis	Ixodes scapularis	6945	YES	34248	0	34235	0	13	0	0.9996	TRUE
TENT2_Homo_sapiens	XP_040360272.1	6945	Ixodes scapularis	23.853	327	64	4.61e-15	77.4	terminal nucleotidyltransferase 4B isoform X4 [Ixodes scapularis]	Obazoa-Holozoa-Metazoa-Protostomia-Ecdysozoa-Arthropoda-Chelicerata	Ixodes scapularis	Ixodes scapularis	6945	YES	34248	0	34235	0	13	0	0.9996	TRUE
TENT2_Homo_sapiens	XP_042936366.1	6279	Brugia malayi	41.108	343	67	3.98e-65	227	Uncharacterized protein BM_BM7368 [Brugia malayi]	Obazoa-Holozoa-Metazoa-Protostomia-Ecdysozoa-Nematoda	Brugia malayi	Brugia malayi	6279	YES	14400	12	14388	0	0	0	0.9992	TRUE
TENT2_Homo_sapiens	XP_042930986.1	6279	Brugia malayi	33.136	338	67	1.15e-44	166	Uncharacterized protein BM_BM975 [Brugia malayi]	Obazoa-Holozoa-Metazoa-Protostomia-Ecdysozoa-Nematoda	Brugia malayi	Brugia malayi	6279	YES	14400	12	14388	0	0	0	0.9992	TRUE
TENT2_Homo_sapiens	XP_042933116.1	6279	Brugia malayi	32.721	272	55	1.71e-34	137	Uncharacterized protein BM_BM4985 [Brugia malayi]	Obazoa-Holozoa-Metazoa-Protostomia-Ecdysozoa-Nematoda	Brugia malayi	Brugia malayi	6279	YES	14400	12	14388	0	0	0	0.9992	TRUE
TENT2_Homo_sapiens	XP_001901178.1	6279	Brugia malayi	25.325	308	61	1.4e-16	80.9	Uncharacterized protein BM_BM7570 [Brugia malayi]	Obazoa-Holozoa-Metazoa-Protostomia-Ecdysozoa-Nematoda	Brugia malayi	Brugia malayi	6279	YES	14400	12	14388	0	0	0	0.9992	TRUE
TENT2_Homo_sapiens	XP_042937991.1	6279	Brugia malayi	23.704	270	51	5.3e-14	72.8	Uncharacterized protein BM_BM10556 [Brugia malayi]	Obazoa-Holozoa-Metazoa-Protostomia-Ecdysozoa-Nematoda	Brugia malayi	Brugia malayi	6279	YES	14400	12	14388	0	0	0	0.9992	TRUE
TENT2_Homo_sapiens	XP_014681435.1	37621	Priapulus caudatus	36.285	463	91	8.12e-80	257	PREDICTED: poly(A) RNA polymerase GLD2-like isoform X2 [Priapulus caudatus]	Obazoa-Holozoa-Metazoa-Protostomia-Ecdysozoa-Priapulida	Priapulus caudatus	Priapulus caudatus	37621	YES	20584	9	20562	0	13	0	0.9989	TRUE
TENT2_Homo_sapiens	XP_014681272.1	37621	Priapulus caudatus	26.844	339	61	3.88e-22	99.8	PREDICTED: speckle targeted PIP5K1A-regulated poly(A) polymerase-like isoform X4 [Priapulus caudatus]	Obazoa-Holozoa-Metazoa-Protostomia-Ecdysozoa-Priapulida	Priapulus caudatus	Priapulus caudatus	37621	YES	20584	9	20562	0	13	0	0.9989	TRUE
TENT2_Homo_sapiens	XP_014666353.1	37621	Priapulus caudatus	25.704	284	55	2.28e-18	87	PREDICTED: poly(A) RNA polymerase, mitochondrial-like isoform X2 [Priapulus caudatus]	Obazoa-Holozoa-Metazoa-Protostomia-Ecdysozoa-Priapulida	Priapulus caudatus	Priapulus caudatus	37621	YES	20584	9	20562	0	13	0	0.9989	TRUE
TENT2_Homo_sapiens	XP_014671434.1	37621	Priapulus caudatus	23.097	381	75	7.94e-16	79.3	PREDICTED: non-canonical poly(A) RNA polymerase PAPD5-like isoform X2 [Priapulus caudatus]	Obazoa-Holozoa-Metazoa-Protostomia-Ecdysozoa-Priapulida	Priapulus caudatus	Priapulus caudatus	37621	YES	20584	9	20562	0	13	0	0.9989	TRUE
TENT2_Homo_sapiens	XP_014664767.1	37621	Priapulus caudatus	33.333	147	43	3.01e-15	78.2	PREDICTED: uncharacterized protein LOC106807054 [Priapulus caudatus]	Obazoa-Holozoa-Metazoa-Protostomia-Ecdysozoa-Priapulida	Priapulus caudatus	Priapulus caudatus	37621	YES	20584	9	20562	0	13	0	0.9989	TRUE
TENT2_Homo_sapiens	XP_014664775.1	37621	Priapulus caudatus	23.81	252	49	8.96e-15	76.3	PREDICTED: terminal uridylyltransferase 4-like, partial [Priapulus caudatus]	Obazoa-Holozoa-Metazoa-Protostomia-Ecdysozoa-Priapulida	Priapulus caudatus	Priapulus caudatus	37621	YES	20584	9	20562	0	13	0	0.9989	TRUE
TENT2_Homo_sapiens	XP_009031038.1	6412	Helobdella robusta	44.156	308	62	2.14e-68	231	hypothetical protein HELRODRAFT_194626 [Helobdella robusta]	Obazoa-Holozoa-Metazoa-Protostomia-Spiralia-Annelida	Helobdella robusta	Helobdella robusta	6412	YES	23426	0	23426	0	0	0	1	TRUE
TENT2_Homo_sapiens	XP_009025333.1	6412	Helobdella robusta	36.316	380	71	9.97e-60	203	hypothetical protein HELRODRAFT_189101 [Helobdella robusta]	Obazoa-Holozoa-Metazoa-Protostomia-Spiralia-Annelida	Helobdella robusta	Helobdella robusta	6412	YES	23426	0	23426	0	0	0	1	TRUE
TENT2_Homo_sapiens	XP_009014086.1	6412	Helobdella robusta	27.362	307	58	2.74e-26	108	hypothetical protein HELRODRAFT_190956, partial [Helobdella robusta]	Obazoa-Holozoa-Metazoa-Protostomia-Spiralia-Annelida	Helobdella robusta	Helobdella robusta	6412	YES	23426	0	23426	0	0	0	1	TRUE
TENT2_Homo_sapiens	XP_009024588.1	6412	Helobdella robusta	32.278	158	30	4.83e-15	77.4	hypothetical protein HELRODRAFT_178225 [Helobdella robusta]	Obazoa-Holozoa-Metazoa-Protostomia-Spiralia-Annelida	Helobdella robusta	Helobdella robusta	6412	YES	23426	0	23426	0	0	0	1	TRUE
TENT2_Homo_sapiens	XP_009017211.1	6412	Helobdella robusta	24.436	266	54	1.65e-11	64.3	hypothetical protein HELRODRAFT_78854, partial [Helobdella robusta]	Obazoa-Holozoa-Metazoa-Protostomia-Spiralia-Annelida	Helobdella robusta	Helobdella robusta	6412	YES	23426	0	23426	0	0	0	1	TRUE
TENT2_Homo_sapiens	XP_009018282.1	6412	Helobdella robusta	23.913	230	47	3.46e-08	54.7	hypothetical protein HELRODRAFT_79937 [Helobdella robusta]	Obazoa-Holozoa-Metazoa-Protostomia-Spiralia-Annelida	Helobdella robusta	Helobdella robusta	6412	YES	23426	0	23426	0	0	0	1	TRUE
TENT2_Homo_sapiens	XP_009025290.1	6412	Helobdella robusta	22.26	292	60	8.47e-07	50.8	hypothetical protein HELRODRAFT_163054 [Helobdella robusta]	Obazoa-Holozoa-Metazoa-Protostomia-Spiralia-Annelida	Helobdella robusta	Helobdella robusta	6412	YES	23426	0	23426	0	0	0	1	TRUE
TENT2_Homo_sapiens	XP_009025577.1	6412	Helobdella robusta	32.759	116	21	7.21e-06	47	hypothetical protein HELRODRAFT_163469 [Helobdella robusta]	Obazoa-Holozoa-Metazoa-Protostomia-Spiralia-Annelida	Helobdella robusta	Helobdella robusta	6412	YES	23426	0	23426	0	0	0	1	TRUE
TENT2_Homo_sapiens	XP_009029456.1	6412	Helobdella robusta	29.915	117	24	1.87e-05	45.8	hypothetical protein HELRODRAFT_181405 [Helobdella robusta]	Obazoa-Holozoa-Metazoa-Protostomia-Spiralia-Annelida	Helobdella robusta	Helobdella robusta	6412	YES	23426	0	23426	0	0	0	1	TRUE
TENT2_Homo_sapiens	XP_009026895.1	6412	Helobdella robusta	24.155	207	41	3.68e-05	45.8	hypothetical protein HELRODRAFT_179844 [Helobdella robusta]	Obazoa-Holozoa-Metazoa-Protostomia-Spiralia-Annelida	Helobdella robusta	Helobdella robusta	6412	YES	23426	0	23426	0	0	0	1	TRUE
TENT2_Homo_sapiens	XP_009029455.1	6412	Helobdella robusta	22.436	156	27	0.000249	42.4	hypothetical protein HELRODRAFT_181404 [Helobdella robusta]	Obazoa-Holozoa-Metazoa-Protostomia-Spiralia-Annelida	Helobdella robusta	Helobdella robusta	6412	YES	23426	0	23426	0	0	0	1	TRUE
TENT2_Homo_sapiens	XP_013391307.1	7574	Lingula anatina	36.446	439	88	7.77e-71	236	poly(A) RNA polymerase GLD2-like [Lingula anatina]	Obazoa-Holozoa-Metazoa-Protostomia-Spiralia-Brachiopoda	Lingula anatina	Lingula anatina	7574	YES	41376	0	41363	0	13	0	0.9997	TRUE
TENT2_Homo_sapiens	XP_013417089.1	7574	Lingula anatina	31.293	294	64	2.18e-36	144	terminal uridylyltransferase 4 [Lingula anatina]	Obazoa-Holozoa-Metazoa-Protostomia-Spiralia-Brachiopoda	Lingula anatina	Lingula anatina	7574	YES	41376	0	41363	0	13	0	0.9997	TRUE
TENT2_Homo_sapiens	XP_013381617.1	7574	Lingula anatina	31.293	294	67	3.22e-36	143	terminal uridylyltransferase 4-like, partial [Lingula anatina]	Obazoa-Holozoa-Metazoa-Protostomia-Spiralia-Brachiopoda	Lingula anatina	Lingula anatina	7574	YES	41376	0	41363	0	13	0	0.9997	TRUE
TENT2_Homo_sapiens	XP_013384286.1	7574	Lingula anatina	26	350	62	8.71e-22	99.8	speckle targeted PIP5K1A-regulated poly(A) polymerase [Lingula anatina]	Obazoa-Holozoa-Metazoa-Protostomia-Spiralia-Brachiopoda	Lingula anatina	Lingula anatina	7574	YES	41376	0	41363	0	13	0	0.9997	TRUE
TENT2_Homo_sapiens	XP_013392206.2	7574	Lingula anatina	30.189	212	40	8.04e-18	87.4	speckle targeted PIP5K1A-regulated poly(A) polymerase-like [Lingula anatina]	Obazoa-Holozoa-Metazoa-Protostomia-Spiralia-Brachiopoda	Lingula anatina	Lingula anatina	7574	YES	41376	0	41363	0	13	0	0.9997	TRUE
TENT2_Homo_sapiens	XP_013392207.1	7574	Lingula anatina	26.882	279	55	5.82e-15	77	poly(A) RNA polymerase, mitochondrial-like [Lingula anatina]	Obazoa-Holozoa-Metazoa-Protostomia-Spiralia-Brachiopoda	Lingula anatina	Lingula anatina	7574	YES	41376	0	41363	0	13	0	0.9997	TRUE
TENT2_Homo_sapiens	XP_013392395.1	7574	Lingula anatina	22.819	298	60	1.48e-13	73.6	non-canonical poly(A) RNA polymerase PAPD5-like [Lingula anatina]	Obazoa-Holozoa-Metazoa-Protostomia-Spiralia-Brachiopoda	Lingula anatina	Lingula anatina	7574	YES	41376	0	41363	0	13	0	0.9997	TRUE
TENT2_Homo_sapiens	XP_013407419.1	7574	Lingula anatina	25.263	190	38	1.06e-09	61.6	zinc finger protein 862 [Lingula anatina]	Obazoa-Holozoa-Metazoa-Protostomia-Spiralia-Brachiopoda	Lingula anatina	Lingula anatina	7574	YES	41376	0	41363	0	13	0	0.9997	TRUE
TENT2_Homo_sapiens	XP_013384287.1	7574	Lingula anatina	34.783	69	14	0.013	38.1	uncharacterized protein LOC106154481 [Lingula anatina]	Obazoa-Holozoa-Metazoa-Protostomia-Spiralia-Brachiopoda	Lingula anatina	Lingula anatina	7574	YES	41376	0	41363	0	13	0	0.9997	TRUE
TENT2_Homo_sapiens	XP_064619134.1	88925	Lineus longissimus	38.298	423	83	3.62e-70	237	poly(A) RNA polymerase GLD2-like isoform X1 [Lineus longissimus]	Obazoa-Holozoa-Metazoa-Protostomia-Spiralia-Nemertea	Lineus longissimus	Lineus longissimus	88925	YES	34828	0	34828	0	0	0	1	TRUE
TENT2_Homo_sapiens	XP_064626816.1	88925	Lineus longissimus	32.414	290	64	2.15e-41	159	terminal uridylyltransferase 4-like isoform X2 [Lineus longissimus]	Obazoa-Holozoa-Metazoa-Protostomia-Spiralia-Nemertea	Lineus longissimus	Lineus longissimus	88925	YES	34828	0	34828	0	0	0	1	TRUE
TENT2_Homo_sapiens	XP_064644516.1	88925	Lineus longissimus	27.049	366	66	1.04e-20	96.3	speckle targeted PIP5K1A-regulated poly(A) polymerase-like isoform X2 [Lineus longissimus]	Obazoa-Holozoa-Metazoa-Protostomia-Spiralia-Nemertea	Lineus longissimus	Lineus longissimus	88925	YES	34828	0	34828	0	0	0	1	TRUE
TENT2_Homo_sapiens	XP_064644026.1	88925	Lineus longissimus	29.137	278	53	2.39e-19	91.7	poly(A) RNA polymerase, mitochondrial-like [Lineus longissimus]	Obazoa-Holozoa-Metazoa-Protostomia-Spiralia-Nemertea	Lineus longissimus	Lineus longissimus	88925	YES	34828	0	34828	0	0	0	1	TRUE
TENT2_Homo_sapiens	XP_064641316.1	88925	Lineus longissimus	22.642	318	63	3.1e-11	66.2	terminal nucleotidyltransferase 4A-like [Lineus longissimus]	Obazoa-Holozoa-Metazoa-Protostomia-Spiralia-Nemertea	Lineus longissimus	Lineus longissimus	88925	YES	34828	0	34828	0	0	0	1	TRUE
TENT2_Homo_sapiens	XP_018646614.1	6183	Schistosoma mansoni	40.533	338	67	2e-67	221	poly(A) polymerase cid (pap) (caffein-induced death protein), putative [Schistosoma mansoni]	Obazoa-Holozoa-Metazoa-Protostomia-Spiralia-Platyhelminthes	Schistosoma mansoni	Schistosoma mansoni	6183	YES	11679	12	11667	0	0	0	0.999	TRUE
TENT2_Homo_sapiens	XP_018649388.1	6183	Schistosoma mansoni	26.471	306	63	1.57e-17	84.7	putative zinc finger protein [Schistosoma mansoni]	Obazoa-Holozoa-Metazoa-Protostomia-Spiralia-Platyhelminthes	Schistosoma mansoni	Schistosoma mansoni	6183	YES	11679	12	11667	0	0	0	0.999	TRUE
TENT2_Homo_sapiens	XP_018654326.1	6183	Schistosoma mansoni	23.151	311	61	3.45e-12	67.4	hypothetical protein Smp_145600 [Schistosoma mansoni]	Obazoa-Holozoa-Metazoa-Protostomia-Spiralia-Platyhelminthes	Schistosoma mansoni	Schistosoma mansoni	6183	YES	11679	12	11667	0	0	0	0.999	TRUE
TENT2_Homo_sapiens	XP_018652643.1	6183	Schistosoma mansoni	50.794	63	12	6.61e-11	60.1	putative poly(A) polymerase cid (pap) (caffein-induced death protein) [Schistosoma mansoni]	Obazoa-Holozoa-Metazoa-Protostomia-Spiralia-Platyhelminthes	Schistosoma mansoni	Schistosoma mansoni	6183	YES	11679	12	11667	0	0	0	0.999	TRUE
TENT2_Homo_sapiens	XP_009050864.1	225164	Lottia gigantea	44.868	341	69	3.25e-85	265	hypothetical protein LOTGIDRAFT_64710, partial [Lottia gigantea]	Obazoa-Holozoa-Metazoa-Protostomia-Spiralia-Mollusca-Gastropoda	Lottia gigantea	Lottia gigantea	225164	YES	23822	0	23822	0	0	0	1	TRUE
TENT2_Homo_sapiens	XP_009066325.1	225164	Lottia gigantea	27.232	224	42	2.61e-20	94	hypothetical protein LOTGIDRAFT_236894 [Lottia gigantea]	Obazoa-Holozoa-Metazoa-Protostomia-Spiralia-Mollusca-Gastropoda	Lottia gigantea	Lottia gigantea	225164	YES	23822	0	23822	0	0	0	1	TRUE
TENT2_Homo_sapiens	XP_009047891.1	225164	Lottia gigantea	37.008	127	25	1.3e-17	81.3	hypothetical protein LOTGIDRAFT_111955, partial [Lottia gigantea]	Obazoa-Holozoa-Metazoa-Protostomia-Spiralia-Mollusca-Gastropoda	Lottia gigantea	Lottia gigantea	225164	YES	23822	0	23822	0	0	0	1	TRUE
TENT2_Homo_sapiens	XP_009066214.1	225164	Lottia gigantea	22.491	289	58	4.55e-13	70.5	hypothetical protein LOTGIDRAFT_134093 [Lottia gigantea]	Obazoa-Holozoa-Metazoa-Protostomia-Spiralia-Mollusca-Gastropoda	Lottia gigantea	Lottia gigantea	225164	YES	23822	0	23822	0	0	0	1	TRUE
TENT2_Homo_sapiens	XP_009047892.1	225164	Lottia gigantea	28.025	157	32	4.89e-11	60.5	hypothetical protein LOTGIDRAFT_111841, partial [Lottia gigantea]	Obazoa-Holozoa-Metazoa-Protostomia-Spiralia-Mollusca-Gastropoda	Lottia gigantea	Lottia gigantea	225164	YES	23822	0	23822	0	0	0	1	TRUE
TENT2_Homo_sapiens	XP_009066324.1	225164	Lottia gigantea	26.271	236	44	1.37e-10	62.8	hypothetical protein LOTGIDRAFT_236893 [Lottia gigantea]	Obazoa-Holozoa-Metazoa-Protostomia-Spiralia-Mollusca-Gastropoda	Lottia gigantea	Lottia gigantea	225164	YES	23822	0	23822	0	0	0	1	TRUE
TENT2_Homo_sapiens	XP_013063605.2	6526	Biomphalaria glabrata	39.86	429	87	8.88e-85	269	poly(A) RNA polymerase GLD2-like [Biomphalaria glabrata]	Obazoa-Holozoa-Metazoa-Protostomia-Spiralia-Mollusca-Gastropoda	Biomphalaria glabrata	Biomphalaria glabrata	6526	YES	53167	65	53102	0	0	0	0.9988	TRUE
TENT2_Homo_sapiens	XP_055886591.1	6526	Biomphalaria glabrata	32.812	256	60	8.32e-33	133	terminal uridylyltransferase 7-like isoform X4 [Biomphalaria glabrata]	Obazoa-Holozoa-Metazoa-Protostomia-Spiralia-Mollusca-Gastropoda	Biomphalaria glabrata	Biomphalaria glabrata	6526	YES	53167	65	53102	0	0	0	0.9988	TRUE
TENT2_Homo_sapiens	XP_055860704.1	6526	Biomphalaria glabrata	27.835	291	55	1.77e-24	107	poly(A) RNA polymerase, mitochondrial-like [Biomphalaria glabrata]	Obazoa-Holozoa-Metazoa-Protostomia-Spiralia-Mollusca-Gastropoda	Biomphalaria glabrata	Biomphalaria glabrata	6526	YES	53167	65	53102	0	0	0	0.9988	TRUE
TENT2_Homo_sapiens	XP_013075831.2	6526	Biomphalaria glabrata	25.085	295	59	1.27e-14	77.4	terminal nucleotidyltransferase 4A-like isoform X1 [Biomphalaria glabrata]	Obazoa-Holozoa-Metazoa-Protostomia-Spiralia-Mollusca-Gastropoda	Biomphalaria glabrata	Biomphalaria glabrata	6526	YES	53167	65	53102	0	0	0	0.9988	TRUE
TENT2_Homo_sapiens	XP_055859642.1	6526	Biomphalaria glabrata	22.973	296	55	1.09e-12	71.6	speckle targeted PIP5K1A-regulated poly(A) polymerase-like [Biomphalaria glabrata]	Obazoa-Holozoa-Metazoa-Protostomia-Spiralia-Mollusca-Gastropoda	Biomphalaria glabrata	Biomphalaria glabrata	6526	YES	53167	65	53102	0	0	0	0.9988	TRUE
TENT2_Homo_sapiens	XP_025077619.1	400727	Pomacea canaliculata	41.493	335	67	1.65e-73	239	poly(A) RNA polymerase GLD2-like [Pomacea canaliculata]	Obazoa-Holozoa-Metazoa-Protostomia-Spiralia-Mollusca-Gastropoda	Pomacea canaliculata	Pomacea canaliculata	400727	YES	40392	1	40378	0	13	0	0.9997	TRUE
TENT2_Homo_sapiens	XP_025109952.1	400727	Pomacea canaliculata	32.188	320	63	2.37e-41	159	terminal uridylyltransferase 7-like isoform X1 [Pomacea canaliculata]	Obazoa-Holozoa-Metazoa-Protostomia-Spiralia-Mollusca-Gastropoda	Pomacea canaliculata	Pomacea canaliculata	400727	YES	40392	1	40378	0	13	0	0.9997	TRUE
TENT2_Homo_sapiens	XP_025082763.1	400727	Pomacea canaliculata	24.926	337	66	9.35e-21	95.1	poly(A) RNA polymerase, mitochondrial-like isoform X2 [Pomacea canaliculata]	Obazoa-Holozoa-Metazoa-Protostomia-Spiralia-Mollusca-Gastropoda	Pomacea canaliculata	Pomacea canaliculata	400727	YES	40392	1	40378	0	13	0	0.9997	TRUE
TENT2_Homo_sapiens	XP_025115205.1	400727	Pomacea canaliculata	22.741	321	63	1.37e-11	67.4	non-canonical poly(A) RNA polymerase PAPD5-like isoform X2 [Pomacea canaliculata]	Obazoa-Holozoa-Metazoa-Protostomia-Spiralia-Mollusca-Gastropoda	Pomacea canaliculata	Pomacea canaliculata	400727	YES	40392	1	40378	0	13	0	0.9997	TRUE
TENT2_Homo_sapiens	XP_025083858.1	400727	Pomacea canaliculata	25.62	242	42	8.79e-10	61.2	speckle targeted PIP5K1A-regulated poly(A) polymerase-like isoform X2 [Pomacea canaliculata]	Obazoa-Holozoa-Metazoa-Protostomia-Spiralia-Mollusca-Gastropoda	Pomacea canaliculata	Pomacea canaliculata	400727	YES	40392	1	40378	0	13	0	0.9997	TRUE
TENT2_Homo_sapiens	XP_034323580.1	29159	Magallana gigas	40.798	326	66	2.47e-74	242	poly(A) RNA polymerase GLD2 [Magallana gigas]	Obazoa-Holozoa-Metazoa-Protostomia-Spiralia-Mollusca-Bivalvia	Magallana gigas	Magallana gigas	29159	YES	51078	159	50919	0	0	0	0.9969	TRUE
TENT2_Homo_sapiens	XP_065923441.1	29159	Magallana gigas	32.759	290	60	1.62e-41	160	terminal uridylyltransferase 4 isoform X1 [Magallana gigas]	Obazoa-Holozoa-Metazoa-Protostomia-Spiralia-Mollusca-Bivalvia	Magallana gigas	Magallana gigas	29159	YES	51078	159	50919	0	0	0	0.9969	TRUE
TENT2_Homo_sapiens	XP_011443992.3	29159	Magallana gigas	25.926	297	54	7.48e-20	94	speckle targeted PIP5K1A-regulated poly(A) polymerase [Magallana gigas]	Obazoa-Holozoa-Metazoa-Protostomia-Spiralia-Mollusca-Bivalvia	Magallana gigas	Magallana gigas	29159	YES	51078	159	50919	0	0	0	0.9969	TRUE
TENT2_Homo_sapiens	XP_011452105.3	29159	Magallana gigas	21.865	311	61	2.93e-11	67	terminal nucleotidyltransferase 4B [Magallana gigas]	Obazoa-Holozoa-Metazoa-Protostomia-Spiralia-Mollusca-Bivalvia	Magallana gigas	Magallana gigas	29159	YES	51078	159	50919	0	0	0	0.9969	TRUE
TENT2_Homo_sapiens	XP_011444007.3	29159	Magallana gigas	22.945	292	59	2.48e-08	57.4	terminal uridylyltransferase 7 [Magallana gigas]	Obazoa-Holozoa-Metazoa-Protostomia-Spiralia-Mollusca-Bivalvia	Magallana gigas	Magallana gigas	29159	YES	51078	159	50919	0	0	0	0.9969	TRUE
TENT2_Homo_sapiens	XP_014780906.1	37653	Octopus bimaculoides	42.74	365	70	1.83e-77	250	poly(A) RNA polymerase GLD2 [Octopus bimaculoides]	Obazoa-Holozoa-Metazoa-Protostomia-Spiralia-Mollusca-Cephalopoda	Octopus bimaculoides	Octopus bimaculoides	37653	YES	29034	3	29018	0	13	0	0.9994	TRUE
TENT2_Homo_sapiens	XP_052832076.1	37653	Octopus bimaculoides	32.443	262	68	4.36e-32	130	terminal uridylyltransferase 4-like [Octopus bimaculoides]	Obazoa-Holozoa-Metazoa-Protostomia-Spiralia-Mollusca-Cephalopoda	Octopus bimaculoides	Octopus bimaculoides	37653	YES	29034	3	29018	0	13	0	0.9994	TRUE
TENT2_Homo_sapiens	XP_014790674.1	37653	Octopus bimaculoides	28.963	328	59	3.23e-28	118	speckle targeted PIP5K1A-regulated poly(A) polymerase [Octopus bimaculoides]	Obazoa-Holozoa-Metazoa-Protostomia-Spiralia-Mollusca-Cephalopoda	Octopus bimaculoides	Octopus bimaculoides	37653	YES	29034	3	29018	0	13	0	0.9994	TRUE
TENT2_Homo_sapiens	XP_014775237.1	37653	Octopus bimaculoides	26.727	333	64	6.93e-23	101	poly(A) RNA polymerase, mitochondrial isoform X2 [Octopus bimaculoides]	Obazoa-Holozoa-Metazoa-Protostomia-Spiralia-Mollusca-Cephalopoda	Octopus bimaculoides	Octopus bimaculoides	37653	YES	29034	3	29018	0	13	0	0.9994	TRUE
TENT2_Homo_sapiens	XP_052822962.1	37653	Octopus bimaculoides	22.917	288	57	3.36e-11	65.5	terminal nucleotidyltransferase 4A [Octopus bimaculoides]	Obazoa-Holozoa-Metazoa-Protostomia-Spiralia-Mollusca-Cephalopoda	Octopus bimaculoides	Octopus bimaculoides	37653	YES	29034	3	29018	0	13	0	0.9994	TRUE
TENT2_Homo_sapiens	XP_002678238.1	5762	Naegleria gruberi	25.659	417	71	5.41e-29	119	caffeine-induced death protein 1 [Naegleria gruberi]	Discoba-Heterolobosea	Naegleria gruberi	Naegleria gruberi	5762	YES	15757	46	15711	0	0	0	0.9971	TRUE
TENT2_Homo_sapiens	XP_002669192.1	5762	Naegleria gruberi	26.685	371	63	2.24e-19	91.3	ribonuclease II family protein [Naegleria gruberi]	Discoba-Heterolobosea	Naegleria gruberi	Naegleria gruberi	5762	YES	15757	46	15711	0	0	0	0.9971	TRUE
TENT2_Homo_sapiens	XP_002676756.1	5762	Naegleria gruberi	22.302	278	55	5.44e-06	48.1	uncharacterized protein NAEGRDRAFT_68066 [Naegleria gruberi]	Discoba-Heterolobosea	Naegleria gruberi	Naegleria gruberi	5762	YES	15757	46	15711	0	0	0	0.9971	TRUE
TENT2_Homo_sapiens	XP_011774464.1	679716	Trypanosoma brucei gambiense DAL972	27.064	218	41	1.94e-12	67.4	RNA editing 3' terminal uridylyl transferase 2 [Trypanosoma brucei gambiense DAL972]	Discoba-Euglenozoa	Trypanosoma brucei	Trypanosoma brucei gambiense DAL972	679716	YES	9822	0	9822	0	0	0	1	TRUE
TENT2_Homo_sapiens	XP_011771313.1	679716	Trypanosoma brucei gambiense DAL972	23.874	222	44	9.28e-12	65.1	hypothetical protein, conserved [Trypanosoma brucei gambiense DAL972]	Discoba-Euglenozoa	Trypanosoma brucei	Trypanosoma brucei gambiense DAL972	679716	YES	9822	0	9822	0	0	0	1	TRUE
TENT2_Homo_sapiens	XP_011774797.1	679716	Trypanosoma brucei gambiense DAL972	29.73	148	28	1.63e-11	65.1	KRET1 [Trypanosoma brucei gambiense DAL972]	Discoba-Euglenozoa	Trypanosoma brucei	Trypanosoma brucei gambiense DAL972	679716	YES	9822	0	9822	0	0	0	1	TRUE
TENT2_Homo_sapiens	XP_011775392.1	679716	Trypanosoma brucei gambiense DAL972	24.828	290	59	2.9e-11	64.3	DNA polymerase sigma, putative [Trypanosoma brucei gambiense DAL972]	Discoba-Euglenozoa	Trypanosoma brucei	Trypanosoma brucei gambiense DAL972	679716	YES	9822	0	9822	0	0	0	1	TRUE
TENT2_Homo_sapiens	XP_011777192.1	679716	Trypanosoma brucei gambiense DAL972	22.581	279	52	6.25e-10	59.3	hypothetical protein, conserved [Trypanosoma brucei gambiense DAL972]	Discoba-Euglenozoa	Trypanosoma brucei	Trypanosoma brucei gambiense DAL972	679716	YES	9822	0	9822	0	0	0	1	TRUE
TENT2_Homo_sapiens	XP_011780900.1	679716	Trypanosoma brucei gambiense DAL972	26.165	279	52	9.44e-10	58.5	poly(A) polymerase, putative [Trypanosoma brucei gambiense DAL972]	Discoba-Euglenozoa	Trypanosoma brucei	Trypanosoma brucei gambiense DAL972	679716	YES	9822	0	9822	0	0	0	1	TRUE
TENT2_Homo_sapiens	XP_011778071.1	679716	Trypanosoma brucei gambiense DAL972	26.168	214	38	1.33e-09	58.9	terminal uridylyltransferase 3, putative [Trypanosoma brucei gambiense DAL972]	Discoba-Euglenozoa	Trypanosoma brucei	Trypanosoma brucei gambiense DAL972	679716	YES	9822	0	9822	0	0	0	1	TRUE
TENT2_Homo_sapiens	XP_011780052.1	679716	Trypanosoma brucei gambiense DAL972	25.581	129	26	1.35e-06	49.3	hypothetical protein, conserved [Trypanosoma brucei gambiense DAL972]	Discoba-Euglenozoa	Trypanosoma brucei	Trypanosoma brucei gambiense DAL972	679716	YES	9822	0	9822	0	0	0	1	TRUE
TENT2_Homo_sapiens	XP_001687695.1	347515	Leishmania major strain Friedlin	31.973	147	29	1.47e-14	75.1	RNA editing 3' terminal uridylyl transferase 1 [Leishmania major strain Friedlin]	Discoba-Euglenozoa	Leishmania major	Leishmania major strain Friedlin	347515	YES	8316	0	8316	0	0	0	1	TRUE
TENT2_Homo_sapiens	XP_001685568.1	347515	Leishmania major strain Friedlin	22.876	306	56	1.25e-12	67.8	conserved hypothetical protein [Leishmania major strain Friedlin]	Discoba-Euglenozoa	Leishmania major	Leishmania major strain Friedlin	347515	YES	8316	0	8316	0	0	0	1	TRUE
TENT2_Homo_sapiens	XP_001683139.1	347515	Leishmania major strain Friedlin	25.726	241	46	2.55e-12	67	putative RNA polymerase II [Leishmania major strain Friedlin]	Discoba-Euglenozoa	Leishmania major	Leishmania major strain Friedlin	347515	YES	8316	0	8316	0	0	0	1	TRUE
TENT2_Homo_sapiens	XP_001682818.1	347515	Leishmania major strain Friedlin	26.872	227	44	1.47e-11	64.7	conserved hypothetical protein [Leishmania major strain Friedlin]	Discoba-Euglenozoa	Leishmania major	Leishmania major strain Friedlin	347515	YES	8316	0	8316	0	0	0	1	TRUE
TENT2_Homo_sapiens	XP_001682729.1	347515	Leishmania major strain Friedlin	27.66	141	29	8.06e-11	63.2	conserved hypothetical protein [Leishmania major strain Friedlin]	Discoba-Euglenozoa	Leishmania major	Leishmania major strain Friedlin	347515	YES	8316	0	8316	0	0	0	1	TRUE
TENT2_Homo_sapiens	XP_001684056.2	347515	Leishmania major strain Friedlin	28.049	164	34	3.34e-10	60.8	DNA polymerase sigma-like protein [Leishmania major strain Friedlin]	Discoba-Euglenozoa	Leishmania major	Leishmania major strain Friedlin	347515	YES	8316	0	8316	0	0	0	1	TRUE
TENT2_Homo_sapiens	XP_001680977.1	347515	Leishmania major strain Friedlin	24.87	193	39	1.41e-09	59.3	topoisomerase-related function protein-like protein [Leishmania major strain Friedlin]	Discoba-Euglenozoa	Leishmania major	Leishmania major strain Friedlin	347515	YES	8316	0	8316	0	0	0	1	TRUE
TENT2_Homo_sapiens	XP_001684046.2	347515	Leishmania major strain Friedlin	26.562	192	36	3.56e-09	57.4	RET2, RNA editing complex MP57 [Leishmania major strain Friedlin]	Discoba-Euglenozoa	Leishmania major	Leishmania major strain Friedlin	347515	YES	8316	0	8316	0	0	0	1	TRUE
TENT2_Homo_sapiens	XP_001684357.1	347515	Leishmania major strain Friedlin	25	196	37	1.88e-06	48.9	RNA polymerase I [Leishmania major strain Friedlin]	Discoba-Euglenozoa	Leishmania major	Leishmania major strain Friedlin	347515	YES	8316	0	8316	0	0	0	1	TRUE
TENT2_Homo_sapiens	XP_888584.1	347515	Leishmania major strain Friedlin	25.243	103	21	0.005	38.5	conserved hypothetical protein [Leishmania major strain Friedlin]	Discoba-Euglenozoa	Leishmania major	Leishmania major strain Friedlin	347515	YES	8316	0	8316	0	0	0	1	TRUE
TENT2_Homo_sapiens	XP_015665206.1	157538	Leptomonas pyrrhocoris	27.778	198	41	2.58e-13	70.9	putative mitochondrial DNA polymerase sigma-like protein [Leptomonas pyrrhocoris]	Discoba-Euglenozoa	Leptomonas pyrrhocoris	Leptomonas pyrrhocoris	157538	YES	13893	0	13893	0	0	0	1	TRUE
TENT2_Homo_sapiens	XP_015655729.1	157538	Leptomonas pyrrhocoris	30.612	147	29	8.9e-13	69.7	putative mitochondrial RNA editing 3' terminal uridylyl transferase 1 [Leptomonas pyrrhocoris]	Discoba-Euglenozoa	Leptomonas pyrrhocoris	Leptomonas pyrrhocoris	157538	YES	13893	0	13893	0	0	0	1	TRUE
TENT2_Homo_sapiens	XP_015656841.1	157538	Leptomonas pyrrhocoris	29.801	151	30	1.98e-12	67.4	putative mitochondrial RNA polymerase II [Leptomonas pyrrhocoris]	Discoba-Euglenozoa	Leptomonas pyrrhocoris	Leptomonas pyrrhocoris	157538	YES	13893	0	13893	0	0	0	1	TRUE
TENT2_Homo_sapiens	XP_015663277.1	157538	Leptomonas pyrrhocoris	24.434	221	40	6.58e-12	65.5	putative mitochondrial poly(A) polymerase [Leptomonas pyrrhocoris]	Discoba-Euglenozoa	Leptomonas pyrrhocoris	Leptomonas pyrrhocoris	157538	YES	13893	0	13893	0	0	0	1	TRUE
TENT2_Homo_sapiens	XP_015661360.1	157538	Leptomonas pyrrhocoris	28.667	150	29	2.12e-10	62	putative mitochondrial terminal uridylyltransferase 3, putative (TUT3) [Leptomonas pyrrhocoris]	Discoba-Euglenozoa	Leptomonas pyrrhocoris	Leptomonas pyrrhocoris	157538	YES	13893	0	13893	0	0	0	1	TRUE
TENT2_Homo_sapiens	XP_015653778.1	157538	Leptomonas pyrrhocoris	24.889	225	44	3.05e-10	60.8	putative mitochondrial Mitochondrial Editosome-like Complex TUTase (MEAT1) [Leptomonas pyrrhocoris]	Discoba-Euglenozoa	Leptomonas pyrrhocoris	Leptomonas pyrrhocoris	157538	YES	13893	0	13893	0	0	0	1	TRUE
TENT2_Homo_sapiens	XP_015665185.1	157538	Leptomonas pyrrhocoris	24.186	215	40	5.17e-09	57	putative mitochondrial RNA editing 3' terminal uridylyl transferase 2 [Leptomonas pyrrhocoris]	Discoba-Euglenozoa	Leptomonas pyrrhocoris	Leptomonas pyrrhocoris	157538	YES	13893	0	13893	0	0	0	1	TRUE
TENT2_Homo_sapiens	XP_015652739.1	157538	Leptomonas pyrrhocoris	24.607	191	39	2.86e-08	55.1	topoisomerase-related function protein-like protein [Leptomonas pyrrhocoris]	Discoba-Euglenozoa	Leptomonas pyrrhocoris	Leptomonas pyrrhocoris	157538	YES	13893	0	13893	0	0	0	1	TRUE
TENT2_Homo_sapiens	XP_015663902.1	157538	Leptomonas pyrrhocoris	27.66	141	29	7.99e-08	53.5	putative mitochondrial kinetoplast poly(A) polymerase 1 [Leptomonas pyrrhocoris]	Discoba-Euglenozoa	Leptomonas pyrrhocoris	Leptomonas pyrrhocoris	157538	YES	13893	0	13893	0	0	0	1	TRUE
TENT2_Homo_sapiens	XP_015653964.1	157538	Leptomonas pyrrhocoris	27.174	92	19	0.000128	43.5	hypothetical protein ABB37_08417 [Leptomonas pyrrhocoris]	Discoba-Euglenozoa	Leptomonas pyrrhocoris	Leptomonas pyrrhocoris	157538	YES	13893	0	13893	0	0	0	1	TRUE
TENT2_Homo_sapiens	XP_002183822.1	556484	Phaeodactylum tricornutum CCAP 1055/1	26.893	383	61	4.75e-22	98.6	predicted protein [Phaeodactylum tricornutum CCAP 1055/1]	SAR-Stramenopila	Phaeodactylum tricornutum	Phaeodactylum tricornutum CCAP 1055/1	556484	YES	10408	0	10408	0	0	0	1	TRUE
TENT2_Homo_sapiens	XP_002182622.1	556484	Phaeodactylum tricornutum CCAP 1055/1	24.399	291	52	1.73e-15	77.4	predicted protein [Phaeodactylum tricornutum CCAP 1055/1]	SAR-Stramenopila	Phaeodactylum tricornutum	Phaeodactylum tricornutum CCAP 1055/1	556484	YES	10408	0	10408	0	0	0	1	TRUE
TENT2_Homo_sapiens	XP_002185169.1	556484	Phaeodactylum tricornutum CCAP 1055/1	23.985	271	54	3.08e-10	60.5	predicted protein [Phaeodactylum tricornutum CCAP 1055/1]	SAR-Stramenopila	Phaeodactylum tricornutum	Phaeodactylum tricornutum CCAP 1055/1	556484	YES	10408	0	10408	0	0	0	1	TRUE
TENT2_Homo_sapiens	XP_002182621.1	556484	Phaeodactylum tricornutum CCAP 1055/1	34.783	69	14	5.8e-10	54.3	predicted protein, partial [Phaeodactylum tricornutum CCAP 1055/1]	SAR-Stramenopila	Phaeodactylum tricornutum	Phaeodactylum tricornutum CCAP 1055/1	556484	YES	10408	0	10408	0	0	0	1	TRUE
TENT2_Homo_sapiens	XP_002181176.1	556484	Phaeodactylum tricornutum CCAP 1055/1	24.138	290	57	1.53e-08	55.8	predicted protein [Phaeodactylum tricornutum CCAP 1055/1]	SAR-Stramenopila	Phaeodactylum tricornutum	Phaeodactylum tricornutum CCAP 1055/1	556484	YES	10408	0	10408	0	0	0	1	TRUE
TENT2_Homo_sapiens	XP_002296066.1	296543	Thalassiosira pseudonana CCMP1335	39.13	69	14	2.53e-11	58.2	predicted protein, partial [Thalassiosira pseudonana CCMP1335]	SAR-Stramenopila	Thalassiosira pseudonana	Thalassiosira pseudonana CCMP1335	296543	YES	11673	0	11673	0	0	0	1	TRUE
TENT2_Homo_sapiens	XP_002296060.1	296543	Thalassiosira pseudonana CCMP1335	23.684	152	31	0.000113	43.5	predicted protein [Thalassiosira pseudonana CCMP1335]	SAR-Stramenopila	Thalassiosira pseudonana	Thalassiosira pseudonana CCMP1335	296543	YES	11673	0	11673	0	0	0	1	TRUE
TENT2_Homo_sapiens	XP_002999251.1	403677	Phytophthora infestans T30-4	28.228	333	66	3.26e-33	131	Poly(A) polymerase, putative [Phytophthora infestans T30-4]	SAR-Stramenopila	Phytophthora infestans	Phytophthora infestans T30-4	403677	YES	17797	0	17797	0	0	0	1	TRUE
TENT2_Homo_sapiens	XP_002901367.1	403677	Phytophthora infestans T30-4	31.847	314	55	3.62e-27	114	uncharacterized protein PITG_11888 [Phytophthora infestans T30-4]	SAR-Stramenopila	Phytophthora infestans	Phytophthora infestans T30-4	403677	YES	17797	0	17797	0	0	0	1	TRUE
TENT2_Homo_sapiens	XP_002998992.1	403677	Phytophthora infestans T30-4	36.364	165	31	1.54e-21	97.4	Poly(A) polymerase, putative [Phytophthora infestans T30-4]	SAR-Stramenopila	Phytophthora infestans	Phytophthora infestans T30-4	403677	YES	17797	0	17797	0	0	0	1	TRUE
TENT2_Homo_sapiens	XP_002896602.1	403677	Phytophthora infestans T30-4	28	300	55	1.36e-18	88.2	uncharacterized protein PITG_17746 [Phytophthora infestans T30-4]	SAR-Stramenopila	Phytophthora infestans	Phytophthora infestans T30-4	403677	YES	17797	0	17797	0	0	0	1	TRUE
TENT2_Homo_sapiens	XP_002907686.1	403677	Phytophthora infestans T30-4	26.866	201	39	1.79e-11	65.5	uncharacterized protein PITG_02794 [Phytophthora infestans T30-4]	SAR-Stramenopila	Phytophthora infestans	Phytophthora infestans T30-4	403677	YES	17797	0	17797	0	0	0	1	TRUE
TENT2_Homo_sapiens	XP_002997731.1	403677	Phytophthora infestans T30-4	24.02	204	40	6.3e-10	60.5	Poly(A) RNA polymerase, putative [Phytophthora infestans T30-4]	SAR-Stramenopila	Phytophthora infestans	Phytophthora infestans T30-4	403677	YES	17797	0	17797	0	0	0	1	TRUE
TENT2_Homo_sapiens	XP_002897974.1	403677	Phytophthora infestans T30-4	24.809	262	43	4.89e-06	48.1	uncharacterized protein PITG_15695 [Phytophthora infestans T30-4]	SAR-Stramenopila	Phytophthora infestans	Phytophthora infestans T30-4	403677	YES	17797	0	17797	0	0	0	1	TRUE
TENT2_Homo_sapiens	XP_002904890.1	403677	Phytophthora infestans T30-4	29.771	131	24	1.82e-05	46.6	uncharacterized protein PITG_06913 [Phytophthora infestans T30-4]	SAR-Stramenopila	Phytophthora infestans	Phytophthora infestans T30-4	403677	YES	17797	0	17797	0	0	0	1	TRUE
TENT2_Homo_sapiens	XP_002899510.1	403677	Phytophthora infestans T30-4	30.208	96	18	0.007	37.4	uncharacterized protein PITG_13830 [Phytophthora infestans T30-4]	SAR-Stramenopila	Phytophthora infestans	Phytophthora infestans T30-4	403677	YES	17797	0	17797	0	0	0	1	TRUE
TENT2_Homo_sapiens	XP_002896727.1	403677	Phytophthora infestans T30-4	36.486	74	10	0.068	35	dynein heavy chain [Phytophthora infestans T30-4]	SAR-Stramenopila	Phytophthora infestans	Phytophthora infestans T30-4	403677	YES	17797	0	17797	0	0	0	1	TRUE
TENT2_Homo_sapiens	XP_001012854.1	312017	Tetrahymena thermophila SB210	23.551	276	49	5.35e-11	65.1	RNA-dependent RNA polymerase-associated nucleotidyltransferase [Tetrahymena thermophila SB210]	SAR-Alveolata	Tetrahymena thermophila	Tetrahymena thermophila SB210	312017	YES	26996	0	26996	0	0	0	1	TRUE
TENT2_Homo_sapiens	XP_001012858.2	312017	Tetrahymena thermophila SB210	22.848	302	52	2.28e-09	59.7	RNA-dependent RNA polymerase-associated nucleotidyltransferase [Tetrahymena thermophila SB210]	SAR-Alveolata	Tetrahymena thermophila	Tetrahymena thermophila SB210	312017	YES	26996	0	26996	0	0	0	1	TRUE
TENT2_Homo_sapiens	XP_001029623.2	312017	Tetrahymena thermophila SB210	24.103	195	38	2.08e-08	57	nucleotidyltransferase domain protein, partial [Tetrahymena thermophila SB210]	SAR-Alveolata	Tetrahymena thermophila	Tetrahymena thermophila SB210	312017	YES	26996	0	26996	0	0	0	1	TRUE
TENT2_Homo_sapiens	XP_001017236.3	312017	Tetrahymena thermophila SB210	39.286	56	12	5.31e-06	49.3	nucleotidyltransferase domain protein [Tetrahymena thermophila SB210]	SAR-Alveolata	Tetrahymena thermophila	Tetrahymena thermophila SB210	312017	YES	26996	0	26996	0	0	0	1	TRUE
TENT2_Homo_sapiens	XP_001027646.3	312017	Tetrahymena thermophila SB210	27.711	83	17	0.000452	42.7	chitinase class I family protein [Tetrahymena thermophila SB210]	SAR-Alveolata	Tetrahymena thermophila	Tetrahymena thermophila SB210	312017	YES	26996	0	26996	0	0	0	1	TRUE
TENT2_Homo_sapiens	XP_001430679.1	5888	Paramecium tetraurelia	35.542	166	33	7.3e-18	85.1	uncharacterized protein GSPATT00033134001 [Paramecium tetraurelia]	SAR-Alveolata	Paramecium tetraurelia	Paramecium tetraurelia	5888	YES	39642	0	39642	0	0	0	1	TRUE
TENT2_Homo_sapiens	XP_001452853.1	5888	Paramecium tetraurelia	29.448	163	33	2.66e-15	77.4	uncharacterized protein GSPATT00002857001 [Paramecium tetraurelia]	SAR-Alveolata	Paramecium tetraurelia	Paramecium tetraurelia	5888	YES	39642	0	39642	0	0	0	1	TRUE
TENT2_Homo_sapiens	XP_001460964.1	5888	Paramecium tetraurelia	29.487	156	32	1.92e-14	75.5	uncharacterized protein GSPATT00025911001 [Paramecium tetraurelia]	SAR-Alveolata	Paramecium tetraurelia	Paramecium tetraurelia	5888	YES	39642	0	39642	0	0	0	1	TRUE
TENT2_Homo_sapiens	XP_001460016.1	5888	Paramecium tetraurelia	29.814	161	32	8.74e-13	69.7	uncharacterized protein GSPATT00025353001 [Paramecium tetraurelia]	SAR-Alveolata	Paramecium tetraurelia	Paramecium tetraurelia	5888	YES	39642	0	39642	0	0	0	1	TRUE
TENT2_Homo_sapiens	XP_001452852.1	5888	Paramecium tetraurelia	29.139	151	29	2.64e-12	68.6	uncharacterized protein GSPATT00002856001 [Paramecium tetraurelia]	SAR-Alveolata	Paramecium tetraurelia	Paramecium tetraurelia	5888	YES	39642	0	39642	0	0	0	1	TRUE
TENT2_Homo_sapiens	XP_001423802.1	5888	Paramecium tetraurelia	25.301	166	34	1.34e-08	57	uncharacterized protein GSPATT00004498001 [Paramecium tetraurelia]	SAR-Alveolata	Paramecium tetraurelia	Paramecium tetraurelia	5888	YES	39642	0	39642	0	0	0	1	TRUE
TENT2_Homo_sapiens	XP_001459083.1	5888	Paramecium tetraurelia	21.449	345	71	3.47e-08	55.8	uncharacterized protein GSPATT00024416001 [Paramecium tetraurelia]	SAR-Alveolata	Paramecium tetraurelia	Paramecium tetraurelia	5888	YES	39642	0	39642	0	0	0	1	TRUE
TENT2_Homo_sapiens	XP_001452417.1	5888	Paramecium tetraurelia	25.301	166	34	5.26e-08	55.1	uncharacterized protein GSPATT00019202001 [Paramecium tetraurelia]	SAR-Alveolata	Paramecium tetraurelia	Paramecium tetraurelia	5888	YES	39642	0	39642	0	0	0	1	TRUE
TENT2_Homo_sapiens	XP_001448621.1	5888	Paramecium tetraurelia	21.034	290	59	3.58e-07	52.4	uncharacterized protein GSPATT00016065001 [Paramecium tetraurelia]	SAR-Alveolata	Paramecium tetraurelia	Paramecium tetraurelia	5888	YES	39642	0	39642	0	0	0	1	TRUE
TENT2_Homo_sapiens	XP_001425382.1	5888	Paramecium tetraurelia	24.39	123	25	9.93e-05	45.1	uncharacterized protein GSPATT00029019001 [Paramecium tetraurelia]	SAR-Alveolata	Paramecium tetraurelia	Paramecium tetraurelia	5888	YES	39642	0	39642	0	0	0	1	TRUE
TENT2_Homo_sapiens	XP_001451220.1	5888	Paramecium tetraurelia	36.842	57	12	0.000252	43.5	uncharacterized protein GSPATT00018140001 [Paramecium tetraurelia]	SAR-Alveolata	Paramecium tetraurelia	Paramecium tetraurelia	5888	YES	39642	0	39642	0	0	0	1	TRUE
TENT2_Homo_sapiens	XP_001451221.1	5888	Paramecium tetraurelia	24	125	25	0.000381	43.5	uncharacterized protein GSPATT00018141001 [Paramecium tetraurelia]	SAR-Alveolata	Paramecium tetraurelia	Paramecium tetraurelia	5888	YES	39642	0	39642	0	0	0	1	TRUE
TENT2_Homo_sapiens	XP_001442862.1	5888	Paramecium tetraurelia	23.418	158	33	0.001	42	uncharacterized protein GSPATT00011097001 [Paramecium tetraurelia]	SAR-Alveolata	Paramecium tetraurelia	Paramecium tetraurelia	5888	YES	39642	0	39642	0	0	0	1	TRUE
TENT2_Homo_sapiens	XP_001459703.1	5888	Paramecium tetraurelia	22.84	162	32	0.001	41.6	uncharacterized protein GSPATT00025039001 [Paramecium tetraurelia]	SAR-Alveolata	Paramecium tetraurelia	Paramecium tetraurelia	5888	YES	39642	0	39642	0	0	0	1	TRUE
TENT2_Homo_sapiens	XP_001443375.1	5888	Paramecium tetraurelia	23.846	130	27	0.002	41.2	uncharacterized protein GSPATT00011579001 [Paramecium tetraurelia]	SAR-Alveolata	Paramecium tetraurelia	Paramecium tetraurelia	5888	YES	39642	0	39642	0	0	0	1	TRUE
TENT2_Homo_sapiens	XP_001434507.1	5888	Paramecium tetraurelia	23.457	162	32	0.002	41.2	uncharacterized protein GSPATT00036244001 [Paramecium tetraurelia]	SAR-Alveolata	Paramecium tetraurelia	Paramecium tetraurelia	5888	YES	39642	0	39642	0	0	0	1	TRUE
TENT2_Homo_sapiens	XP_001430066.1	5888	Paramecium tetraurelia	23.643	258	50	0.006	39.7	uncharacterized protein GSPATT00032520001 [Paramecium tetraurelia]	SAR-Alveolata	Paramecium tetraurelia	Paramecium tetraurelia	5888	YES	39642	0	39642	0	0	0	1	TRUE
TENT2_Homo_sapiens	XP_001433196.1	5888	Paramecium tetraurelia	22.881	118	24	0.014	38.5	uncharacterized protein GSPATT00006298001 [Paramecium tetraurelia]	SAR-Alveolata	Paramecium tetraurelia	Paramecium tetraurelia	5888	YES	39642	0	39642	0	0	0	1	TRUE
TENT2_Homo_sapiens	XP_001441685.1	5888	Paramecium tetraurelia	26.506	83	16	0.018	38.1	uncharacterized protein GSPATT00010487001 [Paramecium tetraurelia]	SAR-Alveolata	Paramecium tetraurelia	Paramecium tetraurelia	5888	YES	39642	0	39642	0	0	0	1	TRUE
TENT2_Homo_sapiens	XP_001431836.1	5888	Paramecium tetraurelia	23.077	156	31	0.019	38.1	uncharacterized protein GSPATT00033914001 [Paramecium tetraurelia]	SAR-Alveolata	Paramecium tetraurelia	Paramecium tetraurelia	5888	YES	39642	0	39642	0	0	0	1	TRUE
TENT2_Homo_sapiens	XP_001444228.1	5888	Paramecium tetraurelia	26.506	83	16	0.054	36.6	uncharacterized protein GSPATT00012355001 [Paramecium tetraurelia]	SAR-Alveolata	Paramecium tetraurelia	Paramecium tetraurelia	5888	YES	39642	0	39642	0	0	0	1	TRUE
TENT2_Homo_sapiens	XP_001453418.1	5888	Paramecium tetraurelia	26.506	83	16	0.063	36.2	uncharacterized protein GSPATT00019725001 [Paramecium tetraurelia]	SAR-Alveolata	Paramecium tetraurelia	Paramecium tetraurelia	5888	YES	39642	0	39642	0	0	0	1	TRUE
TENT2_Homo_sapiens	XP_001440709.1	5888	Paramecium tetraurelia	22.772	101	21	0.064	36.2	uncharacterized protein GSPATT00009627001 [Paramecium tetraurelia]	SAR-Alveolata	Paramecium tetraurelia	Paramecium tetraurelia	5888	YES	39642	0	39642	0	0	0	1	TRUE
TENT2_Homo_sapiens	XP_001452711.1	5888	Paramecium tetraurelia	28.571	77	14	0.073	35.4	uncharacterized protein GSPATT00002714001 [Paramecium tetraurelia]	SAR-Alveolata	Paramecium tetraurelia	Paramecium tetraurelia	5888	YES	39642	0	39642	0	0	0	1	TRUE
TENT2_Homo_sapiens	XP_001347437.1	36329	Plasmodium falciparum 3D7	27.378	347	68	3.05e-26	110	nucleotidyltransferase, putative [Plasmodium falciparum 3D7]	SAR-Alveolata	Plasmodium falciparum	Plasmodium falciparum 3D7	36329	YES	5354	0	5354	0	0	0	1	TRUE
TENT2_Homo_sapiens	XP_024329166.1	36329	Plasmodium falciparum 3D7	27.515	338	63	1.58e-22	98.6	nucleotidyltransferase, putative [Plasmodium falciparum 3D7]	SAR-Alveolata	Plasmodium falciparum	Plasmodium falciparum 3D7	36329	YES	5354	0	5354	0	0	0	1	TRUE
TENT2_Homo_sapiens	XP_001350055.1	36329	Plasmodium falciparum 3D7	25.651	269	53	1.07e-10	62.4	nucleotidyltransferase, putative [Plasmodium falciparum 3D7]	SAR-Alveolata	Plasmodium falciparum	Plasmodium falciparum 3D7	36329	YES	5354	0	5354	0	0	0	1	TRUE
TENT2_Homo_sapiens	XP_001350671.1	36329	Plasmodium falciparum 3D7	20.261	153	32	3.96e-06	47.8	conserved Plasmodium protein, unknown function [Plasmodium falciparum 3D7]	SAR-Alveolata	Plasmodium falciparum	Plasmodium falciparum 3D7	36329	YES	5354	0	5354	0	0	0	1	TRUE
TENT2_Homo_sapiens	XP_018636990.1	508771	Toxoplasma gondii ME49	32.512	203	41	4.18e-22	99	polynucleotide adenylyltransferase [Toxoplasma gondii ME49]	SAR-Alveolata	Toxoplasma gondii	Toxoplasma gondii ME49	508771	YES	8287	0	8287	0	0	0	1	TRUE
TENT2_Homo_sapiens	XP_002371366.1	508771	Toxoplasma gondii ME49	35.294	153	29	5.48e-18	86.3	polynucleotide adenylyltransferase [Toxoplasma gondii ME49]	SAR-Alveolata	Toxoplasma gondii	Toxoplasma gondii ME49	508771	YES	8287	0	8287	0	0	0	1	TRUE
TENT2_Homo_sapiens	XP_018635135.1	508771	Toxoplasma gondii ME49	45.333	75	15	2.99e-09	58.9	polynucleotide adenylyltransferase [Toxoplasma gondii ME49]	SAR-Alveolata	Toxoplasma gondii	Toxoplasma gondii ME49	508771	YES	8287	0	8287	0	0	0	1	TRUE
TENT2_Homo_sapiens	XP_002368453.2	508771	Toxoplasma gondii ME49	26.882	93	19	0.002	39.7	hypothetical protein TGME49_290590 [Toxoplasma gondii ME49]	SAR-Alveolata	Toxoplasma gondii	Toxoplasma gondii ME49	508771	YES	8287	0	8287	0	0	0	1	TRUE
TENT2_Homo_sapiens	XP_018636501.1	508771	Toxoplasma gondii ME49	32.258	93	19	0.006	38.1	polynucleotide adenylyltransferase [Toxoplasma gondii ME49]	SAR-Alveolata	Toxoplasma gondii	Toxoplasma gondii ME49	508771	YES	8287	0	8287	0	0	0	1	TRUE
TENT2_Homo_sapiens	XP_018637814.1	508771	Toxoplasma gondii ME49	22.581	155	32	0.019	36.6	DNA-directed DNA polymerase [Toxoplasma gondii ME49]	SAR-Alveolata	Toxoplasma gondii	Toxoplasma gondii ME49	508771	YES	8287	0	8287	0	0	0	1	TRUE
TENT2_Homo_sapiens	XP_002370820.1	508771	Toxoplasma gondii ME49	27.907	129	26	0.058	35	hypothetical protein TGME49_214990 [Toxoplasma gondii ME49]	SAR-Alveolata	Toxoplasma gondii	Toxoplasma gondii ME49	508771	YES	8287	0	8287	0	0	0	1	TRUE
TENT2_Homo_sapiens	XP_001712814.1	227086	Bigelowiella natans	31.522	92	19	0.03	28.5	ribosomal protein L30 [Bigelowiella natans]	SAR-Rhizaria	Bigelowiella natans	Bigelowiella natans	227086	YES	316	0	283	0	33	0	0.8956	TRUE
NA	NA	NA	NA	NA	NA	NA	NA	NA	NA	SAR-Rhizaria	Plasmodiophora brassicae	NA	NA	NO	0	0	0	0	0	0	NA	FALSE
TENT2_Homo_sapiens	XP_005539526.1	280699	Cyanidioschyzon merolae strain 10D	34.783	184	33	4.97e-24	103	hypothetical protein, conserved [Cyanidioschyzon merolae strain 10D]	Archaeplastida-Rhodophyta	Cyanidioschyzon merolae	Cyanidioschyzon merolae strain 10D	280699	YES	5010	207	4803	0	0	0	0.9587	TRUE
TENT2_Homo_sapiens	XP_005711830.1	2769	Chondrus crispus	30.208	288	55	1.48e-34	135	PAP/25A associated domain family protein [Chondrus crispus]	Archaeplastida-Rhodophyta	Chondrus crispus	Chondrus crispus	2769	YES	9836	25	9603	0	208	0	0.9763	TRUE
TENT2_Homo_sapiens	XP_005718582.1	2769	Chondrus crispus	27.273	187	37	7.87e-15	75.5	unnamed protein product [Chondrus crispus]	Archaeplastida-Rhodophyta	Chondrus crispus	Chondrus crispus	2769	YES	9836	25	9603	0	208	0	0.9763	TRUE
TENT2_Homo_sapiens	XP_005711485.1	2769	Chondrus crispus	24.219	256	48	2.23e-10	60.8	Putative poly(A) RNA polymerase, mitochondrial precursor [Chondrus crispus]	Archaeplastida-Rhodophyta	Chondrus crispus	Chondrus crispus	2769	YES	9836	25	9603	0	208	0	0.9763	TRUE
TENT2_Homo_sapiens	XP_001698547.2	3055	Chlamydomonas reinhardtii	25.455	220	43	7.33e-21	96.3	uncharacterized protein CHLRE_10g455700v5 [Chlamydomonas reinhardtii]	Archaeplastida-Chlorophyta	Chlamydomonas reinhardtii	Chlamydomonas reinhardtii	3055	YES	19604	77	19527	0	0	0	0.9961	TRUE
TENT2_Homo_sapiens	XP_042917398.1	3055	Chlamydomonas reinhardtii	23.724	333	62	1.27e-15	79.7	uncharacterized protein CHLRE_13g574200v5 [Chlamydomonas reinhardtii]	Archaeplastida-Chlorophyta	Chlamydomonas reinhardtii	Chlamydomonas reinhardtii	3055	YES	19604	77	19527	0	0	0	0.9961	TRUE
TENT2_Homo_sapiens	XP_042920761.1	3055	Chlamydomonas reinhardtii	23.692	325	63	1.93e-15	79	uncharacterized protein CHLRE_09g403000v5 [Chlamydomonas reinhardtii]	Archaeplastida-Chlorophyta	Chlamydomonas reinhardtii	Chlamydomonas reinhardtii	3055	YES	19604	77	19527	0	0	0	0.9961	TRUE
TENT2_Homo_sapiens	XP_042916680.1	3055	Chlamydomonas reinhardtii	36.792	106	22	1.42e-12	70.1	uncharacterized protein CHLRE_14g612150v5 [Chlamydomonas reinhardtii]	Archaeplastida-Chlorophyta	Chlamydomonas reinhardtii	Chlamydomonas reinhardtii	3055	YES	19604	77	19527	0	0	0	0.9961	TRUE
TENT2_Homo_sapiens	XP_042923955.1	3055	Chlamydomonas reinhardtii	33.645	107	22	2.01e-10	63.5	uncharacterized protein CHLRE_06g280420v5 [Chlamydomonas reinhardtii]	Archaeplastida-Chlorophyta	Chlamydomonas reinhardtii	Chlamydomonas reinhardtii	3055	YES	19604	77	19527	0	0	0	0.9961	TRUE
TENT2_Homo_sapiens	XP_042923941.1	3055	Chlamydomonas reinhardtii	30.709	127	26	1.29e-09	60.8	uncharacterized protein CHLRE_06g279474v5 [Chlamydomonas reinhardtii]	Archaeplastida-Chlorophyta	Chlamydomonas reinhardtii	Chlamydomonas reinhardtii	3055	YES	19604	77	19527	0	0	0	0.9961	TRUE
TENT2_Homo_sapiens	XP_042914714.1	3055	Chlamydomonas reinhardtii	25.263	190	39	5.62e-08	55.5	uncharacterized protein CHLRE_17g720750v5 [Chlamydomonas reinhardtii]	Archaeplastida-Chlorophyta	Chlamydomonas reinhardtii	Chlamydomonas reinhardtii	3055	YES	19604	77	19527	0	0	0	0.9961	TRUE
TENT2_Homo_sapiens	XP_042921555.1	3055	Chlamydomonas reinhardtii	27.841	176	31	3.11e-05	47	uncharacterized protein CHLRE_09g410500v5 [Chlamydomonas reinhardtii]	Archaeplastida-Chlorophyta	Chlamydomonas reinhardtii	Chlamydomonas reinhardtii	3055	YES	19604	77	19527	0	0	0	0.9961	TRUE
TENT2_Homo_sapiens	XP_042928364.1	3055	Chlamydomonas reinhardtii	28.421	95	19	0.000218	44.3	uncharacterized protein CHLRE_01g019700v5 [Chlamydomonas reinhardtii]	Archaeplastida-Chlorophyta	Chlamydomonas reinhardtii	Chlamydomonas reinhardtii	3055	YES	19604	77	19527	0	0	0	0.9961	TRUE
TENT2_Homo_sapiens	XP_003081277.2	70448	Ostreococcus tauri	27.064	218	41	9.9e-17	81.3	unnamed product [Ostreococcus tauri]	Archaeplastida-Chlorophyta	Ostreococcus tauri	Ostreococcus tauri	70448	YES	7764	0	7660	0	104	0	0.9866	TRUE
TENT2_Homo_sapiens	XP_003079952.2	70448	Ostreococcus tauri	23.906	297	58	1.11e-11	65.1	Nucleotidyl transferase domain [Ostreococcus tauri]	Archaeplastida-Chlorophyta	Ostreococcus tauri	Ostreococcus tauri	70448	YES	7764	0	7660	0	104	0	0.9866	TRUE
TENT2_Homo_sapiens	XP_003080206.1	70448	Ostreococcus tauri	33.721	86	18	3.39e-07	50.8	PAP/25A-associated [Ostreococcus tauri]	Archaeplastida-Chlorophyta	Ostreococcus tauri	Ostreococcus tauri	70448	YES	7764	0	7660	0	104	0	0.9866	TRUE
TENT2_Homo_sapiens	XP_002506204.1	296587	Micromonas commoda	44.944	89	18	1.61e-17	76.3	predicted protein, partial [Micromonas commoda]	Archaeplastida-Chlorophyta	Micromonas commoda	Micromonas commoda	296587	YES	10137	0	10041	0	96	0	0.9905	TRUE
TENT2_Homo_sapiens	XP_002508084.1	296587	Micromonas commoda	27.5	280	55	6.23e-14	73.2	predicted protein [Micromonas commoda]	Archaeplastida-Chlorophyta	Micromonas commoda	Micromonas commoda	296587	YES	10137	0	10041	0	96	0	0.9905	TRUE
TENT2_Homo_sapiens	XP_002500013.1	296587	Micromonas commoda	25.128	195	39	5.55e-08	52.8	predicted protein, partial [Micromonas commoda]	Archaeplastida-Chlorophyta	Micromonas commoda	Micromonas commoda	296587	YES	10137	0	10041	0	96	0	0.9905	TRUE
NA	NA	NA	NA	NA	NA	NA	NA	NA	NA	Archaeplastida-Bryophyta	Marchantia polymorpha	Marchantia polymorpha subsp. ruderalis	1480154	YES	155	0	0	0	155	0	0	FALSE
TENT2_Homo_sapiens	XP_024359639.1	3218	Physcomitrium patens	32.292	288	58	1.52e-35	141	uncharacterized protein [Physcomitrium patens]	Archaeplastida-Bryophyta	Physcomitrium patens	Physcomitrium patens	3218	YES	47014	56	46832	0	126	0	0.9961	TRUE
TENT2_Homo_sapiens	XP_024362777.1	3218	Physcomitrium patens	27.671	365	69	3.68e-22	100	uncharacterized protein [Physcomitrium patens]	Archaeplastida-Bryophyta	Physcomitrium patens	Physcomitrium patens	3218	YES	47014	56	46832	0	126	0	0.9961	TRUE
TENT2_Homo_sapiens	XP_073392285.1	3218	Physcomitrium patens	29.07	258	47	1.77e-15	79.7	uncharacterized protein [Physcomitrium patens]	Archaeplastida-Bryophyta	Physcomitrium patens	Physcomitrium patens	3218	YES	47014	56	46832	0	126	0	0.9961	TRUE
TENT2_Homo_sapiens	XP_024364303.1	3218	Physcomitrium patens	25.087	287	58	2.51e-12	69.7	uncharacterized protein [Physcomitrium patens]	Archaeplastida-Bryophyta	Physcomitrium patens	Physcomitrium patens	3218	YES	47014	56	46832	0	126	0	0.9961	TRUE
TENT2_Homo_sapiens	XP_006829140.1	13333	Amborella trichopoda	29.524	315	63	7.28e-38	147	UTP:RNA uridylyltransferase 1 [Amborella trichopoda]	Archaeplastida-Angiosperm	Amborella trichopoda	Amborella trichopoda	13333	YES	31382	100	31282	0	0	0	0.9968	TRUE
TENT2_Homo_sapiens	XP_006846360.2	13333	Amborella trichopoda	26.644	289	53	3.27e-17	84	protein HESO1 isoform X2 [Amborella trichopoda]	Archaeplastida-Angiosperm	Amborella trichopoda	Amborella trichopoda	13333	YES	31382	100	31282	0	0	0	0.9968	TRUE
TENT2_Homo_sapiens	XP_020528507.1	13333	Amborella trichopoda	30.38	158	32	9.22e-16	79.7	uncharacterized protein LOC18443303 isoform X3 [Amborella trichopoda]	Archaeplastida-Angiosperm	Amborella trichopoda	Amborella trichopoda	13333	YES	31382	100	31282	0	0	0	0.9968	TRUE
TENT2_Homo_sapiens	XP_006844884.1	13333	Amborella trichopoda	22.751	189	39	5.29e-09	58.2	non-canonical poly(A) RNA polymerase PAPD5 isoform X2 [Amborella trichopoda]	Archaeplastida-Angiosperm	Amborella trichopoda	Amborella trichopoda	13333	YES	31382	100	31282	0	0	0	0.9968	TRUE
TENT2_Homo_sapiens	XP_020519568.1	13333	Amborella trichopoda	21.769	294	50	0.001	41.2	uncharacterized protein LOC18428793 isoform X3 [Amborella trichopoda]	Archaeplastida-Angiosperm	Amborella trichopoda	Amborella trichopoda	13333	YES	31382	100	31282	0	0	0	0.9968	TRUE
TENT2_Homo_sapiens	XP_015614651.2	39947	Oryza sativa Japonica Group	29.653	317	64	7.91e-38	147	uncharacterized protein [Oryza sativa Japonica Group]	Archaeplastida-Angiosperm	Oryza sativa	Oryza sativa Japonica Group	39947	YES	42964	4870	38041	0	53	0	0.8854	TRUE
TENT2_Homo_sapiens	XP_015623679.1	39947	Oryza sativa Japonica Group	27.414	321	64	6.62e-33	132	UTP:RNA uridylyltransferase 1 isoform X3 [Oryza sativa Japonica Group]	Archaeplastida-Angiosperm	Oryza sativa	Oryza sativa Japonica Group	39947	YES	42964	4870	38041	0	53	0	0.8854	TRUE
TENT2_Homo_sapiens	XP_025878118.1	39947	Oryza sativa Japonica Group	26.801	347	65	8.79e-17	82.8	protein HESO1 [Oryza sativa Japonica Group]	Archaeplastida-Angiosperm	Oryza sativa	Oryza sativa Japonica Group	39947	YES	42964	4870	38041	0	53	0	0.8854	TRUE
TENT2_Homo_sapiens	XP_066161508.1	39947	Oryza sativa Japonica Group	26.459	257	51	7.11e-16	80.1	protein HESO1 [Oryza sativa Japonica Group]	Archaeplastida-Angiosperm	Oryza sativa	Oryza sativa Japonica Group	39947	YES	42964	4870	38041	0	53	0	0.8854	TRUE
TENT2_Homo_sapiens	XP_015650948.1	39947	Oryza sativa Japonica Group	22.348	264	53	9.05e-13	70.9	protein HESO1 isoform X1 [Oryza sativa Japonica Group]	Archaeplastida-Angiosperm	Oryza sativa	Oryza sativa Japonica Group	39947	YES	42964	4870	38041	0	53	0	0.8854	TRUE
TENT2_Homo_sapiens	XP_025875929.2	39947	Oryza sativa Japonica Group	26.531	196	39	6.09e-11	64.7	protein HESO1 isoform X1 [Oryza sativa Japonica Group]	Archaeplastida-Angiosperm	Oryza sativa	Oryza sativa Japonica Group	39947	YES	42964	4870	38041	0	53	0	0.8854	TRUE
TENT2_Homo_sapiens	XP_015622135.1	39947	Oryza sativa Japonica Group	21.99	191	39	1.23e-07	54.3	uncharacterized protein [Oryza sativa Japonica Group]	Archaeplastida-Angiosperm	Oryza sativa	Oryza sativa Japonica Group	39947	YES	42964	4870	38041	0	53	0	0.8854	TRUE
TENT2_Homo_sapiens	XP_015643879.1	39947	Oryza sativa Japonica Group	28.037	107	22	0.036	37	uncharacterized protein [Oryza sativa Japonica Group]	Archaeplastida-Angiosperm	Oryza sativa	Oryza sativa Japonica Group	39947	YES	42964	4870	38041	0	53	0	0.8854	TRUE
TENT2_Homo_sapiens	XP_005837147.1	905079	Guillardia theta CCMP2712	33.219	292	55	7.85e-30	122	hypothetical protein GUITHDRAFT_103980 [Guillardia theta CCMP2712]	Cryptista	Guillardia theta	Guillardia theta CCMP2712	905079	YES	24822	0	24822	0	0	0	1	TRUE
TENT2_Homo_sapiens	XP_005824635.1	905079	Guillardia theta CCMP2712	36.585	205	37	6.11e-27	108	hypothetical protein GUITHDRAFT_77870 [Guillardia theta CCMP2712]	Cryptista	Guillardia theta	Guillardia theta CCMP2712	905079	YES	24822	0	24822	0	0	0	1	TRUE
TENT2_Homo_sapiens	XP_005837928.1	905079	Guillardia theta CCMP2712	32.877	219	40	3.39e-25	103	hypothetical protein GUITHDRAFT_66394 [Guillardia theta CCMP2712]	Cryptista	Guillardia theta	Guillardia theta CCMP2712	905079	YES	24822	0	24822	0	0	0	1	TRUE
TENT2_Homo_sapiens	XP_005831329.1	905079	Guillardia theta CCMP2712	33.023	215	40	1.59e-23	100	hypothetical protein GUITHDRAFT_139887 [Guillardia theta CCMP2712]	Cryptista	Guillardia theta	Guillardia theta CCMP2712	905079	YES	24822	0	24822	0	0	0	1	TRUE
TENT2_Homo_sapiens	XP_005841882.1	905079	Guillardia theta CCMP2712	23.72	371	66	3.26e-21	95.9	hypothetical protein GUITHDRAFT_99551 [Guillardia theta CCMP2712]	Cryptista	Guillardia theta	Guillardia theta CCMP2712	905079	YES	24822	0	24822	0	0	0	1	TRUE
TENT2_Homo_sapiens	XP_005836114.1	905079	Guillardia theta CCMP2712	29.032	217	44	8.87e-20	90.1	hypothetical protein GUITHDRAFT_105213 [Guillardia theta CCMP2712]	Cryptista	Guillardia theta	Guillardia theta CCMP2712	905079	YES	24822	0	24822	0	0	0	1	TRUE
TENT2_Homo_sapiens	XP_005817825.1	905079	Guillardia theta CCMP2712	35.955	89	18	2.08e-15	71.2	hypothetical protein GUITHDRAFT_51872, partial [Guillardia theta CCMP2712]	Cryptista	Guillardia theta	Guillardia theta CCMP2712	905079	YES	24822	0	24822	0	0	0	1	TRUE
TENT2_Homo_sapiens	XP_005839390.1	905079	Guillardia theta CCMP2712	30.337	89	18	3.41e-11	58.9	hypothetical protein GUITHDRAFT_47099, partial [Guillardia theta CCMP2712]	Cryptista	Guillardia theta	Guillardia theta CCMP2712	905079	YES	24822	0	24822	0	0	0	1	TRUE
TENT2_Homo_sapiens	XP_005835456.1	905079	Guillardia theta CCMP2712	24.561	228	41	3.36e-06	48.9	hypothetical protein GUITHDRAFT_105623 [Guillardia theta CCMP2712]	Cryptista	Guillardia theta	Guillardia theta CCMP2712	905079	YES	24822	0	24822	0	0	0	1	TRUE
TENT2_Homo_sapiens	XP_005817824.1	905079	Guillardia theta CCMP2712	28.736	87	17	0.00023	40	hypothetical protein GUITHDRAFT_59080, partial [Guillardia theta CCMP2712]	Cryptista	Guillardia theta	Guillardia theta CCMP2712	905079	YES	24822	0	24822	0	0	0	1	TRUE
TENT2_Homo_sapiens	XP_005842382.1	905079	Guillardia theta CCMP2712	23.158	190	38	0.012	37.7	hypothetical protein GUITHDRAFT_83772 [Guillardia theta CCMP2712]	Cryptista	Guillardia theta	Guillardia theta CCMP2712	905079	YES	24822	0	24822	0	0	0	1	TRUE
TENT2_Homo_sapiens	XP_005779585.1	280463	Emiliania huxleyi CCMP1516	31.933	238	44	3.15e-31	120	hypothetical protein EMIHUDRAFT_64375 [Emiliania huxleyi CCMP1516]	Haptophyta-Haptista	Emiliania huxleyi	Emiliania huxleyi CCMP1516	280463	YES	38554	0	38554	0	0	0	1	TRUE
TENT2_Homo_sapiens	XP_005768257.1	280463	Emiliania huxleyi CCMP1516	32.026	153	32	6.57e-18	86.7	hypothetical protein EMIHUDRAFT_245544 [Emiliania huxleyi CCMP1516]	Haptophyta-Haptista	Emiliania huxleyi	Emiliania huxleyi CCMP1516	280463	YES	38554	0	38554	0	0	0	1	TRUE
TENT2_Homo_sapiens	XP_005772830.1	280463	Emiliania huxleyi CCMP1516	24.818	274	51	7.06e-12	67	hypothetical protein EMIHUDRAFT_450915, partial [Emiliania huxleyi CCMP1516]	Haptophyta-Haptista	Emiliania huxleyi	Emiliania huxleyi CCMP1516	280463	YES	38554	0	38554	0	0	0	1	TRUE
TENT2_Homo_sapiens	XP_005761589.1	280463	Emiliania huxleyi CCMP1516	25.207	242	47	1.28e-07	53.9	hypothetical protein EMIHUDRAFT_120757 [Emiliania huxleyi CCMP1516]	Haptophyta-Haptista	Emiliania huxleyi	Emiliania huxleyi CCMP1516	280463	YES	38554	0	38554	0	0	0	1	TRUE
TENT2_Homo_sapiens	XP_005765084.1	280463	Emiliania huxleyi CCMP1516	24.793	242	47	1.6e-07	53.5	hypothetical protein EMIHUDRAFT_104162 [Emiliania huxleyi CCMP1516]	Haptophyta-Haptista	Emiliania huxleyi	Emiliania huxleyi CCMP1516	280463	YES	38554	0	38554	0	0	0	1	TRUE
TENT2_Homo_sapiens	XP_005767553.1	280463	Emiliania huxleyi CCMP1516	33.333	96	20	1.88e-07	53.5	hypothetical protein EMIHUDRAFT_246069 [Emiliania huxleyi CCMP1516]	Haptophyta-Haptista	Emiliania huxleyi	Emiliania huxleyi CCMP1516	280463	YES	38554	0	38554	0	0	0	1	TRUE
TENT2_Homo_sapiens	XP_005756740.1	280463	Emiliania huxleyi CCMP1516	30.973	113	23	2.13e-07	53.5	hypothetical protein EMIHUDRAFT_121646 [Emiliania huxleyi CCMP1516]	Haptophyta-Haptista	Emiliania huxleyi	Emiliania huxleyi CCMP1516	280463	YES	38554	0	38554	0	0	0	1	TRUE
TENT2_Homo_sapiens	XP_005758931.1	280463	Emiliania huxleyi CCMP1516	28.182	110	23	1.15e-05	44.7	hypothetical protein EMIHUDRAFT_249832 [Emiliania huxleyi CCMP1516]	Haptophyta-Haptista	Emiliania huxleyi	Emiliania huxleyi CCMP1516	280463	YES	38554	0	38554	0	0	0	1	TRUE
TENT2_Homo_sapiens	XP_005792070.1	280463	Emiliania huxleyi CCMP1516	30.588	85	18	3.21e-05	43.5	hypothetical protein EMIHUDRAFT_200200 [Emiliania huxleyi CCMP1516]	Haptophyta-Haptista	Emiliania huxleyi	Emiliania huxleyi CCMP1516	280463	YES	38554	0	38554	0	0	0	1	TRUE
TENT2_Homo_sapiens	XP_005778220.1	280463	Emiliania huxleyi CCMP1516	25.837	209	42	0.018	37	hypothetical protein EMIHUDRAFT_205935 [Emiliania huxleyi CCMP1516]	Haptophyta-Haptista	Emiliania huxleyi	Emiliania huxleyi CCMP1516	280463	YES	38554	0	38554	0	0	0	1	TRUE
TENT2_Homo_sapiens	XP_005789623.1	280463	Emiliania huxleyi CCMP1516	23.649	148	31	0.03	36.6	hypothetical protein EMIHUDRAFT_225918 [Emiliania huxleyi CCMP1516]	Haptophyta-Haptista	Emiliania huxleyi	Emiliania huxleyi CCMP1516	280463	YES	38554	0	38554	0	0	0	1	TRUE
NA	NA	NA	NA	NA	NA	NA	NA	NA	NA	Asgard_Archaea	Candidatus Lokiarchaeum ossiferum	Candidatus Lokiarchaeum ossiferum	2951803	YES	9293	0	0	9293	0	0	0	FALSE
NA	NA	NA	NA	NA	NA	NA	NA	NA	NA	Asgard_Archaea	Promethearchaeum syntrophicum	Promethearchaeum syntrophicum	2594042	YES	3859	0	0	3859	0	0	0	FALSE
